puzzle_n,SORT=y2_mod_p,n,d,log2d,Px,Py,Pmy,neg_y,x3_plus_7_mod_p,y2_full,x3plus7_full,p_carry,rmd160,address_payload,address_payload_div_2_32,checksum4,address_base58_lex,rmd160_sq_mod_p,rmd160_cubed_plus_7_mod_p,address_payload_sq_mod_p,address_payload_cubed_plus_7_mod_p,r,s,z,Ry,sha256_pubkey,sha256_vh,sha256_chk
16,1271602034777058394657085276496461443109823647464934225465040684311727435239,16,51510,15.652564919610652,71261119111627271268814301300816751730184609798722377831958734823956300761978,59596021694081902311438976720015207351957060174440251698640379092733344351048,56196067543234293112132008288672700501312924491200312340817204915175490320615,56196067543234293112132008288672700501312924491200312340817204915175490320615,1271602034777058394657085276496461443109823647464934225465040684311727435239,3551685801761480733494618709914993569851164094460063586027054427896911865570884604285931317565638609353010920838417025930649161402840688914046012258698304,361874445148640687717469941990299701551474554164846089170564719890528940661133201265607083082874075718808705154160549449133853832033440411343262860082743900746976093100741742994046382346246366493349197804365571296617917754202413359,3125208704084940104668145942168557299348192514728340638596155405365972395333230004472450709457713793686816690364439749994047863141186989437156161505329985,640247855682826274945079107018173139769079882717,2749843601491866599738618960775937712973835088281648302853,640247855682826274945079107018173139769079882717,617679621,1BDyrQ6WoF8VN3g9SAS1iKZcPzFfnDVieY,90033141070398371281388120257950291050505787397295082069119227837305249211744,84781891677612123696046105999693092565306593818487467133047966516296163717848,101790437256396977260965062888719048602232253913287848207917648519604360668258,108363934196555107946788817914540586082393939950678384407817253879570521100391,77328696697827657741506212766470184884329035443497635709688932020669061808688,32322526735325002156370446510125958977310249396671539294644588247615411593489,60228512618196036048030296526714000837757745323573161887033875778366047833544,87354834276836867063665555300152074369434429354186472823144077651480965380891,104054842082247390067033345430751496246692279502477242952791042448772222449299,4529082722148195253563608884624975007407374229639373309769632773212962938621,16652609663205771127096610194319263015356164406640762245296904895558536289257
33,1438416677028868026774013204191445639109550806706890850161076011768854899538,33,7137437912,32.73275914462786,73878352155540948447620718403427774498001293452248256430485902449521386501497,1848435387922639343210666794185885301104293211960891296513791058289918232927,113943653849393556080360318214502022552165691453679672742943792949618916438736,113943653849393556080360318214502022552165691453679672742943792949618916438736,1438416677028868026774013204191445639109550806706890850161076011768854899538,3416713383324718192709332754118283087172194867565808949104000792720494475921539209295196889664477478282288822943608917915183962126160115315514226987329,403228852611027465492918957395765398090259697278297552095070177741522063711091213154898932156102160315202672443119964436195255843918864674950971354632032342850022643592656711361850690941917345226095593141604425959902103270290290480,3482352337426167841661111253209011215948585183138067744813496642908555131033249039971054764424137209027749340069435901348050283674809968880033309494067777,445789552854827258519679623158235196608435468663,1914651550409946511071361353862224402509360455634673858958,445789552854827258519679623158235196608435468663,656013710,187swFMjz1G54ycVU56B7jZFHFTNVQFDiu,58769855391488727646970101709430241195609788160242210440832375643456414319977,112264479676260510877937108990103794335700436940621260329949898494171839353466,108043721355860382861818135435396252158205221664720421548583929675996738751946,98897304748898408831281937252139018090259588622965625568569204700527916696429,83317792308128879621005366117908081533762916115753362165175250191836850817572,11792888275466351688511086481600527956584781909565558307143426424570846023738,79452763189152799627141287923607318821919520016616155119891422884225899397454,27563362949985515139152178432492842850960684166566172176340398680851990226736,53571386546832682634080104685829085706829623280628045840305730891166888642084,67356266531502106216479058617386932400718524628756414226968121876343942141615,17686094659843842751530129310556081790506268005430244697772026196830205493343
9,2568621595033825728409218013079588026113191208417633224157170797387184903017,9,467,8.867278739709661,30474780960141219921807662305060768687772753653098971817340717083315339616503,61319752531495161980867220483083814171916864550579329528527835522023988931626,54472336705821033442703764525604093681353120115061234510929748485884845740037,54472336705821033442703764525604093681353120115061234510929748485884845740037,2568621595033825728409218013079588026113191208417633224157170797387184903017,3760112050523807326220320618972323863130818395522858992861279901262213100003363235177732229881394687998924181338042699079782566609550639506384556903003876,28302303142472183852451981136707068673463179524934051858798000970010919539326890599165763074759781702077933484261688450517927796818831546321833562619454103328691631396204451946725541338994198992361652484938472362759401609944895534,244423460435768959566586313657794356224382568290874005284823301866159183155525980570390198248180770803311997296254943661158352852146849319295018850801366,713967799919625256716374725165889542310020885172,3066468351051861906172433792268483758969947994893012507164,713967799919625256716374725165889542310020885172,2301172252,1CQFwcjw1dwhtkVWBttNLDtqL7ivBonGPV,18035266810084611444063057423238406450615354870382187115557416179931384624774,113347023586030418990446016594199066992208726583468611229842204987863537889469,33973222791328497708625433938969546979955428068211841908085319468389989847555,18141461053787913401595370360862737471252445104308491184819298204907459221938,5559953256992725815341410818909107381383680633465975979594294109073735401585,31036779035396389852727556353925779275816209952349824253120236473478926273798,3509405797705064402227656270461710032898180936270195030079035765862177290928,27321320412892830808638563739923850113090221151629719270236687785906067248513,85682580606424679211633461721716400214132237819770708278842285092559901300910,26121744859767283975327072643229190202685317921924502536049319402452505580852,62039481188978082786650403826927621849299223274681512209434087412517516452312
27,4465398825630579147054643457259554384309080880128448850348566809658493516250,27,111949941,26.738278526958638,11997413897869137388527643229179287173219648582998689290732186100840539639502,1470943697971973524954639516409046856461552667680474329056749594236581993569,114321145539344221898616345492278860996808431997960089710400834413672252678094,114321145539344221898616345492278860996808431997960089710400834413672252678094,4465398825630579147054643457259554384309080880128448850348566809658493516250,2163675362603464470310530948350778341318420042118072524741518174455936402401004426366534688450951766166581359441438912146711880623473761653082357357761,1726883044627444021815479804501688523158307886117494037257322211476902800608017611349272863556347291729537079530192104708766019412582222122433533929414016087054373803307672187254204777231810500006552888167965878865389156112174015,14913653048337288573461462396354123219851881492828779941053382497568702105374760569835155679873254486547127990694146863406659893777788411500247680674658,71243861791265191137214191320679822682818958688,305990056434227974397524000269406886909786408657003486521,71243861791265191137214191320679822682818958688,3268418873,128z5d7nN7PkCuX5qoA4Ys6pmxUYnEy86k,75650464013430947133974734251828947903498074818052940229331111994829015786180,24126570247617324328622261444486158975543232335351410749024555868845964743819,35595477528100285469237858900883226798823694836652029887894779949979683461682,8271094085765691988358148739240359601902585328010555831082498467351651108580,87448165153517620566221688428222216006033706501655154615448618991715641015096,29560268960222360830969520444858187218711867321415533471948460706701776094032,8874964626682263028864267149777324353240450254380786016587219364584867791430,100403750155731458625048914635084210604516664875202574607537886164284704563271,62661263891505452387992666934456622190605818887286238829834985816159497640053,28576168421570610780191674256247910289271994108142840026454309351085901707753,88116398517566405797542533635125049550890630189186198424001799186085573264169
56,4653074775535436335422391252689659562064343767772860763176793597702144394247,56,44218742292676575,55.29550750956807,28576446286465130798687394270835338936156158272521290958787272130765482596762,101338706018188911277721114497155019368847601339832684197459624859833147765647,14453383219127284145849870511532888484422383325807879841997959148075686906016,14453383219127284145849870511532888484422383325807879841997959148075686906016,4653074775535436335422391252689659562064343767772860763176793597702144394247,10269533337440917465196965237507871034436047500513399199600787400890929124616507789038536412618072466705243926351560570216882873491235470036948588433328609,23335905600266732761773362033185954103293598971809759307235129493221860472467196953633523460750883807746657579780225467933543535792358697020459433120803766990748606031194160437164648136935904998778301071147007158259186973633922735,201532814149675907952283877302089631539975391149374694035222519095114851329294962748827197802127086287167150925997686735907483370481155000816317070931602,411789911050205055549480569502908195550632201421,1768624200783379727678882355802445676780338017229369035653,411789911050205055549480569502908195550632201421,1689308037,17aPYR1m6pVAacXg1PTDDU7XafvK1dxvhi,72481036223339921282763585641053349606429313179504254391353680638349431775950,46704487273111081943879677671829391808544226376934763303770685199949829353693,94272665411098409291535975484344109618035078844767117699136621347994149456789,50097141912648518627041418154893201798250167329499221890907390079880682156837,42123113505281327494176028548992726324334985130965735220192877486593458227507,47608216067294371352914554574916025662829567623311450383888709368455004040248,44702088458034431483562750875608847001483326873789008917060082756234059530109,46776690127387711510454110261397929508257035433099015557995532909793559848234,8445122304381543876220721248233415463561902705101615045676347894891934309406,20371369277266900530799677770763130647116909543501693047438246531435345019683,45543654591954939064030436708371476218274829912059973737438820161152602475859
23,4851446481394088661653065050832460411529653764036649776966087770294398087843,23,5598802,22.41668672978782,112242605370855911626219397372182973708357660307191681275644769547017645510731,68390115887979834732633364824402183781075100352900279452463611034517340924735,47401973349336360690937620184285724072194884312740284586993972973391493746928,47401973349336360690937620184285724072194884312740284586993972973391493746928,4851446481394088661653065050832460411529653764036649776966087770294398087843,4677207951171311818599767038150504206097549733781488360965251156807679295041640112732436365125443844413926769633580992749201437168801460684385664934820225,1414077515670128057782443039447297587935482528102204478772229045626057157346762044911410988098647892571174405573847839611211558668282322164601483125829156323879741871727779259815259196864679955653450311556903534825240629316797947898,12212211775296431706678685958795932363070062047226553067082907273629081183044340502995409217312012023184938689463682353688757195478212374580922429075789271,1191208063599878572513231033350390464373258344350,5116199675892966498515491815532212353313397725946197110953,1191208063599878572513231033350390464373258344350,3840733353,1L2GM8eE7mJWLdo3HZS6su1832NX2txaac,17884327692678816512399093570930339565388524064163318694911050024549424936989,7760240849012336397955056383230061772848408152309750807656114391432871796761,34531507001692014380111576844095525608240988439344436185094029258036386254124,75005820867596983122845013953938287313286905944828399354793613325880713361596,96400037579702318810172272230268295122040207875080160735605252651452673767,32634859632536744790102832400520698632099658778886269286074803246399953916419,70089053313560906711575993528795630031409965782321861408304685707218335221422,104461629888634162447613297906246808452792566055674740282476506817277871774166,37121654851329916420656353682116696589162582381814828333193895490882063051347,94572838009850022940592178471621210923308916681800731866616646372039856699130,103545966385728468753551309216754575500340720775863034312785513697783036632726
54,5102856924807840152832933637517227984938558168758752600471386459542121297349,54,9974455244496707,53.14715947391618,33903532250825920011423262729318037347523984276123141340942803818961706296726,168743002427289881765681417490337978467882455308235152692948563217619698893,115623346234888905541805303591197569874802102210332328886764635444691214972770,115623346234888905541805303591197569874802102210332328886764635444691214972770,5102856924807840152832933637517227984938558168758752600471386459542121297349,28474200868176358929308928985199878075547392212342228840799070873896382144078408668879836002838956267935440560142189828319657776152414864279985425449,38970398162849180528117657094264527607422676004454419199002878885663273816488793186481310562324642552813841399854511391218946788677024599162539488333914453893615892448300476259060707117027959470342085518949975233800237543042145183,336554927193508406740095269248585408353276154859278508310183126445531478638987643803547880906186241510628740684935774614167906168855003669084831206464618,1161210102483809148056434056724088437972988960914,4987359413952768660408006236010568736505712118497157723352,1161210102483809148056434056724088437972988960914,2505454808,1KYUv7nSvXx4642TKeuC2SNdTk326uUpFy,91556908241316611758998712912714671992090131857619124241248361384462995561100,58440906381054312329945840043651019713141634797609147282405351599131956665012,86554374071373129711981925474287812926047926476021759584151955460199557537323,1719230447291439985280777336690787000850842732399589199641550129973069341143,12171189726291686375975486690681257517515303482946697492183029795826005271429,50495885557781061987608397256584933629056809423127502580116919247401085359929,41050710617363191772280133159887103185556931841188986518768758908379047298843,2451938344427527464512926636380498936306195231560120393721840614625164253154,23823346002962226320446985430416581655727251000078957598134279002421434866984,75510824469103813821389796951397767006366855468431495239555958464119572246780,67546928010318233673602362433683727799566270741737827192593238950381837676328
140,6259097416800668626316462978500484916753590877278978460415054454530496301553,140,,,14209337303565764460094546138159026146027198320188098929659045244992519759424,112811665967762242085501977147851451381351584829682616476865345769307248405225,2980423269553953338069007860836456471918399835957947562592238238601586266438,2980423269553953338069007860836456471918399835957947562592238238601586266438,6259097416800668626316462978500484916753590877278978460415054454530496301553,12726471978421965644160858012039881013379204709783800035386835959841524930418929241634367664078687154273171329625353977698770572550281304068563305807300625,2868940036578210925258291033707924265987328756245657338326922396879063433373788186427107903609284309854470418599063338113079684589804651557056591372763378989217831507180117874097068317980875097119376995614193529354579974690177031,24776649730348250957883644019748381199497637894089700706098492796022687240167097842783120643276649185057531316186944754201385319719121073744056239709162,1459967559939888260982347273241848146976503119130,6270512923162739806813494371888513689862282177107268851654,1459967559939888260982347273241848146976503119130,1926879174,1QKBaU6WAeycb3DbKbLBkX7vJiaS8r42Xo,97000297471182675475810779511433774589705981032032909108445144648694266372097,4271600114112783130752631064970998014254876156553017589216579515208968972686,73980995065977639015586402772638399706294449231363411570710264087416836113997,83467995330863228735349744038294564434481045280269234272255760183039721669582,103156088317849197759996882435181365194174551366286995120913712587868633841000,15017469962149945200885750723848273514585811077818809131821534176221677769123,114127494999609483589900034258620576750389929574496287636294793597914174465998,,37077939699050317798192522210280668316536099421679831602581691498206585526890,72896654916618305010578321274610027642792967263965444244162153121593156239671,51948559788046272429413324879780557025991410136904262532639165422542065060860
40,6303854738565845060822456677171761170118701265060332668389682537205909861394,40,1003651412950,39.86839541975735,73698089885969865917178217585365130397293864653143545863290470632977971667156,55920112788027504860697624221258924004816541552996850637631037640326076931751,59871976449288690562873360787428983848453443112643713401826546367582757739912,59871976449288690562873360787428983848453443112643713401826546367582757739912,6303854738565845060822456677171761170118701265060332668389682537205909861394,3127059014225717282768859506150241391115286668794438490887817127605390455802462392343539668150254187841653958906712981092866282985821510380700146311926001,400284428364855236846220257087936770376045982086661596879954122757049990278175384963921355547905057626924460073195246172528667773947075229476881723793181985436838076472841206752663357960508382131893855334488140833035680878520132423,3456923793338517576463313505438837781901569322638149872471331702386159178127223268831783795073441265073967553773309020678553863641628826100154063226662794,854237606288993386296614577933893851507448784938,3668922582024550518904254167742917342159972831706793520845,854237606288993386296614577933893851507448784938,3146133197,1EeAxcprB2PpCnr34VfZdFrkUWuxyiNEFv,88670817121214053147580529231067143093520798241034943695653512582662697510885,81577657065324435692425725888689088106346812392201723293920702663592694462322,30694921443918112495562487742307027208738796422761697808464320258268350173221,25354589318384426242755323201556873705265652482131603310469212503197644916130,97653031127733207558752226139736245550084832706802830187036594769038137167199,24337517223686299831138066645649586865279007018880487193792301900857366512850,75974737837598005136774250057191984032693441380068644350782116546254929006117,7137105482588534759071661337750161783356101840159295830880069079429442193695,65901123792484100323370731398096253545550436587650177133799604824694812894467,103453936150398760482199244862443999696531033325512927477434038961273935598319,84819583200212469977809797921504461604488503115390316471409509303786558005540
31,6834238154976450849129580588611804041168048088511414771764122407555173426620,31,2102388551,30.969382178280593,61451719815341661281682897810187322803922811401468501217986913974289877761320,30947091983295757773862695542244568955870624650687256254668336429089021717649,84844997254020437649708289466443338897399360014953307784789247578819812954014,84844997254020437649708289466443338897399360014953307784789247578819812954014,6834238154976450849129580588611804041168048088511414771764122407555173426620,957722502222568558353919776977133692873475783695046640263780672119919534016918410902144807182203601027327949974912707874539659808453882737055178278087201,232060981767302585984425000682067455242605012895007987898265570509356592708961805154796403710700847666343639403205301807929786579116207462405314840876764251075299038957980166440025027410288017462096573696334110411973390725371968007,2004117753603123832738676833230240699476902585802770380404728228788736389935604007974028547390281612420631662075460740211911347999114602784580142198707962,1233275022303565415848271542199699492273185697565,5296875887767484045264966371875193220341137268778088566941,1233275022303565415848271542199699492273185697565,1466732701,1LhE6sCTuGae42Axu1L1ZB7L96yi9irEBE,113719810226030718760886976698061817874162775512907439534061300680897576436947,24127477309685077017622379558555898886650301578117924700873666028804767595809,37226143387344817815567552977827548357753594291138911070428431366505489850983,88020065331711305753457274168468911850483804105385240836008980205557421288357,40360189735098567858998013256279597550176100826734437376568222350568678502856,31883243464606713062609853403229355484189527632635017714230549297770992790912,78439780762199561826939124280152761501606335863790945949894905948454903053141,13487132434966198524116735592505128050332086809506200414661145774159938539180,18709599715547705449766541778028745550921987968240364761085076317366232780628,53024704027703849351743955867976923744553820787185085163562566358403396509376,39543035406436362584219823856514654508171381532903882808704319119904454462481
8,11266534501875276596310535973797634902233161900624011692289979135733900695590,8,224,7.807354922057604,3951620832557057103848397037937330228967155552456836977045923180329637950740,95473263819178136898129622939316779429655166328021079992747693728567241822551,20318825418138058525441362069371128423614818337619484046709890279341592849112,20318825418138058525441362069371128423614818337619484046709890279341592849112,11266534501875276596310535973797634902233161900624011692289979135733900695590,9115144104286389086903087369843245463862455962823259207242975433478656497483324499300550213969612368527405550078887873695357665289467106605506980172147601,61705773255285946138695169931418858248633031722808632801328806486341905978868319678454715310234941596876494862475233322224059673559638650617865439584180362639435382488821475649240852461401154809670611383366943668453774665224007,532901458655088254215693546185659114536359716194644217920152136694156177211216588751894991634496705386270657838804399313498087296675690842370255109162,1261138775692712149696202787394399959843747338005,5416549797317678428487047307242988881072608086820101138992,1261138775692712149696202787394399959843747338005,1568254512,1M92tSqNmQLYw33fuBvjmeadirh1ysMBxK,28929628015791910892628844316481623756865795461297507469754005049151171272278,100972652804431746429067242103674514145541119792957793718968925401411700878974,76074605141126227103144463959870196365791294983798905309354266324538871758732,22947237893887296037959047730040463281526512393770898595142468212440110691142,38895803766067221216613484013357219244055087268683834403424601042021539839703,6966696036697703611872434978165500549292929354066344742107571568131922606386,79349338114596038267972704351471130662181424323959428600143702279256865464674,41321691950661909799356434915990307666007009731900539437882899747995083274757,38671420042356712106451885213503437566656961304508977498849610449206622179728,37953086864275175805575080220068436907413852110916149025064224745219785205231,42280058006053844382178490739029324892053657630776936627715527655996816582737
95,11830131194022787566675423900801510445957848208410786485526396972950700304890,95,25525831956644113617013748212,94.36594464009083,68063097042254603112450010924849517033325884137594647726407681444771642515525,71312491678750984954701657627055428744583136893281915291066395899455670806806,44479597558565210468869327381632479108686847772358648748391188108453163864857,44479597558565210468869327381632479108686847772358648748391188108453163864857,11830131194022787566675423900801510445957848208410786485526396972950700304890,5085471469431928472349494311406579230743662138610609861353887312997797230629296581786524780087391276806091537713988220957182364088031515261363230975921636,315308094593655338216784076044618694034656863634787629429759128943134267297974043483883090880422885372987436608610244311115121391148844619351313116208945606838735463816944423019104275244686964969521517485354487130665445009110328132,2723053851696470889290862586260700420143734475108704244402179099493977679660149029945780255899109801445024585493653124429572795842715510120359662698514592,541465061473978956208018762469779110556238966152,2325574730957369171905656757762093468183014728385719561785,541465061473978956208018762469779110556238966152,2028596793,19eVSDuizydXxhohGh8Ki9WY9KsHdSwoQC,81363104558092181095959131270391246426353385216448177321888581483365697478605,62480572861276175016854879208249744666983409516130113856926717734258942395656,13637920474320655582775693537688155425023258263452946386306863907969936346153,87122703210233233744252705554602567970864980243061456568176506919122000840328,100960500975834004428498883887629699249159171507568549653152075102705685907850,25852664936062751983834039173915388728252212205358926745596855953611289011918,48970101196989469452438766087611446681388051700441341957250350979010783935375,32871844791829624438212172311234890309154550474447532410430473366335793122451,33394347843760816238661077339810418277851093654224830629887550194392048286636,45102763585163515355496563024120057681651337211558981413140976075791074547457,54690861354101343232771526978535814617651503368185548150904761660487382330384
65,13930276509101361575513736695876875072132244385166388678603133333676240307117,65,30568377312064202855,64.72867377327343,21769406468394979245979020739332080729679479243955596515614749275274212371227,102907830890434238525231690377346540046672568029169549965500018466490455252476,12884258346881956898339294631341367806597416636471014073957565541418379419187,12884258346881956898339294631341367806597416636471014073957565541418379419187,13930276509101361575513736695876875072132244385166388678603133333676240307117,10590021658574211281541120145938431453499671666253997306289298373755239565339387588669671994802507970920155182832968600568222210448889930798313296904130576,10316675373542755017097369732926569725751404719908589492269170803350837973453073095405792029547112227377504515485170340721693216205851827689092648115083828942739304992067428833489382535306841342389378818860174135454385236328474090,89096547454107174367611639028241070744253889820001311604168408437340306972220251109573061198729703181146220003075186160084587155087568584770762239012678,473297396586642889676789498927544571546534609207,2032796839621573241592746908170031008374698288680374308423,473297396586642889676789498927544571546534609207,4168814151,18ZMbwUFLMHoZBbfpCjUJQTCMCbktshgpe,28909468192517414136889091476697302110857336422207298305603820533484863636596,106649045249385674348749156685189905565122763086079907039155403733453281186848,91568165812375343332011380194626052430505460768764384173867531995335553924040,2323614053252793799929088623943485272057656207489889127500167099892438683610,38571837537771275682405400478659065359665908806948704067279387640681528733962,28306015920135846449753334641126361578806400603471472874229623318111830665613,23325967632205530350723452915435468434319767295147191670839623052017076896418,90882479034267150478570972787814083740082754284893287705686534657262292504770,50322179416446718779028128141323726078606698790560872718109680279156530985470,113631305632628548752782934905937665593102832351273568473201842116730010267628,112391007179113033758561552457337594903670029298488290919853285293346254871974
51,15526662703128387466911205858440921328595966783670321975686827039866153270904,51,2058769515153876,50.87070374868758,63515334313235940978997497997309110945131154723579807607384497547958713837455,58372837009371438499600708449369979083506963697147052846447906363256905894908,57419252227944756923970276559317928769763020968493511193009677644651928776755,57419252227944756923970276559317928769763020968493511193009677644651928776755,15526662703128387466911205858440921328595966783670321975686827039866153270904,3407388100522643904073257298350991461049484439714112837448226573095152880534201360682648012709018425623516235892372802101998823955445005638046480340328464,256233415151634037897238260529637943032340541455998583944852802147009741316450524508629589191180575637462706605086912334607551437587745341639276816937034693698762354598467866956415016741189945564430151998562142660050358856093971382,2212874962697002303861269039030939243679287209122986156230855438060305377929380020060745755515880030547063025700639753653370891981006525679916005553987386,1366681117329306577623591532425577331157813615591,5869850702990110613251011029830378191241771293828261209967,1366681117329306577623591532425577331157813615591,1400498031,1NpnQyZ7x24ud82b7WiRNvPm6N8bqGQnaS,90885032899439125154476738658921824896983526865667024995961633600951603639446,69138837752993008968243251565789634757406452141274646309778762415899518909918,68189241674784011273105858873706280006656683525696171138592267634358374984028,20393244613415915963931556690082008166013511716167463648801710685162118458995,109932121561688055794798063166222353923878385468511432129153093871112285021395,24252762266961680347710323389709810666787157563036836450476171332161265770127,61364306214979073504110505951623539396494658578651004561039837499023737494101,65708614355571555707334482831492112954085265904666893936146191098486718654128,30613667537644554459134959835057132724567306068552503875836725895092566666898,1485970029267747183517523240332908135547286170487578663273709337332138351726,37757352242685743179454469069186193630354558003411244634863066086231165553115
80,16994470569327836424063596090305842523112791429213443860291284300753048434130,80,1105520030589234487939456,79.8709994424508,57023615344285030823290121311389598839835447585845466159247235392572779796956,44489989660955945872089157326859328201485774189878427594519890127683524442731,71302099576360249551481827681828579651784210475762136444937693880225310228932,71302099576360249551481827681828579651784210475762136444937693880225310228932,16994470569327836424063596090305842523112791429213443860291284300753048434130,1979359180031966959530446416650533803458444388756311961967514189637104051059245051615562834850700834889138257087801725024517557586573253297484724098738361,185423274137963161358839627063436869163342460986508849577856338767791455725306981984641347061726169926484311699885199048211275759111318954411523833498323215919377139546835671994002219337389672302926159404324684506836377598472890823,1601346649492934417539472614941281800082597883203043625300795052861859742020510150393400422425893893628449139514201180585085067314182596880613421916513874,638819083263296274033048035452588456376781467563,2743707070676558454130595335465915978685399056923885881511,638819083263296274033048035452588456376781467563,1916061863,1BCf6rHUW6m3iH2ptsvnjgLruAiPQQepLe,88175162145675031830274472908319928447597286771741370449319098881212885153014,30439647624145986582181941084689462596747769612938684263950223797992090106322,81786096228303841747805182174146180166187225414603146833004303268870272859049,106412089326878772780800408196883408898443543770040530664377520978013033800418,59295000679112419172728511487808668839398308086881521187970922295287890353472,19216273682850637628769399740789553956511070913142748993234289833204696593108,30171167288004337347650530360943189648004420567973441948383820162852921752025,33985188998413771084808383809956208314546486373515578811126150200158456978974,63839233154519288008380501889800806325459876349529673951150774936567770171889,41848622705592196733414110129514129085188719012965752883564832138067407300889,51656925649557899047805068496981974938779874246724124988140525372036868075087
150,17190383666562119253237287024980158202009768434084586557410689480216345730354,150,,,8806017346776867877012283004761366835309521271076888190363318858957589908553,112690780870766937827387219360730856764309477352700964252346263824826336784567,3101308366549257596183765647957051088960507312939599787111320183082497887096,3101308366549257596183765647957051088960507312939599787111320183082497887096,17190383666562119253237287024980158202009768434084586557410689480216345730354,12699212093263211602194602236868562353627645542105564467208074105237255457475183629009846513312369575877194255288319982277739548644322899689944528569377489,682870906124483772071893979929677514198197740620224738064286425363093655391657952097785756852735641225231668831866345627838308065700590240680609953870513151850084034760171221898145981091165400956490905084370207221207150471828384,5897388246661117154891243508567788648901648479164413112144641923185050596686277104659028366958945185941128645850767548974689663096225898138635357965665,1281942764983261244214484649062667597825970945828,5505902250946921031325480777218194387181425911777629640160,1281942764983261244214484649062667597825970945828,181999072,1MUJSJYtGPVGkBCTqGspnxyHahpt5Te8jy,42906454199945248827366887147042147274995053134855033709665629493508192558721,67819733109901899861333787605523133724874287306182177723373629569011178544226,90069343139442456215352872974995024488625181474258281727420428382248973925362,57009759650146503589377506628431422110848824641409902361783834286298056250401,112831624731036659275902295295238031577496130171644295272765523368339123914479,20679203332542464940179896605421685317750056829683054009942706814083993283616,79684679452092668072049377124865747554294897012777364550333036017487573390657,,78608686593733931552089707529170126798465945745325661034841765912932162956316,32118295891596936028583747643535643157051242983413203156207654088974900571746,4906685278229784104175773805535351215337171542784454646974011011775523384430
49,20137207847022029487425557974532819882093895857329122507709860186654169466499,49,409118905032525,48.53951353288566,40307801063138778132376559836123589321449883390877564180282544683931835372676,84487168443727713049778009853790282775917750548090902002744386003675529530292,31304920793588482373792975154897625077352234117549662036713198004233305141371,31304920793588482373792975154897625077352234117549662036713198004233305141371,20137207847022029487425557974532819882093895857329122507709860186654169466499,7138081631638819874279057490831804058018442070043888576394752228935380817819970534298143303742721169979435651482375211707927350352549398752048530145605264,65488843243935179511607337737529657648449195584122666295372343283803806926025116755876266084357134618390560603386228112344399446181110267399678733974597879879449370148306069989328630029154573378336030048617448807539749413926131783,565572688732782261023582525809337629780263965625094132039434870176843263354077802414422663683042594748603747508899686600845050578493291849847223663192313,75272264897479209870015558571483750752661274099,323291916030521999231637235075695187678095557221168043960,75272264897479209870015558571483750752661274099,271177656,12CiUhYVTTH33w3SPUBqcpMoqnApAV4WCF,13685677287280202440348385205061517203663295439763501323121306130884151996581,58888914286241855128287104815987605989717134494938649390043568782015323777201,87355477119338263679374542227643391355057099802118994532669042999584838725777,65647221367008874439221028564490337725621814341501484633741053553780278385489,49982720809199236865198691260973150495162161961086134610375310742962621767961,39237704011827048236383940861733169653425454227497735090252058593547179705885,13065715013180304389443010150262430197536523554182699675374835424703901509025,2898793040147029548497272214917309622791530823516919477641016563351633377383,49185021544072263827644480880646124186293501571300769947939955306947374050892,66986276026175109913773935323708065359292670252265226393554938493356237696829,7310935158161769297019284282405729503932962563918169587804931594364076864876
42,23235455260918641910243182738484484506697573112563323598679938292485420512211,42,2895374552463,41.39688712935957,108004735110291605052926238280029015934272711127582669764909355573652864904374,18403329601810133637568039936681058795765401650711307099623243826143290446421,97388759635506061786002945072006849057504583014929256939834340181765544225242,97388759635506061786002945072006849057504583014929256939834340181765544225242,23235455260918641910243182738484484506697573112563323598679938292485420512211,338682540432861131907699746547264614353313680412492472665890380554548138737670119954484752934754118511400203250905461427642000933491876245527529471709241,1259877698243921320662995478479675209001597368837731710772891077714364382673315958970081476541880676423509326566218280574085682399420334748936815314620630433143884867727469339360750814836313008658136980286161227451305110238340025631,10880516160838920706647099706630090307687052364929164669841742734881061158031902802490662044979475732491509308939431267520807896237279713237422198972545530,816285847428956852616596090519147176822436113955,3505921018895015365383372235621192786263092308486370175259,816285847428956852616596090519147176822436113955,315959579,1E32GPWgDyeyQac4aJxm9HVoLrrEYPnM4N,28970056440633464883897507741671130922663654417933840487569036199264544728860,52917172966029219367495731342143804579804512757346463225233387927534646992188,42342367599816006823086154310923911614720691280389628348827763012020379463113,108621827829632978413942447065969888081656976556786856716381826790731567928707,105438793521448815333989145674060407458150720706617447611142564798957713950142,16683565386098114183508424094829901479697578857692977143408501957802282108249,40397381687895802020403804530343719745229069255027877667919319204017101383291,100606679493582218777109748822179272299441684432793539359206388985952845422865,109460944252612601574890727720955538912551600161188878792324292854272755813525,72905367012474082259700270301332433901565155587624934950026792954421612232705,8518253416953124060844820942413864715575090644727090063620155928862023319334
14,26389475783465458717100181606697705712460614445019491968299428763826484084819,14,10544,13.364134655008051,81843657467215387495831064399406566332608612828066495589872347702422424340313,54485907183099442435241830545487744604431707282385107218140713089194934994051,61306182054216752988329154463200163248838277383255456821316870918713899677612,61306182054216752988329154463200163248838277383255456821316870918713899677612,26389475783465458717100181606697705712460614445019491968299428763826484084819,2968714081565327418082285623318845849623809948085496747137230622935544395291675576222597075538998374922568711387156781482734436051608225318983663405390601,548220267582129359880772612661207213885000151221578594779327523648182957226787240166661991396528235277640924289830707348094346603136923977156302624220715445141766212365969796525082396079338989387951247102247860674738316498927044304,4734522636158247915545606772270631406170495554158925425956315631505318901173691112134786913020283016275712150568166649856139935262628901555059887055023081,867613985313550977083702122789251856133557384789,3726373692473925752203346071985613022400925975809226118655,867613985313550977083702122789251856133557384789,1183258111,1ErZWg5cFCe4Vw5BzgfzB74VNLaXEiEkhk,72437018240590710502488233939538809094446481928526813526743649228819240029171,46303533098250675818837241692302596626290288960051449150438346982625379112518,4695765152417449196740730026820367711459755341367075150926444123920728457374,50904020956440012923761702540525852540695215924558529405412643195131168494030,89158240043566593051591816711706771675776477737427265394887330269327481907660,36337024480779215661421345974003752926442080860316647369680595377963867804795,49303764465960848451948175907974525936992862979696878806310126128208644080852,78062615790960749665713276904631218752308416384331265202327844750181548337632,52109302296668186374833580657233361493969986094802571741273982404316311048933,14121132991492702357548212321452045884736271061227953547219054577977341157302,31900575574398310668395581026766280309109158734829681561501241479888776872605
32,27260550831004819366492195269641854370406191922976795645188917295178610000527,32,3093472814,31.52658020932791,4419783485594778575869456570338791525369265264676694041444820246718062386793,36101104813710326932550768335617430651283103709568167696655528050073806182880,79690984423605868491020216673070477201986880956072396342802055957835028488783,79690984423605868491020216673070477201986880956072396342802055957835028488783,27260550831004819366492195269641854370406191922976795645188917295178610000527,1303289768770498939056528702606719833811927457350155238542506308489451878788348416277163100224483856012868559558178251806028535035247986920631316005094400,86338198885520093123785273508749069899813175593000406031879552282108287649292910399205426750186620101524274600375861307758084092639521336331796469325936274978294520253591830898198257516838090716779726545266858197271814103819264,745631238318618851906581388743626283767005847648684960994671653455647818474620384962563283339279022666958432469784542230373898034627577215034070704128,903500764273463988181880382493368868364757171657,3880506234465533029874906742592990226491161051248547607086,903500764273463988181880382493368868364757171657,274477614,1FRoHA9xewq7DjrZ1psWJVeTer8gHRqEvR,48274311938857092804546791266721251028446519221854254161019244744352469784212,33766589544255394668593539542362258329033904271505664760597429985327031334789,2360829773315358648708402574443791809863804758207317225621321463046902398883,101838740168602304636340430192371495691312577487640442270983541573650621734178,103440767592969569805764371499037494781173905539154141657733971924393145957271,38191811786827839545895267191934300106019515382792894918840577548364331116821,53921396366919818976234634878747568891652087052066374327867258702568850543533,77592527478212481569012273427897737044335898663229844017466396728131375366139,18639999756597782007741164495342833825592740362895983796932741063555127526474,23984274557579598560872069406327263425688124325270832632545538785224275538637,7399901860242081208125131180447677355867821059313159964392398088759803829272
11,27804305488909649267144788011321533077235461066739027967831759202207767171739,11,1155,10.17367713630342,62881537490095887219700399231850374465934748632261627566823792868512270937739,13147057280235047456932561657169493651618639731944681771959256397716727593785,102645031957081147966638423351518414201651344933695882267498327610192107077878,102645031957081147966638423351518414201651344933695882267498327610192107077878,27804305488909649267144788011321533077235461066739027967831759202207767171739,172845115129781363159676689714888575839884581074786089407226369039389505829382702639279091621527136542735220370905269339473237454473055828982835970626225,248639117538365716218249308033967840635227399311219829173193897773389414208970450386616382936762261045512778301504198813413269258148065220587775412391547424787836784594361577819872427278658936438194154189986905618927816819832714426,2147289328451265632806402250600546005167232613265734509531803503905094663311615629279811169581432445930662975065045032236714584349520432764155019787149127,1420258574028295142069556855955870240178449439436,6099964127315122613824420453543045500786105546368771212990,1420258574028295142069556855955870240178449439436,1618527934,1PgQVLmst3Z314JrQn5TNiys8Hc38TcXJu,104097313681383378053953897657293086216679987065697363505541385426035276583928,39117741241725204188267546296190940467118709730459541622802266992065480921295,84501925116115248488967905818201426376510407913536600265179708886908227952545,60451593641761155306142349288470288158587219202587828203737721587945737571410,7957402028578889235451482428216975050545679940074951184649845225492544849553,70267442680423063594222711835344289140098069726952324097508499762202675709516,16256970381550158921583791373210565798676508110248128340852128848486175046510,72171258725044636817946304179505092213627061777811183657733476883406080139296,29765747935802915661114386379478593980665917700643256164841943400773434895705,110996475523107594638086884041182258947549457144368740114326853722546542021849,43635426784508280349250178404265308902671664763045169830644619645564389073246
21,29858229004847033381631258142656226768924472558881703787592204124333520920763,21,1811764,20.788963611792287,11965836972506588223997128401045962469020054936532040942669396711946779550878,20508170458539512907339144104761652653989862605562274795589281214845594026553,95283918778776682516231840903926255199280122060078289243868302793063240645110,95283918778776682516231840903926255199280122060078289243868302793063240645110,29858229004847033381631258142656226768924472558881703787592204124333520920763,420585055556512775100295727209741100072443154492493555560452508634726780238902326468030322492500407910958306515906950527166524409021629408426115669061809,1713283548298862042308119427292322516748629565343862969644809155426320692111788620069502193623179791104477933599337524458897878264891883444873656651500720798430772955768792628189596687367671185853758673547855570765484005543436159,14796205505779266534964146323069632685614186849929086038393812278747970210885590855169842696285907837196668593929372746646687527739368974729020837602450,237804177383854528740903125868242177373381939030,1021361164715838039363670983108271756826506609051694310734,237804177383854528740903125868242177373381939030,778347854,14oFNXucftsHiUMY8uctg6N487riuyXs4h,61140074563085091444904784227356451776289545875614770425742898123038115989463,18965444627790479664167093002995829664510349061285695297137748173469050859543,106172824661819017606584486392453638835815692739956329694649418639929472260403,107498059435669793472929237635322443056194392461223176023793248112589419852236,44922003841103105363191808169411107358915490111461746128573957486928296469632,50075457783022833096337871685240862057230420905059763201189513279272192313294,99123416046585963068196520460022511296786805456541195356439009525245864174448,10278594094818608871081789571497028036537736561169420585011795485524808873501,3248559442884116609584717356276946567009168616605320336141211628617671169336,74424564621669437774020398738478824712322409029142740718358100528003727285630,20984216650341731435158844605426073923781169665161428153022750785952953390945
34,30173195431671656428943607703441256124379860698004457530210708892299313823719,34,14133072157,33.71835605247284,27530330645108713416987374469727331790531665526622602610141848066918764259216,90457806451997906746295114102505195833866791735127929013755472762572742813627,25334282785318288677275870906182712019403192930512635025702111245336091858036,25334282785318288677275870906182712019403192930512635025702111245336091858036,30173195431671656428943607703441256124379860698004457530210708892299313823719,8182614748107114126027017003497052459147094028563888301611188856360909282902036506169685251355514723029349901586146425698379581955282916186109372456895129,20865763574705709497891013003433845115578851348494502673225601582704805455451972225966451317479223883765930735894524543776070389744365976514554245497615874296142043313488724578560714059476325874615551802079184927510562339301789703,180200251261908500968864472162079010406625440312349115243924417665068797509320735096125073627040835464554146857439288060041082047499386514461620314253298,1409195019480180817027142177057793077195655027706,6052446522353459529298135594805462768490541737299249513375,1409195019480180817027142177057793077195655027706,4005610399,1PWABE7oUahG2AFFQhhvViQovnCr4rEv7Q,21262053229565576182245697756350733445047555256416631873100695992728589412415,23135641352182611321498216950677795159815949412252841055123926677305270066499,52744498050320578225063980834081377646971452401632551893442796416810002672723,106635862072546703338462658092783376173781761092473192052439256633110682455993,6953416648464794074118754030255817254747739042707659026785169035057842379780,15641493834518374231038042001759561078178106663010851477815029150892682141156,29462489534270593003837583479063683168264576420170703541589635582282599874430,37194146130550119988426867389588453337713347933650736850298339534185810801786,26460692566726423804757447566007791728471258929869786948186304205492110916689,19301388798052406036058305371350078834649463918280580685517668546579795620530,107991042744970220560033722398202783245528209342145363873227358161872858144045
1,32748224938747404814623910738487752935528512903530129802856995983256684603122,1,1,0.0,55066263022277343669578718895168534326250603453777594175500187360389116729240,32670510020758816978083085130507043184471273380659243275938904335757337482424,83121579216557378445487899878180864668798711284981320763518679672151497189239,83121579216557378445487899878180864668798711284981320763518679672151497189239,32748224938747404814623910738487752935528512903530129802856995983256684603122,1067362225016502275772194909503713869376985974142797512091458491530306631211206623652669436957676354343630306950631573032330832513385319878364322508915776,166977061698153803977729810299616665720111080589888563362701662779994291659333477169534477572723704285154275133397811778652651956291844366636068483203593094558427352525126936769086968791554813695916119291254705683450242657305024007,1442042049659660869506300006036683750029629333882594701370927246876626245108435922902327776681700708714008192087431130951749952236093997894375239788520937,668631300771580858519448973337422070966705667030,2871749569895879353560636320425003767750591944753075263028,668631300771580858519448973337422070966705667030,1359812148,1BgGZ9tcN4rm9KBzDn7KprQz87SZ26SAMH,251041586379913011975502930520297606839485776050940494663193922023280012098,91146687060279445537977679036590184810225836735161850901441379110481655556990,23236944520129269984518658511108713773344441250414149158218030972681941850766,79253300025187006613288917807705662932203600167710990930940316463871729157593,10432613526877363432431953968135131954590028707088935820732256401493293618799,53838611629141934132508112112095976415603258045912231068386825495345712767215,95107237896770882776316056586998538965183193158565418843911838569150246927764,76296549055905820818450132101871499192545067498745897291859757495169917144838,6984979233802560903909664569986656529885267826392860390547891078208641762644,89393499150990443596161279542261625474851454383919297576263389191208953554328,36660463010303908718727453199455388372325053043133961623157590723332506047045
55,34765914415555121113604774183270645530152833003939138557679057323085221303645,55,30045390491869460,54.73799319051133,60445698216621826856287952149610390835450647855250491824511024996101472713059,6650413705544923593404974197957088657590778889830546541291909209606529242729,109141675531771271830166010810730819195679205775810017498165674798302305428934,109141675531771271830166010810730819195679205775810017498165674798302305428934,34765914415555121113604774183270645530152833003939138557679057323085221303645,44228002454899761692813517765179800459893680544346318835373433960751252824427980204051079250977139922267831245971604549942949325106660505007414199367441,220849385718138908998418235072041548090462605245865719878996723963719962031119482901856749734782088143263999223046010427122368188071854399257587459471613136920450164583924025902687545425095797869076846728691365567354852501855064386,1907292520350915376515101662996555041353132217905958722605873864680719246883968221388984687546166076155843107156731659019858676685740305706537752591194015,1252138907939822495094648120141872428436175794082,5377895659650692352476634100637220960337475458891715741383,1252138907939822495094648120141872428436175794082,2695399111,1LzhS3k3e9Ub8i2W1V8xQFdB8n2MYCHPCa,65840994812710761930568430230524397133788051875040772282667627727140248177987,10331132227868006962955319052311566098772848161014396408860948699346964953992,104508762848514656071819580964602942938967298844643432578359472652796558393010,47824814603049559090718088978743045424219267719563521276811864842466138859072,96412420722593465640533032537926641797680874621945556527546707418185461602852,15693524328710832175369845069265857618757717944197140898347649095096468613527,38499662019177780149954078057832460876312952779721962022567121078119453024346,1774730119437191654638674340735825447554009459605627088131321453082112542442,101600237067027087763577029087962130666882034324677926276168381743915281643909,94546237843700976997422439438497531671500665480449399770728956256831893015579,72667816298797730188074708509253109393684117903367447150875923091973942871135
85,37106845639163878420083044434549958116271815170672198372696812273150943926786,85,21090315766411506144426920,84.12478306765827,18891731271987559180564311775835658084708517714299226869460971567942463645498,6337264155528691980680833078963835238690084422326491171223553853162872183891,109454825081787503442890151929724072614579900243314072868234030154745962487772,109454825081787503442890151929724072614579900243314072868234030154745962487772,37106845639163878420083044434549958116271815170672198372696812273150943926786,40160916976948785501688707144147817576550388809952151001265336396261371775599044934261782981926705893222798507527989603351766870259242512331423719899881,6742411859119308615405289266339839074984172515367718760506198765768343488339069009095261800784209282397196005513200089099116557067019215902835254054265956088244102287778544383881969231921214646702691364588270960307218307917245999,58228605283222047619938767056622610054955593703034527650138390170379081640467753223948126741897440136647916106093094621105403924771665107537256432613786,1170426901241854241709081193811880349368293442177,5026945263192385754539382873630663676801874593481603851531,1170426901241854241709081193811880349368293442177,121808139,1Kh22PvXERd2xpTQk3ur6pPEqFeckCJfAr,106368910315439104618741705478635295209536214955370424819357678960151869116457,69160709827037430697574442325185228340565392096158110832795601901154621016673,87548361867317102111118171951333201790209583366378489157633820498016229624604,99749603230173135913484935285362851775190820176252128657217722093810179769769,5884388584556219000515620185483041965164409667476026949531691580816851313703,53562576654151067358092959472985276791830609125667713991448892399456341632231,33927723107982376615200323603743298273662097825624521097312868473083300866208,82270187582136202276999896373948490973128390810476553129100444989365422003925,38442129695620480833937481186667719086245049822282758617315244161457660544396,75958756527754470126301466735353836068798159603354964109397922192169993661155,3283940943157365423066189957651409734967903835853038139887095945912172727587
10,37386530427035747593092203140326004575935230797043020097287622115435418192091,10,514,9.005624549193879,75827354541827746090915769557428734838962266972502112805530189196736906960333,96570036462163023759491147881411408314153451204876534252590428078766327205003,19222052775153171664079837127276499539116533460764029786867155929142507466660,19222052775153171664079837127276499539116533460764029786867155929142507466660,37386530427035747593092203140326004575935230797043020097287622115435418192091,9325771942303495898240491515694426133470083841295258701802796975063983344604113796491798087120763574759139693051526415062268806807637323933595709988230009,435991190226406109369136820663718804170450589441397523189041825709956031207102841123979288880889904309067005919319716228137092291688577206721541482160341209816691133221959471061626788496474761175655435096987077979293157786099246044,3765293407331488797026312896714295043130837050044634166184872607764236527235615479342364596103683926483021230508143112119384760066290405005258098907602445,1229988549367758195482375056171272785889114114363,5282760593989002926432775810661779590088555403603971094685,1229988549367758195482375056171272785889114114363,2882222237,1LeBZP5QCwwgXRtmVUvTVrraqPUokyLHqe,59125961218637492844558692706730952026711431452734206485395898137365628443319,53757051689462216425646440084282642441391736688333631443738566535058716451612,80089286325973004935109324099110352119236623434553436253647051523202447252201,112195952840316625060775707202602466918398323554237708070942212266106172467475,70980686248908078685327183153489183861533599641032230826734816546504908587909,24874493422724600963014213776711322526938132905198045543258857007994567849313,29537305981715106777614958095221949066182048398174399790853208845026665936199,74580633122309628502755411319416653907181254512448453308581320448328485302338,60606321087007366536233800507213482302039764237227299546632000172867927810747,93273082526701514412458954844668423581767682984613348224631344692508336453089,77704557803609113617624228839534306309293661315530297240258752333364877111132
35,37516098159681485119841995840008428165248069785144454874323032396600376251522,35,20112871792,34.227400038685836,111565932824107072002273648098027536630611694584547792392039443258564110295357,65073319313695146178520529869101114308349376191091055110226007524833442301678,50718769923621049245050455139586793544920608474549508929231576483075392369985,50718769923621049245050455139586793544920608474549508929231576483075392369985,37516098159681485119841995840008428165248069785144454874323032396600376251522,4234536886502129730457639512405453503725016108853062657983845564634290356265187962262029127714715654656973758759325218139193225987852837720770322361615684,1388656409461559564878564371478633495533947337733346349063300789742322382151601273618423084097698200181803103665915806181919209984685561110140345805070894314968650415706583136921285571378030460135889180321599515477840795357782864300,11992670817222276329845693454112420580977929584258531775204525724337247579102757576586462683467176728858409819060700209026030988423495169652660815881975832,1409246647413634000669501988133766625975765229349,6052668262639201017389153143641507731862175748631211459162,1409246647413634000669501988133766625975765229349,3317088858,1PWCx5fovoEaoBowAvF5k91m2Xat9bMgwb,38963180832360663378214469564750801637056069729668450273396249796655948372973,99091400573508750020500503259951506685442610616513316311045101602123342152701,45872221869731169011219496958619160672565481170269779743359220075550980377552,16294399031402754589074959841998746251909522428919344827241315474685012286597,31054071154167548300445220052892226764092653524999323498771214390573616534237,76132024438469525865629465066521257603165654323733396158460699287888874404598,65204577618941322599946795980338961479034511759370282466090068337916143273558,79226910761880240297235242197380086892757521475160493907722581291651512067238,46511814418250763976735017251128116984807546964885476016200384317256675968035,107396711580690162567080074889587848706723435616638120447519703866279407024782,89428538718841194979048287802400496434249372378606881742985746607559139679439
53,37888320626620011360415489406568235525712799362588853825798894981087228962831,53,6763683971478124,52.58673067569099,7086754227407391658152234626386289704606906620229921345536119461826835276617,45806165569194256586261502717728099690457099843611552664107027616191159246392,69985923668121938837309482290959808162812884822029011375350556391717675425271,69985923668121938837309482290959808162812884822029011375350556391717675425271,37888320626620011360415489406568235525712799362588853825798894981087228962831,2098204804152437392467363984059299584536050677771720464680794239630125639872791794009464635915259909728296986879605563884298082069447926580425157365017664,355911576582313077306205842544558557648513917870436368205729017554530344348138825427106746057102371258955971198629281134330101096585469520758605029547805243875466479356025847413471644205551348428505350386740849156023781166377120,3073712366074260502918121444564182149828085996036755703239950257768585810170957288036383442142259149665609728981904644223791888476698746244639199236512,269938057899479461158616439596796306233630299473,1159375130624018741099959876676199561647043071593208548486,269938057899479461158616439596796306233630299473,1987513478,15K1YKJMiJ4fpesTVUcByoz334rHmknxmT,75619600187664674271531626463816381815889013781692394356066685087440571690257,7862364509848458191003098693698154918699784152107602808287468382238624183319,61330313540901716374977957734760920554772916609966890159047177751650834585467,5595722376880004634470784331492949033459488402539301189077990998437376555977,47111232035022588697826681308443336707998872298277602285675551807258620023971,40354496981071120592851530051048731684915804776018919442385044768932844831819,6283545708468618579919441362002548925882283467779658175751141453435613040490,18347862331554847546524004157226914910658610081051133360265880659737440058114,33289016948197986149724453099526844523057515684895048240838425719186781620642,67003238882304089362166162735394466872304065494797928707801107294992763013211,53583257386222849680680207048090739627363953388505296140127066341710903210446
6,39174481976096429720936214824980480828094112001748029707786701133077380044647,6,49,5.614709844115208,109846273198995465046214558810696509369395695668678477567979041624391316796720,101711840700253487202274292900077312932162220876743713596510869779955653950519,14080248537062708221296692108610594921107763788896850442946714227953180721144,14080248537062708221296692108610594921107763788896850442946714227953180721144,39174481976096429720936214824980480828094112001748029707786701133077380044647,10345298538633741789874487370077326189563880796619879121246525362374849521730807491995807951646553076496071813291966189841504121399565511403744571300369361,1325427512027359020087908119726025370415740786741731042498906582455362266376156775292281753456108867208159849338886563206644116934198024647001320914924536674052395716640584833936262752357573088319718268232291649371638186348072448007,11446615401427741773828993739978314633044131708450757516217640157081436145882214096422376355330501551600805149653042101755144341459529589701803278774217642,1422938361785517703193252764698103288189985535068,6111473728092614701644055392239936936006050907832205811221,1422938361785517703193252764698103288189985535068,2084675093,1PitScNLyp2HCygzadCh7FveTnfmpPbfp8,27543364675747777167504028822400039957320629532568404299767316580106498607775,88383847633874677382659542600858742907294301642168289758227183771139140254071,1398577037116049524831375838943911730604284994192534516631139106896671105642,103312403721772287849464508991987272981229518300541582839459206673137811259482,35734417568903649086989382194223683652646692128674615863117089683448727412045,610834535854703359651178011186068005231472389190330319589476518687129965605,23700114295368997443264475320873775288844096389254497479075345986388446382291,88059078063318391047391045562186283584419462139066815886785017093755760212527,42292908505273508818604530328262846210530811301218453565016692107842084587664,102814928804371902563285000163729716883129839232899056895584520508372186898474,56202729338911937307612878510822255834756911781215104352508941750180084597525
70,41155703805981755020087812249969251424919540591154472918778836382849862837751,70,970436974005023690481,69.71719641646361,65540419151317157747671900246361345335112119010416684680126380557251106866307,97334935826427332895556897785451550753483104566423636378820548368192638516448,18457153410888862528014087223236357099786880099216927660637035639716196155215,18457153410888862528014087223236357099786880099216927660637035639716196155215,41155703805981755020087812249969251424919540591154472918778836382849862837751,9474089732334727142206921426360761460555982193171075976794092808655596958860245644869212741029255061881733407402478169002422250155295804711747286366536704,281531920881429754243635863460509406851921150643674677109087463909084680468202282817542742508176649950409722247760285844857233938306919012255958258826019636562933694980617790758518782391803763351086900746095086713514855550545836450,2431357122371540703842212537561622267000533235851302715804377605866712680198007373057629723988018034142382076025928583277660235181570221858528373153657342,535057393045998874059714060903434364160149232400,2298054004615582987739294642691602808150395459638686852230,535057393045998874059714060903434364160149232400,1183261830,19YZECXj3SxEZMoUeJ1yiPsw8xANe7M7QR,66285980448689164112835366303620673468354225320306887061626701867317013049891,113260387118801757570054005636432254865637377419289910944979212253102646026321,81404620838430266867630214849441984429462204103334784364569426416574485898634,88022982666419169745212255365503624554840839668315575846993051126752377863688,24627365656438972145393936536795964759272605064365570793839174424201050735294,26200510735112389683832216171636129003762444885804643612627873572846193488652,113643144646429498255649367785277631114979471735164064919581854761642688719921,78348430515961587643580507810583827593566653410726905656153982094304383447236,106414502166352413616392652658228300374476008670576831653266753789165110585460,42444100329958112387376317166306593080795617866953590912253599517669093865198,31900675842187133349185120565610288759516260710566130481568601936615544360202
39,43066368966227815970129741945670212833964430047245828069695887543759097504431,39,323724968937,38.23597768880248,20565748395003466184666204343636157310765094829742621599321518588759629653315,24311842649879211620913578563307151382181113982951839068539255115674165497966,91480246587436983802657406445380756471088870682688724970918328892234669173697,91480246587436983802657406445380756471088870682688724970918328892234669173697,43066368966227815970129741945670212833964430047245828069695887543759097504431,591065693032485846367419332391595381098139943186077311481512984730881053342804452271941121826370323441534864431477126159528184283099874310827744750137156,8698283428585064581203783692176657373432915821728494200577990889239159312422065452841322005728422343859206598148663671829744318842451513286330484098683142857086363810965553148603824726635753507516627794126654002975721720493030882,75119841829245428998753389480170107364862210767367388237863017741077731858101206615424747113256922221557493496908096410269555187685466330691824371940802,63876230572707873508234135797240279655584434294,274346321301535666879570399959969888174629289060959240819,63876230572707873508234135797240279655584434294,1568391795,122AJhKLEfkFBaGAd84pLp1kfE7xK3GdT8,1510302585230785097885674922654315820290679167669879128177659431841241288253,6161897704796911896169432145161939159749190013577478128785803674256679448377,46750293171067015547465504182043964497025366627471513312943975789753366246467,19398507514586170402140513680337878888759736607696721938244926091258625846063,48246638800728148999201715637266127826441730456877178008566636972123435865007,5318909009479895158552156332337245769166387668552061525780613390113026222261,32498128722277446247013069130559971279513820711252517759418660749795472101432,75834094230957452798699829410522190214276401538190726386041906245289487416143,82992872739642096071426249544722399032595484931371712779838468750000733564687,10164234494178318288014160696208899959618683447156579792057586697112539650678,42283759155272069313849679139707653691950364408599720739126703965391985263598
145,43686228001278366096792844567005637059043309366829395486944701211816496638480,145,,,79546357666492376471204367748066065712056842674356469879774509426893943528165,42952877954946956869894297869747676194508811965881633116318958850539873930467,72839211282369238553676687138940231658761172699758930923138625157368960741196,72839211282369238553676687138940231658761172699758930923138625157368960741196,43686228001278366096792844567005637059043309366829395486944701211816496638480,1844949724612568271837439993873028254898875357914288229271609402505501361277495534673860274635989043111573722362678604694777294726648932426697887150838089,503339363768997858008133603383747877466846414740363110917827418368555779522684156599639538423185018391143678580521614436495683982796621917760870641879711748374738114703146177415977348363879071327029976259785225489210974747733892132,4346923585923063282845566049919866713750609268471153949226418219006312321971308185173325030764982897579186388242715976798062645464678458421479302686250261,518073365973944588491746167881348747634254849833,2225108163786731195688227756983718479459681949364094104247,518073365973944588491746167881348747634254849833,1968042679,19GpszRNUej5yYqxXoLnbZWKew3KdVLkXg,7630193415593481527406565731479314014427775282150742154875472014435256259857,74951598115654013762818632920414234098838307311814176842364111124235943753945,89223034291865485294889836794192470846824937303493256986776502817852679139126,100410594715693101977058147377004000240301450196236506049926218288779271198224,68461748182743492592053786376187327145127480087323247600638966908863247574203,8951876147295536941297964013080917278776455746366925823165790218761987038767,7259683131791771432785610485703068736805697083437563170793170447151605038829,,108454141027722903788654176651483310404723061813434596525657695648169792967229,61920886786257712425474451812910980713073278245389535200198262536944134628977,53058325678175206825658010686644452529384343684792893085487122804083282577539
46,45091024601853928179734157554633339946805744874448206303988629359002754358166,46,51408670348612,45.547076931749785,114584500658952982261284867257664334263474393257290087756987875227521301436489,72377802498278766546639322951454786203104057764824801286631323494589545738903,43414286739037428876931662057233121650165926900815762752826260513319288932760,43414286739037428876931662057233121650165926900815762752826260513319288932760,45091024601853928179734157554633339946805744874448206303988629359002754358166,5238546294479848060115498555229191128988481501576018002431257793194218083377349346930440738307046678418531044622187460075810785446377671552422684247643409,1504449552609608605654178133199060978123343586294387446721325240342308725287331750636079103255036926621800879567874201018808523025106393275709315299644209006082622825061118069385754907550500096940269733119760565609170629512982198176,12992679918973007205416887541600063728829652960510878889499007978751296245440396589871289016988583173004998772226858614794564468095634213202916999009224609,879209874213525173498478046090602189831574216108,3776177656067364341048689113733117058272595006382963005294,879209874213525173498478046090602189831574216108,2266601326,1F3JRMWudBaj48EhwcHDdpeuy2jwACNxjP,93578441423348944634361104794231902668849992247921412781925711434517582711224,72577110675337406361952917476046468858381124550916120497984037646743760878352,54697867060073339999744044150850693153255500745798573537863899614020026860615,109841426237982449359368112370418618591962728104218877122287775224742922988932,82758810787447725812342160336617787075773711683028733244700283929033008925273,51711326545673025574427458551375243133856212205675783566184163394411856911203,51353087520524176770385848472908656661067608555314652223026513874408679483095,26784652995550433554270776960498577191110866012168965239693718436138245511383,49188213472947386916324064039123713387315354956893844155246089471800272133874,38359161429959816055089545036032942540416076347022383292125277387038189649375,61107450867414309414561128191546629167573924641821761014616813319439355654532
100,45335247000352258612894257165757587739860389876207647522106414366079987350062,100,868221233689326498340379183142,99.45397745808806,94996722023597679036042775432142722866975674982521337987691298170952592385559,61213091224897107699092739640017491283561943079669346364651076989993654499173,54578998012419087724478245368670416569708041585971217674806507017915180172490,54578998012419087724478245368670416569708041585971217674806507017915180172490,45335247000352258612894257165757587739860389876207647522106414366079987350062,3747042537307575289021438029464714699283737107272118593982702222415528798612734525343707300830289893478256301745669492438420574394787068923920745457683929,857286251851233786459922653164321446529592656068839456298457906155885737413059611214297962730236596710309239526691282349283289551962430160382614680053965633521093243140475609187142993638660274149887849800246272874933877941671231886,7403668570952401843483728256095318265639563877267786467150245668443430762151644747343727374624760797132244759199951058879656530399771358277346351897403739,1139828915410140602940027378257050630209464810606,4895527914721704316389139038958653938165840991216805319218,1139828915410140602940027378257050630209464810606,1201377842,1KCgMv8fo2TPBpddVi9jqmMmcne9uSNJ5F,52500258314113033108701280395686261549895227169047824868386407534544110882714,110717254854893281056049564204959815328128307309857260153906354699071780902878,40016290862352178859389670714923182662318396132783508096609147495281685895250,105163022751085378986407164007511562849284268964866877730778674779952633148023,37759700453772171425875284734163132354478735622287088080897893572845551517660,36052251626993798017815766153534944915943439897760245044831167743098700721420,13084180278286950250006070254136564173534818434119738164336492739469527563394,107660660339104853513150059670425597137055268253606377352450332388842788492508,41626891249494005196934147356963583817144994097085852393064231809290680926432,58622377986627301216509501723598304086555540998089308664978947073855084396493,32389082571832433147165500924847611879654988871728335969780378309471351470263
60,47189276276359913007517371903118919105592260613350156670245099811346670359854,60,1135041350219496382,59.97745056466928,32976901974812130467888454680865813064186458215596336709018932995219129999629,94344309747317421167124060163550008068954848013402657284162153757492808086031,21447779489998774256446924845137899784315136652237906755295430250416026585632,21447779489998774256446924845137899784315136652237906755295430250416026585632,47189276276359913007517371903118919105592260613350156670245099811346670359854,8900848781697772965831913926689789281296450930839929995903878085419443779854238170195590540879637118223465200960881258160783998014110671546591537497332961,35861591557745990672918296863762947086813133585648831820683567643533321868250342093676211747211309309486063771135513857439827132488285938580486048443677373785175099556733032001646859154009723185556787706120654783155168816938935196,309706749346646325907209964094664195330074894378624737321813472725274724960407596060864696892081085818656633530112293476797409914853169519318009191169845,1175893709364434667313789655986219198424304564677,5050425025292375841641366742283902083919722836834345640164,1175893709364434667313789655986219198424304564677,3113836772,1Kn5h2qpgw9mWE5jKpk8PP4qvvJ1QVy8su,25542731882342409978794237878375008883288666236420758425270453986214547240585,96050421095071008631602651605153876496932919074636856110185020858464760659579,102096368269224540417500660636214305050862555134913753515382672901593162799614,772312291025847891731400428417064611670289902909766156283755591596060642354,100916741992770228002307611709350034211173348618223707825484420321142064539342,46541633015215682486181743631423644896517836456806074791541198986993125745605,76988518295090767836827892232749650050518135618473760180120105004486345368428,535779616389040760510653954704651913788081519570765342203466459695900003395,77441617864822291022423789816076570148659685155947839780102024207585747762252,25914818559971536597317345059386922616245915630889674201324860572605735824661,83948873311952152994112916046057486845628828429302100461076256581619266888638
59,48349232212639115590903144793228640427515449747367555209041356681117760027663,59,525070384258266191,58.86528843817682,29468339291227022490967140728449087203757816877061952957844349023051015394437,5867199329528628582491486657327247741547599271992614464633076311922995064508,109924889907787566841079498351360660111722385393647949574824507695985839607155,109924889907787566841079498351360660111722385393647949574824507695985839607155,48349232212639115590903144793228640427515449747367555209041356681117760027663,34424027972421188770247991506392720278960884641876643383132285564346699201032814862054607897011434758332394668240224274516529030295783229082127081282064,25589805485276719942496627803727383374404742179867940994588590072554069654220543015177451875259991780851974265313985664627527127248853665883804586410820631420777032582085390161064222591839608029607826294491807661245013594809811460,220997873462930143833697357086224799337545097882782699147259261689503644297249491699119636755921336857273701875546245572590805098335164104989458984162892,1012249212207301635546491536645835287862862479888,4347577261832124497079492237434648095973740084066286706319,1012249212207301635546491536645835287862862479888,1868963471,1HAX2n9Uruu9YDt4cqRgYcvtGvZj1rbUyt,69796221931676400478807623020147777686858267762747365000821973019200835456112,25762394886199123527651501028944206308166265314515816001830440845598649297568,60774305748055640707960032305612987313162713171513189664462123555386910677472,46149687649231374696199968768008829448995385806524022132104967380259059368158,64668481482017095289541883226154372545147401307344154202161512124421413331516,9428876257743274018361410145309474044361480373651368046968751384552766472392,21645992391032339686671509578213486310275669505355135739632970696387698075605,82113470821290617933940264139554512008519842618383114187878612600958293941931,32184590436245564754041469852077866382351292428383781008360328416338042766814,52023005446443733634918054880266899910799287828160261043658959462054073114746,50387155508678484756582828578006894924064341851137616073000905515877324319579
67,49983171650621649500285869040821337626374091888327767905958007962725606094301,67,132656943602386256302,66.84626208962409,8199270313230837952220440610769591593514599319024034412022685032436710272885,108680892268991160269437367347039106826837182347366220564480894908240312674034,7111196968325035154133617661648801026432802318274343474976689099668521997629,7111196968325035154133617661648801026432802318274343474976689099668521997629,49983171650621649500285869040821337626374091888327767905958007962725606094301,11811536344384062548751071145913907430296747776889830524077791945998149631664758729042436212963196810857184739226363511178409618016951379019045371537833156,551220820682628530086840973941770411044884101864000546647921746618145300846450839058648340780444238349130948077220035108900195123130797432451892360430529716986900065592592677001365266795467384399230474780481342843454484574754132,4760435918492669990196375724864943490231777703142743951872689502596130178998301754862129046933646402067886462354777512321577592946565495970697965501552,659839303824851248897023097662559050620196000625,2833988230543143826077470276217305166082550339796292029210,659839303824851248897023097662559050620196000625,1921469210,1BY8GQbnueYofwSuFAT3USAhGjPrkxDdW9,96310546089293526349562635762121509806129722270077044083858996967225441166327,3640696685865039392998387186947078229912726694384715814877244789202570564719,41400919461558086842993793975768978521977833766761501906439096628590798037474,40692252180917571145680913490493556903552868096532051823337730032914440809337,42674808748448929497441495442295531455232189496099378077379461486020378087690,50560729501172865454917937028609469342861075999191637755692336441424305940275,4024284905828906000385295780236448261289109902533325751560092357512114338032,59767634448563383668757481918748103863435914384087300078371313672346389350131,80784619396372341901548345825376794306398832492010490774536013075177943885771,44869359712185322932991702016124166726724115557762113951867954863822872650989,51802707444405536129260931597440558560893140655162098754382496402675543033657
66,53236798425987772940806818648141095825058462300682436545783705745872471364884,66,46346217550346335726,65.32908540397543,35681022179418186873973468373280332442853574053612577039287936543695937260509,55769436514148338618765508764324988000805241152238207056637568135859289137720,60022652723167856804805476244362919852464743513402356982820015872049545533943,60022652723167856804805476244362919852464743513402356982820015872049545533943,53236798425987772940806818648141095825058462300682436545783705745872471364884,3110230049105621994559656984515683271698359071150488229641758922922477832833620091544861425293522075098966281304008870626241208476302174926603581126798400,45426770438391936448990668897950844302198890145166937369605943123542061886191823826152637849848198885717811877670367980551135054817240739698289373015470868536644093860388646671620966341064144088470307689057465564483619069106052236,392313246419534320642897305645727189359844225925141600568534524496929687996221416644109661537594362103111453534882681296544472265196806116494246164710772,187423338981158211254787117322131734317871511717,804977111431196477541169792340670895899019011158595474098,187423338981158211254787117322131734317871511717,3999666866,13zb1hQbWVsc2S7ZTZnP2G4undNNpdh5so,84909756418286295619515370309205873183000941332584082087399260664799898664173,5290337846391882902805757944941339055150624863799423000178141148821003403019,36755674608372715909842947452263004986795017075745534181175317395296876757905,48717714275025021219354748017267302805634125786744736408350361431019849009349,21611345829864992050918386511095623127602665419169879588858422423950397102877,15529901188014462119516641710327571314526460213122107697540607906758273757901,35452292157593008896231559417881473990389174340085031186003766200538463285349,32873546067473890904708006513126856084769668869084616595599227812159209811126,48306116720488981507023611282314625973052870853454058694815406024620892338738,36645764604663244464769298000701881349242461973489215879170848093955450998742,107830805396402122900373171688334216196598109354941467210436085341385247535351
52,53399937233887621394585979172934208794454261602806185402843838691926535737064,52,4216495639600700,51.90496588581822,52813238566474594496574906867435567565233423293475819066208762163447782904999,98011757932358350962613998289386682535741825041444942664745561971592823444973,17780331304957844460956986719301225317528159624195621374712022036316011226690,17780331304957844460956986719301225317528159624195621374712022036316011226690,53399937233887621394585979172934208794454261602806185402843838691926535737064,9606304692991210132228973180000465606075032526072708313051609918035830600718086683178261106596420262720613841024046782965047266129673599480475655558970729,147308700778929127666491685092125712411379197218826751908373569799092195263418216810490234925877448012454614700266076445104152278881386754852517099007219035469139536560249983053160302554596322171137729288448986491965327251273715006,1272182769558804253988152178278263227663365030705441095530421590845041599691170732464935526372003415276288638955974822926150032288905859195138602399768379,312196984432035396752469331924175937073177770727,1340875838045413163766240387857304401479452484069966747310,312196984432035396752469331924175937073177770727,3315603118,15z9c9sVpu6fwNiK7dMAFgMYSK4GqsGZim,10594374088584287334161852901224301994456378382084124302227322685095344739738,66440471772817324963089950784703595224856630712502505697276068961700490870951,63474445746624449787104544988702099482945083972674907771337976097418915060516,49102121041677802221160973283013458307077490343475968171462352340078617113763,43190043884035483249486433601451750504649413825031893526796642483813469804946,35645228255255400003882911647051451220803549985641483338846593516540269808345,94086156922229087691247988340369685816293560037881702705363044814942762504041,5418780514851832288783250670976678393791317405066364069278588588259059842688,62911113563860726524614245326431001037599435617196314664495849158150107362916,7642809600635007997091092757034632016103192218833543108716978605095183267515,89388483244242191257867692235242999807177796126243332487495327680038231480754
58,55065236041639029517729594353040823698490713134807153397386896759189477068150,58,199976667976342049,57.47260929829303,7842290535780881515467118634686610054213231290193967407475681065888263921474,37223995011863042135269033180096052877832679834151924259363842760832235837987,78568094225453153288301951828591854975437304831488639780093741247076598833676,78568094225453153288301951828591854975437304831488639780093741247076598833676,55065236041639029517729594353040823698490713134807153397386896759189477068150,1385625804643204642396819398204627605815815986091970887669247132063082024568938183811126239536562729202449342320842016968924861622486822338269924112212169,482312794879251398153688413965690399422358983401351010072363405978811796459494618685203020719338630937681261389878083187060738466171045795851692989745873428232955565081633452744953368339192803572338543741289713697032125952284431,4165334592855907797906084203291734867988494365777167729443226042630368219500809407924421309911774617118024242400437061140029733052896072606391954808474,800203740775494208142289794543520963941115012623,3436848896767609302208551582118981788817484248993572129882,800203740775494208142289794543520963941115012623,3159952474,1Dn8NF8qDyyfHMktmuoQLGyjWmZXgvosXf,76005570528246060157134484386022930681012246835475164934683684628719280180250,94294440562207795607775083207448350592305351097167884109054818685603951685829,84478325815099044098498200685831941838834106135943267520017980263034577186781,101999515896494728773517045226605581752057585883701703068578297795304807305768,22455929103186796868055009162526575182569363604039288553272083549627646058352,20304432904732913857207053496100890086424205322009415504617094092542172078288,95867453829217306095393867959158979671810325435493108364025826587893695452592,62900460279260482369205667500059668850504680157255034440333991767728878157166,103865373351932181556050654956798777303295880886716663453520735454096283037148,9849439398295066741698270773369632682389604700100856631108127524102888702092,85192150177162169436663695980964827366745390562813775006673862205064324165304
30,56511531810813390531630581985586811489056569276244883492669141859587326019968,30,1033162084,29.944419458082397,5951051142208904686425222322481077221567316087439359378589043642169505163867,79964921717795829095410138525196146121807237625496125940956045028689169447181,35827167519520366328160846483491761731462747040144438098501538979219665224482,35827167519520366328160846483491761731462747040144438098501538979219665224482,56511531810813390531630581985586811489056569276244883492669141859587326019968,6394388705333215050718798646299972632768648987514690645465746726230498040111935727161966358549033827085596260163327411186735182781608761859063765148846761,210756533909777640087837313120607300288794970241997532494171572692933833239597467773123068536551951946677090857134996693785212960022245460418592414816792760919781832573593432010090336900139956466818548641726565210415983031635370,1820128950932317684261522954052756621961399477143920213883245737341558538486484111820753399691846804956287480724631266695629935650838788677709568161743,1208082155364218401054824993407966429168167979528,5188673348170509001131885249690631399143181956307369135496,1208082155364218401054824993407966429168167979528,211619208,1LHtnpd8nU5VHEMkG2TMYYNUjjLc992bps,34694377699993877986557571003604462887236958461860665572284291290089004984553,66093430815299769495633839749337190487765600894913512793021820346316795499350,73759937811093274909906828762224410488295191281024170548055463982779621449453,56573390790249199824095075481195721827265351818088335522011923716209801597566,83393334462500148069955485813270984295850914545351819446174880549738732827400,780073360283552801246125196542970305335657205219922080396990631883961765203,38134794463284674719239579591313386383200425429424880558848853182312315179213,73983106775193555457440313314881264022700118474658006305973188199694133832869,28750886890326848342858375765107690430012071699778730033903906878793724357842,63666649848236143931988835354384145159454119163249090167521419029409547882024,5705242574113283432126074802993909900055061578548310178129433092566652122178
29,57750067752607193639767614171355142716652590295571028311046794659533878863929,29,400708894,28.577979290797465,49151630029556619633156338398973320854679402706053926415074712059863391894326,111171837080378547467348261794472043463254055018894513032574226962726028294900,4620252156937647956222723214215864390015929646746051006883357045182806376763,4620252156937647956222723214215864390015929646746051006883357045182806376763,57750067752607193639767614171355142716652590295571028311046794659533878863929,12359177359826230561134318457857504704352539362007940597179260181500112121166480970756229154699603515934469195399756815331899137762340051272595401366010000,118744574364005216809496761616511564380779980621162095466928374448393369359411470014335917314479478448191439839206467350721362844474931205589238091304809458666504903492996924967503954586535233105722070832477592002109629771622877983,1025498159210495764108603631749438746874100503930743869488839027808660070963982848678676733458651613117052466548755699780227175456593822766212734069364641,515268194363014992560971554439871005288137993708,2213060043458120945007056112305529566171195739714382534040,515268194363014992560971554439871005288137993708,3468760472,19EEC52krRUK1RkUAEZmQdjTyHT7Gp1TYT,103228514302814505860595635597176090628525115252546940796332556884734188629644,49045451709082451425711395419235195911792384510474149057738781215571231236287,42763524744004574155744838736852589220759522166859747463129414854110920144063,93135119997190503246899407647701520885763521149094351816429802602954195525137,95863179734972175095309469403338952685657219122121681051473644268009295256535,38504771864206275240921954788538326261880442292937609113110095203189837210361,32584707727039298695279250943347669216882629540923002184506998661049554135027,42632013870733299181132049910021893897540302535480859269085120713569209478732,95266849622930727365997460893656199113780012253558316359213725314407474866869,74574441630411938576392701363495929050046731814699520753316519369783531973586,93517597336909728990970212127433353023440071418987939215049454856658372518502
57,60156711556969636899785621462052651031748538744381614826564644542963015235295,57,138245758910846492,56.940012835374134,74691033661854708945097969794875545130743253282866857528646094060486887766762,50520096726607883683128959576900318161316692878968149241991939304173485276380,65271992510708311740442025431787589691953291786672414797465644703735349395283,65271992510708311740442025431787589691953291786672414797465644703735349395283,60156711556969636899785621462052651031748538744381614826564644542963015235295,2552280173265816604016033866885710646873932796355832889424074346142547234244968854827268778365259803384591640252186014631748122599803346820160644985904400,416682642094384420557631356184003135676536675551219713875434719236071779041682990119905817788613143131279347361119447700588038930953898334671230201979667634730527480255367965415945774505080005433923510403357448744920772624662362735,3598541531109195510939310949733458067324203418679383352185489485155299440080249917291200775371801605469645594028552602263323875781836720987161101406254545,288446282595067968546013571889449807045549408929,1238867350398590935802284962437331848694145093702600910865,288446282595067968546013571889449807045549408929,415524881,15c9mPGLku1HuW9LRtBf4jcHVpBUt8txKz,93285566609984030961472676718762319225408216172984003723179105495932766142243,88617302860420066739008201099468662048750804643046965269186529865468460211391,61570753263016947398452881359620594641263755032902109710959511173869830096656,72510647266026651397363358053831348933742713499653436083022874456682244422014,107954559459707513272013493708346140017604360603014471073489088660236163538652,40473224352338400700954021970683920436783047970158036117366532214198329217853,52437798559524891765865941458083204461325959668083756859315185302063129787272,77163460513884449162249445975263429408278330381018159419546213481823851094141,28747807963565798758709865684181250395305467766771271013432772131754026796843,25952293217326452176049229892702690908238223427376821942417064941614065842070,11202528647547243889053165862642447844668324781893121025129636489366610093267
64,60574050222707083912728203433838404592054676261091944607037630550581483303490,64,17799667357578236628,63.94848408303715,7247729308732252718492345551507130715155957421128527268563563649761751702861,36707592335952288811734416422045697926733415491378770888054924918276179427221,79084496901363906611836568586642209926536569174261793151402659089632655244442,79084496901363906611836568586642209926536569174261793151402659089632655244442,60574050222707083912728203433838404592054676261091944607037630550581483303490,1347447335102463211198563898600120119274366739373009921068371185544028117952692110753750902894525279210028969767871385529461304073359075861776119635782841,380720177502853955158743896872278486907537865044321816006387590556852418834516204870075162627647872809130813088872802726876862112300423196493332493733338031010059643302926803116949700156710335384016125158522701910688453805303388,3287963625240122724840606503475195105323135763620184989771650913909536223307670223714157779594768897947898660335377890389619891371660410974559433406669,359043673790534646037006540730459475416853924004,1542080836766038659083879098175415397968703570807545415491,359043673790534646037006540730459475416853924004,1096042307,16jY7qLJnxb7CHZyqBP8qca9d51gAjyXQN,95289007390749374579305286364318519546431600562314512178915655413230502349451,47502117741092631474750860905370461684591380914194045987316147724928644461888,61680680599665383259524224366636231814112443050317618435068461168298632674360,65639906242916865376946775940159930850770908034700997188555461719787857263050,29465577498301892874447356809108459800376646931005103525173469312064833411057,47618743726334154527915595950534330125388113258327874109212653681549235104737,104745358596692322851268341031400905310221967816025199292279315228309943320238,49838486974675390281215489820424285243717399384766172792158553353167256388895,8860321197860650917421960178520453975198213055421747232440140607620918592034,5440950543476739186973655625742658915987901431258486934336920130167262149078,29549242164143758313385215772114328197211693913942487165103899371449101293599
115,62588256918226842622187354287916790471368729312817333427397440534855808792033,115,31464123230573852164273674364426950,114.59926296795119,32939465712855543687621080654651021859979376333843015892822995152318610898773,46560755643746305144975040470607841658328142774650200719470619734417618747604,69231333593569890278595944538080066194941841890990363319986964273491215924059,69231333593569890278595944538080066194941841890990363319986964273491215924059,62588256918226842622187354287916790471368729312817333427397440534855808792033,2167903966116653406430150068741431094440701433273026749118537565711174634022308453755221827245063612073572990696099697273335310658548020653022333455740816,35739597037669312914147083210086286785221797518519143608721186609883197898735972042627236178092847350726776829532914325045840006364083580784750236066979714373113682116402699549958904250029328096265416327282461331945038237151015924,308653184108466283531294303687339108565315488920694128625474788890470600022413440331705937536870598556326437213706751575569870379261004238101822433719516,1336242137349918844473431344447377884268099680676,5739116279455041545267497965302799205885161024573833070153,1336242137349918844473431344447377884268099680676,2369898057,1NLbHuJebVwUZ1XqDjsAyfTRUPwDQbemfv,7812888041447500721271141865279007195960841551434111413812755890595638408863,109975138969683346342909810924627120961694035371689657624926155178279836845691,17196895788071330669049616061997616345399314593602052073008992457692035922479,112562406785417764916173294637830343882659009692262992356879675129768799482948,69005281318876480428014233914600838808635783608380772874862410002690533880818,7579839113822506767959076721619428913967936976082942186464998787852593841818,644525012636128446756715515451698265660038112331971390645697441252332961643,70340950788213721176361568086222922627168108493202751158849268629715808623994,36201731100671557313760156225408108178367120606736519522967324007017261094091,53589581147443978763501294949963567106843811899964171494188248436349105571617,63892325232800360222797621068411601692119946537126475884884238662121718318290
26,65130384049844948541515279364130290051617767025604873290036615935372201918240,26,54538862,25.700781261712876,35420539632094692837984746081431277047695579008914218444685265805648713712655,3358784347258280833624896144913156994018140069677567813380874750873563501770,112433304890057914589946088863774750859251844595962996226076709257035271169893,112433304890057914589946088863774750859251844595962996226076709257035271169893,65130384049844948541515279364130290051617767025604873290036615935372201918240,11281432291387235651285533871087882054807215994249895991534388324222353484315954786070778220839739116700962176253684942934840119474659806624664793132900,44439127148015419017105076803990275588602459273680372608470554724428187190652236283786227017359688729737268403353732547408130872026400074634556667322388658829535813576979995489010528769181838545383049844850131629108327554113411382,383783792491534629086662646723628639180431441356589618146500159973169681554037013087519885792135476474297922984756463448517013353649049478177577704670414,1095673872063665820899832388566612622792828680495,4705883447595132730637773400775165532395983366057855575951,1095673872063665820899832388566612622792828680495,997484431,1JVnST957hGztonaWK6FougdtjxzHzRMMg,73180882171094405948746634395592847637840656020293791007238446227453652699233,42095799610081841184321569461332342405898102147293048841237082797893201826919,32910363695884598053580177527343061582670114919302423008564273063266373566086,76359724472545373210858708226608340078456007580515380395929878946763000652759,24853539228389162406032548187869119342710650531248078484057761373512410890300,30957237357802419889715668907522091800993459496797487641379353082669285540058,94792976796181024871327635701035761505597215590062460368797255865837606047472,115601660227087456139901664363577061605092180304988289121097259367311675514753,114380817681393997341857901470804331587523863772734917788141698842184638558846,29223909088091329034622511195291806945412538536067977922262204406444157556063,26892127075279944107137499639458336520437548936724682735691957262776107529447
24,65853714836830184540880015716859124605011413408466748430679548171429868059385,24,14428676,23.782435585948495,50051642716414720463187965900760752759743717926024251995580996834432353782028,95977329040668870486165415718601595529707258475317259821694622043699258647209,19814760196647324937405569290086312323562726190323304217762961964209576024454,19814760196647324937405569290086312323562726190323304217762961964209576024454,65853714836830184540880015716859124605011413408466748430679548171429868059385,9211647689780820127072133132312489925227626822368328653661485239897748458891490805082744791907649878506792990888009062428635393768886426311670560723489681,125387720556363790751479139022251974365271226294038872450512193715919548687467341026783222079671158608565542865834966505298348492301962918099273823645304170892922009576208330975493212145883030572750304007180656979634727760111285959,1082869489463838271124518309152794966043039728274499739046345391158744832068230806387959941588098536098104357723846067025871582409380093537031737660200106,53385893695830736954287151536774605509274148399,229290667491325586770241962843443071985633892071963132854,53385893695830736954287151536774605509274148399,7373750,1rSnXMr63jdCuegJFuidJqWxUPV7AtUf7,31810484757045673685334938104009308728392128078253052500895828786640829079584,47521885490444316680498709925331610002721171371456517023809317304106529784562,59237379540886673487383206670187440800624467857301499427551729943276564972762,101112833799603382765155495020464756145920585275796612921208656590310287010863,60354729358402032109895447320999639211324596131983864413088700743018068775710,14690779756545404163804715288142928456255594959435025324966976606328914042296,41063622022721311516932648090225763782603576699149535965518170031938048165836,102381375789459874899645390402921763251597998263480523078781726302852929204138,107013006498585759091275206254130120810669112407985223522249645889427878086499,29715886956769838922195436564105436502077498009527429135125135461234181975620,198795932267803917992208454581021467034007144842821507489708430786949910731
28,66171649858776583974173898529110806807369274556556760081810852058286881831535,28,227634408,27.7621434032948,105795941560543818913296116066690952042698430189737497838953392383707833745575,4504033619411268082483771859364632124471726090349020722551531509720449239959,111288055617904927341087213149323275728798258575291543316906052498188385431704,111288055617904927341087213149323275728798258575291543316906052498188385431704,66171649858776583974173898529110806807369274556556760081810852058286881831535,20286318844786967701026288388678764710063061048630099063560508919252162133766694796027599704899026162717713847611611090624200855260027843619500762321681,1184150831097103735251677773512386229516210395047181240099609623156352665331452390796507140058301505332347212462842099168702286681020080505884425656655322243239139693553217450718844084203926659453536736232195075648918426889136984382,10226526172009760111597487778893033194571539290185671473404751155750676094101380363478784995187213222900691555849461631418930391965273755899479336140310627,108620822813522492266376581819639427924697199066,466522881648689810844500339335619513448723620693098325095,108620822813522492266376581819639427924697199066,1826579559,12jbtzBb54r97TCwW3G1gCFoumpckRAPdY,3238303415404160110853729718929070454136528048897643885152797855330145144881,712629566589165270776197062020520958865133185027914570328005051452551502486,109199136539256886218503017054618650650794902839376801008440613262864755468429,60020847237332499445021492580479659898465547254192539507800724481736407822221,102456622917063037915818292633044018516526663615571399512386734077952185614583,49521181532611414447804422541984240859433800494951902051056404242352923623930,28084205253839315673068471488467256607026985558938826682380939680190930164901,113128524577693773860711400788549623273788166435054398112631173939544494408307,85229262763214422691025648461919299684678226472836097905976341990287522782678,115395445876323896080580372078326928029622065105889567201239510733013997155936,49244487504376092734143801710691936581021075079171469503691721838085211544716
62,67440702563089589535494789868404097296255839072807226394981959094548600564298,62,3908372542507822062,61.76127369820932,15877604754714859824235961000680666017735583517798512888980505728230641434280,27676014891220873617147919511945292449354083613136393884603452417089983439557,88116074346095321806423065496742615403915901052504170154854131590818851232106,88116074346095321806423065496742615403915901052504170154854131590818851232106,67440702563089589535494789868404097296255839072807226394981959094548600564298,765961800259079544915478491879286738135625305898481225766975171956665079264524157518502113028426253091141388469279355816207460275965387137932508272356249,4002717686678565696574603549466543313159625739732999821940115854662895963845971601355029065766290117777552248769947994705814271639321847336505723181945714804176427481061236678415118280979098193840155451844543422337345508338752007,34568144620613806633704944452757570574484592354380465330423794015969339423754298237674371314886491699530910195072214102768462063957317383125492435982066,1292512762774665325481363539472456428946164135801,5551300045779793790287651859521005455108722707917611485107,1292512762774665325481363539472456428946164135801,4213721011,1Me6EfpwZK5kQziBwBfvLiHjaPGxCKLoJi,84253352241417488605848001634737280457496609771325778751622508819615345409565,98140283811045885041285251339126531967067186993622018159840198070390950255248,41722079419013937888972186036794796465003077953055683724455449622539411739767,78080018833268470954298200398330531623151578741647281510346896418919701417709,49376211189775059286024960431061058262960485822611734246184446075025810245352,50070425599676330306027522496299428729711951927197619251306468275619714031245,93938929966336102195648685355421625235090316825775747412861875707040939011045,110080945246725198903148325793458842188087011050914343146958502769660144720156,73212453500942979164474825401197569685692368594732904539810797670991731917533,16590709177657187075292613705488609276182607049696996635134250036990257730557,113601693733013061330322441080350939567082423169189328540424383578554220958929
5,71355287026221043031892875888979967678338174342476311301060821258280072270295,5,21,4.392317422778761,24049875635381557237058143631624836741422505207761609709712554171343558302165,22669890352939653242079781319904043788036611953081321775127194249638113810828,93122198884376542181491203688783864065233372712559242264330389758270720860835,93122198884376542181491203688783864065233372712559242264330389758270720860835,71355287026221043031892875888979967678338174342476311301060821258280072270295,513923928614306355838582858132076059788197557483535024209048550591192412113674593755515872443285544762585200801946278676806097174696780291913432570045584,13910364327697253738747815623133682304326542571893779145367098664006740386755931835431108098771787958740168190366482221517451335836133291611723601201453878753944307593213455951927991994446321417954468999626983508829720718300342132,120132250996766497446347109772568784890288702117615754311786645439807214829627930305737424203399604247741097736638771827326864375711373470297440017186396,819909130476456583353010126295286803050480151528,3521482901088177923465076515595086458042205287913126140147,819909130476456583353010126295286803050480151528,3241711859,1E6NuFjCi27W5zoXg8TRdcSRq84zJeBW3k,28940819588568967548464585500537648273514304450941424728482184345347960397926,68621374266081758853540199177407778325777232665001538821408765945042337246092,7739739368872820152508194259635229161115984845797525251141302474031981103245,81718416516475507865209892189921839880477866363272691263638869841059325545312,48395073198564305363320968604006626792869339957192013129457956314160537163424,22078949034186379494818867612980518423666667041582454703550520815507989938740,27848747062597168260950308612862619518415241149936002666914044417053068596417,43417989052916266824629325184219454301841223216334453147583084057085567348730,105061604379292445136185121180740134464740004999355954067036239059212991816422,44550611283521460184027748522687730467172296299315837419531046537497070824718,87396378840671381667958750882743771014991170085855332935077140784899903870888
50,72110035092431855636959266025925384360957876371022136825879066474024181605195,50,611140496167764,49.11849741030664,110560903758971929709743161563183868968201998016819862389797221564458485814982,106403041512432555215316396882584033752066537554388330180776939978150437217531,9389047724883640208254588126103874101203447111252233858680644029758397454132,9389047724883640208254588126103874101203447111252233858680644029758397454132,72110035092431855636959266025925384360957876371022136825879066474024181605195,11321607243096445627207272455438010080767332862309070598520044777025662268786233158259998108931390475154678278169326503751521426632140464065054469413735961,1351464805217163935701008446150527229356850615232038372209591007569815950558599846097719263617523341656520973742447152618213575375298047601802348587327005401746796438669213491844514298934483488482973971919203433479246336455062174175,11671477854133309715032665060910230361052945269175971290696367262740964313676821408003159584453742405111633817840139288769620582134254030639867635432759578,1267576749599505555747068797843308804122053405255,5444200684699857459703965334599046646133089367938228221215,1267576749599505555747068797843308804122053405255,2568680735,1MEzite4ReNuWaL5Ds17ePKt2dCxWEofwk,49222018844424641051719754370106967553577930184617785863951400072849689447506,76549209163864444980841544701839239124262725663838118687771561779649186586132,51825960148314225124789318660678791219195840236363604935456321594527263203767,110744843271214128944871525475904428056397095129392598748039784441884468242363,26870790993029001315632194678440227931718448579958513834807873844434638875384,24968303211721933110128332056558504915584150221225817835716440280272149345632,15039583780417523110872588164849600091875281224224741420837905432843684759369,106612355770169917689889020315774616192452491937222208753854062117358241216496,72590345984191106722837814263610578133963615845458165163780426064617473743679,50133745021974993111051742587688510942362282985612182554762947756659062009169,69251495623878912576745762724594497381812069962817767938740383903188500389696
36,72396831519769445064949424449525278116711537583900172094397325980078877174674,36,42387769980,35.30292901709671,81372929267933625950466299134420767116313809747786657449875828371774815844854,49801825835509570606281703408037944345584045565504136549095842398335950992396,65990263401806624817289281600649963507685939100136427490361741609572883679267,65990263401806624817289281600649963507685939100136427490361741609572883679267,72396831519769445064949424449525278116711537583900172094397325980078877174674,2480221856550428540394613162351249589529171055168329448392681401348551891096965934158244374891527860757361548228471590164678076464364287880507857249820816,538815214172385719598641962545006574915341709179944956680054146080898946677481583947162362981361308564063151533340998980589656446227999886631224468280170053224646410542426307389636479128107662896053225747376301631893310005702947871,4653299009642036101983816853978219923297451673611895944138702125915181458016626499905365931058579353084621326658323638886251609522463850191613059171853985,666209680845499668942276208778031274768217029943,2861348791510018706885903228500512448394682123839411048278,666209680845499668942276208778031274768217029943,3973304150,1Be2UF9NLfyLFbtm3TCbmuocc9N1Kduci1,50559041504245687108034714957202292193356955217926168095718270506666734601686,66540477566834591449604791688158690353280221614274760286833267546625853291810,950643346470526133226742993796928045474155841667756240242166946707111716178,104632201712804021018001805530439405633978379170031398005279506014393463982104,28709279921756011269648123220807463250997192316318856510671518035148825087078,77591814929715817780163907476910496981808743058792303250254617041454523305668,110528062423062224528734273441269761992284439952937848974138220134621442459564,87813910113657980073283790265669968198311735051403585013480470779453693072000,54466054537444115092374168366826558147124914934523871465293337000814269252809,109238314887164129764643902245520765761592364170375535556747133870810165283390,107120067990608973526254780387592228279318128003639559988343942657778168138576
75,73030389504535246483072766602050313326252345130787236398426481454522845560103,75,22538323240989823823367,74.25479827641763,51753319958850014318422825155241699590216770953661144053284309216551720208213,70145941657091582687860683718295708577963266312639151937200559702470585069731,45646147580224612735710301290392199275306718353001412102257024305438249601932,45646147580224612735710301290392199275306718353001412102257024305438249601932,73030389504535246483072766602050313326252345130787236398426481454522845560103,4920453130960096213407941911884116982191469549878295923434813406183967931665370722736374978730857165567067743316454746864082787044817247468177730132412361,138616409258115072807844164988771637130118376372033466653428104639193792330138752443444246615067787139995000056127982177201647588197482027387707793471787006157059801394183848742325778107099975762165414878109428316050488820055919604,1197114674855035845199423249206021391389212879815269955989657432221181530091336144801666313380518191307376042698185301646213372485191977129242157752126661,1066857462653252525599924701941488823087534958031,4582117911589260985481079374901242200710492390002692160745,1066857462653252525599924701941488823087534958031,2814606569,1J36UjUByGroXcCvmj13U6uwaVv9caEeAt,114894528340926643479103746248184818711448156963876752355973307318205845273829,42386681095455027581197638080763857693798432352775312474498903902097002738057,90966746752149288483422499611596082846381939306251250651070664639273334570595,113563821280490314092316134008104734602856194231173606699227223485192673857684,11854882978841562792763859066790210491315584751357086557575573883113872327981,28456534728803220962901898331089708785149605465540862583963590408002364357828,112420279179931807575717438914868224731049351488304870533800298370079819715655,52640009758059403458816268680472558591107123841502127380638959355107155768413,105227529106806740690974401590873877617541000359430453187643027587474852872837,113330595434936859178558143706227217517526377036800033567552294183689189194238,75881643016188185586909073550608673411195500613654000247178853700988563726282
105,75722603996001972189847956085577341775443197012869796282243900010827410025826,105,29083230144918045706788529192435,104.51995845338115,85472652198433121950841823744746716770135193065697857406943610820940839638907,2273491733972386163740165494026048845412452493532013887904800652580241064735,113518597503343809259830819514661859007857532172108550151552783355328593606928,113518597503343809259830819514661859007857532172108550151552783355328593606928,75722603996001972189847956085577341775443197012869796282243900010827410025826,5168764664440767099039236072873481812388634514829753704262614163153920366958783712621090540194211535868910375629215746113002041605484107644806460620225,624426809017260970737262102517271301273318569248224409306101503240850065323221590808536496829307068627238922429568084406596680070999486077574193209153683826131231114871519635543839434806470946571070690041139580553771317645553328650,5392655172992833403768748428307589565574537608383643570958977767672940179350286123230355171730244196594522554664527241298279197271271915692438197056499975,711248617921246431383372316888446851610771607728,3054789553296952926348292139227627707902428976518844682732,711248617921246431383372316888446851610771607728,1743819244,1CMjscKB3QW7SDyQ4c3C3DEUHiHRhiZVib,50009215720558299186211122949476812585757568508578130478579072801392246575715,92756794163531375119646551727586172081506608504044915618623321367118260415130,24168717610875573882790627688563681477684974765617979114812310403851495807141,34154035137391339149027847302405579848316817102160641494794333927157339663655,13814669764714274317865076481384681017893846816039853919137154349291382848826,21440110428891090031540112319571154805166824374154670743070875319491083094431,70696117929648829857814455047359468514045583984522009588226761637900369910552,34987624107994540911737384550477945297619956540105346063961463289095159587516,10534068954744660534305363043230269813747866136568817055422988169013638736976,52158235025385780451261479483598833053164433218354982477569481641162971972391,47013273836544530803401143512811463938809418643683939113404059239568489613319
43,78020879405344719513693594931068186433313620403660604354270756134812201400139,43,7409811047825,42.75257389253688,75172231921983061963707078453586218075235954430194816683547821744757539658477,89836151575228064517341400809867031783033609174401477513286549833346046540900,25955937662088130906229584198820876070236375491239086526171034174562788130763,25955937662088130906229584198820876070236375491239086526171034174562788130763,78020879405344719513693594931068186433313620403660604354270756134812201400139,8070534129847351857722574611780155011822627675610303770503446935346292381652747411344228505337842028477006967208177193707436216609529993547868855372810000,424788093155387222858014900352533819924629362157779928100542968995890538085907949593557895915366522922061509888523172718895045064400038386483023432851565178088857113097242049507122715230438871136191435271465974251355078250127777340,3668541572687084815221808796224641152174282553422925493980569013823161580328653552892474486402309168724262378085784489867509348123986171628847798363436180,1422258317327597411975229754066466828059503789815,6108552959386021002687850555801598036784423919246535206430,1422258317327597411975229754066466828059503789815,3052316190,1PiFuqGpG8yGM5v6rNHWS3TjsG6awgEGA1,19623447686759255156155092702301632726250235021546621290564659296073854024584,42339025352638812231237550272637397269371679318739085583143104872923874103092,33858754621129279781757056128433097869642033550699822788650555260538182822268,64863916791356979475001269821075346695500394626188824934061561723859266031038,28746935538805551708562662077116627010175606201594629308246654629387943558019,15647150665953704662350414014113594095699294722175808013059011876567512359285,5350804738526490973130528468300571462718107828730110507809737367188558946434,68296314832187121162058148199067455079292509456400144131200887512929802703596,25930587821945788088315769822022549573656050548830342775950032879996366489153,30828259321191028742363279437430322636464877529379472670102197712075647869325,82290281716646320343973642729252506665606954044446111798348813015343988603710
45,78117478037208494875227535349289891393990653452899513717049029520476212155519,45,19996463086597,44.18481007660202,50112622098186670293522308964212376217170487478698098151184560544369839286042,77166245647879752064031295604889546052840057843077005375531342667030458077622,38625843589436443359539689403798361800429926822563558663926241340878376594041,38625843589436443359539689403798361800429926822563558663926241340878376594041,78117478037208494875227535349289891393990653452899513717049029520476212155519,5954629467388920776372762423179323654873542683720041940768245093195045890897156180598854788699262367068155990060604813929877162677891660690240427777174884,125846569725419096186349248038336328092148044556381989501009824039179652166092397485480365081319871421869186323868994426963171501343250747473239915539182184557802847038991944450162014249989922974962892459741974137143823559797586095,1086832188229164914814944412304190353010183156228982222686728702625659259735911199466975048845281496799741338783907433831134209132165197059542253885247397,1370924023442753987668790675498329316655952430931,5888073845987365705211043231135072917675343774583100272615,1370924023442753987668790675498329316655952430931,2756440039,1NtiLNGegHWE3Mp9g2JPkgx6wUg4TW7bbk,113928738975742834702636615676105476506234409501509192363657523833794369922142,23512698816717858819255030623614537953622443629374554396300704384961995817981,85067542204015173358136903071427903513174418050413437228727267001352631089480,2846958558676166531772258047672687544733594581186006499350464304176511599255,93250612689089472265043720117432621105281393082529779482098812621138937598398,36208122678810685755104069787124293662399778330924384768717383679357108613897,113609565913219949494550574496035835767352946197288695256278800066569272976190,49717479225968448457838486430313560024359307812147040685895010468995801668400,15232576559480540991483856821472884206622782354755417988319651426832126109858,69941261414802037234293997690522880058611121687176736314939708729248598243898,74313476467313156438030911126097828580779971792634344297756207071529130985120
130,78293112806674883728082835351024986493704535419699925234813921884749437465430,130,1103873984953507439627945351144005829577,129.69777118824928,44886295857190546091508615621464465421050773292389158775895365558788257183826,79820197542983972470655013754473404410649480536210503962616926227235987362275,35971891694332222952915971254214503442620504129430060076840657780672847309388,35971891694332222952915971254214503442620504129430060076840657780672847309388,78293112806674883728082835351024986493704535419699925234813921884749437465430,6371263935800984595732114193852595384390766631433073693434361076894085245213749825091045775172842410852463307281149559626133262782211685808003512093175625,90435991227725962195551042283629695883874247628550765046681782814639280424455312828478672380057794018579422635780110701580997466402232865035504387058146378366926297880409678548631606527777282010885906347232237510544212982671083983,781020463689683992183282654044713685825479243900364879673188496479752689338951445898886412173130302150321204356210963378659771422187459832699344905842266,926487466391190518400652264242117545057915817845,3979233368304062419036087699988245081811554863565622070271,926487466391190518400652264242117545057915817845,253873151,1Fo65aKq8s8iquMt6weF1rku1moWVEd5Ua,104524800992793883010420231454833767040989540451909701122657666607745008599199,82289083085836758057840834262544801396236867072505049165217201156041905580572,19301703720212706714402944062198388549580453536883500155265993427018939762102,78780160799837936650930535699203000025526992089781725315921026046561115948747,72274651708743733438338923645493693794033395534377885099670490208669285148032,14191229409092100726003159092160662958229375891079344693646580391359224435843,64049590915739661480381651509507505465187476567100753801866935483705754146766,67699132262212600353395037514705091352766141717994050718791117960531940545531,66406500625357810100346214201290865821341483331441392241144804583399304550066,55862822274758849209149822087980739667746333902618075108662059766058582453780,6844406619121416863407978137353310678794282999658125712624848727392023095097
135,80184233617433755134183875136831551618578922487806929476230322368028862899169,135,,,9210836494447108270027136741376870869791784014198948301625976867708124077590,46351506704828816385393879789131775975171267756561783641521771795450741674800,69440582532487379038177105219556131878098716909078780397935812212458092996863,69440582532487379038177105219556131878098716909078780397935812212458092996863,80184233617433755134183875136831551618578922487806929476230322368028862899169,2148462173807790720104625870053720617176214972925934201003717892644689216467745472285388612085270990752723147529668451092567054504286572589401508955040000,781442844999823570180687756686769401983426204825264796137944565997591859356256666683248414128209729910252220480045059648470686320642494797753675635984664818779640736340712466538664129735888420613483886035628657981608921146479007,6748672125591018374099144633561370875368115526597691309052989030161016954248076489895037255118891744016671471702653958435380935561367662507549862547089,339313561024031265435986695011695739557734064934,1457340647687514555129058036566359538903001312758743383575,339313561024031265435986695011695739557734064934,2072985111,16RGFo6hjq9ym6Pj7N5H7L1NR1rVPJyw2v,39298729732270638372340804244585851669937577898443975550532952770157030259361,51837542139495380770283728226129781265890879525578021911967083090077095511878,13479944832864042727258316762124318181618949885656743505456485812547108564198,39494678352565912788402111078053357328121292332779793592863759171750876686216,90653255469745952335985143920649543885181555095025199315947044135806663628368,15509729875763924304053419655647994379903175655107184284998698212653288468986,66278737796829840734606014530466656889790152192829793669891337810330530090951,,89798975739870753211046426177538894165843096395921167991329413947824647230136,52075956692233047273669839144696936836830552543088187308544553955164314222358,55887568056212833702047564762488936231662413397020461402625354877323392181807
38,81109335983516311296134162926226161794732797278751507663390297633087910517321,38,146971536592,37.09674582471605,87015243271585780626985033128071698022561841908393138262300130220799103430854,25209357855024485003220583383100568569907435221588726049011254238934071668031,90582731382291710420350401625587339283362549444051837990446329768974763003632,90582731382291710420350401625587339283362549444051837990446329768974763003632,81109335983516311296134162926226161794732797278751507663390297633087910517321,635511723462684703441537627528280297044166829622894703928173187460817828615685054772336195516725596208113695420541540866801445653632645611774214667416961,658849189616702981045617598572698305436352939960790379490637651394564488458542530147432911308558234819923690967077944403766187454391944611666273725708364517685506220637554192131156235301184777834404140828510931261548917425884475871,5689932653917227552580374743842332320729074373382202816331920330649441261057418326937871978566547525597237491643431359168329522273929040480180562508397570,1013722433278159602814047952734852660778642936676,4353904698151237565154685526371945937422853308288491430199,1013722433278159602814047952734852660778642936676,3672482103,1HBtApAFA9B2YZw3G2YKSMCtb3dVnjuNe2,29061115338196032877828995170627434911489651265683607140806259973083271961384,112324062974823703474757762244097557462604630307872361964905355952144270832967,110030386592173950851659083563916578099410573523398565246659623164030071875669,82234920007256331437243889488603976412480494159064006890120113020706594493556,114653392396741616405498061400529381717466885796401007408558974054179769306230,46350125549776733727816090369764981013028714512048097516595894574355117491167,62042216503578372684311925004789923054079071388334701935275227600637754141304,76352223653265318018018707044091056091941897132328352100519489878603245912673,69272503578765326998873727677393938225693122967476852164251589311215249840405,31410754341799872845561903576131801950666540967818888528145300296104249437106,99009921655809824910768017162412714490807222838719429226849035982385049425523
25,81786079839118765480984352516374274859183293675424089730046602444850022218449,25,33185509,24.984050066697332,2487269563521372588638256629682732896198248350279877738175192749508256023898,83166736743316151169117427554752633507423263386878521247276704816202397537877,32625352494000044254453557453935274345846721278762042792180879191706437133786,32625352494000044254453557453935274345846721278762042792180879191706437133786,81786079839118765480984352516374274859183293675424089730046602444850022218449,6916706100532052770155061489760707295074092067149969126722137284278819775018407072042416042722849800987970349705116402277084466148233181394602671649667129,15387517732977136635230905781155301944045281524066149170140289395097953647336254660838047562565598684626142874792135401412781905025540472634111759430032379634397123803688760035593656305758281766079504687358486748753206764026799,132889196786495302291036525614479173042070399982067886892081589242413071883184510498718452815519070615059269598724123358525555799172906296927142570090,269603043908408876625075787454789060252112076219,1157936256488668144500799360639766092361394882289391703116,269603043908408876625075787454789060252112076219,2127369292,15JhYXn6Mx3oF4Y7PcTAv2wVVAuCFFQNiP,75858563090308410924853008258791271313632745344641753926704672077644904809983,71707779100683266226530748022382857776129921284202848968292465495467363994466,35868770243933681295419708591191730560156281463489949877125500508412015635503,41577693874656866086178694724852603190391040589055032060915345984322836680068,10473819287466813962813985003697261958725439586373323381158568779047942202439,51187377835802008268244856535742717031891430166692141665747198641690102113113,68249580175599883060599305268981742683157155980974266791721042548536281423829,57952843850042319027826502416591527247682056513176020717733181534255580048495,23906667702399163452938387067445749561878472963463804537013176454990564790808,30601007269662272029416800081429341549534265636249383058034400564474038060773,57353762655871713641833004133184707950340795045835466926903221321634745112280
4,82990125521313184298913304572568244533370608373326388832575356830610908273516,4,8,3.0,21262057306151627953595685090280431278183829487175876377991189246716355947009,41749993296225487051377864631615517161996906063147759678534462689479575333124,74042095941090708372193120377072390691273078602492804360923121318429259338539,74042095941090708372193120377072390691273078602492804360923121318429259338539,82990125521313184298913304572568244533370608373326388832575356830610908273516,1743061940234873109382772156275825786089950698559544512203035398637906395081499309756916256623618696769327785164527803105668030913613040121012995571599376,9612046276567924835840949899307270145614522393039938532752059805724001538722977930466234410450600277628940076065330387444590691237726369600589820043462760609600811665867699831069468245742071177771787132523611834398476401338121736,83011251803808551898679884434152710234445582922264825846319326773505321679895460450081089445212101436830949254801064806745670162317579363526980701475720,858196129710125108969461473765761556086357262631,3685924310658761303092273292555907847924974194773536724969,858196129710125108969461473765761556086357262631,1308809193,1EhqbyUMvvs7BfL8goY6qcPbD6YKfPqb7e,17558953847149022785874790389962149888630482149267130158837112082416342742834,59024284578670563216293271533823784064238234545346597015059224660885100811316,11946515646668705040813881114104990052868043778204338572487736920347792232940,55347558178535114010779736047488242699809505392369188271978696849000647029283,81719680914257392976814190366479079199424929162928882027166082648473305202690,48285960684144183851432312852448314123839041552886325699662719466225652891693,89101908345684064845598335041201920626347105890197653752305951317988621430326,16676367262302969673045816106034197289694272375169031126251677730837453417951,86015426558385510178131370100487323055290710820141918707632860131591629490886,22562688703136928616581721583506261209620874335823569847164771378223345966251,35285426064786495452986537587206003635987327019704816394105187167515275609988
18,87450468766358250327487930823944303621568559046404589778197734136995072542716,18,198669,17.60000724870843,5831721406635063654683117253506846208566679410118154188144422804291796683505,61770026510604113021686089777374557608174938587526483912023179154647723408296,54022062726712082401884895231313350245095046078114080127434404853261111263367,54022062726712082401884895231313350245095046078114080127434404853261111263367,87450468766358250327487930823944303621568559046404589778197734136995072542716,3815536175120734934829536893436303541290620940611309796059593849848190182724860254232804366299955911759640999311596362712501485745584141336822586721623616,198330864986118136226108202130490248828783951593167923417012860058969750161928419478922995945987606353247354881662227216637067590807726685701212283048832594695219514804141019343997672763626005520246624892693353206741105210012632,1712818779697795243837287081986698883385788780968986624373882084975659316949023724394726796779407086832959191369400071374638809482935886070621523846632,988336026286508223333488648011074333196565168020,4244870910359149145252397844794819706904254536182164657137,988336026286508223333488648011074333196565168020,3519583217,1GnNTmTVLZiqQfLbAdp9DVdicEnB5GoERE,35350675718271057938417605655432548233783327509571457451827285602956616479089,9405677365023271719583677055014459735058408689434022766107700081698873679363,5789342951006040740873552090893081697487430199090773673364737821585959766953,98450829807204352393930445958750602962266960083524774896181307381503208600593,6223860624739475813247312305973718553379765106397131060302765629128471163024,74559856326655904298717148371261271642988638154573884231550295410204247681492,85835447934143376404393325121921660442734284200170143715336648090777223360191,91275194466707233806124354567873145968813614374013073819949641208752234655120,11636088844293691823305655034247527464223767382138045717649180259785785660516,26436646357962693466995767974420648807434388227030318566093349875112613921545,94887775821094116091887680172981287548308074308461985433696155142125968313681
47,89207435451997453339687041225451177663874181062856498403013923774047759722447,47,119666659114170,46.766014580697735,26267254531086005924446289926216963278177394500745127274874595717966452048278,87001101956910744728114859046409945791202748241449154110581074788749206277690,28790987280405450695456125962277962062067236424191409928876509219159628393973,28790987280405450695456125962277962062067236424191409928876509219159628393973,89207435451997453339687041225451177663874181062856498403013923774047759722447,7569191741716778615830050159110350267631701898756184709490409929835511102174387196283938958609991475721408158090981433514424464314315281805970105391736100,18123582426475237991491005935210295854874002492590502421276504465948426273976121665027893471106667845362020682733403768096640740936018184607784884914840516529401711316255015782363742996136820866515542492852200446125843281790380959,156518312657187724781183106777958939516675366497850311542556968230051775451565415031947396320976527124771203446280839849579136930392174658962361214405493,1416721772705832183653630092736940391680165218260,6084773681302694657256607039986606113367740104307309723028,1416721772705832183653630092736940391680165218260,3907698068,1Pd8VvT49sHKsmqrQiP61RsVwmXCZ6ay7Z,10553392288994891430322410407950182585493186137703711697500593583287169440243,30445200834450147579923975901734638032103847483694262337532213062096922880171,81358459838172938331266177244104968121748183435681457593988332909080331522325,82118663756015632092051244646017659867342810419201986735023562867993963866015,86047438264203450523112272711058868780909662183599208045560096220385630271189,24963154212906725799991681238829022232933582226253071304554448612253106543117,20480715834172298382049460892993303090322609773048905927822882670869887252849,20160542233474353359341531747891768524609940696523302712993609858767240821120,80549113048976544516018437847066539206959280412905298032682016356141965018116,11385749162378011244040830692978375122080521714414325481459369154051405556445,105351331523484487965068231050009701357985513809401952031964303745054259892371
15,89588762327936588195255683737191321062385465571928869773089968883667569659098,15,26867,14.713547616912694,115179987075229906903259602194857104773352008368264866291918996865985783521068,90040672269639781867601170828097460642155183514693739441068299505511569496110,25751416967676413555969814180590447211114801150946824598389284502397265175553,25751416967676413555969814180590447211114801150946824598389284502397265175553,89588762327936588195255683737191321062385465571928869773089968883667569659098,8107322662768678387290060864304924823021775994591930588838029940480250474384789090310230948986174886835830246251916128366061131060996528200450239305132100,1528027169435291545516105731587308750257363091349223507552227757001635001542602049509433220190699344560079732739917497824335157718349067067045852401999724337655489371040681814461078563196362439152140550603996437406519416667967626439,13196300192007035906241027280292471771521709890606712146185689858242212199788251189518417929374963811322551682777674570796714027628726073566659120216937453,1452854965203854852784285833963984442409559974562,6239964561381774565839402199591399222001855528496936889143,1452854965203854852784285833963984442409559974562,2554964791,1QCbW9HWnwQWiQqVo5exhAnmfqKRrCRsvW,89474500209189097922068776184753171253114726610232143960567687213116688823762,57612940269717850007912482521390258528083701596229619350098793636322304755082,89887166725535349191833239484235968132005756849743894829484073811052905051322,99662329838203749372209775778572036862975414054529308354918035195221863900008,80828301301859185268926374487193984114629009292629098623594363022749446484788,59381629445803601319890472352620818550301835871134372900866512547936444007303,33512811135967697995179260116753871259259581353979980772250712714924494897192,21060925027475131893659920160282353289546820631896154730200916692232858566276,101769347232735383071011936240583286088614053371974258887079732933838045333690,61165906439899611380203239427158512418429470156200538912958924944148342646216,68881714520925160036599495843938034056972782966322018092245562492502683401013
120,92105635985242802529279295092235243121608395324604605747695473587683941160692,120,919343500840980333540511050618764323,119.46808732769406,93499419120076195219278579763555015417347613618260420189054155605804414805552,19494200143356336257404688340550956357466777176798681646526975620299854296492,96297889093959859166166296668136951495803207488841882392930608387608980375171,96297889093959859166166296668136951495803207488841882392930608387608980375171,92105635985242802529279295092235243121608395324604605747695473587683941160692,380023839229234201089236096042818952551241924380754009661677132331620054877623139307552567779458552696439929750667625523739221379360983649204712243506064,817385140502104883755032607848577883193528189350256291002116329836492441814316889212918480003573195189868767398479666246216334620964198782819207890068065295469346879606497925535192482065236318041395427824473699061543074720796356615,7059075847805732741788234810016801715467968970984867911928185775953275846112577066933383606535874322386485690315470818175590581016204211581000563414827577,429754963754638417526069230406242595932172005518,1845783514619837371579660572026700743770821397950776893624,429754963754638417526069230406242595932172005518,4235354296,17s2b9ksz5y7abUm92cHwG8jEPCzK3dLnT,6161073976142510382017692313533523900651991671866728300378254084300676875961,102906608459206740905251117451747283910735344667762882407639691499458588171664,114742537334841472945082375307357330047514142949562950293152656447254353800566,82601684129148839296855671585904077506713231161849899252451315084819945590143,73510839094214084184271166420450064382033414643777332160226424786083490644490,10976594294804291513495419880246258022106887857042165878188703008731415727960,57033488418143403036276105049800667624117951758937049013745927841702009220581,51160218951422174722105504080546495699018048325832247026067874942869455310000,77476922096210143276150698923285889894509162322218826184947635755135945426372,33755845691025031330748337154206351303428230053776905747618865667881921287884,114184925936770380804836950982125257402298095253571122694948072241144722956132
61,92605454593406082793232233471826380389714279921567407283628931601113490940617,61,1425787542618654982,60.30646472899273,33308989973171342073697220435010985741081235541259067848310503357357122078015,95725642944317286839874181564660753559887752233498128945789602194633150111324,20066446292998908583696803444027154293382232432142435093667981813275684560339,20066446292998908583696803444027154293382232432142435093667981813275684560339,92605454593406082793232233471826380389714279921567407283628931601113490940617,9163398717102921960625352683624642432060074544661903102572655887244503524207099710915089171158537549171917178100524222252714400416826428353181593593032976,36955951748656275113322465277880404207296183205381054990319998425626043733321876646994339905341291366310959083932451588262874157385931893613827912322303106359522210127652866538559421499194082655217902566329935228990211323182653382,319157828415332877655802473164539692420810416304671961596572760312255730546964272459009191401570247625454245563775261788349287490465091629990486530597162,594164164031002552475729414164827687038935960765,2551915652968335492975781667583174069307553030125959706912,594164164031002552475729414164827687038935960765,1945565472,1AVJKwzs9AskraJLGHAZPiaZcrpDr1U6AB,108949080155987209092375779971094935266891952701612407605077048052295338584137,42681276304198303772348874361661596563873618991558769181703673102070186647851,16118497858579517291573075763367450242168787043369424135671991388105511177285,63448927485196775834317736235351523350150680404842287316324702023097839120050,39959901399619174193589302373941904001183936186275195097402342152945223353267,9961318930763977344135804058484676923072794946852730903054018064048145177397,102176452849074515908236450811638997701350908868181138892588678706176696631971,55522982957242259055178348167889022136490446806550095672932372561249764483600,42132959597885036752820779166942606085219544887604464696366841906081849340484,32668630626355218068153344506691385700030418270012376853707538899834581881020,52452341371487173298318336741846808867981037083316635440719839213343103176381
19,93022824074755329888600612644653625305983201223213834321965224518659963238007,19,357535,18.44772495228544,60338245119404298188752055094151291956247541820833238489095541627141964729881,31432635976074881250581475377260990518299484384225785790788933914681598133873,84359453261241314172989509631426917334970500281414778248668650093227236537790,84359453261241314172989509631426917334970500281414778248668650093227236537790,93022824074755329888600612644653625305983201223213834321965224518659963238007,988010604404436902757915914926592611520315681102588920488047673636196496676173516442940476457325367212529133413935781066436913292867619753943156029980129,219673679745053772560799974829024837828044138703096272842310947841829062011504024477700507466046087281215104099591086813210793939126161317577061405701201633702937221864505251597634838479247707101263447510944321985992350762322904848,1897138925396120805764465602795275778459670212065921906899854906981768180207120429253430302740555899987745304104882624586698680254370120581461339248083713,1347230398123039564363063653660119426004095827438,5786310500115514713053445462836483634141883540898412456964,1347230398123039564363063653660119426004095827438,2142989316,1NWmZRpHH4XSPwsW6dsS3nrNWfL1yrJj4w,66625666410361374347270601219960039380358988240821883350546285599551478769284,67796206236576052781987247115811699829672709572860765317521952950594837285097,47459193046487613715633645109802020952531032981988089110345494509361089973872,70655849465553573622178627330660557441352299038177695753498183039393117965509,15261636389238671717926124946702769302921419433504700689627843589965540981239,36005384517878697153826204359524912003572650424994042186260337735078324298494,100370248350698207789130464348246737633754243328317808140343602194091852544839,50895531583510290260519750759456140750505200622104879072490941043801484165829,26101978588635784920179279414837069178698943195858075749232612440624777617054,89217566045452347646121907704052135763078345280944643400110505687832520198189,57774877678970389117886076759984880961778635264295742070103153445356020304415
17,93048250670864490272321329975337294747347997662224989491112583048205539385614,17,95823,16.54808436122441,28680425603065441115290152280488699295594719576682295038107311098738046478531,25891784853872784916698406928566284655180782352356802345945352320731968056623,89900304383443410506872578080121623198089202313283761693512231687176866615040,89900304383443410506872578080121623198089202313283761693512231687176866615040,93048250670864490272321329975337294747347997662224989491112583048205539385614,670384522919236150181959112075381809204445074719160615282074883927807244676154763366544313655300247551212826009530757883041676163394666066636451334164129,23591566277285873848643024689971192640000695675646368001054082056029704241811157292671120096120228803902780846208600387281241478386993875852333346655805950509797951013778868707659177275042715288197857630699505358353152064111795298,203740742849322771116683275198658720157146163242713454739140777053351732827085117477815413635612885668347624578253011326283791794215041842890752723822863,1041817548089532888577328303730085035514779282770,4474572297443451036356037031575870038834975544159590937456,1041817548089532888577328303730085035514779282770,4104647536,1HduPEXZRdG26SUT5Yk83mLkPyjnZuJ7Bm,52809471840974416995987458093948979757209636728901214428457239395002370661062,16462462861415430280604188862861511800616875617722356854985047049055413596186,95854323359018265651238290966280450756391830570123945350032800004209259655910,94525492719503128082831292292759491256958763001453089705493431713540928269280,37641357176563776648269658499698912597651389810483268517287682106422004154261,107419964658696562571327622300484818515327071633029688632397979668044708422625,51208347544584459327940529970716024849289207560192420200295752549982368925345,8200676899057626512897874479612385699744369149768131347844534091680904523522,113639355568645174816851431694935299658405056961572819952715682862395055123777,10283584140958498685703417615675168863188402828476755215848308588558947359796,110661078671563428322851833172749520845491207042213409682255213559843922385224
125,93402105576467711795975955518071188848478253553902970126295805172829178207858,125,37650549717742544505774009877315221420,124.82401043998648,23266937399999944120243183575366069139753606644194491618844068395400303144974,19046944643243374794723275227850600835724258179117516648603681200280499231816,96745144594072820628847709780837307017545726486523047390853902807628335439847,96745144594072820628847709780837307017545726486523047390853902807628335439847,93402105576467711795975955518071188848478253553902970126295805172829178207858,362786100242777489934250654827753808340348977837346213300274706437366375957867273074109782037856456046385514745011502896679286771338201937449366106657856,12595565309288768169863538024119507225143923778307326748385717888909656331137072705398600356594055041035614479104603105101335684393163482838031219478838653498127165963169719905008879322850501651952318535303886830419687939828042431,108777425057718092530425492571730224559375880424560118699903001848065017759721879688050681851906870763391031021548902580156430567450063464664626100111025,1410289573493889363768636573386390669777117011912,6057147596046043273228541393204051898172253175329404337900,1410289573493889363768636573386390669777117011912,2121907948,1PXAyUB8ZoH3WD8n5zoAthYjN15yN5CVq5,2907811915845518881824711055766400257253263726958369560646489141799355944549,41246954598282264073572207832248884287431302505762389356829929571448812769789,65517042539002364004740315832061461302715066842506568428031465312631973735772,21926389624524909660672566157942941282110227260420212253306205169410475419480,10222482769097928325193304706188457765059513510266959681898980920850747718500,49617208925115337899450496039618928207287792663597490151588320206246029460971,42619854229578519106141904023474915519277874599090068181349512397246176079536,111190060989856599837776925399239316820284977553825717357792031945832388276795,109087060954536137334133182064543270515866112869350604499133580816697800659013,25163084459597090759859370600009584813961520195747198947738157030973480420840,57206525114174176965796284024218414045750362934556823147498123938991669581679
44,94135200058435154947876297122926246888078924545594837892260329312805730571798,44,15404761757071,43.80844160403047,42641850349376588048456683523298482342861890575005255055023690152751482106678,53863954730306949225788464513829000943283845993231532239006941853900022216012,61928134507009246197782520494858906909986138672409031800450642154008812455651,61928134507009246197782520494858906909986138672409031800450642154008812455651,94135200058435154947876297122926246888078924545594837892260329312805730571798,2901325619188556371304651020085405669308878059773128371645827379548683641489215456626621435722371222720428388502836587520813569275386619089787151189184144,77536844928935586188240024428809966176595134470866971160398834129309442860833556071850712810424536593917006218244626472214583170297860874590694538896620793012154941177970378394725345226185696566020394469858515887504773027579177759,669621262036507657332323787325183953310790160616802133076140796835431459641819992867769643240297639838239879754913313922096992975900513195215900926963105,735731279167363089777870573039117884608175175966,3159941782668070581153466015723790643080814155013868542274,735731279167363089777870573039117884608175175966,853334338,1CkR2uS7LmFwc3T2jV8C1BhWb5mQaoxedF,69121206254994237343541658062869667769955201787076020620553636894766198236114,57230012281841689969604379093065793433935902104822208217356597526963980141346,35515990930964492307732023886460072771703587010779221734286918804947919328678,59699576350457897333115622028791726951738791659392685094211812187568788734419,26526166816186581205098106218759621629137113456495323493311895415673780697961,43639597448510372820107660555712540701561765123505564988141065497741267245340,64737915526243375617713941170501178088404429687033032625492755908250738178790,106608523097067610568423886583758843188212243883621092613846972059436960439812,46562850299411300638218119477187417315812492745862007027378865678445729717571,99639608125851103075988119081588741647844527831428418740290134237573768856111,23005848257690004106616243793241686352575762710191877085572065513413239169431
110,95917491721669350016886039687840784503374847819097661689824510982838370042244,110,1090246098153987172547740458951748,109.74828095849774,4338352488447277069681865763767263000525504203189618609162334752999592040061,1327516183598579617836816008839248279861745347961002707181648029680335235001,114464573053717615805734168999848659573408239317679561332275935978228499436662,114464573053717615805734168999848659573408239317679561332275935978228499436662,95917491721669350016886039687840784503374847819097661689824510982838370042244,1762299217716137748342954968744814975983952636591147835302836366060419629097130114244842175390385474199249544403559598387632245871222958041865895470001,81653443729832763626294229368837721744876099418649615387721738677779047685453265004345547769727459296569247029310039729503882267104873200479194452888549567328986726605454791132128183350936939242660862494821034946337618742746988,705172903154755357542719611615601322580469828301318597696090341292339867365177778710818310822733741371742086101858746306703610914837285079856130218549,82049690233000541999703872760420841279646528007,352400736197667947839002575190552756492888628231206527953,82049690233000541999703872760420841279646528007,1193468881,12JzYkkN76xkwvcPT6AWKZtGX6w2LAgsJg,114731778698496273588316041069549050233496813295288350786782443949519847716890,113929463967796730575389796209229393077253534032617485184132082979474294450023,39122169005363424593690156411454783951889295540529698316302480028488280307370,45334179102645421943213519656982879671749691591471588957378523977776280235079,20312125620252617190628581189119353303634619175788989653674318123623043938400,23142018875421668674805744145115366215102447136300717062570926532185873127405,2466016299273818255220546015593489947360101204030960519997102758026128174615,95466336450634967436019924229217284927513586414313168486370390737423400117484,29639224710060672997344238428864979206357792574373156878758619756502802746251,55337818448540588309592090772008235336616302304752604650980518076153942168388,32175857384533789781692424288344994165776717326116301814461652585738098000475
3,96450596166544446384344097527393051748536233860111093772726844804975283418792,3,7,2.807354922057604,41948375291644419605210209193538855353224492619856392092318293986323063962044,48361766907851246668144012348516735800090617714386977531302791340517493990618,67430322329464948755426972660171172053179366951253586508154792667391340681045,67430322329464948755426972660171172053179366951253586508154792667391340681045,96450596166544446384344097527393051748536233860111093772726844804975283418792,2338860498449335932540006835903418330192641398502308426161091595096088766779607843285903440896790132040528954065492043983989762606306143326565742672021924,73815137709721328232407485760841551838967190141710279016657289267616870924682142056774221383587341682762724695798221020013320111919927506365841940774006458209111822813462171773941091367627947493298714301919118935197451626099381191,637479971178661495722387866130820553397399648614844353293525580608520074703449222347982056148793890435631144845276980795374474039145132758361810599596109,536243368524251735213067994289559226314232905577,2303147730508536985611378627297971631274692948781354257279,536243368524251735213067994289559226314232905577,1083247487,19ZewH8Kk1PDbSNdJ97FP4EiCjTRaZMZQA,42537346185880767747937789850067661197819993951794341775989828607322036772657,28716352138962932628247632642992169892123194239542682246702648255838632387030,9206031045749323009760774232126084766466310358148233515334914709877301387308,110899047400544002197834877725261779390235373419608519368582071882936785428422,36033922168954998642396934714045532882676417314185147580816231919000636523978,12389004682791058150207000065005331243812510650606936715239865212278441724251,94398736962125645703934140234054830121152789498769621330826624152194729058924,50978004208141938323223661706614754895188462698633686998732324531596928257986,73281004596792299070408655835077044276956711959277015791374299918418937125971,60181277593594694920756953836046445331143937605380509490184361529248668120650,29204294483230339795697798823617481933069623938827241850604214303415104518899
22,96887440732731150586099639448145815700812789564457450045028574786843391032526,22,3007503,21.520134745822105,28427543130978074585626614985345471977959286787477589552057226505098203151171,50682816582500312841297567883708830117558309276952202558634043072443816047348,65109272654815882582273417124979077735711675388688361480823540935465018624315,65109272654815882582273417124979077735711675388688361480823540935465018624315,96887440732731150586099639448145815700812789564457450045028574786843391032526,2568747896735368690662458128804584330831676565018813919759817210146912250558195262560547408188223653444231383970904459720942423596691819429995602177833104,22973014218830168694980385558701649120361954743021546471148748347389340134266846726144686434252234588495778941764419023270936814220214601474805684448912498802679525850861293956205743621788422430864774740484369574995408300933173218,198398823012398669490827742162504552521433543689056346580659164063501549470656646789522841917697602181391246899369252895012675493214013363521350941740878,730490441222236681983475761756490845119937558635,3137432555090116817090580809152815695513533011903389941015,730490441222236681983475761756490845119937558635,3982540055,1CfZWK1QTQE3eS9qn61dQjV89KDjZzfNcv,21959739151713699015761161408251592642749313147413123578202256763459678384400,53730526522955062205829657758983515086181200120088770396273864253147935225090,40556198221142272958953656123855324922624228297180677086633148811896814623843,20338167816926455936657524021273985040854358495736711191711687551644629489800,6806273011263679010070950372021540532844522730744923605409310184145446173231,9362938471786237040685521429277736334939852171009992495593847190919459972479,93980993434328715163440197255136417403062100148055319696340039225178351488463,67531904670634753143498760445337218677693308934102936857395620431614142175461,70078999308577450652627728338569695655499526605379622838202021331816197365930,10275530512777333900760826578659517577046456125003979037488029197953595266796,107369067488209843304004605028305135050293989399563791901873345899634508910420
41,96945304264886609749853996631925874774515502486390806261002974828935786657772,41,1458252205147,40.407377394423364,81119306557295043947776230900539651493257160932663731932698523086255548483211,69833235478127881789123626297864036834549011744885041054439092651501655231589,45958853759188313634447358710823871018720972920755522985018491356407179440074,45958853759188313634447358710823871018720972920755522985018491356407179440074,96945304264886609749853996631925874774515502486390806261002974828935786657772,4876680777343658686670452622776014765014745609505341084807321321606225964236838640546424611440020070120789069575984963176855039361916523876258613223464921,533792771540725506053636718376973861914957854822037877672070390775290902569459395273557957579139363724227113999828019115695461810399909724670519559694168356562275255266031325153734062146586202203799193443703064214492904024981322938,4609924348516726375608985894921930665580947693110477667724630379447626930231492813843065967598997025787075412670285276982730612379826235094963945838437359,1195101003418270651936726151754778726502137799465,5132919725098256658944837883094707642043210322790551389525,1195101003418270651936726151754778726502137799465,2970092885,1L5sU9qvJeuwQUdt4y1eiLmquFxKjtHr3E,20756134727303638801578355277319796219826165777674967802002018264762360651270,109483120172995347830207031467576759052572807911309312148063226915183668321796,30219399582878440652308371651694705102681144061355094323026300578596784193889,106115112843314140335852705947896895594466838196833610144587175644220502234885,56364659391567100333235944887345160978724171108872628278872827991090551104573,50871943373906313585911789917409418255300029235068581604077361612150025919837,92064412759765362011131421587355832427760732546024611651525384763896040082799,54250378835718283068157022080354447323866482702038108387926958185467058503062,87062595189140915184733442860823636355909878847197416030035394916627224016721,104647285804203493228153032380934801882270768307960111611690560466852377192956,80073545798209900608731143756357149268454889780512330660757133930597405552921
7,97773680733204752392493929633224121452646826688444399460210185162626204743306,7,76,6.247927513443585,67990777350807742601404023085488753338978132210207570380931332031538910989091,85792528080009126161701413187313528408286619337671538805045464108358228475888,29999561157307069261869571821374379444983365327969025234412119899550606195775,29999561157307069261869571821374379444983365327969025234412119899550606195775,97773680733204752392493929633224121452646826688444399460210185162626204743306,7360357874359154399368062306183383771804456861725714507231028867863402930927147599089486318800453669927474615112111695602890406408041222496745039397388544,314304080761301209296742320682131226343685852861972003873258356034506756887375128057171293847197314790470131165795984215411971028741035972050147595724571816976649322005186762210806651944125622651927708347513728833464946401733480578,2714383019008614295776902468124721140727383348522496538294879621179763569991437978094875035098180371946861757310918264353902455201449208577992461842226718,1290793487127550014383702103624146352199914137971,5543915813102624292382330130472111658616328876594808052049,1290793487127550014383702103624146352199914137971,1331255633,1McVt1vMtCC7yn5b9wgX1833yCcLXzueeC,48477327246384372850790791885072891092003902423754098794704045508664875558208,87773840409193652692273532097145239408524108722739726231915459874903882450719,40071186423553044831470006950002297672662651760824770559113492477700475857085,26689882760947520700430965888340514630155448999470332034879346592732048308856,88766593257285807869272031906434371360037348660523351971529391117947056431080,9322106992035102879135399198935471517312480572852046969272153240755838405632,10042653713903670780376663601754538074851657618494896283759920590720077315696,75148969221388965909179586729811441172417718313098466702917303984521742923510,16203861686500560325537061655981934532858709732453902804964210202492358589714,53285945016341591249894336690224980101585877216945716880675608020176667583278,35890580886749631241643020189695048501205141106189143375560783160115783099831
68,98532987367332367098297883220366889021132231476063243044152811059335544232576,68,219898266213316039825,67.57539812706376,14417797224727152153976629935434818279260229220775673176904981236836807719451,7045521516762001123429259792443693948241323099305435512759425298741909160811,108746567720554194300141725216244213905028661566335128526698158709166925510852,108746567720554194300141725216244213905028661566335128526698158709166925510852,98532987367332367098297883220366889021132231476063243044152811059335544232576,49639373443156328877254688855338933878692411887993688483211534268146490346534834373200567417691811001416608637853502491726834216090076396251282258177721,2997068986415566385133174067536831546721460365620882142313007167314312583289370280201594686913012585610384520725046027569568003802210356064026698144537145251401166250751607770846249858665064275638969008127820875336817485881690858,25883192937930893635481208816652498618009026258382607800015618579950041408310262225103737029088385113431208228202511636857380175079859121382764569949599,1282931445580409769159733555426437642907293617404,5510148601777863696819965020630353010070152446620593336294,1282931445580409769159733555426437642907293617404,876916710,1MVDYgVaSN6iKKEsbzRUAYFrYJadLYZvvZ,101533305782265818887116138154945462099675935941641595869172408094841944337551,70184177564004144407999938177798912096411609747635244281329392033575891896229,69318216329114833643172015558559335081519767234906139145919055082980422714778,82003298848881452423258538835384546041095548483495249838166299283882515755737,37217071486813262913153181937536388884289494620739648597455505591944729440121,10203656416775410160339576985914252370868610675357831488356843114385093808812,20608849308940218703676205712791848666125064605334611721078592812261283716736,2478461238499135144509093499961586139995337594123702018234758527752628969327,4847099614961030333198625121101656243802154122674578117537638628498279123559,24200106065698322057027341004438104755187489240260793049759945661834859743360,23641627747662314192214854397635467190975997629622646396419772863581755112659
160,98931842703096536383023310437099867537616869159883637007323156957547593127931,160,,,101616124637840542991531253248586524020213215258338643076214814468447630501491,88132823371574229813684435207239348220522140366126834573803505878170136640646,27659265865741965609886549801448559632747844299513729465654078129738698031017,27659265865741965609886549801448559632747844299513729465654078129738698031017,98931842703096536383023310437099867537616869159883637007323156957547593127931,7767394555445100793128954873581962575652477694468184558149096015095665304986580272873007110445103297523368529591440846133461942173989415910866306139297316,1049271517878156880793004972577265597332521478963124306910630466409530794307253984178775926002486280134251331977925424642951867405020291758364410701455318442165336474090779717162022026920058983918362928810871484684261888832026113778,9061685688455556830696004335943712189741009992203280294439444855031477826764530480378175430984081694631155280889311556180285842957326929025350919951241874,1326093679998364004747100419105194353286137352850,5695528987025262733892385050884703331087830060656326153881,1326093679998364004747100419105194353286137352850,1563760281,1NBC8uXJy1GiJ6drkiZa1WuKn51ps7EPTv,89777935242438783878720838700678378236955316029514245828221490920406565023457,28017145647916693179283256887446795307120670277636728523023581484943283848649,112083958753071593128072135619154907573814676021441269252277454001319828959238,35108149166926591345590394297918961201169237825447738503880553214978223422903,40567588587096510886779401934085802653423995574119754026847365368948749994020,20216599067027469592215920403903222966042451176868065007483729301938362925663,77167703155167490216844177020898376855310193614022213260692628998515342512468,,61650388120503219184586354796513184538665686029954709440170784444682047798512,61635058828991859811933929166179614205014124238268286058272442130717310636781,42158893795589148336312280836597788288320504727984014515778242265980008594568
20,100855348930755252482626254136436704857874851190039074633241858099336600476720,20,863317,19.71953087202615,27269999313721489064003814688126459473916071371077568700989584042678664122236,61518159794260916008520957000838288631389138584881336375456078921081169337009,54273929443055279415050028007849619221880846080759227664001505086827665334654,54273929443055279415050028007849619221880846080759227664001505086827665334654,100855348930755252482626254136436704857874851190039074633241858099336600476720,3784483984472220267846077873914248172064849337364712267077183611042115687392455570913546761182628671810586510970340987821247894293039288635848480617066081,20279413051941023935019941967984421086324976003167282406937379644590835763441612673526471481903576436979974281535247606157538426763293770587976463357180941426797482846742313797273431699304940751418686841579940167016778344701880263,175136429314944934190867250658607007723026086090955378712427413266565063060863919351410852724710777574454236154898099817612809766129363000006383306024314,1056336440057890977469245144395901775033009645672,4536930463621706094963880740987195800195125748614561797512,1056336440057890977469245144395901775033009645672,773854600,1HsMJxNiV7TLxmoF6uJNkydxPFDog4NQum,32350927543660611052192902181175454176965588698107306255629591339407061840909,73430399845301620883791475137927880983963658530300271070328832345874433348005,43073311480779323730862144504517760983839457069493669442601412819479800321041,51902529028305331559853352995440759440780406963233003290402161152236826911225,18348912609891454143152069084168010051016522930191825943682526112257716462707,19626643036225868664291510796315011509856990306965843732824509942114516349948,28988951652439155647354568426568276136894252184267827003516608351880625573031,28492807452190154209189934465961688863429762872501734907751449253474169719395,56892868698972757699753458733850916441176878942474589680540947461806199820217,74534078501299316372447913979354376854695936314833730597066575257372977993918,20863078761351094547427020883298956433400061179411478528910249693740721835455
63,101459099813588525811299537835836989550765511505553076525737896092759861549899,63,8993229949524469768,62.96354506567706,46100860595331327753782525134281403195505409441031099411610412192590360561017,40756680259664337787317293734418135936366600101587916741588241469787632977445,75035408977651857636253691274269771916903384564052647297869342538121201694218,75035408977651857636253691274269771916903384564052647297869342538121201694218,101459099813588525811299537835836989550765511505553076525737896092759861549899,1661106985788512712644766316925385697342387476729834208075369481964047890508664739814355606759464785473269668420227753755075096534480547040568875878728025,97977667939841254595806612579372710853552028147686995182910937509555273239006283258521024048983325268008050806180366193185621661229220786008934743027244241909244436331086752398607438728973263696880420827963922932231410294377391920,846151654963542138776860986790273185291633155293503684040756901265285405106341208477127893973987190310981036333608088822964619465430159793496497355816665,1366426566587427457437295346366762454786099365134,5868757415878567254465615483338237164706975448659368615991,1366426566587427457437295346366762454786099365134,2475958327,1NpYjtLira16LfGbGwZJ5JbDPh3ai9bjf4,6749588233081160202961563558995639645878764118273787582118582710349249272813,84867685382984004237840170029183571668726748926743423458338722911543527489144,73089383325645345840935439021927466629261402686329418199405971532507808704318,18149991084268265255506206625319375597783268785226345119293342326417614249653,98721349004421898102810501443537099641204707176252354700953066851320353529177,9315422352879153067624339150774600954347171923698756403071109269299671449557,13541560391406519522936400815323614194472420812256787708424031360852105286082,12242581800820837806569706485575036634444172277955285250529596185626361911976,99557412996700646834789836745965878472688165283942134042477368460134436386715,17643201256074627248260526912668129449355180287013883214681875739086661431103,66751704454420961375406385603219102498573057852718774546911897441970225843071
90,103549238728268379059983065224353924271346037059342997644063129230047054329981,90,868012190417726402719548863,89.48784577118323,41713034111263466851930038147996148669581275117010008356397839417328763635925,76118228033078757471841976306410062476790021765122360602050786936435027981363,39673861204237437951729008702277845376479962900518203437406797071473806690300,39673861204237437951729008702277845376479962900518203437406797071473806690300,103549238728268379059983065224353924271346037059342997644063129230047054329981,5793984638895776807490946460804779370118937772473037908947867818964238803507849318287726656403873538291746905541131999559675298493736633092104766675337769,72579728912414988649305450258930779103458880535262711326865155699285740180483367001747914675534527415350693614895681751989883356516714774389109872428063236172205141987971578717462183891215592626451500056337498796551939730757078132,626810772570677439391589657030517061849684100355208294328058581030479419283214654158619948688752492373036081360907849197661291632431725776649815593844901,1189865853444424610515023763315667935443520350027,5110434927170932655699564780103638307125759158480059099491,1189865853444424610515023763315667935443520350027,3621382499,1L12FHH2FHjvTviyanuiFVfmzCy46RRATU,14233541487441642384276678863591873749781695168965384622502345227406517389722,14729328423894841174391190803753258037237766549585856786750361891827644853656,82705813572081642875197128946515441106718410112262915627429130953380049918067,51315597505153647031869334607999291816203813276993211018753410661972228134393,3876606736351484197178276942667344233392049960579424672871842357931866009142,52431546502376253119483916864341410026854900577124289910502232283789686470604,83054457679830224142797016615775843601275424785309083594509586824152735308817,55671950451579601748464585459659896445777942919666538354621558138307701401436,48777480570710959640572537356858591946202451885969293280012420154030006762157,16528517790930614892956616035799024816263617530185079172160294359337914309164,97632279040253802127990360712857965135190560649469649257608197123203875703720
2,104193826873522593991639737736096919049125888873761064059040146529970392609905,2,3,1.584962500721156,112711660439710606056748659173929673102114977341539408544630613555209775888121,25583027980570883691656905877401976406448868254816295069919888960541586679410,90209061256745311731914079131285931446821116410824268969537695047367247992253,90209061256745311731914079131285931446821116410824268969537695047367247992253,104193826873522593991639737736096919049125888873761064059040146529970392609905,654491320654672747314294539433002241412255690899580245748342450929495655819562486138476065536627688035353282222154310151683214473417952758514350117948100,1431879736850516512579539758659116473351660094977244625909018988026591365073907962992385329189470405524657686801097230935758536969513506769795981427902613584092753364470258459618470106396797425798980936740798851136295092499802395568,12365954758065338786792838316829376063982949615409460112406042538174076583979076647877551574610237251064121281153797008308780816690064242477614796551745236,718403660328363540930262193232206719102664545244,3085520226437014029494233536637560392457402688284578499564,718403660328363540930262193232206719102664545244,2886159340,1CUNEBjYrCn2y1SdiUMohaKUi4wpP326Lb,109581856497619124328842759782630570890517556832281580982423773077941064471577,38709559394271858201195598635247846761188478256767221481920870817339757046420,15566744598180296599347655874558284798913131189371783240423566102517968035870,102878561170548148763967188934908466518467054704870703697671313038793191691807,39641668997020200429758478738657078973416734677473442226277178491190842541896,40843310415722312397111702337835502775911585069833619710507378970032701663180,73951774784711041756344107340096161242141855163685503186937601045185491557024,112857882709231956166674807130561415301342560860139957821905665253368354201713,106238835942130229483576315141272456375710140954951535574186633486348248530945,28554971383928963595255989973192221817519053444755174240340271868170001573569,77810701905366685182983145654027539086500313311190763256128914634953424985438
13,105736499594273499432646928166661569529179759807764294964948419906043103751681,13,5216,12.348728154231077,77279535011188034078516592160190105278519663645387310740933932046966334391965,21187662028949108981404481381270595331275020854904259675645205037069861834225,94604427208367086442166503627417312521994963810736304363812378970838972837438,94604427208367086442166503627417312521994963810736304363812378970838972837438,105736499594273499432646928166661569529179759807764294964948419906043103751681,448917022252971873436375784400542618371205700012780314266588643520719699509350062109143112810245715337360843545245733825182726537426938658531281381350625,461523161385810568894785612933866206278260517615883687883973047414637731327092179209533335283223347128675058810214898811056471303286765445134737064603380698521368937495953790933241007593631183214966439622871647193210154552170557132,3985791813807915840360016306513098671011474309379442808960023017109652145330059880622179499037971411121863430783423876728327255899344208652650373162019589,1422671866895548051598414881052213069570634322462,6110329141255643929611712439558985202229647176950738877582,1422671866895548051598414881052213069570634322462,1330674830,1Pie8JkxBT6MGPz9Nvi3fsPkr2D8q3GBc1,16370458989836709571325893898585981663685220374447147260949873515443649202318,67697482114838373874565592824304193365988889698783673535073904959356563433048,94339711786382323763116708375066415891833445472976272152314840563695571356631,11661035079381988236835742667506984046860192299543364416676563258750551094720,111112335135945954602563662286549012185758072668841410075428335135935750960035,21334155634132398516241607893133627108291723292133309711412313066318908007289,34809637658677994994294389698313844298009238832519953566368525781583834951705,14329472780338884747488519490839300872068163335760843411111340590098776980742,104910837961001666907652523141632538552490990092019777191408569441287341056634,36142046300086317801458842712097906378846543822234093970183827294077553602543,35874922467231338955449401221126404345051747645270068110358053803087682897645
37,106227455657816087717133121086217520599782125967329794551483874871000376118011,37,100251560595,36.54483373874685,56616873331361319339778585167167551785831939866134116855199265267823699497557,43995996907931450546017529821179402661741047506605583961822715323191270746432,71796092329384744877553455187508505191528937159034980077634868684717563925231,71796092329384744877553455187508505191528937159034980077634868684717563925231,106227455657816087717133121086217520599782125967329794551483874871000376118011,1935647743922713757333089006480454879635151367912214353961968071996032886064498368924209016237622333408721360336396374298693151431203092453512654440730624,181483708536692645766734536935861898779212554587700490519777720309139459827829120297629027716282943306131355302125756253670502064428481395028596017791970656498293286677237998523398691608712213514522815645049209355031047886946067700,1567323896926510251936900477448749644366078791438442180085549821681493217769556861807680200269405400757859626183944637644203522579532416733700335098706252,232709645806532347672404250083069682558406623773,999480318202799976419077975798189569877458058978196338673,232709645806532347672404250083069682558406623773,3385210865,14iXhn8bGajVWegZHJ18vJLHhntcpL4dex,9460868208254105494377743819992662149843624449281309944581038426765512196634,80444988062680429137312290872523727363362554071971846764269026304737571980584,28800268859835510024094146947113329322489956625563734197782379937639030685500,87398254386599703949506472914673096539110735980969543282207676814672986620784,82656890842633878606131590778946823932208873696033537239870294257846480471101,22461187694442618900980421694713942297300295526406517074336994246005450401871,45751483702938067788757358045579004721583658877009388554902039739243429370133,70949053435627873825158358433058799045375117124992635515774646385504744752668,93496981158860117319388226452461575558431428575656220495682791977578242786198,52155677598068056174235232304017452643128062344995982790278209581109186678674,91265104390673587392688328179846261346878025178630350329146298236170520546170
48,108109652823286509349789669311505416802325977127803815529831509843443262571840,48,191206974700443,47.442128478217754,65922650075410856534993974163056939852640429077251888193523115047858400845499,41869000666969933530739468879784369787478474775480842047778880811132270629206,73923088570346261892831516128903538065791509890159721991678703196776564042457,73923088570346261892831516128903538065791509890159721991678703196776564042457,108109652823286509349789669311505416802325977127803815529831509843443262571840,1753013216850728738845953879054408837358988690748301396749937298074830733020598805975524746456493871211290181264135276669460845880276394651482551140190436,286486375358828757721340888581636165275556511931513909017870016404759955984824492347469925747759919743581283487526296560827362047486868532203310789284730880893897002131833480335159786733021880778697471829855507909601701026966786506,2474144626336900857461816001653510676375374430114837986408504969499372128619180614775979934092315446661801899504132139687937397529207753450161227961232890,767185648922580237091054742368595402840905065138,3295037272083019754242006292618822832657632745811541080447,767185648922580237091054742368595402840905065138,3081353599,1DFYhaB2J9q1LLZJWKTnscPWos9VBqDHzv,26817505717007799491546118526532399171525254868841564072626431920839685888535,56783083917238976471475720446160781782818979785691723206620527217590496408506,3991761037087827983336738996785544873889528694002238364670240148684178319668,43445853904821819192970574314169652712726234727080672390078544788376182263999,73517671947490423566837390416425579118384580030692930249441502177158447988586,10530477555167755041768605171296422020305763411084676746446914027819926518724,100918065466384169035856094752832579640943351367070672657665694074542333711241,91308450986648894991241088649911142102947723584296872456242590689315611493878,47337674356289359708957759766084301083792519210100679786744938925809876314906,1965366745341054997500599517691181159728292783638679534322429293329944424022,83073128718238986575042356654267008827537369085672491144687701499779950551959
69,109127460317861266950860709286036849005716415560335326191425788008216333638219,69,297274491920375905804,68.01035757371132,34226794014706530115784623034813193918417475105517896498394700850822182845011,95344118026279051459253088692659149181807495503617143902697063322064304017214,20447971211037143964317896316028758671462489162023420136760520685844530654449,20447971211037143964317896316028758671462489162023420136760520685844530654449,109127460317861266950860709286036849005716415560335326191425788008216333638219,9090500842209029967208785905952791196976940296840790549379338273881400622667281610182024845338998086937121730706443871004446769885774407056445858408321796,40095779731832367921315862625536054539823087624312933770139431162597854996416461138813984449357596523442155305980945048322034011159892298499121448973589637477862056938844596303581073039834288492185351815209855117170055280197736338,346273912112043859269605354770372861306995113103991012183928050644384996376354280777212163733368133814403522693215965130714937105767808592380063896206034,559024828876016353727014141016900571036246267306,2400993357674486678018693447397120135884402548684786631867,559024828876016353727014141016900571036246267306,3442607291,19vkiEajfhuZ8bs8Zu2jgmC6oqZbWqhxhG,112842959033058090955024944075383712715173865474212467689632049510187247957519,80251593961012400490855696206394372583472284638926212344579629800338129697508,48143052640197781689014952956941876945637752802301414085115704230659804842109,78622981352445615101470637506914247676561591928098896258706032486644298203345,6466597107908714357509876949691573847437549487026818091297903085796171493041,8619692059496816935974466598772731979755945595268263534438604506436965695196,67834865998023313459897347518642606712311691885931412871335132595787562976350,108716035688942649044577350667924246881061198539615459345389287627391067342151,94613164695551568386192526504282802073012820088275274364630159272252833071983,102312020753665646769526340576247990594527827637127682718159329230966087156849,92812508973669675501189444440323629261440197679777799791171961184624797263323
12,112914658509136730185450118897227110042440745220661858894878824566570755467799,12,2683,11.389631339260522,62873230362895154212630786022242768049765907075202803363316800197224716728348,44287605905639058437764882210076840571916049925678373415089141948008474303433,71504483331677136985806102798611067281353934739962190624368442059900360368230,71504483331677136985806102798611067281353934739962190624368442059900360368230,112914658509136730185450118897227110042440745220661858894878824566570755467799,1961392036853195605509400540424135561861972327272362429172165301911443863293874722343804660100177129400363976810922922396263926403221993228786674555585489,248540589225964494512656773420544332997876344203156690134936434173130763422247405415730471400291450167250286611122141250034918168902424700847366936046136523145337398724801631401685749687064503867665159865167096525193685763221280199,2146438421337919679899425852698787488561355571786039635945835581885615418618199628330815666889561693320798740111706495454336118862142846193908984913224170,762907946851444594797659748021439920693586426225,3276664681585460705011920355087685166207787337588174690763,762907946851444594797659748021439920693586426225,2282953163,1DBaumZxUkM4qMQRt2LVWyFJq5kDtSZQot,85211676890842989008705976900908136907957638453195213005353881577492550219389,60827337131050158131751829409666066960732327030155286645760183759456797269633,51791275467794534051022306674398043083127743065300455883093119653359892211136,14647579252028727500218622683227957751451254362482367265437745233401397523181,14758116557203143667071864323157111034747020688793182770455818529881100513664,23125557676187295284971360670072280080557147927596983727956099011086968200641,108261429079981160717699019564066126005865536169015946870817754183743504613031,53001721447563096044749488054248630144731966902885528988035235639856520768169,96292331079845247071894598582942321240789364746598123932887153378009109746199,104946932480221736699701164131521669916284340961054247431291912336514469540595,61548295544986546942509477754761390364835432728844859860849341008744652681968
155,114762635240156804900388600785512174582481246436457053766080930414744818508619,155,,,41982973105772075382875095283055987165486468246400605191592543377033832170998,111259536060426502150461830235057069604619334410550020200750011090715384957403,4532553176889693273109154773630838248650650255090543838707572917193449714260,4532553176889693273109154773630838248650650255090543838707572917193449714260,114762635240156804900388600785512174582481246436457053766080930414744818508619,12378684364381345186378132997466209189342736537131730094196314394114530442187974349207924409184112956725819513498653629265351660485054630835818492124504409,73997930200115476888350582263068814606766970675727816082817630664804438275776621372683394113903125948530543819727411354426767351744576629276968269789486621115027861896165111369594782333867946536413206956535241138983293177540051999,639058597936310845669117863703860630824929160195819234937201683264372860446350198668760458129721106565688673073818439532754392149083575204843889172027930,613972286197244727413767505767766228563642651364,2636990889867518309550566097420047322654106242242769507561,613972286197244727413767505767766228563642651364,3659715817,1AoeP37TmHdFh8uN72fu9AqgtLrUwcv2wJ,2523928503131272975796259605662753632285343652997897495232216970636828066997,36577557637384807996862131060571759406941406074433259816693769182198014277223,71463991453988665194223094998731462637971987691517629900939185544486791473051,92867721044268917446748167306929465754929707771349255233963414382434835395353,108830364351760146619965627678232016756408618413555816023253906500478776495452,11751784967925620367786677616414816817283534075702188871858522178821498755017,60153669665510807559441036061988363044491652104663272708627667268337429113853,,62853228891155030242500748439915376484252925154607468616818153682048185613925,33286309299587973706456149137761173168199744974338832932814181439323771223426,98665743254160284030236942726030752087512482029999619610980984099614123429710
71,,71,,,,,,,,,,,1409881258637808013424319364921988958402444830136,6055393897092702926784180643399432167611604951881115908779,1409881258637808013424319364921988958402444830136,2720676523,1PWo3JeB9jrGwfHDNpdGK54CRas7fsVzXU,67116693629106626646560845362346922198540762631437682230928471971013038846146,20130487408749653274833836310046554446255641961438940671529543290449652001473,57410432314752435993557772154232594948468624320706837498896374686105739191893,3837935875973945644331136377087959005586749749910600168612909181768054903868,,,,,,53407919305507100486802679157827228655892282974305170862777312196111411241235,73349293965184177192942185161068767928179375666818068772380792797682447213694
72,,72,,,,,,,,,,,1093005858046150051368141111734855986006492269275,4694424414644632929334886131214288283167717940213237617276,1093005858046150051368141111734855986006492269275,286986876,1JTK7s9YVYywfm5XUH7RNhHJH1LshCaRFR,81115594450447991425004334602523656472368392014885119271862339129653950631949,24569621215546729941685984234788670451050462047593977801561680198271608108799,33403926107491561955214631923868031065368614502411972088833851646477691702665,103261218491757980079924612997252213947255620289187943812885620225137555520102,,,,,,23006039076984027033309643536641187970039238326204621746721403425943320089278,7737150896318133125419507645153398989052679380037577424270070490445252829195
73,,73,,,,,,,,,,,93384296080826527513866566226544575789017883620,401082497627130908321301088450827080100025206107433113645,93384296080826527513866566226544575789017883620,399022125,12VVRNPi4SJqUTsp6FmqDqY5sGosDtysn4,74967633857248163258168051437052808482419960437377988079142123476574539232837,66444689892889718868921045614937408651367662099119065486760736620222181219164,46951777982031955842783098392106269106969415760460477011230058526037313702734,51540481940817847252455332418646195899319403808394291921174590450414124409914,,,,,,70499045405400842196003114144995686919940511886836920131392440063665391897641,10757615209053034367872279127450281869505671795953390761499999673540109991328
74,,74,,,,,,,,,,,908328440664262624303717541128995615168875650877,3901240946679684487339601610370571084477722437609861979341,908328440664262624303717541128995615168875650877,2433260749,1FWGcVDK3JGzCC3WtkYetULPszMaK2Jksv,104774953543437611824113327263024153368812889677709686593991680653431454591141,32182318904247865887604945534592566612726387963347169813055074878556382267383,29832313058703704268948590310925357160411640122242964103612940654440163589163,97583528918195055395103631971541305321643143976279996109633937115614822375756,,,,,,51530435936822796755799135370454942663186950125266736874014595730496831323163,65600580031719009938529006498319157162815289192347390875067343176732054048584
76,,76,,,,,,,,,,,770579831785767823487286250650586160735351106836,3309615176477054080126995118334726283588532314940613070354,770579831785767823487286250650586160735351106836,2591034898,1DJh2eHFYQfACPmrvpyWc8MSTYKh7w9eRF,1923355278944367006280044811771807371154462598417759963944650182561005060310,86987608814087154012554820298275666547101588775707676299252834224753562026048,34178633786636074988443319166291195377462088181444364169660979866015297674916,111821062407038632762322012250221012848412955603075067822644913603226939454372,,,,,,43924366192863526367733899549485991411962068297806317550412335762580323150777,69854162671098073714491458700576516735883724436451337615926765965514269905793
77,,77,,,,,,,,,,,686418639569180635640190628097581103131399445289,2948145608314442359591110770884809534656963808229703401479,686418639569180635640190628097581103131399445289,907132935,1Bxk4CQdqL9p22JEtDfdXMsng1XacifUtE,110618679122717573410844156292589993210421780795030967695768692007475555684248,58755135171874988051023148164511974608835042893585181105487467930119853837071,1106064002587932231140798838282834411868768750033224449616560109886738884712,110821166919676943187654890565305564012065680122872956596827194361036413453988,,,,,,18703290196011312198399280789481202734813431161515688960611681477313542394971,24456255573548999135588992109176236552905124436408415847146659743548262097899
78,,78,,,,,,,,,,,302581759018585366810500576223602477509924946316,1299578759350977206635263804269527824209703159845921022778,302581759018585366810500576223602477509924946316,4145341242,15qF6X51huDjqTmF9BJgxXdt1xcj46Jmhb,102812922548706302512350374721203232615299240025215627606850804073019940963800,95099034726851363115157525936235234749742105150882163224182597815227703035417,77747797476887345971689298008114887613389629328890573071884524009140383966026,71943124726711652728322339219448257417751821696630636642411755478170641759115,,,,,,93889041608911561449688033986856102774280178404655518968128310312252978380509,111758178823191201071879055092396294120767770576164062223616224912358291285297
79,,79,,,,,,,,,,,590325581182733434801721127707688642479055123418,2535429065172033102359140488016762167198178120065225566449,590325581182733434801721127707688642479055123418,3671828721,1ARk8HWJMn8js8tQmGUJeQHjSE7KRkn2t8,3027647663870641352399417536199599480111827454745298165237256108717817830395,82816255337629618580614825080786797096335261383077974139472942956544590413649,69596247811795141304522773558867372013648974136401938759796849246121222621924,92042313131011812900560847654140949147774062843540327277876253131850216277885,,,,,,31571566705610634659726971030329044986065640439181420924465960829214686279722,98992306504212413902748763638780011904263064883635955810698781306832329948569
81,,81,,,,,,,,,,,303253928545191905666729829858498338001917941198,1302465705485120092882521694509894669388591542724530043308,303253928545191905666729829858498338001917941198,3468982700,15qsCm78whspNQFydGJQk5rexzxTQopnHZ,106178812734994631583670223226341474101577050724037499713245167895153634183715,26681926133859176590981124419041999667857236161562871763493469613397088266284,38712481990412386327722566860013468800441614669708856244789428261687664225204,70546793359791643526113414152203276155516294559562645060630052363591923562980,,,,,,25908431831009807918539526247627102936534800946366679967887583015151886687093,93523588585290345290258427403189172663682930832973369554102114755473656985014
82,,82,,,,,,,,,,,187383170712278387814651781948281117334709006433,804804590030020701311534313095990562366913868309977204861,187383170712278387814651781948281117334709006433,3588589693,13zYrYhhJxp6Ui1VV7pqa5WDhNWM45ARAC,51427626900944967110410675069165878818097179237144714783814708111934476437178,75184200670141376502415293769253971496215343139637186117033093614039968864685,57643096890606043717560304664262322372516047139294618763724860583054049069013,40949027414047872325996692619936511380364557705775401105014602540400688343257,,,,,,10095257265452166257750545262847458927371741573166774916312834866716539131789,96748186750970183374308159849682569932606152038356468709659233655660135126341
83,,83,,,,,,,,,,,210138660389333538426591951288269072538385683874,902538673997438174778171727519940735000618216875316230527,210138660389333538426591951288269072538385683874,1891645823,14MdEb4eFcT3MVG5sPFG4jGLuHJSnt1Dk2,78388429732668558639486996672300964004055562850255835959407066461375207496966,69446643753004018267380262244482666410270086486093955901267096240400367981561,39441570368447844917212881363370215835622198015109985744333892452480476646883,33681904858425456231569136908243780145452059219478575716130167040723514221066,,,,,,33647572883619644754784690882501737406743131204736938060135772368494141593746,50998670512462886354692981429326443430005340448005005258070339356212504152248
84,,84,,,,,,,,,,,711344854160810539215527631065451319146725814336,3055202884798570790782816670810467051215245998055994441258,711344854160810539215527631065451319146725814336,3906485802,1CMq3SvFcVEcpLMuuH8PUcNiqsK1oicG2D,15881234656920840464052553401804685722753990563182889167995427231947376050464,110610986438114871116917760866265347389800215756865375124957594233072703537576,34074654619702581274468137011238002242009111463128653003863618790551019688612,17113195802209041040893844347947500399566634574105557176418737523948634310665,,,,,,81004396348717984524630237883515757765353873337233719205691306407516305642778,105318648892778929067247713867363238271551654972463334281514758837311096306124
86,,86,,,,,,,,,,,1130404035005701164489139510070989989531325379893,4855048361615925675029970742936364643380424874175955726532,1130404035005701164489139510070989989531325379893,744747204,1K3x5L6G57Y494fDqBfrojD28UJv4s5JcK,2455890489309490472710252086709873915754061914759660109561283247703492907707,92172458114899288248011647459203696921376662601994220980228164794780246414398,58462060803341563844567212899101732001298875420352811672757757522012514247113,105747079647727229562027563131452548911588830168266146420183945099078170505177,,,,,,5354815236368279638623350293758742950320988898274275759801172351322918996218,20078344910457127215213685455779232724552359503695369839598765749117278044997
87,,87,,,,,,,,,,,1437395301641206234822689706758814716305552542558,6173565811973035904554748649284939366255866113497077749558,1437395301641206234822689706758814716305552542558,819566390,1PxH3K1Shdjb7gSEoTX7UPDZ6SH4qGPrvq,36076316479223065414362683825861237781768865110915235579389714967507556013154,41170381032111618664630538591670719268577700939308273989671406058676200306444,8483755202275365765556533974751228834342762428078285681342643326258480672962,56879140856159730018258666933692232706002918407660756993035248569655219518155,,,,,,64868797354631831741680060584371181525872937688121121370793980239451650728912,22095466189221738240134264140211989650345983450424229442488810190475543288526
88,,88,,,,,,,,,,,323481455207859318196811937059934253257606019905,1389342270980244653824164961134828009651599318744761653140,323481455207859318196811937059934253257606019905,61626260,16AbnZjZZipwHMkYKBSfswGWKDmXHjEpSf,43525326453522883038140043871940897777457639724224417489912892234726365490815,115511752421051793210982674558879770894953953843075168356091752619042043404273,100212004818239497218033006739885159670787260399994267014598834805647657999277,3016919386568141941619194652655068286149926426234655668304848295897373380186,,,,,,35086308202712195705119539096320996752017499583626905837522922414478276635549,1661440690523596139253525761073376129433719658168998960879768476824052277339
89,,89,,,,,,,,,,,526484540621208074518327605183262185279235361150,2261233883817672204067348016876111172367808504027850899855,526484540621208074518327605183262185279235361150,1851949455,19QciEHbGVNY4hrhfKXmcBBCrJSBZ6TaVt,72378987004161433775999789193052214163667534747301669237362869351935347511783,71109705418690685654902099902277691455835300335345827315691100186543120051844,51554973567227077527584358719766128099902139213703851771063602619169710162897,101736561955326559455510844751269428563554614803556764828160328946975747487385,,,,,,97353309969275807470114061746588580158753078408223721282563997255282905616748,49928458539880517191443605466668225034581716690450056911353926585836203648432
91,,91,,,,,,,,,,,876173116364988917333744521276841586208609565994,3763134880422029799350880236103210774938742719578368069839,876173116364988917333744521276841586208609565994,1384337615,1EzVHtmbN4fs4MiNk3ppEnKKhsmXYJ4s74,6883199277979130365845503521929688764452023564961092522528631389157291219846,64719559194013082041329811740549713996045646878249322461403002344456071773344,2950656234658786449465187107332822328437369386047282017118855167254486994972,70348260684828649872442531654136237595142488846861747355958052807223894725997,,,,,,81577691337940537252033681816819734978042096980743201624815109754924693592677,37321668277069758001010405302125157709281271524545167571092696438458853826270
92,,92,,,,,,,,,,,577783305839750673717077702817077337984848608056,2481560402756494960408815490290154236947663315111694625044,577783305839750673717077702817077337984848608056,52488468,1AE8NzzgKE7Yhz7BWtAcAAxiFMbPo82NB5,51979374629272575112216467903859968913742564889322334847860529848548660540846,12915112175708834688319333607145798658919516993921124746854895903933728902318,41642780800154399093331099094476535342691581510771417473326127808486446531871,88895036410110492389663128029327363476288723246017130326414560183751416099685,,,,,,72206264420829978341513856520307806102424915123210857977919143506676574895714,1415086299472786377334439111405613615233310728905626282798361858803483906138
93,,93,,,,,,,,,,,400701514705121706839146850283519298151475293325,1720999901116160814573835254509123713345459638985490833306,400701514705121706839146850283519298151475293325,2608734106,17Q7tuG2JwFFU9rXVj3uZqRtioH3mx2Jad,16177566344597241321313528263178747860004998967682873136797496358941873172608,33731479285423401654371583324957854156604453546795206711230178120547778541646,11894390168906959553801076793505386846788298366006923718283230264280877019204,111474945102992244247162717025976050517045058129472774180250569945217691290978,,,,,,20141630334462365942425752960899248185709467552423759731377348065405974272260,70331332387386113953086114200067556371089656792014701320057505885291654905653
94,,94,,,,,,,,,,,1133646709321770327049680273413667912039994763612,4868975541755021895501600941568041961616382153727260149301,1133646709321770327049680273413667912039994763612,2469316149,1K6xGMUbs6ZTXBnhw1pippqwK6wjBWtNpL,101310673784459946096392485254301814322313820669464174526120034483659438078950,4741014219134344775633324708061542296867377625138931207134429559648205281662,112789764494813945829774181731549208807158942045177620994635975618207827058282,37988010895289285028733579003327470077818912232224485968776003242183632978682,,,,,,30338825020546186105997813354884097654930607453108285965086791366556072229307,66572631707910203696813472070431236449606812506744104446394800628130538868547
96,,96,,,,,,,,,,,260611799489884853864223547583164836812465848292,1119319155760764930152579361302792814286717703532730099264,260611799489884853864223547583164836812465848292,1692640832,15ANYzzCp5BFHcCnVFzXqyibpzgPLWaD8b,10962199331916239617873602409238137687015389137477416495733456401047336886228,3463098997183979228468998716074443110804200609155512952411917352882363442288,87179220260273735474909131718026915301539487431425745568006102880894917149884,42262162764413558277410947256539689357380479494245250544944123718082421686457,,,,,,69163115686431203526860300578345955384087614843140291259923194790887507943321,45633506572168581547928293401990656463979574817695471878823041884665364445246
97,,97,,,,,,,,,,,499839569762987285421747565448537139089124745202,2146794605378740862150223360769086583429194009910887036841,499839569762987285421747565448537139089124745202,3964123049,18ywPwj39nGjqBrQJSzZVq2izR12MDpDr8,107225061390578574647854483275682987882859042342321673056791812497515657496119,31123600775546368172977886917232653302004109064791863031782136616591802678874,82794490989610907134497645373603720148056127606952366223528897715076155905538,14396319470565509489589599772186086801058099567927777397361666266529965180336,,,,,,26874705957814094762542740173175374881345753913985135110353089001218804175035,106872545990449787977021215869660774544597764792762445434894952820157268244508
98,,98,,,,,,,,,,,724682041044394042412282097016652621081305916774,3112485666284202096297988555412822174936889069519431121612,724682041044394042412282097016652621081305916774,3803298508,1CaBVPrwUxbQYYswu32w7Mj4HR4maNoJSX,35418948130939087360500625055695677876289300664089213476888922709812423259636,50010686787881062448369145295052034056206849418199855637880426255601565291888,88541304163666095026517614341070127451809917641389852271807588486734936988555,52740363799703459325066652905869312999203969017387476098980407025730120071952,,,,,,6023968082582069424458453570313537625678271291356475276846665491630434742324,102536724942007667956819520689970867142280814735572721378958726657606035355133
99,,99,,,,,,,,,,,1096749620075145683719283127975893793710808034267,4710503750123175774009880679221046520357290988911411081941,1096749620075145683719283127975893793710808034267,598749909,1JWnE6p6UN7ZJBN7TtcbNDoRcjFtuDWoNL,891997056164056387195519636671391913604189653892528355293666338802358005927,84572306537321833360014722416639554923946383604473591157984858312892515372950,6728142106459113118142786164088721931672074342781568640881101043970997129741,99942408920442121827607195481780909071669724533813787624651424779706240505384,,,,,,12923834107726769927289641239104842291839884259704876083671166926333412985088,16142265623594878982851904190669500386526915315163135858556420037202773818572
101,,101,,,,,,,,,,,708505052330687834349934766768853773741718227307,3043006028811072825718035243005614549626863337130909177567,708505052330687834349934766768853773741718227307,250025695,1CKCVdbDJasYmhswB6HKZHEAnNaDpK7W4n,41423053694698747232658152698763467549340733736294003330000771461702081712481,16141205273105731292810432686865761842670686804924037918589253854792789802494,17759776808649201019823140434583428197360132507878188803811129642790921663447,79106615106760807088269744748077821478819326538974273708291378531864370036496,,,,,,21816412799956621639785288466801434274631552841927185356990923081302584825265,6740679428954028132729478344730175115351082319050976410802348929803446177605
102,,102,,,,,,,,,,,1411090903941230486923712595932755793497895330102,6060589284110662447335501246434448748227989887622504234994,1411090903941230486923712595932755793497895330102,3289890802,1PXv28YxmYMaB8zxrKeZBW8dt2HK7RkRPX,59421790141421768618520705016030285554117698600414549273368945768050819204415,14901974864859497853241726848341736222524142288589655976445597198229436168208,56073131572752855549063533869582723226531462356538828189722170811481778459723,24669864597922008578979163167990991436518006778268188077546181105081027161264,,,,,,70500851681032407117626138854689477856365571032076407963300684759568651793801,88695280572360075936953470699493469939899564900368411421400794704042872700386
103,,103,,,,,,,,,,,601581318945004638047254703148842866373951532996,2583772090753340142981276252606468331319019940509055331168,601581318945004638047254703148842866373951532996,2170432352,1AcAmB6jmtU6AiEcXkmiNE9TNVPsj9DULf,107320837210851805019397336953166382644095407362384996698114617147975612793191,115747561733089272963309689377603336521130520819714076664846706806473743368239,85387573213144343054294693401220602564415735736274147104813220402288600521149,27588813094569328956274032276204560280138751314528121229827899053535514398239,,,,,,113629921798634276248634187944028462700482409905224509989119593439069959622121,58514740468243869635693786911065349242834439806961703220546885724774379942862
104,,104,,,,,,,,,,,839269988465227902645155451955075822947608710772,3604637152972451075047614558983149920760265734172644373748,839269988465227902645155451955075822947608710772,2181461236,1EQJvpsmhazYCcKX5Au6AZmZKRnzarMVZu,43750266828178034795154313401702869714963884735609487802603407403508243617682,33703525476897525070857240448404429133020095605655416828273869728949545594335,23739141307116718541862285664112920225127386544609597642272154857197062599544,38021251911244640532448671420242062113148473364178906714644558258085340278426,,,,,,65434013807022578567242174908663778232708744995079431916892548744067670253131,58812078599818018942622463738372305172288761777133316209056617462643831473178
106,,106,,,,,,,,,,,458741171730833921097604557197223386194016439879,1970278329912651405921655997102635865709678520167074573572,458741171730833921097604557197223386194016439879,419376388,18KsfuHuzQaBTNLASyj15hy4LuqPUo1FNB,80688587188542557998584004828600415576626407592053298311822250068697179260453,75042545463799344205137221577924651511499163907635620984896160584650783447218,1833407456069149630122467781471446342280354306926673723436719776531812301357,35206503704518399546413467717240830470506784148787028312643812330156679382332,,,,,,57443178265067966701352620695077184928752286503513034716964183474294044251165,11306365065628717589447949014014694987108233340092651166569774242054800502481
107,,107,,,,,,,,,,,264850468790110046403329152135145724704130418961,1137524101783791337543341133943859459798459425558295844571,264850468790110046403329152135145724704130418961,2022545115,15EJFC5ZTs9nhsdvSUeBXjLAuYq3SWaxTc,110715943080662791118238547302382677421635222301409252907785502538990203789142,58276192295276551052439322258696310667247875682854170608005741626725240723268,41478765514412500649047131773204050467173556638649193387013339180679290853574,98620189147922040898829139345289204642516159951641322932029041862649692364002,,,,,,106138738953239296080605802064090966007312198670103257076363484200110913803156,54527708452937297531332191622209844977251272318572889938683912839639268108094
108,,108,,,,,,,,,,,1012783143361383820121472247257182708418147555851,4349870478677223016725270049341225433752647645282508560216,1012783143361383820121472247257182708418147555851,130111320,1HB1iKUqeffnVsvQsbpC6dNi1XKbyNuqao,39665789738594512762851769133461192776109040967306229255418847688490034589924,101767054085395041606382151273293711877788259783801978331190062980818508144512,29076047592184927214386701589212495841915199543083095376030419562349304085576,115111807083846175373214194868954100363509082561746765601920119221675667320006,,,,,,90307048169230929656936103155738720121385762940589627056390307313860256936372,3507794251880108132984744382172605452297783221576866810786264949962641233797
109,,109,,,,,,,,,,,997303271905635174305513760324211818079677078208,4283384937028498671749441113070472115628914573146701121747,997303271905635174305513760324211818079677078208,2506836179,1GvgAXVCbA8FBjXfWiAms4ytFeJcKsoyhL,34137397208491277822257940726538453399459359921253625071607256307975520771996,35672575482663000870312931637720979194625076507512071997196491003152047597611,55543568777663150628206706784554105429449847727582243047005449718503833432361,104039778718730936016206517075403080989963559767988708084336480240423281599604,,,,,,86335735725337768727070041866918104675575506849172235528540776194149928579182,67584169711668217292602418736329546143447430953254993145785141164199547642437
111,,111,,,,,,,,,,,439509009352293584448532965993889360610814035702,1887676821465459087797063284121634939665796867280216904358,439509009352293584448532965993889360610814035702,2350502566,1824ZJQ7nKJ9QFTRBqn7z7dHV5EGpzUpH3,28884573005053195663482512161273663156689299543819186974618309539403381645533,21721315536892905724673694440448320387700430427595272378798885333916316819754,19921964623153284662930639727527393135828178391594279472712723111815737291948,98817351333718984161082027404487416815384682223434590709984881869128696859065,,,,,,103665566701012615655166209653614552642182906930083397987343757795994223090170,63369423831957746592984128062950111588183339245278403578904276826609233676646
112,,112,,,,,,,,,,,448198976487927889778597657621737981239201686670,1924999946116323225405369620227569768103432797399552620098,448198976487927889778597657621737981239201686670,3863475778,18A7NA9FTsnJxWgkoFfPAFbQzuQxpRtCos,232873823204616210097685175123197112671598063684601132888417979428934500050,25045203261240899109591241095301737075301257192896861949951522312316241545612,3589220314574516449003323089464771670278092685773276090921023938966282736049,79734559323367682822339163769270006988530722569720797648943990512780155059014,,,,,,105652225895224346673171045393122492340374815401753304617575508213691753634251,104159100932538935970676375459949925957345781688477187752774405820274397572180
113,,113,,,,,,,,,,,1355332279089949263476438639467295913611054365944,5821107813904476728930591223062770810513919765811125386339,1355332279089949263476438639467295913611054365944,3629218915,1NeGn21dUDDeqFQ63xb2SpgUuXuBLA4WT4,15274851111682029205768465433134408557273602805670142639028945275301428886995,105629683083977892135093275269635950560225223077120229114608934176485737277397,32362808234472053857085056463006668885387211714976979631856213581744457259683,40823040207035597059036568681484432143547773233817076682584988683223627436313,,,,,,24373402579772586458707043762657613877679075150858673787454811680016552483712,97843548417724189582401859610267795634735875879029269285199687566049742661833
114,,114,,,,,,,,,,,379451362975576555275566055077390313470706275052,1629731194402726551652892474445126145383871705371915296916,379451362975576555275566055077390313470706275052,1594597524,174SNxfqpdMGYy5YQcfLbSTK3MRNZEePoy,66519078956366292741625139997504189957584992339747319891723312497197843107510,2646077900709203106593618552622385119910361275383565322717079432643294264668,39087010428977738198722381786052157598397029315612153975029916828071708606895,66387830115710807708267641605394532234288761978893913345965635495506743864842,,,,,,29636773004638563215668226517872470827451336810989643011482428205388151127249,42990264223943241101433674243280851082984824197193037585265690426726587296092
116,,116,,,,,,,,,,,1301371289998734707195777132789338995863771977936,5589347130497897448785998654634860244692379916438004860730,1301371289998734707195777132789338995863771977936,1651279674,1MnJ6hdhvK37VLmqcdEwqC3iFxyWH2PHUV,18356082728125393320938316311865469354058453292902524946403061715762434231937,35524463105295636837952886332403804209334980586701963185892033903290718681996,92065941682209353162909538181770759927712503949260715179111326265565538647744,26256228008299174066335056920838595242383343347599372068508034181695153726081,,,,,,46791791781203148772257338505167754268944467055015352321273529925540950819127,44518411965752023172907789457045844414772927030664729365583335373189989484560
117,,117,,,,,,,,,,,1150352368948456217336505911164296121198948000180,4940725803509745363148161115361333123409133970380141508376,1150352368948456217336505911164296121198948000180,2439395096,1KNRfGWw7Q9Rmwsc6NT5zsdvEb9M2Wkj5Z,24390972141853212284971566503277712917991169643409222424191020294781798416358,11181258193651033181775226148047582630147128081715076400695089567351278283785,112208039316722070242808739542447267565348783427774211873081137588605249008675,113615799070715654070380017535473785188494769093351939320431287476443289774392,,,,,,21138262090148376704616592527207183475826036933912664197137898224059681562142,65765961695664898429180390671826084171924560669179153909485442059687658942138
118,,118,,,,,,,,,,,1396670736267443564335776329761702932137736452276,5998655135548911218347831299097425566798885429996339906721,1396670736267443564335776329761702932137736452276,3855141025,1PJZPzvGX19a7twf5HyD2VvNiPdHLzm9F6,97715828335260358703812373904657628735622684513135093402170091384334021302560,60229199955889011812464449848777385728710558392888339371178563227858726450266,55237037020060895897428063987548812523516564267402721343586546437604912003798,113407376661052197349487568697410164207475465691481536446248770041286770456360,,,,,,28847293499198275074100981101959391971620648315163212599968575660222644583495,103934396452716854997423799188105390962870275696687465966242292026281758334822
119,,119,,,,,,,,,,,995684081106651601129030835393177843554382293123,4276430565500880114915224114189258139577876346447060815514,995684081106651601129030835393177843554382293123,2290110106,1GuBBhf61rnvRe4K8zu8vdQB3kHzwFqSy7,72750291168112618564905859591943737376562906329955729851541272509734461596411,52712895294512648535998358555889333812409429380000957047846011502786297384979,29069799253097563690391439623473191481918420298218883880581831321888739737921,39843233430942959130796815618683266361172975870440563498384995228935651569876,,,,,,57768565291903610509882527258289549432540176711551262614643718416216673282401,61741246327377094969510094399229963058577841647448280583572031735886404208239
121,,121,,,,,,,,,,,952788320678754687145336870748779855709032259951,4092194677326011903295933458768988512173892448302330438568,952788320678754687145336870748779855709032259951,3814876072,1GDSuiThEV64c166LUFC9uDcVdGjqkxKyh,58076909010184359969701780936467187851181481614750361257170204262854712876288,101566928252130988201987391086059003790112544395511567082160957338619203767326,88489833740869034057830322945644083116815905671955738783097593563412943013100,79451207856605712385661703333022897562618554859505400576585945663024828626491,,,,,,31334167994918563677755734962375860209072226495498614598461803992316315414,102848855469840304765380925684910748045140083953265060646701644343356224244992
122,,122,,,,,,,,,,,1292455558285977878397685231656496098540043516304,5551054354371696803097522952066834649181080248946147211103,1292455558285977878397685231656496098540043516304,3624417119,1Me3ASYt5JCTAK2XaC32RMeH34PdprrfDx,6869027959654346408422525778438107175606784624630781959359042340354100534664,5604080851841240940073949688809421994069387846890596337480943950914787517263,40308276101616965834112931753797016829072734988835124231646690276529299360114,43524973506460334788013194367932357495578881688315424698952397941628219325683,,,,,,41174304751843728746673749984023912865986376711519094923435356299797119596924,97714092232066588356602174467352711005245244399477361899453761494866049633512
123,,123,,,,,,,,,,,728706233561485620939706721032402912060208409039,3129769441537918347110293154665565863593759099770569173259,728706233561485620939706721032402912060208409039,3873384715,1CdufMQL892A69KXgv6UNBD17ywWqYpKut,94297550055335605084581237522578990032314962717927916213101967466035005666413,19103381039767997831853962018348315647843214015665082529671493151382618583228,41810994602444288189768552507527078945636413027929802513586255415392463728912,102628426377453606367815587098977094401054975031620618860912136355554543295771,,,,,,41879958242849272133752029524966468276506365235651620292308619228122617485957,104426245339424892978997801882312932387967297571658083430195052037522278608026
124,,124,,,,,,,,,,,673466163209366754557075241241841294431689622670,2892515145946828611692297126545018786406413835390778829411,673466163209366754557075241241841294431689622670,548629091,1BkkGsX9ZM6iwL3zbqs7HWBV7SvosR6m8N,58633813128712089934961806691938549241201496470501263067301730413397701793633,76799264322474165140376715229323127578360382640934693895846916734831595723713,35617051133652776879392631791659851936872514940814171561951146852124287414055,38888666146818753241635211588145477368139130138664349389048610715892366485457,,,,,,83600816341144666934004720327711151397457478954422797720277401979426310848251,14791011052366448717895439780795531586430954531509189954948757829835432969160
126,,126,,,,,,,,,,,595132376335207227321553267328301777165354926321,2556074093150479374728908959097001428143878992782100468819,595132376335207227321553267328301777165354926321,915870803,1AWCLZAjKbV1P7AHvaPNCKiB7ZWVDMxFiz,109126592996340799326362273431190167284664328163692092853917856128392157483475,86005636522167116864709818406053352626281394259219388795071430367020729882853,33246199312033777208822324461936343245503851708301729705566010765000441209206,74327980700476945965477386050240187942066681382958495151824376163503845574247,,,,,,38323152791309178420226056144619532448159175106099934659219656676944236862416,24691828026900404209814040842589091006692757582877187419248104338454797426409
127,,127,,,,,,,,,,,944994832736966999835889032287279178151625740330,4058721901494263434526380760758952146982990283949581132665,944994832736966999835889032287279178151625740330,442884985,1G6EFyBRU86sThN3SSt3GrHu1sA7w7nzi4,21489637416241926770112267859471370680612548972649003503971986555383467010225,29141291329318650880068952877241629840893137114106334137541576535994617839511,55886817381373081673478586552721521607976187758171421295264706676080355658577,114695189670786241292323801564233416039372537506218042592274306357631185097280,,,,,,100876858783043059093795020148985399390748493718898739462926870679415548038576,11940155599988257826832391883860773627815498925442218399463692880484317527250
128,,128,,,,,,,,,,,1287041454390570401909108137986760307387172979986,5527800955203775486985195417180590801218815158935228925556,1287041454390570401909108137986760307387172979986,496387700,1MZ2L1gFrCtkkn6DnTT2e4PFUTHw9gNwaj,109916258845874468951549084641891766018543458557363114850338225051341715779502,106357178722516709154461437197627497650219058166716721668523557995263495453377,55179427982806854655443163131511386461347327512755354673500560178063440395321,81073912142257667307181266794147490648936502403975165968040396935175724798584,,,,,,69688912018297227682076845777120351035827420055633928818278930739403450546824,13382585941830334926156179963468882404614209531659433595882746687942840866831
129,,129,,,,,,,,,,,1063570561959636648875216504076504099123703971608,4568000780604981078962090069928035787746250816444346254891,1063570561959636648875216504076504099123703971608,2673722923,1Hz3uv3nNZzBVMXLGadCucgjiCs5W9vaGz,95082582103607126765607012495327856390858991472941627425777673362996679450981,72545198283301455454565158267586612582152488995966012605013438035938308493684,88561972939332514278532471454989707914894363880730077138427498401830363155912,14476674373611963148533544713403708716210207225820890602323296220073049462627,,,,,,93045395177612300551377692114699622497712727005940853120884767328696745163142,72083427407600093915360655164567965192981891474279209836426747207959824576588
131,,131,,,,,,,,,,,375114163551972017189478196983396162425165017566,1611103064722115010135958691348732372627987797850126116980,375114163551972017189478196983396162425165017566,890595444,16zRPnT8znwq42q7XeMkZUhb1bKqgRogyy,10869067187708181660775423218226828201148203096880193817287003621471498669844,114870633327291308310429297506186578503054882388194439401630534676278050645305,5693621771206206232696824535949152527931783743304146949767459455180327544369,75444280116084051748959837431846214696442659096843648746488572464037611014832,,,,,,2682556218175349539207387220601096381857720285855333446584533338534602120088,24010405688332216287438895032929513814579047003953164923618079943068558371118
132,,132,,,,,,,,,,,1180629034164786474574547110528494792899753988461,5070763090445824583120815353731182411610736386885642252120,1180629034164786474574547110528494792899753988461,85880664,1KrU4dHE5WrW8rhWDsTRjR21r8t3dsrS3R,56320289985678422324866614431647262559757628733408194269398384676948169128594,4120879255430363016466992257813040678839002974544141969497473508531611259770,52300674542756470591608631919062191755754619898285289150796765952088021954438,46629228339574908802120060919061219582153243775952684088537364447862545930919,,,,,,32137488440275376583948114902027657764214316287961709388906456074947699061280,2315338131259324406923950642299861884260490708100708841074939410452814307010
133,,133,,,,,,,,,,,7450356150302098424031656932077869694484778575,31999036009099973251389106991966143663161635549620212946,7450356150302098424031656932077869694484778575,193729746,17uDfp5r4n441xkgLFmhNoSW1KWp6xVLD,37780208539468995070268911156881751362952993021822931536001326900264985204082,63052400206780409931719714683826220238627017932452252048890057542769090160923,109109718239280610024916357242178944720586714069789119800100167111498239122232,28497579578190149371911197425939876305310517218111849915438666138078436216318,,,,,,111836943944563415895127572885893100568291476741543260115586633550411980374117,5222943632799132119663501670670489036225962358123051410564958223310425275092
134,,134,,,,,,,,,,,135006967471722839980834131417616923823772958905,579850510023185402493923861239230806079228125826621756012,135006967471722839980834131417616923823772958905,494785132,13A3JrvXmvg5w9XGvyyR4JEJqiLz8ZySY3,97990800086025674591537885365899806478196166641553187210359962772501092204150,58109638551842301719045115439128339202742660166611909216033541310429602995917,108533592540312512683786804923561988304535296317956495584477463458564809510148,6642254661247201717366828454409078182345025528505298183267993788524088328285,,,,,,99679331907230295780464979604093649217409623890499275294834794240539155273090,13339380782028211474501822450151666451412671476092045665529146310674767483779
136,,136,,,,,,,,,,,29380874063263221243322914031204830152914240356,126189893229610170279684374131444268984001341425608835554,29380874063263221243322914031204830152914240356,3905438178,1UDHPdovvR985NrWSkdWQDEQ1xuRiTALq,22608740010851133417262958564122393420797412653740899814480986497466801986980,46245599897020168407145189760507911425350757321814852411400694260686233246016,85855130488742858418874032847413426395833973918236936853100953514364007424272,111096200989374367590833622567878357132460815187683822100513973988643187002779,,,,,,21967109269658893065845389493529491506943205178174522740600454992950146675401,105290404997364394988091320058575629768548689520943321167592709125953949306126
137,,137,,,,,,,,,,,299788272674797114125645650092407727936098356380,1287580826862584048604827702031550569383208018491996571185,299788272674797114125645650092407727936098356380,543622705,15nf31J46iLuK1ZkTnqHo7WgN5cARFK3RA,21018924046492729645098888483066869627035392209003564524587619674681091859154,109809164618034723420963872014044890283216724809568800162564997126366300217608,99256872714463006671202749331794868849574011061360134712287994370690972641971,52475376507867947276226949364054599613825051862389073347945836287764501926266,,,,,,87530769416165854014139590543771960172419379568688294907661766658367869639053,14656039142885636722000258243050069086784219021767115229396278150385153756875
138,,138,,,,,,,,,,,600393062199263539860547409466303341296569852044,2578668566891130738986243524315293664884293751510682468456,600393062199263539860547409466303341296569852044,2143715432,1Ab4vzG6wEQBDNQM1B2bvUz4fqXXdFk2WT,40759621195426967033005828920361882749841012945776762644824983126955855786274,100190279205358773202910201344425420807816904437767505714886566473403222568344,112482449266388732790685366950887927338572416629153796607607483285524649635344,61427376855285193313867305183210445551633944233338318667303895859090994338860,,,,,,17522614166026100948744050763140138449719633783673716031043262127123581346947,57794453722184192982392376336701686972999009052608845419014739640140118529239
139,,139,,,,,,,,,,,938363666624600682979641767079516724657689148298,4030241259907306642456825223402173763889811686874971460731,938363666624600682979641767079516724657689148298,967398523,1Fz63c775VV9fNyj25d9Xfw3YHE6sKCxbt,75658987212309107033473610726242164667221507775200956330778032649105920979781,87440684160364647671750455067206520795145378659250870654851633277775161512741,7286805212427576589440218485965662237212590414896205474466086099919402042359,48414263007432305754812392019419760306804192118288104125819126305595816637092,,,,,,40061505394554748656430675797052603635103103650811441777317467904966805065051,26081012595823216429413370355809179260227162902392217016402713822583530286356
141,,141,,,,,,,,,,,701961902767661508059361428154984989764514246598,3014903415425038063512997760569514150409483430465315731260,701961902767661508059361428154984989764514246598,826472252,1CD91Vm97mLQvXhrnoMChhJx4TP9MaQkJo,91607709207808490870561370715911038917921072122167508481377121883707713301008,18180000447258223211950136536819795326836985872823109544261279533449383970882,11375826988589181321778890603331255459153763565261510278622823890133818589788,83880060726490010030777794838342125379738529855309936033390012873900397506159,,,,,,33067401685008769993654098621463106243605892343620685729960907877815210393338,22281647854232662262252485573408253300473462571663130474609298712365086273336
142,,142,,,,,,,,,,,272930925398237711062007599079555106662373330914,1172229398652446745045220066150168885344685170021481123024,272930925398237711062007599079555106662373330914,3265334480,15MnK2jXPqTMURX4xC3h4mAZxyCcaWWEDD,8859915147547595531888448344118981652930161458365300591422685129893116671574,34345216731538492985412373826719545434654171258943826625575487439632918146026,57045869916877217620013803315795070702742834648100567844395885561399600550906,98242765407388342161477595663392539857024606644699156212989281322484447614291,,,,,,62092223452731152232656369007867327356930624937371178856531892902098499080052,88033243434000320394030387795375743221553999140169720822150059444240152185152
143,,143,,,,,,,,,,,148015448143850938387727920767978496077960910416,635721509080623683874202387444546844686106376604538834842,148015448143850938387727920767978496077960910416,1433079706,13N66gCzWWHEZBxhVxG18P8wyjEWF9Yoi1,65363881868730655938703100605827394310302741177814518349758202970662890919048,5057071469684360971197737227134222969583975127464268288355348737710198345016,30478177630784549557684399657471753906293124707297247089756532633267446689196,46031516322698756875356311821037336863889930670410635667654989108157022381219,,,,,,1628028358549238000596741348858486730155354072697759937771448771348128869590,38635752453922649463406774403532297412603098016253813308746334070802309615015
144,,144,,,,,,,,,,,1356042981444954487144674343392623771199648613276,5824160257276414346494828725441592784934677480714252371565,1356042981444954487144674343392623771199648613276,2080949869,1NevxKDYuDcCh1ZMMi6ftmWwGrZKC6j7Ux,58067452345234222462191935574171595395134376810497892454337152561744748549757,5797154865833605686737814050119777049697424358822445955810156558998104890872,107510058656649554672536863126913974472546274236144309826404211664568202704797,18915847434951984536736518872811243457319870681568327274415088458347071431112,,,,,,62555750802407433876795942785092245785085337445469998736785771073697867775459,56102297502508732708695650817319483844865439467695370627959100340211927364492
146,,146,,,,,,,,,,,1259722750988045022971776140380247639579009185135,5410468017520805060639347253966268616373039658240752988562,1259722750988045022971776140380247639579009185135,2318643602,1M7ipcdYHey2Y5RZM34MBbpugghmjaV89P,58674971738878202926749664146376967142383545084357087506985949675642238089507,88890411494674446781088398362890609343748031106570483101529476420766525244748,95424716982966028932457726494041362835161740228231862376058148690616046907286,50525177977196050766916930912061416891897086729911061321391662110989060015991,,,,,,13256599818976232789317422185603879830659445895739699911943477237425824333666,62510507866740771443492042215827677389539964662256068436625321270986317214139
147,,147,,,,,,,,,,,474397641132759930723256928909800015183218411502,2037522353964748296675614136272987999112226525426758066601,474397641132759930723256928909800015183218411502,597828009,18aNhurEAJsw6BAgtANpexk5ob1aGTwSeL,21423582597190526816062079091351589560759669889267945968505596886131649671967,92147806678474398585022546953864096973779036744073964027767313639500167205157,41815577337103286780637504298212473549766601920099883277914914069305843495102,93317632803142827511131678041975158614034453044248150982236087442406007657929,,,,,,60635127510302162901103550158429110561808507138426732282493676288101948716510,16117411258429763363750840711758928692497362171145142382880345576506445041392
148,,148,,,,,,,,,,,935636230466629221446171294459967126013009363610,4018527010806891325469247534119544787460986087250494267398,935636230466629221446171294459967126013009363610,3771768838,1FwZXt6EpRT7Fkndzv6K4b4DFoT4trbMrV,109220188306476554905357038352445527498175607339835771258701252376549717851071,12228928606224623061395664064541909392344910067610287878553126646051424978437,111016642791733188963344147154059984706232542177800702630444268571347569469632,32702132143927766571358857066777151792377835321688907783614559592322443998195,,,,,,20780110323195238109409865935283714748056472760265340762380129766162064339814,101686686721700836564216329297761440678861277894929632411866148903826393273524
149,,149,,,,,,,,,,,722242930416841308883362845578615561975407945168,3102009765907537069275877700261652035641038280756087245739,722242930416841308883362845578615561975407945168,966020011,1CXvTzR6qv8wJ7eprzUKeWxyGcHwDYP1i2,86491679330519505778467227126649399615573247971478658850140730994350245881439,104922085191978765907794620790501976076685629141332721986081926806807494870287,55267051818973447695519196936582046446511994156782815635435400725196429337876,59403263921512124060983564239299245293949459340516697730200201135964231169864,,,,,,86182746933317389825168765160746355256570073957513011067920029068299951343364,26043847988470616411584525155767137638095819741637893937544629216153530114692
151,,151,,,,,,,,,,,150211390682429332175597990070554728164462314990,645153010467713103525313896596365290044535752309694324642,150211390682429332175597990070554728164462314990,3193757602,13Q84TNNvgcL3HJiqQPvyBb9m4hxjS3jkV,33985464911573570347037698091618884202234353368630591840764403246659659745631,12832971919210864712464952200396730474994673777192106527731205889125554911076,54170508632164958224888337573244522606383854033716712436741991035150063684977,93583877096661588758122350017416222456401778093541983049105301594417918437397,,,,,,100246682044762897300457501172280718284897897558070450019435555181773533792500,86103534642504212353231775639071559515366544319290138520359042751181587390224
152,,152,,,,,,,,,,,1246495754168834689999408182028413167603600178283,5353658498758000655977756401166849497633229457587183576525,1246495754168834689999408182028413167603600178283,1929143757,1LuUHyrQr8PKSvbcY1v1PiuGuqFjWpDumN,99761701919545483038081304495536962626278606650077941639096948309036324867932,105661597280682608920124406228587053312679641770811619310460787143668536223322,47188273304680832111066744934353514735574047146885067760884652971640248985593,109093917994860121271683037926927576948552871483075009134234115414862143265519,,,,,,30357619093779274876801769021541064288110628185735800248546874799884827461585,52009612824357894673713171154587339372150634381201213248268000161930093906526
153,,153,,,,,,,,,,,438512500477676049084978069824432762602147085503,1883396848438803008902471534773143177127153591618926800729,438512500477676049084978069824432762602147085503,1826090841,18192XpzzdDi2K11QVHR7td2HcPS6Qs5vg,109405367126996244657288442508282770432544599500219655627438551000572145859414,62118336234823794529218276864370686986786757171092807195103681577921468489086,70105813840484869511783137204171189733417195886115764892697966202963675071517,77368422736157374620172339425726626330650234760247270094038501815170424356773,,,,,,106176855650451278385508914888443835945789645393359354174482401233300901217946,49231311703185550805054435263997265944626946105248270650828565578691401332316
154,,154,,,,,,,,,,,1357733658768552504317143994163865270367025296107,5831421661089356639301032267056616201176571563586971496203,1357733658768552504317143994163865270367025296107,2690379531,1NgVmsCCJaKLzGyKLFJfVequnFW9ZvnMLN,1439106284674377442967821274300908304923997622134978458950914252536394095704,78397268475115775545155852124589280528441409376884885090642351778303458177189,88518343720754712541789987650300221539514955324629928816609126595261240180808,77178814144366420793380289877723694557015759209510599699664719363115366680047,,,,,,71866538527879030911445394957321273487948165119633912398679395358367666832161,72532488671099249175617366778324755084049610231211001106121882804640176603481
156,,156,,,,,,,,,,,905676697066653229731511319399117054144289639268,3889851794650574753869615977473018118825585265811472418331,905676697066653229731511319399117054144289639268,3775039003,1FTpAbQa4h8trvhQXjXnmNhqdiGBd1oraE,19275675653381229665033748103469898063913239324064328570286102410348673249906,56850631475362006211133878556697899355340606769141643846161078621352097787764,1841087809671533285929704116081795397225074728219097531434593023015409227840,55830500770981766408549888597011734542778680209909254399889642312781718524996,,,,,,21618727321637567315403622713597847050069242741287186611438034030164570406606,101774850214196480030719857193863028086658936473967486279825872230863165003184
157,,157,,,,,,,,,,,206537746753890332466713099942766912152833340339,887072867697489138715099772868963359447324150498362466374,206537746753890332466713099942766912152833340339,3919913030,14JHoRAdmJg3XR4RjMDh6Wed6ft6hzbQe9,46738878898431481130988981125087822118380278753787625627882044775113258880908,63958117970717666033385887503304045479941615810532846190364725534225498046408,39392654942897014734383659841105636470987292050750227139745955966597456184375,90093807799714838315548001028652281619951784157132768882201497835134751554885,,,,,,28249648267510800438033864616903266557458525965561120659788573111597358758530,105680646249567905988657481375696575818732811734384513428092940464405625754471
158,,158,,,,,,,,,,,562640564128511188711478918003836450268562812969,2416522822334946296685886332619943156436207698623827183027,562640564128511188711478918003836450268562812969,207521203,19z6waranEf8CcP8FqNgdwUe1QRxvUNKBG,22033473014688761130915857266518529035798350081068834163551402946300731343095,100665298740077503944395486119276078310430378422420015170582572698640660745532,22268909455694165913216217039338830456576442144921279670940412871523177434450,6686199643128557754892827634266689391533285004826613046097055687403173861115,,,,,,37429632719736176800073939975316604622540046977536921866067649864928019398868,5594760585648724829551263160042033686833564287879841539027393318595990006292
159,,159,,,,,,,,,,,244085258871455848540644414295584483545914627653,1048338204288596737389997086164610234034753440181423244870,244085258871455848540644414295584483545914627653,3771008582,14u4nA5sugaswb6SZgn5av2vuChdMnD9E5,49678761025232810308102450730837196401706397060856747815750736049787376183587,27626945808528441014506979543172998699609871443450093683412159583226473016318,16223798432722256866696541939227437172285049623128027797235820004938576344285,115259746077657349601455178829298462017812429554318257078223035425538895395989,,,,,,58283106568844181028878914870925378101513566815003723229233574400854347281605,101666190271842307334880317190007095284624319126591946331245252030255988575668
