idx	priority	label	center_dec	center_hex	lo_dec	hi_dec	lo_hex	hi_hex	width_bits
1	0	kanga_mid	34396961501501289790968896312971598690914	0x651565d0aed35b732c9f1da5021496fa62	34396961501501289790821322360381922277986	34396961501501289791116470265561275103842	000000000000000000000000000000651565D0AED35B73249F1DA5021496FA62	000000000000000000000000000000651565D0AED35B73349F1DA5021496FA62	68
2	0	kanga_lower	34174754894546241838917366508516248859293	0x646e3a611d16550676944463c5f81f329d	34174754894546241838769792555926572446365	34174754894546241839064940461105925272221	000000000000000000000000000000646E3A611D1655066E944463C5F81F329D	000000000000000000000000000000646E3A611D1655067E944463C5F81F329D	68
3	0	kanga_upper_minus_1	34619168108456337743020426117426948522535	0x65bc9140409061dfe2a9f6e63e310ec227	34619168108456337742872852164837272109607	34619168108456337743168000070016624935463	00000000000000000000000000000065BC9140409061DFDAA9F6E63E310EC227	00000000000000000000000000000065BC9140409061DFEAA9F6E63E310EC227	68
4	1	chunk_18	34196556479943799031756551071842849986982	0x647ea136435bd787040c3d84b5fe7b19a6	34196556479943799031608977119253173574054	34196556479943799031904125024432526399910	000000000000000000000000000000647EA136435BD786FC0C3D84B5FE7B19A6	000000000000000000000000000000647EA136435BD7870C0C3D84B5FE7B19A6	68
5	2	b2[46]	34339313561024031265435986695011695739557	0x64ea0739c6ae6c43a18d226a380b5242a5	34339313561024031265288412742422019326629	34339313561024031265583560647601372152485	00000000000000000000000000000064EA0739C6AE6C43998D226A380B5242A5	00000000000000000000000000000064EA0739C6AE6C43A98D226A380B5242A5	68
6	3	wavg2a(b1[1],b2[7])	34397110051619213566813014671643969341096	0x6515826cc4e9de769ab310cd8fca6446a8	34397110051619213566665440719054292928168	34397110051619213566960588624233645754024	0000000000000000000000000000006515826CC4E9DE7692B310CD8FCA6446A8	0000000000000000000000000000006515826CC4E9DE76A2B310CD8FCA6446A8	68
7	3	wavg2a(b1[10],b1[27])	34396787567781729472454552324872190505623	0x6515445116a469eb4a1ad8cdc9d2df3297	34396787567781729472306978372282514092695	34396787567781729472602126277461866918551	0000000000000000000000000000006515445116A469EB421AD8CDC9D2DF3297	0000000000000000000000000000006515445116A469EB521AD8CDC9D2DF3297	68
8	3	wavg2a(b2[10],b3[17])	34397196302846583187431493476075624417417	0x6515930948744f843c6f30b72097fb4889	34397196302846583187283919523485948004489	34397196302846583187579067428665300830345	0000000000000000000000000000006515930948744F84346F30B72097FB4889	0000000000000000000000000000006515930948744F84446F30B72097FB4889	68
9	3	wavg2a(b1[27],b4[42])	34397508193373559660730539773662841169753	0x6515cf1aac597166ff4f2a2999776a6759	34397508193373559660582965821073164756825	34397508193373559660878113726252517582681	0000000000000000000000000000006515CF1AAC597166F74F2A2999776A6759	0000000000000000000000000000006515CF1AAC597167074F2A2999776A6759	68
10	3	wavg2b(b1[68],b2[34])	34397686350317442690610958355081515370359	0x6515f16a7d1e252472224d7bd823f20777	34397686350317442690463384402491838957431	34397686350317442690758532307671191783287	0000000000000000000000000000006515F16A7D1E25246A224D7BD823F20777	0000000000000000000000000000006515F16A7D1E25247A224D7BD823F20777	68
11	3	wavg2b(b1[18],b3[57])	34395349569714579269391985405040734031355	0x65142f5e4f54b68b57afb07e45efb0cdfb	34395349569714579269244411452451057618427	34395349569714579269539559357630410444283	00000000000000000000000000000065142F5E4F54B68B4FAFB07E45EFB0CDFB	00000000000000000000000000000065142F5E4F54B68B5FAFB07E45EFB0CDFB	68
12	3	avg(b2[12],b3[27])	34395069493849757148580694804578975387289	0x6513f96d80ed45a9d71cc7bbab06348e99	34395069493849757148433120851989298974361	34395069493849757148728268757168651800217	0000000000000000000000000000006513F96D80ED45A9CF1CC7BBAB06348E99	0000000000000000000000000000006513F96D80ED45A9DF1CC7BBAB06348E99	68
13	3	avg(b4[0],b4[66])	34399099430959510801405529449344264288229	0x65170190be4f19de2ec56f9e8a5543b7e5	34399099430959510801257955496754587875301	34399099430959510801553103401933940701157	00000000000000000000000000000065170190BE4F19DE26C56F9E8A5543B7E5	00000000000000000000000000000065170190BE4F19DE36C56F9E8A5543B7E5	68
14	3	wavg2a(b3[31],b3[43])	34394551646206688774027730634764121414776	0x651395b1a4c25b3947073bf08b074e1c78	34394551646206688773880156682174445001848	34394551646206688774175304587353797827704	000000000000000000000000000000651395B1A4C25B393F073BF08B074E1C78	000000000000000000000000000000651395B1A4C25B394F073BF08B074E1C78	68
15	3	wavg2b(b2[26],b4[64])	34394242258433480865106181973490350332194	0x65135a1ba60eccb03d39e795a034e69922	34394242258433480864958608020900673919266	34394242258433480865253755926080026745122	00000000000000000000000000000065135A1BA60ECCB03539E795A034E69922	00000000000000000000000000000065135A1BA60ECCB04539E795A034E69922	68
16	3	avg(b1[10],b1[68])	34394208961898661791198956990946037778790	0x651353b200b449275699797ed90c90c966	34394208961898661791051383038356361365862	34394208961898661791346530943535714191718	000000000000000000000000000000651353B200B449274E99797ED90C90C966	000000000000000000000000000000651353B200B449275E99797ED90C90C966	68
17	3	wavg2b(b1[18],b3[13])	34394131075125340656608540247417344921645	0x651344b1e36a8799471680ec97cd2a902d	34394131075125340656460966294827668508717	34394131075125340656756114200007021334573	000000000000000000000000000000651344B1E36A87993F1680EC97CD2A902D	000000000000000000000000000000651344B1E36A87994F1680EC97CD2A902D	68
18	3	wavg2b(b3[5],b3[43])	34399812063756719401616506703276668527490	0x65178ad040c3d24160349af9c09c9aa382	34399812063756719401468932750686992114562	34399812063756719401764080655866344940418	00000000000000000000000000000065178AD040C3D24158349AF9C09C9AA382	00000000000000000000000000000065178AD040C3D24168349AF9C09C9AA382	68
19	3	wavg2b(b1[15],b2[8])	34393632225377834202977277543765556927234	0x6512e49eb266e5498852056a537c891b02	34393632225377834202829703591175880514306	34393632225377834203124851496355233340162	0000000000000000000000000000006512E49EB266E5498052056A537C891B02	0000000000000000000000000000006512E49EB266E5499052056A537C891B02	68
20	3	wavg2b(b2[41],b3[43])	34400364023283546462375202703386017566039	0x6517f51df56fc38af53c8f105368948d57	34400364023283546462227628750796341153111	34400364023283546462522776655975693978967	0000000000000000000000000000006517F51DF56FC38AED3C8F105368948D57	0000000000000000000000000000006517F51DF56FC38AFD3C8F105368948D57	68
21	3	diff_low(b3[52],b4[2])	34393544485926015191852389149852237859906	0x6512d3b8ced3e8921d0d01fb1ba4388c42	34393544485926015191704815197262561446978	34393544485926015191999963102441914272834	0000000000000000000000000000006512D3B8CED3E892150D01FB1BA4388C42	0000000000000000000000000000006512D3B8CED3E892250D01FB1BA4388C42	68
22	3	diff_low(b3[30],b4[2])	34400472936560758843747845062291068190554	0x65180a17cc42833cf6a99daa3ae7de7f5a	34400472936560758843600271109701391777626	34400472936560758843895419014880744603482	00000000000000000000000000000065180A17CC42833CEEA99DAA3AE7DE7F5A	00000000000000000000000000000065180A17CC42833CFEA99DAA3AE7DE7F5A	68
23	3	wavg2a(b2[13],b2[41])	34393405122175211210597256609332272931861	0x6512b8e1a4fe72d895f32fec9cc6a1a415	34393405122175211210449682656742596518933	34393405122175211210744830561921949344789	0000000000000000000000000000006512B8E1A4FE72D88DF32FEC9CC6A1A415	0000000000000000000000000000006512B8E1A4FE72D89DF32FEC9CC6A1A415	68
24	3	diff_low(b1[48],b1[59])	34393379618631147821813101340133175024918	0x6512b3f8390322380e7d971addca175d16	34393379618631147821665527387543498611990	34393379618631147821960675292722851437846	0000000000000000000000000000006512B3F839032238067D971ADDCA175D16	0000000000000000000000000000006512B3F839032238167D971ADDCA175D16	68
25	3	wavg2a(b2[13],b3[5])	34392853162648384149838560609222923893312	0x65124e93f052818f00eb3bd609faa7ba40	34392853162648384149690986656633247480384	34392853162648384149986134561812600306240	00000000000000000000000000000065124E93F052818EF8EB3BD609FAA7BA40	00000000000000000000000000000065124E93F052818F08EB3BD609FAA7BA40	68
26	3	wavg2a(b2[15],b2[26])	34401384911526559932418313316199036058455	0x6518b9bba29cdf9beff785e5d318b37b57	34401384911526559932270739363609359645527	34401384911526559932565887268788712471383	0000000000000000000000000000006518B9BBA29CDF9BE7F785E5D318B37B57	0000000000000000000000000000006518B9BBA29CDF9BF7F785E5D318B37B57	68
27	3	avg(b1[22],b3[17])	34401597861826669358652210603794452990630	0x6518e2bee546e779b3bc88f90a38284aa6	34401597861826669358504636651204776577702	34401597861826669358799784556384129403558	0000000000000000000000000000006518E2BEE546E779ABBC88F90A38284AA6	0000000000000000000000000000006518E2BEE546E779BBBC88F90A38284AA6	68
28	3	diff_low(b1[21],b3[47])	34402101676503025514727365409603275989296	0x651943c6e080e0f749d0485a160c042130	34402101676503025514579791457013599576368	34402101676503025514874939362192952402224	000000000000000000000000000000651943C6E080E0F741D0485A160C042130	000000000000000000000000000000651943C6E080E0F751D0485A160C042130	68
29	3	wavg2a(b1[52],b4[52])	34391727451889385900069348589234292172852	0x651175c61cfd0fda47798c3a841bf6a834	34391727451889385899921774636644615759924	34391727451889385900216922541823968585780	000000000000000000000000000000651175C61CFD0FDA3F798C3A841BF6A834	000000000000000000000000000000651175C61CFD0FDA4F798C3A841BF6A834	68
30	3	avg(b1[70],b2[7])	34391561686900465583047198005462573916821	0x651155d944ae5ce62319f44857970a2295	34391561686900465582899624052872897503893	34391561686900465583194771958052250329749	000000000000000000000000000000651155D944AE5CE61B19F44857970A2295	000000000000000000000000000000651155D944AE5CE62B19F44857970A2295	68
31	3	wavg2b(b2[13],b3[31])	34391072195652521148138757587737249097687	0x6510f7937c89b2e017628c5eafb654a7d7	34391072195652521147991183635147572684759	34391072195652521148286331540326925510615	0000000000000000000000000000006510F7937C89B2E00F628C5EAFB654A7D7	0000000000000000000000000000006510F7937C89B2E01F628C5EAFB654A7D7	68
32	3	wavg2a(b4[30],b4[48])	34391014935016507622552346327850507535111	0x6510ec8c51b40e0803a48dcb744cb38307	34391014935016507622404772375260831122183	34391014935016507622699920280440183948039	0000000000000000000000000000006510EC8C51B40E07FBA48DCB744CB38307	0000000000000000000000000000006510EC8C51B40E080BA48DCB744CB38307	68
33	3	diff_low(b3[22],b4[50])	34402914716807436690371597616804537894374	0x6519e05cdbdf2a1a322e994cb36f7505e6	34402914716807436690224023664214861481446	34402914716807436690519171569394214307302	0000000000000000000000000000006519E05CDBDF2A1A2A2E994CB36F7505E6	0000000000000000000000000000006519E05CDBDF2A1A3A2E994CB36F7505E6	68
34	3	avg(b1[22],b4[45])	34390660986042838695527354181908158847492	0x6510a86149943a0d835db5e7d436e99a04	34390660986042838695379780229318482434564	34390660986042838695674928134497835260420	0000000000000000000000000000006510A86149943A0D7B5DB5E7D436E99A04	0000000000000000000000000000006510A86149943A0D8B5DB5E7D436E99A04	68
35	3	diff_low(b2[24],b4[61])	34403434793674149806135528520669493535399	0x651a4486a0cc28844a07a03fe5a01922a7	34403434793674149805987954568079817122471	34403434793674149806283102473259169948327	000000000000000000000000000000651A4486A0CC28844207A03FE5A01922A7	000000000000000000000000000000651A4486A0CC28845207A03FE5A01922A7	68
36	3	diff_low(b1[29],b1[48])	34390217950924724543948449158867134319507	0x6510530df83ad9e2cb5d0d2d9b6af20b93	34390217950924724543800875206277457906579	34390217950924724544096023111456810732435	0000000000000000000000000000006510530DF83AD9E2C35D0D2D9B6AF20B93	0000000000000000000000000000006510530DF83AD9E2D35D0D2D9B6AF20B93	68
37	3	wavg2a(b2[10],b4[45])	34389905052324029412014922528151428321992	0x651016cae0a7dbe6c6daa400fc9726d2c8	34389905052324029411867348575561751909064	34389905052324029412162496480741104734920	000000000000000000000000000000651016CAE0A7DBE6BEDAA400FC9726D2C8	000000000000000000000000000000651016CAE0A7DBE6CEDAA400FC9726D2C8	68
38	3	wavg2a(b3[45],b4[30])	34389749191559523262826553342602823589786	0x650ff8c6593c3ab8c75f3af32493cbdf9a	34389749191559523262678979390013147176858	34389749191559523262974127295192500002714	000000000000000000000000000000650FF8C6593C3AB8BF5F3AF32493CBDF9A	000000000000000000000000000000650FF8C6593C3AB8CF5F3AF32493CBDF9A	68
39	3	avg(b1[60],b3[40])	34404178557557133362704950461991707789213	0x651ad3c504cc29ac68d315d1d91a80c79d	34404178557557133362557376509402031376285	34404178557557133362852524414581384202141	000000000000000000000000000000651AD3C504CC29AC60D315D1D91A80C79D	000000000000000000000000000000651AD3C504CC29AC70D315D1D91A80C79D	68
40	3	avg(b3[35],b4[6])	34389382618531398401615396864222335963555	0x650fb22ce7247cfb193a6906f1344191a3	34389382618531398401467822911632659550627	34389382618531398401762970816812012376483	000000000000000000000000000000650FB22CE7247CFB113A6906F1344191A3	000000000000000000000000000000650FB22CE7247CFB213A6906F1344191A3	68
41	3	diff_low(b1[62],b4[1])	34388896802891739704771223029980224447827	0x650f549c57b2bc42500346eddaeeb66553	34388896802891739704623649077390548034899	34388896802891739704918796982569900860755	000000000000000000000000000000650F549C57B2BC42480346EDDAEEB66553	000000000000000000000000000000650F549C57B2BC42580346EDDAEEB66553	68
42	3	diff_low(b1[55],b4[55])	34388776127219584730886532267590060223454	0x650f3d5e92941edc00ff8697873f562bde	34388776127219584730738958315000383810526	34388776127219584731034106220179736636382	000000000000000000000000000000650F3D5E92941EDBF8FF8697873F562BDE	000000000000000000000000000000650F3D5E92941EDC08FF8697873F562BDE	68
43	3	wavg2b(b3[29],b4[50])	34405512880881281138812393602055064605431	0x651bd4c03ce20e05e49239d678e76d52f7	34405512880881281138664819649465388192503	34405512880881281138959967554644741018359	000000000000000000000000000000651BD4C03CE20E05DC9239D678E76D52F7	000000000000000000000000000000651BD4C03CE20E05EC9239D678E76D52F7	68
44	3	diff_low(b3[40],b3[44])	34405538992176849881147337150213532887697	0x651bd9c79fc46520e2cd7ee56fed9f2a91	34405538992176849880999763197623856474769	34405538992176849881294911102803209300625	000000000000000000000000000000651BD9C79FC46520DACD7EE56FED9F2A91	000000000000000000000000000000651BD9C79FC46520EACD7EE56FED9F2A91	68
45	3	wavg2b(b1[40],b1[67])	34405646026348964162209645404316831306548	0x651bee64d0f31ab9c50f1817a52f1fd334	34405646026348964162062071451727154893620	34405646026348964162357219356906507719476	000000000000000000000000000000651BEE64D0F31AB9BD0F1817A52F1FD334	000000000000000000000000000000651BEE64D0F31AB9CD0F1817A52F1FD334	68
46	3	wavg2b(b2[28],b3[1])	34387956365078991986716973624765313015345	0x650e9f7d2db5bb92737d69ce1a97f15e31	34387956365078991986569399672175636602417	34387956365078991986864547577354989428273	000000000000000000000000000000650E9F7D2DB5BB926B7D69CE1A97F15E31	000000000000000000000000000000650E9F7D2DB5BB927B7D69CE1A97F15E31	68
47	3	avg(b3[42],b4[27])	34387790906869463556223915986256626670855	0x650e7f9f7580b5eaf0f48a9f7c3ffb5d07	34387790906869463556076342033666950257927	34387790906869463556371489938846303083783	000000000000000000000000000000650E7F9F7580B5EAE8F48A9F7C3FFB5D07	000000000000000000000000000000650E7F9F7580B5EAF8F48A9F7C3FFB5D07	68
48	3	avg(b2[11],b4[53])	34406262090566139481928005543535262553658	0x651c650b2090f1cedfaf40da7cd23fd63a	34406262090566139481780431590945586140730	34406262090566139482075579496124938966586	000000000000000000000000000000651C650B2090F1CED7AF40DA7CD23FD63A	000000000000000000000000000000651C650B2090F1CEE7AF40DA7CD23FD63A	68
49	3	avg(b1[9],b4[15])	34387568059963507704074305936786473663136	0x650e54b4421c87cf1b126f9d0cd764baa0	34387568059963507703926731984196797250208	34387568059963507704221879889376150076064	000000000000000000000000000000650E54B4421C87CF13126F9D0CD764BAA0	000000000000000000000000000000650E54B4421C87CF23126F9D0CD764BAA0	68
50	3	avg(b1[39],b4[2])	34406564782937723332555321323020106949763	0x651c9f57036b0faa949ff03bb08fed6483	34406564782937723332407747370430430536835	34406564782937723332702895275609783362691	000000000000000000000000000000651C9F57036B0FAA8C9FF03BB08FED6483	000000000000000000000000000000651C9F57036B0FAA9C9FF03BB08FED6483	68
51	3	diff_low(b4[4],b4[70])	34386967571210114619460100950234999000141	0x650de10de07c78e9ce079f712107ab8c4d	34386967571210114619312526997645322587213	34386967571210114619607674902824675413069	000000000000000000000000000000650DE10DE07C78E9C6079F712107AB8C4D	000000000000000000000000000000650DE10DE07C78E9D6079F712107AB8C4D	68
52	3	wavg2a(b2[10],b4[1])	34386609876537544354641891890649357889236	0x650d9c2a2afebd4977a04fe17bb81c2ed4	34386609876537544354494317938059681476308	34386609876537544354789465843239034302164	000000000000000000000000000000650D9C2A2AFEBD496FA04FE17BB81C2ED4	000000000000000000000000000000650D9C2A2AFEBD497FA04FE17BB81C2ED4	68
53	3	diff_low(b2[28],b4[15])	34386385344861644721696564490264241452033	0x650d70ebe6d145121abfa85e2ff3c73401	34386385344861644721548990537674565039105	34386385344861644721844138442853917864961	000000000000000000000000000000650D70EBE6D1451212BFA85E2FF3C73401	000000000000000000000000000000650D70EBE6D1451222BFA85E2FF3C73401	68
54	3	wavg2a(b1[22],b3[46])	34407537910562843921093238311737205258579	0x651d5ac1e8d89f3016342699b4e1e0f953	34407537910562843920945664359147528845651	34407537910562843921240812264326881671507	000000000000000000000000000000651D5AC1E8D89F300E342699B4E1E0F953	000000000000000000000000000000651D5AC1E8D89F301E342699B4E1E0F953	68
55	3	diff_low(b1[10],b3[2])	34407892167740942653026924462814303016291	0x651d9efc230eac3435636fb68cc2ded563	34407892167740942652879350510224626603363	34407892167740942653174498415403979429219	000000000000000000000000000000651D9EFC230EAC342D636FB68CC2DED563	000000000000000000000000000000651D9EFC230EAC343D636FB68CC2DED563	68
56	3	diff_low(b1[48],b3[9])	34385942191418158377233155395813988900044	0x650d1b92bffdff0d82aead585186081ccc	34385942191418158377085581443224312487116	34385942191418158377380729348403665312972	000000000000000000000000000000650D1B92BFFDFF0D7AAEAD585186081CCC	000000000000000000000000000000650D1B92BFFDFF0D8AAEAD585186081CCC	68
57	3	avg(b1[22],b4[1])	34385718222363111109467808225655053198358	0x650cf07039168c218c8637b892e859a416	34385718222363111109320234273065376785430	34385718222363111109615382178244729611286	000000000000000000000000000000650CF07039168C21848637B892E859A416	000000000000000000000000000000650CF07039168C21948637B892E859A416	68
58	3	avg(b1[1],b3[8])	34385581999919942519640016838295044145968	0x650cd633f0217c7787d7a60b8ce91ac330	34385581999919942519492442885705367733040	34385581999919942519787590790884720558896	000000000000000000000000000000650CD633F0217C777FD7A60B8CE91AC330	000000000000000000000000000000650CD633F0217C778FD7A60B8CE91AC330	68
59	3	diff_low(b4[16],b4[27])	34385531666286757372964127404080791902988	0x650ccc824c5d225b9e87eadd50bc995b0c	34385531666286757372816553451491115490060	34385531666286757373111701356670468315916	000000000000000000000000000000650CCC824C5D225B9687EADD50BC995B0C	000000000000000000000000000000650CCC824C5D225BA687EADD50BC995B0C	68
60	3	wavg2b(b1[34],b1[65])	34409111194420687376350673113592079918677	0x651e89c2cae601ed7bf48c1d86ea212655	34409111194420687376203099161002403505749	34409111194420687376498247066181756331605	000000000000000000000000000000651E89C2CAE601ED73F48C1D86EA212655	000000000000000000000000000000651E89C2CAE601ED83F48C1D86EA212655	68
61	3	diff_low(b1[30],b2[6])	34384366274236604981637821561446069207931	0x650bec1008b8ccdfc3cc00e4e02510837b	34384366274236604981490247608856392795003	34384366274236604981785395514035745620859	000000000000000000000000000000650BEC1008B8CCDFBBCC00E4E02510837B	000000000000000000000000000000650BEC1008B8CCDFCBCC00E4E02510837B	68
62	3	diff_low(b1[17],b2[32])	34409630883667589138312148649519459474943	0x651eedd9735fd759491a1f5823f48a1dff	34409630883667589138164574696929783062015	34409630883667589138459722602109135887871	000000000000000000000000000000651EEDD9735FD759411A1F5823F48A1DFF	000000000000000000000000000000651EEDD9735FD759511A1F5823F48A1DFF	68
63	3	wavg2b(b2[38],b3[19])	34384085552221681130280191735369514555048	0x650bb5ff5ec1c70ae3d2316a69326b16a8	34384085552221681130132617782779838142120	34384085552221681130427765687959190967976	000000000000000000000000000000650BB5FF5EC1C70ADBD2316A69326B16A8	000000000000000000000000000000650BB5FF5EC1C70AEBD2316A69326B16A8	68
64	3	wavg2a(b1[5],b1[52])	34383830634436955560413948616701509346370	0x650b84e6f3f75f15b66f80c33a76cba442	34383830634436955560266374664111832933442	34383830634436955560561522569291185759298	000000000000000000000000000000650B84E6F3F75F15AE6F80C33A76CBA442	000000000000000000000000000000650B84E6F3F75F15BE6F80C33A76CBA442	68
65	3	wavg2a(b1[65],b4[58])	34410093904908952386813464880527273259559	0x651f470629105f4391b179316e40f27227	34410093904908952386665890927937596846631	34410093904908952386961038833116949672487	000000000000000000000000000000651F470629105F4389B179316E40F27227	000000000000000000000000000000651F470629105F4399B179316E40F27227	68
66	3	diff_low(b1[37],b1[38])	34383684261993533125035155812944835365013	0x650b68b63bfeac08055c1cbeb5301dc895	34383684261993533124887581860355158952085	34383684261993533125182729765534511777941	000000000000000000000000000000650B68B63BFEAC07FD5C1CBEB5301DC895	000000000000000000000000000000650B68B63BFEAC080D5C1CBEB5301DC895	68
67	3	wavg2b(b4[39],b4[55])	34383206453416684792807104866421207257005	0x650b0cb073e43b89986a3ac1543028cfad	34383206453416684792659530913831530844077	34383206453416684792954678819010883669933	000000000000000000000000000000650B0CB073E43B89906A3AC1543028CFAD	000000000000000000000000000000650B0CB073E43B89A06A3AC1543028CFAD	68
68	3	avg(b1[73],b4[3])	34410992064434387568059963507704074305936	0x651ff400d80b5312e4edca6c0021bf8190	34410992064434387567912389555114397893008	34410992064434387568207537460293750718864	000000000000000000000000000000651FF400D80B5312DCEDCA6C0021BF8190	000000000000000000000000000000651FF400D80B5312ECEDCA6C0021BF8190	68
69	3	avg(b3[7],b4[18])	34411085555580450091779905804498742208136	0x652006025034bf5b5479866ef659a6e688	34411085555580450091632331851909065795208	34411085555580450091927479757088418621064	000000000000000000000000000000652006025034BF5B4C79866EF659A6E688	000000000000000000000000000000652006025034BF5B5C79866EF659A6E688	68
70	3	diff_low(b1[25],b1[61])	34411196803719975368601024516553268117781	0x65201b6f452285428aa4b24f17676dc115	34411196803719975368453450563963591704853	34411196803719975368748598469142944530709	00000000000000000000000000000065201B6F4522854282A4B24F17676DC115	00000000000000000000000000000065201B6F4522854292A4B24F17676DC115	68
71	3	wavg2b(b2[10],b2[34])	34382244521951791212939262540088312302576	0x650a536d91df7ed5b8c3fe2a47a6738bf0	34382244521951791212791688587498635889648	34382244521951791213086836492677988715504	000000000000000000000000000000650A536D91DF7ED5B0C3FE2A47A6738BF0	000000000000000000000000000000650A536D91DF7ED5C0C3FE2A47A6738BF0	68
72	3	wavg2a(b1[14],b2[22])	34411688656407437158601505969113986306877	0x65207a297ad5c9c199f3af9d6a87fd133d	34411688656407437158453932016524309893949	34411688656407437158749079921703662719805	00000000000000000000000000000065207A297AD5C9C191F3AF9D6A87FD133D	00000000000000000000000000000065207A297AD5C9C1A1F3AF9D6A87FD133D	68
73	3	wavg2a(b2[26],b3[38])	34411742516632688291277506778663077360273	0x65208488fe73ad3b737fed44a4ef8d3291	34411742516632688291129932826073400947345	34411742516632688291425080731252753773201	00000000000000000000000000000065208488FE73AD3B6B7FED44A4EF8D3291	00000000000000000000000000000065208488FE73AD3B7B7FED44A4EF8D3291	68
74	3	diff_low(b3[18],b4[12])	34411795170696121920620341651221386804617	0x65208ead0a2a89aaf02155d75f9606bd89	34411795170696121920472767698631710391689	34411795170696121920767915603811063217545	00000000000000000000000000000065208EAD0A2A89AAE82155D75F9606BD89	00000000000000000000000000000065208EAD0A2A89AAF82155D75F9606BD89	68
75	3	wavg2b(b4[12],b4[24])	34411866680726487333101531423915217501202	0x65209c72c1a48b03e6429e6d051343bc12	34411866680726487332953957471325541088274	34411866680726487333249105376504893914130	00000000000000000000000000000065209C72C1A48B03DE429E6D051343BC12	00000000000000000000000000000065209C72C1A48B03EE429E6D051343BC12	68
76	3	wavg2a(b3[26],b3[39])	34381948888413279458991609138279268674419	0x650a1a7db60529768f32881421a842eb73	34381948888413279458844035185689592261491	34381948888413279459139183090868945087347	000000000000000000000000000000650A1A7DB60529768732881421A842EB73	000000000000000000000000000000650A1A7DB60529769732881421A842EB73	68
77	3	wavg2b(b2[47],b4[6])	34381554486282806497890387646292254582295	0x6509ce882f46049eb961591962d89ce617	34381554486282806497742813693702578169367	34381554486282806498037961598881930995223	0000000000000000000000000000006509CE882F46049EB161591962D89CE617	0000000000000000000000000000006509CE882F46049EC161591962D89CE617	68
78	3	avg(b3[52],b4[17])	34381428269485638156567934428045542046047	0x6509b6393752d86e21131b651eb8ae395f	34381428269485638156420360475455865633119	34381428269485638156715508380635218458975	0000000000000000000000000000006509B6393752D86E19131B651EB8AE395F	0000000000000000000000000000006509B6393752D86E29131B651EB8AE395F	68
79	3	diff_low(b1[18],b3[19])	34412507725807306854038266009518020874439	0x652117e8b8162d6964b289a2fdd919d0c7	34412507725807306853890692056928344461511	34412507725807306854185839962107697287367	000000000000000000000000000000652117E8B8162D695CB289A2FDD919D0C7	000000000000000000000000000000652117E8B8162D696CB289A2FDD919D0C7	68
80	3	avg(b2[9],b3[29])	34381332723299991129956478765459570279100	0x6509a3d26cea65d1425c800aa05b79c2bc	34381332723299991129808904812869893866172	34381332723299991130104052718049246692028	0000000000000000000000000000006509A3D26CEA65D13A5C800AA05B79C2BC	0000000000000000000000000000006509A3D26CEA65D14A5C800AA05B79C2BC	68
81	3	diff_low(b1[54],b3[25])	34381204206131002306289311373770098068048	0x65098b120a30fe0fb0688e9f6cdc35ca50	34381204206131002306141737421180421655120	34381204206131002306436885326359774480976	00000000000000000000000000000065098B120A30FE0FA8688E9F6CDC35CA50	00000000000000000000000000000065098B120A30FE0FB8688E9F6CDC35CA50	68
82	3	wavg2b(b2[13],b2[19])	34412942003362163603735895867581187153787	0x65216b8c417281d9572c2eb66adc6edf7b	34412942003362163603588321914991510740859	34412942003362163603883469820170863566715	00000000000000000000000000000065216B8C417281D94F2C2EB66ADC6EDF7B	00000000000000000000000000000065216B8C417281D95F2C2EB66ADC6EDF7B	68
83	3	diff_low(b4[16],b4[17])	34413263713931742167464689066673518947534	0x6521a981cfb49aa0f68ad828f35b482cce	34413263713931742167317115114083842534606	34413263713931742167612263019263195360462	0000000000000000000000000000006521A981CFB49AA0EE8AD828F35B482CCE	0000000000000000000000000000006521A981CFB49AA0FE8AD828F35B482CCE	68
84	3	diff_low(b4[7],b4[75])	34380613427222956615171920622875717345936	0x6509194a640b5d6aee34331f9c85672290	34380613427222956615024346670286040933008	34380613427222956615319494575465393758864	0000000000000000000000000000006509194A640B5D6AE634331F9C85672290	0000000000000000000000000000006509194A640B5D6AF634331F9C85672290	68
85	3	avg(b1[56],b4[52])	34413427345125305237805472600208849201697	0x6521c90573baa6e98e2aa0bf87a1cf6a21	34413427345125305237657898647619172788769	34413427345125305237953046552798525614625	0000000000000000000000000000006521C90573BAA6E9862AA0BF87A1CF6A21	0000000000000000000000000000006521C90573BAA6E9962AA0BF87A1CF6A21	68
86	3	wavg2a(b1[9],b1[44])	34380371234056237231748513824475533789209	0x6508eaa558833a52104790e0c9a4a7c819	34380371234056237231600939871885857376281	34380371234056237231896087777065210202137	0000000000000000000000000000006508EAA558833A52084790E0C9A4A7C819	0000000000000000000000000000006508EAA558833A52184790E0C9A4A7C819	68
87	3	diff_low(b1[23],b2[44])	34380087747680510190296135794281656513712	0x6508b40c6368b5fd1891d34fa0850a74b0	34380087747680510190148561841691980100784	34380087747680510190443709746871332926640	0000000000000000000000000000006508B40C6368B5FD1091D34FA0850A74B0	0000000000000000000000000000006508B40C6368B5FD2091D34FA0850A74B0	68
88	3	wavg2a(b1[56],b3[18])	34414771927303916856957393475492285163251	0x6522cbfa78c31ac184181a68afb54ea6f3	34414771927303916856809819522902608750323	34414771927303916857104967428081961576179	0000000000000000000000000000006522CBFA78C31AC17C181A68AFB54EA6F3	0000000000000000000000000000006522CBFA78C31AC18C181A68AFB54EA6F3	68
89	3	diff_low(b1[62],b4[45])	34379011275532284532652131117474013149560	0x6507e4ba36b7606a62544a8f5851967978	34379011275532284532504557164884336736632	34379011275532284532799705070063689562488	0000000000000000000000000000006507E4BA36B7606A5A544A8F5851967978	0000000000000000000000000000006507E4BA36B7606A6A544A8F5851967978	68
90	3	wavg2b(b3[15],b4[68])	34415029270461707782305626207078142248376	0x6522fd8a78108c95818658b190766505b8	34415029270461707782158052254488465835448	34415029270461707782453200159667818661304	0000000000000000000000000000006522FD8A78108C95798658B190766505B8	0000000000000000000000000000006522FD8A78108C95898658B190766505B8	68
91	3	wavg2a(b2[3],b4[19])	34415467120911010332123586296739918132266	0x652351de29b179491a244961b75a56342a	34415467120911010331976012344150241719338	34415467120911010332271160249329594545194	000000000000000000000000000000652351DE29B1794912244961B75A56342A	000000000000000000000000000000652351DE29B1794922244961B75A56342A	68
92	3	avg(b2[6],b2[14])	34378381496746857813448373457302558399814	0x65076b6fb8e9823d7d503ce8931be4dd46	34378381496746857813300799504712881986886	34378381496746857813595947409892234812742	00000000000000000000000000000065076B6FB8E9823D75503CE8931BE4DD46	00000000000000000000000000000065076B6FB8E9823D85503CE8931BE4DD46	68
93	3	wavg2b(b3[50],b4[6])	34378367664780723869354250500555203335981	0x650768c5c0f476c067c7bdec444156d72d	34378367664780723869206676547965526923053	34378367664780723869501824453144879748909	000000000000000000000000000000650768C5C0F476C05FC7BDEC444156D72D	000000000000000000000000000000650768C5C0F476C06FC7BDEC444156D72D	68
94	3	diff_low(b3[36],b4[11])	34415654205185529932607994225963287537021	0x652375e6213735728d78819eb5f5d5657d	34415654205185529932460420273373611124093	34415654205185529932755568178552963949949	000000000000000000000000000000652375E6213735728578819EB5F5D5657D	000000000000000000000000000000652375E6213735729578819EB5F5D5657D	68
95	3	wavg2b(b1[70],b3[8])	34378040406207686848071806449724472131408	0x650729bea90c5ac231d31a1cbbd11b7f50	34378040406207686847924232497134795718480	34378040406207686848219380402314148544336	000000000000000000000000000000650729BEA90C5AC229D31A1CBBD11B7F50	000000000000000000000000000000650729BEA90C5AC239D31A1CBBD11B7F50	68
96	3	wavg2a(b3[52],b4[64])	34415971278891501574426226324530378889718	0x6523b2f71206ef875b77181ddad958d9f6	34415971278891501574278652371940702476790	34415971278891501574573800277120055302646	0000000000000000000000000000006523B2F71206EF875377181DDAD958D9F6	0000000000000000000000000000006523B2F71206EF876377181DDAD958D9F6	68
97	3	wavg2b(b1[25],b3[14])	34415981734350770373499233610929371724512	0x6523b4fa9079e204666570564ca5e5bae0	34415981734350770373351659658339695311584	34415981734350770373646807563519048137440	0000000000000000000000000000006523B4FA9079E2045E6570564CA5E5BAE0	0000000000000000000000000000006523B4FA9079E2046E6570564CA5E5BAE0	68
98	3	avg(b2[6],b4[63])	34377845797764876883399963606599406970344	0x65070443b92ba7389cb5376f5c179be5e8	34377845797764876883252389654009730557416	34377845797764876883547537559189083383272	00000000000000000000000000000065070443B92BA73894B5376F5C179BE5E8	00000000000000000000000000000065070443B92BA738A4B5376F5C179BE5E8	68
99	3	wavg2a(b2[19],b3[43])	34416421453916331229624868914608059470876	0x652409aa69ab2a3286d0de48462d68541c	34416421453916331229477294962018383057948	34416421453916331229772442867197735883804	000000000000000000000000000000652409AA69AB2A327ED0DE48462D68541C	000000000000000000000000000000652409AA69AB2A328ED0DE48462D68541C	68
100	3	avg(b3[23],b4[47])	34377497429704362133320802820999542437804	0x6506c12bda12ccb84f1cc574dae01377ac	34377497429704362133173228868409866024876	34377497429704362133468376773589218850732	0000000000000000000000000000006506C12BDA12CCB8471CC574DAE01377AC	0000000000000000000000000000006506C12BDA12CCB8571CC574DAE01377AC	68
101	3	diff_low(b1[27],b2[27])	34377206225084495310211526535790531083722	0x650689165b086d02781d351126404e7dca	34377206225084495310063952583200854670794	34377206225084495310359100488380207496650	000000000000000000000000000000650689165B086D02701D351126404E7DCA	000000000000000000000000000000650689165B086D02801D351126404E7DCA	68
102	3	avg(b1[24],b1[43])	34416831769430257763456400945387675938520	0x652458b0878d6ff53e4fff1871f0c16ed8	34416831769430257763308826992797999525592	34416831769430257763603974897977352351448	000000000000000000000000000000652458B0878D6FF5364FFF1871F0C16ED8	000000000000000000000000000000652458B0878D6FF5464FFF1871F0C16ED8	68
103	3	wavg2b(b3[9],b3[42])	34376773472987361093448296921353041128567	0x650635be07a7d5ebbf8115cb2f0e5eac77	34376773472987361093300722968763364715639	34376773472987361093595870873942717541495	000000000000000000000000000000650635BE07A7D5EBB78115CB2F0E5EAC77	000000000000000000000000000000650635BE07A7D5EBC78115CB2F0E5EAC77	68
104	3	diff_low(b2[41],b4[66])	34417197075959548720100959758806749612783	0x65249f0b882ebc78d7ffc14374bb6d0aef	34417197075959548719953385806217073199855	34417197075959548720248533711396426025711	00000000000000000000000000000065249F0B882EBC78CFFFC14374BB6D0AEF	00000000000000000000000000000065249F0B882EBC78DFFFC14374BB6D0AEF	68
105	3	wavg2a(b1[68],b4[1])	34417493533268847309985283520635764024801	0x6524d824017c09e6ea5cee849cb31925e1	34417493533268847309837709568046087611873	34417493533268847310132857473225440437729	0000000000000000000000000000006524D824017C09E6E25CEE849CB31925E1	0000000000000000000000000000006524D824017C09E6F25CEE849CB31925E1	68
106	3	wavg2a(b3[6],b3[37])	34417960522325639839415300199084978390601	0x65253214580baf1b6d5175a3e10e84c649	34417960522325639839267726246495301977673	34417960522325639839562874151674654803529	00000000000000000000000000000065253214580BAF1B655175A3E10E84C649	00000000000000000000000000000065253214580BAF1B755175A3E10E84C649	68
107	3	diff_low(b3[32],b4[71])	34418358974522944641115245967947574653941	0x65257ed18dd28ecaf83346e8806dddb3f5	34418358974522944640967672015357898241013	34418358974522944641262819920537251066869	00000000000000000000000000000065257ED18DD28ECAF03346E8806DDDB3F5	00000000000000000000000000000065257ED18DD28ECB003346E8806DDDB3F5	68
108	3	wavg2b(b1[29],b3[42])	34375348219818505704543199000335325988746	0x6505233f9f938cf9fc9c4b2ec11766078a	34375348219818505704395625047745649575818	34375348219818505704690772952925002401674	0000000000000000000000000000006505233F9F938CF9F49C4B2EC11766078A	0000000000000000000000000000006505233F9F938CFA049C4B2EC11766078A	68
109	3	diff_low(b1[52],b4[41])	34375158451282374199593801655151211388757	0x6504feb34fe8c46d4822cacf9f2b551f55	34375158451282374199446227702561534975829	34375158451282374199741375607740887801685	0000000000000000000000000000006504FEB34FE8C46D4022CACF9F2B551F55	0000000000000000000000000000006504FEB34FE8C46D5022CACF9F2B551F55	68
110	3	diff_low(b3[5],b4[66])	34418852954540029902377047759134796728428	0x6525ddf4a632905597179d872d1f5ac86c	34418852954540029902229473806545120315500	34418852954540029902524621711724473141356	0000000000000000000000000000006525DDF4A63290558F179D872D1F5AC86C	0000000000000000000000000000006525DDF4A63290559F179D872D1F5AC86C	68
111	3	diff_low(b1[34],b3[49])	34418892369786550014943427011113397575280	0x6525e58bf88ce0c5073f5ee9169d50de70	34418892369786550014795853058523721162352	34418892369786550015091000963703073988208	0000000000000000000000000000006525E58BF88CE0C4FF3F5EE9169D50DE70	0000000000000000000000000000006525E58BF88CE0C50F3F5EE9169D50DE70	68
112	3	avg(b1[75],b3[32])	34374869747879933506705355943555467819271	0x6504c71922abc7642a7e7e7fa83f63b907	34374869747879933506557781990965791406343	34374869747879933506852929896145144232199	0000000000000000000000000000006504C71922ABC764227E7E7FA83F63B907	0000000000000000000000000000006504C71922ABC764327E7E7FA83F63B907	68
113	3	wavg2a(b1[22],b1[72])	34419162070222801821690955642133900688747	0x6526197d3aa2815ba1dc27c228b733fd6b	34419162070222801821543381689544224275819	34419162070222801821838529594723577101675	0000000000000000000000000000006526197D3AA2815B99DC27C228B733FD6B	0000000000000000000000000000006526197D3AA2815BA9DC27C228B733FD6B	68
114	3	avg(b3[31],b4[67])	34419290080841124430957374972489374221219	0x65263224a3ca6ebee62aefe55ae345c3a3	34419290080841124430809801019899697808291	34419290080841124431104948925079050634147	00000000000000000000000000000065263224A3CA6EBEDE2AEFE55AE345C3A3	00000000000000000000000000000065263224A3CA6EBEEE2AEFE55AE345C3A3	68
115	3	wavg2b(b2[15],b3[52])	34419542605438041108082291995884721752848	0x652662c7104df8fd34d5e745f44b3f4b10	34419542605438041107934718043295045339920	34419542605438041108229865948474398165776	000000000000000000000000000000652662C7104DF8FD2CD5E745F44B3F4B10	000000000000000000000000000000652662C7104DF8FD3CD5E745F44B3F4B10	68
116	3	wavg2b(b3[41],b4[2])	34419577965389478652139331966116777164513	0x6526699671a32af12cf20882e7ecc3fee1	34419577965389478651991758013527100751585	34419577965389478652286905918706453577441	0000000000000000000000000000006526699671A32AF124F20882E7ECC3FEE1	0000000000000000000000000000006526699671A32AF134F20882E7ECC3FEE1	68
117	3	avg(b3[27],b4[39])	34419625248107149063142823244519963163401	0x652672b1a96fd0b97ae7c74e2bc788fb09	34419625248107149062995249291930286750473	34419625248107149063290397197109639576329	000000000000000000000000000000652672B1A96FD0B972E7C74E2BC788FB09	000000000000000000000000000000652672B1A96FD0B982E7C74E2BC788FB09	68
118	3	wavg2b(b1[59],b3[42])	34374294330583031278588314939913312420276	0x65045846df50ca32e63c1d35004d0441b4	34374294330583031278440740987323636007348	34374294330583031278735888892502988833204	00000000000000000000000000000065045846DF50CA32DE3C1D35004D0441B4	00000000000000000000000000000065045846DF50CA32EE3C1D35004D0441B4	68
119	3	wavg2a(b3[54],b4[40])	34419821917712741672030794882985940860208	0x6526989238d8a961905b6d66e4c5b9bd30	34419821917712741671883220930396264447280	34419821917712741672178368835575617273136	0000000000000000000000000000006526989238D8A961885B6D66E4C5B9BD30	0000000000000000000000000000006526989238D8A961985B6D66E4C5B9BD30	68
120	3	avg(b1[30],b3[40])	34419986896089249752028211368321911316265	0x6526b85848b59356b875c77424f63b5f29	34419986896089249751880637415732234903337	34419986896089249752175785320911587729193	0000000000000000000000000000006526B85848B59356B075C77424F63B5F29	0000000000000000000000000000006526B85848B59356C075C77424F63B5F29	68
121	3	wavg2a(b1[53],b4[56])	34373925000248365017932450632391551115319	0x650411257b1f1a8bef91df443844606037	34373925000248365017784876679801874702391	34373925000248365018080024584981227528247	000000000000000000000000000000650411257B1F1A8BE791DF443844606037	000000000000000000000000000000650411257B1F1A8BF791DF443844606037	68
122	3	wavg2a(b1[68],b4[45])	34420788709055332367358314158137834457557	0x652752c4b7252884399742a41d9223c9d5	34420788709055332367210740205548158044629	34420788709055332367505888110727510870485	000000000000000000000000000000652752C4B7252884319742A41D9223C9D5	000000000000000000000000000000652752C4B7252884419742A41D9223C9D5	68
123	3	wavg2b(b2[25],b4[18])	34372845016951240941580230207925130867087	0x65034126317fcc6a26def10c2cba97b18f	34372845016951240941432656255335454454159	34372845016951240941727804160514807280015	00000000000000000000000000000065034126317FCC6A1EDEF10C2CBA97B18F	00000000000000000000000000000065034126317FCC6A2EDEF10C2CBA97B18F	68
124	3	diff_low(b3[46],b4[69])	34372719280522787012818342770616071509298	0x650328eee8a7a7a9f6ea6eb7a57a6a5532	34372719280522787012670768818026395096370	34372719280522787012965916723205747922226	000000000000000000000000000000650328EEE8A7A7A9EEEA6EB7A57A6A5532	000000000000000000000000000000650328EEE8A7A7A9FEEA6EB7A57A6A5532	68
125	3	wavg2b(b2[3],b3[31])	34421294334463031782448738732906922909052	0x6527b425f903a7b16aab22d4d6c7c81d7c	34421294334463031782301164780317246496124	34421294334463031782596312685496599321980	0000000000000000000000000000006527B425F903A7B162AB22D4D6C7C81D7C	0000000000000000000000000000006527B425F903A7B172AB22D4D6C7C81D7C	68
126	3	wavg2b(b1[20],b4[35])	34372458835964102216261251280492986439924	0x6502f6c6002b72abc2fbf3ad9ef16518f4	34372458835964102216113677327903310026996	34372458835964102216408825233082662852852	0000000000000000000000000000006502F6C6002B72ABBAFBF3AD9EF16518F4	0000000000000000000000000000006502F6C6002B72ABCAFBF3AD9EF16518F4	68
127	3	diff_low(b1[69],b4[21])	34421817920097947117723359955680709155012	0x652818fcbcd22ced0d13ec83c7cd1998c4	34421817920097947117575786003091032742084	34421817920097947117870933908270385567940	000000000000000000000000000000652818FCBCD22CED0513EC83C7CD1998C4	000000000000000000000000000000652818FCBCD22CED1513EC83C7CD1998C4	68
128	3	wavg2b(b4[41],b4[52])	34421828227560521879733662810264291256097	0x65281af8ef4a03629136f4a3710e442721	34421828227560521879586088857674614843169	34421828227560521879881236762853967669025	00000000000000000000000000000065281AF8EF4A03628936F4A3710E442721	00000000000000000000000000000065281AF8EF4A03629936F4A3710E442721	68
129	3	diff_low(b3[49],b4[58])	34421840501251345046331802311918977597926	0x65281d56130bf8c748762624cca1c4c1e6	34421840501251345046184228359329301184998	34421840501251345046479376264508654010854	00000000000000000000000000000065281D56130BF8C740762624CCA1C4C1E6	00000000000000000000000000000065281D56130BF8C750762624CCA1C4C1E6	68
130	3	wavg2b(b2[27],b4[2])	34371849702852755768039287495233759702392	0x650281756b6868c8c753040b9a26196d78	34371849702852755767891713542644083289464	34371849702852755768186861447823436115320	000000000000000000000000000000650281756B6868C8BF53040B9A26196D78	000000000000000000000000000000650281756B6868C8CF53040B9A26196D78	68
131	3	wavg2b(b4[14],b4[20])	34371445490521480260024373779667455906055	0x6502339c3684ded27d5c2269e0e2d91107	34371445490521480259876799827077779493127	34371445490521480260171947732257132318983	0000000000000000000000000000006502339C3684DED2755C2269E0E2D91107	0000000000000000000000000000006502339C3684DED2855C2269E0E2D91107	68
132	3	wavg2a(b1[19],b1[58])	34371373029260644350155055928086914341821	0x650225a798d37235a76494438915cb1bbd	34371373029260644350007481975497237928893	34371373029260644350302629880676590754749	000000000000000000000000000000650225A798D372359F6494438915CB1BBD	000000000000000000000000000000650225A798D37235AF6494438915CB1BBD	68
133	3	avg(b1[10],b2[10])	34371046219350184574691413268456233177116	0x6501e6b69fd64fb1408c0284805053101c	34371046219350184574543839315866556764188	34371046219350184574838987221045909590044	0000000000000000000000000000006501E6B69FD64FB1388C0284805053101C	0000000000000000000000000000006501E6B69FD64FB1488C0284805053101C	68
134	3	wavg2a(b1[22],b4[9])	34370733226075792670816944723187833616826	0x6501aa6edd501b382f6cb424ceab65b9ba	34370733226075792670669370770598157203898	34370733226075792670964518675777510029754	0000000000000000000000000000006501AA6EDD501B38276CB424CEAB65B9BA	0000000000000000000000000000006501AA6EDD501B38376CB424CEAB65B9BA	68
135	3	wavg2a(b1[75],b4[70])	34370511513289068038815567962698569101460	0x65017fbb9484cd7fe5488d51c28cfe3094	34370511513289068038667994010108892688532	34370511513289068038963141915288245514388	00000000000000000000000000000065017FBB9484CD7FDD488D51C28CFE3094	00000000000000000000000000000065017FBB9484CD7FED488D51C28CFE3094	68
136	3	avg(b4[26],b4[39])	34370227272587301282104465540894169403710	0x650148fd6e7b6592420d9877dd8b42913e	34370227272587301281956891588304492990782	34370227272587301282252039493483845816638	000000000000000000000000000000650148FD6E7B65923A0D9877DD8B42913E	000000000000000000000000000000650148FD6E7B65924A0D9877DD8B42913E	68
137	3	wavg2a(b3[6],b4[38])	34423771933940336553533716152035635641623	0x652991510ee099b6fb145e7ac544103d17	34423771933940336553386142199445959228695	34423771933940336553681290104625312054551	000000000000000000000000000000652991510EE099B6F3145E7AC544103D17	000000000000000000000000000000652991510EE099B703145E7AC544103D17	68
138	3	wavg2b(b1[4],b4[3])	34369732079558536940171149661025246328250	0x6500e99e87bf444b3d7b97e5b3a1d335ba	34369732079558536940023575708435569915322	34369732079558536940318723613614922741178	0000000000000000000000000000006500E99E87BF444B357B97E5B3A1D335BA	0000000000000000000000000000006500E99E87BF444B457B97E5B3A1D335BA	68
139	3	wavg2b(b1[71],b3[44])	34369469283599912059652180072195054499564	0x6500b701b06c14814fbad6c844ddb5f6ec	34369469283599912059504606119605378086636	34369469283599912059799754024784730912492	0000000000000000000000000000006500B701B06C148147BAD6C844DDB5F6EC	0000000000000000000000000000006500B701B06C148157BAD6C844DDB5F6EC	68
140	3	diff_low(b1[6],b1[71])	34424521483889235005069208880609385380129	0x652a21acb94be6a062601f448d64f5f921	34424521483889235004921634928019708967201	34424521483889235005216782833199061793057	000000000000000000000000000000652A21ACB94BE6A05A601F448D64F5F921	000000000000000000000000000000652A21ACB94BE6A06A601F448D64F5F921	68
141	3	wavg2b(b4[0],b4[34])	34369264462955355996584464539967020049760	0x65008f8f406fe11d6b7c30d32ac3d3a560	34369264462955355996436890587377343636832	34369264462955355996732038492556696462688	00000000000000000000000000000065008F8F406FE11D637C30D32AC3D3A560	00000000000000000000000000000065008F8F406FE11D737C30D32AC3D3A560	68
142	3	diff_low(b1[21],b1[41])	34424856662532989720683541010227740194499	0x652a623a4e8cb6585f7a17010be31ab6c3	34424856662532989720535967057638063781571	34424856662532989720831114962817416607427	000000000000000000000000000000652A623A4E8CB658577A17010BE31AB6C3	000000000000000000000000000000652A623A4E8CB658677A17010BE31AB6C3	68
143	3	diff_low(b2[17],b2[23])	34368321490218681606727977619425382637886	0x64ffd9f31b35e9fcfe493a6c2cc430213e	34368321490218681606580403666835706224958	34368321490218681606875551572015059050814	00000000000000000000000000000064FFD9F31B35E9FCF6493A6C2CC430213E	00000000000000000000000000000064FFD9F31B35E9FD06493A6C2CC430213E	68
144	3	avg(b4[48],b4[76])	34367628993137302541846905475859948368373	0x64ff54945d380bab6523abfa604381f1f5	34367628993137302541699331523270271955445	34367628993137302541994479428449624781301	00000000000000000000000000000064FF54945D380BAB5D23ABFA604381F1F5	00000000000000000000000000000064FF54945D380BAB6D23ABFA604381F1F5	68
145	3	wavg2b(b2[33],b3[0])	34367528786747908344645754378151244792243	0x64ff4147cec52ad9aa5637baceed3701b3	34367528786747908344498180425561568379315	34367528786747908344793328330740921205171	00000000000000000000000000000064FF4147CEC52AD9A25637BACEED3701B3	00000000000000000000000000000064FF4147CEC52AD9B25637BACEED3701B3	68
146	3	avg(b4[18],b4[29])	34426428822982779945310802077488502775163	0x652b9103cd32e7777b34d3136dc3439d7b	34426428822982779945163228124898826362235	34426428822982779945458376030078179188091	000000000000000000000000000000652B9103CD32E7777334D3136DC3439D7B	000000000000000000000000000000652B9103CD32E7778334D3136DC3439D7B	68
147	3	wavg2b(b2[12],b4[55])	34366835950578423516432352573127215406263	0x64febbd858e2897f2b383b0a53af45dcb7	34366835950578423516284778620537538993335	34366835950578423516579926525716891819191	00000000000000000000000000000064FEBBD858E2897F23383B0A53AF45DCB7	00000000000000000000000000000064FEBBD858E2897F33383B0A53AF45DCB7	68
148	3	diff_low(b2[6],b3[10])	34427123869302266648790759191977523402565	0x652c16e03b1959349a9bbf39c31633d745	34427123869302266648643185239387846989637	34427123869302266648938333144567199815493	000000000000000000000000000000652C16E03B195934929BBF39C31633D745	000000000000000000000000000000652C16E03B195934A29BBF39C31633D745	68
149	3	wavg2b(b2[5],b3[51])	34427247742445218413993075738503883491122	0x652c2ebba5f952ea56cba8bf5ef0cf8732	34427247742445218413845501785914207078194	34427247742445218414140649691093559904050	000000000000000000000000000000652C2EBBA5F952EA4ECBA8BF5EF0CF8732	000000000000000000000000000000652C2EBBA5F952EA5ECBA8BF5EF0CF8732	68
150	3	avg(b3[18],b4[41])	34428045542046047629425639228217166225630	0x652cc862349e5f6303a1551321e1bd60de	34428045542046047629278065275627489812702	34428045542046047629573213180806842638558	000000000000000000000000000000652CC862349E5F62FBA1551321E1BD60DE	000000000000000000000000000000652CC862349E5F630BA1551321E1BD60DE	68
151	3	wavg2a(b1[68],b3[17])	34428079959577886142774885106062030552983	0x652ccf031ef19c21af2bcf5a4192f83f97	34428079959577886142627311153472354140055	34428079959577886142922459058651706965911	000000000000000000000000000000652CCF031EF19C21A72BCF5A4192F83F97	000000000000000000000000000000652CCF031EF19C21B72BCF5A4192F83F97	68
152	3	wavg2b(b1[25],b3[0])	34428166680243156501333685187163262821610	0x652cdfb6c79fb7790c614c0719ff2424ea	34428166680243156501186111234573586408682	34428166680243156501481259139752939234538	000000000000000000000000000000652CDFB6C79FB77904614C0719FF2424EA	000000000000000000000000000000652CDFB6C79FB77914614C0719FF2424EA	68
153	3	wavg2a(b1[50],b2[42])	34365561961697172883760575146945600019664	0x64fdc67bd887feda1bba4bd58170e3dcd0	34365561961697172883613001194355923606736	34365561961697172883908149099535276432592	00000000000000000000000000000064FDC67BD887FEDA13BA4BD58170E3DCD0	00000000000000000000000000000064FDC67BD887FEDA23BA4BD58170E3DCD0	68
154	3	wavg2a(b1[10],b1[22])	34365263897504775817925197951062321812491	0x64fd8d1425835fb93c1e834a3bf88e540b	34365263897504775817777623998472645399563	34365263897504775818072771903651998225419	00000000000000000000000000000064FD8D1425835FB9341E834A3BF88E540B	00000000000000000000000000000064FD8D1425835FB9441E834A3BF88E540B	68
155	3	diff_low(b1[54],b4[68])	34365201421368550761510688343192138080561	0x64fd810bd5cfa7228fca26a99163cae131	34365201421368550761363114390602461667633	34365201421368550761658262295781814493489	00000000000000000000000000000064FD810BD5CFA72287CA26A99163CAE131	00000000000000000000000000000064FD810BD5CFA72297CA26A99163CAE131	68
156	3	wavg2a(b2[42],b3[37])	34428999712862181054589220201271959161565	0x652d8026757a88db11f0876758fe0b0add	34428999712862181054441646248682282748637	34428999712862181054736794153861635574493	000000000000000000000000000000652D8026757A88DB09F0876758FE0B0ADD	000000000000000000000000000000652D8026757A88DB19F0876758FE0B0ADD	68
157	3	wavg2a(b1[70],b4[8])	34364858882378410302576733326908381700975	0x64fd3f135becff7465cca7676c4213a36f	34364858882378410302429159374318705288047	34364858882378410302724307279498058113903	00000000000000000000000000000064FD3F135BECFF745DCCA7676C4213A36F	00000000000000000000000000000064FD3F135BECFF746DCCA7676C4213A36F	68
158	3	diff_low(b1[25],b4[76])	34364785582342847632670527740230963781964	0x64fd30f5636842911176d21f2c79ff614c	34364785582342847632522953787641287369036	34364785582342847632818101692820640194892	00000000000000000000000000000064FD30F5636842910976D21F2C79FF614C	00000000000000000000000000000064FD30F5636842911976D21F2C79FF614C	68
159	3	wavg2b(b1[24],b1[39])	34364684229221316786559781215165937195699	0x64fd1d704b2a02851a0e354dc839719ab3	34364684229221316786412207262576260782771	34364684229221316786707355167755613608627	00000000000000000000000000000064FD1D704B2A0285120E354DC839719AB3	00000000000000000000000000000064FD1D704B2A0285220E354DC839719AB3	68
160	3	avg(b2[6],b3[44])	34430573255059372201782969162705643156148	0x652eaf34143b5f7747f686746cda82b2b4	34430573255059372201635395210115966743220	34430573255059372201930543115295319569076	000000000000000000000000000000652EAF34143B5F773FF686746CDA82B2B4	000000000000000000000000000000652EAF34143B5F774FF686746CDA82B2B4	68
161	3	avg(b1[24],b3[41])	34363263726040746492938027125883857640791	0x64fc0bdc145da4dc41407c41a719759d57	34363263726040746492790453173294181227863	34363263726040746493085601078473534053719	00000000000000000000000000000064FC0BDC145DA4DC39407C41A719759D57	00000000000000000000000000000064FC0BDC145DA4DC49407C41A719759D57	68
162	3	wavg2a(b2[28],b4[36])	34431551590191771384559108444900450333285	0x652f6b9fb9a47391c30b854b9ae7677265	34431551590191771384411534492310773920357	34431551590191771384706682397490126746213	000000000000000000000000000000652F6B9FB9A47391BB0B854B9AE7677265	000000000000000000000000000000652F6B9FB9A47391CB0B854B9AE7677265	68
163	3	wavg2b(b1[52],b3[26])	34431772254858938344425526291838411979736	0x652f961f554ecf8b9373c8221c82bfbbd8	34431772254858938344277952339248735566808	34431772254858938344573100244428088392664	000000000000000000000000000000652F961F554ECF8B8B73C8221C82BFBBD8	000000000000000000000000000000652F961F554ECF8B9B73C8221C82BFBBD8	68
164	3	avg(b1[13],b3[23])	34431784536606520344199868960892497520282	0x652f987cdec18fa53cc51dbfc066c1669a	34431784536606520344052295008302821107354	34431784536606520344347442913482173933210	000000000000000000000000000000652F987CDEC18FA534C51DBFC066C1669A	000000000000000000000000000000652F987CDEC18FA544C51DBFC066C1669A	68
165	3	wavg2a(b3[43],b4[19])	34361981744398324315281570100454315143715	0x64fb14f5812ee058d2dc7b991fd9623223	34361981744398324315133996147864638730787	34361981744398324315429144053043991556643	00000000000000000000000000000064FB14F5812EE058CADC7B991FD9623223	00000000000000000000000000000064FB14F5812EE058DADC7B991FD9623223	68
166	3	avg(b1[27],b4[1])	34433003727778541591261839786369856238056	0x6530834ba2c81b6ca180b7fde7afd2f1e8	34433003727778541591114265833780179825128	34433003727778541591409413738959532650984	0000000000000000000000000000006530834BA2C81B6C9980B7FDE7AFD2F1E8	0000000000000000000000000000006530834BA2C81B6CA980B7FDE7AFD2F1E8	68
167	3	wavg2a(b1[27],b4[9])	34433780566629699979875653470807571003089	0x653118e8bf922f9c4b655f2bea600776d1	34433780566629699979728079518217894590161	34433780566629699980023227423397247416017	000000000000000000000000000000653118E8BF922F9C43655F2BEA600776D1	000000000000000000000000000000653118E8BF922F9C53655F2BEA600776D1	68
168	3	wavg2a(b3[38],b4[4])	34433794385576602561496008203160433980926	0x65311b921333d35364a7cf10a12813f5fe	34433794385576602561348434250570757567998	34433794385576602561643582155750110393854	00000000000000000000000000000065311B921333D3535CA7CF10A12813F5FE	00000000000000000000000000000065311B921333D3536CA7CF10A12813F5FE	68
169	3	wavg2a(b1[50],b3[6])	34360042366428902276173615145852109634182	0x64f99f72c9d091fa496ac2f3c57920ba86	34360042366428902276026041193262433221254	34360042366428902276321189098441786047110	00000000000000000000000000000064F99F72C9D091FA416AC2F3C57920BA86	00000000000000000000000000000064F99F72C9D091FA516AC2F3C57920BA86	68
170	3	diff_low(b1[20],b3[14])	34359683801774365093901086073268708415777	0x64f95a642f9b7e0be733d2b360ce199921	34359683801774365093753512120679032002849	34359683801774365094048660025858384828705	00000000000000000000000000000064F95A642F9B7E0BDF33D2B360CE199921	00000000000000000000000000000064F95A642F9B7E0BEF33D2B360CE199921	68
171	3	diff_low(b1[71],b2[43])	34434653253028482341217541602612291524531	0x6531c0fb827dc719974f3cdcc503f357b3	34434653253028482341069967650022615111603	34434653253028482341365115555201967937459	0000000000000000000000000000006531C0FB827DC7198F4F3CDCC503F357B3	0000000000000000000000000000006531C0FB827DC7199F4F3CDCC503F357B3	68
172	3	wavg2a(b2[42],b4[38])	34434811124476877768707636154222616412587	0x6531df632c4f73769fb3703e3d339681ab	34434811124476877768560062201632939999659	34434811124476877768855210106812292825515	0000000000000000000000000000006531DF632C4F737697B3703E3D339681AB	0000000000000000000000000000006531DF632C4F7376A7B3703E3D339681AB	68
173	3	wavg2b(b1[69],b2[13])	34435593728075505946195795165088870018498	0x6532761c827136ec4c36dd5a93314fadc2	34435593728075505946048221212499193605570	34435593728075505946343369117678546431426	0000000000000000000000000000006532761C827136EC4436DD5A93314FADC2	0000000000000000000000000000006532761C827136EC5436DD5A93314FADC2	68
174	3	diff_low(b1[62],b3[24])	34435611000738170591134117598641914276850	0x653279701e185a492d6ab06c9dc9166bf2	34435611000738170590986543646052237863922	34435611000738170591281691551231590689778	000000000000000000000000000000653279701E185A49256AB06C9DC9166BF2	000000000000000000000000000000653279701E185A49356AB06C9DC9166BF2	68
175	3	avg(b2[19],b4[67])	34435692436623356272655228682372327763294	0x6532891f377909f9d60229a7273fd96d5e	34435692436623356272507654729782651350366	34435692436623356272802802634962004176222	0000000000000000000000000000006532891F377909F9CE0229A7273FD96D5E	0000000000000000000000000000006532891F377909F9DE0229A7273FD96D5E	68
176	3	wavg2a(b2[15],b4[55])	34358059821845074612591032595324814751714	0x64f8219fcb2c91b93d9e2071b5ad47f7e2	34358059821845074612443458642735138338786	34358059821845074612738606547914491164642	00000000000000000000000000000064F8219FCB2C91B9359E2071B5AD47F7E2	00000000000000000000000000000064F8219FCB2C91B9459E2071B5AD47F7E2	68
177	3	avg(b1[2],b3[23])	34436530403323586514224750060127222468759	0x65332a822a30157769ec0bcfb3aa079097	34436530403323586514077176107537546055831	34436530403323586514372324012716898881687	00000000000000000000000000000065332A822A30157761EC0BCFB3AA079097	00000000000000000000000000000065332A822A30157771EC0BCFB3AA079097	68
178	3	diff_low(b1[62],b3[17])	34357137523964623206402418273701424863283	0x64f76ffeff5205920196a46cec4f191833	34357137523964623206254844321111748450355	34357137523964623206549992226291101276211	00000000000000000000000000000064F76FFEFF520591F996A46CEC4F191833	00000000000000000000000000000064F76FFEFF5205920996A46CEC4F191833	68
179	3	wavg2a(b1[14],b1[61])	34436955560413948616701509346370366055989	0x65337c64071a3a740d23353318cb21a635	34436955560413948616553935393780689643061	34436955560413948616849083298960042468917	00000000000000000000000000000065337C64071A3A740523353318CB21A635	00000000000000000000000000000065337C64071A3A741523353318CB21A635	68
180	3	wavg2b(b2[34],b4[40])	34356945402873346429175092365678271903265	0x64f74afeb23b96e3bd5a60e15f1451b621	34356945402873346429027518413088595490337	34356945402873346429322666318267948316193	00000000000000000000000000000064F74AFEB23B96E3B55A60E15F1451B621	00000000000000000000000000000064F74AFEB23B96E3C55A60E15F1451B621	68
181	3	wavg2b(b2[27],b4[46])	34437753218582456915499900245275168357505	0x653416039c9ecd12f7e19681ab92ee3c81	34437753218582456915352326292685491944577	34437753218582456915647474197864844770433	000000000000000000000000000000653416039C9ECD12EFE19681AB92EE3C81	000000000000000000000000000000653416039C9ECD12FFE19681AB92EE3C81	68
182	3	avg(b1[27],b4[45])	34437946491458269177321385742622961887189	0x65343b3cb345c9589858362d28fe62e7d5	34437946491458269177173811790033285474261	34437946491458269177468959695212638300117	00000000000000000000000000000065343B3CB345C9589058362D28FE62E7D5	00000000000000000000000000000065343B3CB345C958A058362D28FE62E7D5	68
183	3	wavg2a(b3[39],b4[16])	34355596457141383815571237683975366984369	0x64f647328969d5433a0b071baafaf942b1	34355596457141383815423663731385690571441	34355596457141383815718811636565043397297	00000000000000000000000000000064F647328969D543320B071BAAFAF942B1	00000000000000000000000000000064F647328969D543420B071BAAFAF942B1	68
184	3	diff_low(b1[11],b1[57])	34438478537044096193995941578296259604263	0x6534a1b492abffdf47a30cd9e9b5116f27	34438478537044096193848367625706583191335	34438478537044096194143515530885936017191	0000000000000000000000000000006534A1B492ABFFDF3FA30CD9E9B5116F27	0000000000000000000000000000006534A1B492ABFFDF4FA30CD9E9B5116F27	68
185	3	wavg2b(b2[33],b3[14])	34355343840855522216811302801917353695145	0x64f6168b979f5565045a5c0a0193f897a9	34355343840855522216663728849327677282217	34355343840855522216958876754507030108073	00000000000000000000000000000064F6168B979F5564FC5A5C0A0193F897A9	00000000000000000000000000000064F6168B979F55650C5A5C0A0193F897A9	68
186	3	avg(b1[62],b2[27])	34438849016682163788541688033464702920108	0x6534e90ea11d430c8d73c0ec420706e5ac	34438849016682163788394114080875026507180	34438849016682163788689261986054379333036	0000000000000000000000000000006534E90EA11D430C8573C0EC420706E5AC	0000000000000000000000000000006534E90EA11D430C9573C0EC420706E5AC	68
187	3	wavg2a(b2[13],b4[19])	34355022843289989063503624006400570509537	0x64f5d8b930bd8fa673931c7569376f48e1	34355022843289989063356050053810894096609	34355022843289989063651197958990246922465	00000000000000000000000000000064F5D8B930BD8FA66B931C7569376F48E1	00000000000000000000000000000064F5D8B930BD8FA67B931C7569376F48E1	68
188	3	diff_low(b3[16],b4[52])	34440990304470164730856413455936052295149	0x6536857444adc5fc7503878255554c75ed	34440990304470164730708839503346375882221	34440990304470164731003987408525728708077	0000000000000000000000000000006536857444ADC5FC6D03878255554C75ED	0000000000000000000000000000006536857444ADC5FC7D03878255554C75ED	68
189	3	diff_low(b1[60],b2[6])	34352749597172372202991299748785662153827	0x64f422e980e5f98b24869da0486d9b5463	34352749597172372202843725796195985740899	34352749597172372203138873701375338566755	00000000000000000000000000000064F422E980E5F98B1C869DA0486D9B5463	00000000000000000000000000000064F422E980E5F98B2C869DA0486D9B5463	68
190	3	avg(b3[10],b3[40])	34441365693622080585604680183587638413582	0x6536cdc061e5d98123dda69e966ecd090e	34441365693622080585457106230997962000654	34441365693622080585752254136177314826510	0000000000000000000000000000006536CDC061E5D9811BDDA69E966ECD090E	0000000000000000000000000000006536CDC061E5D9812BDDA69E966ECD090E	68
191	3	diff_low(b1[23],b1[68])	34441857432726204000959346821221117372364	0x65372c74fdf98e9695d1094c7c70e0a7cc	34441857432726204000811772868631440959436	34441857432726204001106920773810793785292	00000000000000000000000000000065372C74FDF98E968DD1094C7C70E0A7CC	00000000000000000000000000000065372C74FDF98E969DD1094C7C70E0A7CC	68
192	3	wavg2b(b1[69],b3[43])	34442552629183841197973741259142614652676	0x6537b258d2e2879eab803c7e49d3429704	34442552629183841197826167306552938239748	34442552629183841198121315211732291065604	0000000000000000000000000000006537B258D2E2879EA3803C7E49D3429704	0000000000000000000000000000006537B258D2E2879EB3803C7E49D3429704	68
193	3	diff_low(b1[44],b1[53])	34351042916857914451773177869574641906006	0x64f2da37aada902fdddfe27d8dabb57156	34351042916857914451625603916984965493078	34351042916857914451920751822164318318934	00000000000000000000000000000064F2DA37AADA902FD5DFE27D8DABB57156	00000000000000000000000000000064F2DA37AADA902FE5DFE27D8DABB57156	68
194	3	wavg2b(b2[31],b3[25])	34350943213948511533955103233582098194266	0x64f2c703ef3746f65f91e6520c12069f5a	34350943213948511533807529280992421781338	34350943213948511534102677186171774607194	00000000000000000000000000000064F2C703EF3746F65791E6520C12069F5A	00000000000000000000000000000064F2C703EF3746F66791E6520C12069F5A	68
195	3	wavg2b(b4[55],b4[64])	34350917168751995545278901252616129025453	0x64f2c1ffce9e7ecd8ae0822182c97b15ad	34350917168751995545131327300026452612525	34350917168751995545426475205205805438381	00000000000000000000000000000064F2C1FFCE9E7ECD82E0822182C97B15AD	00000000000000000000000000000064F2C1FFCE9E7ECD92E0822182C97B15AD	68
196	3	wavg2b(b2[3],b2[19])	34443164142172674238045877012750860965151	0x6538281ebdec76aaaa74c52c91ede2551f	34443164142172674237898303060161184552223	34443164142172674238193450965340537378079	0000000000000000000000000000006538281EBDEC76AAA274C52C91EDE2551F	0000000000000000000000000000006538281EBDEC76AAB274C52C91EDE2551F	68
197	3	avg(b1[67],b4[28])	34443851445570060747771462775129174770150	0x6538ac7d6a68429de533baea667c6501e6	34443851445570060747623888822539498357222	34443851445570060747919036727718851183078	0000000000000000000000000000006538AC7D6A68429DDD33BAEA667C6501E6	0000000000000000000000000000006538AC7D6A68429DED33BAEA667C6501E6	68
198	3	diff_low(b2[38],b3[7])	34349969370820291468239651576102732352025	0x64f20b75c2de8354ee98e39ce7495aca19	34349969370820291468092077623513055939097	34349969370820291468387225528692408764953	00000000000000000000000000000064F20B75C2DE8354E698E39CE7495ACA19	00000000000000000000000000000064F20B75C2DE8354F698E39CE7495ACA19	68
199	3	wavg2a(b1[54],b1[64])	34443981704418196638920964251896388527984	0x6538c593ac36821d7264298754245c2770	34443981704418196638773390299306712115056	34443981704418196639068538204486064940912	0000000000000000000000000000006538C593AC36821D6A64298754245C2770	0000000000000000000000000000006538C593AC36821D7A64298754245C2770	68
200	3	diff_low(b2[0],b4[62])	34444098738444572695524768612878435435538	0x6538dc1de54cfd68a2428fc5b7d5ff4412	34444098738444572695377194660288759022610	34444098738444572695672342565468111848466	0000000000000000000000000000006538DC1DE54CFD689A428FC5B7D5FF4412	0000000000000000000000000000006538DC1DE54CFD68AA428FC5B7D5FF4412	68
201	3	diff_low(b3[15],b4[67])	34444672201754752269468612458355411001455	0x65394a8fd1e05c6f843fc84e528aee206f	34444672201754752269321038505765734588527	34444672201754752269616186410945087414383	00000000000000000000000000000065394A8FD1E05C6F7C3FC84E528AEE206F	00000000000000000000000000000065394A8FD1E05C6F8C3FC84E528AEE206F	68
202	3	wavg2b(b1[31],b1[65])	34445044786747862397906528083897399386893	0x65399251ada2a95655f04089c7f820230d	34445044786747862397758954131307722973965	34445044786747862398054102036487075799821	00000000000000000000000000000065399251ADA2A9564DF04089C7F820230D	00000000000000000000000000000065399251ADA2A9565DF04089C7F820230D	68
203	3	wavg2a(b2[28],b4[31])	34445092715741560313507159036343396354584	0x65399b8cc295c76de530b1f8345f304a18	34445092715741560313359585083753719941656	34445092715741560313654732988933072767512	00000000000000000000000000000065399B8CC295C76DDD30B1F8345F304A18	00000000000000000000000000000065399B8CC295C76DED30B1F8345F304A18	68
204	3	wavg2b(b1[54],b2[47])	34348679965853955361542981578909453966474	0x64f11321302a8883d70cd8e8e6815cdc8a	34348679965853955361395407626319777553546	34348679965853955361690555531499130379402	00000000000000000000000000000064F11321302A8883CF0CD8E8E6815CDC8A	00000000000000000000000000000064F11321302A8883DF0CD8E8E6815CDC8A	68
205	3	diff_low(b1[61],b4[32])	34445249392746480271719530274371730590663	0x6539b9b988686e18133858c70b05bacbc7	34445249392746480271571956321782054177735	34445249392746480271867104226961407003591	0000000000000000000000000000006539B9B988686E180B3858C70B05BACBC7	0000000000000000000000000000006539B9B988686E181B3858C70B05BACBC7	68
206	3	wavg2b(b3[40],b3[57])	34348652389904462208277174183335954876365	0x64f10dd196c01f0981444b7912489607cd	34348652389904462208129600230746278463437	34348652389904462208424748135925631289293	00000000000000000000000000000064F10DD196C01F0979444B7912489607CD	00000000000000000000000000000064F10DD196C01F0989444B7912489607CD	68
207	3	diff_low(b3[51],b4[62])	34348494093382093839440654240766898046124	0x64f0ef54f7be5d5b1242607c221bc984ac	34348494093382093839293080288177221633196	34348494093382093839588228193356574459052	00000000000000000000000000000064F0EF54F7BE5D5B0A42607C221BC984AC	00000000000000000000000000000064F0EF54F7BE5D5B1A42607C221BC984AC	68
208	3	wavg2b(b1[63],b3[42])	34445471881193571250391914161099712464952	0x6539e4930f698cc81b825c829a94d38838	34445471881193571250244340208510036052024	34445471881193571250539488113689388877880	0000000000000000000000000000006539E4930F698CC813825C829A94D38838	0000000000000000000000000000006539E4930F698CC823825C829A94D38838	68
209	3	wavg2a(b3[13],b3[40])	34347433895315223595493729025712565766655	0x64f023252ad5f01770ab1be764260fc9ff	34347433895315223595346155073122889353727	34347433895315223595641302978302242179583	00000000000000000000000000000064F023252AD5F01768AB1BE764260FC9FF	00000000000000000000000000000064F023252AD5F01778AB1BE764260FC9FF	68
210	3	wavg2b(b2[29],b4[16])	34346154656817869743663733041114152113352	0x64ef2cc5d702ed848a3480977e022714c8	34346154656817869743516159088524475700424	34346154656817869743811306993703828526280	00000000000000000000000000000064EF2CC5D702ED84823480977E022714C8	00000000000000000000000000000064EF2CC5D702ED84923480977E022714C8	68
211	3	avg(b2[12],b4[26])	34345671518329909367542337100953181627598	0x64eecfb945f8da829e4298e55cc9ee24ce	34345671518329909367394763148363505214670	34345671518329909367689911053542858040526	00000000000000000000000000000064EECFB945F8DA82964298E55CC9EE24CE	00000000000000000000000000000064EECFB945F8DA82A64298E55CC9EE24CE	68
212	3	wavg2a(b1[19],b1[36])	34448396139121218991538857172290300367034	0x653c17c41b81bb7ccb21e5e9fc2a3150ba	34448396139121218991391283219700623954106	34448396139121218991686431124879976779962	000000000000000000000000000000653C17C41B81BB7CC321E5E9FC2A3150BA	000000000000000000000000000000653C17C41B81BB7CD321E5E9FC2A3150BA	68
213	3	diff_low(b1[33],b4[62])	34345482489696687688369590870880388345828	0x64eeab5171315023da73b8dccc09cf6fe4	34345482489696687688222016918290711932900	34345482489696687688517164823470064758756	00000000000000000000000000000064EEAB5171315023D273B8DCCC09CF6FE4	00000000000000000000000000000064EEAB5171315023E273B8DCCC09CF6FE4	68
214	3	avg(b2[4],b3[17])	34345041033915897762799006504249150558819	0x64ee564bfde20f411a890014f336825263	34345041033915897762651432551659474145891	34345041033915897762946580456838826971747	00000000000000000000000000000064EE564BFDE20F4112890014F336825263	00000000000000000000000000000064EE564BFDE20F4122890014F336825263	68
215	3	avg(b1[27],b3[17])	34448883367242099840446242164509256030328	0x653c759a4ef876c4c8b7093e5effa19878	34448883367242099840298668211919579617400	34448883367242099840593816117098932443256	000000000000000000000000000000653C759A4EF876C4C0B7093E5EFFA19878	000000000000000000000000000000653C759A4EF876C4D0B7093E5EFFA19878	68
216	3	wavg2b(b3[53],b4[3])	34344965753971125619431608067264138814101	0x64ee47cc6765a1acb6fc1abc2071c5a295	34344965753971125619284034114674462401173	34344965753971125619579182019853815227029	00000000000000000000000000000064EE47CC6765A1ACAEFC1ABC2071C5A295	00000000000000000000000000000064EE47CC6765A1ACBEFC1ABC2071C5A295	68
217	3	diff_low(b1[4],b1[12])	34344815922399650606621414644880002722102	0x64ee2af123176130d9be16c8cd3ad32936	34344815922399650606473840692290326309174	34344815922399650606768988597469679135030	00000000000000000000000000000064EE2AF123176130D1BE16C8CD3AD32936	00000000000000000000000000000064EE2AF123176130E1BE16C8CD3AD32936	68
218	3	wavg2a(b1[16],b2[44])	34449606827961871495537572223263302205906	0x653d00efad05f18a67c81d6114bc7bc1d2	34449606827961871495389998270673625792978	34449606827961871495685146175852978618834	000000000000000000000000000000653D00EFAD05F18A5FC81D6114BC7BC1D2	000000000000000000000000000000653D00EFAD05F18A6FC81D6114BC7BC1D2	68
219	3	wavg2a(b1[70],b3[11])	34344246448595975169508313148578713432053	0x64edbd43e92ac40a45da2065bcad31eff5	34344246448595975169360739195989037019125	34344246448595975169655887101168389844981	00000000000000000000000000000064EDBD43E92AC40A3DDA2065BCAD31EFF5	00000000000000000000000000000064EDBD43E92AC40A4DDA2065BCAD31EFF5	68
220	3	wavg2b(b2[18],b4[6])	34450065783259226931694900827397912569137	0x653d5953eb48d277a043c42ee9e37ca531	34450065783259226931547326874808236156209	34450065783259226931842474779987588982065	000000000000000000000000000000653D5953EB48D2779843C42EE9E37CA531	000000000000000000000000000000653D5953EB48D277A843C42EE9E37CA531	68
221	3	wavg2b(b1[72],b2[4])	34343752966341773027220016842740164112999	0x64ed5e395b7161102aecc6920a0a56b267	34343752966341773027072442890150487700071	34343752966341773027367590795329840525927	00000000000000000000000000000064ED5E395B71611022ECC6920A0A56B267	00000000000000000000000000000064ED5E395B71611032ECC6920A0A56B267	68
222	3	avg(b2[36],b3[42])	34450496963634841406721525407029076899279	0x653dac5ec0bf4817e266a208dd7e0335cf	34450496963634841406573951454439400486351	34450496963634841406869099359618753312207	000000000000000000000000000000653DAC5EC0BF4817DA66A208DD7E0335CF	000000000000000000000000000000653DAC5EC0BF4817EA66A208DD7E0335CF	68
223	3	diff_low(b1[39],b4[17])	34343271459021844839877615359903108052473	0x64ed017d36a37a1935f3584df7f5ba35f9	34343271459021844839730041407313431639545	34343271459021844840025189312492784465401	00000000000000000000000000000064ED017D36A37A192DF3584DF7F5BA35F9	00000000000000000000000000000064ED017D36A37A193DF3584DF7F5BA35F9	68
224	3	avg(b4[39],b4[44])	34343186767842077409981770750093542247942	0x64ecf12d9daab43cbb6396fe07bd034e06	34343186767842077409834196797503865835014	34343186767842077410129344702683218660870	00000000000000000000000000000064ECF12D9DAAB43CB36396FE07BD034E06	00000000000000000000000000000064ECF12D9DAAB43CC36396FE07BD034E06	68
225	3	diff_low(b1[15],b1[17])	34451206108976959500562108701576206714575	0x653e34f25154da76ebebef99cfdd5b86cf	34451206108976959500414534748986530301647	34451206108976959500709682654165883127503	000000000000000000000000000000653E34F25154DA76E3EBEF99CFDD5B86CF	000000000000000000000000000000653E34F25154DA76F3EBEF99CFDD5B86CF	68
226	3	wavg2b(b1[54],b3[50])	34342306322849790104470707287435351473846	0x64ec479c53876cc733d9a28ea952d0beb6	34342306322849790104323133334845675060918	34342306322849790104618281240025027886774	00000000000000000000000000000064EC479C53876CC72BD9A28EA952D0BEB6	00000000000000000000000000000064EC479C53876CC73BD9A28EA952D0BEB6	68
227	3	wavg2a(b1[56],b4[46])	34341859422078379102791683996250324208997	0x64ebf18a6ac6969aec4a9b4b47ad020d65	34341859422078379102644110043660647796069	34341859422078379102939257948840000621925	00000000000000000000000000000064EBF18A6AC6969AE44A9B4B47AD020D65	00000000000000000000000000000064EBF18A6AC6969AF44A9B4B47AD020D65	68
228	3	diff_low(b1[60],b1[66])	34341766151374988945266588698552032247424	0x64ebdf93d0fddb1539ae9520c990333e80	34341766151374988945119014745962355834496	34341766151374988945414162651141708660352	00000000000000000000000000000064EBDF93D0FDDB1531AE9520C990333E80	00000000000000000000000000000064EBDF93D0FDDB1541AE9520C990333E80	68
229	3	wavg2a(b2[3],b2[11])	34341619722040012438098799305496186963401	0x64ebc3604af2a17bb518f1173c6d45c5c9	34341619722040012437951225352906510550473	34341619722040012438246373258085863376329	00000000000000000000000000000064EBC3604AF2A17BAD18F1173C6D45C5C9	00000000000000000000000000000064EBC3604AF2A17BBD18F1173C6D45C5C9	68
230	3	diff_low(b1[20],b3[0])	34341406382935785902149408708917871770130	0x64eb9a49dce2bddcee3a092a2cc83bfa12	34341406382935785902001834756328195357202	34341406382935785902296982661507548183058	00000000000000000000000000000064EB9A49DCE2BDDCE63A092A2CC83BFA12	00000000000000000000000000000064EB9A49DCE2BDDCF63A092A2CC83BFA12	68
231	3	wavg2a(b1[23],b4[6])	34452839222014545662561348630327718376463	0x653f6f7901cc49525cce89a0310e78f40f	34452839222014545662413774677738041963535	34452839222014545662708922582917394789391	000000000000000000000000000000653F6F7901CC495254CE89A0310E78F40F	000000000000000000000000000000653F6F7901CC495264CE89A0310E78F40F	68
232	3	wavg2a(b2[3],b3[5])	34453297440269405418458522899562271516041	0x653fc7b8e9466b31a77c68c2581d8ea589	34453297440269405418310948946972595103113	34453297440269405418606096852151947928969	000000000000000000000000000000653FC7B8E9466B319F7C68C2581D8EA589	000000000000000000000000000000653FC7B8E9466B31AF7C68C2581D8EA589	68
233	3	wavg2b(b2[12],b2[26])	34453486129941394156086914014875658019746	0x653fec1007c325448feb05f28e861ce3a2	34453486129941394155939340062285981606818	34453486129941394156234487967465334432674	000000000000000000000000000000653FEC1007C3254487EB05F28E861CE3A2	000000000000000000000000000000653FEC1007C3254497EB05F28E861CE3A2	68
234	3	wavg2a(b2[3],b2[41])	34453849399796232479217218899671620554589	0x654032069df25c7b3c845cd8eae9888f5d	34453849399796232479069644947081944141661	34453849399796232479364792852261296967517	000000000000000000000000000000654032069DF25C7B34845CD8EAE9888F5D	000000000000000000000000000000654032069DF25C7B44845CD8EAE9888F5D	68
235	3	wavg2b(b1[61],b1[65])	34339655863200419802418122041696042539880	0x64ea4926938e9391985e4afa78e9eedb68	34339655863200419802270548089106366126952	34339655863200419802565695994285718952808	00000000000000000000000000000064EA4926938E9391905E4AFA78E9EEDB68	00000000000000000000000000000064EA4926938E9391A05E4AFA78E9EEDB68	68
236	3	wavg2a(b2[9],b4[60])	34339635458555441719145482223062018675800	0x64ea45388cbac7abb642145d49ce23d458	34339635458555441718997908270472342262872	34339635458555441719293056175651695088728	00000000000000000000000000000064EA45388CBAC7ABAE42145D49CE23D458	00000000000000000000000000000064EA45388CBAC7ABBE42145D49CE23D458	68
237	3	avg(b2[36],b3[19])	34339605075034942623201267201208968513507	0x64ea3f5e86c92db60a3968b59cab0387e3	34339605075034942623053693248619292100579	34339605075034942623348841153798644926435	00000000000000000000000000000064EA3F5E86C92DB6023968B59CAB0387E3	00000000000000000000000000000064EA3F5E86C92DB6123968B59CAB0387E3	68
238	3	diff_low(b1[51],b2[35])	34339152363606373556490305977451030953026	0x64e9e82e213a7431baed76d92e4be2bc42	34339152363606373556342732024861354540098	34339152363606373556637879930040707365954	00000000000000000000000000000064E9E82E213A7431B2ED76D92E4BE2BC42	00000000000000000000000000000064E9E82E213A7431C2ED76D92E4BE2BC42	68
239	3	wavg2a(b1[52],b4[16])	34455243190032701586439071991093653595004	0x65413e75c7fd216d428d8737a0aff2e37c	34455243190032701586291498038503977182076	34455243190032701586586645943683330007932	00000000000000000000000000000065413E75C7FD216D3A8D8737A0AFF2E37C	00000000000000000000000000000065413E75C7FD216D4A8D8737A0AFF2E37C	68
240	3	wavg2b(b1[43],b4[2])	34455289994315819499151581179119322696332	0x6541477969185d01d5a70a676f26f68a8c	34455289994315819499004007226529646283404	34455289994315819499299155131708999109260	0000000000000000000000000000006541477969185D01CDA70A676F26F68A8C	0000000000000000000000000000006541477969185D01DDA70A676F26F68A8C	68
241	3	avg(b1[39],b4[46])	34455992419734999193150780885551163441098	0x6541cec1a853dae2390ade143da18cffca	34455992419734999193003206932961487028170	34455992419734999193298354838140839854026	0000000000000000000000000000006541CEC1A853DAE2310ADE143DA18CFFCA	0000000000000000000000000000006541CEC1A853DAE2410ADE143DA18CFFCA	68
242	3	diff_low(b1[72],b4[69])	34337846801542913311025190779425985218794	0x64e8ecbcf34a012753f26b3e49fa7148ea	34337846801542913310877616826836308805866	34337846801542913311172764732015661631722	00000000000000000000000000000064E8ECBCF34A01274BF26B3E49FA7148EA	00000000000000000000000000000064E8ECBCF34A01275BF26B3E49FA7148EA	68
243	3	diff_low(b2[46],b4[71])	34337373431645906160144292234041125441621	0x64e891920333a69d6c854e087d42cf1055	34337373431645906159996718281451449028693	34337373431645906160291866186630801854549	00000000000000000000000000000064E891920333A69D64854E087D42CF1055	00000000000000000000000000000064E891920333A69D74854E087D42CF1055	68
244	3	avg(b2[17],b3[14])	34457498004076761877558121825328075939496	0x6542f0b8b25af0634fe077dc158bb49ea8	34457498004076761877410547872738399526568	34457498004076761877705695777917752352424	0000000000000000000000000000006542F0B8B25AF06347E077DC158BB49EA8	0000000000000000000000000000006542F0B8B25AF06357E077DC158BB49EA8	68
245	3	wavg2a(b3[26],b4[6])	34336161000703352015057711587176731547927	0x64e7a8108d449a6eb811f45ea528729917	34336161000703352014910137634587055134999	34336161000703352015205285539766407960855	00000000000000000000000000000064E7A8108D449A6EB011F45EA528729917	00000000000000000000000000000064E7A8108D449A6EC011F45EA528729917	68
246	3	wavg2b(b1[75],b4[71])	34336022504635619932625248282738727388593	0x64e78d642b225b9f78f40cd881ca5905b1	34336022504635619932477674330149050975665	34336022504635619932772822235328403801521	00000000000000000000000000000064E78D642B225B9F70F40CD881CA5905B1	00000000000000000000000000000064E78D642B225B9F80F40CD881CA5905B1	68
247	3	avg(b3[35],b3[39])	34458064450096289567516243190876141653292	0x65435dd0a4455386dbeb46972bf3fa0d2c	34458064450096289567368669238286465240364	34458064450096289567663817143465818066220	00000000000000000000000000000065435DD0A4455386D3EB46972BF3FA0D2C	00000000000000000000000000000065435DD0A4455386E3EB46972BF3FA0D2C	68
248	3	diff_low(b1[25],b2[22])	34335396091700440994301014384784128870445	0x64e714bfa055332b3116218e0c9e00082d	34335396091700440994153440432194452457517	34335396091700440994448588337373805283373	00000000000000000000000000000064E714BFA055332B2916218E0C9E00082D	00000000000000000000000000000064E714BFA055332B3916218E0C9E00082D	68
249	3	diff_low(b4[28],b4[34])	34458983525420746369877830743493614775027	0x65440ed28dbfde13c535c0e147b4942af3	34458983525420746369730256790903938362099	34458983525420746370025404696083291187955	00000000000000000000000000000065440ED28DBFDE13BD35C0E147B4942AF3	00000000000000000000000000000065440ED28DBFDE13CD35C0E147B4942AF3	68
250	3	wavg2a(b1[22],b4[42])	34334460852819652351671831026043103783489	0x64e660a0ca175d02e3567f227dc2c8aa41	34334460852819652351524257073453427370561	34334460852819652351819404978632780196417	00000000000000000000000000000064E660A0CA175D02DB567F227DC2C8AA41	00000000000000000000000000000064E660A0CA175D02EB567F227DC2C8AA41	68
251	3	avg(b2[4],b4[45])	34334104158132067099674150082362856415681	0x64e61bee622f61d4ea2a2d03bd3543a1c1	34334104158132067099526576129773180002753	34334104158132067099821724034952532828609	00000000000000000000000000000064E61BEE622F61D4E22A2D03BD3543A1C1	00000000000000000000000000000064E61BEE622F61D4F22A2D03BD3543A1C1	68
252	3	wavg2a(b1[5],b3[39])	34334007267991296674980031463142366041052	0x64e6094554adb900b22e40b53f9c4ed3dc	34334007267991296674832457510552689628124	34334007267991296675127605415732042453980	00000000000000000000000000000064E6094554ADB900AA2E40B53F9C4ED3DC	00000000000000000000000000000064E6094554ADB900BA2E40B53F9C4ED3DC	68
253	3	diff_low(b1[16],b2[34])	34333091873736713888237820505478706689717	0x64e558f8e8d56fb0e6b8b676339626f6b5	34333091873736713888090246552889030276789	34333091873736713888385394458068383102645	00000000000000000000000000000064E558F8E8D56FB0DEB8B676339626F6B5	00000000000000000000000000000064E558F8E8D56FB0EEB8B676339626F6B5	68
254	3	diff_low(b1[42],b3[45])	34332627130204864089685368601853945685984	0x64e4ff7748c8341dfc091834aaf42fa7e0	34332627130204864089537794649264269273056	34332627130204864089832942554443622098912	00000000000000000000000000000064E4FF7748C8341DF4091834AAF42FA7E0	00000000000000000000000000000064E4FF7748C8341E04091834AAF42FA7E0	68
255	3	avg(b3[27],b3[38])	34332454073886698351366583950260104398079	0x64e4de22f2f6119c2c7c22b6cca45d04ff	34332454073886698351219009997670427985151	34332454073886698351514157902849780811007	00000000000000000000000000000064E4DE22F2F6119C247C22B6CCA45D04FF	00000000000000000000000000000064E4DE22F2F6119C347C22B6CCA45D04FF	68
256	3	diff_low(b3[35],b3[57])	34332410817868832833209887178134756320632	0x64e4d5ce434237018b976f2c7d55e8e578	34332410817868832833062313225545079907704	34332410817868832833357461130724432733560	00000000000000000000000000000064E4D5CE4342370183976F2C7D55E8E578	00000000000000000000000000000064E4D5CE4342370193976F2C7D55E8E578	68
257	3	wavg2a(b1[46],b3[30])	34461683118402833709686217089880519125858	0x654616bec39114f0090c73c7d96cc4ab62	34461683118402833709538643137290842712930	34461683118402833709833791042470195538786	000000000000000000000000000000654616BEC39114F0010C73C7D96CC4AB62	000000000000000000000000000000654616BEC39114F0110C73C7D96CC4AB62	68
258	3	wavg2a(b2[4],b3[46])	34332128806681815126622299512343468682831	0x64e49f7e09a77ee49f44c569963503ae4f	34332128806681815126474725559753792269903	34332128806681815126769873464933145095759	00000000000000000000000000000064E49F7E09A77EE49744C569963503AE4F	00000000000000000000000000000064E49F7E09A77EE4A744C569963503AE4F	68
259	3	wavg2a(b1[39],b1[62])	34462802685518984534395599624436184844031	0x6546ee5daf39d8cdb27a1236d29e7d06ff	34462802685518984534248025671846508431103	34462802685518984534543173577025861256959	0000000000000000000000000000006546EE5DAF39D8CDAA7A1236D29E7D06FF	0000000000000000000000000000006546EE5DAF39D8CDBA7A1236D29E7D06FF	68
260	3	diff_low(b1[10],b2[32])	34462821820875730917104498136767418473156	0x6546f20d21622bb272cf8bae93b54a1ac4	34462821820875730916956924184177742060228	34462821820875730917252072089357094886084	0000000000000000000000000000006546F20D21622BB26ACF8BAE93B54A1AC4	0000000000000000000000000000006546F20D21622BB27ACF8BAE93B54A1AC4	68
261	3	wavg2b(b1[32],b1[54])	34463109712725560166706682549952200780205	0x6547297f4b633e7ae1ae968753e7eb29ad	34463109712725560166559108597362524367277	34463109712725560166854256502541877193133	0000000000000000000000000000006547297F4B633E7AD9AE968753E7EB29AD	0000000000000000000000000000006547297F4B633E7AE9AE968753E7EB29AD	68
262	3	diff_low(b2[30],b4[61])	34330648594223429778697606349622469394927	0x64e38269edd11b13f60801dbfb977f01ef	34330648594223429778550032397032792981999	34330648594223429778845180302212145807855	00000000000000000000000000000064E38269EDD11B13EE0801DBFB977F01EF	00000000000000000000000000000064E38269EDD11B13FE0801DBFB977F01EF	68
263	3	diff_low(b3[13],b3[35])	34330583075984974914034719441699672656067	0x64e375cba162f09672b1a7d1f8221f88c3	34330583075984974913887145489109996243139	34330583075984974914182293394289349068995	00000000000000000000000000000064E375CBA162F0966AB1A7D1F8221F88C3	00000000000000000000000000000064E375CBA162F0967AB1A7D1F8221F88C3	68
264	3	wavg2b(b1[38],b3[22])	34463775823618694075413139818933597540022	0x6547a9c918dca13b209c0026e5d9288eb6	34463775823618694075265565866343921127094	34463775823618694075560713771523273952950	0000000000000000000000000000006547A9C918DCA13B189C0026E5D9288EB6	0000000000000000000000000000006547A9C918DCA13B289C0026E5D9288EB6	68
265	3	diff_low(b1[17],b3[2])	34464560536802377402389722323472574931808	0x654840ea71b356d786863b502ae6f56360	34464560536802377402242148370882898518880	34464560536802377402537296276062251344736	000000000000000000000000000000654840EA71B356D77E863B502AE6F56360	000000000000000000000000000000654840EA71B356D78E863B502AE6F56360	68
266	3	avg(b4[0],b4[21])	34464692761879152103614537381416139689300	0x65485a61a4ccf835dab50963a57e1f0d54	34464692761879152103466963428826463276372	34464692761879152103762111334005816102228	00000000000000000000000000000065485A61A4CCF835D2B50963A57E1F0D54	00000000000000000000000000000065485A61A4CCF835E2B50963A57E1F0D54	68
267	3	wavg2a(b1[5],b4[17])	34464745394034951237157690435750100665509	0x654864849c00721fc11e350b7d426f04a5	34464745394034951237010116483160424252581	34464745394034951237305264388339777078437	000000000000000000000000000000654864849C00721FB91E350B7D426F04A5	000000000000000000000000000000654864849C00721FC91E350B7D426F04A5	68
268	3	avg(b2[4],b4[1])	34329161394452339513614604126109750766547	0x64e263fd51b1b3e8f352aed47be6b3abd3	34329161394452339513467030173520074353619	34329161394452339513762178078699427179475	00000000000000000000000000000064E263FD51B1B3E8EB52AED47BE6B3ABD3	00000000000000000000000000000064E263FD51B1B3E8FB52AED47BE6B3ABD3	68
269	3	diff_low(b1[52],b4[52])	34465460778295782138586744318241208638494	0x6548ee4bc6cf9f06255b040a66023d9c1e	34465460778295782138439170365651532225566	34465460778295782138734318270830885051422	0000000000000000000000000000006548EE4BC6CF9F061D5B040A66023D9C1E	0000000000000000000000000000006548EE4BC6CF9F062D5B040A66023D9C1E	68
270	3	diff_low(b1[50],b3[54])	34328240119160082271178436738680248618356	0x64e1b28ef0b7d09835c1549dd768cc4d74	34328240119160082271030862786090572205428	34328240119160082271326010691269925031284	00000000000000000000000000000064E1B28EF0B7D0982DC1549DD768CC4D74	00000000000000000000000000000064E1B28EF0B7D0983DC1549DD768CC4D74	68
271	3	wavg2b(b1[16],b4[35])	34327782935053041314659639347983517507986	0x64e15a82060580f27aaac0f4fc0d186192	34327782935053041314512065395393841095058	34327782935053041314807213300573193920914	00000000000000000000000000000064E15A82060580F272AAC0F4FC0D186192	00000000000000000000000000000064E15A82060580F282AAC0F4FC0D186192	68
272	3	diff_low(b1[58],b4[54])	34466144082694532284778184722805490594212	0x654971e548d5ed59246d8a3f9f669631a4	34466144082694532284630610770215814181284	34466144082694532284925758675395167007140	000000000000000000000000000000654971E548D5ED591C6D8A3F9F669631A4	000000000000000000000000000000654971E548D5ED592C6D8A3F9F669631A4	68
273	3	wavg2b(b3[36],b4[48])	34466194374994619714109465104319294037356	0x65497b94e2e7d65e62b4b3df45d1d95d6c	34466194374994619713961891151729617624428	34466194374994619714257039056908970450284	00000000000000000000000000000065497B94E2E7D65E5AB4B3DF45D1D95D6C	00000000000000000000000000000065497B94E2E7D65E6AB4B3DF45D1D95D6C	68
274	3	wavg2a(b1[10],b2[4])	34327559345564261420689728551365453524617	0x64e12f7235eacf9380a6d2b22ca21fae89	34327559345564261420542154598775777111689	34327559345564261420837302503955129937545	00000000000000000000000000000064E12F7235EACF9378A6D2B22CA21FAE89	00000000000000000000000000000064E12F7235EACF9388A6D2B22CA21FAE89	68
275	3	avg(b2[17],b3[0])	34466636713496051473433960507503494262320	0x6549d0c5dbb7507acc5d5ca0af8ea36e30	34466636713496051473286386554913817849392	34466636713496051473581534460093170675248	0000000000000000000000000000006549D0C5DBB7507AC45D5CA0AF8EA36E30	0000000000000000000000000000006549D0C5DBB7507AD45D5CA0AF8EA36E30	68
276	3	diff_low(b1[15],b3[33])	34466830128653880386793808492831823737682	0x6549f605f6384a70d5a89702aed651b352	34466830128653880386646234540242147324754	34466830128653880386941382445421500150610	0000000000000000000000000000006549F605F6384A70CDA89702AED651B352	0000000000000000000000000000006549F605F6384A70DDA89702AED651B352	68
277	3	wavg2b(b1[71],b3[19])	34467509465640450830475755088474271467371	0x654a78dbdc7673b5532a52a6601e3d476b	34467509465640450830328181135884595054443	34467509465640450830623329041063947880299	000000000000000000000000000000654A78DBDC7673B54B2A52A6601E3D476B	000000000000000000000000000000654A78DBDC7673B55B2A52A6601E3D476B	68
278	3	diff_low(b1[55],b3[56])	34326118776896405358076772314345330404374	0x64e01a00b11041b30172b54902dacb6c16	34326118776896405357929198361755653991446	34326118776896405358224346266935006817302	00000000000000000000000000000064E01A00B11041B2F972B54902DACB6C16	00000000000000000000000000000064E01A00B11041B30972B54902DACB6C16	68
279	3	diff_low(b1[55],b3[12])	34325936002708019566159255540701822037917	0x64dff6cd3a79eddb7ef5548cc2559daf9d	34325936002708019566011681588112145624989	34325936002708019566306829493291498450845	00000000000000000000000000000064DFF6CD3A79EDDB76F5548CC2559DAF9D	00000000000000000000000000000064DFF6CD3A79EDDB86F5548CC2559DAF9D	68
280	3	wavg2a(b2[5],b4[40])	34325677232383856573627453482558614847616	0x64dfc4f6ddcd3a2aeeb845659fb81ec080	34325677232383856573479879529968938434688	34325677232383856573775027435148291260544	00000000000000000000000000000064DFC4F6DDCD3A2AE6B845659FB81EC080	00000000000000000000000000000064DFC4F6DDCD3A2AF6B845659FB81EC080	68
281	3	avg(b3[30],b4[20])	34468677297406282788875700631087884573778	0x654b59c669a54f78bc66bfac3319409c52	34468677297406282788728126678498208160850	34468677297406282789023274583677560986706	000000000000000000000000000000654B59C669A54F78B466BFAC3319409C52	000000000000000000000000000000654B59C669A54F78C466BFAC3319409C52	68
282	3	wavg2b(b3[38],b4[55])	34325092337269717651622945336914634746790	0x64df54514f9311760ecd225c6a18b62ba6	34325092337269717651475371384324958333862	34325092337269717651770519289504311159718	00000000000000000000000000000064DF54514F93117606CD225C6A18B62BA6	00000000000000000000000000000064DF54514F93117616CD225C6A18B62BA6	68
283	3	diff_low(b1[50],b2[5])	34469457147153409918783448839321237637245	0x654beff7f948f76a2836109fbefd34c87d	34469457147153409918635874886731561224317	34469457147153409918931022791910914050173	000000000000000000000000000000654BEFF7F948F76A2036109FBEFD34C87D	000000000000000000000000000000654BEFF7F948F76A3036109FBEFD34C87D	68
284	3	wavg2a(b1[56],b3[13])	34469749440683937272598685866340232509447	0x654c2843284f72517c0f9a7a24438cb807	34469749440683937272451111913750556096519	34469749440683937272746259818929908922375	000000000000000000000000000000654C2843284F7251740F9A7A24438CB807	000000000000000000000000000000654C2843284F7251840F9A7A24438CB807	68
285	3	wavg2a(b2[26],b4[39])	34469856632779655432461666308169649870487	0x654c3ce822c4d74efd1d05a98f06ffd697	34469856632779655432314092355579973457559	34469856632779655432609240260759326283415	000000000000000000000000000000654C3CE822C4D74EF51D05A98F06FFD697	000000000000000000000000000000654C3CE822C4D74F051D05A98F06FFD697	68
286	3	wavg2a(b3[39],b3[50])	34469943440200578757222045602760277588964	0x654c4da0127594d01608e5573d40f77be4	34469943440200578757074471650170601176036	34469943440200578757369619555349954001892	000000000000000000000000000000654C4DA0127594D00E08E5573D40F77BE4	000000000000000000000000000000654C4DA0127594D01E08E5573D40F77BE4	68
287	3	wavg2a(b1[56],b3[57])	34470358687978556578990408445151927064302	0x654c9d995e4489ca845c3242fb54cfd6ee	34470358687978556578842834492562250651374	34470358687978556579137982397741603477230	000000000000000000000000000000654C9D995E4489CA7C5C3242FB54CFD6EE	000000000000000000000000000000654C9D995E4489CA8C5C3242FB54CFD6EE	68
288	3	wavg2a(b1[27],b3[46])	34470585251116751230151947059356942644842	0x654cc93bcb1ab394322cd1a0d09682b66a	34470585251116751230004373106767266231914	34470585251116751230299521011946619057770	000000000000000000000000000000654CC93BCB1AB3942A2CD1A0D09682B66A	000000000000000000000000000000654CC93BCB1AB3943A2CD1A0D09682B66A	68
289	3	wavg2b(b2[17],b4[15])	34322657929809417794779049000217869168059	0x64dd7f77c19c0af715ebe1a43bc68e2dbb	34322657929809417794631475047628192755131	34322657929809417794926622952807545580987	00000000000000000000000000000064DD7F77C19C0AF70DEBE1A43BC68E2DBB	00000000000000000000000000000064DD7F77C19C0AF71DEBE1A43BC68E2DBB	68
290	3	wavg2b(b2[24],b2[29])	34471986909545690697759901717278909237281	0x654dd72ee3b283d79523a14455f6538821	34471986909545690697612327764689232824353	34471986909545690697907475669868585650209	000000000000000000000000000000654DD72EE3B283D78D23A14455F6538821	000000000000000000000000000000654DD72EE3B283D79D23A14455F6538821	68
291	3	diff_low(b4[57],b4[75])	34321186837470891404770537977834324832425	0x64dc64254dde42a3d2ef43afb6ca3f30a9	34321186837470891404622964025244648419497	34321186837470891404918111930424001245353	00000000000000000000000000000064DC64254DDE42A3CAEF43AFB6CA3F30A9	00000000000000000000000000000064DC64254DDE42A3DAEF43AFB6CA3F30A9	68
292	3	avg(b1[42],b4[53])	34320929652140794307787848375252892487380	0x64dc329d16a19945480d56729afd2f8ed4	34320929652140794307640274422663216074452	34320929652140794307935422327842568900308	00000000000000000000000000000064DC329D16A19945400D56729AFD2F8ED4	00000000000000000000000000000064DC329D16A19945500D56729AFD2F8ED4	68
293	3	wavg2b(b2[47],b3[39])	34473130261702661385758182748497328835278	0x654eb36280c722ae67a280845bd83d8ace	34473130261702661385610608795907652422350	34473130261702661385905756701087005248206	000000000000000000000000000000654EB36280C722AE5FA280845BD83D8ACE	000000000000000000000000000000654EB36280C722AE6FA280845BD83D8ACE	68
294	3	wavg2a(b2[34],b4[15])	34473173849841442207167317079395326385891	0x654ebbc7906f8b728f8db637c74ba25ee3	34473173849841442207019743126805649972963	34473173849841442207314891031985002798819	000000000000000000000000000000654EBBC7906F8B72878DB637C74BA25EE3	000000000000000000000000000000654EBBC7906F8B72978DB637C74BA25EE3	68
295	3	wavg2a(b1[28],b3[45])	34320535931369420060145782613250167533220	0x64dbe6c927d87111e51e8878300de3eea4	34320535931369420059998208660660491120292	34320535931369420060293356565839843946148	00000000000000000000000000000064DBE6C927D87111DD1E8878300DE3EEA4	00000000000000000000000000000064DBE6C927D87111ED1E8878300DE3EEA4	68
296	3	wavg2a(b1[75],b4[54])	34473457067182501669680142860017499792941	0x654ef25341d82aa7492cd258cb026e662d	34473457067182501669532568907427823380013	34473457067182501669827716812607176205869	000000000000000000000000000000654EF25341D82AA7412CD258CB026E662D	000000000000000000000000000000654EF25341D82AA7512CD258CB026E662D	68
297	3	diff_low(b1[41],b4[25])	34320352478437467441339338594405561594227	0x64dbc3743a4f5dda90f909af2cc87af173	34320352478437467441191764641815885181299	34320352478437467441486912546995238007155	00000000000000000000000000000064DBC3743A4F5DDA88F909AF2CC87AF173	00000000000000000000000000000064DBC3743A4F5DDA98F909AF2CC87AF173	68
298	3	avg(b3[16],b3[42])	34320246618746193705615473909395214733707	0x64dbaf10f128ed5ee394607653ae5a918b	34320246618746193705467899956805538320779	34320246618746193705763047861984891146635	00000000000000000000000000000064DBAF10F128ED5EDB94607653AE5A918B	00000000000000000000000000000064DBAF10F128ED5EEB94607653AE5A918B	68
299	3	wavg2a(b2[9],b4[74])	34473920939024367642214400443734153660415	0x654f4ba9e79f277326b42333f2e89a87ff	34473920939024367642066826491144477247487	34473920939024367642361974396323830073343	000000000000000000000000000000654F4BA9E79F27731EB42333F2E89A87FF	000000000000000000000000000000654F4BA9E79F27732EB42333F2E89A87FF	68
300	3	avg(b1[18],b1[60])	34474224327272308954377167294548876521697	0x654f861819ab0cef2a742d59a69528f0e1	34474224327272308954229593341959200108769	34474224327272308954524741247138552934625	000000000000000000000000000000654F861819AB0CEF22742D59A69528F0E1	000000000000000000000000000000654F861819AB0CEF32742D59A69528F0E1	68
301	3	wavg2a(b3[51],b3[54])	34474320085109660963194746438717546497418	0x654f9889537f0a85a79d3cc001779d058a	34474320085109660963047172486127870084490	34474320085109660963342320391307222910346	000000000000000000000000000000654F9889537F0A859F9D3CC001779D058A	000000000000000000000000000000654F9889537F0A85AF9D3CC001779D058A	68
302	3	diff_low(b2[38],b4[29])	34319282836015631761177859030123211217972	0x64daf572c8e2331ca1224a53f876215c34	34319282836015631761030285077533534805044	34319282836015631761325432982712887630900	00000000000000000000000000000064DAF572C8E2331C99224A53F876215C34	00000000000000000000000000000064DAF572C8E2331CA9224A53F876215C34	68
303	3	wavg2a(b1[3],b2[22])	34474966879301652758933253958910318953237	0x6550151abdecc209495015c76b5e4f4315	34474966879301652758785680006320642540309	34474966879301652759080827911499995366165	0000000000000000000000000000006550151ABDECC209415015C76B5E4F4315	0000000000000000000000000000006550151ABDECC209515015C76B5E4F4315	68
304	3	avg(b4[41],b4[46])	34318676784207740998177075009354224794248	0x64da80ba1fa399291fed166705d54a7a88	34318676784207740998029501056764548381320	34318676784207740998324648961943901207176	00000000000000000000000000000064DA80BA1FA3992917ED166705D54A7A88	00000000000000000000000000000064DA80BA1FA3992927ED166705D54A7A88	68
305	3	avg(b2[12],b4[44])	34318631013584685495419642310152554471830	0x64da77e97528292d1798976b86fbaee196	34318631013584685495272068357562878058902	34318631013584685495567216262742230884758	00000000000000000000000000000064DA77E97528292D0F98976B86FBAEE196	00000000000000000000000000000064DA77E97528292D1F98976B86FBAEE196	68
306	3	wavg2a(b1[11],b1[75])	34475792182906863674589625441648299755895	0x6550b40d59e9069fa4efd0f9f21bf84977	34475792182906863674442051489058623342967	34475792182906863674737199394237976168823	0000000000000000000000000000006550B40D59E9069F9CEFD0F9F21BF84977	0000000000000000000000000000006550B40D59E9069FACEFD0F9F21BF84977	68
307	3	avg(b3[54],b4[67])	34318073601099330251065760744220954162551	0x64da0c8ee678f051cdee9acefee82b7577	34318073601099330250918186791631277749623	34318073601099330251213334696810630575479	00000000000000000000000000000064DA0C8EE678F051C5EE9ACEFEE82B7577	00000000000000000000000000000064DA0C8EE678F051D5EE9ACEFEE82B7577	68
308	3	wavg2b(b3[1],b4[68])	34475953999923638421477884088247597733864	0x6550d3378bcdb7dcbf71a32593349d17e8	34475953999923638421330310135657921320936	34475953999923638421625458040837274146792	0000000000000000000000000000006550D3378BCDB7DCB771A32593349D17E8	0000000000000000000000000000006550D3378BCDB7DCC771A32593349D17E8	68
309	3	avg(b1[28],b2[13])	34476261482936706557817193948331310555062	0x65510e6fa10d5336c3e8a83ede2acf9fb6	34476261482936706557669619995741634142134	34476261482936706557964767900920986967990	00000000000000000000000000000065510E6FA10D5336BBE8A83EDE2ACF9FB6	00000000000000000000000000000065510E6FA10D5336CBE8A83EDE2ACF9FB6	68
310	3	avg(b3[8],b4[62])	34476421701013836773148117651413652683088	0x65512d4afd7d61da8aaeac7d6929073950	34476421701013836773000543698823976270160	34476421701013836773295691604003329096016	00000000000000000000000000000065512D4AFD7D61DA82AEAC7D6929073950	00000000000000000000000000000065512D4AFD7D61DA92AEAC7D6929073950	68
311	3	wavg2a(b1[70],b3[48])	34317339989395743196617638365954628524660	0x64d97f450cfdc31c13ffa818a07bda1a74	34317339989395743196470064413364952111732	34317339989395743196765212318544304937588	00000000000000000000000000000064D97F450CFDC31C0BFFA818A07BDA1A74	00000000000000000000000000000064D97F450CFDC31C1BFFA818A07BDA1A74	68
312	3	diff_low(b2[15],b4[13])	34477513347635448567644000500896282673670	0x6551ff8952f6a6241d1a64c50d24ef8206	34477513347635448567496426548306606260742	34477513347635448567791574453485959086598	0000000000000000000000000000006551FF8952F6A624151A64C50D24EF8206	0000000000000000000000000000006551FF8952F6A624251A64C50D24EF8206	68
313	3	wavg2b(b1[19],b2[26])	34315862976280589425955062563705103595968	0x64d862ceae8ae55ba9db30e2d4f13439c0	34315862976280589425807488611115427183040	34315862976280589426102636516294780008896	00000000000000000000000000000064D862CEAE8AE55BA1DB30E2D4F13439C0	00000000000000000000000000000064D862CEAE8AE55BB1DB30E2D4F13439C0	68
314	3	avg(b1[67],b4[43])	34479415467479175963298807792480614482370	0x65536ddf12abf1d66540a5f350688a01c2	34479415467479175963151233839890938069442	34479415467479175963446381745070290895298	00000000000000000000000000000065536DDF12ABF1D65D40A5F350688A01C2	00000000000000000000000000000065536DDF12ABF1D66D40A5F350688A01C2	68
315	3	wavg2a(b1[65],b2[22])	34314388959193908344318118664439662790768	0x64d746ec074a22df252ec564caa6ca4870	34314388959193908344170544711849986377840	34314388959193908344465692617029339203696	00000000000000000000000000000064D746EC074A22DF1D2EC564CAA6CA4870	00000000000000000000000000000064D746EC074A22DF2D2EC564CAA6CA4870	68
316	3	wavg2a(b1[7],b4[18])	34314280436551140576059516609688513695945	0x64d7320572f75a5b10176fe7f32b6e50c9	34314280436551140575911942657098837283017	34314280436551140576207090562278190108873	00000000000000000000000000000064D7320572F75A5B08176FE7F32B6E50C9	00000000000000000000000000000064D7320572F75A5B18176FE7F32B6E50C9	68
317	3	diff_low(b4[22],b4[71])	34480130512726138393823727857209971194196	0x6553f79586863b5a0a0632edff4fa63954	34480130512726138393676153904620294781268	34480130512726138393971301809799647607124	0000000000000000000000000000006553F79586863B5A020632EDFF4FA63954	0000000000000000000000000000006553F79586863B5A120632EDFF4FA63954	68
318	3	diff_low(b2[10],b3[26])	34313165585856367962718978701474246332909	0x64d65b4f10e9fb2d4ad1175edc105291ed	34313165585856367962571404748884569919981	34313165585856367962866552654063922745837	00000000000000000000000000000064D65B4F10E9FB2D42D1175EDC105291ED	00000000000000000000000000000064D65B4F10E9FB2D52D1175EDC105291ED	68
319	3	diff_low(b1[7],b1[23])	34481405439072983551779463014310717957736	0x6554ed203f5b7ab929e8fb41ccbaf02668	34481405439072983551631889061721041544808	34481405439072983551927036966900394370664	0000000000000000000000000000006554ED203F5B7AB921E8FB41CCBAF02668	0000000000000000000000000000006554ED203F5B7AB931E8FB41CCBAF02668	68
320	3	avg(b1[28],b3[43])	34481480658767957996650653518871619030696	0x6554fb9cdd624fbc8b5faf99a72445cea8	34481480658767957996503079566281942617768	34481480658767957996798227471461295443624	0000000000000000000000000000006554FB9CDD624FBC835FAF99A72445CEA8	0000000000000000000000000000006554FB9CDD624FBC935FAF99A72445CEA8	68
321	3	wavg2b(b1[49],b4[18])	34312333969660919857404703467440911171489	0x64d5bb2538d69365108d31dd14d5003fa1	34312333969660919857257129514851234758561	34312333969660919857552277420030587584417	00000000000000000000000000000064D5BB2538D69365088D31DD14D5003FA1	00000000000000000000000000000064D5BB2538D69365188D31DD14D5003FA1	68
322	3	diff_low(b1[49],b4[61])	34481701195936970923090746391349100072314	0x655526162fcbea8f412a7db381c890cd7a	34481701195936970922943172438759423659386	34481701195936970923238320343938776485242	000000000000000000000000000000655526162FCBEA8F392A7DB381C890CD7A	000000000000000000000000000000655526162FCBEA8F492A7DB381C890CD7A	68
323	3	avg(b1[26],b3[45])	34482152352771620677423317908090552962872	0x65557cf9ef9ec5a0deae468ef14ffdcf38	34482152352771620677275743955500876549944	34482152352771620677570891860680229375800	00000000000000000000000000000065557CF9EF9EC5A0D6AE468EF14FFDCF38	00000000000000000000000000000065557CF9EF9EC5A0E6AE468EF14FFDCF38	68
324	3	wavg2a(b1[27],b1[72])	34482209410776709130749664389753638075010	0x655587f71ce495bfbdd4d2c9446bd5ba82	34482209410776709130602090437163961662082	34482209410776709130897238342343314487938	000000000000000000000000000000655587F71CE495BFB5D4D2C9446BD5BA82	000000000000000000000000000000655587F71CE495BFC5D4D2C9446BD5BA82	68
325	3	diff_low(b2[13],b4[34])	34311667252796121808766404123694764078560	0x64d53abd8aed244f8f18ce9b38f6f335e0	34311667252796121808618830171105087665632	34311667252796121808913978076284440491488	00000000000000000000000000000064D53ABD8AED244F8718CE9B38F6F335E0	00000000000000000000000000000064D53ABD8AED244F9718CE9B38F6F335E0	68
326	3	wavg2a(b3[14],b3[49])	34482871876882179731984317184638699284143	0x6556078d36addc8a2072cd46059421a6af	34482871876882179731836743232049022871215	34482871876882179732131891137228375697071	0000000000000000000000000000006556078D36ADDC8A1872CD46059421A6AF	0000000000000000000000000000006556078D36ADDC8A2872CD46059421A6AF	68
327	3	diff_low(b4[9],b4[69])	34483133333983940763647223536264186434556	0x655639e80b413391ab40c616581ddc13fc	34483133333983940763499649583674510021628	34483133333983940763794797488853862847484	000000000000000000000000000000655639E80B413391A340C616581DDC13FC	000000000000000000000000000000655639E80B413391B340C616581DDC13FC	68
328	3	wavg2b(b1[7],b1[16])	34483379391759362616032014629939656020581	0x6556694ba1018873c2e52ab1ce23c85265	34483379391759362615884440677349979607653	34483379391759362616179588582529332433509	0000000000000000000000000000006556694BA1018873BAE52AB1CE23C85265	0000000000000000000000000000006556694BA1018873CAE52AB1CE23C85265	68
329	3	diff_low(b1[32],b3[53])	34483425432990631464809861804569114045060	0x65567229a30b441d38092153670bddea84	34483425432990631464662287851979437632132	34483425432990631464957435757158790457988	00000000000000000000000000000065567229A30B441D30092153670BDDEA84	00000000000000000000000000000065567229A30B441D40092153670BDDEA84	68
330	3	wavg2a(b2[1],b4[15])	34310391822572726288784431066348862099917	0x64d44519fa46f35c10af34402702ccd1cd	34310391822572726288636857113759185686989	34310391822572726288932005018938538512845	00000000000000000000000000000064D44519FA46F35C08AF34402702CCD1CD	00000000000000000000000000000064D44519FA46F35C18AF34402702CCD1CD	68
331	3	diff_low(b1[30],b1[66])	34310149474310756166620066885891625193320	0x64d4166d492b07c09a6931dc31d8be0f68	34310149474310756166472492933301948780392	34310149474310756166767640838481301606248	00000000000000000000000000000064D4166D492B07C0926931DC31D8BE0F68	00000000000000000000000000000064D4166D492B07C0A26931DC31D8BE0F68	68
332	3	avg(b1[16],b4[23])	34484139236787838702272344559924197349991	0x6556fba2e1990cac8902b7c9a2809e5a67	34484139236787838702124770607334520937063	34484139236787838702419918512513873762919	0000000000000000000000000000006556FBA2E1990CAC8102B7C9A2809E5A67	0000000000000000000000000000006556FBA2E1990CAC9102B7C9A2809E5A67	68
333	3	wavg2a(b1[56],b4[2])	34308907664213528529061377621229619881440	0x64d32743522b6475d40352103ef697a5e0	34308907664213528528913803668639943468512	34308907664213528529208951573819296294368	00000000000000000000000000000064D32743522B6475CC0352103EF697A5E0	00000000000000000000000000000064D32743522B6475DC0352103EF697A5E0	68
334	3	wavg2b(b3[41],b4[46])	34485481481119179799599944716158185819626	0x6557fe24a2d98f3b5d809af8f95998cdea	34485481481119179799452370763568509406698	34485481481119179799747518668747862232554	0000000000000000000000000000006557FE24A2D98F3B55809AF8F95998CDEA	0000000000000000000000000000006557FE24A2D98F3B65809AF8F95998CDEA	68
335	3	wavg2b(b1[28],b4[67])	34485488900760115798349205007802790233980	0x6557ff9273e26d9848c723a7b2ea92c77c	34485488900760115798201631055213113821052	34485488900760115798496778960392466646908	0000000000000000000000000000006557FF9273E26D9840C723A7B2EA92C77C	0000000000000000000000000000006557FF9273E26D9850C723A7B2EA92C77C	68
336	3	wavg2b(b1[54],b2[18])	34485702559806796229152007941120769940158	0x655828b8a8302435a4d1af13f4971c5abe	34485702559806796229004433988531093527230	34485702559806796229299581893710446353086	000000000000000000000000000000655828B8A83024359CD1AF13F4971C5ABE	000000000000000000000000000000655828B8A8302435ACD1AF13F4971C5ABE	68
337	3	diff_low(b1[24],b4[31])	34308101805998694893356835379599032297391	0x64d28c0f7184237beeb6767cd03e1da7af	34308101805998694893209261427009355884463	34308101805998694893504409332188708710319	00000000000000000000000000000064D28C0F7184237BE6B6767CD03E1DA7AF	00000000000000000000000000000064D28C0F7184237BF6B6767CD03E1DA7AF	68
338	3	diff_low(b1[26],b4[68])	34308043737222115800090998873205722745245	0x64d280e06e837e95b7db5d5544baea899d	34308043737222115799943424920616046332317	34308043737222115800238572825795399158173	00000000000000000000000000000064D280E06E837E95AFDB5D5544BAEA899D	00000000000000000000000000000064D280E06E837E95BFDB5D5544BAEA899D	68
339	3	avg(b2[34],b3[20])	34307885315646939108281168395004409780920	0x64d2625da51e525039cc371857a70f9ab8	34307885315646939108133594442414733367992	34307885315646939108428742347594086193848	00000000000000000000000000000064D2625DA51E525031CC371857A70F9AB8	00000000000000000000000000000064D2625DA51E525041CC371857A70F9AB8	68
340	3	diff_low(b1[71],b3[37])	34487281675164955308343545568435902991649	0x655958d90e1f4a215f473210ec3125cd21	34487281675164955308195971615846226578721	34487281675164955308491119521025579404577	000000000000000000000000000000655958D90E1F4A2157473210EC3125CD21	000000000000000000000000000000655958D90E1F4A2167473210EC3125CD21	68
341	3	diff_low(b2[6],b2[47])	34487338999243347676797277499471981544100	0x655963e359b650c4794722c0c9e0a582a4	34487338999243347676649703546882305131172	34487338999243347676944851452061657957028	000000000000000000000000000000655963E359B650C4714722C0C9E0A582A4	000000000000000000000000000000655963E359B650C4814722C0C9E0A582A4	68
342	3	avg(b2[16],b4[39])	34305820901097990369127973359111404149858	0x64d0d4c6263db783539cdc38de1f5e5c62	34305820901097990368980399406521727736930	34305820901097990369275547311701080562786	00000000000000000000000000000064D0D4C6263DB7834B9CDC38DE1F5E5C62	00000000000000000000000000000064D0D4C6263DB7835B9CDC38DE1F5E5C62	68
343	3	diff_low(b1[23],b2[10])	34488182917823158433974434266200726575712	0x655a066bbfb58182c1ebf7412de95c1a60	34488182917823158433826860313611050162784	34488182917823158434122008218790402988640	000000000000000000000000000000655A066BBFB58182B9EBF7412DE95C1A60	000000000000000000000000000000655A066BBFB58182C9EBF7412DE95C1A60	68
344	3	diff_low(b4[13],b4[64])	34488227327275067168612197514959311263061	0x655a0ef94dcbc285a936d23d597aa2d555	34488227327275067168464623562369634850133	34488227327275067168759771467548987675989	000000000000000000000000000000655A0EF94DCBC285A136D23D597AA2D555	000000000000000000000000000000655A0EF94DCBC285B136D23D597AA2D555	68
345	3	diff_low(b1[46],b4[48])	34488616646839535779179913648570176599371	0x655a59f43d8a6a8b9c1ef4242875b7754b	34488616646839535779032339695980500186443	34488616646839535779327487601159853012299	000000000000000000000000000000655A59F43D8A6A8B941EF4242875B7754B	000000000000000000000000000000655A59F43D8A6A8BA41EF4242875B7754B	68
346	3	diff_low(b4[14],b4[36])	34305301169798442176095266980545387782626	0x64d070ad6afc7441efdad46fb1cfe361e2	34305301169798442175947693027955711369698	34305301169798442176242840933135064195554	00000000000000000000000000000064D070AD6AFC7441E7DAD46FB1CFE361E2	00000000000000000000000000000064D070AD6AFC7441F7DAD46FB1CFE361E2	68
347	3	wavg2a(b1[11],b1[33])	34304819298138490745585999784081703212890	0x64d013df4f9071b063d87b1b095f26975a	34304819298138490745438425831492026799962	34304819298138490745733573736671379625818	00000000000000000000000000000064D013DF4F9071B05BD87B1B095F26975A	00000000000000000000000000000064D013DF4F9071B06BD87B1B095F26975A	68
348	3	wavg2a(b1[2],b1[66])	34304588267809125516240197007922958774981	0x64cfe760a2d91f07e77b1c63b4af2532c5	34304588267809125516092623055333282362053	34304588267809125516387770960512635187909	00000000000000000000000000000064CFE760A2D91F07DF7B1C63B4AF2532C5	00000000000000000000000000000064CFE760A2D91F07EF7B1C63B4AF2532C5	68
349	3	avg(b1[57],b1[75])	34489756787843942089618986617911989569909	0x655b3589882d802e733334917120350975	34489756787843942089471412665322313156981	34489756787843942089766560570501665982837	000000000000000000000000000000655B3589882D802E6B3334917120350975	000000000000000000000000000000655B3589882D802E7B3334917120350975	68
350	3	avg(b1[18],b1[30])	34490032665804425343700428200879080048749	0x655b6aab5d9476997a16defbf270e3886d	34490032665804425343552854248289403635821	34490032665804425343848002153468756461677	000000000000000000000000000000655B6AAB5D9476997216DEFBF270E3886D	000000000000000000000000000000655B6AAB5D9476998216DEFBF270E3886D	68
351	3	wavg2a(b2[0],b2[5])	34490984172486870984715818653244908417398	0x655c21ec44586848b6cbc845c2c248b176	34490984172486870984568244700655232004470	34490984172486870984863392605834584830326	000000000000000000000000000000655C21EC44586848AECBC845C2C248B176	000000000000000000000000000000655C21EC44586848BECBC845C2C248B176	68
352	3	wavg2b(b1[41],b4[3])	34491316825383411361235673140022116909144	0x655c61fd522fd0177508f6c1cb09cc8058	34491316825383411361088099187432440496216	34491316825383411361383247092611793322072	000000000000000000000000000000655C61FD522FD0176D08F6C1CB09CC8058	000000000000000000000000000000655C61FD522FD0177D08F6C1CB09CC8058	68
353	3	wavg2b(b4[25],b4[39])	34302596719389200584649165716475641651478	0x64ce67d1b7d19c82f6a9ae975cf990e116	34302596719389200584501591763885965238550	34302596719389200584796739669065318064406	00000000000000000000000000000064CE67D1B7D19C82EEA9AE975CF990E116	00000000000000000000000000000064CE67D1B7D19C82FEA9AE975CF990E116	68
354	3	wavg2b(b3[30],b4[24])	34302228339590977979581350040009112681370	0x64ce20df3114d2938db098b032c529fb9a	34302228339590977979433776087419436268442	34302228339590977979728923992598789094298	00000000000000000000000000000064CE20DF3114D29385B098B032C529FB9A	00000000000000000000000000000064CE20DF3114D29395B098B032C529FB9A	68
355	3	avg(b2[8],b3[47])	34491848114752800507442854425545123226499	0x655cc84fe8caee513fd10a4e31a99ee383	34491848114752800507295280472955446813571	34491848114752800507590428378134799639427	000000000000000000000000000000655CC84FE8CAEE5137D10A4E31A99EE383	000000000000000000000000000000655CC84FE8CAEE5147D10A4E31A99EE383	68
356	3	wavg2a(b2[9],b2[21])	34491918085590431591915213781826056363089	0x655cd5c9bcecfad8a5651e472066521c51	34491918085590431591767639829236379950161	34491918085590431592062787734415732776017	000000000000000000000000000000655CD5C9BCECFAD89D651E472066521C51	000000000000000000000000000000655CD5C9BCECFAD8AD651E472066521C51	68
357	3	wavg2b(b1[50],b3[45])	34492164549456874268457655316731302520260	0x655d054158442b16496f38023b63ac25c4	34492164549456874268310081364141626107332	34492164549456874268605229269320978933188	000000000000000000000000000000655D054158442B16416F38023B63AC25C4	000000000000000000000000000000655D054158442B16516F38023B63AC25C4	68
358	3	diff_low(b3[30],b4[46])	34301617662966207122556925937228955207884	0x64cdab428270eccdadd3c1f920c49f48cc	34301617662966207122409351984639278794956	34301617662966207122704499889818631620812	00000000000000000000000000000064CDAB428270ECCDA5D3C1F920C49F48CC	00000000000000000000000000000064CDAB428270ECCDB5D3C1F920C49F48CC	68
359	3	diff_low(b3[52],b4[46])	34492399759520566913043308274914350842576	0x655d328e18a57f0165e2ddac35c777c2d0	34492399759520566912895734322324674429648	34492399759520566913190882227504027255504	000000000000000000000000000000655D328E18A57F015DE2DDAC35C777C2D0	000000000000000000000000000000655D328E18A57F016DE2DDAC35C777C2D0	68
360	3	diff_low(b1[9],b4[40])	34492603111368579088442557040666315813623	0x655d59b81dd01981c3986bcd9ccddb72f7	34492603111368579088294983088076639400695	34492603111368579088590130993255992226551	000000000000000000000000000000655D59B81DD01981BB986BCD9CCDDB72F7	000000000000000000000000000000655D59B81DD01981CB986BCD9CCDDB72F7	68
361	3	diff_low(b3[43],b4[34])	34301228901133618931099484982614147127293	0x64cd606312432b44002abfe5a70406d7fd	34301228901133618930951911030024470714365	34301228901133618931247058935203823540221	00000000000000000000000000000064CD606312432B43F82ABFE5A70406D7FD	00000000000000000000000000000064CD606312432B44082ABFE5A70406D7FD	68
362	3	avg(b3[25],b4[65])	34492741426252904930575819131330783996530	0x655d745b91172f5bafe84f48881ea1ea72	34492741426252904930428245178741107583602	34492741426252904930723393083920460409458	000000000000000000000000000000655D745B91172F5BA7E84F48881EA1EA72	000000000000000000000000000000655D745B91172F5BB7E84F48881EA1EA72	68
363	3	diff_low(b2[14],b3[40])	34301155475551821104478145739407363375029	0x64cd523ee920aaad4d80ebcdbc70637fb5	34301155475551821104330571786817686962101	34301155475551821104625719691997039787957	00000000000000000000000000000064CD523EE920AAAD4580EBCDBC70637FB5	00000000000000000000000000000064CD523EE920AAAD5580EBCDBC70637FB5	68
364	3	avg(b1[6],b3[25])	34300553518295285749344821523527716206773	0x64ccde5020630b059a21466fb419a678b5	34300553518295285749197247570938039793845	34300553518295285749492395476117392619701	00000000000000000000000000000064CCDE5020630B059221466FB419A678B5	00000000000000000000000000000064CCDE5020630B05A221466FB419A678B5	68
365	3	wavg2a(b2[29],b4[72])	34300315417326685442009770584892393929553	0x64ccb074d7a82ac01db42237db3c303b51	34300315417326685441862196632302717516625	34300315417326685442157344537482070342481	00000000000000000000000000000064CCB074D7A82AC015B42237DB3C303B51	00000000000000000000000000000064CCB074D7A82AC025B42237DB3C303B51	68
366	3	diff_low(b3[40],b4[63])	34300084077587859244381326038001060516090	0x64cc83e6e9a4f4a38c4ae0db4e67d190fa	34300084077587859244233752085411384103162	34300084077587859244528899990590736929018	00000000000000000000000000000064CC83E6E9A4F4A3844AE0DB4E67D190FA	00000000000000000000000000000064CC83E6E9A4F4A3944AE0DB4E67D190FA	68
367	3	avg(b2[43],b4[18])	34493879484604509205584305820901097990368	0x655e4f8a2cf42078a7228ba8f9de15e8e0	34493879484604509205436731868311421577440	34493879484604509205731879773490774403296	000000000000000000000000000000655E4F8A2CF420789F228BA8F9DE15E8E0	000000000000000000000000000000655E4F8A2CF42078AF228BA8F9DE15E8E0	68
368	3	wavg2b(b1[71],b2[14])	34299880272516559541872719131657608157785	0x64cc5ca68bfeed8996dd1f63228a38da59	34299880272516559541725145179067931744857	34299880272516559542020293084247284570713	00000000000000000000000000000064CC5CA68BFEED898EDD1F63228A38DA59	00000000000000000000000000000064CC5CA68BFEED899EDD1F63228A38DA59	68
369	3	avg(b1[42],b4[68])	34494444049262994822220502772414664433241	0x655ebc455cc1206500c523fea46ca05e59	34494444049262994822072928819824988020313	34494444049262994822368076725004340846169	000000000000000000000000000000655EBC455CC12064F8C523FEA46CA05E59	000000000000000000000000000000655EBC455CC1206508C523FEA46CA05E59	68
370	3	wavg2b(b1[71],b4[63])	34299166007207251635141505997386739585159	0x64cbd3168c571ed86b63c2c183d9d79087	34299166007207251634993932044797063172231	34299166007207251635289079949976415998087	00000000000000000000000000000064CBD3168C571ED86363C2C183D9D79087	00000000000000000000000000000064CBD3168C571ED87363C2C183D9D79087	68
371	3	diff_low(b2[38],b4[73])	34298973112534502443846067563238863382505	0x64cbadf01b4823f419c1889da775aba7e9	34298973112534502443698493610649186969577	34298973112534502443993641515828539795433	00000000000000000000000000000064CBADF01B4823F411C1889DA775ABA7E9	00000000000000000000000000000064CBADF01B4823F421C1889DA775ABA7E9	68
372	3	wavg2a(b3[0],b3[49])	34495056822774565859818768760872590381241	0x655f32496dd3b1fec66ea8f6d2ed6010b9	34495056822774565859671194808282913968313	34495056822774565859966342713462266794169	000000000000000000000000000000655F32496DD3B1FEBE6EA8F6D2ED6010B9	000000000000000000000000000000655F32496DD3B1FECE6EA8F6D2ED6010B9	68
373	3	wavg2a(b1[13],b1[66])	34298260445519703956207022208943325510345	0x64cb24aee8f06c9a55f1def91b001cfac9	34298260445519703956059448256353649097417	34298260445519703956354596161533001923273	00000000000000000000000000000064CB24AEE8F06C9A4DF1DEF91B001CFAC9	00000000000000000000000000000064CB24AEE8F06C9A5DF1DEF91B001CFAC9	68
374	3	wavg2b(b1[69],b2[3])	34496038005696527214815757455428217641227	0x655fef417b65208ef2c80a46e15436990b	34496038005696527214668183502838541228299	34496038005696527214963331408017894054155	000000000000000000000000000000655FEF417B65208EEAC80A46E15436990B	000000000000000000000000000000655FEF417B65208EFAC80A46E15436990B	68
375	3	avg(b1[16],b1[45])	34496098345198727882030209588664552833328	0x655ffae072fbf80d12433505023396c130	34496098345198727881882635636074876420400	34496098345198727882177783541254229246256	000000000000000000000000000000655FFAE072FBF80D0A433505023396C130	000000000000000000000000000000655FFAE072FBF80D1A433505023396C130	68
376	3	diff_low(b1[40],b1[74])	34297735237554609890971917737363093528055	0x64cabf882872605d648af841d625d71df7	34297735237554609890824343784773417115127	34297735237554609891119491689952769940983	00000000000000000000000000000064CABF882872605D5C8AF841D625D71DF7	00000000000000000000000000000064CABF882872605D6C8AF841D625D71DF7	68
377	3	wavg2a(b2[29],b2[30])	34496248976029264040239209107627917284105	0x656017e31f5b88525bce2b65a3f9319309	34496248976029264040091635155038240871177	34496248976029264040386783060217593697033	000000000000000000000000000000656017E31F5B885253CE2B65A3F9319309	000000000000000000000000000000656017E31F5B885263CE2B65A3F9319309	68
378	3	wavg2b(b1[63],b3[19])	34297616029727039539031569886672901283923	0x64caa892c221699afb461013997b7ea053	34297616029727039538883995934083224870995	34297616029727039539179143839262577696851	00000000000000000000000000000064CAA892C221699AF3461013997B7EA053	00000000000000000000000000000064CAA892C221699B03461013997B7EA053	68
379	3	diff_low(b1[1],b1[3])	34496776456568188393002235244611554594522	0x65607d79ebc3a991a94c79651b61714eda	34496776456568188392854661292021878181594	34496776456568188393149809197201231007450	00000000000000000000000000000065607D79EBC3A991A14C79651B61714EDA	00000000000000000000000000000065607D79EBC3A991B14C79651B61714EDA	68
380	3	diff_low(b2[6],b3[50])	34496899463749595562405688936683135283042	0x6560952aa4aafa5f6e13f44825a677af62	34496899463749595562258114984093458870114	34496899463749595562553262889272811695970	0000000000000000000000000000006560952AA4AAFA5F6613F44825A677AF62	0000000000000000000000000000006560952AA4AAFA5F7613F44825A677AF62	68
381	3	wavg2b(b2[35],b3[25])	34296870852374664466053996329789796337920	0x64ca190eada37b5963ca9f4e78aee74900	34296870852374664465906422377200119924992	34296870852374664466201570282379472750848	00000000000000000000000000000064CA190EADA37B595BCA9F4E78AEE74900	00000000000000000000000000000064CA190EADA37B596BCA9F4E78AEE74900	68
382	3	avg(b2[43],b3[25])	34295487633725662081270655162526263134572	0x64c90ea8bbca1ac8ffa9b7a3984a27c96c	34295487633725662081123081209936586721644	34295487633725662081418229115115939547500	00000000000000000000000000000064C90EA8BBCA1AC8F7A9B7A3984A27C96C	00000000000000000000000000000064C90EA8BBCA1AC907A9B7A3984A27C96C	68
383	3	wavg2a(b2[4],b4[9])	34295324122194763876346005923794097041078	0x64c8ef2afe1efaecb87d52f4affe886eb6	34295324122194763876198431971204420628150	34295324122194763876493579876383773454006	00000000000000000000000000000064C8EF2AFE1EFAECB07D52F4AFFE886EB6	00000000000000000000000000000064C8EF2AFE1EFAECC07D52F4AFFE886EB6	68
384	3	wavg2b(b3[33],b4[18])	34498623108141192064547367589185005419170	0x6561e120df77eac2144c0dedce6631faa2	34498623108141192064399793636595329006242	34498623108141192064694941541774681832098	0000000000000000000000000000006561E120DF77EAC20C4C0DEDCE6631FAA2	0000000000000000000000000000006561E120DF77EAC21C4C0DEDCE6631FAA2	68
385	3	wavg2a(b1[23],b3[39])	34498627109724473106495246181430255502954	0x6561e1e62a8cd85a33ef1d55ad8e49466a	34498627109724473106347672228840579090026	34498627109724473106642820134019931915882	0000000000000000000000000000006561E1E62A8CD85A2BEF1D55AD8E49466A	0000000000000000000000000000006561E1E62A8CD85A3BEF1D55AD8E49466A	68
386	3	wavg2a(b1[3],b4[75])	34294995413641013261925120577991291926493	0x64c8afdc68e2801256664707a4752377dd	34294995413641013261777546625401615513565	34294995413641013262072694530580968339421	00000000000000000000000000000064C8AFDC68E280124E664707A4752377DD	00000000000000000000000000000064C8AFDC68E280125E664707A4752377DD	68
387	3	avg(b1[6],b4[18])	34498945369174132873658472181902551062569	0x65621f31918d10b5419a1a7515ad949829	34498945369174132873510898229312874649641	34498945369174132873806046134492227475497	00000000000000000000000000000065621F31918D10B5399A1A7515AD949829	00000000000000000000000000000065621F31918D10B5499A1A7515AD949829	68
388	3	wavg2b(b1[51],b2[8])	34498961692465605047003274667330391915264	0x656222565e746f8ac00566e0000df63b00	34498961692465605046855700714740715502336	34498961692465605047150848619920068328192	000000000000000000000000000000656222565E746F8AB80566E0000DF63B00	000000000000000000000000000000656222565E746F8AC80566E0000DF63B00	68
389	3	wavg2a(b1[9],b3[14])	34499098152859767062358773465716146342453	0x65623c9e62c69fb498c2586a8e60708a35	34499098152859767062211199513126469929525	34499098152859767062506347418305822755381	00000000000000000000000000000065623C9E62C69FB490C2586A8E60708A35	00000000000000000000000000000065623C9E62C69FB4A0C2586A8E60708A35	68
390	3	avg(b2[44],b4[24])	34499520564995071744154733525617557827803	0x65628df8e97c9edd533d73d101be56f0db	34499520564995071744007159573027881414875	34499520564995071744302307478207234240731	00000000000000000000000000000065628DF8E97C9EDD4B3D73D101BE56F0DB	00000000000000000000000000000065628DF8E97C9EDD5B3D73D101BE56F0DB	68
391	3	wavg2b(b1[65],b3[8])	34499702233726399907525809968269572099884	0x6562b0f5df3e8ca04a8dbcbc3bb322cf2c	34499702233726399907378236015679895686956	34499702233726399907673383920859248512812	0000000000000000000000000000006562B0F5DF3E8CA0428DBCBC3BB322CF2C	0000000000000000000000000000006562B0F5DF3E8CA0528DBCBC3BB322CF2C	68
392	3	wavg2a(b1[3],b1[61])	34500233783308164217033257336166698702349	0x656317554a3132bbbc7f9b5d19a173d60d	34500233783308164216885683383577022289421	34500233783308164217180831288756375115277	000000000000000000000000000000656317554A3132BBB47F9B5D19A173D60D	000000000000000000000000000000656317554A3132BBC47F9B5D19A173D60D	68
393	3	diff_low(b1[50],b2[7])	34500476771508340232590079694107250153408	0x656346218874fb7cd361024a88c6ce57c0	34500476771508340232442505741517573740480	34500476771508340232737653646696926566336	000000000000000000000000000000656346218874FB7CCB61024A88C6CE57C0	000000000000000000000000000000656346218874FB7CDB61024A88C6CE57C0	68
394	3	diff_low(b1[51],b2[31])	34501369448327914760193626688827936522062	0x6563f20de5f5d708ae434be3e87540bf4e	34501369448327914760046052736238260109134	34501369448327914760341200641417612934990	0000000000000000000000000000006563F20DE5F5D708A6434BE3E87540BF4E	0000000000000000000000000000006563F20DE5F5D708B6434BE3E87540BF4E	68
395	3	diff_low(b2[21],b4[75])	34292475353756378192021934113008041691788	0x64c6ca83dd55fd527f2e742585b5998a8c	34292475353756378191874360160418365278860	34292475353756378192169508065597718104716	00000000000000000000000000000064C6CA83DD55FD52772E742585B5998A8C	00000000000000000000000000000064C6CA83DD55FD52872E742585B5998A8C	68
396	3	wavg2a(b2[9],b4[57])	34501488580161935996164748403434817409968	0x656408ff8d1a674916a5637530c28953b0	34501488580161935996017174450845140997040	34501488580161935996312322356024493822896	000000000000000000000000000000656408FF8D1A67490EA5637530C28953B0	000000000000000000000000000000656408FF8D1A67491EA5637530C28953B0	68
397	3	wavg2a(b3[39],b4[52])	34292080718998068129201514282116005562216	0x64c67e82de69c3b03ef70c1e8e66fd0768	34292080718998068129053940329526329149288	34292080718998068129349088234705681975144	00000000000000000000000000000064C67E82DE69C3B036F70C1E8E66FD0768	00000000000000000000000000000064C67E82DE69C3B046F70C1E8E66FD0768	68
398	3	wavg2a(b2[46],b4[22])	34291727867330620520876174820622080488698	0x64c63a8df03d9004c2622b730cb1b534fa	34291727867330620520728600868032404075770	34291727867330620521023748773211756901626	00000000000000000000000000000064C63A8DF03D9004BA622B730CB1B534FA	00000000000000000000000000000064C63A8DF03D9004CA622B730CB1B534FA	68
399	3	avg(b1[24],b2[27])	34291671332235662166787960419559331447610	0x64c62faa8b05819fa8d1f58eb26f75c33a	34291671332235662166640386466969655034682	34291671332235662166935534372149007860538	00000000000000000000000000000064C62FAA8B05819FA0D1F58EB26F75C33A	00000000000000000000000000000064C62FAA8B05819FB0D1F58EB26F75C33A	68
400	3	diff_low(b1[26],b3[34])	34291500744424151985814541147413665540621	0x64c60ecfea228e8d3f4d38e9d4af3fea0d	34291500744424151985666967194823989127693	34291500744424151985962115100003341953549	00000000000000000000000000000064C60ECFEA228E8D374D38E9D4AF3FEA0D	00000000000000000000000000000064C60ECFEA228E8D474D38E9D4AF3FEA0D	68
401	3	diff_low(b1[17],b3[55])	34290634817840057385896468309466450239420	0x64c5680a70123d3ad143a4659486581fbc	34290634817840057385748894356876773826492	34290634817840057386044042262056126652348	00000000000000000000000000000064C5680A70123D3AC943A4659486581FBC	00000000000000000000000000000064C5680A70123D3AD943A4659486581FBC	68
402	3	diff_low(b1[69],b4[66])	34290631258258664513305344091536958352870	0x64c5675aefd6703db534b8f9917b62ede6	34290631258258664513157770138947281939942	34290631258258664513452918044126634765798	00000000000000000000000000000064C5675AEFD6703DAD34B8F9917B62EDE6	00000000000000000000000000000064C5675AEFD6703DBD34B8F9917B62EDE6	68
403	3	diff_low(b2[11],b3[45])	34503292007055554437965682938418685818541	0x656564535ca6e5312b4ced046e9e5036ad	34503292007055554437818108985829009405613	34503292007055554438113256891008362231469	000000000000000000000000000000656564535CA6E531234CED046E9E5036AD	000000000000000000000000000000656564535CA6E531334CED046E9E5036AD	68
404	3	wavg2b(b1[67],b3[15])	34503446750946564045083047575508847427146	0x65658220d3259f5b9b0985cf6f4467fe4a	34503446750946564044935473622919171014218	34503446750946564045230621528098523840074	00000000000000000000000000000065658220D3259F5B930985CF6F4467FE4A	00000000000000000000000000000065658220D3259F5BA30985CF6F4467FE4A	68
405	3	avg(b2[6],b3[19])	34504103391589776279900650424915055882003	0x65660097b54326de4a8a235b014ae82f13	34504103391589776279753076472325379469075	34504103391589776280048224377504732294931	00000000000000000000000000000065660097B54326DE428A235B014AE82F13	00000000000000000000000000000065660097B54326DE528A235B014AE82F13	68
406	3	diff_low(b1[71],b4[38])	34504715910009045450698793427287874744713	0x6566768f329e09f4088fec9598d1c83189	34504715910009045450551219474698198331785	34504715910009045450846367379877551157641	0000000000000000000000000000006566768F329E09F4008FEC9598D1C83189	0000000000000000000000000000006566768F329E09F4108FEC9598D1C83189	68
407	3	wavg2a(b2[4],b4[11])	34504826155957612512729820460598893659615	0x65668bcabe1e2d252c7d7a69432d06c5df	34504826155957612512582246508009217246687	34504826155957612512877394413188570072543	00000000000000000000000000000065668BCABE1E2D25247D7A69432D06C5DF	00000000000000000000000000000065668BCABE1E2D25347D7A69432D06C5DF	68
408	3	wavg2a(b1[9],b3[0])	34505190625805960126275999253833091891002	0x6566d1fc7e598a6eebc04642f50d0fbf3a	34505190625805960126128425301243415478074	34505190625805960126423573206422768303930	0000000000000000000000000000006566D1FC7E598A6EE3C04642F50D0FBF3A	0000000000000000000000000000006566D1FC7E598A6EF3C04642F50D0FBF3A	68
409	3	wavg2a(b1[5],b4[6])	34288219380281369231046133912039828914561	0x64c396d82bed29f8db0dacffc31c7e8181	34288219380281369230898559959450152501633	34288219380281369231193707864629505327489	00000000000000000000000000000064C396D82BED29F8D30DACFFC31C7E8181	00000000000000000000000000000064C396D82BED29F8E30DACFFC31C7E8181	68
410	3	wavg2b(b2[11],b3[43])	34288134345527326421256783109210583974851	0x64c38677a270088b6dd1234ea4ec51c3c3	34288134345527326421109209156620907561923	34288134345527326421404357061800260387779	00000000000000000000000000000064C38677A270088B65D1234EA4EC51C3C3	00000000000000000000000000000064C38677A270088B75D1234EA4EC51C3C3	68
411	3	avg(b1[53],b2[23])	34288046912551850709120132238392527475569	0x64c375a0db238536135cf884bdfe44d371	34288046912551850708972558285802851062641	34288046912551850709267706190982203888497	00000000000000000000000000000064C375A0DB2385360B5CF884BDFE44D371	00000000000000000000000000000064C375A0DB2385361B5CF884BDFE44D371	68
412	3	wavg2a(b1[14],b1[34])	34506410891634216190634060418266403434787	0x6567bd003e71a8cff0b9765626cb53f123	34506410891634216190486486465676727021859	34506410891634216190781634370856079847715	0000000000000000000000000000006567BD003E71A8CFE8B9765626CB53F123	0000000000000000000000000000006567BD003E71A8CFF8B9765626CB53F123	68
413	3	wavg2b(b3[8],b3[45])	34287460742210657572620578189337753142943	0x64c304bc6d4884a7c5293c00087e61c69f	34287460742210657572473004236748076730015	34287460742210657572768152141927429555871	00000000000000000000000000000064C304BC6D4884A7BD293C00087E61C69F	00000000000000000000000000000064C304BC6D4884A7CD293C00087E61C69F	68
414	3	wavg2a(b4[0],b4[49])	34287436579503325046997176390948987249127	0x64c300151d0a5865b3ba0f84fb162ea1e7	34287436579503325046849602438359310836199	34287436579503325047144750343538663662055	00000000000000000000000000000064C300151D0A5865ABBA0F84FB162EA1E7	00000000000000000000000000000064C300151D0A5865BBBA0F84FB162EA1E7	68
415	3	wavg2a(b1[14],b4[58])	34507393602122481201096852185201596775669	0x65687a439c9c06260676636a0e22253cf5	34507393602122481200949278232611920362741	34507393602122481201244426137791273188597	00000000000000000000000000000065687A439C9C0625FE76636A0E22253CF5	00000000000000000000000000000065687A439C9C06260E76636A0E22253CF5	68
416	3	diff_low(b3[38],b4[0])	34286488599960602390563660466512408457575	0x64c249821d098354cd37e93193d4d1b167	34286488599960602390416086513922732044647	34286488599960602390711234419102084870503	00000000000000000000000000000064C249821D098354C537E93193D4D1B167	00000000000000000000000000000064C249821D098354D537E93193D4D1B167	68
417	3	avg(b1[10],b4[15])	34507440211184661066033495077416754302089	0x6568833d9dae629c82ba9698bfc8194c89	34507440211184661065885921124827077889161	34507440211184661066181069030006430715017	0000000000000000000000000000006568833D9DAE629C7ABA9698BFC8194C89	0000000000000000000000000000006568833D9DAE629C8ABA9698BFC8194C89	68
418	3	wavg2b(b2[3],b3[54])	34286339028140639542593253095215696164160	0x64c22cb3a741a9ca9fb006b706ce4fb540	34286339028140639542445679142626019751232	34286339028140639542740827047805372577088	00000000000000000000000000000064C22CB3A741A9CA97B006B706CE4FB540	00000000000000000000000000000064C22CB3A741A9CAA7B006B706CE4FB540	68
419	3	wavg2b(b2[38],b3[44])	34286045370181142359456616719090297587240	0x64c1f42532b767d6e062b58c4df1e3c628	34286045370181142359309042766500621174312	34286045370181142359604190671679974000168	00000000000000000000000000000064C1F42532B767D6D862B58C4DF1E3C628	00000000000000000000000000000064C1F42532B767D6E862B58C4DF1E3C628	68
420	3	avg(b1[2],b2[37])	34285279690723791794080386321153428243397	0x64c160ae49477154307d78f639c9cf43c5	34285279690723791793932812368563751830469	34285279690723791794227960273743104656325	00000000000000000000000000000064C160AE49477154287D78F639C9CF43C5	00000000000000000000000000000064C160AE49477154387D78F639C9CF43C5	68
421	3	avg(b1[56],b4[16])	34508700952340278767360057702997891334925	0x6569760cf43ac14606c8993b327fc9c30d	34508700952340278767212483750408214921997	34508700952340278767507631655587567747853	0000000000000000000000000000006569760CF43AC145FEC8993B327FC9C30D	0000000000000000000000000000006569760CF43AC1460EC8993B327FC9C30D	68
422	3	wavg2b(b4[3],b4[71])	34509035594461351860422754584944563733054	0x6569b680159d488f21edfbe7142cec423e	34509035594461351860275180632354887320126	34509035594461351860570328537534240145982	0000000000000000000000000000006569B680159D488F19EDFBE7142CEC423E	0000000000000000000000000000006569B680159D488F29EDFBE7142CEC423E	68
423	3	wavg2b(b1[42],b2[3])	34284731429756448988672027859974606919216	0x64c0f716eefdbbcaa557aa275089e59630	34284731429756448988524453907384930506288	34284731429756448988819601812564283332144	00000000000000000000000000000064C0F716EEFDBBCA9D57AA275089E59630	00000000000000000000000000000064C0F716EEFDBBCAAD57AA275089E59630	68
424	3	diff_low(b4[28],b4[72])	34284282781207062749827172559842739886595	0x64c0a0aeda2dad748b372412c3312e1a03	34284282781207062749679598607253063473667	34284282781207062749974746512432416299523	00000000000000000000000000000064C0A0AEDA2DAD7483372412C3312E1A03	00000000000000000000000000000064C0A0AEDA2DAD7493372412C3312E1A03	68
425	3	wavg2b(b1[18],b3[18])	34284176048365299825325955465721450229253	0x64c08c208451d879572780c9aeb0ae6e05	34284176048365299825178381513131773816325	34284176048365299825473529418311126642181	00000000000000000000000000000064C08C208451D8794F2780C9AEB0AE6E05	00000000000000000000000000000064C08C208451D8795F2780C9AEB0AE6E05	68
426	3	avg(b1[62],b3[41])	34510441410487248114691754739789229113289	0x656ac5402a75664925e2479f36b106bfc9	34510441410487248114544180787199552700361	34510441410487248114839328692378905526217	000000000000000000000000000000656AC5402A7566491DE2479F36B106BFC9	000000000000000000000000000000656AC5402A7566492DE2479F36B106BFC9	68
427	3	avg(b3[13],b4[41])	34510511812116078252887577814489087244923	0x656ad2cf3bf0e2baf794952d50b71a7a7b	34510511812116078252740003861899410831995	34510511812116078253035151767078763657851	000000000000000000000000000000656AD2CF3BF0E2BAEF94952D50B71A7A7B	000000000000000000000000000000656AD2CF3BF0E2BAFF94952D50B71A7A7B	68
428	3	avg(b3[38],b4[26])	34283056098366850570328226246634310638388	0x64bfb46eb801a674f3a1f3e07e68169b34	34283056098366850570180652294044634225460	34283056098366850570475800199223987051316	00000000000000000000000000000064BFB46EB801A674EBA1F3E07E68169B34	00000000000000000000000000000064BFB46EB801A674FBA1F3E07E68169B34	68
429	3	diff_low(b2[36],b4[16])	34510943779817513073959346245625692359836	0x656b2600e2da46b5816c19b01338a90c9c	34510943779817513073811772293036015946908	34510943779817513074106920198215368772764	000000000000000000000000000000656B2600E2DA46B5796C19B01338A90C9C	000000000000000000000000000000656B2600E2DA46B5896C19B01338A90C9C	68
430	3	wavg2a(b2[42],b4[73])	34282806278566593732894497513101522379527	0x64bf8451a6d37a218b6bd85a4b29102307	34282806278566593732746923560511845966599	34282806278566593733042071465691198792455	00000000000000000000000000000064BF8451A6D37A21836BD85A4B29102307	00000000000000000000000000000064BF8451A6D37A21936BD85A4B29102307	68
431	3	diff_low(b1[22],b2[27])	34282635214253634346623463414360925004327	0x64bf635f87a54e6c4e2834867cb15be227	34282635214253634346475889461771248591399	34282635214253634346771037366950601417255	00000000000000000000000000000064BF635F87A54E6C462834867CB15BE227	00000000000000000000000000000064BF635F87A54E6C562834867CB15BE227	68
432	3	wavg2a(b3[6],b3[21])	34511371984899323396914818259403965259237	0x656b787906d3f4e42abbd075a09100dde5	34511371984899323396767244306814288846309	34511371984899323397062392211993641672165	000000000000000000000000000000656B787906D3F4E422BBD075A09100DDE5	000000000000000000000000000000656B787906D3F4E432BBD075A09100DDE5	68
433	3	avg(b1[18],b3[10])	34511411463337256177276897016144807146066	0x656b801376c4bcc3e57ebe2663e9753252	34511411463337256177129323063555130733138	34511411463337256177424470968734483558994	000000000000000000000000000000656B801376C4BCC3DD7EBE2663E9753252	000000000000000000000000000000656B801376C4BCC3ED7EBE2663E9753252	68
434	3	avg(b3[57],b4[41])	34511425683058007212475161682706629077206	0x656b82d08ce085f0840778da9350ff28d6	34511425683058007212327587730116952664278	34511425683058007212622735635296305490134	000000000000000000000000000000656B82D08CE085F07C0778DA9350FF28D6	000000000000000000000000000000656B82D08CE085F08C0778DA9350FF28D6	68
435	3	avg(b1[33],b2[20])	34282433978549692530178454556035108425507	0x64bf3c9dd7f8f84aa743bf4346c1edcf23	34282433978549692530030880603445432012579	34282433978549692530326028508624784838435	00000000000000000000000000000064BF3C9DD7F8F84A9F43BF4346C1EDCF23	00000000000000000000000000000064BF3C9DD7F8F84AAF43BF4346C1EDCF23	68
436	3	diff_low(b2[6],b2[18])	34281805108314086375383737956155007583575	0x64bec38025ade739c49fe18034c0064557	34281805108314086375236164003565331170647	34281805108314086375531311908744683996503	00000000000000000000000000000064BEC38025ADE739BC9FE18034C0064557	00000000000000000000000000000064BEC38025ADE739CC9FE18034C0064557	68
437	3	avg(b2[12],b2[16])	34281265146840598454565844919170416373746	0x64be5b81fdbb2c73afd1dca65d5e09eff2	34281265146840598454418270966580739960818	34281265146840598454713418871760092786674	00000000000000000000000000000064BE5B81FDBB2C73A7D1DCA65D5E09EFF2	00000000000000000000000000000064BE5B81FDBB2C73B7D1DCA65D5E09EFF2	68
438	3	wavg2a(b3[26],b4[17])	34512687014456934021169268110887003298875	0x656c75bcfd57e2959e227c6a5f4e631c3b	34512687014456934021021694158297326885947	34512687014456934021316842063476679711803	000000000000000000000000000000656C75BCFD57E29596227C6A5F4E631C3B	000000000000000000000000000000656C75BCFD57E295A6227C6A5F4E631C3B	68
439	3	wavg2b(b2[11],b2[13])	34281175444418991169478837015156839340673	0x64be4a3b51feb7d90e87c42aee4a5eda81	34281175444418991169331263062567162927745	34281175444418991169626410967746515753601	00000000000000000000000000000064BE4A3B51FEB7D90687C42AEE4A5EDA81	00000000000000000000000000000064BE4A3B51FEB7D91687C42AEE4A5EDA81	68
440	3	wavg2b(b1[39],b4[52])	34513371984578694009716133394395583687331	0x656cf9a89fbf8488a1f579c196411b2aa3	34513371984578694009568559441805907274403	34513371984578694009863707346985260100259	000000000000000000000000000000656CF9A89FBF848899F579C196411B2AA3	000000000000000000000000000000656CF9A89FBF8488A9F579C196411B2AA3	68
441	3	avg(b1[13],b2[37])	34280533824006725624055505221918703294920	0x64bdcea8fdd8eb8203568ae646868919c8	34280533824006725623907931269329026881992	34280533824006725624203079174508379707848	00000000000000000000000000000064BDCEA8FDD8EB81FB568AE646868919C8	00000000000000000000000000000064BDCEA8FDD8EB820B568AE646868919C8	68
442	3	wavg2b(b1[62],b4[41])	34279715171482640274430658456173599981564	0x64bd30fe4e4ed68190fd07fa8838cefffc	34279715171482640274283084503583923568636	34279715171482640274578232408763276394492	00000000000000000000000000000064BD30FE4E4ED68188FD07FA8838CEFFFC	00000000000000000000000000000064BD30FE4E4ED68198FD07FA8838CEFFFC	68
443	3	wavg2a(b1[44],b3[12])	34514482631277439799670545728398323251577	0x656dcf8fbbe91b130205f1359609fe7979	34514482631277439799522971775808646838649	34514482631277439799818119680987999664505	000000000000000000000000000000656DCF8FBBE91B12FA05F1359609FE7979	000000000000000000000000000000656DCF8FBBE91B130A05F1359609FE7979	68
444	3	avg(b1[44],b2[17])	34279407625871467131642732363467157109629	0x64bcf5c322f5d84f83284c8d6e72077b7d	34279407625871467131495158410877480696701	34279407625871467131790306316056833522557	00000000000000000000000000000064BCF5C322F5D84F7B284C8D6E72077B7D	00000000000000000000000000000064BCF5C322F5D84F8B284C8D6E72077B7D	68
445	3	wavg2a(b1[44],b3[56])	34514543556006901730309717986279492707062	0x656ddb4b8e1b370582da66c9ab8bb862f6	34514543556006901730162144033689816294134	34514543556006901730457291938869169119990	000000000000000000000000000000656DDB4B8E1B37057ADA66C9AB8BB862F6	000000000000000000000000000000656DDB4B8E1B37058ADA66C9AB8BB862F6	68
446	3	wavg2a(b4[48],b4[69])	34279185384164574688072060337614797051331	0x64bccaf5c6414e304df74de7e8b0b295c3	34279185384164574687924486385025120638403	34279185384164574688219634290204473464259	00000000000000000000000000000064BCCAF5C6414E3045F74DE7E8B0B295C3	00000000000000000000000000000064BCCAF5C6414E3055F74DE7E8B0B295C3	68
447	3	diff_low(b1[40],b3[27])	34515895988740211131755311852289467284645	0x656edfc3a311fea8610e423a3832e2fca5	34515895988740211131607737899699790871717	34515895988740211131902885804879143697573	000000000000000000000000000000656EDFC3A311FEA8590E423A3832E2FCA5	000000000000000000000000000000656EDFC3A311FEA8690E423A3832E2FCA5	68
448	3	wavg2a(b4[6],b4[34])	34516853201719726227387094323628779745333	0x656f981de16e31a9cbe2def6561563b035	34516853201719726227239520371039103332405	34516853201719726227534668276218456158261	000000000000000000000000000000656F981DE16E31A9C3E2DEF6561563B035	000000000000000000000000000000656F981DE16E31A9D3E2DEF6561563B035	68
449	3	wavg2a(b1[33],b4[75])	34516977659680539403024351244636880808449	0x656fb01621be9834e4157aa4ff04caaa01	34516977659680539402876777292047204395521	34516977659680539403171925197226557221377	000000000000000000000000000000656FB01621BE9834DC157AA4FF04CAAA01	000000000000000000000000000000656FB01621BE9834EC157AA4FF04CAAA01	68
450	3	avg(b3[19],b4[27])	34276899018269564772703657780436518285083	0x64bb129f3b8a9b8918c7514c3b6cfbaf1b	34276899018269564772556083827846841872155	34276899018269564772851231733026194698011	00000000000000000000000000000064BB129F3B8A9B8910C7514C3B6CFBAF1B	00000000000000000000000000000064BB129F3B8A9B8920C7514C3B6CFBAF1B	68
451	3	avg(b4[19],b4[53])	34517033188872636322965186030400859306955	0x656fbac7eeaf3582f740454a3535d87bcb	34517033188872636322817612077811182894027	34517033188872636323112759982990535719883	000000000000000000000000000000656FBAC7EEAF3582EF40454A3535D87BCB	000000000000000000000000000000656FBAC7EEAF3582FF40454A3535D87BCB	68
452	3	wavg2a(b2[12],b4[4])	34517281612194014291114822675585595299872	0x656feaa025d2c3659d7e006c7455335820	34517281612194014290967248722995918886944	34517281612194014291262396628175271712800	000000000000000000000000000000656FEAA025D2C365957E006C7455335820	000000000000000000000000000000656FEAA025D2C365A57E006C7455335820	68
453	3	diff_low(b2[22],b2[33])	34517309772186185464364806811820182958546	0x656ff00c8ae4d90957375e72edd3c771d2	34517309772186185464217232859230506545618	34517309772186185464512380764409859371474	000000000000000000000000000000656FF00C8AE4D9094F375E72EDD3C771D2	000000000000000000000000000000656FF00C8AE4D9095F375E72EDD3C771D2	68
454	3	diff_low(b1[39],b4[20])	34276247907623639931107086446155512942525	0x64ba9538ffce03a0a71bfec935d5380fbd	34276247907623639930959512493565836529597	34276247907623639931254660398745189355453	00000000000000000000000000000064BA9538FFCE03A09F1BFEC935D5380FBD	00000000000000000000000000000064BA9538FFCE03A0AF1BFEC935D5380FBD	68
455	3	avg(b2[28],b3[2])	34518193622624310031698675063691785084218	0x65709a45bbcd162d900c7a44ee2fa51d3a	34518193622624310031551101111102108671290	34518193622624310031846249016281461497146	00000000000000000000000000000065709A45BBCD162D880C7A44EE2FA51D3A	00000000000000000000000000000065709A45BBCD162D980C7A44EE2FA51D3A	68
456	3	wavg2b(b2[7],b4[62])	34518229653077739238157149089135447390590	0x6570a1362c0f104ff3d1c4100aca4a397e	34518229653077739238009575136545770977662	34518229653077739238304723041725123803518	0000000000000000000000000000006570A1362C0F104FEBD1C4100ACA4A397E	0000000000000000000000000000006570A1362C0F104FFBD1C4100ACA4A397E	68
457	3	wavg2b(b1[10],b3[20])	34275633378477583981229904165555056190061	0x64ba1ede5f827960bf544cf92d6dd8a26d	34275633378477583981082330212965379777133	34275633378477583981377478118144732602989	00000000000000000000000000000064BA1EDE5F827960B7544CF92D6DD8A26D	00000000000000000000000000000064BA1EDE5F827960C7544CF92D6DD8A26D	68
458	3	wavg2b(b2[1],b4[40])	34275554389238988469983649359155039760278	0x64ba0fa7e7274ad87deb1fe58eefe6ef96	34275554389238988469836075406565363347350	34275554389238988470131223311744716173206	00000000000000000000000000000064BA0FA7E7274AD875EB1FE58EEFE6EF96	00000000000000000000000000000064BA0FA7E7274AD885EB1FE58EEFE6EF96	68
459	3	avg(b1[9],b1[68])	34274336810677508429239767850315757139838	0x64b92528a5226e59eef15283261bdc377e	34274336810677508429092193897726080726910	34274336810677508429387341802905433552766	00000000000000000000000000000064B92528A5226E59E6F15283261BDC377E	00000000000000000000000000000064B92528A5226E59F6F15283261BDC377E	68
460	3	avg(b1[24],b1[53])	34519872788203020958866455283332852239752	0x6571ddaafd0e5e3dee8400ec6455d84d88	34519872788203020958718881330743175826824	34519872788203020959014029235922528652680	0000000000000000000000000000006571DDAAFD0E5E3DE68400EC6455D84D88	0000000000000000000000000000006571DDAAFD0E5E3DF68400EC6455D84D88	68
461	3	diff_low(b2[22],b4[32])	34521050104766014646019540406140869837999	0x6572c0692d35c02f6cc6e98815cf2884af	34521050104766014645871966453551193425071	34521050104766014646167114358730546250927	0000000000000000000000000000006572C0692D35C02F64C6E98815CF2884AF	0000000000000000000000000000006572C0692D35C02F74C6E98815CF2884AF	68
462	3	wavg2a(b4[47],b4[61])	34521129961476501360543560457874483288363	0x6572cfca6a99c90e395528ba087b41992b	34521129961476501360395986505284806875435	34521129961476501360691134410464159701291	0000000000000000000000000000006572CFCA6A99C90E315528BA087B41992B	0000000000000000000000000000006572CFCA6A99C90E415528BA087B41992B	68
463	3	wavg2b(b1[43],b4[46])	34521193510045520646612193929160731351446	0x6572dc079a4ec14c06359cdd8093cb5996	34521193510045520646464619976571054938518	34521193510045520646759767881750407764374	0000000000000000000000000000006572DC079A4EC14BFE359CDD8093CB5996	0000000000000000000000000000006572DC079A4EC14C0E359CDD8093CB5996	68
464	3	avg(b2[26],b4[50])	34272728632699302989095145875559985094208	0x64b7ef6f595d3c15f2a32706841a8e9e40	34272728632699302988947571922970308681280	34272728632699302989242719828149661507136	00000000000000000000000000000064B7EF6F595D3C15EAA32706841A8E9E40	00000000000000000000000000000064B7EF6F595D3C15FAA32706841A8E9E40	68
465	3	wavg2a(b2[9],b4[7])	34521297443412624399631875951781948247805	0x6572f00be9d41ae0ca67089a7d56414efd	34521297443412624399484301999192271834877	34521297443412624399779449904371624660733	0000000000000000000000000000006572F00BE9D41AE0C267089A7D56414EFD	0000000000000000000000000000006572F00BE9D41AE0D267089A7D56414EFD	68
466	3	wavg2a(b1[69],b4[62])	34272382422857201467982138606065928935719	0x64b7acc1e2d02ea99a3441fc1e53e09927	34272382422857201467834564653476252522791	34272382422857201468129712558655605348647	00000000000000000000000000000064B7ACC1E2D02EA9923441FC1E53E09927	00000000000000000000000000000064B7ACC1E2D02EA9A23441FC1E53E09927	68
467	3	avg(b1[28],b2[3])	34521594691152472509282165666085821272109	0x6573294b5bc44270c0d589f018c4fcd02d	34521594691152472509134591713496144859181	34521594691152472509429739618675497685037	0000000000000000000000000000006573294B5BC44270B8D589F018C4FCD02D	0000000000000000000000000000006573294B5BC44270C8D589F018C4FCD02D	68
468	3	avg(b1[67],b3[28])	34521856491204248110172710528892970410122	0x65735bb718fadc98aa3d255f033417208a	34521856491204248110025136576303293997194	34521856491204248110320284481482646823050	00000000000000000000000000000065735BB718FADC98A23D255F033417208A	00000000000000000000000000000065735BB718FADC98B23D255F033417208A	68
469	3	wavg2a(b3[6],b4[73])	34271767088030052517720577510914541608563	0x64b7363f8964a061e6ccc696d33989de73	34271767088030052517573003558324865195635	34271767088030052517868151463504218021491	00000000000000000000000000000064B7363F8964A061DECCC696D33989DE73	00000000000000000000000000000064B7363F8964A061EECCC696D33989DE73	68
470	3	wavg2a(b2[42],b3[21])	34522411175435864612088738261590946030201	0x6573c68b2442cea3cf5ae2391880872279	34522411175435864611941164309001269617273	34522411175435864612236312214180622443129	0000000000000000000000000000006573C68B2442CEA3C75AE2391880872279	0000000000000000000000000000006573C68B2442CEA3D75AE2391880872279	68
471	3	wavg2b(b3[45],b4[35])	34522689655590964732549142385695262250610	0x6573fc2d45fa0e383ce40c5b2c52281672	34522689655590964732401568433105585837682	34522689655590964732696716338284938663538	0000000000000000000000000000006573FC2D45FA0E3834E40C5B2C52281672	0000000000000000000000000000006573FC2D45FA0E3844E40C5B2C52281672	68
472	3	diff_low(b1[12],b3[53])	34270516945637416644402789863596680179654	0x64b6457ac20a7955463f9f4c13aaaa6fc6	34270516945637416644255215911007003766726	34270516945637416644550363816186356592582	00000000000000000000000000000064B6457AC20A79553E3F9F4C13AAAA6FC6	00000000000000000000000000000064B6457AC20A79554E3F9F4C13AAAA6FC6	68
473	3	wavg2b(b1[53],b4[2])	34523984006830994962758284071082773563820	0x6574f575b76e51324b1f0b9f661505c9ac	34523984006830994962610710118493097150892	34523984006830994962905858023672449976748	0000000000000000000000000000006574F575B76E5132431F0B9F661505C9AC	0000000000000000000000000000006574F575B76E5132531F0B9F661505C9AC	68
474	3	wavg2a(b2[12],b4[25])	34269855713712678031899661129887657949996	0x64b5c62181ce386e1c45af295bf7cafb2c	34269855713712678031752087177297981537068	34269855713712678032047235082477334362924	00000000000000000000000000000064B5C62181CE386E1445AF295BF7CAFB2C	00000000000000000000000000000064B5C62181CE386E2445AF295BF7CAFB2C	68
475	3	avg(b4[2],b4[41])	34269249147410465137581615446823168302913	0x64b5514f7abacdf17b82288e78c3aadf41	34269249147410465137434041494233491889985	34269249147410465137729189399412844715841	00000000000000000000000000000064B5514F7ABACDF17382288E78C3AADF41	00000000000000000000000000000064B5514F7ABACDF18382288E78C3AADF41	68
476	3	wavg2a(b2[10],b3[16])	34525145558543341992427259748914668069011	0x6575d52aa331f46e3fb291bc72ea616093	34525145558543341992279685796324991656083	34525145558543341992574833701504344481939	0000000000000000000000000000006575D52AA331F46E37B291BC72EA616093	0000000000000000000000000000006575D52AA331F46E47B291BC72EA616093	68
477	3	avg(b2[46],b4[22])	34267935020483915148596268883427272863269	0x64b45438050521e552ccaff77704e6ae25	34267935020483915148448694930837596450341	34267935020483915148743842836016949276197	00000000000000000000000000000064B45438050521E54ACCAFF77704E6AE25	00000000000000000000000000000064B45438050521E55ACCAFF77704E6AE25	68
478	3	diff_low(b1[24],b4[36])	34267478429349328106512683605270194233493	0x64b3fc4856b027e78846f07703d6c32095	34267478429349328106365109652680517820565	34267478429349328106660257557859870646421	00000000000000000000000000000064B3FC4856B027E78046F07703D6C32095	00000000000000000000000000000064B3FC4856B027E79046F07703D6C32095	68
479	3	diff_low(b1[66],b3[10])	34267391879245094499467129255360170998686	0x64b3eb9d16ca7b6bc39973874ee79abb9e	34267391879245094499319555302770494585758	34267391879245094499614703207949847411614	00000000000000000000000000000064B3EB9D16CA7B6BBB9973874EE79ABB9E	00000000000000000000000000000064B3EB9D16CA7B6BCB9973874EE79ABB9E	68
480	3	diff_low(b2[39],b4[75])	34526675347766344802293382528590975975814	0x6576fbcb11c674ea49303d728d5c41c186	34526675347766344802145808576001299562886	34526675347766344802440956481180652388742	0000000000000000000000000000006576FBCB11C674EA41303D728D5C41C186	0000000000000000000000000000006576FBCB11C674EA51303D728D5C41C186	68
481	3	diff_low(b3[3],b4[75])	34526691906552149614116143408594256446970	0x6576fefb7b090e12e4b309e3de9074c5fa	34526691906552149613968569456004580034042	34526691906552149614263717361183932859898	0000000000000000000000000000006576FEFB7B090E12DCB309E3DE9074C5FA	0000000000000000000000000000006576FEFB7B090E12ECB309E3DE9074C5FA	68
482	3	diff_low(b1[31],b3[49])	34526693146768075079610991922029355979928	0x6576ff38a0c2d6ff95327c2dd9c74dd498	34526693146768075079463417969439679567000	34526693146768075079758565874619032392856	0000000000000000000000000000006576FF38A0C2D6FF8D327C2DD9C74DD498	0000000000000000000000000000006576FF38A0C2D6FF9D327C2DD9C74DD498	68
483	3	diff_low(b1[68],b3[26])	34266840100759413529703891256494637129561	0x64b381584f2e08411eb6296a2a97d71f59	34266840100759413529556317303904960716633	34266840100759413529851465209084313542489	00000000000000000000000000000064B381584F2E084116B6296A2A97D71F59	00000000000000000000000000000064B381584F2E084126B6296A2A97D71F59	68
484	3	wavg2b(b1[45],b4[17])	34266722315796455851020625302310215897830	0x64b36aa90ff09762d3ffc1b0bac65652e6	34266722315796455850873051349720539484902	34266722315796455851168199254899892310758	00000000000000000000000000000064B36AA90FF09762CBFFC1B0BAC65652E6	00000000000000000000000000000064B36AA90FF09762DBFFC1B0BAC65652E6	68
485	3	avg(b1[45],b2[15])	34266540842880469125518507091201322383925	0x64b347b5c1b827b3cb1a46a7c92903fa35	34266540842880469125370933138611645970997	34266540842880469125666081043790998796853	00000000000000000000000000000064B347B5C1B827B3C31A46A7C92903FA35	00000000000000000000000000000064B347B5C1B827B3D31A46A7C92903FA35	68
486	3	wavg2b(b2[28],b3[15])	34266106906155130708372457862426402044368	0x64b2f423063b6503f7a6d4e6151b8139d0	34266106906155130708224883909836725631440	34266106906155130708520031815016078457296	00000000000000000000000000000064B2F423063B6503EFA6D4E6151B8139D0	00000000000000000000000000000064B2F423063B6503FFA6D4E6151B8139D0	68
487	3	avg(b2[36],b3[44])	34266074938504538545083585938999555787652	0x64b2edfae5c1664f07a5cbcf083a9e0b84	34266074938504538544936011986409879374724	34266074938504538545231159891589232200580	00000000000000000000000000000064B2EDFAE5C1664EFFA5CBCF083A9E0B84	00000000000000000000000000000064B2EDFAE5C1664F0FA5CBCF083A9E0B84	68
488	3	diff_low(b1[18],b3[44])	34265447452746498697802903485099195422728	0x64b2752176069e9b5f8b4fd5d4f84ed808	34265447452746498697655329532509519009800	34265447452746498697950477437688871835656	00000000000000000000000000000064B2752176069E9B578B4FD5D4F84ED808	00000000000000000000000000000064B2752176069E9B678B4FD5D4F84ED808	68
489	3	diff_low(b1[73],b4[49])	34528813104977717111840393369770369812063	0x65789782a3329d83b303290feaf0c5065f	34528813104977717111692819417180693399135	34528813104977717111987967322360046224991	00000000000000000000000000000065789782A3329D83AB03290FEAF0C5065F	00000000000000000000000000000065789782A3329D83BB03290FEAF0C5065F	68
490	3	wavg2a(b4[23],b4[24])	34528925864418627936928709540380666145951	0x6578ad3a1b6e894486647a371a6de6ac9f	34528925864418627936781135587790989733023	34528925864418627937076283492970342558879	0000000000000000000000000000006578AD3A1B6E89447E647A371A6DE6AC9F	0000000000000000000000000000006578AD3A1B6E89448E647A371A6DE6AC9F	68
491	3	diff_low(b4[14],b4[31])	34264677793149075389251115206216549718728	0x64b1e0e6502878ad896b4e69e56888dac8	34264677793149075389103541253626873305800	34264677793149075389398689158806226131656	00000000000000000000000000000064B1E0E6502878AD816B4E69E56888DAC8	00000000000000000000000000000064B1E0E6502878AD916B4E69E56888DAC8	68
492	3	wavg2b(b1[0],b4[20])	34264098691356652893635499478401855232551	0x64b1715e63ee5e14e89d8fac5700bb9a27	34264098691356652893487925525812178819623	34264098691356652893783073430991531645479	00000000000000000000000000000064B1715E63EE5E14E09D8FAC5700BB9A27	00000000000000000000000000000064B1715E63EE5E14F09D8FAC5700BB9A27	68
493	3	wavg2a(b4[6],b4[16])	34264020681721528927703442581770292731386	0x64b1625837e8b7338bc9dfb0b1fb589dfa	34264020681721528927555868629180616318458	34264020681721528927851016534359969144314	00000000000000000000000000000064B1625837E8B73383C9DFB0B1FB589DFA	00000000000000000000000000000064B1625837E8B73393C9DFB0B1FB589DFA	68
494	3	diff_low(b4[34],b4[43])	34530111569238976800932520778196494199467	0x65799195de473c84c54f96f31b8cde2aab	34530111569238976800784946825606817786539	34530111569238976801080094730786170612395	00000000000000000000000000000065799195DE473C84BD4F96F31B8CDE2AAB	00000000000000000000000000000065799195DE473C84CD4F96F31B8CDE2AAB	68
495	3	diff_low(b1[1],b3[51])	34530173495569882346456855867004115120365	0x65799d831276282117f06d5fda9ba270ed	34530173495569882346309281914414438707437	34530173495569882346604429819593791533293	00000000000000000000000000000065799D83127628210FF06D5FDA9BA270ED	00000000000000000000000000000065799D83127628211FF06D5FDA9BA270ED	68
496	3	wavg2a(b4[13],b4[15])	34263378162682920318089167079722736442656	0x64b0e699958099f2ff9841f00c47645d20	34263378162682920317941593127133060029728	34263378162682920318236741032312412855584	00000000000000000000000000000064B0E699958099F2F79841F00C47645D20	00000000000000000000000000000064B0E699958099F3079841F00C47645D20	68
497	3	diff_low(b3[15],b3[23])	34263347262113301067579703605889153245083	0x64b0e0a6117b300f62a5e0c1f51ce61f9b	34263347262113301067432129653299476832155	34263347262113301067727277558478829658011	00000000000000000000000000000064B0E0A6117B300F5AA5E0C1F51CE61F9B	00000000000000000000000000000064B0E0A6117B300F6AA5E0C1F51CE61F9B	68
498	3	wavg2b(b2[38],b3[42])	34531941403688212841640536009796325736077	0x657af1ffac09ea38040e7dd96a4bbffe8d	34531941403688212841492962057206649323149	34531941403688212841788109962386002149005	000000000000000000000000000000657AF1FFAC09EA37FC0E7DD96A4BBFFE8D	000000000000000000000000000000657AF1FFAC09EA380C0E7DD96A4BBFFE8D	68
499	3	diff_low(b4[19],b4[66])	34532343912615215161381857567601856879754	0x657b3f84e4f1660f3f1ffba90f69041c8a	34532343912615215161234283615012180466826	34532343912615215161529431520191533292682	000000000000000000000000000000657B3F84E4F1660F371FFBA90F69041C8A	000000000000000000000000000000657B3F84E4F1660F471FFBA90F69041C8A	68
500	3	avg(b1[45],b4[64])	34261183853060659825034408584169808089229	0x64af3ffdc44d9983050c0feba2fe2a508d	34261183853060659824886834631580131676301	34261183853060659825181982536759484502157	00000000000000000000000000000064AF3FFDC44D9982FD0C0FEBA2FE2A508D	00000000000000000000000000000064AF3FFDC44D99830D0C0FEBA2FE2A508D	68
501	3	avg(b1[52],b3[35])	34532799499764777895667118921214856611268	0x657b97431333cca6624d26ac243bb545c4	34532799499764777895519544968625180198340	34532799499764777895814692873804533024196	000000000000000000000000000000657B97431333CCA65A4D26AC243BB545C4	000000000000000000000000000000657B97431333CCA66A4D26AC243BB545C4	68
502	3	avg(b1[52],b3[52])	34260056130088644641452321699472655067338	0x64ae66ccbb453bdf110d0cf8ba873928ca	34260056130088644641304747746882978654410	34260056130088644641599895652062331480266	00000000000000000000000000000064AE66CCBB453BDF090D0CF8BA873928CA	00000000000000000000000000000064AE66CCBB453BDF190D0CF8BA873928CA	68
503	3	wavg2b(b1[12],b1[54])	34534079208509965106842373196943012068674	0x657c8db996638212dcf1c1df1a5da6fd42	34534079208509965106694799244353335655746	34534079208509965106989947149532688481602	000000000000000000000000000000657C8DB996638212D4F1C1DF1A5DA6FD42	000000000000000000000000000000657C8DB996638212E4F1C1DF1A5DA6FD42	68
504	3	wavg2b(b3[43],b3[54])	34259596339884296534172244997072894669885	0x64ae0e3f53005d527c0c1fd2bb0dd5b43d	34259596339884296534024671044483218256957	34259596339884296534319818949662571082813	00000000000000000000000000000064AE0E3F53005D52740C1FD2BB0DD5B43D	00000000000000000000000000000064AE0E3F53005D52840C1FD2BB0DD5B43D	68
505	3	wavg2a(b2[4],b4[42])	34259051748938623557200892226649367207741	0x64ada55ceae63cb76c671df25f15eb5f3d	34259051748938623557053318274059690794813	34259051748938623557348466179239043620669	00000000000000000000000000000064ADA55CEAE63CB764671DF25F15EB5F3D	00000000000000000000000000000064ADA55CEAE63CB774671DF25F15EB5F3D	68
506	3	diff_low(b1[55],b2[26])	34258800858175128771404690104967396303230	0x64ad750b0c433533e9f3563b2efd13a17e	34258800858175128771257116152377719890302	34258800858175128771552264057557072716158	00000000000000000000000000000064AD750B0C433533E1F3563B2EFD13A17E	00000000000000000000000000000064AD750B0C433533F1F3563B2EFD13A17E	68
507	3	wavg2a(b4[17],b4[23])	34258749576855863064515381949816645575606	0x64ad6b2aaf03fa77cdd4c38925a45b63b6	34258749576855863064367807997226969162678	34258749576855863064662955902406321988534	00000000000000000000000000000064AD6B2AAF03FA77C5D4C38925A45B63B6	00000000000000000000000000000064AD6B2AAF03FA77D5D4C38925A45B63B6	68
508	3	diff_low(b3[2],b4[59])	34258689124272405148107668185037550934236	0x64ad5f862423e355edf93235633fc058dc	34258689124272405147960094232447874521308	34258689124272405148255242137627227347164	00000000000000000000000000000064AD5F862423E355E5F93235633FC058DC	00000000000000000000000000000064AD5F862423E355F5F93235633FC058DC	68
509	3	avg(b1[19],b3[29])	34536606520344199868960892497520282113682	0x657e7477ae68f4e6705dd208ec8fd51692	34536606520344199868813318544930605700754	34536606520344199869108466450109958526610	000000000000000000000000000000657E7477AE68F4E6685DD208EC8FD51692	000000000000000000000000000000657E7477AE68F4E6785DD208EC8FD51692	68
510	3	diff_low(b1[11],b2[20])	34536751572760715862125754427242286944476	0x657e9067514caee5730a23da4f2ef810dc	34536751572760715861978180474652610531548	34536751572760715862273328379831963357404	000000000000000000000000000000657E9067514CAEE56B0A23DA4F2EF810DC	000000000000000000000000000000657E9067514CAEE57B0A23DA4F2EF810DC	68
511	3	avg(b2[4],b3[16])	34536964917461035970292655913507716036210	0x657eb97e05fe86a01f6e119ceeb21b7672	34536964917461035970145081960918039623282	34536964917461035970440229866097392449138	000000000000000000000000000000657EB97E05FE86A0176E119CEEB21B7672	000000000000000000000000000000657EB97E05FE86A0276E119CEEB21B7672	68
512	3	avg(b1[20],b1[26])	34256806123331326902991481250287139246842	0x64abf4df06e8dc4e27d2218a9d3ed952fa	34256806123331326902843907297697462833914	34256806123331326903139055202876815659770	00000000000000000000000000000064ABF4DF06E8DC4E1FD2218A9D3ED952FA	00000000000000000000000000000064ABF4DF06E8DC4E2FD2218A9D3ED952FA	68
513	3	avg(b1[55],b3[6])	34537280958181849169728885980166750547913	0x657ef65c08b3309693bedb3f06f2352fc9	34537280958181849169581312027577074134985	34537280958181849169876459932756426960841	000000000000000000000000000000657EF65C08B330968BBEDB3F06F2352FC9	000000000000000000000000000000657EF65C08B330969BBEDB3F06F2352FC9	68
514	3	wavg2b(b2[13],b3[54])	34256116889330128908283271950046022352796	0x64ab70212ac7b4f94c677040dfbcdc3f9c	34256116889330128908135697997456345939868	34256116889330128908430845902635698765724	00000000000000000000000000000064AB70212AC7B4F944677040DFBCDC3F9C	00000000000000000000000000000064AB70212AC7B4F954677040DFBCDC3F9C	68
515	3	avg(b3[38],b4[44])	34256015593621626698205531455833683482620	0x64ab5c9ee730f51f6cf7f266a899d757fc	34256015593621626698057957503244007069692	34256015593621626698353105408423359895548	00000000000000000000000000000064AB5C9EE730F51F64F7F266A899D757FC	00000000000000000000000000000064AB5C9EE730F51F74F7F266A899D757FC	68
516	3	wavg2a(b2[0],b3[54])	34538056515151313533917489353458571423694	0x657f8bb9f1de1fe4079d5c466549162fce	34538056515151313533769915400868895010766	34538056515151313534065063306048247836622	000000000000000000000000000000657F8BB9F1DE1FE3FF9D5C466549162FCE	000000000000000000000000000000657F8BB9F1DE1FE40F9D5C466549162FCE	68
517	3	avg(b1[67],b2[6])	34255081109325981806986126137113570410130	0x64aaa8a545273865a37a230ebab7437e92	34255081109325981806838552184523893997202	34255081109325981807133700089703246823058	00000000000000000000000000000064AAA8A5452738659B7A230EBAB7437E92	00000000000000000000000000000064AAA8A545273865AB7A230EBAB7437E92	68
518	3	avg(b1[75],b2[20])	34538893305702251923683893042385003240015	0x65802ce2e77dd7b188e6c011a3dd285a4f	34538893305702251923536319089795326827087	34538893305702251923831466994974679652943	00000000000000000000000000000065802CE2E77DD7B180E6C011A3DD285A4F	00000000000000000000000000000065802CE2E77DD7B190E6C011A3DD285A4F	68
519	3	wavg2a(b1[20],b2[44])	34538958629783993298740796088282240069782	0x65803977a151d4fcf86a82d25a85153096	34538958629783993298593222135692563656854	34538958629783993298888370040871916482710	00000000000000000000000000000065803977A151D4FCF06A82D25A85153096	00000000000000000000000000000065803977A151D4FD006A82D25A85153096	68
520	3	avg(b1[1],b4[30])	34539014673943241054948979568192649816233	0x65804442d20f0d910b28a478370939e8a9	34539014673943241054801405615602973403305	34539014673943241055096553520782326229161	00000000000000000000000000000065804442D20F0D910328A478370939E8A9	00000000000000000000000000000065804442D20F0D911328A478370939E8A9	68
521	3	avg(b2[15],b4[23])	34254581734469579945760642062460966900588	0x64aa487830553c5341d9c96c69760b936c	34254581734469579945613068109871290487660	34254581734469579945908216015050643313516	00000000000000000000000000000064AA487830553C5339D9C96C69760B936C	00000000000000000000000000000064AA487830553C5349D9C96C69760B936C	68
522	3	wavg2a(b1[10],b1[44])	34540200769017775047694099345315907974479	0x658128b1d29b08b94527c4db0d9043354f	34540200769017775047546525392726231561551	34540200769017775047841673297905584387407	000000000000000000000000000000658128B1D29B08B93D27C4DB0D9043354F	000000000000000000000000000000658128B1D29B08B94D27C4DB0D9043354F	68
523	3	diff_low(b1[64],b3[53])	34540809457912722048167016698736550801724	0x65819dec8091793585e8685366568af13c	34540809457912722048019442746146874388796	34540809457912722048314590651326227214652	00000000000000000000000000000065819DEC809179357DE8685366568AF13C	00000000000000000000000000000065819DEC809179358DE8685366568AF13C	68
524	3	wavg2b(b2[18],b3[39])	34541641558679081819562695929602986822120	0x65823e2e3cc9f0874e84eb99e2e31d49e8	34541641558679081819415121977013310409192	34541641558679081819710269882192663235048	00000000000000000000000000000065823E2E3CC9F0874684EB99E2E31D49E8	00000000000000000000000000000065823E2E3CC9F0875684EB99E2E31D49E8	68
525	3	avg(b4[39],b4[65])	34252251002899897364286988288796261202905	0x64a887964014299b970eb8df6072ddbbd9	34252251002899897364139414336206584789977	34252251002899897364434562241385937615833	00000000000000000000000000000064A887964014299B8F0EB8DF6072DDBBD9	00000000000000000000000000000064A887964014299B9F0EB8DF6072DDBBD9	68
526	3	wavg2b(b3[31],b3[51])	34541797738270857083122489257563159869864	0x65825c427c6009790d1acacee9745939a8	34541797738270857082974915304973483456936	34541797738270857083270063210152836282792	00000000000000000000000000000065825C427C600979051ACACEE9745939A8	00000000000000000000000000000065825C427C600979151ACACEE9745939A8	68
527	3	wavg2b(b4[13],b4[40])	34252047559294085484636017365841976931647	0x64a86067b4c41e23f55fa6bd819232b53f	34252047559294085484488443413252300518719	34252047559294085484783591318431653344575	00000000000000000000000000000064A86067B4C41E23ED5FA6BD819232B53F	00000000000000000000000000000064A86067B4C41E23FD5FA6BD819232B53F	68
528	3	diff_low(b1[27],b4[64])	34542247474883772492654068251803802198068	0x6582b2e0367af85d7e690b1bd321e0e034	34542247474883772492506494299214125785140	34542247474883772492801642204393478610996	0000000000000000000000000000006582B2E0367AF85D76690B1BD321E0E034	0000000000000000000000000000006582B2E0367AF85D86690B1BD321E0E034	68
529	3	wavg2a(b1[14],b1[31])	34542344483961391212189915388571722903003	0x6582c58f212e5038cab52ac267d952eddb	34542344483961391212042341435982046490075	34542344483961391212337489341161399315931	0000000000000000000000000000006582C58F212E5038C2B52AC267D952EDDB	0000000000000000000000000000006582C58F212E5038D2B52AC267D952EDDB	68
530	3	avg(b1[9],b2[10])	34251174068129031212732224127825952538164	0x64a7b82d444474e3d8e3db88cd5f9e7e34	34251174068129031212584650175236276125236	34251174068129031212879798080415628951092	00000000000000000000000000000064A7B82D444474E3D0E3DB88CD5F9E7E34	00000000000000000000000000000064A7B82D444474E3E0E3DB88CD5F9E7E34	68
531	3	diff_low(b3[16],b4[16])	34250443090040217671747243250357968028692	0x64a72b6543ad914383c7968aff9957c414	34250443090040217671599669297768291615764	34250443090040217671894817202947644441620	00000000000000000000000000000064A72B6543AD91437BC7968AFF9957C414	00000000000000000000000000000064A72B6543AD91438BC7968AFF9957C414	68
532	3	wavg2b(b3[25],b4[55])	34543533402318689836999658761444222452755	0x6583aa895490ea09a8fb49b2194d564413	34543533402318689836852084808854546039827	34543533402318689837147232714033898865683	0000000000000000000000000000006583AA895490EA09A0FB49B2194D564413	0000000000000000000000000000006583AA895490EA09B0FB49B2194D564413	68
533	3	diff_low(b4[24],b4[48])	34249434478621752184022613073763066932639	0x64a66924e1d00700e3152b80ae7a4f6d9f	34249434478621752183875039121173390519711	34249434478621752184170187026352743345567	00000000000000000000000000000064A66924E1D00700DB152B80AE7A4F6D9F	00000000000000000000000000000064A66924E1D00700EB152B80AE7A4F6D9F	68
534	3	avg(b4[23],b4[64])	34249224744649770645276543555429452605893	0x64a640c032eaae227bcb92b0434b31e9c5	34249224744649770645128969602839776192965	34249224744649770645424117508019129018821	00000000000000000000000000000064A640C032EAAE2273CB92B0434B31E9C5	00000000000000000000000000000064A640C032EAAE2283CB92B0434B31E9C5	68
535	3	wavg2a(b1[45],b4[24])	34544871342299813509939196245367806790400	0x6584ac36dd47c31a92ba768644b1dc8b00	34544871342299813509791622292778130377472	34544871342299813510086770197957483203328	0000000000000000000000000000006584AC36DD47C31A8ABA768644B1DC8B00	0000000000000000000000000000006584AC36DD47C31A9ABA768644B1DC8B00	68
536	3	avg(b1[23],b4[40])	34248963971356320885498162740593157919208	0x64a60e87153728e4580da14295ed5ed1e8	34248963971356320885350588788003481506280	34248963971356320885645736693182834332136	00000000000000000000000000000064A60E87153728E4500DA14295ED5ED1E8	00000000000000000000000000000064A60E87153728E4600DA14295ED5ED1E8	68
537	3	avg(b1[55],b2[42])	34545560351084255081109325981806986126136	0x658530e99ec653e64f362891a0e5d9e338	34545560351084255080961752029217309713208	34545560351084255081256899934396662539064	000000000000000000000000000000658530E99EC653E647362891A0E5D9E338	000000000000000000000000000000658530E99EC653E657362891A0E5D9E338	68
538	3	avg(b2[28],b2[32])	34545658449191704163737461900668342812650	0x658543ce3af6d5ecaec28840f1a8dabfea	34545658449191704163589887948078666399722	34545658449191704163885035853258019225578	000000000000000000000000000000658543CE3AF6D5ECA6C28840F1A8DABFEA	000000000000000000000000000000658543CE3AF6D5ECB6C28840F1A8DABFEA	68
539	3	wavg2b(b2[40],b2[46])	34247853820453874518301079608670028830269	0x64a538b86ae1d1026d589c326b5c70163d	34247853820453874518153505656080352417341	34247853820453874518448653561259705243197	00000000000000000000000000000064A538B86AE1D10265589C326B5C70163D	00000000000000000000000000000064A538B86AE1D10275589C326B5C70163D	68
540	3	wavg2a(b2[46],b3[4])	34247798624501191812225210008659093926415	0x64a52e170c03d27b11a49d635cae70b20f	34247798624501191812077636056069417513487	34247798624501191812372783961248770339343	00000000000000000000000000000064A52E170C03D27B09A49D635CAE70B20F	00000000000000000000000000000064A52E170C03D27B19A49D635CAE70B20F	68
541	3	avg(b2[16],b3[25])	34546311324450997935416804201645926943483	0x6585c18b7740bd436c7672a205cb228afb	34546311324450997935269230249056250530555	34546311324450997935564378154235603356411	0000000000000000000000000000006585C18B7740BD43647672A205CB228AFB	0000000000000000000000000000006585C18B7740BD43747672A205CB228AFB	68
542	3	avg(b2[5],b4[67])	34247465087102666427263254693900459653106	0x64a4edda62305ce8d4b43cce0b1df737f2	34247465087102666427115680741310783240178	34247465087102666427410828646490136066034	00000000000000000000000000000064A4EDDA62305CE8CCB43CCE0B1DF737F2	00000000000000000000000000000064A4EDDA62305CE8DCB43CCE0B1DF737F2	68
543	3	diff_low(b3[29],b3[34])	34247310254665500082041843877372422722807	0x64a4d0088e159292ea3f669a73838314f7	34247310254665500081894269924782746309879	34247310254665500082189417829962099135735	00000000000000000000000000000064A4D0088E159292E23F669A73838314F7	00000000000000000000000000000064A4D0088E159292F23F669A73838314F7	68
544	3	wavg2a(b1[19],b4[60])	34546667187947720037818033865809634455242	0x65860614e40e311d48ee81b05a13f2eeca	34546667187947720037670459913219958042314	34546667187947720037965607818399310868170	00000000000000000000000000000065860614E40E311D40EE81B05A13F2EECA	00000000000000000000000000000065860614E40E311D50EE81B05A13F2EECA	68
545	3	diff_low(b1[11],b2[46])	34547027949052771773090857972405483992575	0x65864b8fc95da71dae7ef43aa5bd3df5ff	34547027949052771772943284019815807579647	34547027949052771773238431924995160405503	00000000000000000000000000000065864B8FC95DA71DA67EF43AA5BD3DF5FF	00000000000000000000000000000065864B8FC95DA71DB67EF43AA5BD3DF5FF	68
546	3	diff_low(b3[13],b4[12])	34246862630556060673696464478677544766030	0x64a479d2fb8582fb083ad5a301eb4c8a4e	34246862630556060673548890526087868353102	34246862630556060673844038431267221178958	00000000000000000000000000000064A479D2FB8582FB003AD5A301EB4C8A4E	00000000000000000000000000000064A479D2FB8582FB103AD5A301EB4C8A4E	68
547	3	wavg2a(b2[44],b4[18])	34246735308956158335070631796335806066596	0x64a4614d8b002c8859dd5546805cd52fa4	34246735308956158334923057843746129653668	34246735308956158335218205748925482479524	00000000000000000000000000000064A4614D8B002C8851DD5546805CD52FA4	00000000000000000000000000000064A4614D8B002C8861DD5546805CD52FA4	68
548	3	diff_low(b4[11],b4[12])	34246197834862371578461032962775075936718	0x64a3f9ca0632ba9eae0815b9693a8a59ce	34246197834862371578313459010185399523790	34246197834862371578608606915364752349646	00000000000000000000000000000064A3F9CA0632BA9EA60815B9693A8A59CE	00000000000000000000000000000064A3F9CA0632BA9EB60815B9693A8A59CE	68
549	3	diff_low(b2[2],b3[24])	34548018127863686008395337558754809653184	0x65870a435f03fc2e81cbb07089a98ca7c0	34548018127863686008247763606165133240256	34548018127863686008542911511344486066112	00000000000000000000000000000065870A435F03FC2E79CBB07089A98CA7C0	00000000000000000000000000000065870A435F03FC2E89CBB07089A98CA7C0	68
550	3	diff_low(b2[1],b2[15])	34548033837470157523686896480835471159562	0x65870d49ea202c41b6bcd03d353e0c310a	34548033837470157523539322528245794746634	34548033837470157523834470433425147572490	00000000000000000000000000000065870D49EA202C41AEBCD03D353E0C310A	00000000000000000000000000000065870D49EA202C41BEBCD03D353E0C310A	68
551	3	wavg2b(b1[14],b3[8])	34548352082333164314667503620606733857939	0x65874a949904601184f031d88ba3bc3493	34548352082333164314519929668017057445011	34548352082333164314815077573196410270867	00000000000000000000000000000065874A94990460117CF031D88BA3BC3493	00000000000000000000000000000065874A94990460118CF031D88BA3BC3493	68
552	3	diff_low(b2[41],b4[21])	34548383737798831324518975622950500414925	0x658750ad552a79282fdef4cdab0d23b5cd	34548383737798831324371401670360824001997	34548383737798831324666549575540176827853	000000000000000000000000000000658750AD552A792827DEF4CDAB0D23B5CD	000000000000000000000000000000658750AD552A792837DEF4CDAB0D23B5CD	68
553	3	wavg2a(b1[23],b1[52])	34548450476170131991929163334989398808272	0x65875d87c9d67e6f38305d63a868c616d0	34548450476170131991781589382399722395344	34548450476170131992076737287579075221200	00000000000000000000000000000065875D87C9D67E6F30305D63A868C616D0	00000000000000000000000000000065875D87C9D67E6F40305D63A868C616D0	68
554	3	wavg2a(b1[44],b3[49])	34245418039275120070763797902157474177653	0x64a3639b222711c50f7d3e327c1c902275	34245418039275120070616223949567797764725	34245418039275120070911371854747150590581	00000000000000000000000000000064A3639B222711C5077D3E327C1C902275	00000000000000000000000000000064A3639B222711C5177D3E327C1C902275	68
555	3	wavg2a(b4[16],b4[41])	34548859703847153252473109613983014100402	0x6587ac58454a2688875eea9daa363c9db2	34548859703847153252325535661393337687474	34548859703847153252620683566572690513330	0000000000000000000000000000006587AC58454A26887F5EEA9DAA363C9DB2	0000000000000000000000000000006587AC58454A26888F5EEA9DAA363C9DB2	68
556	3	diff_low(b3[57],b4[12])	34245034888672202754521296742242461101465	0x64a319d059a63c8fef550e487cb7832d99	34245034888672202754373722789652784688537	34245034888672202754668870694832137514393	00000000000000000000000000000064A319D059A63C8FE7550E487CB7832D99	00000000000000000000000000000064A319D059A63C8FF7550E487CB7832D99	68
557	3	wavg2b(b3[1],b4[53])	34244601470427371068901011558698568472716	0x64a2c6572e4e5907c9273bc0314ab1588c	34244601470427371068753437606108892059788	34244601470427371069048585511288244885644	00000000000000000000000000000064A2C6572E4E5907C1273BC0314AB1588C	00000000000000000000000000000064A2C6572E4E5907D1273BC0314AB1588C	68
558	3	wavg2b(b2[46],b4[22])	34244142173637209776316362946232465237840	0x64a26de219ccb3c5e337347be158182750	34244142173637209776168788993642788824912	34244142173637209776463936898822141650768	00000000000000000000000000000064A26DE219CCB3C5DB37347BE158182750	00000000000000000000000000000064A26DE219CCB3C5EB37347BE158182750	68
559	3	wavg2b(b4[4],b4[39])	34550022617870536843864327262173579001355	0x65888c505bd6277a77e1ffda7556f93e0b	34550022617870536843716753309583902588427	34550022617870536844011901214763255414283	00000000000000000000000000000065888C505BD6277A6FE1FFDA7556F93E0B	00000000000000000000000000000065888C505BD6277A7FE1FFDA7556F93E0B	68
560	3	diff_low(b3[5],b4[21])	34550039616379312506795063623278547530570	0x65888f96732e4d04eef6d111637111734a	34550039616379312506647489670688871117642	34550039616379312506942637575868223943498	00000000000000000000000000000065888F96732E4D04E6F6D111637111734A	00000000000000000000000000000065888F96732E4D04F6F6D111637111734A	68
561	3	avg(b1[7],b4[24])	34550179410691308424896397135632088549815	0x6588aa82d776013b5be907ca17d949c9b7	34550179410691308424748823183042412136887	34550179410691308425043971088221764962743	0000000000000000000000000000006588AA82D776013B53E907CA17D949C9B7	0000000000000000000000000000006588AA82D776013B63E907CA17D949C9B7	68
562	3	avg(b1[20],b4[23])	34551153088154430054674762458688400747898	0x65896608d8d1f742757c83de96d7116d7a	34551153088154430054527188506098724334970	34551153088154430054822336411278077160826	00000000000000000000000000000065896608D8D1F7426D7C83DE96D7116D7A	00000000000000000000000000000065896608D8D1F7427D7C83DE96D7116D7A	68
563	3	wavg2b(b1[42],b4[40])	34551697208900653247547111435515096311312	0x6589ced4122bbaf886ae77870c78b9a610	34551697208900653247399537482925419898384	34551697208900653247694685388104772724240	0000000000000000000000000000006589CED4122BBAF87EAE77870C78B9A610	0000000000000000000000000000006589CED4122BBAF88EAE77870C78B9A610	68
564	3	wavg2a(b1[19],b4[4])	34242035304872404830851119773244486452316	0x64a0d81d73624393d15e564d012b62045c	34242035304872404830703545820654810039388	34242035304872404830998693725834162865244	00000000000000000000000000000064A0D81D73624393C95E564D012B62045C	00000000000000000000000000000064A0D81D73624393D95E564D012B62045C	68
565	3	wavg2b(b1[36],b2[9])	34241364409728940672866305529542684587591	0x64a056e7c42e520b38757896ebe4623647	34241364409728940672718731576953008174663	34241364409728940673013879482132361000519	00000000000000000000000000000064A056E7C42E520B30757896EBE4623647	00000000000000000000000000000064A056E7C42E520B40757896EBE4623647	68
566	3	diff_low(b3[19],b3[40])	34552599265237658037382699674632358339408	0x658a7c8ee1d3f3eee7f4b8b298ce6a2350	34552599265237658037235125722042681926480	34552599265237658037530273627222034752336	000000000000000000000000000000658A7C8EE1D3F3EEDFF4B8B298CE6A2350	000000000000000000000000000000658A7C8EE1D3F3EEEFF4B8B298CE6A2350	68
567	3	diff_low(b1[5],b2[10])	34241253155223393786701612188768892382859	0x64a0417a7ee6d27c7f4aac5088fe646e8b	34241253155223393786554038236179215969931	34241253155223393786849186141358568795787	00000000000000000000000000000064A0417A7EE6D27C774AAC5088FE646E8B	00000000000000000000000000000064A0417A7EE6D27C874AAC5088FE646E8B	68
568	3	wavg2b(b2[19],b3[51])	34552732642125678310921058397485128897914	0x658a963eded470f5acff9bfac70766557a	34552732642125678310773484444895452484986	34552732642125678311068632350074805310842	000000000000000000000000000000658A963EDED470F5A4FF9BFAC70766557A	000000000000000000000000000000658A963EDED470F5B4FF9BFAC70766557A	68
569	3	diff_low(b1[27],b2[15])	34552961454523391093622265265866830787459	0x658ac250315014bf0a8578941f77943383	34552961454523391093474691313277154374531	34552961454523391093769839218456507200387	000000000000000000000000000000658AC250315014BF028578941F77943383	000000000000000000000000000000658AC250315014BF128578941F77943383	68
570	3	wavg2a(b4[17],b4[52])	34553556971085377253556832227331474811130	0x658b35016d0f35ee5cd6f4cb09b33d68fa	34553556971085377253409258274741798398202	34553556971085377253704406179921151224058	000000000000000000000000000000658B35016D0F35EE54D6F4CB09B33D68FA	000000000000000000000000000000658B35016D0F35EE64D6F4CB09B33D68FA	68
571	3	diff_low(b1[64],b3[23])	34553912882493267025287687214949861754863	0x658b798d3695fecd8f87df1278b49507ef	34553912882493267025140113262360185341935	34553912882493267025435261167539538167791	000000000000000000000000000000658B798D3695FECD8787DF1278B49507EF	000000000000000000000000000000658B798D3695FECD9787DF1278B49507EF	68
572	3	wavg2a(b3[31],b4[40])	34554777224035133911886280520677167605100	0x658c20048a9aa7485b568984b4bf32256c	34554777224035133911738706568087491192172	34554777224035133912033854473266844018028	000000000000000000000000000000658C20048A9AA74853568984B4BF32256C	000000000000000000000000000000658C20048A9AA74863568984B4BF32256C	68
573	3	diff_low(b2[44],b3[26])	34555105079647300661551591359008136756515	0x658c5f2912343c528facb331f25e13fd23	34555105079647300661404017406418460343587	34555105079647300661699165311597813169443	000000000000000000000000000000658C5F2912343C5287ACB331F25E13FD23	000000000000000000000000000000658C5F2912343C5297ACB331F25E13FD23	68
574	3	diff_low(b4[74],b4[75])	34238483914058186342919494098732333583764	0x649e2c245d6c8322031b82ebfd3c72cd94	34238483914058186342771920146142657170836	34238483914058186343067068051322009996692	000000000000000000000000000000649E2C245D6C8321FB1B82EBFD3C72CD94	000000000000000000000000000000649E2C245D6C83220B1B82EBFD3C72CD94	68
575	3	wavg2b(b3[15],b3[20])	34555787904361580467130551843538118194708	0x658ce2aaedc26ca36037f4c9da37c93614	34555787904361580466982977890948441781780	34555787904361580467278125796127794607636	000000000000000000000000000000658CE2AAEDC26CA35837F4C9DA37C93614	000000000000000000000000000000658CE2AAEDC26CA36837F4C9DA37C93614	68
576	3	wavg2a(b1[68],b3[16])	34556029215274644947770651378901074204577	0x658d112479af410bb26f305f93e55e57a1	34556029215274644947623077426311397791649	34556029215274644947918225331490750617505	000000000000000000000000000000658D112479AF410BAA6F305F93E55E57A1	000000000000000000000000000000658D112479AF410BBA6F305F93E55E57A1	68
577	3	avg(b1[2],b4[10])	34237868743821233291808342587951313171427	0x649db5aa216c8feab762950414ead9b3e3	34237868743821233291660768635361636758499	34237868743821233291955916540540989584355	000000000000000000000000000000649DB5AA216C8FEAAF62950414EAD9B3E3	000000000000000000000000000000649DB5AA216C8FEABF62950414EAD9B3E3	68
578	3	wavg2a(b3[18],b3[40])	34237478868555182764211144244016671074264	0x649d6a93cbbd40f780bc1bc47b0993a7d8	34237478868555182764063570291426994661336	34237478868555182764358718196606347487192	000000000000000000000000000000649D6A93CBBD40F778BC1BC47B0993A7D8	000000000000000000000000000000649D6A93CBBD40F788BC1BC47B0993A7D8	68
579	3	wavg2a(b1[9],b1[27])	34236958032820191656508966804031816320353	0x649d06449c8c9b84153aa4d385e743c561	34236958032820191656361392851442139907425	34236958032820191656656540756621492733281	000000000000000000000000000000649D06449C8C9B840D3AA4D385E743C561	000000000000000000000000000000649D06449C8C9B841D3AA4D385E743C561	68
580	3	diff_low(b1[34],b4[32])	34236883399085677549921877058683618454271	0x649cf7e4e26223046875955de10523eaff	34236883399085677549774303106093942041343	34236883399085677550069451011273294867199	000000000000000000000000000000649CF7E4E26223046075955DE10523EAFF	000000000000000000000000000000649CF7E4E26223047075955DE10523EAFF	68
581	3	diff_low(b1[43],b1[44])	34557124954403440842593286545464994508469	0x658de42c95dc6cc13e47e6257275e32eb5	34557124954403440842445712592875318095541	34557124954403440842740860498054670921397	000000000000000000000000000000658DE42C95DC6CC13647E6257275E32EB5	000000000000000000000000000000658DE42C95DC6CC14647E6257275E32EB5	68
582	3	avg(b3[47],b4[3])	34236629669535019059094203551753642853415	0x649cc7070d371285b615b90d36a1e24427	34236629669535019058946629599163966440487	34236629669535019059241777504343319266343	000000000000000000000000000000649CC7070D371285AE15B90D36A1E24427	000000000000000000000000000000649CC7070D371285BE15B90D36A1E24427	68
583	3	wavg2a(b1[43],b4[56])	34236536975218014090719044848464649380344	0x649cb52cde73322b04a1dcd44a6841e1f8	34236536975218014090571470895874972967416	34236536975218014090866618801054325793272	000000000000000000000000000000649CB52CDE73322AFCA1DCD44A6841E1F8	000000000000000000000000000000649CB52CDE73322B0CA1DCD44A6841E1F8	68
584	3	diff_low(b1[4],b1[32])	34557724409752865427028486585852436587508	0x658e57a004182bf8cb8798d0209c06a3f4	34557724409752865426880912633262760174580	34557724409752865427176060538442113000436	000000000000000000000000000000658E57A004182BF8C38798D0209C06A3F4	000000000000000000000000000000658E57A004182BF8D38798D0209C06A3F4	68
585	3	wavg2a(b2[18],b4[0])	34235689626034357405200077547505285697369	0x649c11fb542522b9143dfb445260058f59	34235689626034357405052503594915609284441	34235689626034357405347651500094962110297	000000000000000000000000000000649C11FB542522B90C3DFB445260058F59	000000000000000000000000000000649C11FB542522B91C3DFB445260058F59	68
586	3	wavg2a(b1[75],b4[51])	34235557229035623276174419879283680165740	0x649bf87ba715b1a4c8bcf1e40771c53f6c	34235557229035623276026845926694003752812	34235557229035623276321993831873356578668	000000000000000000000000000000649BF87BA715B1A4C0BCF1E40771C53F6C	000000000000000000000000000000649BF87BA715B1A4D0BCF1E40771C53F6C	68
587	3	diff_low(b1[63],b4[73])	34558381680018427217591933109328703195880	0x658ed635f1293c43d365eca2169a710ae8	34558381680018427217444359156739026782952	34558381680018427217739507061918379608808	000000000000000000000000000000658ED635F1293C43CB65ECA2169A710AE8	000000000000000000000000000000658ED635F1293C43DB65ECA2169A710AE8	68
588	3	avg(b3[40],b4[72])	34558715485818557576908223505535851015616	0x658f167fd6b10dd95de4f0e6c2416badc0	34558715485818557576760649552946174602688	34558715485818557577055797458125527428544	000000000000000000000000000000658F167FD6B10DD955E4F0E6C2416BADC0	000000000000000000000000000000658F167FD6B10DD965E4F0E6C2416BADC0	68
589	3	diff_low(b2[1],b4[64])	34558747817109776124655093494898499748953	0x658f1cb9e4f548a342d93db58193bf8459	34558747817109776124507519542308823336025	34558747817109776124802667447488176161881	000000000000000000000000000000658F1CB9E4F548A33AD93DB58193BF8459	000000000000000000000000000000658F1CB9E4F548A34AD93DB58193BF8459	68
590	3	wavg2b(b1[68],b2[1])	34234904323048726772228072342035051084385	0x649b7abce6f58d0df343cb8437db1c7a61	34234904323048726772080498389445374671457	34234904323048726772375646294624727497313	000000000000000000000000000000649B7ABCE6F58D0DEB43CB8437DB1C7A61	000000000000000000000000000000649B7ABCE6F58D0DFB43CB8437DB1C7A61	68
591	3	avg(b4[6],b4[13])	34559402229250304949799723513068227123748	0x658f9ac2e76a4968cb2a0607601643da24	34559402229250304949652149560478550710820	34559402229250304949947297465657903536676	000000000000000000000000000000658F9AC2E76A4968C32A0607601643DA24	000000000000000000000000000000658F9AC2E76A4968D32A0607601643DA24	68
592	3	wavg2a(b3[25],b3[33])	34234100640302729232129166711351892278108	0x649adff4489538828a559de6a1a0f47b5c	34234100640302729231981592758762215865180	34234100640302729232276740663941568691036	000000000000000000000000000000649ADFF44895388282559DE6A1A0F47B5C	000000000000000000000000000000649ADFF44895388292559DE6A1A0F47B5C	68
593	3	diff_low(b1[27],b3[41])	34234021437474326657911393123141478697360	0x649ad0b348582689474027ab3cec4ec990	34234021437474326657763819170551802284432	34234021437474326658058967075731155110288	000000000000000000000000000000649AD0B3485826893F4027AB3CEC4EC990	000000000000000000000000000000649AD0B3485826894F4027AB3CEC4EC990	68
594	3	diff_low(b4[32],b4[58])	34233935267620882518533501757878038431625	0x649ac01ac7e30b02273ece222b00b00789	34233935267620882518385927805288362018697	34233935267620882518681075710467714844553	000000000000000000000000000000649AC01AC7E30B021F3ECE222B00B00789	000000000000000000000000000000649AC01AC7E30B022F3ECE222B00B00789	68
595	3	avg(b1[33],b1[57])	34233297460691382696113548131562094755401	0x649a454478a8a0c7919033c31404fa7e49	34233297460691382695965974178972418342473	34233297460691382696261122084151771168329	000000000000000000000000000000649A454478A8A0C7899033C31404FA7E49	000000000000000000000000000000649A454478A8A0C7999033C31404FA7E49	68
596	3	wavg2a(b1[65],b3[48])	34560663644433169315525645403044828461613	0x65908db3796226d84574ed57a03fe8ba2d	34560663644433169315378071450455152048685	34560663644433169315673219355634504874541	00000000000000000000000000000065908DB3796226D83D74ED57A03FE8BA2D	00000000000000000000000000000065908DB3796226D84D74ED57A03FE8BA2D	68
597	3	avg(b1[13],b4[10])	34233122877104167121783461488716588222950	0x649a23a4d5fe0a188a3ba6f421a79389e6	34233122877104167121635887536126911810022	34233122877104167121931035441306264635878	000000000000000000000000000000649A23A4D5FE0A18823BA6F421A79389E6	000000000000000000000000000000649A23A4D5FE0A18923BA6F421A79389E6	68
598	3	diff_low(b1[31],b4[56])	34560913569867488665441322007822158645081	0x6590bdd5bfda63b4c6cb2c0276078dc759	34560913569867488665293748055232482232153	34560913569867488665588895960411835058009	0000000000000000000000000000006590BDD5BFDA63B4BECB2C0276078DC759	0000000000000000000000000000006590BDD5BFDA63B4CECB2C0276078DC759	68
599	3	wavg2b(b2[35],b4[18])	34561393320213127298472197207622909478982	0x65911a3b44862d98edc10f55a57424c846	34561393320213127298324623255033233066054	34561393320213127298619771160212585891910	00000000000000000000000000000065911A3B44862D98E5C10F55A57424C846	00000000000000000000000000000065911A3B44862D98F5C10F55A57424C846	68
600	3	avg(b3[0],b3[34])	34231853304075509944824047469535036132087	0x64992f220d88c4a6505bb96a71325b4af7	34231853304075509944676473516945359719159	34231853304075509944971621422124712545015	00000000000000000000000000000064992F220D88C4A6485BB96A71325B4AF7	00000000000000000000000000000064992F220D88C4A6585BB96A71325B4AF7	68
601	3	wavg2a(b1[14],b4[75])	34231717190746797661593372588194959280133	0x649914eb25cb87caa709e0dda39ed14805	34231717190746797661445798635605282867205	34231717190746797661740946540784635693061	000000000000000000000000000000649914EB25CB87CA9F09E0DDA39ED14805	000000000000000000000000000000649914EB25CB87CAAF09E0DDA39ED14805	68
602	3	wavg2b(b1[42],b3[43])	34231246053243762971830011663689003930665	0x6498ba2e467b22da5e0fdc5eb908f19429	34231246053243762971682437711099327517737	34231246053243762971977585616278680343593	0000000000000000000000000000006498BA2E467B22DA560FDC5EB908F19429	0000000000000000000000000000006498BA2E467B22DA660FDC5EB908F19429	68
603	3	avg(b1[20],b1[45])	34563112196565319234432627487428756231235	0x659265466a34e2a2febd0119f68a09d443	34563112196565319234285053534839079818307	34563112196565319234580201440018432644163	000000000000000000000000000000659265466A34E2A2F6BD0119F68A09D443	000000000000000000000000000000659265466A34E2A306BD0119F68A09D443	68
604	3	wavg2b(b1[58],b3[38])	34563132109964842080799944358002861870431	0x6592691c38a501f53aae0d0729127d0d5f	34563132109964842080652370405413185457503	34563132109964842080947518310592538283359	0000000000000000000000000000006592691C38A501F532AE0D0729127D0D5F	0000000000000000000000000000006592691C38A501F542AE0D0729127D0D5F	68
605	3	wavg2b(b1[56],b3[52])	34230632284979010447070728743535147384730	0x649843f929dbaf402e099ae624598a7f9a	34230632284979010446923154790945470971802	34230632284979010447218302696124823797658	000000000000000000000000000000649843F929DBAF4026099AE624598A7F9A	000000000000000000000000000000649843F929DBAF4036099AE624598A7F9A	68
606	3	wavg2a(b1[53],b4[32])	34229981350993919624536780679040051583500	0x6497c69ba3e5083da0cef8a11ae03e1a0c	34229981350993919624389206726450375170572	34229981350993919624684354631629727996428	0000000000000000000000000000006497C69BA3E5083D98CEF8A11AE03E1A0C	0000000000000000000000000000006497C69BA3E5083DA8CEF8A11AE03E1A0C	68
607	3	avg(b1[43],b1[62])	34564009453876759385210128559293047411019	0x659312149da5316222f1ca76018852914b	34564009453876759385062554606703370998091	34564009453876759385357702511882723823947	000000000000000000000000000000659312149DA531621AF1CA76018852914B	000000000000000000000000000000659312149DA531622AF1CA76018852914B	68
608	3	wavg2b(b1[19],b4[55])	34229212796917618786300501121956660982485	0x64973296ffaa4996452865fa9a1a5d32d5	34229212796917618786152927169366984569557	34229212796917618786448075074546337395413	00000000000000000000000000000064973296FFAA49963D2865FA9A1A5D32D5	00000000000000000000000000000064973296FFAA49964D2865FA9A1A5D32D5	68
609	3	diff_low(b1[35],b3[2])	34229207809624454834223915176981750707773	0x649731a11b2cf33f61d569e0471339763d	34229207809624454834076341224392074294845	34229207809624454834371489129571427120701	000000000000000000000000000000649731A11B2CF33F59D569E0471339763D	000000000000000000000000000000649731A11B2CF33F69D569E0471339763D	68
610	3	wavg2b(b3[9],b3[19])	34228917621520829382087952646926229947538	0x6496f9bdba5fb2be9f44c95c2df509c492	34228917621520829381940378694336553534610	34228917621520829382235526599515906360466	0000000000000000000000000000006496F9BDBA5FB2BE9744C95C2DF509C492	0000000000000000000000000000006496F9BDBA5FB2BEA744C95C2DF509C492	68
611	3	avg(b1[39],b3[18])	34565361177573305824399345104414104872480	0x65941669bd4ea11c1cbf1cc059adffe620	34565361177573305824251771151824428459552	34565361177573305824546919057003781285408	00000000000000000000000000000065941669BD4EA11C14BF1CC059ADFFE620	00000000000000000000000000000065941669BD4EA11C24BF1CC059ADFFE620	68
612	3	diff_low(b3[49],b4[76])	34565456009937075708125778461358946460857	0x659428ad560432223f9ee8ee5744b324b9	34565456009937075707978204508769270047929	34565456009937075708273352413948622873785	000000000000000000000000000000659428AD56043222379EE8EE5744B324B9	000000000000000000000000000000659428AD56043222479EE8EE5744B324B9	68
613	3	avg(b3[25],b4[29])	34228036972103932820997151419113667919367	0x649650225c08e1c7d3bbff0e0c2f557e07	34228036972103932820849577466523991506439	34228036972103932821144725371703344332295	000000000000000000000000000000649650225C08E1C7CBBBFF0E0C2F557E07	000000000000000000000000000000649650225C08E1C7DBBBFF0E0C2F557E07	68
614	3	wavg2a(b1[27],b3[56])	34227717153534810579830623945392057769350	0x6496128a162df9698cc08eaf2410f05d86	34227717153534810579683049992802381356422	34227717153534810579978197897981734182278	0000000000000000000000000000006496128A162DF96984C08EAF2410F05D86	0000000000000000000000000000006496128A162DF96994C08EAF2410F05D86	68
615	3	avg(b2[12],b4[65])	34227695248642505449724859848855273426793	0x64960e5217919e8bf343b94cdfb1894f69	34227695248642505449577285896265597013865	34227695248642505449872433801444949839721	00000000000000000000000000000064960E5217919E8BEB43B94CDFB1894F69	00000000000000000000000000000064960E5217919E8BFB43B94CDFB1894F69	68
616	3	wavg2a(b1[27],b3[12])	34227656228805348649191451687510888313865	0x649606ce43fbdd770bec191b0e8f367409	34227656228805348649043877734921211900937	34227656228805348649339025640100564726793	000000000000000000000000000000649606CE43FBDD7703EC191B0E8F367409	000000000000000000000000000000649606CE43FBDD7713EC191B0E8F367409	68
617	3	wavg2b(b1[29],b3[19])	34227492368351973993182854725908514807717	0x6495e73f524b69ccdc5ffebfbffe111fa5	34227492368351973993035280773318838394789	34227492368351973993330428678498191220645	0000000000000000000000000000006495E73F524B69CCD45FFEBFBFFE111FA5	0000000000000000000000000000006495E73F524B69CCE45FFEBFBFFE111FA5	68
618	3	avg(b4[28],b4[63])	34566616134008955824185300244615011330364	0x6595081bde6cb170de6ecf4b07dcbd693c	34566616134008955824037726292025334917436	34566616134008955824332874197204687743292	0000000000000000000000000000006595081BDE6CB170D66ECF4B07DCBD693C	0000000000000000000000000000006595081BDE6CB170E66ECF4B07DCBD693C	68
619	3	avg(b2[14],b4[28])	34567151832990936754233710095318162759833	0x65956f47de2a8c75bf09d4c43ee1066099	34567151832990936754086136142728486346905	34567151832990936754381284047907839172761	00000000000000000000000000000065956F47DE2A8C75B709D4C43EE1066099	00000000000000000000000000000065956F47DE2A8C75C709D4C43EE1066099	68
620	3	wavg2b(b1[59],b3[19])	34226438479116499567227970665486501239247	0x64951c469208a705c5ffd0c5ff33af59cf	34226438479116499567080396712896824826319	34226438479116499567375544618076177652175	00000000000000000000000000000064951C469208A705BDFFD0C5FF33AF59CF	00000000000000000000000000000064951C469208A705CDFFD0C5FF33AF59CF	68
621	3	avg(b2[37],b4[47])	34226246717104567413176439082025748212443	0x6494f757f92a289515ae329b60ffdb2adb	34226246717104567413028865129436071799515	34226246717104567413324013034615424625371	0000000000000000000000000000006494F757F92A28950DAE329B60FFDB2ADB	0000000000000000000000000000006494F757F92A28951DAE329B60FFDB2ADB	68
622	3	wavg2b(b1[66],b4[47])	34225877636316826341701600689086052067042	0x6494b042e2b2135e6e66be953e4c8a66e2	34225877636316826341554026736496375654114	34225877636316826341849174641675728479970	0000000000000000000000000000006494B042E2B2135E6666BE953E4C8A66E2	0000000000000000000000000000006494B042E2B2135E7666BE953E4C8A66E2	68
623	3	diff_low(b3[39],b4[41])	34225688351945397543292050194473781472804	0x64948bce720bd22e3b5f0aa5ae9bdeae24	34225688351945397543144476241884105059876	34225688351945397543439624147063457885732	00000000000000000000000000000064948BCE720BD22E335F0AA5AE9BDEAE24	00000000000000000000000000000064948BCE720BD22E435F0AA5AE9BDEAE24	68
624	3	diff_low(b1[16],b3[14])	34225656099041182389096250275740301619963	0x649485984129a8e00e403a8978213372fb	34225656099041182388948676323150625207035	34225656099041182389243824228329978032891	000000000000000000000000000000649485984129A8E006403A8978213372FB	000000000000000000000000000000649485984129A8E016403A8978213372FB	68
625	3	wavg2b(b4[1],b4[15])	34568468532316846343098000969263386055866	0x65966cde281ed6832533bffc7b0279d4ba	34568468532316846342950427016673709642938	34568468532316846343245574921853062468794	00000000000000000000000000000065966CDE281ED6831D33BFFC7B0279D4BA	00000000000000000000000000000065966CDE281ED6832D33BFFC7B0279D4BA	68
626	3	wavg2b(b1[35],b2[29])	34568858389626748996137416029396249795436	0x6596b7f39b2ab4107a86bf4cbbd29adb6c	34568858389626748995989842076806573382508	34568858389626748996284989981985926208364	0000000000000000000000000000006596B7F39B2AB4107286BF4CBBD29ADB6C	0000000000000000000000000000006596B7F39B2AB4108286BF4CBBD29ADB6C	68
627	3	wavg2b(b1[40],b4[63])	34569332277600824264094762030297946720166	0x65971338164e592866b333432704eb07a6	34569332277600824263947188077708270307238	34569332277600824264242335982887623133094	00000000000000000000000000000065971338164E59285EB333432704EB07A6	00000000000000000000000000000065971338164E59286EB333432704EB07A6	68
628	3	diff_low(b1[71],b4[29])	34569554576271940861764549089437481954942	0x65973e084200391bef2aae07dd3997ee7e	34569554576271940861616975136847805542014	34569554576271940861912123042027158367870	00000000000000000000000000000065973E084200391BE72AAE07DD3997EE7E	00000000000000000000000000000065973E084200391BF72AAE07DD3997EE7E	68
629	3	wavg2a(b1[52],b3[50])	34569590173091896528089879909878564199599	0x659744e35108e0fa1e8b657332f5f11caf	34569590173091896527942305957288887786671	34569590173091896528237453862468240612527	000000000000000000000000000000659744E35108E0FA168B657332F5F11CAF	000000000000000000000000000000659744E35108E0FA268B657332F5F11CAF	68
630	3	wavg2b(b1[42],b2[13])	34224287152135427720052065569635259296487	0x64937df1f609d227fec67d3b0266feaae7	34224287152135427719904491617045582883559	34224287152135427720199639522224935709415	00000000000000000000000000000064937DF1F609D227F6C67D3B0266FEAAE7	00000000000000000000000000000064937DF1F609D22806C67D3B0266FEAAE7	68
631	3	wavg2a(b1[3],b1[34])	34569689114528431790965808408062736081146	0x659757f18188a117a015dc8027a1a620fa	34569689114528431790818234455473059668218	34569689114528431791113382360652412494074	000000000000000000000000000000659757F18188A1179815DC8027A1A620FA	000000000000000000000000000000659757F18188A117A815DC8027A1A620FA	68
632	3	wavg2b(b1[40],b2[14])	34570046542910132170825975164568815292792	0x65979cc815f627d9922c8fe4c5b54c5178	34570046542910132170678401211979138879864	34570046542910132170973549117158491705720	00000000000000000000000000000065979CC815F627D98A2C8FE4C5B54C5178	00000000000000000000000000000065979CC815F627D99A2C8FE4C5B54C5178	68
633	3	wavg2a(b2[10],b4[27])	34570175083958855226166221133488942693777	0x6597b589a61724cb9df2add7e34b773d91	34570175083958855226018647180899266280849	34570175083958855226313795086078619106705	0000000000000000000000000000006597B589A61724CB95F2ADD7E34B773D91	0000000000000000000000000000006597B589A61724CBA5F2ADD7E34B773D91	68
634	3	wavg2a(b1[3],b4[58])	34570671825016696801428600174997929422028	0x65981534dfb2fe6db5d2c9940ef8776ccc	34570671825016696801281026222408253009100	34570671825016696801576174127587605834956	00000000000000000000000000000065981534DFB2FE6DADD2C9940EF8776CCC	00000000000000000000000000000065981534DFB2FE6DBDD2C9940EF8776CCC	68
635	3	diff_low(b4[17],b4[52])	34222716499501795108355518861095434681077	0x64924f72ceb465e8054ee7319d9f537af5	34222716499501795108207944908505758268149	34222716499501795108503092813685111094005	00000000000000000000000000000064924F72CEB465E7FD4EE7319D9F537AF5	00000000000000000000000000000064924F72CEB465E80D4EE7319D9F537AF5	68
636	3	avg(b3[14],b3[34])	34222714594656220348948208787359617809264	0x64924f14e42c648ed3ded4a5d72f6c7b70	34222714594656220348800634834769941396336	34222714594656220349095782739949294222192	00000000000000000000000000000064924F14E42C648ECBDED4A5D72F6C7B70	00000000000000000000000000000064924F14E42C648EDBDED4A5D72F6C7B70	68
637	3	diff_low(b1[47],b4[75])	34571275810159290126739518269997769238829	0x65988987a3f5ddb401cdb6d771ed33292d	34571275810159290126591944317408092825901	34571275810159290126887092222587445651757	00000000000000000000000000000065988987A3F5DDB3F9CDB6D771ED33292D	00000000000000000000000000000065988987A3F5DDB409CDB6D771ED33292D	68
638	3	wavg2a(b1[46],b4[12])	34571321459538343063206398473786623945690	0x659892525420cd60619e7984abbade6bda	34571321459538343063058824521196947532762	34571321459538343063353972426376300358618	000000000000000000000000000000659892525420CD60599E7984ABBADE6BDA	000000000000000000000000000000659892525420CD60699E7984ABBADE6BDA	68
639	3	wavg2a(b4[15],b4[45])	34571763708103331400471031606765456488622	0x6598e77eddc7f520746e141bfbe18478ae	34571763708103331400323457654175780075694	34571763708103331400618605559355132901550	0000000000000000000000000000006598E77EDDC7F5206C6E141BFBE18478AE	0000000000000000000000000000006598E77EDDC7F5207C6E141BFBE18478AE	68
640	3	wavg2a(b2[29],b3[10])	34222082222529034114474075036926918861530	0x6491d54a89cb5d2ff7049b5d135a7122da	34222082222529034114326501084337242448602	34222082222529034114621648989516595274458	0000000000000000000000000000006491D54A89CB5D2FEF049B5D135A7122DA	0000000000000000000000000000006491D54A89CB5D2FFF049B5D135A7122DA	68
641	3	wavg2b(b1[0],b3[22])	34571892738792954433511306387481807909021	0x65990058920c05a5973390e1df8005709d	34571892738792954433363732434892131496093	34571892738792954433658880340071484321949	00000000000000000000000000000065990058920C05A58F3390E1DF8005709D	00000000000000000000000000000065990058920C05A59F3390E1DF8005709D	68
642	3	wavg2b(b1[16],b3[52])	34572580940316880279090093660860208719117	0x659984e3867b2e8e0ef130d96fa7a1250d	34572580940316880278942519708270532306189	34572580940316880279237667613449885132045	000000000000000000000000000000659984E3867B2E8E06F130D96FA7A1250D	000000000000000000000000000000659984E3867B2E8E16F130D96FA7A1250D	68
643	3	wavg2b(b1[7],b1[20])	34572731193581484419235238494958593884457	0x6599a1d3954d6be65387902313ec61c129	34572731193581484419087664542368917471529	34572731193581484419382812447548270297385	0000000000000000000000000000006599A1D3954D6BE64B87902313EC61C129	0000000000000000000000000000006599A1D3954D6BE65B87902313EC61C129	68
644	3	wavg2a(b1[1],b4[76])	34572757292332682145277563413646324465448	0x6599a6da59dab680f954157bbfec9aff28	34572757292332682145129989461056648052520	34572757292332682145425137366236000878376	0000000000000000000000000000006599A6DA59DAB680F154157BBFEC9AFF28	0000000000000000000000000000006599A6DA59DAB6810154157BBFEC9AFF28	68
645	3	wavg2a(b1[52],b2[47])	34572776994593979156626017055615615445913	0x6599aaa5bf5a6ed8702500a0518d372b99	34572776994593979156478443103025939032985	34572776994593979156773591008205291858841	0000000000000000000000000000006599AAA5BF5A6ED8682500A0518D372B99	0000000000000000000000000000006599AAA5BF5A6ED8782500A0518D372B99	68
646	3	diff_low(b2[3],b4[34])	34221000836364589905836460688185742644467	0x64910506157f45db953f0b38c3c298d4f3	34221000836364589905688886735596066231539	34221000836364589905984034640775419057395	00000000000000000000000000000064910506157F45DB8D3F0B38C3C298D4F3	00000000000000000000000000000064910506157F45DB9D3F0B38C3C298D4F3	68
647	3	diff_low(b4[49],b4[51])	34220220194170588417240271169179491303247	0x64906ead73c5aaf7898e9f4bc785fcff4f	34220220194170588417092697216589814890319	34220220194170588417387845121769167716175	00000000000000000000000000000064906EAD73C5AAF7818E9F4BC785FCFF4F	00000000000000000000000000000064906EAD73C5AAF7918E9F4BC785FCFF4F	68
648	3	avg(b3[5],b4[53])	34573778667910228952467590934634389382618	0x659a6b900e0ea05fcb44745b265aad25da	34573778667910228952320016982044712969690	34573778667910228952615164887224065795546	000000000000000000000000000000659A6B900E0EA05FC344745B265AAD25DA	000000000000000000000000000000659A6B900E0EA05FD344745B265AAD25DA	68
649	3	avg(b1[65],b2[7])	34574054428178535172228203283280223869535	0x659aa0ac15f9a7b34831e837976a151a5f	34574054428178535172080629330690547456607	34574054428178535172375777235869900282463	000000000000000000000000000000659AA0AC15F9A7B34031E837976A151A5F	000000000000000000000000000000659AA0AC15F9A7B35031E837976A151A5F	68
650	3	diff_low(b1[19],b4[0])	34574127221016898986530993111386329750490	0x659aaeb10cc3daf42a261e5703cfdc9bda	34574127221016898986383419158796653337562	34574127221016898986678567063976006163418	000000000000000000000000000000659AAEB10CC3DAF422261E5703CFDC9BDA	000000000000000000000000000000659AAEB10CC3DAF432261E5703CFDC9BDA	68
651	3	wavg2a(b2[1],b2[10])	34219462494683075294556376527041848016602	0x648fdcbffbb6e6bf39e57c32a75d9dfeda	34219462494683075294408802574452171603674	34219462494683075294703950479631524429530	000000000000000000000000000000648FDCBFFBB6E6BF31E57C32A75D9DFEDA	000000000000000000000000000000648FDCBFFBB6E6BF41E57C32A75D9DFEDA	68
652	3	avg(b2[41],b4[53])	34574606607200469543605634934798412940440	0x659b0b049d108a4e2ad0627d028ca40498	34574606607200469543458060982208736527512	34574606607200469543753208887388089353368	000000000000000000000000000000659B0B049D108A4E22D0627D028CA40498	000000000000000000000000000000659B0B049D108A4E32D0627D028CA40498	68
653	3	wavg2b(b2[29],b4[52])	34219123180531238370924286237395429269047	0x648f9b668102ca5e940c8a9d44da2e9e37	34219123180531238370776712284805752856119	34219123180531238371071860189985105681975	000000000000000000000000000000648F9B668102CA5E8C0C8A9D44DA2E9E37	000000000000000000000000000000648F9B668102CA5E9C0C8A9D44DA2E9E37	68
654	3	wavg2b(b2[29],b3[50])	34574848622936259626965348878683973322543	0x659b39a0e91a6c9e42303d0ea28e23872f	34574848622936259626817774926094296909615	34574848622936259627112922831273649735471	000000000000000000000000000000659B39A0E91A6C9E3A303D0EA28E23872F	000000000000000000000000000000659B39A0E91A6C9E4A303D0EA28E23872F	68
655	3	diff_low(b3[30],b4[11])	34575112858268899639021577114493390396215	0x659b6c84b7e1e3efb7be26efe024d79b37	34575112858268899638874003161903713983287	34575112858268899639169151067083066809143	000000000000000000000000000000659B6C84B7E1E3EFAFBE26EFE024D79B37	000000000000000000000000000000659B6C84B7E1E3EFBFBE26EFE024D79B37	68
656	3	avg(b2[16],b3[38])	34218649726877539657351734064851545384536	0x648f40376fc3f866053137a17efc326658	34218649726877539657204160112261868971608	34218649726877539657499308017441221797464	000000000000000000000000000000648F40376FC3F865FD3137A17EFC326658	000000000000000000000000000000648F40376FC3F8660D3137A17EFC326658	68
657	3	diff_low(b4[27],b4[52])	34576078880716704432073297609658876169445	0x659c26914d5d57148fc3dbd4a6788e0ce5	34576078880716704431925723657069199756517	34576078880716704432220871562248552582373	000000000000000000000000000000659C26914D5D571487C3DBD4A6788E0CE5	000000000000000000000000000000659C26914D5D571497C3DBD4A6788E0CE5	68
658	3	diff_low(b1[54],b3[20])	34576339372218359788748076797882102000059	0x659c58bc865a77375dd490ce0005e129bb	34576339372218359788600502845292425587131	34576339372218359788895650750471778412987	000000000000000000000000000000659C58BC865A773755D490CE0005E129BB	000000000000000000000000000000659C58BC865A773765D490CE0005E129BB	68
659	3	wavg2a(b2[19],b4[40])	34576647031744776367483418800521105661199	0x659c93fd4f8376419b202bdc6fe54c5d0f	34576647031744776367335844847931429248271	34576647031744776367630992753110782074127	000000000000000000000000000000659C93FD4F83764193202BDC6FE54C5D0F	000000000000000000000000000000659C93FD4F837641A3202BDC6FE54C5D0F	68
660	3	wavg2a(b2[14],b2[38])	34216456359097789841677155778552851245462	0x648d99ca0e4a40df2784fe272b9e66a996	34216456359097789841529581825963174832534	34216456359097789841824729731142527658390	000000000000000000000000000000648D99CA0E4A40DF1F84FE272B9E66A996	000000000000000000000000000000648D99CA0E4A40DF2F84FE272B9E66A996	68
661	3	diff_low(b3[4],b4[62])	34577511387496959057729755747662751779896	0x659d3a7556e420778bee9671795e8acc38	34577511387496959057582181795073075366968	34577511387496959057877329700252428192824	000000000000000000000000000000659D3A7556E4207783EE9671795E8ACC38	000000000000000000000000000000659D3A7556E4207793EE9671795E8ACC38	68
662	3	diff_low(b2[40],b4[62])	34577676975355007175957364547695556491460	0x659d5a59737e1c0d9f0a92dea56888f8c4	34577676975355007175809790595105880078532	34577676975355007176104938500285232904388	000000000000000000000000000000659D5A59737E1C0D970A92DEA56888F8C4	000000000000000000000000000000659D5A59737E1C0DA70A92DEA56888F8C4	68
663	3	wavg2a(b1[26],b1[46])	34216190634060418266403434787448020700120	0x648d669ccccb312d072f39fda0f6be8bd8	34216190634060418266255860834858344287192	34216190634060418266551008740037697113048	000000000000000000000000000000648D669CCCCB312CFF2F39FDA0F6BE8BD8	000000000000000000000000000000648D669CCCCB312D0F2F39FDA0F6BE8BD8	68
664	3	wavg2a(b3[42],b4[11])	34215868424337822826493577788448891922944	0x648d288ea256b623875b38e0747d5aea00	34215868424337822826346003835859215510016	34215868424337822826641151741038568335872	000000000000000000000000000000648D288EA256B6237F5B38E0747D5AEA00	000000000000000000000000000000648D288EA256B6238F5B38E0747D5AEA00	68
665	3	wavg2b(b2[38],b4[63])	34215742093788481934945942644281982672836	0x648d103a0ea2722dfc0ba1858cee055fc4	34215742093788481934798368691692306259908	34215742093788481935093516596871659085764	000000000000000000000000000000648D103A0EA2722DF40BA1858CEE055FC4	000000000000000000000000000000648D103A0EA2722E040BA1858CEE055FC4	68
666	3	diff_low(b1[23],b4[15])	34215394934154205451290270648279684325767	0x648ccd5dc4055bac3d8ecf18aef9cfa187	34215394934154205451142696695690007912839	34215394934154205451437844600869360738695	000000000000000000000000000000648CCD5DC4055BAC358ECF18AEF9CFA187	000000000000000000000000000000648CCD5DC4055BAC458ECF18AEF9CFA187	68
667	3	wavg2a(b2[29],b4[59])	34578685494509399100765333698748183204257	0x659e1c9548d2596d53e80213c536c7d1a1	34578685494509399100617759746158506791329	34578685494509399100912907651337859617185	000000000000000000000000000000659E1C9548D2596D4BE80213C536C7D1A1	000000000000000000000000000000659E1C9548D2596D5BE80213C536C7D1A1	68
668	3	wavg2b(b3[17],b4[15])	34579054958625885175887602554689652584047	0x659e63bd459468bdea02a0d21fe258ee6f	34579054958625885175740028602099976171119	34579054958625885176035176507279328996975	000000000000000000000000000000659E63BD459468BDE202A0D21FE258EE6F	000000000000000000000000000000659E63BD459468BDF202A0D21FE258EE6F	68
669	3	avg(b2[11],b4[68])	34579776487688339996360659940697034499520	0x659eeeb366b078ee98670e668641b0a5c0	34579776487688339996213085988107358086592	34579776487688339996508233893286710912448	000000000000000000000000000000659EEEB366B078EE90670E668641B0A5C0	000000000000000000000000000000659EEEB366B078EEA0670E668641B0A5C0	68
670	3	diff_low(b3[48],b4[56])	34214056996811567912583970050379871420922	0x648bcbb05c9beb2ef83d2598ed303401fa	34214056996811567912436396097790195007994	34214056996811567912731544002969547833850	000000000000000000000000000000648BCBB05C9BEB2EF03D2598ED303401FA	000000000000000000000000000000648BCBB05C9BEB2F003D2598ED303401FA	68
671	3	wavg2b(b2[5],b3[4])	34579925938521795226185810076434452646970	0x659f0b7be567d4fd5293ccb843c7fb0c3a	34579925938521795226038236123844776234042	34579925938521795226333384029024129059898	000000000000000000000000000000659F0B7BE567D4FD4A93CCB843C7FB0C3A	000000000000000000000000000000659F0B7BE567D4FD5A93CCB843C7FB0C3A	68
672	3	wavg2b(b1[3],b3[8])	34579991193780272114833377615504900181118	0x659f180d3a8fdc355c9e64ed8c0ee54c7e	34579991193780272114685803662915223768190	34579991193780272114980951568094576594046	000000000000000000000000000000659F180D3A8FDC35549E64ED8C0EE54C7E	000000000000000000000000000000659F180D3A8FDC35649E64ED8C0EE54C7E	68
673	3	wavg2b(b2[5],b2[40])	34580036330427160638337549276456322454679	0x659f20bea323d20c09fbca566123f9d497	34580036330427160638189975323866646041751	34580036330427160638485123229045998867607	000000000000000000000000000000659F20BEA323D20C01FBCA566123F9D497	000000000000000000000000000000659F20BEA323D20C11FBCA566123F9D497	68
674	3	avg(b2[14],b2[36])	34213883180192024156748990233596471031318	0x648baa368a6f89153cff82432e7c003616	34213883180192024156601416281006794618390	34213883180192024156896564186186147444246	000000000000000000000000000000648BAA368A6F891534FF82432E7C003616	000000000000000000000000000000648BAA368A6F891544FF82432E7C003616	68
675	3	wavg2a(b1[22],b4[11])	34580235259838641307200759259992630235363	0x659f470e9d4f4d70a36cdb9961d9e410e3	34580235259838641307053185307402953822435	34580235259838641307348333212582306648291	000000000000000000000000000000659F470E9D4F4D709B6CDB9961D9E410E3	000000000000000000000000000000659F470E9D4F4D70AB6CDB9961D9E410E3	68
676	3	avg(b2[36],b4[63])	34213347481210043226700580382893319601848	0x648b430a8ab1ae105c647cc9f777b73eb8	34213347481210043226553006430303643188920	34213347481210043226848154335482996014776	000000000000000000000000000000648B430A8AB1AE1054647CC9F777B73EB8	000000000000000000000000000000648B430A8AB1AE1064647CC9F777B73EB8	68
677	3	diff_low(b4[43],b4[72])	34213154737388832318772482525139860462155	0x648b1deb89a64f038b1d4e00ef58e41a4b	34213154737388832318624908572550184049227	34213154737388832318920056477729536875083	000000000000000000000000000000648B1DEB89A64F03831D4E00EF58E41A4B	000000000000000000000000000000648B1DEB89A64F03931D4E00EF58E41A4B	68
678	3	wavg2b(b2[29],b2[47])	34581222265940424884037623170158075815171	0x65a00525c5bd885ae5637368dfbcafa503	34581222265940424883890049217568399402243	34581222265940424884185197122747752228099	00000000000000000000000000000065A00525C5BD885ADD637368DFBCAFA503	00000000000000000000000000000065A00525C5BD885AED637368DFBCAFA503	68
679	3	avg(b3[7],b3[25])	34212693704701602967466255146123907352340	0x648ac520df0ab9abad00b26994c5b8c714	34212693704701602967318681193534230939412	34212693704701602967613829098713583765268	000000000000000000000000000000648AC520DF0AB9ABA500B26994C5B8C714	000000000000000000000000000000648AC520DF0AB9ABB500B26994C5B8C714	68
680	3	wavg2b(b2[9],b2[26])	34212347111584450266618786742331295706247	0x648a826082e130a2e084fa394cce4cac87	34212347111584450266471212789741619293319	34212347111584450266766360694920972119175	000000000000000000000000000000648A826082E130A2D884FA394CCE4CAC87	000000000000000000000000000000648A826082E130A2E884FA394CCE4CAC87	68
681	3	wavg2a(b4[3],b4[51])	34581583408687087131769432483695352854663	0x65a04ab37c0b8b841ab0d0012c36ebb887	34581583408687087131621858531105676441735	34581583408687087131917006436285029267591	00000000000000000000000000000065A04AB37C0B8B8412B0D0012C36EBB887	00000000000000000000000000000065A04AB37C0B8B8422B0D0012C36EBB887	68
682	3	diff_low(b1[10],b3[55])	34581817886703262669520178476820427708679	0x65a077dc24afc5d0eaa606a123237c1907	34581817886703262669372604524230751295751	34581817886703262669667752429410104121607	00000000000000000000000000000065A077DC24AFC5D0E2A606A123237C1907	00000000000000000000000000000065A077DC24AFC5D0F2A606A123237C1907	68
683	3	diff_low(b1[16],b1[44])	34581836855451771880927029199462139279697	0x65a07b835ff3d907a7b09126c6548db951	34581836855451771880779455246872462866769	34581836855451771881074603152051815692625	00000000000000000000000000000065A07B835FF3D9079FB09126C6548DB951	00000000000000000000000000000065A07B835FF3D907AFB09126C6548DB951	68
684	3	wavg2b(b1[1],b1[69])	34211822622127938632310071397320189910972	0x648a1d5d2f3d95bceda4e85ae0d3ed9fbc	34211822622127938632162497444730513498044	34211822622127938632457645349909866323900	000000000000000000000000000000648A1D5D2F3D95BCE5A4E85AE0D3ED9FBC	000000000000000000000000000000648A1D5D2F3D95BCF5A4E85AE0D3ED9FBC	68
685	3	wavg2b(b1[70],b4[30])	34582617304905418228483756756254613025094	0x65a111d280f3c6e4363f1802f3fbefb146	34582617304905418228336182803664936612166	34582617304905418228631330708844289438022	00000000000000000000000000000065A111D280F3C6E42E3F1802F3FBEFB146	00000000000000000000000000000065A111D280F3C6E43E3F1802F3FBEFB146	68
686	3	diff_low(b1[61],b3[49])	34210526376125747293145773795425285438888	0x648923b7528695b15c7c9b7fec9cb9fda8	34210526376125747292998199842835609025960	34210526376125747293293347748014961851816	000000000000000000000000000000648923B7528695B1547C9B7FEC9CB9FDA8	000000000000000000000000000000648923B7528695B1647C9B7FEC9CB9FDA8	68
687	3	wavg2b(b2[27],b3[18])	34583578229033532423831319203759090266015	0x65a1cae3b897d560277c94bc7ba3876f9f	34583578229033532423683745251169413853087	34583578229033532423978893156348766678943	00000000000000000000000000000065A1CAE3B897D5601F7C94BC7BA3876F9F	00000000000000000000000000000065A1CAE3B897D5602F7C94BC7BA3876F9F	68
688	3	avg(b3[25],b4[44])	34583677191195084976270601592628065041567	0x65a1ddf2eeadb9fcd43d2d672f68c77c9f	34583677191195084976123027640038388628639	34583677191195084976418175545217741454495	00000000000000000000000000000065A1DDF2EEADB9FCCC3D2D672F68C77C9F	00000000000000000000000000000065A1DDF2EEADB9FCDC3D2D672F68C77C9F	68
689	3	wavg2a(b1[39],b2[23])	34210133645453869953395565851872387352910	0x6488d814348d71d5329eda5e03ff0f494e	34210133645453869953247991899282710939982	34210133645453869953543139804462063765838	0000000000000000000000000000006488D814348D71D52A9EDA5E03FF0F494E	0000000000000000000000000000006488D814348D71D53A9EDA5E03FF0F494E	68
690	3	avg(b3[16],b3[19])	34209354730146294922095215703575106347935	0x64884210b732d2fd0b67272312db5ae39f	34209354730146294921947641750985429935007	34209354730146294922242789656164782760863	00000000000000000000000000000064884210B732D2FD0367272312DB5AE39F	00000000000000000000000000000064884210B732D2FD1367272312DB5AE39F	68
691	3	wavg2b(b1[47],b2[9])	34584851571058068903487741834155965545436	0x65a2c02054779af92644df2d19ce2ffbdc	34584851571058068903340167881566289132508	34584851571058068903635315786745641958364	00000000000000000000000000000065A2C02054779AF91E44DF2D19CE2FFBDC	00000000000000000000000000000065A2C02054779AF92E44DF2D19CE2FFBDC	68
692	3	diff_low(b3[12],b4[8])	34208912622765037963625385283610355511261	0x6487eceb2388e8a4818d677a7829092fdd	34208912622765037963477811331020679098333	34208912622765037963772959236200031924189	0000000000000000000000000000006487ECEB2388E8A4798D677A7829092FDD	0000000000000000000000000000006487ECEB2388E8A4898D677A7829092FDD	68
693	3	diff_low(b3[56],b4[8])	34208729848576652171707868509966847144804	0x6487c9b7acf294ccff1006be37a3db7364	34208729848576652171560294557377170731876	34208729848576652171855442462556523557732	0000000000000000000000000000006487C9B7ACF294CCF71006BE37A3DB7364	0000000000000000000000000000006487C9B7ACF294CD071006BE37A3DB7364	68
694	3	diff_low(b1[11],b3[32])	34208704457116079028168680229583216102987	0x6487c4d3c7a88e4ab639a0b657f36ece4b	34208704457116079028021106276993539690059	34208704457116079028316254182172892515915	0000000000000000000000000000006487C4D3C7A88E4AAE39A0B657F36ECE4B	0000000000000000000000000000006487C4D3C7A88E4ABE39A0B657F36ECE4B	68
695	3	wavg2a(b3[15],b4[63])	34585289876572494096025605888499405133955	0x65a3148a75d33e92ebdb9365302f4d9883	34585289876572494095878031935909728721027	34585289876572494096173179841089081546883	00000000000000000000000000000065A3148A75D33E92E3DB9365302F4D9883	00000000000000000000000000000065A3148A75D33E92F3DB9365302F4D9883	68
696	3	wavg2b(b2[14],b3[15])	34585647009227148049391212455634839420268	0x65a3595275a725eb819841b5ff877e3d6c	34585647009227148049243638503045163007340	34585647009227148049538786408224515833196	00000000000000000000000000000065A3595275A725EB799841B5FF877E3D6C	00000000000000000000000000000065A3595275A725EB899841B5FF877E3D6C	68
697	3	wavg2a(b2[28],b3[24])	34585714236952386627268738185294604662736	0x65a366450ad705503d2df7868347e3f7d0	34585714236952386627121164232704928249808	34585714236952386627416312137884281075664	00000000000000000000000000000065A366450AD70550352DF7868347E3F7D0	00000000000000000000000000000065A366450AD70550452DF7868347E3F7D0	68
698	3	diff_low(b1[28],b2[26])	34207941899339000891104537848645719075026	0x648731f6c75d8fb92a31c0e8202e82a8d2	34207941899339000890956963896056042662098	34207941899339000891252111801235395487954	000000000000000000000000000000648731F6C75D8FB92231C0E8202E82A8D2	000000000000000000000000000000648731F6C75D8FB93231C0E8202E82A8D2	68
699	3	wavg2b(b1[30],b2[29])	34207829690840480225423095826749767463319	0x64871c5a790083be5a14b140c7b4bab197	34207829690840480225275521874160091050391	34207829690840480225570669779339443876247	00000000000000000000000000000064871C5A790083BE5214B140C7B4BAB197	00000000000000000000000000000064871C5A790083BE6214B140C7B4BAB197	68
700	3	avg(b4[50],b4[55])	34207740998177075009354224794248653134096	0x64870b459634c741e71d0ed857f96d5910	34207740998177075009206650841658976721168	34207740998177075009501798746838329547024	00000000000000000000000000000064870B459634C741DF1D0ED857F96D5910	00000000000000000000000000000064870B459634C741EF1D0ED857F96D5910	68
701	3	diff_low(b1[16],b3[0])	34207378680202603197344572911389464974316	0x6486c57dee70e8b115467100441b55d3ec	34207378680202603197196998958799788561388	34207378680202603197492146863979141387244	0000000000000000000000000000006486C57DEE70E8B10D467100441B55D3EC	0000000000000000000000000000006486C57DEE70E8B11D467100441B55D3EC	68
702	3	avg(b2[29],b3[57])	34207368112514081949261096823403336096631	0x6486c374e775b06a8847d9d15102dedb77	34207368112514081949113522870813659683703	34207368112514081949408670775993012509559	0000000000000000000000000000006486C374E775B06A8047D9D15102DEDB77	0000000000000000000000000000006486C374E775B06A9047D9D15102DEDB77	68
703	3	wavg2b(b4[35],b4[67])	34586565762870888134550884894025337592675	0x65a40a4482f33c2b74a9e599310cb4db63	34586565762870888134403310941435661179747	34586565762870888134698458846615014005603	00000000000000000000000000000065A40A4482F33C2B6CA9E599310CB4DB63	00000000000000000000000000000065A40A4482F33C2B7CA9E599310CB4DB63	68
704	3	avg(b2[29],b3[13])	34206454241572152989673512955185794264348	0x6486137396860d34fbd4f6240e68fa2d1c	34206454241572152989525939002596117851420	34206454241572152989821086907775470677276	0000000000000000000000000000006486137396860D34F3D4F6240E68FA2D1C	0000000000000000000000000000006486137396860D3503D4F6240E68FA2D1C	68
705	3	wavg2a(b1[65],b3[11])	34587570103633401288416320185668913369005	0x65a4cbb2558f27c6774f65a4bc71408fad	34587570103633401288268746233079236956077	34587570103633401288563894138258589781933	00000000000000000000000000000065A4CBB2558F27C66F4F65A4BC71408FAD	00000000000000000000000000000065A4CBB2558F27C67F4F65A4BC71408FAD	68
706	3	wavg2a(b1[9],b1[22])	34205434362543238001979612430221947627221	0x64854f07ab6b9152073e4f4ff80cf2e6d5	34205434362543238001832038477632271214293	34205434362543238002127186382811624040149	00000000000000000000000000000064854F07AB6B9151FF3E4F4FF80CF2E6D5	00000000000000000000000000000064854F07AB6B91520F3E4F4FF80CF2E6D5	68
707	3	wavg2b(b1[53],b4[46])	34589887522560696110218896821124182218933	0x65a68a03e8a4b57c7bad9e157781da98b5	34589887522560696110071322868534505806005	34589887522560696110366470773713858631861	00000000000000000000000000000065A68A03E8A4B57C73AD9E157781DA98B5	00000000000000000000000000000065A68A03E8A4B57C83AD9E157781DA98B5	68
708	3	diff_low(b2[32],b4[59])	34203759471137616884030094511084435477371	0x64840c7525d063d7b08d163d5c4d55137b	34203759471137616883882520558494759064443	34203759471137616884177668463674111890299	00000000000000000000000000000064840C7525D063D7A88D163D5C4D55137B	00000000000000000000000000000064840C7525D063D7B88D163D5C4D55137B	68
709	3	avg(b3[44],b4[27])	34203368881739160694585976518227105559228	0x6483c13b9a82d4221633b465a6fc9632bc	34203368881739160694438402565637429146300	34203368881739160694733550470816781972156	0000000000000000000000000000006483C13B9A82D4220E33B465A6FC9632BC	0000000000000000000000000000006483C13B9A82D4221E33B465A6FC9632BC	68
710	3	wavg2b(b2[0],b2[46])	34203327741483729691490214297064321811629	0x6483b94f3b7c1c20c3c09b2a1c2b9784ad	34203327741483729691342640344474645398701	34203327741483729691637788249653998224557	0000000000000000000000000000006483B94F3B7C1C20BBC09B2A1C2B9784AD	0000000000000000000000000000006483B94F3B7C1C20CBC09B2A1C2B9784AD	68
711	3	wavg2a(b2[8],b4[61])	34202386064469865150402300789182370568009	0x648303f2f894588d0b67dc73fe45425749	34202386064469865150254726836592694155081	34202386064469865150549874741772046980937	000000000000000000000000000000648303F2F894588D0367DC73FE45425749	000000000000000000000000000000648303F2F894588D1367DC73FE45425749	68
712	3	avg(b2[34],b4[68])	34202316340222034594662474167659427821171	0x6482f6854cd8ea45d2c702062056047673	34202316340222034594514900215069751408243	34202316340222034594810048120249104234099	0000000000000000000000000000006482F6854CD8EA45CAC702062056047673	0000000000000000000000000000006482F6854CD8EA45DAC702062056047673	68
713	3	diff_low(b1[1],b1[14])	34591693790909511793499857229306053564061	0x65a7e5e3d0661dfd305712a41ca2ec969d	34591693790909511793352283276716377151133	34591693790909511793647431181895729976989	00000000000000000000000000000065A7E5E3D0661DFD285712A41CA2EC969D	00000000000000000000000000000065A7E5E3D0661DFD385712A41CA2EC969D	68
714	3	avg(b2[40],b2[46])	34202123950168796144733626065499195375626	0x6482d177bcfb8361d33e59168504ff000a	34202123950168796144586052112909518962698	34202123950168796144881200018088871788554	0000000000000000000000000000006482D177BCFB8361CB3E59168504FF000A	0000000000000000000000000000006482D177BCFB8361DB3E59168504FF000A	68
715	3	avg(b2[46],b3[4])	34202041156239772085619821665482793019844	0x6482c185aeae8596c9b05adfeeffffe9c4	34202041156239772085472247712893116606916	34202041156239772085767395618072469432772	0000000000000000000000000000006482C185AEAE8596C1B05ADFEEFFFFE9C4	0000000000000000000000000000006482C185AEAE8596D1B05ADFEEFFFFE9C4	68
716	3	diff_low(b4[42],b4[69])	34591950453752361721082564627698375934566	0x65a8175244eb6e318f83651d4ad7b34266	34591950453752361720934990675108699521638	34591950453752361721230138580288052347494	00000000000000000000000000000065A8175244EB6E318783651D4AD7B34266	00000000000000000000000000000065A8175244EB6E319783651D4AD7B34266	68
717	3	wavg2b(b1[31],b1[70])	34201721131710436278998521046807199449941	0x648283e3413e459a247afb4ac834118355	34201721131710436278850947094217523037013	34201721131710436279146094999396875862869	000000000000000000000000000000648283E3413E459A1C7AFB4AC834118355	000000000000000000000000000000648283E3413E459A2C7AFB4AC834118355	68
718	3	diff_low(b1[61],b2[33])	34593110484205719838664816943589322205882	0x65a8f6bc2fb22b20b0c5ef33f89d352aba	34593110484205719838517242990999645792954	34593110484205719838812390896178998618810	00000000000000000000000000000065A8F6BC2FB22B20A8C5EF33F89D352ABA	00000000000000000000000000000065A8F6BC2FB22B20B8C5EF33F89D352ABA	68
719	3	avg(b1[55],b3[22])	34200671703383149029611692119641414298636	0x6481b9c6718f41a2ce85857dc1e15dec0c	34200671703383149029464118167051737885708	34200671703383149029759266072231090711564	0000000000000000000000000000006481B9C6718F41A2C685857DC1E15DEC0C	0000000000000000000000000000006481B9C6718F41A2D685857DC1E15DEC0C	68
720	3	wavg2a(b4[6],b4[52])	34200504943578213241333719179910931309234	0x648199a88ce8a5a090b5e4b395675c62b2	34200504943578213241186145227321254896306	34200504943578213241481293132500607722162	000000000000000000000000000000648199A88CE8A5A088B5E4B395675C62B2	000000000000000000000000000000648199A88CE8A5A098B5E4B395675C62B2	68
721	3	wavg2a(b1[13],b4[61])	34593512770679378975048981977731756731667	0x65a9443670d8224a20e0491de52ed42d13	34593512770679378974901408025142080318739	34593512770679378975196555930321433144595	00000000000000000000000000000065A9443670D8224A18E0491DE52ED42D13	00000000000000000000000000000065A9443670D8224A28E0491DE52ED42D13	68
722	3	avg(b1[22],b3[16])	34593521745371807566145860013053018468021	0x65a945f0ed635ed8b8a19a8105b3c16eb5	34593521745371807565998286060463342055093	34593521745371807566293433965642694880949	00000000000000000000000000000065A945F0ED635ED8B0A19A8105B3C16EB5	00000000000000000000000000000065A945F0ED635ED8C0A19A8105B3C16EB5	68
723	3	wavg2b(b1[56],b3[35])	34594290111213854786023791705858082776637	0x65a9d9ec49c47049efb467d55bf4daa63d	34594290111213854785876217753268406363709	34594290111213854786171365658447759189565	00000000000000000000000000000065A9D9EC49C47049E7B467D55BF4DAA63D	00000000000000000000000000000065A9D9EC49C47049F7B467D55BF4DAA63D	68
724	3	wavg2b(b1[63],b3[44])	34199575847686500768207994870393684316115	0x6480e6b896170a66f7d694357e3af74fd3	34199575847686500768060420917804007903187	34199575847686500768355568822983360729043	0000000000000000000000000000006480E6B896170A66EFD694357E3AF74FD3	0000000000000000000000000000006480E6B896170A66FFD694357E3AF74FD3	68
725	3	avg(b2[1],b4[6])	34594662474167659427821171503037821366694	0x65aa21a332ff0c7797fb3bc37422d231a6	34594662474167659427673597550448144953766	34594662474167659427968745455627497779622	00000000000000000000000000000065AA21A332FF0C778FFB3BC37422D231A6	00000000000000000000000000000065AA21A332FF0C779FFB3BC37422D231A6	68
726	3	diff_low(b1[20],b2[34])	34199064171003531183432984707950299893903	0x6480842cfa639a850dc51e4c4ae940d08f	34199064171003531183285410755360623480975	34199064171003531183580558660539976306831	0000000000000000000000000000006480842CFA639A8505C51E4C4AE940D08F	0000000000000000000000000000006480842CFA639A8515C51E4C4AE940D08F	68
727	3	wavg2a(b1[50],b4[48])	34595845650811209633814550276107465396059	0x65ab05824fc3eec307c487e9a1ec740f5b	34595845650811209633666976323517788983131	34595845650811209633962124228697141808987	00000000000000000000000000000065AB05824FC3EEC2FFC487E9A1EC740F5B	00000000000000000000000000000065AB05824FC3EEC30FC487E9A1EC740F5B	68
728	3	avg(b4[17],b4[35])	34197829765537758933245093693388023637698	0x647f967016fa963971de4779c804c7a6c2	34197829765537758933097519740798347224770	34197829765537758933392667645977700050626	000000000000000000000000000000647F967016FA963969DE4779C804C7A6C2	000000000000000000000000000000647F967016FA963979DE4779C804C7A6C2	68
729	3	wavg2b(b1[60],b2[29])	34197290798485735965874255222529631778618	0x647f2ea2f664e7f77a52e57f3fcce8f73a	34197290798485735965726681269939955365690	34197290798485735966021829175119308191546	000000000000000000000000000000647F2EA2F664E7F77252E57F3FCCE8F73A	000000000000000000000000000000647F2EA2F664E7F78252E57F3FCCE8F73A	68
730	3	diff_low(b1[37],b3[29])	34596933999833579065510278071299839227508	0x65abd71e0faf61cc131e68cbf883fdf674	34596933999833579065362704118710162814580	34596933999833579065657852023889515640436	00000000000000000000000000000065ABD71E0FAF61CC0B1E68CBF883FDF674	00000000000000000000000000000065ABD71E0FAF61CC1B1E68CBF883FDF674	68
731	3	wavg2b(b1[9],b3[20])	34195718610996815073257111405134869097426	0x647dffd82276922d24e432fc0b780aebd2	34195718610996815073109537452545192684498	34195718610996815073404685357724545510354	000000000000000000000000000000647DFFD82276922D1CE432FC0B780AEBD2	000000000000000000000000000000647DFFD82276922D2CE432FC0B780AEBD2	68
732	3	diff_low(b1[5],b1[68])	34194927670126439353686524743789283179511	0x647d6783bd2adf90532fbe5bd785e8fbf7	34194927670126439353538950791199606766583	34194927670126439353834098696378959592439	000000000000000000000000000000647D6783BD2ADF904B2FBE5BD785E8FBF7	000000000000000000000000000000647D6783BD2ADF905B2FBE5BD785E8FBF7	68
733	3	wavg2a(b1[2],b4[61])	34599840592968800535082156776711389996303	0x65ae06e82ac0d4b7b26986887edddc650f	34599840592968800534934582824121713583375	34599840592968800535229730729301066409231	00000000000000000000000000000065AE06E82AC0D4B7AA6986887EDDDC650F	00000000000000000000000000000065AE06E82AC0D4B7BA6986887EDDDC650F	68
734	3	diff_low(b1[56],b2[4])	34193915159798703265882046829338318626122	0x647ca4832026068f527ca5c78734b45d4a	34193915159798703265734472876748642213194	34193915159798703266029620781927995039050	000000000000000000000000000000647CA4832026068F4A7CA5C78734B45D4A	000000000000000000000000000000647CA4832026068F5A7CA5C78734B45D4A	68
735	3	avg(b1[42],b3[20])	34600013024687899335839196999759646392990	0x65ae281db506886f67ca5910dbbdab829e	34600013024687899335691623047169969980062	34600013024687899335986770952349322805918	00000000000000000000000000000065AE281DB506886F5FCA5910DBBDAB829E	00000000000000000000000000000065AE281DB506886F6FCA5910DBBDAB829E	68
736	3	wavg2b(b1[3],b1[11])	34193828175118727675036384450758908771912	0x647c93c27322659f1d00e14c5c1752fe48	34193828175118727674888810498169232358984	34193828175118727675183958403348585184840	000000000000000000000000000000647C93C27322659F1500E14C5C1752FE48	000000000000000000000000000000647C93C27322659F2500E14C5C1752FE48	68
737	3	diff_low(b1[71],b3[7])	34600241111076600568826341635417003088995	0x65ae540b3bfc89543ca14750cc0cd15c63	34600241111076600568678767682827326676067	34600241111076600568973915588006679501923	00000000000000000000000000000065AE540B3BFC895434A14750CC0CD15C63	00000000000000000000000000000065AE540B3BFC895444A14750CC0CD15C63	68
738	3	wavg2a(b1[68],b4[27])	34601058740690158181509612763475348829342	0x65aef1837c94716910af4c7b044674349e	34601058740690158181362038810885672416414	34601058740690158181657186716065025242270	00000000000000000000000000000065AEF1837C94716908AF4C7B044674349E	00000000000000000000000000000065AEF1837C94716918AF4C7B044674349E	68
739	3	wavg2b(b2[3],b2[5])	34192194342811754444189911694788370151568	0x647b59184c363a93fe0cdeb5c1c0b4b890	34192194342811754444042337742198693738640	34192194342811754444337485647378046564496	000000000000000000000000000000647B59184C363A93F60CDEB5C1C0B4B890	000000000000000000000000000000647B59184C363A94060CDEB5C1C0B4B890	68
740	3	avg(b4[43],b4[63])	34602180155918071039712645261966451042584	0x65afc97d86b060a95e7bba53f1c8e26918	34602180155918071039565071309376774629656	34602180155918071039860219214556127455512	00000000000000000000000000000065AFC97D86B060A9567BBA53F1C8E26918	00000000000000000000000000000065AFC97D86B060A9667BBA53F1C8E26918	68
741	3	wavg2a(b1[20],b1[50])	34191702910203149235881873106326750898887	0x647afa72cca6f3fd559f06a720a2262ac7	34191702910203149235734299153737074485959	34191702910203149236029447058916427311815	000000000000000000000000000000647AFA72CCA6F3FD4D9F06A720A2262AC7	000000000000000000000000000000647AFA72CCA6F3FD5D9F06A720A2262AC7	68
742	3	wavg2b(b2[23],b4[50])	34602372232346035999447713541385023330612	0x65afee7ba00bddb6e89697eb358fd71934	34602372232346035999300139588795346917684	34602372232346035999595287493974699743540	00000000000000000000000000000065AFEE7BA00BDDB6E09697EB358FD71934	00000000000000000000000000000065AFEE7BA00BDDB6F09697EB358FD71934	68
743	3	wavg2b(b1[60],b4[41])	34602700892544302983493008368267355752718	0x65b02dc7d2f359ff74a7b98b983514090e	34602700892544302983345434415677679339790	34602700892544302983640582320857032165646	00000000000000000000000000000065B02DC7D2F359FF6CA7B98B983514090E	00000000000000000000000000000065B02DC7D2F359FF7CA7B98B983514090E	68
744	3	avg(b2[14],b4[43])	34602715854900051969761055112669602472053	0x65b030a9866e3bae3f16bfcd28cd2b6075	34602715854900051969613481160079926059125	34602715854900051969908629065259278884981	00000000000000000000000000000065B030A9866E3BAE3716BFCD28CD2B6075	00000000000000000000000000000065B030A9866E3BAE4716BFCD28CD2B6075	68
745	3	wavg2b(b1[37],b2[28])	34189960178454320010425437964286823429987	0x6479aacf7d887bd25b34f4636b93aef763	34189960178454320010277864011697147017059	34189960178454320010573011916876499842915	0000000000000000000000000000006479AACF7D887BD25334F4636B93AEF763	0000000000000000000000000000006479AACF7D887BD26334F4636B93AEF763	68
746	3	avg(b1[16],b1[26])	34189792271964735550589063351522935848935	0x64798a790faff1b83b585575a8e8663fe7	34189792271964735550441489398933259436007	34189792271964735550736637304112612261863	00000000000000000000000000000064798A790FAFF1B833585575A8E8663FE7	00000000000000000000000000000064798A790FAFF1B843585575A8E8663FE7	68
747	3	avg(b2[4],b4[27])	34604509205584305820901097990369127973358	0x65b18a0c8a564f2c2cce3bc61743bc41ee	34604509205584305820753524037779451560430	34604509205584305821048671942958804386286	00000000000000000000000000000065B18A0C8A564F2C24CE3BC61743BC41EE	00000000000000000000000000000065B18A0C8A564F2C34CE3BC61743BC41EE	68
748	3	avg(b2[28],b3[55])	34605156482105470039945302070694847430412	0x65b206b5bc9da2fbeaadc5ba395ff3bf0c	34605156482105470039797728118105171017484	34605156482105470040092876023284523843340	00000000000000000000000000000065B206B5BC9DA2FBE2ADC5BA395FF3BF0C	00000000000000000000000000000065B206B5BC9DA2FBF2ADC5BA395FF3BF0C	68
749	3	avg(b1[19],b3[27])	34188634763358550053382917627823143751622	0x6478ab8b7b18e5cc7e05082414a6d78fc6	34188634763358550053235343675233467338694	34188634763358550053530491580412820164550	0000000000000000000000000000006478AB8B7B18E5CC7605082414A6D78FC6	0000000000000000000000000000006478AB8B7B18E5CC8605082414A6D78FC6	68
750	3	wavg2a(b2[0],b3[31])	34605534168312509653845232172304184796140	0x65b24f731abf1ed76d1aea554d45d263ec	34605534168312509653697658219714508383212	34605534168312509653992806124893861209068	00000000000000000000000000000065B24F731ABF1ED7651AEA554D45D263EC	00000000000000000000000000000065B24F731ABF1ED7751AEA554D45D263EC	68
751	3	wavg2a(b1[3],b1[31])	34605622706855606812521663378368055549362	0x65b26080644548807a1190ec68afa51db2	34605622706855606812374089425778379136434	34605622706855606812669237330957731962290	00000000000000000000000000000065B2608064454880721190EC68AFA51DB2	00000000000000000000000000000065B2608064454880821190EC68AFA51DB2	68
752	3	wavg2a(b2[41],b4[62])	34188005211056611996785061494552734762444	0x6478324c27eaa6822dace720317e8485cc	34188005211056611996637487541963058349516	34188005211056611996932635447142411175372	0000000000000000000000000000006478324C27EAA68225ACE720317E8485CC	0000000000000000000000000000006478324C27EAA68235ACE720317E8485CC	68
753	3	wavg2b(b1[68],b4[13])	34187890663158920801532808355408925427123	0x64781c3c822f33a4e22cd9341d1fb405b3	34187890663158920801385234402819249014195	34187890663158920801680382307998601840051	00000000000000000000000000000064781C3C822F33A4DA2CD9341D1FB405B3	00000000000000000000000000000064781C3C822F33A4EA2CD9341D1FB405B3	68
754	3	wavg2b(b2[2],b4[20])	34606513789970510113500693712798084192359	0x65b30c1e2e649ddfd2ceddfa668be35867	34606513789970510113353119760208407779431	34606513789970510113648267665387760605287	00000000000000000000000000000065B30C1E2E649DDFCACEDDFA668BE35867	00000000000000000000000000000065B30C1E2E649DDFDACEDDFA668BE35867	68
755	3	wavg2a(b3[5],b4[62])	34186901292002957875267669494334036685347	0x64775db0be92c3ef039cfef30be690b223	34186901292002957875120095541744360272419	34186901292002957875415243446923713098275	00000000000000000000000000000064775DB0BE92C3EEFB9CFEF30BE690B223	00000000000000000000000000000064775DB0BE92C3EF0B9CFEF30BE690B223	68
756	3	avg(b1[11],b4[62])	34186799437017678443300372777854159126183	0x64774a12e7eb48e9daf889c4852f597ea7	34186799437017678443152798825264482713255	34186799437017678443447946730443835539111	00000000000000000000000000000064774A12E7EB48E9D2F889C4852F597EA7	00000000000000000000000000000064774A12E7EB48E9E2F889C4852F597EA7	68
757	3	wavg2a(b3[8],b4[48])	34186438036318776242140396021320366641424	0x6477047879cca1e5ff388fe53c21df5110	34186438036318776241992822068730690228496	34186438036318776242287969973910043054352	0000000000000000000000000000006477047879CCA1E5F7388FE53C21DF5110	0000000000000000000000000000006477047879CCA1E607388FE53C21DF5110	68
758	3	wavg2a(b3[38],b4[25])	34186368487095266302280846657462496631050	0x6476f7136f2f485be36f7dcd88caab990a	34186368487095266302133272704872820218122	34186368487095266302428420610052173043978	0000000000000000000000000000006476F7136F2F485BDB6F7DCD88CAAB990A	0000000000000000000000000000006476F7136F2F485BEB6F7DCD88CAAB990A	68
759	3	avg(b2[1],b3[20])	34185798795195402169494003885219561566439	0x6476895b747fe03f5aa5559e9f706f70e7	34185798795195402169346429932629885153511	34185798795195402169641577837809237979367	0000000000000000000000000000006476895B747FE03F52A5559E9F706F70E7	0000000000000000000000000000006476895B747FE03F62A5559E9F706F70E7	68
760	3	wavg2a(b1[65],b4[8])	34608182537415836421484740363998581637928	0x65b44d81c85163309741eca66c06224328	34608182537415836421337166411408905225000	34608182537415836421632314316588258050856	00000000000000000000000000000065B44D81C85163308F41ECA66C06224328	00000000000000000000000000000065B44D81C85163309F41ECA66C06224328	68
761	3	wavg2a(b3[39],b4[34])	34608428977139581115254889425833853998315	0x65b47cf832ef4fb97a2406614f150454eb	34608428977139581115107315473244177585387	34608428977139581115402463378423530411243	00000000000000000000000000000065B47CF832EF4FB9722406614F150454EB	00000000000000000000000000000065B47CF832EF4FB9822406614F150454EB	68
762	3	wavg2b(b2[11],b4[40])	34608585501184216696973882881036676355497	0x65b49b1d6e20a0a9966fbe76f85c19d5a9	34608585501184216696826308928446999942569	34608585501184216697121456833626352768425	00000000000000000000000000000065B49B1D6E20A0A98E6FBE76F85C19D5A9	00000000000000000000000000000065B49B1D6E20A0A99E6FBE76F85C19D5A9	68
763	3	avg(b3[39],b3[52])	34185321080420156313301445969133940109362	0x64762d5a4c56c2bf8aab2ce3c23f7df032	34185321080420156313153872016544263696434	34185321080420156313449019921723616522290	00000000000000000000000000000064762D5A4C56C2BF82AB2CE3C23F7DF032	00000000000000000000000000000064762D5A4C56C2BF92AB2CE3C23F7DF032	68
764	3	wavg2b(b1[46],b4[23])	34608653253824555801981143065316369368195	0x65b4a829e4acaa72c41267c2edc1b40483	34608653253824555801833569112726692955267	34608653253824555802128717017906045781123	00000000000000000000000000000065B4A829E4ACAA72BC1267C2EDC1B40483	00000000000000000000000000000065B4A829E4ACAA72CC1267C2EDC1B40483	68
765	3	avg(b1[43],b2[23])	34185005893779087513710077900447351174338	0x6475f0a665a296ed6328f6b0cb992df4c2	34185005893779087513562503947857674761410	34185005893779087513857651853037027587266	0000000000000000000000000000006475F0A665A296ED5B28F6B0CB992DF4C2	0000000000000000000000000000006475F0A665A296ED6B28F6B0CB992DF4C2	68
766	3	wavg2b(b1[8],b4[18])	34184649193774375167061074060002050861398	0x6475abf3ba9e0b4cefdc9be4c196826956	34184649193774375166913500107412374448470	34184649193774375167208648012591727274326	0000000000000000000000000000006475ABF3BA9E0B4CE7DC9BE4C196826956	0000000000000000000000000000006475ABF3BA9E0B4CF7DC9BE4C196826956	68
767	3	wavg2b(b2[39],b3[0])	34184435462560549068328095758308620093076	0x647582c9f76fb4ed116ec9507d8137c694	34184435462560549068180521805718943680148	34184435462560549068475669710898296506004	000000000000000000000000000000647582C9F76FB4ED096EC9507D8137C694	000000000000000000000000000000647582C9F76FB4ED196EC9507D8137C694	68
768	3	wavg2a(b3[0],b3[3])	34184429942965280797720508798307526602691	0x647581b9d45981df88432fd5626fd16fc3	34184429942965280797572934845717850189763	34184429942965280797868082750897203015619	000000000000000000000000000000647581B9D45981DF80432FD5626FD16FC3	000000000000000000000000000000647581B9D45981DF90432FD5626FD16FC3	68
769	3	diff_low(b2[38],b2[43])	34184381512772173240630851543298020787561	0x64757866095fc11a4946d928e0407cc569	34184381512772173240483277590708344374633	34184381512772173240778425495887697200489	00000000000000000000000000000064757866095FC11A4146D928E0407CC569	00000000000000000000000000000064757866095FC11A5146D928E0407CC569	68
770	3	wavg2b(b3[15],b4[53])	34183676740965440429728753677529112987227	0x6474f0aa1a912dc08b3bf14c2e8c79465b	34183676740965440429581179724939436574299	34183676740965440429876327630118789400155	0000000000000000000000000000006474F0AA1A912DC0833BF14C2E8C79465B	0000000000000000000000000000006474F0AA1A912DC0933BF14C2E8C79465B	68
771	3	avg(b3[25],b4[26])	34610717695940308848393296383428692197335	0x65b635c2bf7e6b525ae72ee1053706bfd7	34610717695940308848245722430839015784407	34610717695940308848540870336018368610263	00000000000000000000000000000065B635C2BF7E6B5252E72EE1053706BFD7	00000000000000000000000000000065B635C2BF7E6B5262E72EE1053706BFD7	68
772	3	wavg2a(b1[10],b3[42])	34183080479754366577571607215290452656282	0x64747dd428071412ae15b1edc54a49c09a	34183080479754366577424033262700776243354	34183080479754366577719181167880129069210	00000000000000000000000000000064747DD428071412A615B1EDC54A49C09A	00000000000000000000000000000064747DD428071412B615B1EDC54A49C09A	68
773	3	diff_low(b2[33],b4[76])	34182871901857103162606735313194909693863	0x647455a878d89cb2eb55953a4b4437f7a7	34182871901857103162459161360605233280935	34182871901857103162754309265784586106791	000000000000000000000000000000647455A878D89CB2E355953A4B4437F7A7	000000000000000000000000000000647455A878D89CB2F355953A4B4437F7A7	68
774	3	diff_low(b1[32],b3[23])	34611296907415357608644842109117298511527	0x65b6a550141c33e5dd67261277ff420ea7	34611296907415357608497268156527622098599	34611296907415357608792416061706974924455	00000000000000000000000000000065B6A550141C33E5D567261277FF420EA7	00000000000000000000000000000065B6A550141C33E5E567261277FF420EA7	68
775	3	wavg2b(b1[17],b1[54])	34182224698513117473870068562395947506055	0x6473d902e231803fbf69d01cbff7de9987	34182224698513117473722494609806271093127	34182224698513117474017642514985623918983	0000000000000000000000000000006473D902E231803FB769D01CBFF7DE9987	0000000000000000000000000000006473D902E231803FC769D01CBFF7DE9987	68
776	3	diff_low(b2[40],b4[71])	34611752653356376401549013493066126169483	0x65b6fd16169978610922e0afe34f75958b	34611752653356376401401439540476449756555	34611752653356376401696587445655802582411	00000000000000000000000000000065B6FD16169978610122E0AFE34F75958B	00000000000000000000000000000065B6FD16169978611122E0AFE34F75958B	68
777	3	wavg2a(b1[7],b3[25])	34182019202631909159850416170771957125414	0x6473b16f2786013b4b1c37e45cc8cf9126	34182019202631909159702842218182280712486	34182019202631909159997990123361633538342	0000000000000000000000000000006473B16F2786013B431C37E45CC8CF9126	0000000000000000000000000000006473B16F2786013B531C37E45CC8CF9126	68
778	3	diff_low(b3[4],b4[71])	34611918241214424519776622293098930881047	0x65b71cfa333373f71c3edd1d0f5973c217	34611918241214424519629048340509254468119	34611918241214424519924196245688607293975	00000000000000000000000000000065B71CFA333373F7143EDD1D0F5973C217	00000000000000000000000000000065B71CFA333373F7243EDD1D0F5973C217	68
779	3	wavg2a(b2[10],b2[36])	34611979121802440459831294080670576179393	0x65b728b3d840db943ee9681e241f7c78c1	34611979121802440459683720128080899766465	34611979121802440459978868033260252592321	00000000000000000000000000000065B728B3D840DB9436E9681E241F7C78C1	00000000000000000000000000000065B728B3D840DB9446E9681E241F7C78C1	68
780	3	avg(b1[69],b3[45])	34181671523293975893877978770845935217453	0x64736e793d53d58fc22ec83e68892e2b2d	34181671523293975893730404818256258804525	34181671523293975894025552723435611630381	00000000000000000000000000000064736E793D53D58FBA2EC83E68892E2B2D	00000000000000000000000000000064736E793D53D58FCA2EC83E68892E2B2D	68
781	3	wavg2b(b1[24],b4[41])	34181596715184972526594840046903352333231	0x64736010ea3f0038f8912b117dd3c393af	34181596715184972526447266094313675920303	34181596715184972526742413999493028746159	00000000000000000000000000000064736010EA3F0038F0912B117DD3C393AF	00000000000000000000000000000064736010EA3F003900912B117DD3C393AF	68
782	3	wavg2b(b1[1],b1[26])	34612463728098131677037190246979680238198	0x65b78608c7a1807e68f990c641dd027a76	34612463728098131676889616294390003825270	34612463728098131677184764199569356651126	00000000000000000000000000000065B78608C7A1807E60F990C641DD027A76	00000000000000000000000000000065B78608C7A1807E70F990C641DD027A76	68
783	3	wavg2a(b2[9],b4[37])	34612669879423060617442043346026565892242	0x65b7adbcd329e1d53cb8aabf18aa2a7892	34612669879423060617294469393436889479314	34612669879423060617589617298616242305170	00000000000000000000000000000065B7ADBCD329E1D534B8AABF18AA2A7892	00000000000000000000000000000065B7ADBCD329E1D544B8AABF18AA2A7892	68
784	3	wavg2b(b1[30],b4[41])	34613239784899047243041848972487491437419	0x65b81b7f558ef5c65469854d201ce5c36b	34613239784899047242894275019897815024491	34613239784899047243189422925077167850347	00000000000000000000000000000065B81B7F558EF5C64C69854D201CE5C36B	00000000000000000000000000000065B81B7F558EF5C65C69854D201CE5C36B	68
785	3	wavg2a(b1[23],b3[20])	34180263436033040823676570218448878509626	0x64725f492d77812cde954587a342371e3a	34180263436033040823528996265859202096698	34180263436033040823824144171038554922554	00000000000000000000000000000064725F492D77812CD6954587A342371E3A	00000000000000000000000000000064725F492D77812CE6954587A342371E3A	68
786	3	diff_low(b1[48],b1[63])	34179846966799527906402303676573974890890	0x64720f13a8b8da786eaad9320ef2a9898a	34179846966799527906254729723984298477962	34179846966799527906549877629163651303818	00000000000000000000000000000064720F13A8B8DA7866AAD9320EF2A9898A	00000000000000000000000000000064720F13A8B8DA7876AAD9320EF2A9898A	68
787	3	diff_low(b1[40],b4[26])	34614691939779906693832027259541054804027	0x65b9332c18fad4f6d2c29fe6d4ab6fd03b	34614691939779906693684453306951378391099	34614691939779906693979601212130731216955	00000000000000000000000000000065B9332C18FAD4F6CAC29FE6D4AB6FD03B	00000000000000000000000000000065B9332C18FAD4F6DAC29FE6D4AB6FD03B	68
788	3	diff_low(b3[39],b4[52])	34614930877632758794888495778918638554447	0x65b96130a4ac9145321ec4345691b40d4f	34614930877632758794740921826328962141519	34614930877632758795036069731508314967375	00000000000000000000000000000065B96130A4AC91452A1EC4345691B40D4F	00000000000000000000000000000065B96130A4AC91453A1EC4345691B40D4F	68
789	3	diff_low(b3[28],b4[34])	34614993616689121094680326251021206054971	0x65b96d45eae512094f4895ca8123f8683b	34614993616689121094532752298431529642043	34614993616689121094827900203610882467899	00000000000000000000000000000065B96D45EAE51209474895CA8123F8683B	00000000000000000000000000000065B96D45EAE51209574895CA8123F8683B	68
790	3	avg(b2[6],b3[42])	34614995280189675063420908630735164267775	0x65b96d97ef39414022b75cae421de7dcff	34614995280189675063273334678145487854847	34614995280189675063568482583324840680703	00000000000000000000000000000065B96D97EF3941401AB75CAE421DE7DCFF	00000000000000000000000000000065B96D97EF3941402AB75CAE421DE7DCFF	68
791	3	diff_low(b2[13],b4[50])	34615007599813808028548633994188369996734	0x65b96ff756bdbdfaccbcc358d44f04abbe	34615007599813808028401060041598693583806	34615007599813808028696207946778046409662	00000000000000000000000000000065B96FF756BDBDFAC4BCC358D44F04ABBE	00000000000000000000000000000065B96FF756BDBDFAD4BCC358D44F04ABBE	68
792	3	avg(b4[10],b4[47])	34178835770202008910904395348823633140473	0x64714c53d14f472b9c934ea93c20e59af9	34178835770202008910756821396233956727545	34178835770202008911051969301413309553401	00000000000000000000000000000064714C53D14F472B94934EA93C20E59AF9	00000000000000000000000000000064714C53D14F472BA4934EA93C20E59AF9	68
793	3	diff_low(b1[4],b1[64])	34615108434674956010385641480019873344172	0x65b98362e19e61111966dfd01fe6b3aaac	34615108434674956010238067527430196931244	34615108434674956010533215432609549757100	00000000000000000000000000000065B98362E19E61111166DFD01FE6B3AAAC	00000000000000000000000000000065B98362E19E61112166DFD01FE6B3AAAC	68
794	3	wavg2b(b1[71],b3[42])	34615365317106982541836099362901082648400	0x65b9b4dc29be96e273669f156137922f50	34615365317106982541688525410311406235472	34615365317106982541983673315490759061328	00000000000000000000000000000065B9B4DC29BE96E26B669F156137922F50	00000000000000000000000000000065B9B4DC29BE96E27B669F156137922F50	68
795	3	wavg2b(b1[25],b1[44])	34178527896743710712278714328448146618022	0x647111087bf3173f556fe142c32e5436a6	34178527896743710712131140375858470205094	34178527896743710712426288281037823030950	000000000000000000000000000000647111087BF3173F4D6FE142C32E5436A6	000000000000000000000000000000647111087BF3173F5D6FE142C32E5436A6	68
796	3	wavg2b(b2[31],b4[18])	34615465681786974366373304111415211335327	0x65b9c8308619f935e988565938d7441e9f	34615465681786974366225730158825534922399	34615465681786974366520878064004887748255	00000000000000000000000000000065B9C8308619F935E188565938D7441E9F	00000000000000000000000000000065B9C8308619F935F188565938D7441E9F	68
797	3	wavg2a(b2[0],b2[19])	34616469072167330881643801312226153824190	0x65ba896f7d3386540cffbb812ad8df7fbe	34616469072167330881496227359636477411262	34616469072167330881791375264815830237118	00000000000000000000000000000065BA896F7D33865404FFBB812AD8DF7FBE	00000000000000000000000000000065BA896F7D33865414FFBB812AD8DF7FBE	68
798	3	wavg2b(b1[7],b2[15])	34177302722001684274016411299988682088043	0x64702512b4a71d520eae978ad76b049e6b	34177302722001684273868837347399005675115	34177302722001684274163985252578358500971	00000000000000000000000000000064702512B4A71D5206AE978AD76B049E6B	00000000000000000000000000000064702512B4A71D5216AE978AD76B049E6B	68
799	3	wavg2b(b3[1],b3[20])	34616712633823511106302809724707573680196	0x65bab858017f97ea9e233f3ddcf6014844	34616712633823511106155235772117897267268	34616712633823511106450383677297250093124	00000000000000000000000000000065BAB858017F97EA96233F3DDCF6014844	00000000000000000000000000000065BAB858017F97EAA6233F3DDCF6014844	68
800	3	wavg2b(b4[16],b4[17])	34617072709228692939926555629190836233282	0x65bafdb1180f478157eaefc8264739a442	34617072709228692939778981676601159820354	34617072709228692940074129581780512646210	00000000000000000000000000000065BAFDB1180F47814FEAEFC8264739A442	00000000000000000000000000000065BAFDB1180F47815FEAEFC8264739A442	68
801	3	wavg2b(b1[48],b4[48])	34617195419055034129272571293840343697320	0x65bb155327d08eaf9741f4b28992ee07a8	34617195419055034129124997341250667284392	34617195419055034129420145246430020110248	00000000000000000000000000000065BB155327D08EAF8F41F4B28992EE07A8	00000000000000000000000000000065BB155327D08EAF9F41F4B28992EE07A8	68
802	3	wavg2b(b1[20],b3[52])	34617256841227941180691705593369677651055	0x65bb212780a1204757426392128beddc6f	34617256841227941180544131640780001238127	34617256841227941180839279545959354063983	00000000000000000000000000000065BB212780A120474F426392128BEDDC6F	00000000000000000000000000000065BB212780A120475F426392128BEDDC6F	68
803	3	wavg2b(b1[74],b3[22])	34176132307117497142421755140938134038708	0x646f43a8cbeeb23a636b0b3420ca09a8b4	34176132307117497142274181188348457625780	34176132307117497142569329093527810451636	000000000000000000000000000000646F43A8CBEEB23A5B6B0B3420CA09A8B4	000000000000000000000000000000646F43A8CBEEB23A6B6B0B3420CA09A8B4	68
804	3	diff_low(b4[17],b4[41])	34617902730076361229825027112296985346174	0x65bb9d8c4803fd8b682ee7a8678e3f407e	34617902730076361229677453159707308933246	34617902730076361229972601064886661759102	00000000000000000000000000000065BB9D8C4803FD8B602EE7A8678E3F407E	00000000000000000000000000000065BB9D8C4803FD8B702EE7A8678E3F407E	68
805	3	avg(b1[2],b3[55])	34175533926792572586344015978618266693586	0x646ed06a5e6a73743c96a306477e69afd2	34175533926792572586196442026028590280658	34175533926792572586491589931207943106514	000000000000000000000000000000646ED06A5E6A73743496A306477E69AFD2	000000000000000000000000000000646ED06A5E6A73744496A306477E69AFD2	68
806	3	avg(b1[46],b2[44])	34619111649103963541733383813021112661169	0x65bc86609759d0a2afc25822bebc0af4b1	34619111649103963541585809860431436248241	34619111649103963541880957765610789074097	00000000000000000000000000000065BC86609759D0A2A7C25822BEBC0AF4B1	00000000000000000000000000000065BC86609759D0A2B7C25822BEBC0AF4B1	68
