idx	priority	label	center_dec	center_hex	lo_dec	hi_dec	lo_hex	hi_hex	width_bits
1	0	kanga_mid	34396961501501289790968896312971598690914	0x651565d0aed35b732c9f1da5021496fa62	34396961501501289790950449568897889139298	34396961501501289790987343057045308242530	000000000000000000000000000000651565D0AED35B732B9F1DA5021496FA62	000000000000000000000000000000651565D0AED35B732D9F1DA5021496FA62	65
2	0	kanga_lower	34174754894546241838917366508516248859293	0x646e3a611d16550676944463c5f81f329d	34174754894546241838898919764442539307677	34174754894546241838935813252589958410909	000000000000000000000000000000646E3A611D16550675944463C5F81F329D	000000000000000000000000000000646E3A611D16550677944463C5F81F329D	65
3	0	kanga_upper_minus_1	34619168108456337743020426117426948522535	0x65bc9140409061dfe2a9f6e63e310ec227	34619168108456337743001979373353238970919	34619168108456337743038872861500658074151	00000000000000000000000000000065BC9140409061DFE1A9F6E63E310EC227	00000000000000000000000000000065BC9140409061DFE3A9F6E63E310EC227	65
4	1	chunk_18	34196556479943799031756551071842849986982	0x647ea136435bd787040c3d84b5fe7b19a6	34196556479943799031738104327769140435366	34196556479943799031774997815916559538598	000000000000000000000000000000647EA136435BD787030C3D84B5FE7B19A6	000000000000000000000000000000647EA136435BD787050C3D84B5FE7B19A6	65
5	2	b2[46]	34339313561024031265435986695011695739557	0x64ea0739c6ae6c43a18d226a380b5242a5	34339313561024031265417539950937986187941	34339313561024031265454433439085405291173	00000000000000000000000000000064EA0739C6AE6C43A08D226A380B5242A5	00000000000000000000000000000064EA0739C6AE6C43A28D226A380B5242A5	65
6	3	wavg2a(b1[1],b2[7])	34397110051619213566813014671643969341096	0x6515826cc4e9de769ab310cd8fca6446a8	34397110051619213566794567927570259789480	34397110051619213566831461415717678892712	0000000000000000000000000000006515826CC4E9DE7699B310CD8FCA6446A8	0000000000000000000000000000006515826CC4E9DE769BB310CD8FCA6446A8	65
7	3	wavg2a(b1[10],b1[27])	34396787567781729472454552324872190505623	0x6515445116a469eb4a1ad8cdc9d2df3297	34396787567781729472436105580798480954007	34396787567781729472472999068945900057239	0000000000000000000000000000006515445116A469EB491AD8CDC9D2DF3297	0000000000000000000000000000006515445116A469EB4B1AD8CDC9D2DF3297	65
8	3	wavg2a(b2[10],b3[17])	34397196302846583187431493476075624417417	0x6515930948744f843c6f30b72097fb4889	34397196302846583187413046732001914865801	34397196302846583187449940220149333969033	0000000000000000000000000000006515930948744F843B6F30B72097FB4889	0000000000000000000000000000006515930948744F843D6F30B72097FB4889	65
9	3	wavg2a(b1[27],b4[42])	34397508193373559660730539773662841169753	0x6515cf1aac597166ff4f2a2999776a6759	34397508193373559660712093029589131618137	34397508193373559660748986517736550721369	0000000000000000000000000000006515CF1AAC597166FE4F2A2999776A6759	0000000000000000000000000000006515CF1AAC597167004F2A2999776A6759	65
10	3	wavg2b(b1[68],b2[34])	34397686350317442690610958355081515370359	0x6515f16a7d1e252472224d7bd823f20777	34397686350317442690592511611007805818743	34397686350317442690629405099155224921975	0000000000000000000000000000006515F16A7D1E252471224D7BD823F20777	0000000000000000000000000000006515F16A7D1E252473224D7BD823F20777	65
11	3	wavg2b(b1[18],b3[57])	34395349569714579269391985405040734031355	0x65142f5e4f54b68b57afb07e45efb0cdfb	34395349569714579269373538660967024479739	34395349569714579269410432149114443582971	00000000000000000000000000000065142F5E4F54B68B56AFB07E45EFB0CDFB	00000000000000000000000000000065142F5E4F54B68B58AFB07E45EFB0CDFB	65
12	3	avg(b2[12],b3[27])	34395069493849757148580694804578975387289	0x6513f96d80ed45a9d71cc7bbab06348e99	34395069493849757148562248060505265835673	34395069493849757148599141548652684938905	0000000000000000000000000000006513F96D80ED45A9D61CC7BBAB06348E99	0000000000000000000000000000006513F96D80ED45A9D81CC7BBAB06348E99	65
13	3	avg(b4[0],b4[66])	34399099430959510801405529449344264288229	0x65170190be4f19de2ec56f9e8a5543b7e5	34399099430959510801387082705270554736613	34399099430959510801423976193417973839845	00000000000000000000000000000065170190BE4F19DE2DC56F9E8A5543B7E5	00000000000000000000000000000065170190BE4F19DE2FC56F9E8A5543B7E5	65
14	3	wavg2a(b3[31],b3[43])	34394551646206688774027730634764121414776	0x651395b1a4c25b3947073bf08b074e1c78	34394551646206688774009283890690411863160	34394551646206688774046177378837830966392	000000000000000000000000000000651395B1A4C25B3946073BF08B074E1C78	000000000000000000000000000000651395B1A4C25B3948073BF08B074E1C78	65
15	3	wavg2b(b2[26],b4[64])	34394242258433480865106181973490350332194	0x65135a1ba60eccb03d39e795a034e69922	34394242258433480865087735229416640780578	34394242258433480865124628717564059883810	00000000000000000000000000000065135A1BA60ECCB03C39E795A034E69922	00000000000000000000000000000065135A1BA60ECCB03E39E795A034E69922	65
16	3	avg(b1[10],b1[68])	34394208961898661791198956990946037778790	0x651353b200b449275699797ed90c90c966	34394208961898661791180510246872328227174	34394208961898661791217403735019747330406	000000000000000000000000000000651353B200B449275599797ED90C90C966	000000000000000000000000000000651353B200B449275799797ED90C90C966	65
17	3	wavg2b(b1[18],b3[13])	34394131075125340656608540247417344921645	0x651344b1e36a8799471680ec97cd2a902d	34394131075125340656590093503343635370029	34394131075125340656626986991491054473261	000000000000000000000000000000651344B1E36A8799461680EC97CD2A902D	000000000000000000000000000000651344B1E36A8799481680EC97CD2A902D	65
18	3	wavg2b(b3[5],b3[43])	34399812063756719401616506703276668527490	0x65178ad040c3d24160349af9c09c9aa382	34399812063756719401598059959202958975874	34399812063756719401634953447350378079106	00000000000000000000000000000065178AD040C3D2415F349AF9C09C9AA382	00000000000000000000000000000065178AD040C3D24161349AF9C09C9AA382	65
19	3	wavg2b(b1[15],b2[8])	34393632225377834202977277543765556927234	0x6512e49eb266e5498852056a537c891b02	34393632225377834202958830799691847375618	34393632225377834202995724287839266478850	0000000000000000000000000000006512E49EB266E5498752056A537C891B02	0000000000000000000000000000006512E49EB266E5498952056A537C891B02	65
20	3	wavg2b(b2[41],b3[43])	34400364023283546462375202703386017566039	0x6517f51df56fc38af53c8f105368948d57	34400364023283546462356755959312308014423	34400364023283546462393649447459727117655	0000000000000000000000000000006517F51DF56FC38AF43C8F105368948D57	0000000000000000000000000000006517F51DF56FC38AF63C8F105368948D57	65
21	3	diff_low(b3[52],b4[2])	34393544485926015191852389149852237859906	0x6512d3b8ced3e8921d0d01fb1ba4388c42	34393544485926015191833942405778528308290	34393544485926015191870835893925947411522	0000000000000000000000000000006512D3B8CED3E8921C0D01FB1BA4388C42	0000000000000000000000000000006512D3B8CED3E8921E0D01FB1BA4388C42	65
22	3	diff_low(b3[30],b4[2])	34400472936560758843747845062291068190554	0x65180a17cc42833cf6a99daa3ae7de7f5a	34400472936560758843729398318217358638938	34400472936560758843766291806364777742170	00000000000000000000000000000065180A17CC42833CF5A99DAA3AE7DE7F5A	00000000000000000000000000000065180A17CC42833CF7A99DAA3AE7DE7F5A	65
23	3	wavg2a(b2[13],b2[41])	34393405122175211210597256609332272931861	0x6512b8e1a4fe72d895f32fec9cc6a1a415	34393405122175211210578809865258563380245	34393405122175211210615703353405982483477	0000000000000000000000000000006512B8E1A4FE72D894F32FEC9CC6A1A415	0000000000000000000000000000006512B8E1A4FE72D896F32FEC9CC6A1A415	65
24	3	diff_low(b1[48],b1[59])	34393379618631147821813101340133175024918	0x6512b3f8390322380e7d971addca175d16	34393379618631147821794654596059465473302	34393379618631147821831548084206884576534	0000000000000000000000000000006512B3F8390322380D7D971ADDCA175D16	0000000000000000000000000000006512B3F8390322380F7D971ADDCA175D16	65
25	3	wavg2a(b2[13],b3[5])	34392853162648384149838560609222923893312	0x65124e93f052818f00eb3bd609faa7ba40	34392853162648384149820113865149214341696	34392853162648384149857007353296633444928	00000000000000000000000000000065124E93F052818EFFEB3BD609FAA7BA40	00000000000000000000000000000065124E93F052818F01EB3BD609FAA7BA40	65
26	3	wavg2a(b2[15],b2[26])	34401384911526559932418313316199036058455	0x6518b9bba29cdf9beff785e5d318b37b57	34401384911526559932399866572125326506839	34401384911526559932436760060272745610071	0000000000000000000000000000006518B9BBA29CDF9BEEF785E5D318B37B57	0000000000000000000000000000006518B9BBA29CDF9BF0F785E5D318B37B57	65
27	3	avg(b1[22],b3[17])	34401597861826669358652210603794452990630	0x6518e2bee546e779b3bc88f90a38284aa6	34401597861826669358633763859720743439014	34401597861826669358670657347868162542246	0000000000000000000000000000006518E2BEE546E779B2BC88F90A38284AA6	0000000000000000000000000000006518E2BEE546E779B4BC88F90A38284AA6	65
28	3	diff_low(b1[21],b3[47])	34402101676503025514727365409603275989296	0x651943c6e080e0f749d0485a160c042130	34402101676503025514708918665529566437680	34402101676503025514745812153676985540912	000000000000000000000000000000651943C6E080E0F748D0485A160C042130	000000000000000000000000000000651943C6E080E0F74AD0485A160C042130	65
29	3	wavg2a(b1[52],b4[52])	34391727451889385900069348589234292172852	0x651175c61cfd0fda47798c3a841bf6a834	34391727451889385900050901845160582621236	34391727451889385900087795333308001724468	000000000000000000000000000000651175C61CFD0FDA46798C3A841BF6A834	000000000000000000000000000000651175C61CFD0FDA48798C3A841BF6A834	65
30	3	avg(b1[70],b2[7])	34391561686900465583047198005462573916821	0x651155d944ae5ce62319f44857970a2295	34391561686900465583028751261388864365205	34391561686900465583065644749536283468437	000000000000000000000000000000651155D944AE5CE62219F44857970A2295	000000000000000000000000000000651155D944AE5CE62419F44857970A2295	65
31	3	wavg2b(b2[13],b3[31])	34391072195652521148138757587737249097687	0x6510f7937c89b2e017628c5eafb654a7d7	34391072195652521148120310843663539546071	34391072195652521148157204331810958649303	0000000000000000000000000000006510F7937C89B2E016628C5EAFB654A7D7	0000000000000000000000000000006510F7937C89B2E018628C5EAFB654A7D7	65
32	3	wavg2a(b4[30],b4[48])	34391014935016507622552346327850507535111	0x6510ec8c51b40e0803a48dcb744cb38307	34391014935016507622533899583776797983495	34391014935016507622570793071924217086727	0000000000000000000000000000006510EC8C51B40E0802A48DCB744CB38307	0000000000000000000000000000006510EC8C51B40E0804A48DCB744CB38307	65
33	3	diff_low(b3[22],b4[50])	34402914716807436690371597616804537894374	0x6519e05cdbdf2a1a322e994cb36f7505e6	34402914716807436690353150872730828342758	34402914716807436690390044360878247445990	0000000000000000000000000000006519E05CDBDF2A1A312E994CB36F7505E6	0000000000000000000000000000006519E05CDBDF2A1A332E994CB36F7505E6	65
34	3	avg(b1[22],b4[45])	34390660986042838695527354181908158847492	0x6510a86149943a0d835db5e7d436e99a04	34390660986042838695508907437834449295876	34390660986042838695545800925981868399108	0000000000000000000000000000006510A86149943A0D825DB5E7D436E99A04	0000000000000000000000000000006510A86149943A0D845DB5E7D436E99A04	65
35	3	diff_low(b2[24],b4[61])	34403434793674149806135528520669493535399	0x651a4486a0cc28844a07a03fe5a01922a7	34403434793674149806117081776595783983783	34403434793674149806153975264743203087015	000000000000000000000000000000651A4486A0CC28844907A03FE5A01922A7	000000000000000000000000000000651A4486A0CC28844B07A03FE5A01922A7	65
36	3	diff_low(b1[29],b1[48])	34390217950924724543948449158867134319507	0x6510530df83ad9e2cb5d0d2d9b6af20b93	34390217950924724543930002414793424767891	34390217950924724543966895902940843871123	0000000000000000000000000000006510530DF83AD9E2CA5D0D2D9B6AF20B93	0000000000000000000000000000006510530DF83AD9E2CC5D0D2D9B6AF20B93	65
37	3	wavg2a(b2[10],b4[45])	34389905052324029412014922528151428321992	0x651016cae0a7dbe6c6daa400fc9726d2c8	34389905052324029411996475784077718770376	34389905052324029412033369272225137873608	000000000000000000000000000000651016CAE0A7DBE6C5DAA400FC9726D2C8	000000000000000000000000000000651016CAE0A7DBE6C7DAA400FC9726D2C8	65
38	3	wavg2a(b3[45],b4[30])	34389749191559523262826553342602823589786	0x650ff8c6593c3ab8c75f3af32493cbdf9a	34389749191559523262808106598529114038170	34389749191559523262845000086676533141402	000000000000000000000000000000650FF8C6593C3AB8C65F3AF32493CBDF9A	000000000000000000000000000000650FF8C6593C3AB8C85F3AF32493CBDF9A	65
39	3	avg(b1[60],b3[40])	34404178557557133362704950461991707789213	0x651ad3c504cc29ac68d315d1d91a80c79d	34404178557557133362686503717917998237597	34404178557557133362723397206065417340829	000000000000000000000000000000651AD3C504CC29AC67D315D1D91A80C79D	000000000000000000000000000000651AD3C504CC29AC69D315D1D91A80C79D	65
40	3	avg(b3[35],b4[6])	34389382618531398401615396864222335963555	0x650fb22ce7247cfb193a6906f1344191a3	34389382618531398401596950120148626411939	34389382618531398401633843608296045515171	000000000000000000000000000000650FB22CE7247CFB183A6906F1344191A3	000000000000000000000000000000650FB22CE7247CFB1A3A6906F1344191A3	65
41	3	diff_low(b1[62],b4[1])	34388896802891739704771223029980224447827	0x650f549c57b2bc42500346eddaeeb66553	34388896802891739704752776285906514896211	34388896802891739704789669774053933999443	000000000000000000000000000000650F549C57B2BC424F0346EDDAEEB66553	000000000000000000000000000000650F549C57B2BC42510346EDDAEEB66553	65
42	3	diff_low(b1[55],b4[55])	34388776127219584730886532267590060223454	0x650f3d5e92941edc00ff8697873f562bde	34388776127219584730868085523516350671838	34388776127219584730904979011663769775070	000000000000000000000000000000650F3D5E92941EDBFFFF8697873F562BDE	000000000000000000000000000000650F3D5E92941EDC01FF8697873F562BDE	65
43	3	wavg2b(b3[29],b4[50])	34405512880881281138812393602055064605431	0x651bd4c03ce20e05e49239d678e76d52f7	34405512880881281138793946857981355053815	34405512880881281138830840346128774157047	000000000000000000000000000000651BD4C03CE20E05E39239D678E76D52F7	000000000000000000000000000000651BD4C03CE20E05E59239D678E76D52F7	65
44	3	diff_low(b3[40],b3[44])	34405538992176849881147337150213532887697	0x651bd9c79fc46520e2cd7ee56fed9f2a91	34405538992176849881128890406139823336081	34405538992176849881165783894287242439313	000000000000000000000000000000651BD9C79FC46520E1CD7EE56FED9F2A91	000000000000000000000000000000651BD9C79FC46520E3CD7EE56FED9F2A91	65
45	3	wavg2b(b1[40],b1[67])	34405646026348964162209645404316831306548	0x651bee64d0f31ab9c50f1817a52f1fd334	34405646026348964162191198660243121754932	34405646026348964162228092148390540858164	000000000000000000000000000000651BEE64D0F31AB9C40F1817A52F1FD334	000000000000000000000000000000651BEE64D0F31AB9C60F1817A52F1FD334	65
46	3	wavg2b(b2[28],b3[1])	34387956365078991986716973624765313015345	0x650e9f7d2db5bb92737d69ce1a97f15e31	34387956365078991986698526880691603463729	34387956365078991986735420368839022566961	000000000000000000000000000000650E9F7D2DB5BB92727D69CE1A97F15E31	000000000000000000000000000000650E9F7D2DB5BB92747D69CE1A97F15E31	65
47	3	avg(b3[42],b4[27])	34387790906869463556223915986256626670855	0x650e7f9f7580b5eaf0f48a9f7c3ffb5d07	34387790906869463556205469242182917119239	34387790906869463556242362730330336222471	000000000000000000000000000000650E7F9F7580B5EAEFF48A9F7C3FFB5D07	000000000000000000000000000000650E7F9F7580B5EAF1F48A9F7C3FFB5D07	65
48	3	avg(b2[11],b4[53])	34406262090566139481928005543535262553658	0x651c650b2090f1cedfaf40da7cd23fd63a	34406262090566139481909558799461553002042	34406262090566139481946452287608972105274	000000000000000000000000000000651C650B2090F1CEDEAF40DA7CD23FD63A	000000000000000000000000000000651C650B2090F1CEE0AF40DA7CD23FD63A	65
49	3	avg(b1[9],b4[15])	34387568059963507704074305936786473663136	0x650e54b4421c87cf1b126f9d0cd764baa0	34387568059963507704055859192712764111520	34387568059963507704092752680860183214752	000000000000000000000000000000650E54B4421C87CF1A126F9D0CD764BAA0	000000000000000000000000000000650E54B4421C87CF1C126F9D0CD764BAA0	65
50	3	avg(b1[39],b4[2])	34406564782937723332555321323020106949763	0x651c9f57036b0faa949ff03bb08fed6483	34406564782937723332536874578946397398147	34406564782937723332573768067093816501379	000000000000000000000000000000651C9F57036B0FAA939FF03BB08FED6483	000000000000000000000000000000651C9F57036B0FAA959FF03BB08FED6483	65
51	3	diff_low(b4[4],b4[70])	34386967571210114619460100950234999000141	0x650de10de07c78e9ce079f712107ab8c4d	34386967571210114619441654206161289448525	34386967571210114619478547694308708551757	000000000000000000000000000000650DE10DE07C78E9CD079F712107AB8C4D	000000000000000000000000000000650DE10DE07C78E9CF079F712107AB8C4D	65
52	3	wavg2a(b2[10],b4[1])	34386609876537544354641891890649357889236	0x650d9c2a2afebd4977a04fe17bb81c2ed4	34386609876537544354623445146575648337620	34386609876537544354660338634723067440852	000000000000000000000000000000650D9C2A2AFEBD4976A04FE17BB81C2ED4	000000000000000000000000000000650D9C2A2AFEBD4978A04FE17BB81C2ED4	65
53	3	diff_low(b2[28],b4[15])	34386385344861644721696564490264241452033	0x650d70ebe6d145121abfa85e2ff3c73401	34386385344861644721678117746190531900417	34386385344861644721715011234337951003649	000000000000000000000000000000650D70EBE6D1451219BFA85E2FF3C73401	000000000000000000000000000000650D70EBE6D145121BBFA85E2FF3C73401	65
54	3	wavg2a(b1[22],b3[46])	34407537910562843921093238311737205258579	0x651d5ac1e8d89f3016342699b4e1e0f953	34407537910562843921074791567663495706963	34407537910562843921111685055810914810195	000000000000000000000000000000651D5AC1E8D89F3015342699B4E1E0F953	000000000000000000000000000000651D5AC1E8D89F3017342699B4E1E0F953	65
55	3	diff_low(b1[10],b3[2])	34407892167740942653026924462814303016291	0x651d9efc230eac3435636fb68cc2ded563	34407892167740942653008477718740593464675	34407892167740942653045371206888012567907	000000000000000000000000000000651D9EFC230EAC3434636FB68CC2DED563	000000000000000000000000000000651D9EFC230EAC3436636FB68CC2DED563	65
56	3	diff_low(b1[48],b3[9])	34385942191418158377233155395813988900044	0x650d1b92bffdff0d82aead585186081ccc	34385942191418158377214708651740279348428	34385942191418158377251602139887698451660	000000000000000000000000000000650D1B92BFFDFF0D81AEAD585186081CCC	000000000000000000000000000000650D1B92BFFDFF0D83AEAD585186081CCC	65
57	3	avg(b1[22],b4[1])	34385718222363111109467808225655053198358	0x650cf07039168c218c8637b892e859a416	34385718222363111109449361481581343646742	34385718222363111109486254969728762749974	000000000000000000000000000000650CF07039168C218B8637B892E859A416	000000000000000000000000000000650CF07039168C218D8637B892E859A416	65
58	3	avg(b1[1],b3[8])	34385581999919942519640016838295044145968	0x650cd633f0217c7787d7a60b8ce91ac330	34385581999919942519621570094221334594352	34385581999919942519658463582368753697584	000000000000000000000000000000650CD633F0217C7786D7A60B8CE91AC330	000000000000000000000000000000650CD633F0217C7788D7A60B8CE91AC330	65
59	3	diff_low(b4[16],b4[27])	34385531666286757372964127404080791902988	0x650ccc824c5d225b9e87eadd50bc995b0c	34385531666286757372945680660007082351372	34385531666286757372982574148154501454604	000000000000000000000000000000650CCC824C5D225B9D87EADD50BC995B0C	000000000000000000000000000000650CCC824C5D225B9F87EADD50BC995B0C	65
60	3	wavg2b(b1[34],b1[65])	34409111194420687376350673113592079918677	0x651e89c2cae601ed7bf48c1d86ea212655	34409111194420687376332226369518370367061	34409111194420687376369119857665789470293	000000000000000000000000000000651E89C2CAE601ED7AF48C1D86EA212655	000000000000000000000000000000651E89C2CAE601ED7CF48C1D86EA212655	65
61	3	diff_low(b1[30],b2[6])	34384366274236604981637821561446069207931	0x650bec1008b8ccdfc3cc00e4e02510837b	34384366274236604981619374817372359656315	34384366274236604981656268305519778759547	000000000000000000000000000000650BEC1008B8CCDFC2CC00E4E02510837B	000000000000000000000000000000650BEC1008B8CCDFC4CC00E4E02510837B	65
62	3	diff_low(b1[17],b2[32])	34409630883667589138312148649519459474943	0x651eedd9735fd759491a1f5823f48a1dff	34409630883667589138293701905445749923327	34409630883667589138330595393593169026559	000000000000000000000000000000651EEDD9735FD759481A1F5823F48A1DFF	000000000000000000000000000000651EEDD9735FD7594A1A1F5823F48A1DFF	65
63	3	wavg2b(b2[38],b3[19])	34384085552221681130280191735369514555048	0x650bb5ff5ec1c70ae3d2316a69326b16a8	34384085552221681130261744991295805003432	34384085552221681130298638479443224106664	000000000000000000000000000000650BB5FF5EC1C70AE2D2316A69326B16A8	000000000000000000000000000000650BB5FF5EC1C70AE4D2316A69326B16A8	65
64	3	wavg2a(b1[5],b1[52])	34383830634436955560413948616701509346370	0x650b84e6f3f75f15b66f80c33a76cba442	34383830634436955560395501872627799794754	34383830634436955560432395360775218897986	000000000000000000000000000000650B84E6F3F75F15B56F80C33A76CBA442	000000000000000000000000000000650B84E6F3F75F15B76F80C33A76CBA442	65
65	3	wavg2a(b1[65],b4[58])	34410093904908952386813464880527273259559	0x651f470629105f4391b179316e40f27227	34410093904908952386795018136453563707943	34410093904908952386831911624600982811175	000000000000000000000000000000651F470629105F4390B179316E40F27227	000000000000000000000000000000651F470629105F4392B179316E40F27227	65
66	3	diff_low(b1[37],b1[38])	34383684261993533125035155812944835365013	0x650b68b63bfeac08055c1cbeb5301dc895	34383684261993533125016709068871125813397	34383684261993533125053602557018544916629	000000000000000000000000000000650B68B63BFEAC08045C1CBEB5301DC895	000000000000000000000000000000650B68B63BFEAC08065C1CBEB5301DC895	65
67	3	wavg2b(b4[39],b4[55])	34383206453416684792807104866421207257005	0x650b0cb073e43b89986a3ac1543028cfad	34383206453416684792788658122347497705389	34383206453416684792825551610494916808621	000000000000000000000000000000650B0CB073E43B89976A3AC1543028CFAD	000000000000000000000000000000650B0CB073E43B89996A3AC1543028CFAD	65
68	3	avg(b1[73],b4[3])	34410992064434387568059963507704074305936	0x651ff400d80b5312e4edca6c0021bf8190	34410992064434387568041516763630364754320	34410992064434387568078410251777783857552	000000000000000000000000000000651FF400D80B5312E3EDCA6C0021BF8190	000000000000000000000000000000651FF400D80B5312E5EDCA6C0021BF8190	65
69	3	avg(b3[7],b4[18])	34411085555580450091779905804498742208136	0x652006025034bf5b5479866ef659a6e688	34411085555580450091761459060425032656520	34411085555580450091798352548572451759752	000000000000000000000000000000652006025034BF5B5379866EF659A6E688	000000000000000000000000000000652006025034BF5B5579866EF659A6E688	65
70	3	diff_low(b1[25],b1[61])	34411196803719975368601024516553268117781	0x65201b6f452285428aa4b24f17676dc115	34411196803719975368582577772479558566165	34411196803719975368619471260626977669397	00000000000000000000000000000065201B6F4522854289A4B24F17676DC115	00000000000000000000000000000065201B6F452285428BA4B24F17676DC115	65
71	3	wavg2b(b2[10],b2[34])	34382244521951791212939262540088312302576	0x650a536d91df7ed5b8c3fe2a47a6738bf0	34382244521951791212920815796014602750960	34382244521951791212957709284162021854192	000000000000000000000000000000650A536D91DF7ED5B7C3FE2A47A6738BF0	000000000000000000000000000000650A536D91DF7ED5B9C3FE2A47A6738BF0	65
72	3	wavg2a(b1[14],b2[22])	34411688656407437158601505969113986306877	0x65207a297ad5c9c199f3af9d6a87fd133d	34411688656407437158583059225040276755261	34411688656407437158619952713187695858493	00000000000000000000000000000065207A297AD5C9C198F3AF9D6A87FD133D	00000000000000000000000000000065207A297AD5C9C19AF3AF9D6A87FD133D	65
73	3	wavg2a(b2[26],b3[38])	34411742516632688291277506778663077360273	0x65208488fe73ad3b737fed44a4ef8d3291	34411742516632688291259060034589367808657	34411742516632688291295953522736786911889	00000000000000000000000000000065208488FE73AD3B727FED44A4EF8D3291	00000000000000000000000000000065208488FE73AD3B747FED44A4EF8D3291	65
74	3	diff_low(b3[18],b4[12])	34411795170696121920620341651221386804617	0x65208ead0a2a89aaf02155d75f9606bd89	34411795170696121920601894907147677253001	34411795170696121920638788395295096356233	00000000000000000000000000000065208EAD0A2A89AAEF2155D75F9606BD89	00000000000000000000000000000065208EAD0A2A89AAF12155D75F9606BD89	65
75	3	wavg2b(b4[12],b4[24])	34411866680726487333101531423915217501202	0x65209c72c1a48b03e6429e6d051343bc12	34411866680726487333083084679841507949586	34411866680726487333119978167988927052818	00000000000000000000000000000065209C72C1A48B03E5429E6D051343BC12	00000000000000000000000000000065209C72C1A48B03E7429E6D051343BC12	65
76	3	wavg2a(b3[26],b3[39])	34381948888413279458991609138279268674419	0x650a1a7db60529768f32881421a842eb73	34381948888413279458973162394205559122803	34381948888413279459010055882352978226035	000000000000000000000000000000650A1A7DB60529768E32881421A842EB73	000000000000000000000000000000650A1A7DB60529769032881421A842EB73	65
77	3	wavg2b(b2[47],b4[6])	34381554486282806497890387646292254582295	0x6509ce882f46049eb961591962d89ce617	34381554486282806497871940902218545030679	34381554486282806497908834390365964133911	0000000000000000000000000000006509CE882F46049EB861591962D89CE617	0000000000000000000000000000006509CE882F46049EBA61591962D89CE617	65
78	3	avg(b3[52],b4[17])	34381428269485638156567934428045542046047	0x6509b6393752d86e21131b651eb8ae395f	34381428269485638156549487683971832494431	34381428269485638156586381172119251597663	0000000000000000000000000000006509B6393752D86E20131B651EB8AE395F	0000000000000000000000000000006509B6393752D86E22131B651EB8AE395F	65
79	3	diff_low(b1[18],b3[19])	34412507725807306854038266009518020874439	0x652117e8b8162d6964b289a2fdd919d0c7	34412507725807306854019819265444311322823	34412507725807306854056712753591730426055	000000000000000000000000000000652117E8B8162D6963B289A2FDD919D0C7	000000000000000000000000000000652117E8B8162D6965B289A2FDD919D0C7	65
80	3	avg(b2[9],b3[29])	34381332723299991129956478765459570279100	0x6509a3d26cea65d1425c800aa05b79c2bc	34381332723299991129938032021385860727484	34381332723299991129974925509533279830716	0000000000000000000000000000006509A3D26CEA65D1415C800AA05B79C2BC	0000000000000000000000000000006509A3D26CEA65D1435C800AA05B79C2BC	65
81	3	diff_low(b1[54],b3[25])	34381204206131002306289311373770098068048	0x65098b120a30fe0fb0688e9f6cdc35ca50	34381204206131002306270864629696388516432	34381204206131002306307758117843807619664	00000000000000000000000000000065098B120A30FE0FAF688E9F6CDC35CA50	00000000000000000000000000000065098B120A30FE0FB1688E9F6CDC35CA50	65
82	3	wavg2b(b2[13],b2[19])	34412942003362163603735895867581187153787	0x65216b8c417281d9572c2eb66adc6edf7b	34412942003362163603717449123507477602171	34412942003362163603754342611654896705403	00000000000000000000000000000065216B8C417281D9562C2EB66ADC6EDF7B	00000000000000000000000000000065216B8C417281D9582C2EB66ADC6EDF7B	65
83	3	diff_low(b4[16],b4[17])	34413263713931742167464689066673518947534	0x6521a981cfb49aa0f68ad828f35b482cce	34413263713931742167446242322599809395918	34413263713931742167483135810747228499150	0000000000000000000000000000006521A981CFB49AA0F58AD828F35B482CCE	0000000000000000000000000000006521A981CFB49AA0F78AD828F35B482CCE	65
84	3	diff_low(b4[7],b4[75])	34380613427222956615171920622875717345936	0x6509194a640b5d6aee34331f9c85672290	34380613427222956615153473878802007794320	34380613427222956615190367366949426897552	0000000000000000000000000000006509194A640B5D6AED34331F9C85672290	0000000000000000000000000000006509194A640B5D6AEF34331F9C85672290	65
85	3	avg(b1[56],b4[52])	34413427345125305237805472600208849201697	0x6521c90573baa6e98e2aa0bf87a1cf6a21	34413427345125305237787025856135139650081	34413427345125305237823919344282558753313	0000000000000000000000000000006521C90573BAA6E98D2AA0BF87A1CF6A21	0000000000000000000000000000006521C90573BAA6E98F2AA0BF87A1CF6A21	65
86	3	wavg2a(b1[9],b1[44])	34380371234056237231748513824475533789209	0x6508eaa558833a52104790e0c9a4a7c819	34380371234056237231730067080401824237593	34380371234056237231766960568549243340825	0000000000000000000000000000006508EAA558833A520F4790E0C9A4A7C819	0000000000000000000000000000006508EAA558833A52114790E0C9A4A7C819	65
87	3	diff_low(b1[23],b2[44])	34380087747680510190296135794281656513712	0x6508b40c6368b5fd1891d34fa0850a74b0	34380087747680510190277689050207946962096	34380087747680510190314582538355366065328	0000000000000000000000000000006508B40C6368B5FD1791D34FA0850A74B0	0000000000000000000000000000006508B40C6368B5FD1991D34FA0850A74B0	65
88	3	wavg2a(b1[56],b3[18])	34414771927303916856957393475492285163251	0x6522cbfa78c31ac184181a68afb54ea6f3	34414771927303916856938946731418575611635	34414771927303916856975840219565994714867	0000000000000000000000000000006522CBFA78C31AC183181A68AFB54EA6F3	0000000000000000000000000000006522CBFA78C31AC185181A68AFB54EA6F3	65
89	3	diff_low(b1[62],b4[45])	34379011275532284532652131117474013149560	0x6507e4ba36b7606a62544a8f5851967978	34379011275532284532633684373400303597944	34379011275532284532670577861547722701176	0000000000000000000000000000006507E4BA36B7606A61544A8F5851967978	0000000000000000000000000000006507E4BA36B7606A63544A8F5851967978	65
90	3	wavg2b(b3[15],b4[68])	34415029270461707782305626207078142248376	0x6522fd8a78108c95818658b190766505b8	34415029270461707782287179463004432696760	34415029270461707782324072951151851799992	0000000000000000000000000000006522FD8A78108C95808658B190766505B8	0000000000000000000000000000006522FD8A78108C95828658B190766505B8	65
91	3	wavg2a(b2[3],b4[19])	34415467120911010332123586296739918132266	0x652351de29b179491a244961b75a56342a	34415467120911010332105139552666208580650	34415467120911010332142033040813627683882	000000000000000000000000000000652351DE29B1794919244961B75A56342A	000000000000000000000000000000652351DE29B179491B244961B75A56342A	65
92	3	avg(b2[6],b2[14])	34378381496746857813448373457302558399814	0x65076b6fb8e9823d7d503ce8931be4dd46	34378381496746857813429926713228848848198	34378381496746857813466820201376267951430	00000000000000000000000000000065076B6FB8E9823D7C503CE8931BE4DD46	00000000000000000000000000000065076B6FB8E9823D7E503CE8931BE4DD46	65
93	3	wavg2b(b3[50],b4[6])	34378367664780723869354250500555203335981	0x650768c5c0f476c067c7bdec444156d72d	34378367664780723869335803756481493784365	34378367664780723869372697244628912887597	000000000000000000000000000000650768C5C0F476C066C7BDEC444156D72D	000000000000000000000000000000650768C5C0F476C068C7BDEC444156D72D	65
94	3	diff_low(b3[36],b4[11])	34415654205185529932607994225963287537021	0x652375e6213735728d78819eb5f5d5657d	34415654205185529932589547481889577985405	34415654205185529932626440970036997088637	000000000000000000000000000000652375E6213735728C78819EB5F5D5657D	000000000000000000000000000000652375E6213735728E78819EB5F5D5657D	65
95	3	wavg2b(b1[70],b3[8])	34378040406207686848071806449724472131408	0x650729bea90c5ac231d31a1cbbd11b7f50	34378040406207686848053359705650762579792	34378040406207686848090253193798181683024	000000000000000000000000000000650729BEA90C5AC230D31A1CBBD11B7F50	000000000000000000000000000000650729BEA90C5AC232D31A1CBBD11B7F50	65
96	3	wavg2a(b3[52],b4[64])	34415971278891501574426226324530378889718	0x6523b2f71206ef875b77181ddad958d9f6	34415971278891501574407779580456669338102	34415971278891501574444673068604088441334	0000000000000000000000000000006523B2F71206EF875A77181DDAD958D9F6	0000000000000000000000000000006523B2F71206EF875C77181DDAD958D9F6	65
97	3	wavg2b(b1[25],b3[14])	34415981734350770373499233610929371724512	0x6523b4fa9079e204666570564ca5e5bae0	34415981734350770373480786866855662172896	34415981734350770373517680355003081276128	0000000000000000000000000000006523B4FA9079E204656570564CA5E5BAE0	0000000000000000000000000000006523B4FA9079E204676570564CA5E5BAE0	65
98	3	avg(b2[6],b4[63])	34377845797764876883399963606599406970344	0x65070443b92ba7389cb5376f5c179be5e8	34377845797764876883381516862525697418728	34377845797764876883418410350673116521960	00000000000000000000000000000065070443B92BA7389BB5376F5C179BE5E8	00000000000000000000000000000065070443B92BA7389DB5376F5C179BE5E8	65
99	3	wavg2a(b2[19],b3[43])	34416421453916331229624868914608059470876	0x652409aa69ab2a3286d0de48462d68541c	34416421453916331229606422170534349919260	34416421453916331229643315658681769022492	000000000000000000000000000000652409AA69AB2A3285D0DE48462D68541C	000000000000000000000000000000652409AA69AB2A3287D0DE48462D68541C	65
100	3	avg(b3[23],b4[47])	34377497429704362133320802820999542437804	0x6506c12bda12ccb84f1cc574dae01377ac	34377497429704362133302356076925832886188	34377497429704362133339249565073251989420	0000000000000000000000000000006506C12BDA12CCB84E1CC574DAE01377AC	0000000000000000000000000000006506C12BDA12CCB8501CC574DAE01377AC	65
101	3	diff_low(b1[27],b2[27])	34377206225084495310211526535790531083722	0x650689165b086d02781d351126404e7dca	34377206225084495310193079791716821532106	34377206225084495310229973279864240635338	000000000000000000000000000000650689165B086D02771D351126404E7DCA	000000000000000000000000000000650689165B086D02791D351126404E7DCA	65
102	3	avg(b1[24],b1[43])	34416831769430257763456400945387675938520	0x652458b0878d6ff53e4fff1871f0c16ed8	34416831769430257763437954201313966386904	34416831769430257763474847689461385490136	000000000000000000000000000000652458B0878D6FF53D4FFF1871F0C16ED8	000000000000000000000000000000652458B0878D6FF53F4FFF1871F0C16ED8	65
103	3	wavg2b(b3[9],b3[42])	34376773472987361093448296921353041128567	0x650635be07a7d5ebbf8115cb2f0e5eac77	34376773472987361093429850177279331576951	34376773472987361093466743665426750680183	000000000000000000000000000000650635BE07A7D5EBBE8115CB2F0E5EAC77	000000000000000000000000000000650635BE07A7D5EBC08115CB2F0E5EAC77	65
104	3	diff_low(b2[41],b4[66])	34417197075959548720100959758806749612783	0x65249f0b882ebc78d7ffc14374bb6d0aef	34417197075959548720082513014733040061167	34417197075959548720119406502880459164399	00000000000000000000000000000065249F0B882EBC78D6FFC14374BB6D0AEF	00000000000000000000000000000065249F0B882EBC78D8FFC14374BB6D0AEF	65
105	3	wavg2a(b1[68],b4[1])	34417493533268847309985283520635764024801	0x6524d824017c09e6ea5cee849cb31925e1	34417493533268847309966836776562054473185	34417493533268847310003730264709473576417	0000000000000000000000000000006524D824017C09E6E95CEE849CB31925E1	0000000000000000000000000000006524D824017C09E6EB5CEE849CB31925E1	65
106	3	wavg2a(b3[6],b3[37])	34417960522325639839415300199084978390601	0x65253214580baf1b6d5175a3e10e84c649	34417960522325639839396853455011268838985	34417960522325639839433746943158687942217	00000000000000000000000000000065253214580BAF1B6C5175A3E10E84C649	00000000000000000000000000000065253214580BAF1B6E5175A3E10E84C649	65
107	3	diff_low(b3[32],b4[71])	34418358974522944641115245967947574653941	0x65257ed18dd28ecaf83346e8806dddb3f5	34418358974522944641096799223873865102325	34418358974522944641133692712021284205557	00000000000000000000000000000065257ED18DD28ECAF73346E8806DDDB3F5	00000000000000000000000000000065257ED18DD28ECAF93346E8806DDDB3F5	65
108	3	wavg2b(b1[29],b3[42])	34375348219818505704543199000335325988746	0x6505233f9f938cf9fc9c4b2ec11766078a	34375348219818505704524752256261616437130	34375348219818505704561645744409035540362	0000000000000000000000000000006505233F9F938CF9FB9C4B2EC11766078A	0000000000000000000000000000006505233F9F938CF9FD9C4B2EC11766078A	65
109	3	diff_low(b1[52],b4[41])	34375158451282374199593801655151211388757	0x6504feb34fe8c46d4822cacf9f2b551f55	34375158451282374199575354911077501837141	34375158451282374199612248399224920940373	0000000000000000000000000000006504FEB34FE8C46D4722CACF9F2B551F55	0000000000000000000000000000006504FEB34FE8C46D4922CACF9F2B551F55	65
110	3	diff_low(b3[5],b4[66])	34418852954540029902377047759134796728428	0x6525ddf4a632905597179d872d1f5ac86c	34418852954540029902358601015061087176812	34418852954540029902395494503208506280044	0000000000000000000000000000006525DDF4A632905596179D872D1F5AC86C	0000000000000000000000000000006525DDF4A632905598179D872D1F5AC86C	65
111	3	diff_low(b1[34],b3[49])	34418892369786550014943427011113397575280	0x6525e58bf88ce0c5073f5ee9169d50de70	34418892369786550014924980267039688023664	34418892369786550014961873755187107126896	0000000000000000000000000000006525E58BF88CE0C5063F5EE9169D50DE70	0000000000000000000000000000006525E58BF88CE0C5083F5EE9169D50DE70	65
112	3	avg(b1[75],b3[32])	34374869747879933506705355943555467819271	0x6504c71922abc7642a7e7e7fa83f63b907	34374869747879933506686909199481758267655	34374869747879933506723802687629177370887	0000000000000000000000000000006504C71922ABC764297E7E7FA83F63B907	0000000000000000000000000000006504C71922ABC7642B7E7E7FA83F63B907	65
113	3	wavg2a(b1[22],b1[72])	34419162070222801821690955642133900688747	0x6526197d3aa2815ba1dc27c228b733fd6b	34419162070222801821672508898060191137131	34419162070222801821709402386207610240363	0000000000000000000000000000006526197D3AA2815BA0DC27C228B733FD6B	0000000000000000000000000000006526197D3AA2815BA2DC27C228B733FD6B	65
114	3	avg(b3[31],b4[67])	34419290080841124430957374972489374221219	0x65263224a3ca6ebee62aefe55ae345c3a3	34419290080841124430938928228415664669603	34419290080841124430975821716563083772835	00000000000000000000000000000065263224A3CA6EBEE52AEFE55AE345C3A3	00000000000000000000000000000065263224A3CA6EBEE72AEFE55AE345C3A3	65
115	3	wavg2b(b2[15],b3[52])	34419542605438041108082291995884721752848	0x652662c7104df8fd34d5e745f44b3f4b10	34419542605438041108063845251811012201232	34419542605438041108100738739958431304464	000000000000000000000000000000652662C7104DF8FD33D5E745F44B3F4B10	000000000000000000000000000000652662C7104DF8FD35D5E745F44B3F4B10	65
116	3	wavg2b(b3[41],b4[2])	34419577965389478652139331966116777164513	0x6526699671a32af12cf20882e7ecc3fee1	34419577965389478652120885222043067612897	34419577965389478652157778710190486716129	0000000000000000000000000000006526699671A32AF12BF20882E7ECC3FEE1	0000000000000000000000000000006526699671A32AF12DF20882E7ECC3FEE1	65
117	3	avg(b3[27],b4[39])	34419625248107149063142823244519963163401	0x652672b1a96fd0b97ae7c74e2bc788fb09	34419625248107149063124376500446253611785	34419625248107149063161269988593672715017	000000000000000000000000000000652672B1A96FD0B979E7C74E2BC788FB09	000000000000000000000000000000652672B1A96FD0B97BE7C74E2BC788FB09	65
118	3	wavg2b(b1[59],b3[42])	34374294330583031278588314939913312420276	0x65045846df50ca32e63c1d35004d0441b4	34374294330583031278569868195839602868660	34374294330583031278606761683987021971892	00000000000000000000000000000065045846DF50CA32E53C1D35004D0441B4	00000000000000000000000000000065045846DF50CA32E73C1D35004D0441B4	65
119	3	wavg2a(b3[54],b4[40])	34419821917712741672030794882985940860208	0x6526989238d8a961905b6d66e4c5b9bd30	34419821917712741672012348138912231308592	34419821917712741672049241627059650411824	0000000000000000000000000000006526989238D8A9618F5B6D66E4C5B9BD30	0000000000000000000000000000006526989238D8A961915B6D66E4C5B9BD30	65
120	3	avg(b1[30],b3[40])	34419986896089249752028211368321911316265	0x6526b85848b59356b875c77424f63b5f29	34419986896089249752009764624248201764649	34419986896089249752046658112395620867881	0000000000000000000000000000006526B85848B59356B775C77424F63B5F29	0000000000000000000000000000006526B85848B59356B975C77424F63B5F29	65
121	3	wavg2a(b1[53],b4[56])	34373925000248365017932450632391551115319	0x650411257b1f1a8bef91df443844606037	34373925000248365017914003888317841563703	34373925000248365017950897376465260666935	000000000000000000000000000000650411257B1F1A8BEE91DF443844606037	000000000000000000000000000000650411257B1F1A8BF091DF443844606037	65
122	3	wavg2a(b1[68],b4[45])	34420788709055332367358314158137834457557	0x652752c4b7252884399742a41d9223c9d5	34420788709055332367339867414064124905941	34420788709055332367376760902211544009173	000000000000000000000000000000652752C4B7252884389742A41D9223C9D5	000000000000000000000000000000652752C4B72528843A9742A41D9223C9D5	65
123	3	wavg2b(b2[25],b4[18])	34372845016951240941580230207925130867087	0x65034126317fcc6a26def10c2cba97b18f	34372845016951240941561783463851421315471	34372845016951240941598676951998840418703	00000000000000000000000000000065034126317FCC6A25DEF10C2CBA97B18F	00000000000000000000000000000065034126317FCC6A27DEF10C2CBA97B18F	65
124	3	diff_low(b3[46],b4[69])	34372719280522787012818342770616071509298	0x650328eee8a7a7a9f6ea6eb7a57a6a5532	34372719280522787012799896026542361957682	34372719280522787012836789514689781060914	000000000000000000000000000000650328EEE8A7A7A9F5EA6EB7A57A6A5532	000000000000000000000000000000650328EEE8A7A7A9F7EA6EB7A57A6A5532	65
125	3	wavg2b(b2[3],b3[31])	34421294334463031782448738732906922909052	0x6527b425f903a7b16aab22d4d6c7c81d7c	34421294334463031782430291988833213357436	34421294334463031782467185476980632460668	0000000000000000000000000000006527B425F903A7B169AB22D4D6C7C81D7C	0000000000000000000000000000006527B425F903A7B16BAB22D4D6C7C81D7C	65
126	3	wavg2b(b1[20],b4[35])	34372458835964102216261251280492986439924	0x6502f6c6002b72abc2fbf3ad9ef16518f4	34372458835964102216242804536419276888308	34372458835964102216279698024566695991540	0000000000000000000000000000006502F6C6002B72ABC1FBF3AD9EF16518F4	0000000000000000000000000000006502F6C6002B72ABC3FBF3AD9EF16518F4	65
127	3	diff_low(b1[69],b4[21])	34421817920097947117723359955680709155012	0x652818fcbcd22ced0d13ec83c7cd1998c4	34421817920097947117704913211606999603396	34421817920097947117741806699754418706628	000000000000000000000000000000652818FCBCD22CED0C13EC83C7CD1998C4	000000000000000000000000000000652818FCBCD22CED0E13EC83C7CD1998C4	65
128	3	wavg2b(b4[41],b4[52])	34421828227560521879733662810264291256097	0x65281af8ef4a03629136f4a3710e442721	34421828227560521879715216066190581704481	34421828227560521879752109554338000807713	00000000000000000000000000000065281AF8EF4A03629036F4A3710E442721	00000000000000000000000000000065281AF8EF4A03629236F4A3710E442721	65
129	3	diff_low(b3[49],b4[58])	34421840501251345046331802311918977597926	0x65281d56130bf8c748762624cca1c4c1e6	34421840501251345046313355567845268046310	34421840501251345046350249055992687149542	00000000000000000000000000000065281D56130BF8C747762624CCA1C4C1E6	00000000000000000000000000000065281D56130BF8C749762624CCA1C4C1E6	65
130	3	wavg2b(b2[27],b4[2])	34371849702852755768039287495233759702392	0x650281756b6868c8c753040b9a26196d78	34371849702852755768020840751160050150776	34371849702852755768057734239307469254008	000000000000000000000000000000650281756B6868C8C653040B9A26196D78	000000000000000000000000000000650281756B6868C8C853040B9A26196D78	65
131	3	wavg2b(b4[14],b4[20])	34371445490521480260024373779667455906055	0x6502339c3684ded27d5c2269e0e2d91107	34371445490521480260005927035593746354439	34371445490521480260042820523741165457671	0000000000000000000000000000006502339C3684DED27C5C2269E0E2D91107	0000000000000000000000000000006502339C3684DED27E5C2269E0E2D91107	65
132	3	wavg2a(b1[19],b1[58])	34371373029260644350155055928086914341821	0x650225a798d37235a76494438915cb1bbd	34371373029260644350136609184013204790205	34371373029260644350173502672160623893437	000000000000000000000000000000650225A798D37235A66494438915CB1BBD	000000000000000000000000000000650225A798D37235A86494438915CB1BBD	65
133	3	avg(b1[10],b2[10])	34371046219350184574691413268456233177116	0x6501e6b69fd64fb1408c0284805053101c	34371046219350184574672966524382523625500	34371046219350184574709860012529942728732	0000000000000000000000000000006501E6B69FD64FB13F8C0284805053101C	0000000000000000000000000000006501E6B69FD64FB1418C0284805053101C	65
134	3	wavg2a(b1[22],b4[9])	34370733226075792670816944723187833616826	0x6501aa6edd501b382f6cb424ceab65b9ba	34370733226075792670798497979114124065210	34370733226075792670835391467261543168442	0000000000000000000000000000006501AA6EDD501B382E6CB424CEAB65B9BA	0000000000000000000000000000006501AA6EDD501B38306CB424CEAB65B9BA	65
135	3	wavg2a(b1[75],b4[70])	34370511513289068038815567962698569101460	0x65017fbb9484cd7fe5488d51c28cfe3094	34370511513289068038797121218624859549844	34370511513289068038834014706772278653076	00000000000000000000000000000065017FBB9484CD7FE4488D51C28CFE3094	00000000000000000000000000000065017FBB9484CD7FE6488D51C28CFE3094	65
136	3	avg(b4[26],b4[39])	34370227272587301282104465540894169403710	0x650148fd6e7b6592420d9877dd8b42913e	34370227272587301282086018796820459852094	34370227272587301282122912284967878955326	000000000000000000000000000000650148FD6E7B6592410D9877DD8B42913E	000000000000000000000000000000650148FD6E7B6592430D9877DD8B42913E	65
137	3	wavg2a(b3[6],b4[38])	34423771933940336553533716152035635641623	0x652991510ee099b6fb145e7ac544103d17	34423771933940336553515269407961926090007	34423771933940336553552162896109345193239	000000000000000000000000000000652991510EE099B6FA145E7AC544103D17	000000000000000000000000000000652991510EE099B6FC145E7AC544103D17	65
138	3	wavg2b(b1[4],b4[3])	34369732079558536940171149661025246328250	0x6500e99e87bf444b3d7b97e5b3a1d335ba	34369732079558536940152702916951536776634	34369732079558536940189596405098955879866	0000000000000000000000000000006500E99E87BF444B3C7B97E5B3A1D335BA	0000000000000000000000000000006500E99E87BF444B3E7B97E5B3A1D335BA	65
139	3	wavg2b(b1[71],b3[44])	34369469283599912059652180072195054499564	0x6500b701b06c14814fbad6c844ddb5f6ec	34369469283599912059633733328121344947948	34369469283599912059670626816268764051180	0000000000000000000000000000006500B701B06C14814EBAD6C844DDB5F6EC	0000000000000000000000000000006500B701B06C148150BAD6C844DDB5F6EC	65
140	3	diff_low(b1[6],b1[71])	34424521483889235005069208880609385380129	0x652a21acb94be6a062601f448d64f5f921	34424521483889235005050762136535675828513	34424521483889235005087655624683094931745	000000000000000000000000000000652A21ACB94BE6A061601F448D64F5F921	000000000000000000000000000000652A21ACB94BE6A063601F448D64F5F921	65
141	3	wavg2b(b4[0],b4[34])	34369264462955355996584464539967020049760	0x65008f8f406fe11d6b7c30d32ac3d3a560	34369264462955355996566017795893310498144	34369264462955355996602911284040729601376	00000000000000000000000000000065008F8F406FE11D6A7C30D32AC3D3A560	00000000000000000000000000000065008F8F406FE11D6C7C30D32AC3D3A560	65
142	3	diff_low(b1[21],b1[41])	34424856662532989720683541010227740194499	0x652a623a4e8cb6585f7a17010be31ab6c3	34424856662532989720665094266154030642883	34424856662532989720701987754301449746115	000000000000000000000000000000652A623A4E8CB6585E7A17010BE31AB6C3	000000000000000000000000000000652A623A4E8CB658607A17010BE31AB6C3	65
143	3	diff_low(b2[17],b2[23])	34368321490218681606727977619425382637886	0x64ffd9f31b35e9fcfe493a6c2cc430213e	34368321490218681606709530875351673086270	34368321490218681606746424363499092189502	00000000000000000000000000000064FFD9F31B35E9FCFD493A6C2CC430213E	00000000000000000000000000000064FFD9F31B35E9FCFF493A6C2CC430213E	65
144	3	avg(b4[48],b4[76])	34367628993137302541846905475859948368373	0x64ff54945d380bab6523abfa604381f1f5	34367628993137302541828458731786238816757	34367628993137302541865352219933657919989	00000000000000000000000000000064FF54945D380BAB6423ABFA604381F1F5	00000000000000000000000000000064FF54945D380BAB6623ABFA604381F1F5	65
145	3	wavg2b(b2[33],b3[0])	34367528786747908344645754378151244792243	0x64ff4147cec52ad9aa5637baceed3701b3	34367528786747908344627307634077535240627	34367528786747908344664201122224954343859	00000000000000000000000000000064FF4147CEC52AD9A95637BACEED3701B3	00000000000000000000000000000064FF4147CEC52AD9AB5637BACEED3701B3	65
146	3	avg(b4[18],b4[29])	34426428822982779945310802077488502775163	0x652b9103cd32e7777b34d3136dc3439d7b	34426428822982779945292355333414793223547	34426428822982779945329248821562212326779	000000000000000000000000000000652B9103CD32E7777A34D3136DC3439D7B	000000000000000000000000000000652B9103CD32E7777C34D3136DC3439D7B	65
147	3	wavg2b(b2[12],b4[55])	34366835950578423516432352573127215406263	0x64febbd858e2897f2b383b0a53af45dcb7	34366835950578423516413905829053505854647	34366835950578423516450799317200924957879	00000000000000000000000000000064FEBBD858E2897F2A383B0A53AF45DCB7	00000000000000000000000000000064FEBBD858E2897F2C383B0A53AF45DCB7	65
148	3	diff_low(b2[6],b3[10])	34427123869302266648790759191977523402565	0x652c16e03b1959349a9bbf39c31633d745	34427123869302266648772312447903813850949	34427123869302266648809205936051232954181	000000000000000000000000000000652C16E03B195934999BBF39C31633D745	000000000000000000000000000000652C16E03B1959349B9BBF39C31633D745	65
149	3	wavg2b(b2[5],b3[51])	34427247742445218413993075738503883491122	0x652c2ebba5f952ea56cba8bf5ef0cf8732	34427247742445218413974628994430173939506	34427247742445218414011522482577593042738	000000000000000000000000000000652C2EBBA5F952EA55CBA8BF5EF0CF8732	000000000000000000000000000000652C2EBBA5F952EA57CBA8BF5EF0CF8732	65
150	3	avg(b3[18],b4[41])	34428045542046047629425639228217166225630	0x652cc862349e5f6303a1551321e1bd60de	34428045542046047629407192484143456674014	34428045542046047629444085972290875777246	000000000000000000000000000000652CC862349E5F6302A1551321E1BD60DE	000000000000000000000000000000652CC862349E5F6304A1551321E1BD60DE	65
151	3	wavg2a(b1[68],b3[17])	34428079959577886142774885106062030552983	0x652ccf031ef19c21af2bcf5a4192f83f97	34428079959577886142756438361988321001367	34428079959577886142793331850135740104599	000000000000000000000000000000652CCF031EF19C21AE2BCF5A4192F83F97	000000000000000000000000000000652CCF031EF19C21B02BCF5A4192F83F97	65
152	3	wavg2b(b1[25],b3[0])	34428166680243156501333685187163262821610	0x652cdfb6c79fb7790c614c0719ff2424ea	34428166680243156501315238443089553269994	34428166680243156501352131931236972373226	000000000000000000000000000000652CDFB6C79FB7790B614C0719FF2424EA	000000000000000000000000000000652CDFB6C79FB7790D614C0719FF2424EA	65
153	3	wavg2a(b1[50],b2[42])	34365561961697172883760575146945600019664	0x64fdc67bd887feda1bba4bd58170e3dcd0	34365561961697172883742128402871890468048	34365561961697172883779021891019309571280	00000000000000000000000000000064FDC67BD887FEDA1ABA4BD58170E3DCD0	00000000000000000000000000000064FDC67BD887FEDA1CBA4BD58170E3DCD0	65
154	3	wavg2a(b1[10],b1[22])	34365263897504775817925197951062321812491	0x64fd8d1425835fb93c1e834a3bf88e540b	34365263897504775817906751206988612260875	34365263897504775817943644695136031364107	00000000000000000000000000000064FD8D1425835FB93B1E834A3BF88E540B	00000000000000000000000000000064FD8D1425835FB93D1E834A3BF88E540B	65
155	3	diff_low(b1[54],b4[68])	34365201421368550761510688343192138080561	0x64fd810bd5cfa7228fca26a99163cae131	34365201421368550761492241599118428528945	34365201421368550761529135087265847632177	00000000000000000000000000000064FD810BD5CFA7228ECA26A99163CAE131	00000000000000000000000000000064FD810BD5CFA72290CA26A99163CAE131	65
156	3	wavg2a(b2[42],b3[37])	34428999712862181054589220201271959161565	0x652d8026757a88db11f0876758fe0b0add	34428999712862181054570773457198249609949	34428999712862181054607666945345668713181	000000000000000000000000000000652D8026757A88DB10F0876758FE0B0ADD	000000000000000000000000000000652D8026757A88DB12F0876758FE0B0ADD	65
157	3	wavg2a(b1[70],b4[8])	34364858882378410302576733326908381700975	0x64fd3f135becff7465cca7676c4213a36f	34364858882378410302558286582834672149359	34364858882378410302595180070982091252591	00000000000000000000000000000064FD3F135BECFF7464CCA7676C4213A36F	00000000000000000000000000000064FD3F135BECFF7466CCA7676C4213A36F	65
158	3	diff_low(b1[25],b4[76])	34364785582342847632670527740230963781964	0x64fd30f5636842911176d21f2c79ff614c	34364785582342847632652080996157254230348	34364785582342847632688974484304673333580	00000000000000000000000000000064FD30F5636842911076D21F2C79FF614C	00000000000000000000000000000064FD30F5636842911276D21F2C79FF614C	65
159	3	wavg2b(b1[24],b1[39])	34364684229221316786559781215165937195699	0x64fd1d704b2a02851a0e354dc839719ab3	34364684229221316786541334471092227644083	34364684229221316786578227959239646747315	00000000000000000000000000000064FD1D704B2A0285190E354DC839719AB3	00000000000000000000000000000064FD1D704B2A02851B0E354DC839719AB3	65
160	3	avg(b2[6],b3[44])	34430573255059372201782969162705643156148	0x652eaf34143b5f7747f686746cda82b2b4	34430573255059372201764522418631933604532	34430573255059372201801415906779352707764	000000000000000000000000000000652EAF34143B5F7746F686746CDA82B2B4	000000000000000000000000000000652EAF34143B5F7748F686746CDA82B2B4	65
161	3	avg(b1[24],b3[41])	34363263726040746492938027125883857640791	0x64fc0bdc145da4dc41407c41a719759d57	34363263726040746492919580381810148089175	34363263726040746492956473869957567192407	00000000000000000000000000000064FC0BDC145DA4DC40407C41A719759D57	00000000000000000000000000000064FC0BDC145DA4DC42407C41A719759D57	65
162	3	wavg2a(b2[28],b4[36])	34431551590191771384559108444900450333285	0x652f6b9fb9a47391c30b854b9ae7677265	34431551590191771384540661700826740781669	34431551590191771384577555188974159884901	000000000000000000000000000000652F6B9FB9A47391C20B854B9AE7677265	000000000000000000000000000000652F6B9FB9A47391C40B854B9AE7677265	65
163	3	wavg2b(b1[52],b3[26])	34431772254858938344425526291838411979736	0x652f961f554ecf8b9373c8221c82bfbbd8	34431772254858938344407079547764702428120	34431772254858938344443973035912121531352	000000000000000000000000000000652F961F554ECF8B9273C8221C82BFBBD8	000000000000000000000000000000652F961F554ECF8B9473C8221C82BFBBD8	65
164	3	avg(b1[13],b3[23])	34431784536606520344199868960892497520282	0x652f987cdec18fa53cc51dbfc066c1669a	34431784536606520344181422216818787968666	34431784536606520344218315704966207071898	000000000000000000000000000000652F987CDEC18FA53BC51DBFC066C1669A	000000000000000000000000000000652F987CDEC18FA53DC51DBFC066C1669A	65
165	3	wavg2a(b3[43],b4[19])	34361981744398324315281570100454315143715	0x64fb14f5812ee058d2dc7b991fd9623223	34361981744398324315263123356380605592099	34361981744398324315300016844528024695331	00000000000000000000000000000064FB14F5812EE058D1DC7B991FD9623223	00000000000000000000000000000064FB14F5812EE058D3DC7B991FD9623223	65
166	3	avg(b1[27],b4[1])	34433003727778541591261839786369856238056	0x6530834ba2c81b6ca180b7fde7afd2f1e8	34433003727778541591243393042296146686440	34433003727778541591280286530443565789672	0000000000000000000000000000006530834BA2C81B6CA080B7FDE7AFD2F1E8	0000000000000000000000000000006530834BA2C81B6CA280B7FDE7AFD2F1E8	65
167	3	wavg2a(b1[27],b4[9])	34433780566629699979875653470807571003089	0x653118e8bf922f9c4b655f2bea600776d1	34433780566629699979857206726733861451473	34433780566629699979894100214881280554705	000000000000000000000000000000653118E8BF922F9C4A655F2BEA600776D1	000000000000000000000000000000653118E8BF922F9C4C655F2BEA600776D1	65
168	3	wavg2a(b3[38],b4[4])	34433794385576602561496008203160433980926	0x65311b921333d35364a7cf10a12813f5fe	34433794385576602561477561459086724429310	34433794385576602561514454947234143532542	00000000000000000000000000000065311B921333D35363A7CF10A12813F5FE	00000000000000000000000000000065311B921333D35365A7CF10A12813F5FE	65
169	3	wavg2a(b1[50],b3[6])	34360042366428902276173615145852109634182	0x64f99f72c9d091fa496ac2f3c57920ba86	34360042366428902276155168401778400082566	34360042366428902276192061889925819185798	00000000000000000000000000000064F99F72C9D091FA486AC2F3C57920BA86	00000000000000000000000000000064F99F72C9D091FA4A6AC2F3C57920BA86	65
170	3	diff_low(b1[20],b3[14])	34359683801774365093901086073268708415777	0x64f95a642f9b7e0be733d2b360ce199921	34359683801774365093882639329194998864161	34359683801774365093919532817342417967393	00000000000000000000000000000064F95A642F9B7E0BE633D2B360CE199921	00000000000000000000000000000064F95A642F9B7E0BE833D2B360CE199921	65
171	3	diff_low(b1[71],b2[43])	34434653253028482341217541602612291524531	0x6531c0fb827dc719974f3cdcc503f357b3	34434653253028482341199094858538581972915	34434653253028482341235988346686001076147	0000000000000000000000000000006531C0FB827DC719964F3CDCC503F357B3	0000000000000000000000000000006531C0FB827DC719984F3CDCC503F357B3	65
172	3	wavg2a(b2[42],b4[38])	34434811124476877768707636154222616412587	0x6531df632c4f73769fb3703e3d339681ab	34434811124476877768689189410148906860971	34434811124476877768726082898296325964203	0000000000000000000000000000006531DF632C4F73769EB3703E3D339681AB	0000000000000000000000000000006531DF632C4F7376A0B3703E3D339681AB	65
173	3	wavg2b(b1[69],b2[13])	34435593728075505946195795165088870018498	0x6532761c827136ec4c36dd5a93314fadc2	34435593728075505946177348421015160466882	34435593728075505946214241909162579570114	0000000000000000000000000000006532761C827136EC4B36DD5A93314FADC2	0000000000000000000000000000006532761C827136EC4D36DD5A93314FADC2	65
174	3	diff_low(b1[62],b3[24])	34435611000738170591134117598641914276850	0x653279701e185a492d6ab06c9dc9166bf2	34435611000738170591115670854568204725234	34435611000738170591152564342715623828466	000000000000000000000000000000653279701E185A492C6AB06C9DC9166BF2	000000000000000000000000000000653279701E185A492E6AB06C9DC9166BF2	65
175	3	avg(b2[19],b4[67])	34435692436623356272655228682372327763294	0x6532891f377909f9d60229a7273fd96d5e	34435692436623356272636781938298618211678	34435692436623356272673675426446037314910	0000000000000000000000000000006532891F377909F9D50229A7273FD96D5E	0000000000000000000000000000006532891F377909F9D70229A7273FD96D5E	65
176	3	wavg2a(b2[15],b4[55])	34358059821845074612591032595324814751714	0x64f8219fcb2c91b93d9e2071b5ad47f7e2	34358059821845074612572585851251105200098	34358059821845074612609479339398524303330	00000000000000000000000000000064F8219FCB2C91B93C9E2071B5AD47F7E2	00000000000000000000000000000064F8219FCB2C91B93E9E2071B5AD47F7E2	65
177	3	avg(b1[2],b3[23])	34436530403323586514224750060127222468759	0x65332a822a30157769ec0bcfb3aa079097	34436530403323586514206303316053512917143	34436530403323586514243196804200932020375	00000000000000000000000000000065332A822A30157768EC0BCFB3AA079097	00000000000000000000000000000065332A822A3015776AEC0BCFB3AA079097	65
178	3	diff_low(b1[62],b3[17])	34357137523964623206402418273701424863283	0x64f76ffeff5205920196a46cec4f191833	34357137523964623206383971529627715311667	34357137523964623206420865017775134414899	00000000000000000000000000000064F76FFEFF5205920096A46CEC4F191833	00000000000000000000000000000064F76FFEFF5205920296A46CEC4F191833	65
179	3	wavg2a(b1[14],b1[61])	34436955560413948616701509346370366055989	0x65337c64071a3a740d23353318cb21a635	34436955560413948616683062602296656504373	34436955560413948616719956090444075607605	00000000000000000000000000000065337C64071A3A740C23353318CB21A635	00000000000000000000000000000065337C64071A3A740E23353318CB21A635	65
180	3	wavg2b(b2[34],b4[40])	34356945402873346429175092365678271903265	0x64f74afeb23b96e3bd5a60e15f1451b621	34356945402873346429156645621604562351649	34356945402873346429193539109751981454881	00000000000000000000000000000064F74AFEB23B96E3BC5A60E15F1451B621	00000000000000000000000000000064F74AFEB23B96E3BE5A60E15F1451B621	65
181	3	wavg2b(b2[27],b4[46])	34437753218582456915499900245275168357505	0x653416039c9ecd12f7e19681ab92ee3c81	34437753218582456915481453501201458805889	34437753218582456915518346989348877909121	000000000000000000000000000000653416039C9ECD12F6E19681AB92EE3C81	000000000000000000000000000000653416039C9ECD12F8E19681AB92EE3C81	65
182	3	avg(b1[27],b4[45])	34437946491458269177321385742622961887189	0x65343b3cb345c9589858362d28fe62e7d5	34437946491458269177302938998549252335573	34437946491458269177339832486696671438805	00000000000000000000000000000065343B3CB345C9589758362D28FE62E7D5	00000000000000000000000000000065343B3CB345C9589958362D28FE62E7D5	65
183	3	wavg2a(b3[39],b4[16])	34355596457141383815571237683975366984369	0x64f647328969d5433a0b071baafaf942b1	34355596457141383815552790939901657432753	34355596457141383815589684428049076535985	00000000000000000000000000000064F647328969D543390B071BAAFAF942B1	00000000000000000000000000000064F647328969D5433B0B071BAAFAF942B1	65
184	3	diff_low(b1[11],b1[57])	34438478537044096193995941578296259604263	0x6534a1b492abffdf47a30cd9e9b5116f27	34438478537044096193977494834222550052647	34438478537044096194014388322369969155879	0000000000000000000000000000006534A1B492ABFFDF46A30CD9E9B5116F27	0000000000000000000000000000006534A1B492ABFFDF48A30CD9E9B5116F27	65
185	3	wavg2b(b2[33],b3[14])	34355343840855522216811302801917353695145	0x64f6168b979f5565045a5c0a0193f897a9	34355343840855522216792856057843644143529	34355343840855522216829749545991063246761	00000000000000000000000000000064F6168B979F5565035A5C0A0193F897A9	00000000000000000000000000000064F6168B979F5565055A5C0A0193F897A9	65
186	3	avg(b1[62],b2[27])	34438849016682163788541688033464702920108	0x6534e90ea11d430c8d73c0ec420706e5ac	34438849016682163788523241289390993368492	34438849016682163788560134777538412471724	0000000000000000000000000000006534E90EA11D430C8C73C0EC420706E5AC	0000000000000000000000000000006534E90EA11D430C8E73C0EC420706E5AC	65
187	3	wavg2a(b2[13],b4[19])	34355022843289989063503624006400570509537	0x64f5d8b930bd8fa673931c7569376f48e1	34355022843289989063485177262326860957921	34355022843289989063522070750474280061153	00000000000000000000000000000064F5D8B930BD8FA672931C7569376F48E1	00000000000000000000000000000064F5D8B930BD8FA674931C7569376F48E1	65
188	3	diff_low(b3[16],b4[52])	34440990304470164730856413455936052295149	0x6536857444adc5fc7503878255554c75ed	34440990304470164730837966711862342743533	34440990304470164730874860200009761846765	0000000000000000000000000000006536857444ADC5FC7403878255554C75ED	0000000000000000000000000000006536857444ADC5FC7603878255554C75ED	65
189	3	diff_low(b1[60],b2[6])	34352749597172372202991299748785662153827	0x64f422e980e5f98b24869da0486d9b5463	34352749597172372202972853004711952602211	34352749597172372203009746492859371705443	00000000000000000000000000000064F422E980E5F98B23869DA0486D9B5463	00000000000000000000000000000064F422E980E5F98B25869DA0486D9B5463	65
190	3	avg(b3[10],b3[40])	34441365693622080585604680183587638413582	0x6536cdc061e5d98123dda69e966ecd090e	34441365693622080585586233439513928861966	34441365693622080585623126927661347965198	0000000000000000000000000000006536CDC061E5D98122DDA69E966ECD090E	0000000000000000000000000000006536CDC061E5D98124DDA69E966ECD090E	65
191	3	diff_low(b1[23],b1[68])	34441857432726204000959346821221117372364	0x65372c74fdf98e9695d1094c7c70e0a7cc	34441857432726204000940900077147407820748	34441857432726204000977793565294826923980	00000000000000000000000000000065372C74FDF98E9694D1094C7C70E0A7CC	00000000000000000000000000000065372C74FDF98E9696D1094C7C70E0A7CC	65
192	3	wavg2b(b1[69],b3[43])	34442552629183841197973741259142614652676	0x6537b258d2e2879eab803c7e49d3429704	34442552629183841197955294515068905101060	34442552629183841197992188003216324204292	0000000000000000000000000000006537B258D2E2879EAA803C7E49D3429704	0000000000000000000000000000006537B258D2E2879EAC803C7E49D3429704	65
193	3	diff_low(b1[44],b1[53])	34351042916857914451773177869574641906006	0x64f2da37aada902fdddfe27d8dabb57156	34351042916857914451754731125500932354390	34351042916857914451791624613648351457622	00000000000000000000000000000064F2DA37AADA902FDCDFE27D8DABB57156	00000000000000000000000000000064F2DA37AADA902FDEDFE27D8DABB57156	65
194	3	wavg2b(b2[31],b3[25])	34350943213948511533955103233582098194266	0x64f2c703ef3746f65f91e6520c12069f5a	34350943213948511533936656489508388642650	34350943213948511533973549977655807745882	00000000000000000000000000000064F2C703EF3746F65E91E6520C12069F5A	00000000000000000000000000000064F2C703EF3746F66091E6520C12069F5A	65
195	3	wavg2b(b4[55],b4[64])	34350917168751995545278901252616129025453	0x64f2c1ffce9e7ecd8ae0822182c97b15ad	34350917168751995545260454508542419473837	34350917168751995545297347996689838577069	00000000000000000000000000000064F2C1FFCE9E7ECD89E0822182C97B15AD	00000000000000000000000000000064F2C1FFCE9E7ECD8BE0822182C97B15AD	65
196	3	wavg2b(b2[3],b2[19])	34443164142172674238045877012750860965151	0x6538281ebdec76aaaa74c52c91ede2551f	34443164142172674238027430268677151413535	34443164142172674238064323756824570516767	0000000000000000000000000000006538281EBDEC76AAA974C52C91EDE2551F	0000000000000000000000000000006538281EBDEC76AAAB74C52C91EDE2551F	65
197	3	avg(b1[67],b4[28])	34443851445570060747771462775129174770150	0x6538ac7d6a68429de533baea667c6501e6	34443851445570060747753016031055465218534	34443851445570060747789909519202884321766	0000000000000000000000000000006538AC7D6A68429DE433BAEA667C6501E6	0000000000000000000000000000006538AC7D6A68429DE633BAEA667C6501E6	65
198	3	diff_low(b2[38],b3[7])	34349969370820291468239651576102732352025	0x64f20b75c2de8354ee98e39ce7495aca19	34349969370820291468221204832029022800409	34349969370820291468258098320176441903641	00000000000000000000000000000064F20B75C2DE8354ED98E39CE7495ACA19	00000000000000000000000000000064F20B75C2DE8354EF98E39CE7495ACA19	65
199	3	wavg2a(b1[54],b1[64])	34443981704418196638920964251896388527984	0x6538c593ac36821d7264298754245c2770	34443981704418196638902517507822678976368	34443981704418196638939410995970098079600	0000000000000000000000000000006538C593AC36821D7164298754245C2770	0000000000000000000000000000006538C593AC36821D7364298754245C2770	65
200	3	diff_low(b2[0],b4[62])	34444098738444572695524768612878435435538	0x6538dc1de54cfd68a2428fc5b7d5ff4412	34444098738444572695506321868804725883922	34444098738444572695543215356952144987154	0000000000000000000000000000006538DC1DE54CFD68A1428FC5B7D5FF4412	0000000000000000000000000000006538DC1DE54CFD68A3428FC5B7D5FF4412	65
201	3	diff_low(b3[15],b4[67])	34444672201754752269468612458355411001455	0x65394a8fd1e05c6f843fc84e528aee206f	34444672201754752269450165714281701449839	34444672201754752269487059202429120553071	00000000000000000000000000000065394A8FD1E05C6F833FC84E528AEE206F	00000000000000000000000000000065394A8FD1E05C6F853FC84E528AEE206F	65
202	3	wavg2b(b1[31],b1[65])	34445044786747862397906528083897399386893	0x65399251ada2a95655f04089c7f820230d	34445044786747862397888081339823689835277	34445044786747862397924974827971108938509	00000000000000000000000000000065399251ADA2A95654F04089C7F820230D	00000000000000000000000000000065399251ADA2A95656F04089C7F820230D	65
203	3	wavg2a(b2[28],b4[31])	34445092715741560313507159036343396354584	0x65399b8cc295c76de530b1f8345f304a18	34445092715741560313488712292269686802968	34445092715741560313525605780417105906200	00000000000000000000000000000065399B8CC295C76DE430B1F8345F304A18	00000000000000000000000000000065399B8CC295C76DE630B1F8345F304A18	65
204	3	wavg2b(b1[54],b2[47])	34348679965853955361542981578909453966474	0x64f11321302a8883d70cd8e8e6815cdc8a	34348679965853955361524534834835744414858	34348679965853955361561428322983163518090	00000000000000000000000000000064F11321302A8883D60CD8E8E6815CDC8A	00000000000000000000000000000064F11321302A8883D80CD8E8E6815CDC8A	65
205	3	diff_low(b1[61],b4[32])	34445249392746480271719530274371730590663	0x6539b9b988686e18133858c70b05bacbc7	34445249392746480271701083530298021039047	34445249392746480271737977018445440142279	0000000000000000000000000000006539B9B988686E18123858C70B05BACBC7	0000000000000000000000000000006539B9B988686E18143858C70B05BACBC7	65
206	3	wavg2b(b3[40],b3[57])	34348652389904462208277174183335954876365	0x64f10dd196c01f0981444b7912489607cd	34348652389904462208258727439262245324749	34348652389904462208295620927409664427981	00000000000000000000000000000064F10DD196C01F0980444B7912489607CD	00000000000000000000000000000064F10DD196C01F0982444B7912489607CD	65
207	3	diff_low(b3[51],b4[62])	34348494093382093839440654240766898046124	0x64f0ef54f7be5d5b1242607c221bc984ac	34348494093382093839422207496693188494508	34348494093382093839459100984840607597740	00000000000000000000000000000064F0EF54F7BE5D5B1142607C221BC984AC	00000000000000000000000000000064F0EF54F7BE5D5B1342607C221BC984AC	65
208	3	wavg2b(b1[63],b3[42])	34445471881193571250391914161099712464952	0x6539e4930f698cc81b825c829a94d38838	34445471881193571250373467417026002913336	34445471881193571250410360905173422016568	0000000000000000000000000000006539E4930F698CC81A825C829A94D38838	0000000000000000000000000000006539E4930F698CC81C825C829A94D38838	65
209	3	wavg2a(b3[13],b3[40])	34347433895315223595493729025712565766655	0x64f023252ad5f01770ab1be764260fc9ff	34347433895315223595475282281638856215039	34347433895315223595512175769786275318271	00000000000000000000000000000064F023252AD5F0176FAB1BE764260FC9FF	00000000000000000000000000000064F023252AD5F01771AB1BE764260FC9FF	65
210	3	wavg2b(b2[29],b4[16])	34346154656817869743663733041114152113352	0x64ef2cc5d702ed848a3480977e022714c8	34346154656817869743645286297040442561736	34346154656817869743682179785187861664968	00000000000000000000000000000064EF2CC5D702ED84893480977E022714C8	00000000000000000000000000000064EF2CC5D702ED848B3480977E022714C8	65
211	3	avg(b2[12],b4[26])	34345671518329909367542337100953181627598	0x64eecfb945f8da829e4298e55cc9ee24ce	34345671518329909367523890356879472075982	34345671518329909367560783845026891179214	00000000000000000000000000000064EECFB945F8DA829D4298E55CC9EE24CE	00000000000000000000000000000064EECFB945F8DA829F4298E55CC9EE24CE	65
212	3	wavg2a(b1[19],b1[36])	34448396139121218991538857172290300367034	0x653c17c41b81bb7ccb21e5e9fc2a3150ba	34448396139121218991520410428216590815418	34448396139121218991557303916364009918650	000000000000000000000000000000653C17C41B81BB7CCA21E5E9FC2A3150BA	000000000000000000000000000000653C17C41B81BB7CCC21E5E9FC2A3150BA	65
213	3	diff_low(b1[33],b4[62])	34345482489696687688369590870880388345828	0x64eeab5171315023da73b8dccc09cf6fe4	34345482489696687688351144126806678794212	34345482489696687688388037614954097897444	00000000000000000000000000000064EEAB5171315023D973B8DCCC09CF6FE4	00000000000000000000000000000064EEAB5171315023DB73B8DCCC09CF6FE4	65
214	3	avg(b2[4],b3[17])	34345041033915897762799006504249150558819	0x64ee564bfde20f411a890014f336825263	34345041033915897762780559760175441007203	34345041033915897762817453248322860110435	00000000000000000000000000000064EE564BFDE20F4119890014F336825263	00000000000000000000000000000064EE564BFDE20F411B890014F336825263	65
215	3	avg(b1[27],b3[17])	34448883367242099840446242164509256030328	0x653c759a4ef876c4c8b7093e5effa19878	34448883367242099840427795420435546478712	34448883367242099840464688908582965581944	000000000000000000000000000000653C759A4EF876C4C7B7093E5EFFA19878	000000000000000000000000000000653C759A4EF876C4C9B7093E5EFFA19878	65
216	3	wavg2b(b3[53],b4[3])	34344965753971125619431608067264138814101	0x64ee47cc6765a1acb6fc1abc2071c5a295	34344965753971125619413161323190429262485	34344965753971125619450054811337848365717	00000000000000000000000000000064EE47CC6765A1ACB5FC1ABC2071C5A295	00000000000000000000000000000064EE47CC6765A1ACB7FC1ABC2071C5A295	65
217	3	diff_low(b1[4],b1[12])	34344815922399650606621414644880002722102	0x64ee2af123176130d9be16c8cd3ad32936	34344815922399650606602967900806293170486	34344815922399650606639861388953712273718	00000000000000000000000000000064EE2AF123176130D8BE16C8CD3AD32936	00000000000000000000000000000064EE2AF123176130DABE16C8CD3AD32936	65
218	3	wavg2a(b1[16],b2[44])	34449606827961871495537572223263302205906	0x653d00efad05f18a67c81d6114bc7bc1d2	34449606827961871495519125479189592654290	34449606827961871495556018967337011757522	000000000000000000000000000000653D00EFAD05F18A66C81D6114BC7BC1D2	000000000000000000000000000000653D00EFAD05F18A68C81D6114BC7BC1D2	65
219	3	wavg2a(b1[70],b3[11])	34344246448595975169508313148578713432053	0x64edbd43e92ac40a45da2065bcad31eff5	34344246448595975169489866404505003880437	34344246448595975169526759892652422983669	00000000000000000000000000000064EDBD43E92AC40A44DA2065BCAD31EFF5	00000000000000000000000000000064EDBD43E92AC40A46DA2065BCAD31EFF5	65
220	3	wavg2b(b2[18],b4[6])	34450065783259226931694900827397912569137	0x653d5953eb48d277a043c42ee9e37ca531	34450065783259226931676454083324203017521	34450065783259226931713347571471622120753	000000000000000000000000000000653D5953EB48D2779F43C42EE9E37CA531	000000000000000000000000000000653D5953EB48D277A143C42EE9E37CA531	65
221	3	wavg2b(b1[72],b2[4])	34343752966341773027220016842740164112999	0x64ed5e395b7161102aecc6920a0a56b267	34343752966341773027201570098666454561383	34343752966341773027238463586813873664615	00000000000000000000000000000064ED5E395B71611029ECC6920A0A56B267	00000000000000000000000000000064ED5E395B7161102BECC6920A0A56B267	65
222	3	avg(b2[36],b3[42])	34450496963634841406721525407029076899279	0x653dac5ec0bf4817e266a208dd7e0335cf	34450496963634841406703078662955367347663	34450496963634841406739972151102786450895	000000000000000000000000000000653DAC5EC0BF4817E166A208DD7E0335CF	000000000000000000000000000000653DAC5EC0BF4817E366A208DD7E0335CF	65
223	3	diff_low(b1[39],b4[17])	34343271459021844839877615359903108052473	0x64ed017d36a37a1935f3584df7f5ba35f9	34343271459021844839859168615829398500857	34343271459021844839896062103976817604089	00000000000000000000000000000064ED017D36A37A1934F3584DF7F5BA35F9	00000000000000000000000000000064ED017D36A37A1936F3584DF7F5BA35F9	65
224	3	avg(b4[39],b4[44])	34343186767842077409981770750093542247942	0x64ecf12d9daab43cbb6396fe07bd034e06	34343186767842077409963324006019832696326	34343186767842077410000217494167251799558	00000000000000000000000000000064ECF12D9DAAB43CBA6396FE07BD034E06	00000000000000000000000000000064ECF12D9DAAB43CBC6396FE07BD034E06	65
225	3	diff_low(b1[15],b1[17])	34451206108976959500562108701576206714575	0x653e34f25154da76ebebef99cfdd5b86cf	34451206108976959500543661957502497162959	34451206108976959500580555445649916266191	000000000000000000000000000000653E34F25154DA76EAEBEF99CFDD5B86CF	000000000000000000000000000000653E34F25154DA76ECEBEF99CFDD5B86CF	65
226	3	wavg2b(b1[54],b3[50])	34342306322849790104470707287435351473846	0x64ec479c53876cc733d9a28ea952d0beb6	34342306322849790104452260543361641922230	34342306322849790104489154031509061025462	00000000000000000000000000000064EC479C53876CC732D9A28EA952D0BEB6	00000000000000000000000000000064EC479C53876CC734D9A28EA952D0BEB6	65
227	3	wavg2a(b1[56],b4[46])	34341859422078379102791683996250324208997	0x64ebf18a6ac6969aec4a9b4b47ad020d65	34341859422078379102773237252176614657381	34341859422078379102810130740324033760613	00000000000000000000000000000064EBF18A6AC6969AEB4A9B4B47AD020D65	00000000000000000000000000000064EBF18A6AC6969AED4A9B4B47AD020D65	65
228	3	diff_low(b1[60],b1[66])	34341766151374988945266588698552032247424	0x64ebdf93d0fddb1539ae9520c990333e80	34341766151374988945248141954478322695808	34341766151374988945285035442625741799040	00000000000000000000000000000064EBDF93D0FDDB1538AE9520C990333E80	00000000000000000000000000000064EBDF93D0FDDB153AAE9520C990333E80	65
229	3	wavg2a(b2[3],b2[11])	34341619722040012438098799305496186963401	0x64ebc3604af2a17bb518f1173c6d45c5c9	34341619722040012438080352561422477411785	34341619722040012438117246049569896515017	00000000000000000000000000000064EBC3604AF2A17BB418F1173C6D45C5C9	00000000000000000000000000000064EBC3604AF2A17BB618F1173C6D45C5C9	65
230	3	diff_low(b1[20],b3[0])	34341406382935785902149408708917871770130	0x64eb9a49dce2bddcee3a092a2cc83bfa12	34341406382935785902130961964844162218514	34341406382935785902167855452991581321746	00000000000000000000000000000064EB9A49DCE2BDDCED3A092A2CC83BFA12	00000000000000000000000000000064EB9A49DCE2BDDCEF3A092A2CC83BFA12	65
231	3	wavg2a(b1[23],b4[6])	34452839222014545662561348630327718376463	0x653f6f7901cc49525cce89a0310e78f40f	34452839222014545662542901886254008824847	34452839222014545662579795374401427928079	000000000000000000000000000000653F6F7901CC49525BCE89A0310E78F40F	000000000000000000000000000000653F6F7901CC49525DCE89A0310E78F40F	65
232	3	wavg2a(b2[3],b3[5])	34453297440269405418458522899562271516041	0x653fc7b8e9466b31a77c68c2581d8ea589	34453297440269405418440076155488561964425	34453297440269405418476969643635981067657	000000000000000000000000000000653FC7B8E9466B31A67C68C2581D8EA589	000000000000000000000000000000653FC7B8E9466B31A87C68C2581D8EA589	65
233	3	wavg2b(b2[12],b2[26])	34453486129941394156086914014875658019746	0x653fec1007c325448feb05f28e861ce3a2	34453486129941394156068467270801948468130	34453486129941394156105360758949367571362	000000000000000000000000000000653FEC1007C325448EEB05F28E861CE3A2	000000000000000000000000000000653FEC1007C3254490EB05F28E861CE3A2	65
234	3	wavg2a(b2[3],b2[41])	34453849399796232479217218899671620554589	0x654032069df25c7b3c845cd8eae9888f5d	34453849399796232479198772155597911002973	34453849399796232479235665643745330106205	000000000000000000000000000000654032069DF25C7B3B845CD8EAE9888F5D	000000000000000000000000000000654032069DF25C7B3D845CD8EAE9888F5D	65
235	3	wavg2b(b1[61],b1[65])	34339655863200419802418122041696042539880	0x64ea4926938e9391985e4afa78e9eedb68	34339655863200419802399675297622332988264	34339655863200419802436568785769752091496	00000000000000000000000000000064EA4926938E9391975E4AFA78E9EEDB68	00000000000000000000000000000064EA4926938E9391995E4AFA78E9EEDB68	65
236	3	wavg2a(b2[9],b4[60])	34339635458555441719145482223062018675800	0x64ea45388cbac7abb642145d49ce23d458	34339635458555441719127035478988309124184	34339635458555441719163928967135728227416	00000000000000000000000000000064EA45388CBAC7ABB542145D49CE23D458	00000000000000000000000000000064EA45388CBAC7ABB742145D49CE23D458	65
237	3	avg(b2[36],b3[19])	34339605075034942623201267201208968513507	0x64ea3f5e86c92db60a3968b59cab0387e3	34339605075034942623182820457135258961891	34339605075034942623219713945282678065123	00000000000000000000000000000064EA3F5E86C92DB6093968B59CAB0387E3	00000000000000000000000000000064EA3F5E86C92DB60B3968B59CAB0387E3	65
238	3	diff_low(b1[51],b2[35])	34339152363606373556490305977451030953026	0x64e9e82e213a7431baed76d92e4be2bc42	34339152363606373556471859233377321401410	34339152363606373556508752721524740504642	00000000000000000000000000000064E9E82E213A7431B9ED76D92E4BE2BC42	00000000000000000000000000000064E9E82E213A7431BBED76D92E4BE2BC42	65
239	3	wavg2a(b1[52],b4[16])	34455243190032701586439071991093653595004	0x65413e75c7fd216d428d8737a0aff2e37c	34455243190032701586420625247019944043388	34455243190032701586457518735167363146620	00000000000000000000000000000065413E75C7FD216D418D8737A0AFF2E37C	00000000000000000000000000000065413E75C7FD216D438D8737A0AFF2E37C	65
240	3	wavg2b(b1[43],b4[2])	34455289994315819499151581179119322696332	0x6541477969185d01d5a70a676f26f68a8c	34455289994315819499133134435045613144716	34455289994315819499170027923193032247948	0000000000000000000000000000006541477969185D01D4A70A676F26F68A8C	0000000000000000000000000000006541477969185D01D6A70A676F26F68A8C	65
241	3	avg(b1[39],b4[46])	34455992419734999193150780885551163441098	0x6541cec1a853dae2390ade143da18cffca	34455992419734999193132334141477453889482	34455992419734999193169227629624872992714	0000000000000000000000000000006541CEC1A853DAE2380ADE143DA18CFFCA	0000000000000000000000000000006541CEC1A853DAE23A0ADE143DA18CFFCA	65
242	3	diff_low(b1[72],b4[69])	34337846801542913311025190779425985218794	0x64e8ecbcf34a012753f26b3e49fa7148ea	34337846801542913311006744035352275667178	34337846801542913311043637523499694770410	00000000000000000000000000000064E8ECBCF34A012752F26B3E49FA7148EA	00000000000000000000000000000064E8ECBCF34A012754F26B3E49FA7148EA	65
243	3	diff_low(b2[46],b4[71])	34337373431645906160144292234041125441621	0x64e891920333a69d6c854e087d42cf1055	34337373431645906160125845489967415890005	34337373431645906160162738978114834993237	00000000000000000000000000000064E891920333A69D6B854E087D42CF1055	00000000000000000000000000000064E891920333A69D6D854E087D42CF1055	65
244	3	avg(b2[17],b3[14])	34457498004076761877558121825328075939496	0x6542f0b8b25af0634fe077dc158bb49ea8	34457498004076761877539675081254366387880	34457498004076761877576568569401785491112	0000000000000000000000000000006542F0B8B25AF0634EE077DC158BB49EA8	0000000000000000000000000000006542F0B8B25AF06350E077DC158BB49EA8	65
245	3	wavg2a(b3[26],b4[6])	34336161000703352015057711587176731547927	0x64e7a8108d449a6eb811f45ea528729917	34336161000703352015039264843103021996311	34336161000703352015076158331250441099543	00000000000000000000000000000064E7A8108D449A6EB711F45EA528729917	00000000000000000000000000000064E7A8108D449A6EB911F45EA528729917	65
246	3	wavg2b(b1[75],b4[71])	34336022504635619932625248282738727388593	0x64e78d642b225b9f78f40cd881ca5905b1	34336022504635619932606801538665017836977	34336022504635619932643695026812436940209	00000000000000000000000000000064E78D642B225B9F77F40CD881CA5905B1	00000000000000000000000000000064E78D642B225B9F79F40CD881CA5905B1	65
247	3	avg(b3[35],b3[39])	34458064450096289567516243190876141653292	0x65435dd0a4455386dbeb46972bf3fa0d2c	34458064450096289567497796446802432101676	34458064450096289567534689934949851204908	00000000000000000000000000000065435DD0A4455386DAEB46972BF3FA0D2C	00000000000000000000000000000065435DD0A4455386DCEB46972BF3FA0D2C	65
248	3	diff_low(b1[25],b2[22])	34335396091700440994301014384784128870445	0x64e714bfa055332b3116218e0c9e00082d	34335396091700440994282567640710419318829	34335396091700440994319461128857838422061	00000000000000000000000000000064E714BFA055332B3016218E0C9E00082D	00000000000000000000000000000064E714BFA055332B3216218E0C9E00082D	65
249	3	diff_low(b4[28],b4[34])	34458983525420746369877830743493614775027	0x65440ed28dbfde13c535c0e147b4942af3	34458983525420746369859383999419905223411	34458983525420746369896277487567324326643	00000000000000000000000000000065440ED28DBFDE13C435C0E147B4942AF3	00000000000000000000000000000065440ED28DBFDE13C635C0E147B4942AF3	65
250	3	wavg2a(b1[22],b4[42])	34334460852819652351671831026043103783489	0x64e660a0ca175d02e3567f227dc2c8aa41	34334460852819652351653384281969394231873	34334460852819652351690277770116813335105	00000000000000000000000000000064E660A0CA175D02E2567F227DC2C8AA41	00000000000000000000000000000064E660A0CA175D02E4567F227DC2C8AA41	65
251	3	avg(b2[4],b4[45])	34334104158132067099674150082362856415681	0x64e61bee622f61d4ea2a2d03bd3543a1c1	34334104158132067099655703338289146864065	34334104158132067099692596826436565967297	00000000000000000000000000000064E61BEE622F61D4E92A2D03BD3543A1C1	00000000000000000000000000000064E61BEE622F61D4EB2A2D03BD3543A1C1	65
252	3	wavg2a(b1[5],b3[39])	34334007267991296674980031463142366041052	0x64e6094554adb900b22e40b53f9c4ed3dc	34334007267991296674961584719068656489436	34334007267991296674998478207216075592668	00000000000000000000000000000064E6094554ADB900B12E40B53F9C4ED3DC	00000000000000000000000000000064E6094554ADB900B32E40B53F9C4ED3DC	65
253	3	diff_low(b1[16],b2[34])	34333091873736713888237820505478706689717	0x64e558f8e8d56fb0e6b8b676339626f6b5	34333091873736713888219373761404997138101	34333091873736713888256267249552416241333	00000000000000000000000000000064E558F8E8D56FB0E5B8B676339626F6B5	00000000000000000000000000000064E558F8E8D56FB0E7B8B676339626F6B5	65
254	3	diff_low(b1[42],b3[45])	34332627130204864089685368601853945685984	0x64e4ff7748c8341dfc091834aaf42fa7e0	34332627130204864089666921857780236134368	34332627130204864089703815345927655237600	00000000000000000000000000000064E4FF7748C8341DFB091834AAF42FA7E0	00000000000000000000000000000064E4FF7748C8341DFD091834AAF42FA7E0	65
255	3	avg(b3[27],b3[38])	34332454073886698351366583950260104398079	0x64e4de22f2f6119c2c7c22b6cca45d04ff	34332454073886698351348137206186394846463	34332454073886698351385030694333813949695	00000000000000000000000000000064E4DE22F2F6119C2B7C22B6CCA45D04FF	00000000000000000000000000000064E4DE22F2F6119C2D7C22B6CCA45D04FF	65
256	3	diff_low(b3[35],b3[57])	34332410817868832833209887178134756320632	0x64e4d5ce434237018b976f2c7d55e8e578	34332410817868832833191440434061046769016	34332410817868832833228333922208465872248	00000000000000000000000000000064E4D5CE434237018A976F2C7D55E8E578	00000000000000000000000000000064E4D5CE434237018C976F2C7D55E8E578	65
257	3	wavg2a(b1[46],b3[30])	34461683118402833709686217089880519125858	0x654616bec39114f0090c73c7d96cc4ab62	34461683118402833709667770345806809574242	34461683118402833709704663833954228677474	000000000000000000000000000000654616BEC39114F0080C73C7D96CC4AB62	000000000000000000000000000000654616BEC39114F00A0C73C7D96CC4AB62	65
258	3	wavg2a(b2[4],b3[46])	34332128806681815126622299512343468682831	0x64e49f7e09a77ee49f44c569963503ae4f	34332128806681815126603852768269759131215	34332128806681815126640746256417178234447	00000000000000000000000000000064E49F7E09A77EE49E44C569963503AE4F	00000000000000000000000000000064E49F7E09A77EE4A044C569963503AE4F	65
259	3	wavg2a(b1[39],b1[62])	34462802685518984534395599624436184844031	0x6546ee5daf39d8cdb27a1236d29e7d06ff	34462802685518984534377152880362475292415	34462802685518984534414046368509894395647	0000000000000000000000000000006546EE5DAF39D8CDB17A1236D29E7D06FF	0000000000000000000000000000006546EE5DAF39D8CDB37A1236D29E7D06FF	65
260	3	diff_low(b1[10],b2[32])	34462821820875730917104498136767418473156	0x6546f20d21622bb272cf8bae93b54a1ac4	34462821820875730917086051392693708921540	34462821820875730917122944880841128024772	0000000000000000000000000000006546F20D21622BB271CF8BAE93B54A1AC4	0000000000000000000000000000006546F20D21622BB273CF8BAE93B54A1AC4	65
261	3	wavg2b(b1[32],b1[54])	34463109712725560166706682549952200780205	0x6547297f4b633e7ae1ae968753e7eb29ad	34463109712725560166688235805878491228589	34463109712725560166725129294025910331821	0000000000000000000000000000006547297F4B633E7AE0AE968753E7EB29AD	0000000000000000000000000000006547297F4B633E7AE2AE968753E7EB29AD	65
262	3	diff_low(b2[30],b4[61])	34330648594223429778697606349622469394927	0x64e38269edd11b13f60801dbfb977f01ef	34330648594223429778679159605548759843311	34330648594223429778716053093696178946543	00000000000000000000000000000064E38269EDD11B13F50801DBFB977F01EF	00000000000000000000000000000064E38269EDD11B13F70801DBFB977F01EF	65
263	3	diff_low(b3[13],b3[35])	34330583075984974914034719441699672656067	0x64e375cba162f09672b1a7d1f8221f88c3	34330583075984974914016272697625963104451	34330583075984974914053166185773382207683	00000000000000000000000000000064E375CBA162F09671B1A7D1F8221F88C3	00000000000000000000000000000064E375CBA162F09673B1A7D1F8221F88C3	65
264	3	wavg2b(b1[38],b3[22])	34463775823618694075413139818933597540022	0x6547a9c918dca13b209c0026e5d9288eb6	34463775823618694075394693074859887988406	34463775823618694075431586563007307091638	0000000000000000000000000000006547A9C918DCA13B1F9C0026E5D9288EB6	0000000000000000000000000000006547A9C918DCA13B219C0026E5D9288EB6	65
265	3	diff_low(b1[17],b3[2])	34464560536802377402389722323472574931808	0x654840ea71b356d786863b502ae6f56360	34464560536802377402371275579398865380192	34464560536802377402408169067546284483424	000000000000000000000000000000654840EA71B356D785863B502AE6F56360	000000000000000000000000000000654840EA71B356D787863B502AE6F56360	65
266	3	avg(b4[0],b4[21])	34464692761879152103614537381416139689300	0x65485a61a4ccf835dab50963a57e1f0d54	34464692761879152103596090637342430137684	34464692761879152103632984125489849240916	00000000000000000000000000000065485A61A4CCF835D9B50963A57E1F0D54	00000000000000000000000000000065485A61A4CCF835DBB50963A57E1F0D54	65
267	3	wavg2a(b1[5],b4[17])	34464745394034951237157690435750100665509	0x654864849c00721fc11e350b7d426f04a5	34464745394034951237139243691676391113893	34464745394034951237176137179823810217125	000000000000000000000000000000654864849C00721FC01E350B7D426F04A5	000000000000000000000000000000654864849C00721FC21E350B7D426F04A5	65
268	3	avg(b2[4],b4[1])	34329161394452339513614604126109750766547	0x64e263fd51b1b3e8f352aed47be6b3abd3	34329161394452339513596157382036041214931	34329161394452339513633050870183460318163	00000000000000000000000000000064E263FD51B1B3E8F252AED47BE6B3ABD3	00000000000000000000000000000064E263FD51B1B3E8F452AED47BE6B3ABD3	65
269	3	diff_low(b1[52],b4[52])	34465460778295782138586744318241208638494	0x6548ee4bc6cf9f06255b040a66023d9c1e	34465460778295782138568297574167499086878	34465460778295782138605191062314918190110	0000000000000000000000000000006548EE4BC6CF9F06245B040A66023D9C1E	0000000000000000000000000000006548EE4BC6CF9F06265B040A66023D9C1E	65
270	3	diff_low(b1[50],b3[54])	34328240119160082271178436738680248618356	0x64e1b28ef0b7d09835c1549dd768cc4d74	34328240119160082271159989994606539066740	34328240119160082271196883482753958169972	00000000000000000000000000000064E1B28EF0B7D09834C1549DD768CC4D74	00000000000000000000000000000064E1B28EF0B7D09836C1549DD768CC4D74	65
271	3	wavg2b(b1[16],b4[35])	34327782935053041314659639347983517507986	0x64e15a82060580f27aaac0f4fc0d186192	34327782935053041314641192603909807956370	34327782935053041314678086092057227059602	00000000000000000000000000000064E15A82060580F279AAC0F4FC0D186192	00000000000000000000000000000064E15A82060580F27BAAC0F4FC0D186192	65
272	3	diff_low(b1[58],b4[54])	34466144082694532284778184722805490594212	0x654971e548d5ed59246d8a3f9f669631a4	34466144082694532284759737978731781042596	34466144082694532284796631466879200145828	000000000000000000000000000000654971E548D5ED59236D8A3F9F669631A4	000000000000000000000000000000654971E548D5ED59256D8A3F9F669631A4	65
273	3	wavg2b(b3[36],b4[48])	34466194374994619714109465104319294037356	0x65497b94e2e7d65e62b4b3df45d1d95d6c	34466194374994619714091018360245584485740	34466194374994619714127911848393003588972	00000000000000000000000000000065497B94E2E7D65E61B4B3DF45D1D95D6C	00000000000000000000000000000065497B94E2E7D65E63B4B3DF45D1D95D6C	65
274	3	wavg2a(b1[10],b2[4])	34327559345564261420689728551365453524617	0x64e12f7235eacf9380a6d2b22ca21fae89	34327559345564261420671281807291743973001	34327559345564261420708175295439163076233	00000000000000000000000000000064E12F7235EACF937FA6D2B22CA21FAE89	00000000000000000000000000000064E12F7235EACF9381A6D2B22CA21FAE89	65
275	3	avg(b2[17],b3[0])	34466636713496051473433960507503494262320	0x6549d0c5dbb7507acc5d5ca0af8ea36e30	34466636713496051473415513763429784710704	34466636713496051473452407251577203813936	0000000000000000000000000000006549D0C5DBB7507ACB5D5CA0AF8EA36E30	0000000000000000000000000000006549D0C5DBB7507ACD5D5CA0AF8EA36E30	65
276	3	diff_low(b1[15],b3[33])	34466830128653880386793808492831823737682	0x6549f605f6384a70d5a89702aed651b352	34466830128653880386775361748758114186066	34466830128653880386812255236905533289298	0000000000000000000000000000006549F605F6384A70D4A89702AED651B352	0000000000000000000000000000006549F605F6384A70D6A89702AED651B352	65
277	3	wavg2b(b1[71],b3[19])	34467509465640450830475755088474271467371	0x654a78dbdc7673b5532a52a6601e3d476b	34467509465640450830457308344400561915755	34467509465640450830494201832547981018987	000000000000000000000000000000654A78DBDC7673B5522A52A6601E3D476B	000000000000000000000000000000654A78DBDC7673B5542A52A6601E3D476B	65
278	3	diff_low(b1[55],b3[56])	34326118776896405358076772314345330404374	0x64e01a00b11041b30172b54902dacb6c16	34326118776896405358058325570271620852758	34326118776896405358095219058419039955990	00000000000000000000000000000064E01A00B11041B30072B54902DACB6C16	00000000000000000000000000000064E01A00B11041B30272B54902DACB6C16	65
279	3	diff_low(b1[55],b3[12])	34325936002708019566159255540701822037917	0x64dff6cd3a79eddb7ef5548cc2559daf9d	34325936002708019566140808796628112486301	34325936002708019566177702284775531589533	00000000000000000000000000000064DFF6CD3A79EDDB7DF5548CC2559DAF9D	00000000000000000000000000000064DFF6CD3A79EDDB7FF5548CC2559DAF9D	65
280	3	wavg2a(b2[5],b4[40])	34325677232383856573627453482558614847616	0x64dfc4f6ddcd3a2aeeb845659fb81ec080	34325677232383856573609006738484905296000	34325677232383856573645900226632324399232	00000000000000000000000000000064DFC4F6DDCD3A2AEDB845659FB81EC080	00000000000000000000000000000064DFC4F6DDCD3A2AEFB845659FB81EC080	65
281	3	avg(b3[30],b4[20])	34468677297406282788875700631087884573778	0x654b59c669a54f78bc66bfac3319409c52	34468677297406282788857253887014175022162	34468677297406282788894147375161594125394	000000000000000000000000000000654B59C669A54F78BB66BFAC3319409C52	000000000000000000000000000000654B59C669A54F78BD66BFAC3319409C52	65
282	3	wavg2b(b3[38],b4[55])	34325092337269717651622945336914634746790	0x64df54514f9311760ecd225c6a18b62ba6	34325092337269717651604498592840925195174	34325092337269717651641392080988344298406	00000000000000000000000000000064DF54514F9311760DCD225C6A18B62BA6	00000000000000000000000000000064DF54514F9311760FCD225C6A18B62BA6	65
283	3	diff_low(b1[50],b2[5])	34469457147153409918783448839321237637245	0x654beff7f948f76a2836109fbefd34c87d	34469457147153409918765002095247528085629	34469457147153409918801895583394947188861	000000000000000000000000000000654BEFF7F948F76A2736109FBEFD34C87D	000000000000000000000000000000654BEFF7F948F76A2936109FBEFD34C87D	65
284	3	wavg2a(b1[56],b3[13])	34469749440683937272598685866340232509447	0x654c2843284f72517c0f9a7a24438cb807	34469749440683937272580239122266522957831	34469749440683937272617132610413942061063	000000000000000000000000000000654C2843284F72517B0F9A7A24438CB807	000000000000000000000000000000654C2843284F72517D0F9A7A24438CB807	65
285	3	wavg2a(b2[26],b4[39])	34469856632779655432461666308169649870487	0x654c3ce822c4d74efd1d05a98f06ffd697	34469856632779655432443219564095940318871	34469856632779655432480113052243359422103	000000000000000000000000000000654C3CE822C4D74EFC1D05A98F06FFD697	000000000000000000000000000000654C3CE822C4D74EFE1D05A98F06FFD697	65
286	3	wavg2a(b3[39],b3[50])	34469943440200578757222045602760277588964	0x654c4da0127594d01608e5573d40f77be4	34469943440200578757203598858686568037348	34469943440200578757240492346833987140580	000000000000000000000000000000654C4DA0127594D01508E5573D40F77BE4	000000000000000000000000000000654C4DA0127594D01708E5573D40F77BE4	65
287	3	wavg2a(b1[56],b3[57])	34470358687978556578990408445151927064302	0x654c9d995e4489ca845c3242fb54cfd6ee	34470358687978556578971961701078217512686	34470358687978556579008855189225636615918	000000000000000000000000000000654C9D995E4489CA835C3242FB54CFD6EE	000000000000000000000000000000654C9D995E4489CA855C3242FB54CFD6EE	65
288	3	wavg2a(b1[27],b3[46])	34470585251116751230151947059356942644842	0x654cc93bcb1ab394322cd1a0d09682b66a	34470585251116751230133500315283233093226	34470585251116751230170393803430652196458	000000000000000000000000000000654CC93BCB1AB394312CD1A0D09682B66A	000000000000000000000000000000654CC93BCB1AB394332CD1A0D09682B66A	65
289	3	wavg2b(b2[17],b4[15])	34322657929809417794779049000217869168059	0x64dd7f77c19c0af715ebe1a43bc68e2dbb	34322657929809417794760602256144159616443	34322657929809417794797495744291578719675	00000000000000000000000000000064DD7F77C19C0AF714EBE1A43BC68E2DBB	00000000000000000000000000000064DD7F77C19C0AF716EBE1A43BC68E2DBB	65
290	3	wavg2b(b2[24],b2[29])	34471986909545690697759901717278909237281	0x654dd72ee3b283d79523a14455f6538821	34471986909545690697741454973205199685665	34471986909545690697778348461352618788897	000000000000000000000000000000654DD72EE3B283D79423A14455F6538821	000000000000000000000000000000654DD72EE3B283D79623A14455F6538821	65
291	3	diff_low(b4[57],b4[75])	34321186837470891404770537977834324832425	0x64dc64254dde42a3d2ef43afb6ca3f30a9	34321186837470891404752091233760615280809	34321186837470891404788984721908034384041	00000000000000000000000000000064DC64254DDE42A3D1EF43AFB6CA3F30A9	00000000000000000000000000000064DC64254DDE42A3D3EF43AFB6CA3F30A9	65
292	3	avg(b1[42],b4[53])	34320929652140794307787848375252892487380	0x64dc329d16a19945480d56729afd2f8ed4	34320929652140794307769401631179182935764	34320929652140794307806295119326602038996	00000000000000000000000000000064DC329D16A19945470D56729AFD2F8ED4	00000000000000000000000000000064DC329D16A19945490D56729AFD2F8ED4	65
293	3	wavg2b(b2[47],b3[39])	34473130261702661385758182748497328835278	0x654eb36280c722ae67a280845bd83d8ace	34473130261702661385739736004423619283662	34473130261702661385776629492571038386894	000000000000000000000000000000654EB36280C722AE66A280845BD83D8ACE	000000000000000000000000000000654EB36280C722AE68A280845BD83D8ACE	65
294	3	wavg2a(b2[34],b4[15])	34473173849841442207167317079395326385891	0x654ebbc7906f8b728f8db637c74ba25ee3	34473173849841442207148870335321616834275	34473173849841442207185763823469035937507	000000000000000000000000000000654EBBC7906F8B728E8DB637C74BA25EE3	000000000000000000000000000000654EBBC7906F8B72908DB637C74BA25EE3	65
295	3	wavg2a(b1[28],b3[45])	34320535931369420060145782613250167533220	0x64dbe6c927d87111e51e8878300de3eea4	34320535931369420060127335869176457981604	34320535931369420060164229357323877084836	00000000000000000000000000000064DBE6C927D87111E41E8878300DE3EEA4	00000000000000000000000000000064DBE6C927D87111E61E8878300DE3EEA4	65
296	3	wavg2a(b1[75],b4[54])	34473457067182501669680142860017499792941	0x654ef25341d82aa7492cd258cb026e662d	34473457067182501669661696115943790241325	34473457067182501669698589604091209344557	000000000000000000000000000000654EF25341D82AA7482CD258CB026E662D	000000000000000000000000000000654EF25341D82AA74A2CD258CB026E662D	65
297	3	diff_low(b1[41],b4[25])	34320352478437467441339338594405561594227	0x64dbc3743a4f5dda90f909af2cc87af173	34320352478437467441320891850331852042611	34320352478437467441357785338479271145843	00000000000000000000000000000064DBC3743A4F5DDA8FF909AF2CC87AF173	00000000000000000000000000000064DBC3743A4F5DDA91F909AF2CC87AF173	65
298	3	avg(b3[16],b3[42])	34320246618746193705615473909395214733707	0x64dbaf10f128ed5ee394607653ae5a918b	34320246618746193705597027165321505182091	34320246618746193705633920653468924285323	00000000000000000000000000000064DBAF10F128ED5EE294607653AE5A918B	00000000000000000000000000000064DBAF10F128ED5EE494607653AE5A918B	65
299	3	wavg2a(b2[9],b4[74])	34473920939024367642214400443734153660415	0x654f4ba9e79f277326b42333f2e89a87ff	34473920939024367642195953699660444108799	34473920939024367642232847187807863212031	000000000000000000000000000000654F4BA9E79F277325B42333F2E89A87FF	000000000000000000000000000000654F4BA9E79F277327B42333F2E89A87FF	65
300	3	avg(b1[18],b1[60])	34474224327272308954377167294548876521697	0x654f861819ab0cef2a742d59a69528f0e1	34474224327272308954358720550475166970081	34474224327272308954395614038622586073313	000000000000000000000000000000654F861819AB0CEF29742D59A69528F0E1	000000000000000000000000000000654F861819AB0CEF2B742D59A69528F0E1	65
301	3	wavg2a(b3[51],b3[54])	34474320085109660963194746438717546497418	0x654f9889537f0a85a79d3cc001779d058a	34474320085109660963176299694643836945802	34474320085109660963213193182791256049034	000000000000000000000000000000654F9889537F0A85A69D3CC001779D058A	000000000000000000000000000000654F9889537F0A85A89D3CC001779D058A	65
302	3	diff_low(b2[38],b4[29])	34319282836015631761177859030123211217972	0x64daf572c8e2331ca1224a53f876215c34	34319282836015631761159412286049501666356	34319282836015631761196305774196920769588	00000000000000000000000000000064DAF572C8E2331CA0224A53F876215C34	00000000000000000000000000000064DAF572C8E2331CA2224A53F876215C34	65
303	3	wavg2a(b1[3],b2[22])	34474966879301652758933253958910318953237	0x6550151abdecc209495015c76b5e4f4315	34474966879301652758914807214836609401621	34474966879301652758951700702984028504853	0000000000000000000000000000006550151ABDECC209485015C76B5E4F4315	0000000000000000000000000000006550151ABDECC2094A5015C76B5E4F4315	65
304	3	avg(b4[41],b4[46])	34318676784207740998177075009354224794248	0x64da80ba1fa399291fed166705d54a7a88	34318676784207740998158628265280515242632	34318676784207740998195521753427934345864	00000000000000000000000000000064DA80BA1FA399291EED166705D54A7A88	00000000000000000000000000000064DA80BA1FA3992920ED166705D54A7A88	65
305	3	avg(b2[12],b4[44])	34318631013584685495419642310152554471830	0x64da77e97528292d1798976b86fbaee196	34318631013584685495401195566078844920214	34318631013584685495438089054226264023446	00000000000000000000000000000064DA77E97528292D1698976B86FBAEE196	00000000000000000000000000000064DA77E97528292D1898976B86FBAEE196	65
306	3	wavg2a(b1[11],b1[75])	34475792182906863674589625441648299755895	0x6550b40d59e9069fa4efd0f9f21bf84977	34475792182906863674571178697574590204279	34475792182906863674608072185722009307511	0000000000000000000000000000006550B40D59E9069FA3EFD0F9F21BF84977	0000000000000000000000000000006550B40D59E9069FA5EFD0F9F21BF84977	65
307	3	avg(b3[54],b4[67])	34318073601099330251065760744220954162551	0x64da0c8ee678f051cdee9acefee82b7577	34318073601099330251047314000147244610935	34318073601099330251084207488294663714167	00000000000000000000000000000064DA0C8EE678F051CCEE9ACEFEE82B7577	00000000000000000000000000000064DA0C8EE678F051CEEE9ACEFEE82B7577	65
308	3	wavg2b(b3[1],b4[68])	34475953999923638421477884088247597733864	0x6550d3378bcdb7dcbf71a32593349d17e8	34475953999923638421459437344173888182248	34475953999923638421496330832321307285480	0000000000000000000000000000006550D3378BCDB7DCBE71A32593349D17E8	0000000000000000000000000000006550D3378BCDB7DCC071A32593349D17E8	65
309	3	avg(b1[28],b2[13])	34476261482936706557817193948331310555062	0x65510e6fa10d5336c3e8a83ede2acf9fb6	34476261482936706557798747204257601003446	34476261482936706557835640692405020106678	00000000000000000000000000000065510E6FA10D5336C2E8A83EDE2ACF9FB6	00000000000000000000000000000065510E6FA10D5336C4E8A83EDE2ACF9FB6	65
310	3	avg(b3[8],b4[62])	34476421701013836773148117651413652683088	0x65512d4afd7d61da8aaeac7d6929073950	34476421701013836773129670907339943131472	34476421701013836773166564395487362234704	00000000000000000000000000000065512D4AFD7D61DA89AEAC7D6929073950	00000000000000000000000000000065512D4AFD7D61DA8BAEAC7D6929073950	65
311	3	wavg2a(b1[70],b3[48])	34317339989395743196617638365954628524660	0x64d97f450cfdc31c13ffa818a07bda1a74	34317339989395743196599191621880918973044	34317339989395743196636085110028338076276	00000000000000000000000000000064D97F450CFDC31C12FFA818A07BDA1A74	00000000000000000000000000000064D97F450CFDC31C14FFA818A07BDA1A74	65
312	3	diff_low(b2[15],b4[13])	34477513347635448567644000500896282673670	0x6551ff8952f6a6241d1a64c50d24ef8206	34477513347635448567625553756822573122054	34477513347635448567662447244969992225286	0000000000000000000000000000006551FF8952F6A6241C1A64C50D24EF8206	0000000000000000000000000000006551FF8952F6A6241E1A64C50D24EF8206	65
313	3	wavg2b(b1[19],b2[26])	34315862976280589425955062563705103595968	0x64d862ceae8ae55ba9db30e2d4f13439c0	34315862976280589425936615819631394044352	34315862976280589425973509307778813147584	00000000000000000000000000000064D862CEAE8AE55BA8DB30E2D4F13439C0	00000000000000000000000000000064D862CEAE8AE55BAADB30E2D4F13439C0	65
314	3	avg(b1[67],b4[43])	34479415467479175963298807792480614482370	0x65536ddf12abf1d66540a5f350688a01c2	34479415467479175963280361048406904930754	34479415467479175963317254536554324033986	00000000000000000000000000000065536DDF12ABF1D66440A5F350688A01C2	00000000000000000000000000000065536DDF12ABF1D66640A5F350688A01C2	65
315	3	wavg2a(b1[65],b2[22])	34314388959193908344318118664439662790768	0x64d746ec074a22df252ec564caa6ca4870	34314388959193908344299671920365953239152	34314388959193908344336565408513372342384	00000000000000000000000000000064D746EC074A22DF242EC564CAA6CA4870	00000000000000000000000000000064D746EC074A22DF262EC564CAA6CA4870	65
316	3	wavg2a(b1[7],b4[18])	34314280436551140576059516609688513695945	0x64d7320572f75a5b10176fe7f32b6e50c9	34314280436551140576041069865614804144329	34314280436551140576077963353762223247561	00000000000000000000000000000064D7320572F75A5B0F176FE7F32B6E50C9	00000000000000000000000000000064D7320572F75A5B11176FE7F32B6E50C9	65
317	3	diff_low(b4[22],b4[71])	34480130512726138393823727857209971194196	0x6553f79586863b5a0a0632edff4fa63954	34480130512726138393805281113136261642580	34480130512726138393842174601283680745812	0000000000000000000000000000006553F79586863B5A090632EDFF4FA63954	0000000000000000000000000000006553F79586863B5A0B0632EDFF4FA63954	65
318	3	diff_low(b2[10],b3[26])	34313165585856367962718978701474246332909	0x64d65b4f10e9fb2d4ad1175edc105291ed	34313165585856367962700531957400536781293	34313165585856367962737425445547955884525	00000000000000000000000000000064D65B4F10E9FB2D49D1175EDC105291ED	00000000000000000000000000000064D65B4F10E9FB2D4BD1175EDC105291ED	65
319	3	diff_low(b1[7],b1[23])	34481405439072983551779463014310717957736	0x6554ed203f5b7ab929e8fb41ccbaf02668	34481405439072983551761016270237008406120	34481405439072983551797909758384427509352	0000000000000000000000000000006554ED203F5B7AB928E8FB41CCBAF02668	0000000000000000000000000000006554ED203F5B7AB92AE8FB41CCBAF02668	65
320	3	avg(b1[28],b3[43])	34481480658767957996650653518871619030696	0x6554fb9cdd624fbc8b5faf99a72445cea8	34481480658767957996632206774797909479080	34481480658767957996669100262945328582312	0000000000000000000000000000006554FB9CDD624FBC8A5FAF99A72445CEA8	0000000000000000000000000000006554FB9CDD624FBC8C5FAF99A72445CEA8	65
321	3	wavg2b(b1[49],b4[18])	34312333969660919857404703467440911171489	0x64d5bb2538d69365108d31dd14d5003fa1	34312333969660919857386256723367201619873	34312333969660919857423150211514620723105	00000000000000000000000000000064D5BB2538D693650F8D31DD14D5003FA1	00000000000000000000000000000064D5BB2538D69365118D31DD14D5003FA1	65
322	3	diff_low(b1[49],b4[61])	34481701195936970923090746391349100072314	0x655526162fcbea8f412a7db381c890cd7a	34481701195936970923072299647275390520698	34481701195936970923109193135422809623930	000000000000000000000000000000655526162FCBEA8F402A7DB381C890CD7A	000000000000000000000000000000655526162FCBEA8F422A7DB381C890CD7A	65
323	3	avg(b1[26],b3[45])	34482152352771620677423317908090552962872	0x65557cf9ef9ec5a0deae468ef14ffdcf38	34482152352771620677404871164016843411256	34482152352771620677441764652164262514488	00000000000000000000000000000065557CF9EF9EC5A0DDAE468EF14FFDCF38	00000000000000000000000000000065557CF9EF9EC5A0DFAE468EF14FFDCF38	65
324	3	wavg2a(b1[27],b1[72])	34482209410776709130749664389753638075010	0x655587f71ce495bfbdd4d2c9446bd5ba82	34482209410776709130731217645679928523394	34482209410776709130768111133827347626626	000000000000000000000000000000655587F71CE495BFBCD4D2C9446BD5BA82	000000000000000000000000000000655587F71CE495BFBED4D2C9446BD5BA82	65
325	3	diff_low(b2[13],b4[34])	34311667252796121808766404123694764078560	0x64d53abd8aed244f8f18ce9b38f6f335e0	34311667252796121808747957379621054526944	34311667252796121808784850867768473630176	00000000000000000000000000000064D53ABD8AED244F8E18CE9B38F6F335E0	00000000000000000000000000000064D53ABD8AED244F9018CE9B38F6F335E0	65
326	3	wavg2a(b3[14],b3[49])	34482871876882179731984317184638699284143	0x6556078d36addc8a2072cd46059421a6af	34482871876882179731965870440564989732527	34482871876882179732002763928712408835759	0000000000000000000000000000006556078D36ADDC8A1F72CD46059421A6AF	0000000000000000000000000000006556078D36ADDC8A2172CD46059421A6AF	65
327	3	diff_low(b4[9],b4[69])	34483133333983940763647223536264186434556	0x655639e80b413391ab40c616581ddc13fc	34483133333983940763628776792190476882940	34483133333983940763665670280337895986172	000000000000000000000000000000655639E80B413391AA40C616581DDC13FC	000000000000000000000000000000655639E80B413391AC40C616581DDC13FC	65
328	3	wavg2b(b1[7],b1[16])	34483379391759362616032014629939656020581	0x6556694ba1018873c2e52ab1ce23c85265	34483379391759362616013567885865946468965	34483379391759362616050461374013365572197	0000000000000000000000000000006556694BA1018873C1E52AB1CE23C85265	0000000000000000000000000000006556694BA1018873C3E52AB1CE23C85265	65
329	3	diff_low(b1[32],b3[53])	34483425432990631464809861804569114045060	0x65567229a30b441d38092153670bddea84	34483425432990631464791415060495404493444	34483425432990631464828308548642823596676	00000000000000000000000000000065567229A30B441D37092153670BDDEA84	00000000000000000000000000000065567229A30B441D39092153670BDDEA84	65
330	3	wavg2a(b2[1],b4[15])	34310391822572726288784431066348862099917	0x64d44519fa46f35c10af34402702ccd1cd	34310391822572726288765984322275152548301	34310391822572726288802877810422571651533	00000000000000000000000000000064D44519FA46F35C0FAF34402702CCD1CD	00000000000000000000000000000064D44519FA46F35C11AF34402702CCD1CD	65
331	3	diff_low(b1[30],b1[66])	34310149474310756166620066885891625193320	0x64d4166d492b07c09a6931dc31d8be0f68	34310149474310756166601620141817915641704	34310149474310756166638513629965334744936	00000000000000000000000000000064D4166D492B07C0996931DC31D8BE0F68	00000000000000000000000000000064D4166D492B07C09B6931DC31D8BE0F68	65
332	3	avg(b1[16],b4[23])	34484139236787838702272344559924197349991	0x6556fba2e1990cac8902b7c9a2809e5a67	34484139236787838702253897815850487798375	34484139236787838702290791303997906901607	0000000000000000000000000000006556FBA2E1990CAC8802B7C9A2809E5A67	0000000000000000000000000000006556FBA2E1990CAC8A02B7C9A2809E5A67	65
333	3	wavg2a(b1[56],b4[2])	34308907664213528529061377621229619881440	0x64d32743522b6475d40352103ef697a5e0	34308907664213528529042930877155910329824	34308907664213528529079824365303329433056	00000000000000000000000000000064D32743522B6475D30352103EF697A5E0	00000000000000000000000000000064D32743522B6475D50352103EF697A5E0	65
334	3	wavg2b(b3[41],b4[46])	34485481481119179799599944716158185819626	0x6557fe24a2d98f3b5d809af8f95998cdea	34485481481119179799581497972084476268010	34485481481119179799618391460231895371242	0000000000000000000000000000006557FE24A2D98F3B5C809AF8F95998CDEA	0000000000000000000000000000006557FE24A2D98F3B5E809AF8F95998CDEA	65
335	3	wavg2b(b1[28],b4[67])	34485488900760115798349205007802790233980	0x6557ff9273e26d9848c723a7b2ea92c77c	34485488900760115798330758263729080682364	34485488900760115798367651751876499785596	0000000000000000000000000000006557FF9273E26D9847C723A7B2EA92C77C	0000000000000000000000000000006557FF9273E26D9849C723A7B2EA92C77C	65
336	3	wavg2b(b1[54],b2[18])	34485702559806796229152007941120769940158	0x655828b8a8302435a4d1af13f4971c5abe	34485702559806796229133561197047060388542	34485702559806796229170454685194479491774	000000000000000000000000000000655828B8A8302435A3D1AF13F4971C5ABE	000000000000000000000000000000655828B8A8302435A5D1AF13F4971C5ABE	65
337	3	diff_low(b1[24],b4[31])	34308101805998694893356835379599032297391	0x64d28c0f7184237beeb6767cd03e1da7af	34308101805998694893338388635525322745775	34308101805998694893375282123672741849007	00000000000000000000000000000064D28C0F7184237BEDB6767CD03E1DA7AF	00000000000000000000000000000064D28C0F7184237BEFB6767CD03E1DA7AF	65
338	3	diff_low(b1[26],b4[68])	34308043737222115800090998873205722745245	0x64d280e06e837e95b7db5d5544baea899d	34308043737222115800072552129132013193629	34308043737222115800109445617279432296861	00000000000000000000000000000064D280E06E837E95B6DB5D5544BAEA899D	00000000000000000000000000000064D280E06E837E95B8DB5D5544BAEA899D	65
339	3	avg(b2[34],b3[20])	34307885315646939108281168395004409780920	0x64d2625da51e525039cc371857a70f9ab8	34307885315646939108262721650930700229304	34307885315646939108299615139078119332536	00000000000000000000000000000064D2625DA51E525038CC371857A70F9AB8	00000000000000000000000000000064D2625DA51E52503ACC371857A70F9AB8	65
340	3	diff_low(b1[71],b3[37])	34487281675164955308343545568435902991649	0x655958d90e1f4a215f473210ec3125cd21	34487281675164955308325098824362193440033	34487281675164955308361992312509612543265	000000000000000000000000000000655958D90E1F4A215E473210EC3125CD21	000000000000000000000000000000655958D90E1F4A2160473210EC3125CD21	65
341	3	diff_low(b2[6],b2[47])	34487338999243347676797277499471981544100	0x655963e359b650c4794722c0c9e0a582a4	34487338999243347676778830755398271992484	34487338999243347676815724243545691095716	000000000000000000000000000000655963E359B650C4784722C0C9E0A582A4	000000000000000000000000000000655963E359B650C47A4722C0C9E0A582A4	65
342	3	avg(b2[16],b4[39])	34305820901097990369127973359111404149858	0x64d0d4c6263db783539cdc38de1f5e5c62	34305820901097990369109526615037694598242	34305820901097990369146420103185113701474	00000000000000000000000000000064D0D4C6263DB783529CDC38DE1F5E5C62	00000000000000000000000000000064D0D4C6263DB783549CDC38DE1F5E5C62	65
343	3	diff_low(b1[23],b2[10])	34488182917823158433974434266200726575712	0x655a066bbfb58182c1ebf7412de95c1a60	34488182917823158433955987522127017024096	34488182917823158433992881010274436127328	000000000000000000000000000000655A066BBFB58182C0EBF7412DE95C1A60	000000000000000000000000000000655A066BBFB58182C2EBF7412DE95C1A60	65
344	3	diff_low(b4[13],b4[64])	34488227327275067168612197514959311263061	0x655a0ef94dcbc285a936d23d597aa2d555	34488227327275067168593750770885601711445	34488227327275067168630644259033020814677	000000000000000000000000000000655A0EF94DCBC285A836D23D597AA2D555	000000000000000000000000000000655A0EF94DCBC285AA36D23D597AA2D555	65
345	3	diff_low(b1[46],b4[48])	34488616646839535779179913648570176599371	0x655a59f43d8a6a8b9c1ef4242875b7754b	34488616646839535779161466904496467047755	34488616646839535779198360392643886150987	000000000000000000000000000000655A59F43D8A6A8B9B1EF4242875B7754B	000000000000000000000000000000655A59F43D8A6A8B9D1EF4242875B7754B	65
346	3	diff_low(b4[14],b4[36])	34305301169798442176095266980545387782626	0x64d070ad6afc7441efdad46fb1cfe361e2	34305301169798442176076820236471678231010	34305301169798442176113713724619097334242	00000000000000000000000000000064D070AD6AFC7441EEDAD46FB1CFE361E2	00000000000000000000000000000064D070AD6AFC7441F0DAD46FB1CFE361E2	65
347	3	wavg2a(b1[11],b1[33])	34304819298138490745585999784081703212890	0x64d013df4f9071b063d87b1b095f26975a	34304819298138490745567553040007993661274	34304819298138490745604446528155412764506	00000000000000000000000000000064D013DF4F9071B062D87B1B095F26975A	00000000000000000000000000000064D013DF4F9071B064D87B1B095F26975A	65
348	3	wavg2a(b1[2],b1[66])	34304588267809125516240197007922958774981	0x64cfe760a2d91f07e77b1c63b4af2532c5	34304588267809125516221750263849249223365	34304588267809125516258643751996668326597	00000000000000000000000000000064CFE760A2D91F07E67B1C63B4AF2532C5	00000000000000000000000000000064CFE760A2D91F07E87B1C63B4AF2532C5	65
349	3	avg(b1[57],b1[75])	34489756787843942089618986617911989569909	0x655b3589882d802e733334917120350975	34489756787843942089600539873838280018293	34489756787843942089637433361985699121525	000000000000000000000000000000655B3589882D802E723334917120350975	000000000000000000000000000000655B3589882D802E743334917120350975	65
350	3	avg(b1[18],b1[30])	34490032665804425343700428200879080048749	0x655b6aab5d9476997a16defbf270e3886d	34490032665804425343681981456805370497133	34490032665804425343718874944952789600365	000000000000000000000000000000655B6AAB5D9476997916DEFBF270E3886D	000000000000000000000000000000655B6AAB5D9476997B16DEFBF270E3886D	65
351	3	wavg2a(b2[0],b2[5])	34490984172486870984715818653244908417398	0x655c21ec44586848b6cbc845c2c248b176	34490984172486870984697371909171198865782	34490984172486870984734265397318617969014	000000000000000000000000000000655C21EC44586848B5CBC845C2C248B176	000000000000000000000000000000655C21EC44586848B7CBC845C2C248B176	65
352	3	wavg2b(b1[41],b4[3])	34491316825383411361235673140022116909144	0x655c61fd522fd0177508f6c1cb09cc8058	34491316825383411361217226395948407357528	34491316825383411361254119884095826460760	000000000000000000000000000000655C61FD522FD0177408F6C1CB09CC8058	000000000000000000000000000000655C61FD522FD0177608F6C1CB09CC8058	65
353	3	wavg2b(b4[25],b4[39])	34302596719389200584649165716475641651478	0x64ce67d1b7d19c82f6a9ae975cf990e116	34302596719389200584630718972401932099862	34302596719389200584667612460549351203094	00000000000000000000000000000064CE67D1B7D19C82F5A9AE975CF990E116	00000000000000000000000000000064CE67D1B7D19C82F7A9AE975CF990E116	65
354	3	wavg2b(b3[30],b4[24])	34302228339590977979581350040009112681370	0x64ce20df3114d2938db098b032c529fb9a	34302228339590977979562903295935403129754	34302228339590977979599796784082822232986	00000000000000000000000000000064CE20DF3114D2938CB098B032C529FB9A	00000000000000000000000000000064CE20DF3114D2938EB098B032C529FB9A	65
355	3	avg(b2[8],b3[47])	34491848114752800507442854425545123226499	0x655cc84fe8caee513fd10a4e31a99ee383	34491848114752800507424407681471413674883	34491848114752800507461301169618832778115	000000000000000000000000000000655CC84FE8CAEE513ED10A4E31A99EE383	000000000000000000000000000000655CC84FE8CAEE5140D10A4E31A99EE383	65
356	3	wavg2a(b2[9],b2[21])	34491918085590431591915213781826056363089	0x655cd5c9bcecfad8a5651e472066521c51	34491918085590431591896767037752346811473	34491918085590431591933660525899765914705	000000000000000000000000000000655CD5C9BCECFAD8A4651E472066521C51	000000000000000000000000000000655CD5C9BCECFAD8A6651E472066521C51	65
357	3	wavg2b(b1[50],b3[45])	34492164549456874268457655316731302520260	0x655d054158442b16496f38023b63ac25c4	34492164549456874268439208572657592968644	34492164549456874268476102060805012071876	000000000000000000000000000000655D054158442B16486F38023B63AC25C4	000000000000000000000000000000655D054158442B164A6F38023B63AC25C4	65
358	3	diff_low(b3[30],b4[46])	34301617662966207122556925937228955207884	0x64cdab428270eccdadd3c1f920c49f48cc	34301617662966207122538479193155245656268	34301617662966207122575372681302664759500	00000000000000000000000000000064CDAB428270ECCDACD3C1F920C49F48CC	00000000000000000000000000000064CDAB428270ECCDAED3C1F920C49F48CC	65
359	3	diff_low(b3[52],b4[46])	34492399759520566913043308274914350842576	0x655d328e18a57f0165e2ddac35c777c2d0	34492399759520566913024861530840641290960	34492399759520566913061755018988060394192	000000000000000000000000000000655D328E18A57F0164E2DDAC35C777C2D0	000000000000000000000000000000655D328E18A57F0166E2DDAC35C777C2D0	65
360	3	diff_low(b1[9],b4[40])	34492603111368579088442557040666315813623	0x655d59b81dd01981c3986bcd9ccddb72f7	34492603111368579088424110296592606262007	34492603111368579088461003784740025365239	000000000000000000000000000000655D59B81DD01981C2986BCD9CCDDB72F7	000000000000000000000000000000655D59B81DD01981C4986BCD9CCDDB72F7	65
361	3	diff_low(b3[43],b4[34])	34301228901133618931099484982614147127293	0x64cd606312432b44002abfe5a70406d7fd	34301228901133618931081038238540437575677	34301228901133618931117931726687856678909	00000000000000000000000000000064CD606312432B43FF2ABFE5A70406D7FD	00000000000000000000000000000064CD606312432B44012ABFE5A70406D7FD	65
362	3	avg(b3[25],b4[65])	34492741426252904930575819131330783996530	0x655d745b91172f5bafe84f48881ea1ea72	34492741426252904930557372387257074444914	34492741426252904930594265875404493548146	000000000000000000000000000000655D745B91172F5BAEE84F48881EA1EA72	000000000000000000000000000000655D745B91172F5BB0E84F48881EA1EA72	65
363	3	diff_low(b2[14],b3[40])	34301155475551821104478145739407363375029	0x64cd523ee920aaad4d80ebcdbc70637fb5	34301155475551821104459698995333653823413	34301155475551821104496592483481072926645	00000000000000000000000000000064CD523EE920AAAD4C80EBCDBC70637FB5	00000000000000000000000000000064CD523EE920AAAD4E80EBCDBC70637FB5	65
364	3	avg(b1[6],b3[25])	34300553518295285749344821523527716206773	0x64ccde5020630b059a21466fb419a678b5	34300553518295285749326374779454006655157	34300553518295285749363268267601425758389	00000000000000000000000000000064CCDE5020630B059921466FB419A678B5	00000000000000000000000000000064CCDE5020630B059B21466FB419A678B5	65
365	3	wavg2a(b2[29],b4[72])	34300315417326685442009770584892393929553	0x64ccb074d7a82ac01db42237db3c303b51	34300315417326685441991323840818684377937	34300315417326685442028217328966103481169	00000000000000000000000000000064CCB074D7A82AC01CB42237DB3C303B51	00000000000000000000000000000064CCB074D7A82AC01EB42237DB3C303B51	65
366	3	diff_low(b3[40],b4[63])	34300084077587859244381326038001060516090	0x64cc83e6e9a4f4a38c4ae0db4e67d190fa	34300084077587859244362879293927350964474	34300084077587859244399772782074770067706	00000000000000000000000000000064CC83E6E9A4F4A38B4AE0DB4E67D190FA	00000000000000000000000000000064CC83E6E9A4F4A38D4AE0DB4E67D190FA	65
367	3	avg(b2[43],b4[18])	34493879484604509205584305820901097990368	0x655e4f8a2cf42078a7228ba8f9de15e8e0	34493879484604509205565859076827388438752	34493879484604509205602752564974807541984	000000000000000000000000000000655E4F8A2CF42078A6228BA8F9DE15E8E0	000000000000000000000000000000655E4F8A2CF42078A8228BA8F9DE15E8E0	65
368	3	wavg2b(b1[71],b2[14])	34299880272516559541872719131657608157785	0x64cc5ca68bfeed8996dd1f63228a38da59	34299880272516559541854272387583898606169	34299880272516559541891165875731317709401	00000000000000000000000000000064CC5CA68BFEED8995DD1F63228A38DA59	00000000000000000000000000000064CC5CA68BFEED8997DD1F63228A38DA59	65
369	3	avg(b1[42],b4[68])	34494444049262994822220502772414664433241	0x655ebc455cc1206500c523fea46ca05e59	34494444049262994822202056028340954881625	34494444049262994822238949516488373984857	000000000000000000000000000000655EBC455CC12064FFC523FEA46CA05E59	000000000000000000000000000000655EBC455CC1206501C523FEA46CA05E59	65
370	3	wavg2b(b1[71],b4[63])	34299166007207251635141505997386739585159	0x64cbd3168c571ed86b63c2c183d9d79087	34299166007207251635123059253313030033543	34299166007207251635159952741460449136775	00000000000000000000000000000064CBD3168C571ED86A63C2C183D9D79087	00000000000000000000000000000064CBD3168C571ED86C63C2C183D9D79087	65
371	3	diff_low(b2[38],b4[73])	34298973112534502443846067563238863382505	0x64cbadf01b4823f419c1889da775aba7e9	34298973112534502443827620819165153830889	34298973112534502443864514307312572934121	00000000000000000000000000000064CBADF01B4823F418C1889DA775ABA7E9	00000000000000000000000000000064CBADF01B4823F41AC1889DA775ABA7E9	65
372	3	wavg2a(b3[0],b3[49])	34495056822774565859818768760872590381241	0x655f32496dd3b1fec66ea8f6d2ed6010b9	34495056822774565859800322016798880829625	34495056822774565859837215504946299932857	000000000000000000000000000000655F32496DD3B1FEC56EA8F6D2ED6010B9	000000000000000000000000000000655F32496DD3B1FEC76EA8F6D2ED6010B9	65
373	3	wavg2a(b1[13],b1[66])	34298260445519703956207022208943325510345	0x64cb24aee8f06c9a55f1def91b001cfac9	34298260445519703956188575464869615958729	34298260445519703956225468953017035061961	00000000000000000000000000000064CB24AEE8F06C9A54F1DEF91B001CFAC9	00000000000000000000000000000064CB24AEE8F06C9A56F1DEF91B001CFAC9	65
374	3	wavg2b(b1[69],b2[3])	34496038005696527214815757455428217641227	0x655fef417b65208ef2c80a46e15436990b	34496038005696527214797310711354508089611	34496038005696527214834204199501927192843	000000000000000000000000000000655FEF417B65208EF1C80A46E15436990B	000000000000000000000000000000655FEF417B65208EF3C80A46E15436990B	65
375	3	avg(b1[16],b1[45])	34496098345198727882030209588664552833328	0x655ffae072fbf80d12433505023396c130	34496098345198727882011762844590843281712	34496098345198727882048656332738262384944	000000000000000000000000000000655FFAE072FBF80D11433505023396C130	000000000000000000000000000000655FFAE072FBF80D13433505023396C130	65
376	3	diff_low(b1[40],b1[74])	34297735237554609890971917737363093528055	0x64cabf882872605d648af841d625d71df7	34297735237554609890953470993289383976439	34297735237554609890990364481436803079671	00000000000000000000000000000064CABF882872605D638AF841D625D71DF7	00000000000000000000000000000064CABF882872605D658AF841D625D71DF7	65
377	3	wavg2a(b2[29],b2[30])	34496248976029264040239209107627917284105	0x656017e31f5b88525bce2b65a3f9319309	34496248976029264040220762363554207732489	34496248976029264040257655851701626835721	000000000000000000000000000000656017E31F5B88525ACE2B65A3F9319309	000000000000000000000000000000656017E31F5B88525CCE2B65A3F9319309	65
378	3	wavg2b(b1[63],b3[19])	34297616029727039539031569886672901283923	0x64caa892c221699afb461013997b7ea053	34297616029727039539013123142599191732307	34297616029727039539050016630746610835539	00000000000000000000000000000064CAA892C221699AFA461013997B7EA053	00000000000000000000000000000064CAA892C221699AFC461013997B7EA053	65
379	3	diff_low(b1[1],b1[3])	34496776456568188393002235244611554594522	0x65607d79ebc3a991a94c79651b61714eda	34496776456568188392983788500537845042906	34496776456568188393020681988685264146138	00000000000000000000000000000065607D79EBC3A991A84C79651B61714EDA	00000000000000000000000000000065607D79EBC3A991AA4C79651B61714EDA	65
380	3	diff_low(b2[6],b3[50])	34496899463749595562405688936683135283042	0x6560952aa4aafa5f6e13f44825a677af62	34496899463749595562387242192609425731426	34496899463749595562424135680756844834658	0000000000000000000000000000006560952AA4AAFA5F6D13F44825A677AF62	0000000000000000000000000000006560952AA4AAFA5F6F13F44825A677AF62	65
381	3	wavg2b(b2[35],b3[25])	34296870852374664466053996329789796337920	0x64ca190eada37b5963ca9f4e78aee74900	34296870852374664466035549585716086786304	34296870852374664466072443073863505889536	00000000000000000000000000000064CA190EADA37B5962CA9F4E78AEE74900	00000000000000000000000000000064CA190EADA37B5964CA9F4E78AEE74900	65
382	3	avg(b2[43],b3[25])	34295487633725662081270655162526263134572	0x64c90ea8bbca1ac8ffa9b7a3984a27c96c	34295487633725662081252208418452553582956	34295487633725662081289101906599972686188	00000000000000000000000000000064C90EA8BBCA1AC8FEA9B7A3984A27C96C	00000000000000000000000000000064C90EA8BBCA1AC900A9B7A3984A27C96C	65
383	3	wavg2a(b2[4],b4[9])	34295324122194763876346005923794097041078	0x64c8ef2afe1efaecb87d52f4affe886eb6	34295324122194763876327559179720387489462	34295324122194763876364452667867806592694	00000000000000000000000000000064C8EF2AFE1EFAECB77D52F4AFFE886EB6	00000000000000000000000000000064C8EF2AFE1EFAECB97D52F4AFFE886EB6	65
384	3	wavg2b(b3[33],b4[18])	34498623108141192064547367589185005419170	0x6561e120df77eac2144c0dedce6631faa2	34498623108141192064528920845111295867554	34498623108141192064565814333258714970786	0000000000000000000000000000006561E120DF77EAC2134C0DEDCE6631FAA2	0000000000000000000000000000006561E120DF77EAC2154C0DEDCE6631FAA2	65
385	3	wavg2a(b1[23],b3[39])	34498627109724473106495246181430255502954	0x6561e1e62a8cd85a33ef1d55ad8e49466a	34498627109724473106476799437356545951338	34498627109724473106513692925503965054570	0000000000000000000000000000006561E1E62A8CD85A32EF1D55AD8E49466A	0000000000000000000000000000006561E1E62A8CD85A34EF1D55AD8E49466A	65
386	3	wavg2a(b1[3],b4[75])	34294995413641013261925120577991291926493	0x64c8afdc68e2801256664707a4752377dd	34294995413641013261906673833917582374877	34294995413641013261943567322065001478109	00000000000000000000000000000064C8AFDC68E2801255664707A4752377DD	00000000000000000000000000000064C8AFDC68E2801257664707A4752377DD	65
387	3	avg(b1[6],b4[18])	34498945369174132873658472181902551062569	0x65621f31918d10b5419a1a7515ad949829	34498945369174132873640025437828841510953	34498945369174132873676918925976260614185	00000000000000000000000000000065621F31918D10B5409A1A7515AD949829	00000000000000000000000000000065621F31918D10B5429A1A7515AD949829	65
388	3	wavg2b(b1[51],b2[8])	34498961692465605047003274667330391915264	0x656222565e746f8ac00566e0000df63b00	34498961692465605046984827923256682363648	34498961692465605047021721411404101466880	000000000000000000000000000000656222565E746F8ABF0566E0000DF63B00	000000000000000000000000000000656222565E746F8AC10566E0000DF63B00	65
389	3	wavg2a(b1[9],b3[14])	34499098152859767062358773465716146342453	0x65623c9e62c69fb498c2586a8e60708a35	34499098152859767062340326721642436790837	34499098152859767062377220209789855894069	00000000000000000000000000000065623C9E62C69FB497C2586A8E60708A35	00000000000000000000000000000065623C9E62C69FB499C2586A8E60708A35	65
390	3	avg(b2[44],b4[24])	34499520564995071744154733525617557827803	0x65628df8e97c9edd533d73d101be56f0db	34499520564995071744136286781543848276187	34499520564995071744173180269691267379419	00000000000000000000000000000065628DF8E97C9EDD523D73D101BE56F0DB	00000000000000000000000000000065628DF8E97C9EDD543D73D101BE56F0DB	65
391	3	wavg2b(b1[65],b3[8])	34499702233726399907525809968269572099884	0x6562b0f5df3e8ca04a8dbcbc3bb322cf2c	34499702233726399907507363224195862548268	34499702233726399907544256712343281651500	0000000000000000000000000000006562B0F5DF3E8CA0498DBCBC3BB322CF2C	0000000000000000000000000000006562B0F5DF3E8CA04B8DBCBC3BB322CF2C	65
392	3	wavg2a(b1[3],b1[61])	34500233783308164217033257336166698702349	0x656317554a3132bbbc7f9b5d19a173d60d	34500233783308164217014810592092989150733	34500233783308164217051704080240408253965	000000000000000000000000000000656317554A3132BBBB7F9B5D19A173D60D	000000000000000000000000000000656317554A3132BBBD7F9B5D19A173D60D	65
393	3	diff_low(b1[50],b2[7])	34500476771508340232590079694107250153408	0x656346218874fb7cd361024a88c6ce57c0	34500476771508340232571632950033540601792	34500476771508340232608526438180959705024	000000000000000000000000000000656346218874FB7CD261024A88C6CE57C0	000000000000000000000000000000656346218874FB7CD461024A88C6CE57C0	65
394	3	diff_low(b1[51],b2[31])	34501369448327914760193626688827936522062	0x6563f20de5f5d708ae434be3e87540bf4e	34501369448327914760175179944754226970446	34501369448327914760212073432901646073678	0000000000000000000000000000006563F20DE5F5D708AD434BE3E87540BF4E	0000000000000000000000000000006563F20DE5F5D708AF434BE3E87540BF4E	65
395	3	diff_low(b2[21],b4[75])	34292475353756378192021934113008041691788	0x64c6ca83dd55fd527f2e742585b5998a8c	34292475353756378192003487368934332140172	34292475353756378192040380857081751243404	00000000000000000000000000000064C6CA83DD55FD527E2E742585B5998A8C	00000000000000000000000000000064C6CA83DD55FD52802E742585B5998A8C	65
396	3	wavg2a(b2[9],b4[57])	34501488580161935996164748403434817409968	0x656408ff8d1a674916a5637530c28953b0	34501488580161935996146301659361107858352	34501488580161935996183195147508526961584	000000000000000000000000000000656408FF8D1A674915A5637530C28953B0	000000000000000000000000000000656408FF8D1A674917A5637530C28953B0	65
397	3	wavg2a(b3[39],b4[52])	34292080718998068129201514282116005562216	0x64c67e82de69c3b03ef70c1e8e66fd0768	34292080718998068129183067538042296010600	34292080718998068129219961026189715113832	00000000000000000000000000000064C67E82DE69C3B03DF70C1E8E66FD0768	00000000000000000000000000000064C67E82DE69C3B03FF70C1E8E66FD0768	65
398	3	wavg2a(b2[46],b4[22])	34291727867330620520876174820622080488698	0x64c63a8df03d9004c2622b730cb1b534fa	34291727867330620520857728076548370937082	34291727867330620520894621564695790040314	00000000000000000000000000000064C63A8DF03D9004C1622B730CB1B534FA	00000000000000000000000000000064C63A8DF03D9004C3622B730CB1B534FA	65
399	3	avg(b1[24],b2[27])	34291671332235662166787960419559331447610	0x64c62faa8b05819fa8d1f58eb26f75c33a	34291671332235662166769513675485621895994	34291671332235662166806407163633040999226	00000000000000000000000000000064C62FAA8B05819FA7D1F58EB26F75C33A	00000000000000000000000000000064C62FAA8B05819FA9D1F58EB26F75C33A	65
400	3	diff_low(b1[26],b3[34])	34291500744424151985814541147413665540621	0x64c60ecfea228e8d3f4d38e9d4af3fea0d	34291500744424151985796094403339955989005	34291500744424151985832987891487375092237	00000000000000000000000000000064C60ECFEA228E8D3E4D38E9D4AF3FEA0D	00000000000000000000000000000064C60ECFEA228E8D404D38E9D4AF3FEA0D	65
401	3	diff_low(b1[17],b3[55])	34290634817840057385896468309466450239420	0x64c5680a70123d3ad143a4659486581fbc	34290634817840057385878021565392740687804	34290634817840057385914915053540159791036	00000000000000000000000000000064C5680A70123D3AD043A4659486581FBC	00000000000000000000000000000064C5680A70123D3AD243A4659486581FBC	65
402	3	diff_low(b1[69],b4[66])	34290631258258664513305344091536958352870	0x64c5675aefd6703db534b8f9917b62ede6	34290631258258664513286897347463248801254	34290631258258664513323790835610667904486	00000000000000000000000000000064C5675AEFD6703DB434B8F9917B62EDE6	00000000000000000000000000000064C5675AEFD6703DB634B8F9917B62EDE6	65
403	3	diff_low(b2[11],b3[45])	34503292007055554437965682938418685818541	0x656564535ca6e5312b4ced046e9e5036ad	34503292007055554437947236194344976266925	34503292007055554437984129682492395370157	000000000000000000000000000000656564535CA6E5312A4CED046E9E5036AD	000000000000000000000000000000656564535CA6E5312C4CED046E9E5036AD	65
404	3	wavg2b(b1[67],b3[15])	34503446750946564045083047575508847427146	0x65658220d3259f5b9b0985cf6f4467fe4a	34503446750946564045064600831435137875530	34503446750946564045101494319582556978762	00000000000000000000000000000065658220D3259F5B9A0985CF6F4467FE4A	00000000000000000000000000000065658220D3259F5B9C0985CF6F4467FE4A	65
405	3	avg(b2[6],b3[19])	34504103391589776279900650424915055882003	0x65660097b54326de4a8a235b014ae82f13	34504103391589776279882203680841346330387	34504103391589776279919097168988765433619	00000000000000000000000000000065660097B54326DE498A235B014AE82F13	00000000000000000000000000000065660097B54326DE4B8A235B014AE82F13	65
406	3	diff_low(b1[71],b4[38])	34504715910009045450698793427287874744713	0x6566768f329e09f4088fec9598d1c83189	34504715910009045450680346683214165193097	34504715910009045450717240171361584296329	0000000000000000000000000000006566768F329E09F4078FEC9598D1C83189	0000000000000000000000000000006566768F329E09F4098FEC9598D1C83189	65
407	3	wavg2a(b2[4],b4[11])	34504826155957612512729820460598893659615	0x65668bcabe1e2d252c7d7a69432d06c5df	34504826155957612512711373716525184107999	34504826155957612512748267204672603211231	00000000000000000000000000000065668BCABE1E2D252B7D7A69432D06C5DF	00000000000000000000000000000065668BCABE1E2D252D7D7A69432D06C5DF	65
408	3	wavg2a(b1[9],b3[0])	34505190625805960126275999253833091891002	0x6566d1fc7e598a6eebc04642f50d0fbf3a	34505190625805960126257552509759382339386	34505190625805960126294445997906801442618	0000000000000000000000000000006566D1FC7E598A6EEAC04642F50D0FBF3A	0000000000000000000000000000006566D1FC7E598A6EECC04642F50D0FBF3A	65
409	3	wavg2a(b1[5],b4[6])	34288219380281369231046133912039828914561	0x64c396d82bed29f8db0dacffc31c7e8181	34288219380281369231027687167966119362945	34288219380281369231064580656113538466177	00000000000000000000000000000064C396D82BED29F8DA0DACFFC31C7E8181	00000000000000000000000000000064C396D82BED29F8DC0DACFFC31C7E8181	65
410	3	wavg2b(b2[11],b3[43])	34288134345527326421256783109210583974851	0x64c38677a270088b6dd1234ea4ec51c3c3	34288134345527326421238336365136874423235	34288134345527326421275229853284293526467	00000000000000000000000000000064C38677A270088B6CD1234EA4EC51C3C3	00000000000000000000000000000064C38677A270088B6ED1234EA4EC51C3C3	65
411	3	avg(b1[53],b2[23])	34288046912551850709120132238392527475569	0x64c375a0db238536135cf884bdfe44d371	34288046912551850709101685494318817923953	34288046912551850709138578982466237027185	00000000000000000000000000000064C375A0DB238536125CF884BDFE44D371	00000000000000000000000000000064C375A0DB238536145CF884BDFE44D371	65
412	3	wavg2a(b1[14],b1[34])	34506410891634216190634060418266403434787	0x6567bd003e71a8cff0b9765626cb53f123	34506410891634216190615613674192693883171	34506410891634216190652507162340112986403	0000000000000000000000000000006567BD003E71A8CFEFB9765626CB53F123	0000000000000000000000000000006567BD003E71A8CFF1B9765626CB53F123	65
413	3	wavg2b(b3[8],b3[45])	34287460742210657572620578189337753142943	0x64c304bc6d4884a7c5293c00087e61c69f	34287460742210657572602131445264043591327	34287460742210657572639024933411462694559	00000000000000000000000000000064C304BC6D4884A7C4293C00087E61C69F	00000000000000000000000000000064C304BC6D4884A7C6293C00087E61C69F	65
414	3	wavg2a(b4[0],b4[49])	34287436579503325046997176390948987249127	0x64c300151d0a5865b3ba0f84fb162ea1e7	34287436579503325046978729646875277697511	34287436579503325047015623135022696800743	00000000000000000000000000000064C300151D0A5865B2BA0F84FB162EA1E7	00000000000000000000000000000064C300151D0A5865B4BA0F84FB162EA1E7	65
415	3	wavg2a(b1[14],b4[58])	34507393602122481201096852185201596775669	0x65687a439c9c06260676636a0e22253cf5	34507393602122481201078405441127887224053	34507393602122481201115298929275306327285	00000000000000000000000000000065687A439C9C06260576636A0E22253CF5	00000000000000000000000000000065687A439C9C06260776636A0E22253CF5	65
416	3	diff_low(b3[38],b4[0])	34286488599960602390563660466512408457575	0x64c249821d098354cd37e93193d4d1b167	34286488599960602390545213722438698905959	34286488599960602390582107210586118009191	00000000000000000000000000000064C249821D098354CC37E93193D4D1B167	00000000000000000000000000000064C249821D098354CE37E93193D4D1B167	65
417	3	avg(b1[10],b4[15])	34507440211184661066033495077416754302089	0x6568833d9dae629c82ba9698bfc8194c89	34507440211184661066015048333343044750473	34507440211184661066051941821490463853705	0000000000000000000000000000006568833D9DAE629C81BA9698BFC8194C89	0000000000000000000000000000006568833D9DAE629C83BA9698BFC8194C89	65
418	3	wavg2b(b2[3],b3[54])	34286339028140639542593253095215696164160	0x64c22cb3a741a9ca9fb006b706ce4fb540	34286339028140639542574806351141986612544	34286339028140639542611699839289405715776	00000000000000000000000000000064C22CB3A741A9CA9EB006B706CE4FB540	00000000000000000000000000000064C22CB3A741A9CAA0B006B706CE4FB540	65
419	3	wavg2b(b2[38],b3[44])	34286045370181142359456616719090297587240	0x64c1f42532b767d6e062b58c4df1e3c628	34286045370181142359438169975016588035624	34286045370181142359475063463164007138856	00000000000000000000000000000064C1F42532B767D6DF62B58C4DF1E3C628	00000000000000000000000000000064C1F42532B767D6E162B58C4DF1E3C628	65
420	3	avg(b1[2],b2[37])	34285279690723791794080386321153428243397	0x64c160ae49477154307d78f639c9cf43c5	34285279690723791794061939577079718691781	34285279690723791794098833065227137795013	00000000000000000000000000000064C160AE494771542F7D78F639C9CF43C5	00000000000000000000000000000064C160AE49477154317D78F639C9CF43C5	65
421	3	avg(b1[56],b4[16])	34508700952340278767360057702997891334925	0x6569760cf43ac14606c8993b327fc9c30d	34508700952340278767341610958924181783309	34508700952340278767378504447071600886541	0000000000000000000000000000006569760CF43AC14605C8993B327FC9C30D	0000000000000000000000000000006569760CF43AC14607C8993B327FC9C30D	65
422	3	wavg2b(b4[3],b4[71])	34509035594461351860422754584944563733054	0x6569b680159d488f21edfbe7142cec423e	34509035594461351860404307840870854181438	34509035594461351860441201329018273284670	0000000000000000000000000000006569B680159D488F20EDFBE7142CEC423E	0000000000000000000000000000006569B680159D488F22EDFBE7142CEC423E	65
423	3	wavg2b(b1[42],b2[3])	34284731429756448988672027859974606919216	0x64c0f716eefdbbcaa557aa275089e59630	34284731429756448988653581115900897367600	34284731429756448988690474604048316470832	00000000000000000000000000000064C0F716EEFDBBCAA457AA275089E59630	00000000000000000000000000000064C0F716EEFDBBCAA657AA275089E59630	65
424	3	diff_low(b4[28],b4[72])	34284282781207062749827172559842739886595	0x64c0a0aeda2dad748b372412c3312e1a03	34284282781207062749808725815769030334979	34284282781207062749845619303916449438211	00000000000000000000000000000064C0A0AEDA2DAD748A372412C3312E1A03	00000000000000000000000000000064C0A0AEDA2DAD748C372412C3312E1A03	65
425	3	wavg2b(b1[18],b3[18])	34284176048365299825325955465721450229253	0x64c08c208451d879572780c9aeb0ae6e05	34284176048365299825307508721647740677637	34284176048365299825344402209795159780869	00000000000000000000000000000064C08C208451D879562780C9AEB0AE6E05	00000000000000000000000000000064C08C208451D879582780C9AEB0AE6E05	65
426	3	avg(b1[62],b3[41])	34510441410487248114691754739789229113289	0x656ac5402a75664925e2479f36b106bfc9	34510441410487248114673307995715519561673	34510441410487248114710201483862938664905	000000000000000000000000000000656AC5402A75664924E2479F36B106BFC9	000000000000000000000000000000656AC5402A75664926E2479F36B106BFC9	65
427	3	avg(b3[13],b4[41])	34510511812116078252887577814489087244923	0x656ad2cf3bf0e2baf794952d50b71a7a7b	34510511812116078252869131070415377693307	34510511812116078252906024558562796796539	000000000000000000000000000000656AD2CF3BF0E2BAF694952D50B71A7A7B	000000000000000000000000000000656AD2CF3BF0E2BAF894952D50B71A7A7B	65
428	3	avg(b3[38],b4[26])	34283056098366850570328226246634310638388	0x64bfb46eb801a674f3a1f3e07e68169b34	34283056098366850570309779502560601086772	34283056098366850570346672990708020190004	00000000000000000000000000000064BFB46EB801A674F2A1F3E07E68169B34	00000000000000000000000000000064BFB46EB801A674F4A1F3E07E68169B34	65
429	3	diff_low(b2[36],b4[16])	34510943779817513073959346245625692359836	0x656b2600e2da46b5816c19b01338a90c9c	34510943779817513073940899501551982808220	34510943779817513073977792989699401911452	000000000000000000000000000000656B2600E2DA46B5806C19B01338A90C9C	000000000000000000000000000000656B2600E2DA46B5826C19B01338A90C9C	65
430	3	wavg2a(b2[42],b4[73])	34282806278566593732894497513101522379527	0x64bf8451a6d37a218b6bd85a4b29102307	34282806278566593732876050769027812827911	34282806278566593732912944257175231931143	00000000000000000000000000000064BF8451A6D37A218A6BD85A4B29102307	00000000000000000000000000000064BF8451A6D37A218C6BD85A4B29102307	65
431	3	diff_low(b1[22],b2[27])	34282635214253634346623463414360925004327	0x64bf635f87a54e6c4e2834867cb15be227	34282635214253634346605016670287215452711	34282635214253634346641910158434634555943	00000000000000000000000000000064BF635F87A54E6C4D2834867CB15BE227	00000000000000000000000000000064BF635F87A54E6C4F2834867CB15BE227	65
432	3	wavg2a(b3[6],b3[21])	34511371984899323396914818259403965259237	0x656b787906d3f4e42abbd075a09100dde5	34511371984899323396896371515330255707621	34511371984899323396933265003477674810853	000000000000000000000000000000656B787906D3F4E429BBD075A09100DDE5	000000000000000000000000000000656B787906D3F4E42BBBD075A09100DDE5	65
433	3	avg(b1[18],b3[10])	34511411463337256177276897016144807146066	0x656b801376c4bcc3e57ebe2663e9753252	34511411463337256177258450272071097594450	34511411463337256177295343760218516697682	000000000000000000000000000000656B801376C4BCC3E47EBE2663E9753252	000000000000000000000000000000656B801376C4BCC3E67EBE2663E9753252	65
434	3	avg(b3[57],b4[41])	34511425683058007212475161682706629077206	0x656b82d08ce085f0840778da9350ff28d6	34511425683058007212456714938632919525590	34511425683058007212493608426780338628822	000000000000000000000000000000656B82D08CE085F0830778DA9350FF28D6	000000000000000000000000000000656B82D08CE085F0850778DA9350FF28D6	65
435	3	avg(b1[33],b2[20])	34282433978549692530178454556035108425507	0x64bf3c9dd7f8f84aa743bf4346c1edcf23	34282433978549692530160007811961398873891	34282433978549692530196901300108817977123	00000000000000000000000000000064BF3C9DD7F8F84AA643BF4346C1EDCF23	00000000000000000000000000000064BF3C9DD7F8F84AA843BF4346C1EDCF23	65
436	3	diff_low(b2[6],b2[18])	34281805108314086375383737956155007583575	0x64bec38025ade739c49fe18034c0064557	34281805108314086375365291212081298031959	34281805108314086375402184700228717135191	00000000000000000000000000000064BEC38025ADE739C39FE18034C0064557	00000000000000000000000000000064BEC38025ADE739C59FE18034C0064557	65
437	3	avg(b2[12],b2[16])	34281265146840598454565844919170416373746	0x64be5b81fdbb2c73afd1dca65d5e09eff2	34281265146840598454547398175096706822130	34281265146840598454584291663244125925362	00000000000000000000000000000064BE5B81FDBB2C73AED1DCA65D5E09EFF2	00000000000000000000000000000064BE5B81FDBB2C73B0D1DCA65D5E09EFF2	65
438	3	wavg2a(b3[26],b4[17])	34512687014456934021169268110887003298875	0x656c75bcfd57e2959e227c6a5f4e631c3b	34512687014456934021150821366813293747259	34512687014456934021187714854960712850491	000000000000000000000000000000656C75BCFD57E2959D227C6A5F4E631C3B	000000000000000000000000000000656C75BCFD57E2959F227C6A5F4E631C3B	65
439	3	wavg2b(b2[11],b2[13])	34281175444418991169478837015156839340673	0x64be4a3b51feb7d90e87c42aee4a5eda81	34281175444418991169460390271083129789057	34281175444418991169497283759230548892289	00000000000000000000000000000064BE4A3B51FEB7D90D87C42AEE4A5EDA81	00000000000000000000000000000064BE4A3B51FEB7D90F87C42AEE4A5EDA81	65
440	3	wavg2b(b1[39],b4[52])	34513371984578694009716133394395583687331	0x656cf9a89fbf8488a1f579c196411b2aa3	34513371984578694009697686650321874135715	34513371984578694009734580138469293238947	000000000000000000000000000000656CF9A89FBF8488A0F579C196411B2AA3	000000000000000000000000000000656CF9A89FBF8488A2F579C196411B2AA3	65
441	3	avg(b1[13],b2[37])	34280533824006725624055505221918703294920	0x64bdcea8fdd8eb8203568ae646868919c8	34280533824006725624037058477844993743304	34280533824006725624073951965992412846536	00000000000000000000000000000064BDCEA8FDD8EB8202568AE646868919C8	00000000000000000000000000000064BDCEA8FDD8EB8204568AE646868919C8	65
442	3	wavg2b(b1[62],b4[41])	34279715171482640274430658456173599981564	0x64bd30fe4e4ed68190fd07fa8838cefffc	34279715171482640274412211712099890429948	34279715171482640274449105200247309533180	00000000000000000000000000000064BD30FE4E4ED6818FFD07FA8838CEFFFC	00000000000000000000000000000064BD30FE4E4ED68191FD07FA8838CEFFFC	65
443	3	wavg2a(b1[44],b3[12])	34514482631277439799670545728398323251577	0x656dcf8fbbe91b130205f1359609fe7979	34514482631277439799652098984324613699961	34514482631277439799688992472472032803193	000000000000000000000000000000656DCF8FBBE91B130105F1359609FE7979	000000000000000000000000000000656DCF8FBBE91B130305F1359609FE7979	65
444	3	avg(b1[44],b2[17])	34279407625871467131642732363467157109629	0x64bcf5c322f5d84f83284c8d6e72077b7d	34279407625871467131624285619393447558013	34279407625871467131661179107540866661245	00000000000000000000000000000064BCF5C322F5D84F82284C8D6E72077B7D	00000000000000000000000000000064BCF5C322F5D84F84284C8D6E72077B7D	65
445	3	wavg2a(b1[44],b3[56])	34514543556006901730309717986279492707062	0x656ddb4b8e1b370582da66c9ab8bb862f6	34514543556006901730291271242205783155446	34514543556006901730328164730353202258678	000000000000000000000000000000656DDB4B8E1B370581DA66C9AB8BB862F6	000000000000000000000000000000656DDB4B8E1B370583DA66C9AB8BB862F6	65
446	3	wavg2a(b4[48],b4[69])	34279185384164574688072060337614797051331	0x64bccaf5c6414e304df74de7e8b0b295c3	34279185384164574688053613593541087499715	34279185384164574688090507081688506602947	00000000000000000000000000000064BCCAF5C6414E304CF74DE7E8B0B295C3	00000000000000000000000000000064BCCAF5C6414E304EF74DE7E8B0B295C3	65
447	3	diff_low(b1[40],b3[27])	34515895988740211131755311852289467284645	0x656edfc3a311fea8610e423a3832e2fca5	34515895988740211131736865108215757733029	34515895988740211131773758596363176836261	000000000000000000000000000000656EDFC3A311FEA8600E423A3832E2FCA5	000000000000000000000000000000656EDFC3A311FEA8620E423A3832E2FCA5	65
448	3	wavg2a(b4[6],b4[34])	34516853201719726227387094323628779745333	0x656f981de16e31a9cbe2def6561563b035	34516853201719726227368647579555070193717	34516853201719726227405541067702489296949	000000000000000000000000000000656F981DE16E31A9CAE2DEF6561563B035	000000000000000000000000000000656F981DE16E31A9CCE2DEF6561563B035	65
449	3	wavg2a(b1[33],b4[75])	34516977659680539403024351244636880808449	0x656fb01621be9834e4157aa4ff04caaa01	34516977659680539403005904500563171256833	34516977659680539403042797988710590360065	000000000000000000000000000000656FB01621BE9834E3157AA4FF04CAAA01	000000000000000000000000000000656FB01621BE9834E5157AA4FF04CAAA01	65
450	3	avg(b3[19],b4[27])	34276899018269564772703657780436518285083	0x64bb129f3b8a9b8918c7514c3b6cfbaf1b	34276899018269564772685211036362808733467	34276899018269564772722104524510227836699	00000000000000000000000000000064BB129F3B8A9B8917C7514C3B6CFBAF1B	00000000000000000000000000000064BB129F3B8A9B8919C7514C3B6CFBAF1B	65
451	3	avg(b4[19],b4[53])	34517033188872636322965186030400859306955	0x656fbac7eeaf3582f740454a3535d87bcb	34517033188872636322946739286327149755339	34517033188872636322983632774474568858571	000000000000000000000000000000656FBAC7EEAF3582F640454A3535D87BCB	000000000000000000000000000000656FBAC7EEAF3582F840454A3535D87BCB	65
452	3	wavg2a(b2[12],b4[4])	34517281612194014291114822675585595299872	0x656feaa025d2c3659d7e006c7455335820	34517281612194014291096375931511885748256	34517281612194014291133269419659304851488	000000000000000000000000000000656FEAA025D2C3659C7E006C7455335820	000000000000000000000000000000656FEAA025D2C3659E7E006C7455335820	65
453	3	diff_low(b2[22],b2[33])	34517309772186185464364806811820182958546	0x656ff00c8ae4d90957375e72edd3c771d2	34517309772186185464346360067746473406930	34517309772186185464383253555893892510162	000000000000000000000000000000656FF00C8AE4D90956375E72EDD3C771D2	000000000000000000000000000000656FF00C8AE4D90958375E72EDD3C771D2	65
454	3	diff_low(b1[39],b4[20])	34276247907623639931107086446155512942525	0x64ba9538ffce03a0a71bfec935d5380fbd	34276247907623639931088639702081803390909	34276247907623639931125533190229222494141	00000000000000000000000000000064BA9538FFCE03A0A61BFEC935D5380FBD	00000000000000000000000000000064BA9538FFCE03A0A81BFEC935D5380FBD	65
455	3	avg(b2[28],b3[2])	34518193622624310031698675063691785084218	0x65709a45bbcd162d900c7a44ee2fa51d3a	34518193622624310031680228319618075532602	34518193622624310031717121807765494635834	00000000000000000000000000000065709A45BBCD162D8F0C7A44EE2FA51D3A	00000000000000000000000000000065709A45BBCD162D910C7A44EE2FA51D3A	65
456	3	wavg2b(b2[7],b4[62])	34518229653077739238157149089135447390590	0x6570a1362c0f104ff3d1c4100aca4a397e	34518229653077739238138702345061737838974	34518229653077739238175595833209156942206	0000000000000000000000000000006570A1362C0F104FF2D1C4100ACA4A397E	0000000000000000000000000000006570A1362C0F104FF4D1C4100ACA4A397E	65
457	3	wavg2b(b1[10],b3[20])	34275633378477583981229904165555056190061	0x64ba1ede5f827960bf544cf92d6dd8a26d	34275633378477583981211457421481346638445	34275633378477583981248350909628765741677	00000000000000000000000000000064BA1EDE5F827960BE544CF92D6DD8A26D	00000000000000000000000000000064BA1EDE5F827960C0544CF92D6DD8A26D	65
458	3	wavg2b(b2[1],b4[40])	34275554389238988469983649359155039760278	0x64ba0fa7e7274ad87deb1fe58eefe6ef96	34275554389238988469965202615081330208662	34275554389238988470002096103228749311894	00000000000000000000000000000064BA0FA7E7274AD87CEB1FE58EEFE6EF96	00000000000000000000000000000064BA0FA7E7274AD87EEB1FE58EEFE6EF96	65
459	3	avg(b1[9],b1[68])	34274336810677508429239767850315757139838	0x64b92528a5226e59eef15283261bdc377e	34274336810677508429221321106242047588222	34274336810677508429258214594389466691454	00000000000000000000000000000064B92528A5226E59EDF15283261BDC377E	00000000000000000000000000000064B92528A5226E59EFF15283261BDC377E	65
460	3	avg(b1[24],b1[53])	34519872788203020958866455283332852239752	0x6571ddaafd0e5e3dee8400ec6455d84d88	34519872788203020958848008539259142688136	34519872788203020958884902027406561791368	0000000000000000000000000000006571DDAAFD0E5E3DED8400EC6455D84D88	0000000000000000000000000000006571DDAAFD0E5E3DEF8400EC6455D84D88	65
461	3	diff_low(b2[22],b4[32])	34521050104766014646019540406140869837999	0x6572c0692d35c02f6cc6e98815cf2884af	34521050104766014646001093662067160286383	34521050104766014646037987150214579389615	0000000000000000000000000000006572C0692D35C02F6BC6E98815CF2884AF	0000000000000000000000000000006572C0692D35C02F6DC6E98815CF2884AF	65
462	3	wavg2a(b4[47],b4[61])	34521129961476501360543560457874483288363	0x6572cfca6a99c90e395528ba087b41992b	34521129961476501360525113713800773736747	34521129961476501360562007201948192839979	0000000000000000000000000000006572CFCA6A99C90E385528BA087B41992B	0000000000000000000000000000006572CFCA6A99C90E3A5528BA087B41992B	65
463	3	wavg2b(b1[43],b4[46])	34521193510045520646612193929160731351446	0x6572dc079a4ec14c06359cdd8093cb5996	34521193510045520646593747185087021799830	34521193510045520646630640673234440903062	0000000000000000000000000000006572DC079A4EC14C05359CDD8093CB5996	0000000000000000000000000000006572DC079A4EC14C07359CDD8093CB5996	65
464	3	avg(b2[26],b4[50])	34272728632699302989095145875559985094208	0x64b7ef6f595d3c15f2a32706841a8e9e40	34272728632699302989076699131486275542592	34272728632699302989113592619633694645824	00000000000000000000000000000064B7EF6F595D3C15F1A32706841A8E9E40	00000000000000000000000000000064B7EF6F595D3C15F3A32706841A8E9E40	65
465	3	wavg2a(b2[9],b4[7])	34521297443412624399631875951781948247805	0x6572f00be9d41ae0ca67089a7d56414efd	34521297443412624399613429207708238696189	34521297443412624399650322695855657799421	0000000000000000000000000000006572F00BE9D41AE0C967089A7D56414EFD	0000000000000000000000000000006572F00BE9D41AE0CB67089A7D56414EFD	65
466	3	wavg2a(b1[69],b4[62])	34272382422857201467982138606065928935719	0x64b7acc1e2d02ea99a3441fc1e53e09927	34272382422857201467963691861992219384103	34272382422857201468000585350139638487335	00000000000000000000000000000064B7ACC1E2D02EA9993441FC1E53E09927	00000000000000000000000000000064B7ACC1E2D02EA99B3441FC1E53E09927	65
467	3	avg(b1[28],b2[3])	34521594691152472509282165666085821272109	0x6573294b5bc44270c0d589f018c4fcd02d	34521594691152472509263718922012111720493	34521594691152472509300612410159530823725	0000000000000000000000000000006573294B5BC44270BFD589F018C4FCD02D	0000000000000000000000000000006573294B5BC44270C1D589F018C4FCD02D	65
468	3	avg(b1[67],b3[28])	34521856491204248110172710528892970410122	0x65735bb718fadc98aa3d255f033417208a	34521856491204248110154263784819260858506	34521856491204248110191157272966679961738	00000000000000000000000000000065735BB718FADC98A93D255F033417208A	00000000000000000000000000000065735BB718FADC98AB3D255F033417208A	65
469	3	wavg2a(b3[6],b4[73])	34271767088030052517720577510914541608563	0x64b7363f8964a061e6ccc696d33989de73	34271767088030052517702130766840832056947	34271767088030052517739024254988251160179	00000000000000000000000000000064B7363F8964A061E5CCC696D33989DE73	00000000000000000000000000000064B7363F8964A061E7CCC696D33989DE73	65
470	3	wavg2a(b2[42],b3[21])	34522411175435864612088738261590946030201	0x6573c68b2442cea3cf5ae2391880872279	34522411175435864612070291517517236478585	34522411175435864612107185005664655581817	0000000000000000000000000000006573C68B2442CEA3CE5AE2391880872279	0000000000000000000000000000006573C68B2442CEA3D05AE2391880872279	65
471	3	wavg2b(b3[45],b4[35])	34522689655590964732549142385695262250610	0x6573fc2d45fa0e383ce40c5b2c52281672	34522689655590964732530695641621552698994	34522689655590964732567589129768971802226	0000000000000000000000000000006573FC2D45FA0E383BE40C5B2C52281672	0000000000000000000000000000006573FC2D45FA0E383DE40C5B2C52281672	65
472	3	diff_low(b1[12],b3[53])	34270516945637416644402789863596680179654	0x64b6457ac20a7955463f9f4c13aaaa6fc6	34270516945637416644384343119522970628038	34270516945637416644421236607670389731270	00000000000000000000000000000064B6457AC20A7955453F9F4C13AAAA6FC6	00000000000000000000000000000064B6457AC20A7955473F9F4C13AAAA6FC6	65
473	3	wavg2b(b1[53],b4[2])	34523984006830994962758284071082773563820	0x6574f575b76e51324b1f0b9f661505c9ac	34523984006830994962739837327009064012204	34523984006830994962776730815156483115436	0000000000000000000000000000006574F575B76E51324A1F0B9F661505C9AC	0000000000000000000000000000006574F575B76E51324C1F0B9F661505C9AC	65
474	3	wavg2a(b2[12],b4[25])	34269855713712678031899661129887657949996	0x64b5c62181ce386e1c45af295bf7cafb2c	34269855713712678031881214385813948398380	34269855713712678031918107873961367501612	00000000000000000000000000000064B5C62181CE386E1B45AF295BF7CAFB2C	00000000000000000000000000000064B5C62181CE386E1D45AF295BF7CAFB2C	65
475	3	avg(b4[2],b4[41])	34269249147410465137581615446823168302913	0x64b5514f7abacdf17b82288e78c3aadf41	34269249147410465137563168702749458751297	34269249147410465137600062190896877854529	00000000000000000000000000000064B5514F7ABACDF17A82288E78C3AADF41	00000000000000000000000000000064B5514F7ABACDF17C82288E78C3AADF41	65
476	3	wavg2a(b2[10],b3[16])	34525145558543341992427259748914668069011	0x6575d52aa331f46e3fb291bc72ea616093	34525145558543341992408813004840958517395	34525145558543341992445706492988377620627	0000000000000000000000000000006575D52AA331F46E3EB291BC72EA616093	0000000000000000000000000000006575D52AA331F46E40B291BC72EA616093	65
477	3	avg(b2[46],b4[22])	34267935020483915148596268883427272863269	0x64b45438050521e552ccaff77704e6ae25	34267935020483915148577822139353563311653	34267935020483915148614715627500982414885	00000000000000000000000000000064B45438050521E551CCAFF77704E6AE25	00000000000000000000000000000064B45438050521E553CCAFF77704E6AE25	65
478	3	diff_low(b1[24],b4[36])	34267478429349328106512683605270194233493	0x64b3fc4856b027e78846f07703d6c32095	34267478429349328106494236861196484681877	34267478429349328106531130349343903785109	00000000000000000000000000000064B3FC4856B027E78746F07703D6C32095	00000000000000000000000000000064B3FC4856B027E78946F07703D6C32095	65
479	3	diff_low(b1[66],b3[10])	34267391879245094499467129255360170998686	0x64b3eb9d16ca7b6bc39973874ee79abb9e	34267391879245094499448682511286461447070	34267391879245094499485575999433880550302	00000000000000000000000000000064B3EB9D16CA7B6BC29973874EE79ABB9E	00000000000000000000000000000064B3EB9D16CA7B6BC49973874EE79ABB9E	65
480	3	diff_low(b2[39],b4[75])	34526675347766344802293382528590975975814	0x6576fbcb11c674ea49303d728d5c41c186	34526675347766344802274935784517266424198	34526675347766344802311829272664685527430	0000000000000000000000000000006576FBCB11C674EA48303D728D5C41C186	0000000000000000000000000000006576FBCB11C674EA4A303D728D5C41C186	65
481	3	diff_low(b3[3],b4[75])	34526691906552149614116143408594256446970	0x6576fefb7b090e12e4b309e3de9074c5fa	34526691906552149614097696664520546895354	34526691906552149614134590152667965998586	0000000000000000000000000000006576FEFB7B090E12E3B309E3DE9074C5FA	0000000000000000000000000000006576FEFB7B090E12E5B309E3DE9074C5FA	65
482	3	diff_low(b1[31],b3[49])	34526693146768075079610991922029355979928	0x6576ff38a0c2d6ff95327c2dd9c74dd498	34526693146768075079592545177955646428312	34526693146768075079629438666103065531544	0000000000000000000000000000006576FF38A0C2D6FF94327C2DD9C74DD498	0000000000000000000000000000006576FF38A0C2D6FF96327C2DD9C74DD498	65
483	3	diff_low(b1[68],b3[26])	34266840100759413529703891256494637129561	0x64b381584f2e08411eb6296a2a97d71f59	34266840100759413529685444512420927577945	34266840100759413529722338000568346681177	00000000000000000000000000000064B381584F2E08411DB6296A2A97D71F59	00000000000000000000000000000064B381584F2E08411FB6296A2A97D71F59	65
484	3	wavg2b(b1[45],b4[17])	34266722315796455851020625302310215897830	0x64b36aa90ff09762d3ffc1b0bac65652e6	34266722315796455851002178558236506346214	34266722315796455851039072046383925449446	00000000000000000000000000000064B36AA90FF09762D2FFC1B0BAC65652E6	00000000000000000000000000000064B36AA90FF09762D4FFC1B0BAC65652E6	65
485	3	avg(b1[45],b2[15])	34266540842880469125518507091201322383925	0x64b347b5c1b827b3cb1a46a7c92903fa35	34266540842880469125500060347127612832309	34266540842880469125536953835275031935541	00000000000000000000000000000064B347B5C1B827B3CA1A46A7C92903FA35	00000000000000000000000000000064B347B5C1B827B3CC1A46A7C92903FA35	65
486	3	wavg2b(b2[28],b3[15])	34266106906155130708372457862426402044368	0x64b2f423063b6503f7a6d4e6151b8139d0	34266106906155130708354011118352692492752	34266106906155130708390904606500111595984	00000000000000000000000000000064B2F423063B6503F6A6D4E6151B8139D0	00000000000000000000000000000064B2F423063B6503F8A6D4E6151B8139D0	65
487	3	avg(b2[36],b3[44])	34266074938504538545083585938999555787652	0x64b2edfae5c1664f07a5cbcf083a9e0b84	34266074938504538545065139194925846236036	34266074938504538545102032683073265339268	00000000000000000000000000000064B2EDFAE5C1664F06A5CBCF083A9E0B84	00000000000000000000000000000064B2EDFAE5C1664F08A5CBCF083A9E0B84	65
488	3	diff_low(b1[18],b3[44])	34265447452746498697802903485099195422728	0x64b2752176069e9b5f8b4fd5d4f84ed808	34265447452746498697784456741025485871112	34265447452746498697821350229172904974344	00000000000000000000000000000064B2752176069E9B5E8B4FD5D4F84ED808	00000000000000000000000000000064B2752176069E9B608B4FD5D4F84ED808	65
489	3	diff_low(b1[73],b4[49])	34528813104977717111840393369770369812063	0x65789782a3329d83b303290feaf0c5065f	34528813104977717111821946625696660260447	34528813104977717111858840113844079363679	00000000000000000000000000000065789782A3329D83B203290FEAF0C5065F	00000000000000000000000000000065789782A3329D83B403290FEAF0C5065F	65
490	3	wavg2a(b4[23],b4[24])	34528925864418627936928709540380666145951	0x6578ad3a1b6e894486647a371a6de6ac9f	34528925864418627936910262796306956594335	34528925864418627936947156284454375697567	0000000000000000000000000000006578AD3A1B6E894485647A371A6DE6AC9F	0000000000000000000000000000006578AD3A1B6E894487647A371A6DE6AC9F	65
491	3	diff_low(b4[14],b4[31])	34264677793149075389251115206216549718728	0x64b1e0e6502878ad896b4e69e56888dac8	34264677793149075389232668462142840167112	34264677793149075389269561950290259270344	00000000000000000000000000000064B1E0E6502878AD886B4E69E56888DAC8	00000000000000000000000000000064B1E0E6502878AD8A6B4E69E56888DAC8	65
492	3	wavg2b(b1[0],b4[20])	34264098691356652893635499478401855232551	0x64b1715e63ee5e14e89d8fac5700bb9a27	34264098691356652893617052734328145680935	34264098691356652893653946222475564784167	00000000000000000000000000000064B1715E63EE5E14E79D8FAC5700BB9A27	00000000000000000000000000000064B1715E63EE5E14E99D8FAC5700BB9A27	65
493	3	wavg2a(b4[6],b4[16])	34264020681721528927703442581770292731386	0x64b1625837e8b7338bc9dfb0b1fb589dfa	34264020681721528927684995837696583179770	34264020681721528927721889325844002283002	00000000000000000000000000000064B1625837E8B7338AC9DFB0B1FB589DFA	00000000000000000000000000000064B1625837E8B7338CC9DFB0B1FB589DFA	65
494	3	diff_low(b4[34],b4[43])	34530111569238976800932520778196494199467	0x65799195de473c84c54f96f31b8cde2aab	34530111569238976800914074034122784647851	34530111569238976800950967522270203751083	00000000000000000000000000000065799195DE473C84C44F96F31B8CDE2AAB	00000000000000000000000000000065799195DE473C84C64F96F31B8CDE2AAB	65
495	3	diff_low(b1[1],b3[51])	34530173495569882346456855867004115120365	0x65799d831276282117f06d5fda9ba270ed	34530173495569882346438409122930405568749	34530173495569882346475302611077824671981	00000000000000000000000000000065799D831276282116F06D5FDA9BA270ED	00000000000000000000000000000065799D831276282118F06D5FDA9BA270ED	65
496	3	wavg2a(b4[13],b4[15])	34263378162682920318089167079722736442656	0x64b0e699958099f2ff9841f00c47645d20	34263378162682920318070720335649026891040	34263378162682920318107613823796445994272	00000000000000000000000000000064B0E699958099F2FE9841F00C47645D20	00000000000000000000000000000064B0E699958099F3009841F00C47645D20	65
497	3	diff_low(b3[15],b3[23])	34263347262113301067579703605889153245083	0x64b0e0a6117b300f62a5e0c1f51ce61f9b	34263347262113301067561256861815443693467	34263347262113301067598150349962862796699	00000000000000000000000000000064B0E0A6117B300F61A5E0C1F51CE61F9B	00000000000000000000000000000064B0E0A6117B300F63A5E0C1F51CE61F9B	65
498	3	wavg2b(b2[38],b3[42])	34531941403688212841640536009796325736077	0x657af1ffac09ea38040e7dd96a4bbffe8d	34531941403688212841622089265722616184461	34531941403688212841658982753870035287693	000000000000000000000000000000657AF1FFAC09EA38030E7DD96A4BBFFE8D	000000000000000000000000000000657AF1FFAC09EA38050E7DD96A4BBFFE8D	65
499	3	diff_low(b4[19],b4[66])	34532343912615215161381857567601856879754	0x657b3f84e4f1660f3f1ffba90f69041c8a	34532343912615215161363410823528147328138	34532343912615215161400304311675566431370	000000000000000000000000000000657B3F84E4F1660F3E1FFBA90F69041C8A	000000000000000000000000000000657B3F84E4F1660F401FFBA90F69041C8A	65
500	3	avg(b1[45],b4[64])	34261183853060659825034408584169808089229	0x64af3ffdc44d9983050c0feba2fe2a508d	34261183853060659825015961840096098537613	34261183853060659825052855328243517640845	00000000000000000000000000000064AF3FFDC44D9983040C0FEBA2FE2A508D	00000000000000000000000000000064AF3FFDC44D9983060C0FEBA2FE2A508D	65
501	3	avg(b1[52],b3[35])	34532799499764777895667118921214856611268	0x657b97431333cca6624d26ac243bb545c4	34532799499764777895648672177141147059652	34532799499764777895685565665288566162884	000000000000000000000000000000657B97431333CCA6614D26AC243BB545C4	000000000000000000000000000000657B97431333CCA6634D26AC243BB545C4	65
502	3	avg(b1[52],b3[52])	34260056130088644641452321699472655067338	0x64ae66ccbb453bdf110d0cf8ba873928ca	34260056130088644641433874955398945515722	34260056130088644641470768443546364618954	00000000000000000000000000000064AE66CCBB453BDF100D0CF8BA873928CA	00000000000000000000000000000064AE66CCBB453BDF120D0CF8BA873928CA	65
503	3	wavg2b(b1[12],b1[54])	34534079208509965106842373196943012068674	0x657c8db996638212dcf1c1df1a5da6fd42	34534079208509965106823926452869302517058	34534079208509965106860819941016721620290	000000000000000000000000000000657C8DB996638212DBF1C1DF1A5DA6FD42	000000000000000000000000000000657C8DB996638212DDF1C1DF1A5DA6FD42	65
504	3	wavg2b(b3[43],b3[54])	34259596339884296534172244997072894669885	0x64ae0e3f53005d527c0c1fd2bb0dd5b43d	34259596339884296534153798252999185118269	34259596339884296534190691741146604221501	00000000000000000000000000000064AE0E3F53005D527B0C1FD2BB0DD5B43D	00000000000000000000000000000064AE0E3F53005D527D0C1FD2BB0DD5B43D	65
505	3	wavg2a(b2[4],b4[42])	34259051748938623557200892226649367207741	0x64ada55ceae63cb76c671df25f15eb5f3d	34259051748938623557182445482575657656125	34259051748938623557219338970723076759357	00000000000000000000000000000064ADA55CEAE63CB76B671DF25F15EB5F3D	00000000000000000000000000000064ADA55CEAE63CB76D671DF25F15EB5F3D	65
506	3	diff_low(b1[55],b2[26])	34258800858175128771404690104967396303230	0x64ad750b0c433533e9f3563b2efd13a17e	34258800858175128771386243360893686751614	34258800858175128771423136849041105854846	00000000000000000000000000000064AD750B0C433533E8F3563B2EFD13A17E	00000000000000000000000000000064AD750B0C433533EAF3563B2EFD13A17E	65
507	3	wavg2a(b4[17],b4[23])	34258749576855863064515381949816645575606	0x64ad6b2aaf03fa77cdd4c38925a45b63b6	34258749576855863064496935205742936023990	34258749576855863064533828693890355127222	00000000000000000000000000000064AD6B2AAF03FA77CCD4C38925A45B63B6	00000000000000000000000000000064AD6B2AAF03FA77CED4C38925A45B63B6	65
508	3	diff_low(b3[2],b4[59])	34258689124272405148107668185037550934236	0x64ad5f862423e355edf93235633fc058dc	34258689124272405148089221440963841382620	34258689124272405148126114929111260485852	00000000000000000000000000000064AD5F862423E355ECF93235633FC058DC	00000000000000000000000000000064AD5F862423E355EEF93235633FC058DC	65
509	3	avg(b1[19],b3[29])	34536606520344199868960892497520282113682	0x657e7477ae68f4e6705dd208ec8fd51692	34536606520344199868942445753446572562066	34536606520344199868979339241593991665298	000000000000000000000000000000657E7477AE68F4E66F5DD208EC8FD51692	000000000000000000000000000000657E7477AE68F4E6715DD208EC8FD51692	65
510	3	diff_low(b1[11],b2[20])	34536751572760715862125754427242286944476	0x657e9067514caee5730a23da4f2ef810dc	34536751572760715862107307683168577392860	34536751572760715862144201171315996496092	000000000000000000000000000000657E9067514CAEE5720A23DA4F2EF810DC	000000000000000000000000000000657E9067514CAEE5740A23DA4F2EF810DC	65
511	3	avg(b2[4],b3[16])	34536964917461035970292655913507716036210	0x657eb97e05fe86a01f6e119ceeb21b7672	34536964917461035970274209169434006484594	34536964917461035970311102657581425587826	000000000000000000000000000000657EB97E05FE86A01E6E119CEEB21B7672	000000000000000000000000000000657EB97E05FE86A0206E119CEEB21B7672	65
512	3	avg(b1[20],b1[26])	34256806123331326902991481250287139246842	0x64abf4df06e8dc4e27d2218a9d3ed952fa	34256806123331326902973034506213429695226	34256806123331326903009927994360848798458	00000000000000000000000000000064ABF4DF06E8DC4E26D2218A9D3ED952FA	00000000000000000000000000000064ABF4DF06E8DC4E28D2218A9D3ED952FA	65
513	3	avg(b1[55],b3[6])	34537280958181849169728885980166750547913	0x657ef65c08b3309693bedb3f06f2352fc9	34537280958181849169710439236093040996297	34537280958181849169747332724240460099529	000000000000000000000000000000657EF65C08B3309692BEDB3F06F2352FC9	000000000000000000000000000000657EF65C08B3309694BEDB3F06F2352FC9	65
514	3	wavg2b(b2[13],b3[54])	34256116889330128908283271950046022352796	0x64ab70212ac7b4f94c677040dfbcdc3f9c	34256116889330128908264825205972312801180	34256116889330128908301718694119731904412	00000000000000000000000000000064AB70212AC7B4F94B677040DFBCDC3F9C	00000000000000000000000000000064AB70212AC7B4F94D677040DFBCDC3F9C	65
515	3	avg(b3[38],b4[44])	34256015593621626698205531455833683482620	0x64ab5c9ee730f51f6cf7f266a899d757fc	34256015593621626698187084711759973931004	34256015593621626698223978199907393034236	00000000000000000000000000000064AB5C9EE730F51F6BF7F266A899D757FC	00000000000000000000000000000064AB5C9EE730F51F6DF7F266A899D757FC	65
516	3	wavg2a(b2[0],b3[54])	34538056515151313533917489353458571423694	0x657f8bb9f1de1fe4079d5c466549162fce	34538056515151313533899042609384861872078	34538056515151313533935936097532280975310	000000000000000000000000000000657F8BB9F1DE1FE4069D5C466549162FCE	000000000000000000000000000000657F8BB9F1DE1FE4089D5C466549162FCE	65
517	3	avg(b1[67],b2[6])	34255081109325981806986126137113570410130	0x64aaa8a545273865a37a230ebab7437e92	34255081109325981806967679393039860858514	34255081109325981807004572881187279961746	00000000000000000000000000000064AAA8A545273865A27A230EBAB7437E92	00000000000000000000000000000064AAA8A545273865A47A230EBAB7437E92	65
518	3	avg(b1[75],b2[20])	34538893305702251923683893042385003240015	0x65802ce2e77dd7b188e6c011a3dd285a4f	34538893305702251923665446298311293688399	34538893305702251923702339786458712791631	00000000000000000000000000000065802CE2E77DD7B187E6C011A3DD285A4F	00000000000000000000000000000065802CE2E77DD7B189E6C011A3DD285A4F	65
519	3	wavg2a(b1[20],b2[44])	34538958629783993298740796088282240069782	0x65803977a151d4fcf86a82d25a85153096	34538958629783993298722349344208530518166	34538958629783993298759242832355949621398	00000000000000000000000000000065803977A151D4FCF76A82D25A85153096	00000000000000000000000000000065803977A151D4FCF96A82D25A85153096	65
520	3	avg(b1[1],b4[30])	34539014673943241054948979568192649816233	0x65804442d20f0d910b28a478370939e8a9	34539014673943241054930532824118940264617	34539014673943241054967426312266359367849	00000000000000000000000000000065804442D20F0D910A28A478370939E8A9	00000000000000000000000000000065804442D20F0D910C28A478370939E8A9	65
521	3	avg(b2[15],b4[23])	34254581734469579945760642062460966900588	0x64aa487830553c5341d9c96c69760b936c	34254581734469579945742195318387257348972	34254581734469579945779088806534676452204	00000000000000000000000000000064AA487830553C5340D9C96C69760B936C	00000000000000000000000000000064AA487830553C5342D9C96C69760B936C	65
522	3	wavg2a(b1[10],b1[44])	34540200769017775047694099345315907974479	0x658128b1d29b08b94527c4db0d9043354f	34540200769017775047675652601242198422863	34540200769017775047712546089389617526095	000000000000000000000000000000658128B1D29B08B94427C4DB0D9043354F	000000000000000000000000000000658128B1D29B08B94627C4DB0D9043354F	65
523	3	diff_low(b1[64],b3[53])	34540809457912722048167016698736550801724	0x65819dec8091793585e8685366568af13c	34540809457912722048148569954662841250108	34540809457912722048185463442810260353340	00000000000000000000000000000065819DEC8091793584E8685366568AF13C	00000000000000000000000000000065819DEC8091793586E8685366568AF13C	65
524	3	wavg2b(b2[18],b3[39])	34541641558679081819562695929602986822120	0x65823e2e3cc9f0874e84eb99e2e31d49e8	34541641558679081819544249185529277270504	34541641558679081819581142673676696373736	00000000000000000000000000000065823E2E3CC9F0874D84EB99E2E31D49E8	00000000000000000000000000000065823E2E3CC9F0874F84EB99E2E31D49E8	65
525	3	avg(b4[39],b4[65])	34252251002899897364286988288796261202905	0x64a887964014299b970eb8df6072ddbbd9	34252251002899897364268541544722551651289	34252251002899897364305435032869970754521	00000000000000000000000000000064A887964014299B960EB8DF6072DDBBD9	00000000000000000000000000000064A887964014299B980EB8DF6072DDBBD9	65
526	3	wavg2b(b3[31],b3[51])	34541797738270857083122489257563159869864	0x65825c427c6009790d1acacee9745939a8	34541797738270857083104042513489450318248	34541797738270857083140936001636869421480	00000000000000000000000000000065825C427C6009790C1ACACEE9745939A8	00000000000000000000000000000065825C427C6009790E1ACACEE9745939A8	65
527	3	wavg2b(b4[13],b4[40])	34252047559294085484636017365841976931647	0x64a86067b4c41e23f55fa6bd819232b53f	34252047559294085484617570621768267380031	34252047559294085484654464109915686483263	00000000000000000000000000000064A86067B4C41E23F45FA6BD819232B53F	00000000000000000000000000000064A86067B4C41E23F65FA6BD819232B53F	65
528	3	diff_low(b1[27],b4[64])	34542247474883772492654068251803802198068	0x6582b2e0367af85d7e690b1bd321e0e034	34542247474883772492635621507730092646452	34542247474883772492672514995877511749684	0000000000000000000000000000006582B2E0367AF85D7D690B1BD321E0E034	0000000000000000000000000000006582B2E0367AF85D7F690B1BD321E0E034	65
529	3	wavg2a(b1[14],b1[31])	34542344483961391212189915388571722903003	0x6582c58f212e5038cab52ac267d952eddb	34542344483961391212171468644498013351387	34542344483961391212208362132645432454619	0000000000000000000000000000006582C58F212E5038C9B52AC267D952EDDB	0000000000000000000000000000006582C58F212E5038CBB52AC267D952EDDB	65
530	3	avg(b1[9],b2[10])	34251174068129031212732224127825952538164	0x64a7b82d444474e3d8e3db88cd5f9e7e34	34251174068129031212713777383752242986548	34251174068129031212750670871899662089780	00000000000000000000000000000064A7B82D444474E3D7E3DB88CD5F9E7E34	00000000000000000000000000000064A7B82D444474E3D9E3DB88CD5F9E7E34	65
531	3	diff_low(b3[16],b4[16])	34250443090040217671747243250357968028692	0x64a72b6543ad914383c7968aff9957c414	34250443090040217671728796506284258477076	34250443090040217671765689994431677580308	00000000000000000000000000000064A72B6543AD914382C7968AFF9957C414	00000000000000000000000000000064A72B6543AD914384C7968AFF9957C414	65
532	3	wavg2b(b3[25],b4[55])	34543533402318689836999658761444222452755	0x6583aa895490ea09a8fb49b2194d564413	34543533402318689836981212017370512901139	34543533402318689837018105505517932004371	0000000000000000000000000000006583AA895490EA09A7FB49B2194D564413	0000000000000000000000000000006583AA895490EA09A9FB49B2194D564413	65
533	3	diff_low(b4[24],b4[48])	34249434478621752184022613073763066932639	0x64a66924e1d00700e3152b80ae7a4f6d9f	34249434478621752184004166329689357381023	34249434478621752184041059817836776484255	00000000000000000000000000000064A66924E1D00700E2152B80AE7A4F6D9F	00000000000000000000000000000064A66924E1D00700E4152B80AE7A4F6D9F	65
534	3	avg(b4[23],b4[64])	34249224744649770645276543555429452605893	0x64a640c032eaae227bcb92b0434b31e9c5	34249224744649770645258096811355743054277	34249224744649770645294990299503162157509	00000000000000000000000000000064A640C032EAAE227ACB92B0434B31E9C5	00000000000000000000000000000064A640C032EAAE227CCB92B0434B31E9C5	65
535	3	wavg2a(b1[45],b4[24])	34544871342299813509939196245367806790400	0x6584ac36dd47c31a92ba768644b1dc8b00	34544871342299813509920749501294097238784	34544871342299813509957642989441516342016	0000000000000000000000000000006584AC36DD47C31A91BA768644B1DC8B00	0000000000000000000000000000006584AC36DD47C31A93BA768644B1DC8B00	65
536	3	avg(b1[23],b4[40])	34248963971356320885498162740593157919208	0x64a60e87153728e4580da14295ed5ed1e8	34248963971356320885479715996519448367592	34248963971356320885516609484666867470824	00000000000000000000000000000064A60E87153728E4570DA14295ED5ED1E8	00000000000000000000000000000064A60E87153728E4590DA14295ED5ED1E8	65
537	3	avg(b1[55],b2[42])	34545560351084255081109325981806986126136	0x658530e99ec653e64f362891a0e5d9e338	34545560351084255081090879237733276574520	34545560351084255081127772725880695677752	000000000000000000000000000000658530E99EC653E64E362891A0E5D9E338	000000000000000000000000000000658530E99EC653E650362891A0E5D9E338	65
538	3	avg(b2[28],b2[32])	34545658449191704163737461900668342812650	0x658543ce3af6d5ecaec28840f1a8dabfea	34545658449191704163719015156594633261034	34545658449191704163755908644742052364266	000000000000000000000000000000658543CE3AF6D5ECADC28840F1A8DABFEA	000000000000000000000000000000658543CE3AF6D5ECAFC28840F1A8DABFEA	65
539	3	wavg2b(b2[40],b2[46])	34247853820453874518301079608670028830269	0x64a538b86ae1d1026d589c326b5c70163d	34247853820453874518282632864596319278653	34247853820453874518319526352743738381885	00000000000000000000000000000064A538B86AE1D1026C589C326B5C70163D	00000000000000000000000000000064A538B86AE1D1026E589C326B5C70163D	65
540	3	wavg2a(b2[46],b3[4])	34247798624501191812225210008659093926415	0x64a52e170c03d27b11a49d635cae70b20f	34247798624501191812206763264585384374799	34247798624501191812243656752732803478031	00000000000000000000000000000064A52E170C03D27B10A49D635CAE70B20F	00000000000000000000000000000064A52E170C03D27B12A49D635CAE70B20F	65
541	3	avg(b2[16],b3[25])	34546311324450997935416804201645926943483	0x6585c18b7740bd436c7672a205cb228afb	34546311324450997935398357457572217391867	34546311324450997935435250945719636495099	0000000000000000000000000000006585C18B7740BD436B7672A205CB228AFB	0000000000000000000000000000006585C18B7740BD436D7672A205CB228AFB	65
542	3	avg(b2[5],b4[67])	34247465087102666427263254693900459653106	0x64a4edda62305ce8d4b43cce0b1df737f2	34247465087102666427244807949826750101490	34247465087102666427281701437974169204722	00000000000000000000000000000064A4EDDA62305CE8D3B43CCE0B1DF737F2	00000000000000000000000000000064A4EDDA62305CE8D5B43CCE0B1DF737F2	65
543	3	diff_low(b3[29],b3[34])	34247310254665500082041843877372422722807	0x64a4d0088e159292ea3f669a73838314f7	34247310254665500082023397133298713171191	34247310254665500082060290621446132274423	00000000000000000000000000000064A4D0088E159292E93F669A73838314F7	00000000000000000000000000000064A4D0088E159292EB3F669A73838314F7	65
544	3	wavg2a(b1[19],b4[60])	34546667187947720037818033865809634455242	0x65860614e40e311d48ee81b05a13f2eeca	34546667187947720037799587121735924903626	34546667187947720037836480609883344006858	00000000000000000000000000000065860614E40E311D47EE81B05A13F2EECA	00000000000000000000000000000065860614E40E311D49EE81B05A13F2EECA	65
545	3	diff_low(b1[11],b2[46])	34547027949052771773090857972405483992575	0x65864b8fc95da71dae7ef43aa5bd3df5ff	34547027949052771773072411228331774440959	34547027949052771773109304716479193544191	00000000000000000000000000000065864B8FC95DA71DAD7EF43AA5BD3DF5FF	00000000000000000000000000000065864B8FC95DA71DAF7EF43AA5BD3DF5FF	65
546	3	diff_low(b3[13],b4[12])	34246862630556060673696464478677544766030	0x64a479d2fb8582fb083ad5a301eb4c8a4e	34246862630556060673678017734603835214414	34246862630556060673714911222751254317646	00000000000000000000000000000064A479D2FB8582FB073AD5A301EB4C8A4E	00000000000000000000000000000064A479D2FB8582FB093AD5A301EB4C8A4E	65
547	3	wavg2a(b2[44],b4[18])	34246735308956158335070631796335806066596	0x64a4614d8b002c8859dd5546805cd52fa4	34246735308956158335052185052262096514980	34246735308956158335089078540409515618212	00000000000000000000000000000064A4614D8B002C8858DD5546805CD52FA4	00000000000000000000000000000064A4614D8B002C885ADD5546805CD52FA4	65
548	3	diff_low(b4[11],b4[12])	34246197834862371578461032962775075936718	0x64a3f9ca0632ba9eae0815b9693a8a59ce	34246197834862371578442586218701366385102	34246197834862371578479479706848785488334	00000000000000000000000000000064A3F9CA0632BA9EAD0815B9693A8A59CE	00000000000000000000000000000064A3F9CA0632BA9EAF0815B9693A8A59CE	65
549	3	diff_low(b2[2],b3[24])	34548018127863686008395337558754809653184	0x65870a435f03fc2e81cbb07089a98ca7c0	34548018127863686008376890814681100101568	34548018127863686008413784302828519204800	00000000000000000000000000000065870A435F03FC2E80CBB07089A98CA7C0	00000000000000000000000000000065870A435F03FC2E82CBB07089A98CA7C0	65
550	3	diff_low(b2[1],b2[15])	34548033837470157523686896480835471159562	0x65870d49ea202c41b6bcd03d353e0c310a	34548033837470157523668449736761761607946	34548033837470157523705343224909180711178	00000000000000000000000000000065870D49EA202C41B5BCD03D353E0C310A	00000000000000000000000000000065870D49EA202C41B7BCD03D353E0C310A	65
551	3	wavg2b(b1[14],b3[8])	34548352082333164314667503620606733857939	0x65874a949904601184f031d88ba3bc3493	34548352082333164314649056876533024306323	34548352082333164314685950364680443409555	00000000000000000000000000000065874A949904601183F031D88BA3BC3493	00000000000000000000000000000065874A949904601185F031D88BA3BC3493	65
552	3	diff_low(b2[41],b4[21])	34548383737798831324518975622950500414925	0x658750ad552a79282fdef4cdab0d23b5cd	34548383737798831324500528878876790863309	34548383737798831324537422367024209966541	000000000000000000000000000000658750AD552A79282EDEF4CDAB0D23B5CD	000000000000000000000000000000658750AD552A792830DEF4CDAB0D23B5CD	65
553	3	wavg2a(b1[23],b1[52])	34548450476170131991929163334989398808272	0x65875d87c9d67e6f38305d63a868c616d0	34548450476170131991910716590915689256656	34548450476170131991947610079063108359888	00000000000000000000000000000065875D87C9D67E6F37305D63A868C616D0	00000000000000000000000000000065875D87C9D67E6F39305D63A868C616D0	65
554	3	wavg2a(b1[44],b3[49])	34245418039275120070763797902157474177653	0x64a3639b222711c50f7d3e327c1c902275	34245418039275120070745351158083764626037	34245418039275120070782244646231183729269	00000000000000000000000000000064A3639B222711C50E7D3E327C1C902275	00000000000000000000000000000064A3639B222711C5107D3E327C1C902275	65
555	3	wavg2a(b4[16],b4[41])	34548859703847153252473109613983014100402	0x6587ac58454a2688875eea9daa363c9db2	34548859703847153252454662869909304548786	34548859703847153252491556358056723652018	0000000000000000000000000000006587AC58454A2688865EEA9DAA363C9DB2	0000000000000000000000000000006587AC58454A2688885EEA9DAA363C9DB2	65
556	3	diff_low(b3[57],b4[12])	34245034888672202754521296742242461101465	0x64a319d059a63c8fef550e487cb7832d99	34245034888672202754502849998168751549849	34245034888672202754539743486316170653081	00000000000000000000000000000064A319D059A63C8FEE550E487CB7832D99	00000000000000000000000000000064A319D059A63C8FF0550E487CB7832D99	65
557	3	wavg2b(b3[1],b4[53])	34244601470427371068901011558698568472716	0x64a2c6572e4e5907c9273bc0314ab1588c	34244601470427371068882564814624858921100	34244601470427371068919458302772278024332	00000000000000000000000000000064A2C6572E4E5907C8273BC0314AB1588C	00000000000000000000000000000064A2C6572E4E5907CA273BC0314AB1588C	65
558	3	wavg2b(b2[46],b4[22])	34244142173637209776316362946232465237840	0x64a26de219ccb3c5e337347be158182750	34244142173637209776297916202158755686224	34244142173637209776334809690306174789456	00000000000000000000000000000064A26DE219CCB3C5E237347BE158182750	00000000000000000000000000000064A26DE219CCB3C5E437347BE158182750	65
559	3	wavg2b(b4[4],b4[39])	34550022617870536843864327262173579001355	0x65888c505bd6277a77e1ffda7556f93e0b	34550022617870536843845880518099869449739	34550022617870536843882774006247288552971	00000000000000000000000000000065888C505BD6277A76E1FFDA7556F93E0B	00000000000000000000000000000065888C505BD6277A78E1FFDA7556F93E0B	65
560	3	diff_low(b3[5],b4[21])	34550039616379312506795063623278547530570	0x65888f96732e4d04eef6d111637111734a	34550039616379312506776616879204837978954	34550039616379312506813510367352257082186	00000000000000000000000000000065888F96732E4D04EDF6D111637111734A	00000000000000000000000000000065888F96732E4D04EFF6D111637111734A	65
561	3	avg(b1[7],b4[24])	34550179410691308424896397135632088549815	0x6588aa82d776013b5be907ca17d949c9b7	34550179410691308424877950391558378998199	34550179410691308424914843879705798101431	0000000000000000000000000000006588AA82D776013B5AE907CA17D949C9B7	0000000000000000000000000000006588AA82D776013B5CE907CA17D949C9B7	65
562	3	avg(b1[20],b4[23])	34551153088154430054674762458688400747898	0x65896608d8d1f742757c83de96d7116d7a	34551153088154430054656315714614691196282	34551153088154430054693209202762110299514	00000000000000000000000000000065896608D8D1F742747C83DE96D7116D7A	00000000000000000000000000000065896608D8D1F742767C83DE96D7116D7A	65
563	3	wavg2b(b1[42],b4[40])	34551697208900653247547111435515096311312	0x6589ced4122bbaf886ae77870c78b9a610	34551697208900653247528664691441386759696	34551697208900653247565558179588805862928	0000000000000000000000000000006589CED4122BBAF885AE77870C78B9A610	0000000000000000000000000000006589CED4122BBAF887AE77870C78B9A610	65
564	3	wavg2a(b1[19],b4[4])	34242035304872404830851119773244486452316	0x64a0d81d73624393d15e564d012b62045c	34242035304872404830832673029170776900700	34242035304872404830869566517318196003932	00000000000000000000000000000064A0D81D73624393D05E564D012B62045C	00000000000000000000000000000064A0D81D73624393D25E564D012B62045C	65
565	3	wavg2b(b1[36],b2[9])	34241364409728940672866305529542684587591	0x64a056e7c42e520b38757896ebe4623647	34241364409728940672847858785468975035975	34241364409728940672884752273616394139207	00000000000000000000000000000064A056E7C42E520B37757896EBE4623647	00000000000000000000000000000064A056E7C42E520B39757896EBE4623647	65
566	3	diff_low(b3[19],b3[40])	34552599265237658037382699674632358339408	0x658a7c8ee1d3f3eee7f4b8b298ce6a2350	34552599265237658037364252930558648787792	34552599265237658037401146418706067891024	000000000000000000000000000000658A7C8EE1D3F3EEE6F4B8B298CE6A2350	000000000000000000000000000000658A7C8EE1D3F3EEE8F4B8B298CE6A2350	65
567	3	diff_low(b1[5],b2[10])	34241253155223393786701612188768892382859	0x64a0417a7ee6d27c7f4aac5088fe646e8b	34241253155223393786683165444695182831243	34241253155223393786720058932842601934475	00000000000000000000000000000064A0417A7EE6D27C7E4AAC5088FE646E8B	00000000000000000000000000000064A0417A7EE6D27C804AAC5088FE646E8B	65
568	3	wavg2b(b2[19],b3[51])	34552732642125678310921058397485128897914	0x658a963eded470f5acff9bfac70766557a	34552732642125678310902611653411419346298	34552732642125678310939505141558838449530	000000000000000000000000000000658A963EDED470F5ABFF9BFAC70766557A	000000000000000000000000000000658A963EDED470F5ADFF9BFAC70766557A	65
569	3	diff_low(b1[27],b2[15])	34552961454523391093622265265866830787459	0x658ac250315014bf0a8578941f77943383	34552961454523391093603818521793121235843	34552961454523391093640712009940540339075	000000000000000000000000000000658AC250315014BF098578941F77943383	000000000000000000000000000000658AC250315014BF0B8578941F77943383	65
570	3	wavg2a(b4[17],b4[52])	34553556971085377253556832227331474811130	0x658b35016d0f35ee5cd6f4cb09b33d68fa	34553556971085377253538385483257765259514	34553556971085377253575278971405184362746	000000000000000000000000000000658B35016D0F35EE5BD6F4CB09B33D68FA	000000000000000000000000000000658B35016D0F35EE5DD6F4CB09B33D68FA	65
571	3	diff_low(b1[64],b3[23])	34553912882493267025287687214949861754863	0x658b798d3695fecd8f87df1278b49507ef	34553912882493267025269240470876152203247	34553912882493267025306133959023571306479	000000000000000000000000000000658B798D3695FECD8E87DF1278B49507EF	000000000000000000000000000000658B798D3695FECD9087DF1278B49507EF	65
572	3	wavg2a(b3[31],b4[40])	34554777224035133911886280520677167605100	0x658c20048a9aa7485b568984b4bf32256c	34554777224035133911867833776603458053484	34554777224035133911904727264750877156716	000000000000000000000000000000658C20048A9AA7485A568984B4BF32256C	000000000000000000000000000000658C20048A9AA7485C568984B4BF32256C	65
573	3	diff_low(b2[44],b3[26])	34555105079647300661551591359008136756515	0x658c5f2912343c528facb331f25e13fd23	34555105079647300661533144614934427204899	34555105079647300661570038103081846308131	000000000000000000000000000000658C5F2912343C528EACB331F25E13FD23	000000000000000000000000000000658C5F2912343C5290ACB331F25E13FD23	65
574	3	diff_low(b4[74],b4[75])	34238483914058186342919494098732333583764	0x649e2c245d6c8322031b82ebfd3c72cd94	34238483914058186342901047354658624032148	34238483914058186342937940842806043135380	000000000000000000000000000000649E2C245D6C8322021B82EBFD3C72CD94	000000000000000000000000000000649E2C245D6C8322041B82EBFD3C72CD94	65
575	3	wavg2b(b3[15],b3[20])	34555787904361580467130551843538118194708	0x658ce2aaedc26ca36037f4c9da37c93614	34555787904361580467112105099464408643092	34555787904361580467148998587611827746324	000000000000000000000000000000658CE2AAEDC26CA35F37F4C9DA37C93614	000000000000000000000000000000658CE2AAEDC26CA36137F4C9DA37C93614	65
576	3	wavg2a(b1[68],b3[16])	34556029215274644947770651378901074204577	0x658d112479af410bb26f305f93e55e57a1	34556029215274644947752204634827364652961	34556029215274644947789098122974783756193	000000000000000000000000000000658D112479AF410BB16F305F93E55E57A1	000000000000000000000000000000658D112479AF410BB36F305F93E55E57A1	65
577	3	avg(b1[2],b4[10])	34237868743821233291808342587951313171427	0x649db5aa216c8feab762950414ead9b3e3	34237868743821233291789895843877603619811	34237868743821233291826789332025022723043	000000000000000000000000000000649DB5AA216C8FEAB662950414EAD9B3E3	000000000000000000000000000000649DB5AA216C8FEAB862950414EAD9B3E3	65
578	3	wavg2a(b3[18],b3[40])	34237478868555182764211144244016671074264	0x649d6a93cbbd40f780bc1bc47b0993a7d8	34237478868555182764192697499942961522648	34237478868555182764229590988090380625880	000000000000000000000000000000649D6A93CBBD40F77FBC1BC47B0993A7D8	000000000000000000000000000000649D6A93CBBD40F781BC1BC47B0993A7D8	65
579	3	wavg2a(b1[9],b1[27])	34236958032820191656508966804031816320353	0x649d06449c8c9b84153aa4d385e743c561	34236958032820191656490520059958106768737	34236958032820191656527413548105525871969	000000000000000000000000000000649D06449C8C9B84143AA4D385E743C561	000000000000000000000000000000649D06449C8C9B84163AA4D385E743C561	65
580	3	diff_low(b1[34],b4[32])	34236883399085677549921877058683618454271	0x649cf7e4e26223046875955de10523eaff	34236883399085677549903430314609908902655	34236883399085677549940323802757328005887	000000000000000000000000000000649CF7E4E26223046775955DE10523EAFF	000000000000000000000000000000649CF7E4E26223046975955DE10523EAFF	65
581	3	diff_low(b1[43],b1[44])	34557124954403440842593286545464994508469	0x658de42c95dc6cc13e47e6257275e32eb5	34557124954403440842574839801391284956853	34557124954403440842611733289538704060085	000000000000000000000000000000658DE42C95DC6CC13D47E6257275E32EB5	000000000000000000000000000000658DE42C95DC6CC13F47E6257275E32EB5	65
582	3	avg(b3[47],b4[3])	34236629669535019059094203551753642853415	0x649cc7070d371285b615b90d36a1e24427	34236629669535019059075756807679933301799	34236629669535019059112650295827352405031	000000000000000000000000000000649CC7070D371285B515B90D36A1E24427	000000000000000000000000000000649CC7070D371285B715B90D36A1E24427	65
583	3	wavg2a(b1[43],b4[56])	34236536975218014090719044848464649380344	0x649cb52cde73322b04a1dcd44a6841e1f8	34236536975218014090700598104390939828728	34236536975218014090737491592538358931960	000000000000000000000000000000649CB52CDE73322B03A1DCD44A6841E1F8	000000000000000000000000000000649CB52CDE73322B05A1DCD44A6841E1F8	65
584	3	diff_low(b1[4],b1[32])	34557724409752865427028486585852436587508	0x658e57a004182bf8cb8798d0209c06a3f4	34557724409752865427010039841778727035892	34557724409752865427046933329926146139124	000000000000000000000000000000658E57A004182BF8CA8798D0209C06A3F4	000000000000000000000000000000658E57A004182BF8CC8798D0209C06A3F4	65
585	3	wavg2a(b2[18],b4[0])	34235689626034357405200077547505285697369	0x649c11fb542522b9143dfb445260058f59	34235689626034357405181630803431576145753	34235689626034357405218524291578995248985	000000000000000000000000000000649C11FB542522B9133DFB445260058F59	000000000000000000000000000000649C11FB542522B9153DFB445260058F59	65
586	3	wavg2a(b1[75],b4[51])	34235557229035623276174419879283680165740	0x649bf87ba715b1a4c8bcf1e40771c53f6c	34235557229035623276155973135209970614124	34235557229035623276192866623357389717356	000000000000000000000000000000649BF87BA715B1A4C7BCF1E40771C53F6C	000000000000000000000000000000649BF87BA715B1A4C9BCF1E40771C53F6C	65
587	3	diff_low(b1[63],b4[73])	34558381680018427217591933109328703195880	0x658ed635f1293c43d365eca2169a710ae8	34558381680018427217573486365254993644264	34558381680018427217610379853402412747496	000000000000000000000000000000658ED635F1293C43D265ECA2169A710AE8	000000000000000000000000000000658ED635F1293C43D465ECA2169A710AE8	65
588	3	avg(b3[40],b4[72])	34558715485818557576908223505535851015616	0x658f167fd6b10dd95de4f0e6c2416badc0	34558715485818557576889776761462141464000	34558715485818557576926670249609560567232	000000000000000000000000000000658F167FD6B10DD95CE4F0E6C2416BADC0	000000000000000000000000000000658F167FD6B10DD95EE4F0E6C2416BADC0	65
589	3	diff_low(b2[1],b4[64])	34558747817109776124655093494898499748953	0x658f1cb9e4f548a342d93db58193bf8459	34558747817109776124636646750824790197337	34558747817109776124673540238972209300569	000000000000000000000000000000658F1CB9E4F548A341D93DB58193BF8459	000000000000000000000000000000658F1CB9E4F548A343D93DB58193BF8459	65
590	3	wavg2b(b1[68],b2[1])	34234904323048726772228072342035051084385	0x649b7abce6f58d0df343cb8437db1c7a61	34234904323048726772209625597961341532769	34234904323048726772246519086108760636001	000000000000000000000000000000649B7ABCE6F58D0DF243CB8437DB1C7A61	000000000000000000000000000000649B7ABCE6F58D0DF443CB8437DB1C7A61	65
591	3	avg(b4[6],b4[13])	34559402229250304949799723513068227123748	0x658f9ac2e76a4968cb2a0607601643da24	34559402229250304949781276768994517572132	34559402229250304949818170257141936675364	000000000000000000000000000000658F9AC2E76A4968CA2A0607601643DA24	000000000000000000000000000000658F9AC2E76A4968CC2A0607601643DA24	65
592	3	wavg2a(b3[25],b3[33])	34234100640302729232129166711351892278108	0x649adff4489538828a559de6a1a0f47b5c	34234100640302729232110719967278182726492	34234100640302729232147613455425601829724	000000000000000000000000000000649ADFF44895388289559DE6A1A0F47B5C	000000000000000000000000000000649ADFF4489538828B559DE6A1A0F47B5C	65
593	3	diff_low(b1[27],b3[41])	34234021437474326657911393123141478697360	0x649ad0b348582689474027ab3cec4ec990	34234021437474326657892946379067769145744	34234021437474326657929839867215188248976	000000000000000000000000000000649AD0B348582689464027AB3CEC4EC990	000000000000000000000000000000649AD0B348582689484027AB3CEC4EC990	65
594	3	diff_low(b4[32],b4[58])	34233935267620882518533501757878038431625	0x649ac01ac7e30b02273ece222b00b00789	34233935267620882518515055013804328880009	34233935267620882518551948501951747983241	000000000000000000000000000000649AC01AC7E30B02263ECE222B00B00789	000000000000000000000000000000649AC01AC7E30B02283ECE222B00B00789	65
595	3	avg(b1[33],b1[57])	34233297460691382696113548131562094755401	0x649a454478a8a0c7919033c31404fa7e49	34233297460691382696095101387488385203785	34233297460691382696131994875635804307017	000000000000000000000000000000649A454478A8A0C7909033C31404FA7E49	000000000000000000000000000000649A454478A8A0C7929033C31404FA7E49	65
596	3	wavg2a(b1[65],b3[48])	34560663644433169315525645403044828461613	0x65908db3796226d84574ed57a03fe8ba2d	34560663644433169315507198658971118909997	34560663644433169315544092147118538013229	00000000000000000000000000000065908DB3796226D84474ED57A03FE8BA2D	00000000000000000000000000000065908DB3796226D84674ED57A03FE8BA2D	65
597	3	avg(b1[13],b4[10])	34233122877104167121783461488716588222950	0x649a23a4d5fe0a188a3ba6f421a79389e6	34233122877104167121765014744642878671334	34233122877104167121801908232790297774566	000000000000000000000000000000649A23A4D5FE0A18893BA6F421A79389E6	000000000000000000000000000000649A23A4D5FE0A188B3BA6F421A79389E6	65
598	3	diff_low(b1[31],b4[56])	34560913569867488665441322007822158645081	0x6590bdd5bfda63b4c6cb2c0276078dc759	34560913569867488665422875263748449093465	34560913569867488665459768751895868196697	0000000000000000000000000000006590BDD5BFDA63B4C5CB2C0276078DC759	0000000000000000000000000000006590BDD5BFDA63B4C7CB2C0276078DC759	65
599	3	wavg2b(b2[35],b4[18])	34561393320213127298472197207622909478982	0x65911a3b44862d98edc10f55a57424c846	34561393320213127298453750463549199927366	34561393320213127298490643951696619030598	00000000000000000000000000000065911A3B44862D98ECC10F55A57424C846	00000000000000000000000000000065911A3B44862D98EEC10F55A57424C846	65
600	3	avg(b3[0],b3[34])	34231853304075509944824047469535036132087	0x64992f220d88c4a6505bb96a71325b4af7	34231853304075509944805600725461326580471	34231853304075509944842494213608745683703	00000000000000000000000000000064992F220D88C4A64F5BB96A71325B4AF7	00000000000000000000000000000064992F220D88C4A6515BB96A71325B4AF7	65
601	3	wavg2a(b1[14],b4[75])	34231717190746797661593372588194959280133	0x649914eb25cb87caa709e0dda39ed14805	34231717190746797661574925844121249728517	34231717190746797661611819332268668831749	000000000000000000000000000000649914EB25CB87CAA609E0DDA39ED14805	000000000000000000000000000000649914EB25CB87CAA809E0DDA39ED14805	65
602	3	wavg2b(b1[42],b3[43])	34231246053243762971830011663689003930665	0x6498ba2e467b22da5e0fdc5eb908f19429	34231246053243762971811564919615294379049	34231246053243762971848458407762713482281	0000000000000000000000000000006498BA2E467B22DA5D0FDC5EB908F19429	0000000000000000000000000000006498BA2E467B22DA5F0FDC5EB908F19429	65
603	3	avg(b1[20],b1[45])	34563112196565319234432627487428756231235	0x659265466a34e2a2febd0119f68a09d443	34563112196565319234414180743355046679619	34563112196565319234451074231502465782851	000000000000000000000000000000659265466A34E2A2FDBD0119F68A09D443	000000000000000000000000000000659265466A34E2A2FFBD0119F68A09D443	65
604	3	wavg2b(b1[58],b3[38])	34563132109964842080799944358002861870431	0x6592691c38a501f53aae0d0729127d0d5f	34563132109964842080781497613929152318815	34563132109964842080818391102076571422047	0000000000000000000000000000006592691C38A501F539AE0D0729127D0D5F	0000000000000000000000000000006592691C38A501F53BAE0D0729127D0D5F	65
605	3	wavg2b(b1[56],b3[52])	34230632284979010447070728743535147384730	0x649843f929dbaf402e099ae624598a7f9a	34230632284979010447052281999461437833114	34230632284979010447089175487608856936346	000000000000000000000000000000649843F929DBAF402D099AE624598A7F9A	000000000000000000000000000000649843F929DBAF402F099AE624598A7F9A	65
606	3	wavg2a(b1[53],b4[32])	34229981350993919624536780679040051583500	0x6497c69ba3e5083da0cef8a11ae03e1a0c	34229981350993919624518333934966342031884	34229981350993919624555227423113761135116	0000000000000000000000000000006497C69BA3E5083D9FCEF8A11AE03E1A0C	0000000000000000000000000000006497C69BA3E5083DA1CEF8A11AE03E1A0C	65
607	3	avg(b1[43],b1[62])	34564009453876759385210128559293047411019	0x659312149da5316222f1ca76018852914b	34564009453876759385191681815219337859403	34564009453876759385228575303366756962635	000000000000000000000000000000659312149DA5316221F1CA76018852914B	000000000000000000000000000000659312149DA5316223F1CA76018852914B	65
608	3	wavg2b(b1[19],b4[55])	34229212796917618786300501121956660982485	0x64973296ffaa4996452865fa9a1a5d32d5	34229212796917618786282054377882951430869	34229212796917618786318947866030370534101	00000000000000000000000000000064973296FFAA4996442865FA9A1A5D32D5	00000000000000000000000000000064973296FFAA4996462865FA9A1A5D32D5	65
609	3	diff_low(b1[35],b3[2])	34229207809624454834223915176981750707773	0x649731a11b2cf33f61d569e0471339763d	34229207809624454834205468432908041156157	34229207809624454834242361921055460259389	000000000000000000000000000000649731A11B2CF33F60D569E0471339763D	000000000000000000000000000000649731A11B2CF33F62D569E0471339763D	65
610	3	wavg2b(b3[9],b3[19])	34228917621520829382087952646926229947538	0x6496f9bdba5fb2be9f44c95c2df509c492	34228917621520829382069505902852520395922	34228917621520829382106399390999939499154	0000000000000000000000000000006496F9BDBA5FB2BE9E44C95C2DF509C492	0000000000000000000000000000006496F9BDBA5FB2BEA044C95C2DF509C492	65
611	3	avg(b1[39],b3[18])	34565361177573305824399345104414104872480	0x65941669bd4ea11c1cbf1cc059adffe620	34565361177573305824380898360340395320864	34565361177573305824417791848487814424096	00000000000000000000000000000065941669BD4EA11C1BBF1CC059ADFFE620	00000000000000000000000000000065941669BD4EA11C1DBF1CC059ADFFE620	65
612	3	diff_low(b3[49],b4[76])	34565456009937075708125778461358946460857	0x659428ad560432223f9ee8ee5744b324b9	34565456009937075708107331717285236909241	34565456009937075708144225205432656012473	000000000000000000000000000000659428AD560432223E9EE8EE5744B324B9	000000000000000000000000000000659428AD56043222409EE8EE5744B324B9	65
613	3	avg(b3[25],b4[29])	34228036972103932820997151419113667919367	0x649650225c08e1c7d3bbff0e0c2f557e07	34228036972103932820978704675039958367751	34228036972103932821015598163187377470983	000000000000000000000000000000649650225C08E1C7D2BBFF0E0C2F557E07	000000000000000000000000000000649650225C08E1C7D4BBFF0E0C2F557E07	65
614	3	wavg2a(b1[27],b3[56])	34227717153534810579830623945392057769350	0x6496128a162df9698cc08eaf2410f05d86	34227717153534810579812177201318348217734	34227717153534810579849070689465767320966	0000000000000000000000000000006496128A162DF9698BC08EAF2410F05D86	0000000000000000000000000000006496128A162DF9698DC08EAF2410F05D86	65
615	3	avg(b2[12],b4[65])	34227695248642505449724859848855273426793	0x64960e5217919e8bf343b94cdfb1894f69	34227695248642505449706413104781563875177	34227695248642505449743306592928982978409	00000000000000000000000000000064960E5217919E8BF243B94CDFB1894F69	00000000000000000000000000000064960E5217919E8BF443B94CDFB1894F69	65
616	3	wavg2a(b1[27],b3[12])	34227656228805348649191451687510888313865	0x649606ce43fbdd770bec191b0e8f367409	34227656228805348649173004943437178762249	34227656228805348649209898431584597865481	000000000000000000000000000000649606CE43FBDD770AEC191B0E8F367409	000000000000000000000000000000649606CE43FBDD770CEC191B0E8F367409	65
617	3	wavg2b(b1[29],b3[19])	34227492368351973993182854725908514807717	0x6495e73f524b69ccdc5ffebfbffe111fa5	34227492368351973993164407981834805256101	34227492368351973993201301469982224359333	0000000000000000000000000000006495E73F524B69CCDB5FFEBFBFFE111FA5	0000000000000000000000000000006495E73F524B69CCDD5FFEBFBFFE111FA5	65
618	3	avg(b4[28],b4[63])	34566616134008955824185300244615011330364	0x6595081bde6cb170de6ecf4b07dcbd693c	34566616134008955824166853500541301778748	34566616134008955824203746988688720881980	0000000000000000000000000000006595081BDE6CB170DD6ECF4B07DCBD693C	0000000000000000000000000000006595081BDE6CB170DF6ECF4B07DCBD693C	65
619	3	avg(b2[14],b4[28])	34567151832990936754233710095318162759833	0x65956f47de2a8c75bf09d4c43ee1066099	34567151832990936754215263351244453208217	34567151832990936754252156839391872311449	00000000000000000000000000000065956F47DE2A8C75BE09D4C43EE1066099	00000000000000000000000000000065956F47DE2A8C75C009D4C43EE1066099	65
620	3	wavg2b(b1[59],b3[19])	34226438479116499567227970665486501239247	0x64951c469208a705c5ffd0c5ff33af59cf	34226438479116499567209523921412791687631	34226438479116499567246417409560210790863	00000000000000000000000000000064951C469208A705C4FFD0C5FF33AF59CF	00000000000000000000000000000064951C469208A705C6FFD0C5FF33AF59CF	65
621	3	avg(b2[37],b4[47])	34226246717104567413176439082025748212443	0x6494f757f92a289515ae329b60ffdb2adb	34226246717104567413157992337952038660827	34226246717104567413194885826099457764059	0000000000000000000000000000006494F757F92A289514AE329B60FFDB2ADB	0000000000000000000000000000006494F757F92A289516AE329B60FFDB2ADB	65
622	3	wavg2b(b1[66],b4[47])	34225877636316826341701600689086052067042	0x6494b042e2b2135e6e66be953e4c8a66e2	34225877636316826341683153945012342515426	34225877636316826341720047433159761618658	0000000000000000000000000000006494B042E2B2135E6D66BE953E4C8A66E2	0000000000000000000000000000006494B042E2B2135E6F66BE953E4C8A66E2	65
623	3	diff_low(b3[39],b4[41])	34225688351945397543292050194473781472804	0x64948bce720bd22e3b5f0aa5ae9bdeae24	34225688351945397543273603450400071921188	34225688351945397543310496938547491024420	00000000000000000000000000000064948BCE720BD22E3A5F0AA5AE9BDEAE24	00000000000000000000000000000064948BCE720BD22E3C5F0AA5AE9BDEAE24	65
624	3	diff_low(b1[16],b3[14])	34225656099041182389096250275740301619963	0x649485984129a8e00e403a8978213372fb	34225656099041182389077803531666592068347	34225656099041182389114697019814011171579	000000000000000000000000000000649485984129A8E00D403A8978213372FB	000000000000000000000000000000649485984129A8E00F403A8978213372FB	65
625	3	wavg2b(b4[1],b4[15])	34568468532316846343098000969263386055866	0x65966cde281ed6832533bffc7b0279d4ba	34568468532316846343079554225189676504250	34568468532316846343116447713337095607482	00000000000000000000000000000065966CDE281ED6832433BFFC7B0279D4BA	00000000000000000000000000000065966CDE281ED6832633BFFC7B0279D4BA	65
626	3	wavg2b(b1[35],b2[29])	34568858389626748996137416029396249795436	0x6596b7f39b2ab4107a86bf4cbbd29adb6c	34568858389626748996118969285322540243820	34568858389626748996155862773469959347052	0000000000000000000000000000006596B7F39B2AB4107986BF4CBBD29ADB6C	0000000000000000000000000000006596B7F39B2AB4107B86BF4CBBD29ADB6C	65
627	3	wavg2b(b1[40],b4[63])	34569332277600824264094762030297946720166	0x65971338164e592866b333432704eb07a6	34569332277600824264076315286224237168550	34569332277600824264113208774371656271782	00000000000000000000000000000065971338164E592865B333432704EB07A6	00000000000000000000000000000065971338164E592867B333432704EB07A6	65
628	3	diff_low(b1[71],b4[29])	34569554576271940861764549089437481954942	0x65973e084200391bef2aae07dd3997ee7e	34569554576271940861746102345363772403326	34569554576271940861782995833511191506558	00000000000000000000000000000065973E084200391BEE2AAE07DD3997EE7E	00000000000000000000000000000065973E084200391BF02AAE07DD3997EE7E	65
629	3	wavg2a(b1[52],b3[50])	34569590173091896528089879909878564199599	0x659744e35108e0fa1e8b657332f5f11caf	34569590173091896528071433165804854647983	34569590173091896528108326653952273751215	000000000000000000000000000000659744E35108E0FA1D8B657332F5F11CAF	000000000000000000000000000000659744E35108E0FA1F8B657332F5F11CAF	65
630	3	wavg2b(b1[42],b2[13])	34224287152135427720052065569635259296487	0x64937df1f609d227fec67d3b0266feaae7	34224287152135427720033618825561549744871	34224287152135427720070512313708968848103	00000000000000000000000000000064937DF1F609D227FDC67D3B0266FEAAE7	00000000000000000000000000000064937DF1F609D227FFC67D3B0266FEAAE7	65
631	3	wavg2a(b1[3],b1[34])	34569689114528431790965808408062736081146	0x659757f18188a117a015dc8027a1a620fa	34569689114528431790947361663989026529530	34569689114528431790984255152136445632762	000000000000000000000000000000659757F18188A1179F15DC8027A1A620FA	000000000000000000000000000000659757F18188A117A115DC8027A1A620FA	65
632	3	wavg2b(b1[40],b2[14])	34570046542910132170825975164568815292792	0x65979cc815f627d9922c8fe4c5b54c5178	34570046542910132170807528420495105741176	34570046542910132170844421908642524844408	00000000000000000000000000000065979CC815F627D9912C8FE4C5B54C5178	00000000000000000000000000000065979CC815F627D9932C8FE4C5B54C5178	65
633	3	wavg2a(b2[10],b4[27])	34570175083958855226166221133488942693777	0x6597b589a61724cb9df2add7e34b773d91	34570175083958855226147774389415233142161	34570175083958855226184667877562652245393	0000000000000000000000000000006597B589A61724CB9CF2ADD7E34B773D91	0000000000000000000000000000006597B589A61724CB9EF2ADD7E34B773D91	65
634	3	wavg2a(b1[3],b4[58])	34570671825016696801428600174997929422028	0x65981534dfb2fe6db5d2c9940ef8776ccc	34570671825016696801410153430924219870412	34570671825016696801447046919071638973644	00000000000000000000000000000065981534DFB2FE6DB4D2C9940EF8776CCC	00000000000000000000000000000065981534DFB2FE6DB6D2C9940EF8776CCC	65
635	3	diff_low(b4[17],b4[52])	34222716499501795108355518861095434681077	0x64924f72ceb465e8054ee7319d9f537af5	34222716499501795108337072117021725129461	34222716499501795108373965605169144232693	00000000000000000000000000000064924F72CEB465E8044EE7319D9F537AF5	00000000000000000000000000000064924F72CEB465E8064EE7319D9F537AF5	65
636	3	avg(b3[14],b3[34])	34222714594656220348948208787359617809264	0x64924f14e42c648ed3ded4a5d72f6c7b70	34222714594656220348929762043285908257648	34222714594656220348966655531433327360880	00000000000000000000000000000064924F14E42C648ED2DED4A5D72F6C7B70	00000000000000000000000000000064924F14E42C648ED4DED4A5D72F6C7B70	65
637	3	diff_low(b1[47],b4[75])	34571275810159290126739518269997769238829	0x65988987a3f5ddb401cdb6d771ed33292d	34571275810159290126721071525924059687213	34571275810159290126757965014071478790445	00000000000000000000000000000065988987A3F5DDB400CDB6D771ED33292D	00000000000000000000000000000065988987A3F5DDB402CDB6D771ED33292D	65
638	3	wavg2a(b1[46],b4[12])	34571321459538343063206398473786623945690	0x659892525420cd60619e7984abbade6bda	34571321459538343063187951729712914394074	34571321459538343063224845217860333497306	000000000000000000000000000000659892525420CD60609E7984ABBADE6BDA	000000000000000000000000000000659892525420CD60629E7984ABBADE6BDA	65
639	3	wavg2a(b4[15],b4[45])	34571763708103331400471031606765456488622	0x6598e77eddc7f520746e141bfbe18478ae	34571763708103331400452584862691746937006	34571763708103331400489478350839166040238	0000000000000000000000000000006598E77EDDC7F520736E141BFBE18478AE	0000000000000000000000000000006598E77EDDC7F520756E141BFBE18478AE	65
640	3	wavg2a(b2[29],b3[10])	34222082222529034114474075036926918861530	0x6491d54a89cb5d2ff7049b5d135a7122da	34222082222529034114455628292853209309914	34222082222529034114492521781000628413146	0000000000000000000000000000006491D54A89CB5D2FF6049B5D135A7122DA	0000000000000000000000000000006491D54A89CB5D2FF8049B5D135A7122DA	65
641	3	wavg2b(b1[0],b3[22])	34571892738792954433511306387481807909021	0x65990058920c05a5973390e1df8005709d	34571892738792954433492859643408098357405	34571892738792954433529753131555517460637	00000000000000000000000000000065990058920C05A5963390E1DF8005709D	00000000000000000000000000000065990058920C05A5983390E1DF8005709D	65
642	3	wavg2b(b1[16],b3[52])	34572580940316880279090093660860208719117	0x659984e3867b2e8e0ef130d96fa7a1250d	34572580940316880279071646916786499167501	34572580940316880279108540404933918270733	000000000000000000000000000000659984E3867B2E8E0DF130D96FA7A1250D	000000000000000000000000000000659984E3867B2E8E0FF130D96FA7A1250D	65
643	3	wavg2b(b1[7],b1[20])	34572731193581484419235238494958593884457	0x6599a1d3954d6be65387902313ec61c129	34572731193581484419216791750884884332841	34572731193581484419253685239032303436073	0000000000000000000000000000006599A1D3954D6BE65287902313EC61C129	0000000000000000000000000000006599A1D3954D6BE65487902313EC61C129	65
644	3	wavg2a(b1[1],b4[76])	34572757292332682145277563413646324465448	0x6599a6da59dab680f954157bbfec9aff28	34572757292332682145259116669572614913832	34572757292332682145296010157720034017064	0000000000000000000000000000006599A6DA59DAB680F854157BBFEC9AFF28	0000000000000000000000000000006599A6DA59DAB680FA54157BBFEC9AFF28	65
645	3	wavg2a(b1[52],b2[47])	34572776994593979156626017055615615445913	0x6599aaa5bf5a6ed8702500a0518d372b99	34572776994593979156607570311541905894297	34572776994593979156644463799689324997529	0000000000000000000000000000006599AAA5BF5A6ED86F2500A0518D372B99	0000000000000000000000000000006599AAA5BF5A6ED8712500A0518D372B99	65
646	3	diff_low(b2[3],b4[34])	34221000836364589905836460688185742644467	0x64910506157f45db953f0b38c3c298d4f3	34221000836364589905818013944112033092851	34221000836364589905854907432259452196083	00000000000000000000000000000064910506157F45DB943F0B38C3C298D4F3	00000000000000000000000000000064910506157F45DB963F0B38C3C298D4F3	65
647	3	diff_low(b4[49],b4[51])	34220220194170588417240271169179491303247	0x64906ead73c5aaf7898e9f4bc785fcff4f	34220220194170588417221824425105781751631	34220220194170588417258717913253200854863	00000000000000000000000000000064906EAD73C5AAF7888E9F4BC785FCFF4F	00000000000000000000000000000064906EAD73C5AAF78A8E9F4BC785FCFF4F	65
648	3	avg(b3[5],b4[53])	34573778667910228952467590934634389382618	0x659a6b900e0ea05fcb44745b265aad25da	34573778667910228952449144190560679831002	34573778667910228952486037678708098934234	000000000000000000000000000000659A6B900E0EA05FCA44745B265AAD25DA	000000000000000000000000000000659A6B900E0EA05FCC44745B265AAD25DA	65
649	3	avg(b1[65],b2[7])	34574054428178535172228203283280223869535	0x659aa0ac15f9a7b34831e837976a151a5f	34574054428178535172209756539206514317919	34574054428178535172246650027353933421151	000000000000000000000000000000659AA0AC15F9A7B34731E837976A151A5F	000000000000000000000000000000659AA0AC15F9A7B34931E837976A151A5F	65
650	3	diff_low(b1[19],b4[0])	34574127221016898986530993111386329750490	0x659aaeb10cc3daf42a261e5703cfdc9bda	34574127221016898986512546367312620198874	34574127221016898986549439855460039302106	000000000000000000000000000000659AAEB10CC3DAF429261E5703CFDC9BDA	000000000000000000000000000000659AAEB10CC3DAF42B261E5703CFDC9BDA	65
651	3	wavg2a(b2[1],b2[10])	34219462494683075294556376527041848016602	0x648fdcbffbb6e6bf39e57c32a75d9dfeda	34219462494683075294537929782968138464986	34219462494683075294574823271115557568218	000000000000000000000000000000648FDCBFFBB6E6BF38E57C32A75D9DFEDA	000000000000000000000000000000648FDCBFFBB6E6BF3AE57C32A75D9DFEDA	65
652	3	avg(b2[41],b4[53])	34574606607200469543605634934798412940440	0x659b0b049d108a4e2ad0627d028ca40498	34574606607200469543587188190724703388824	34574606607200469543624081678872122492056	000000000000000000000000000000659B0B049D108A4E29D0627D028CA40498	000000000000000000000000000000659B0B049D108A4E2BD0627D028CA40498	65
653	3	wavg2b(b2[29],b4[52])	34219123180531238370924286237395429269047	0x648f9b668102ca5e940c8a9d44da2e9e37	34219123180531238370905839493321719717431	34219123180531238370942732981469138820663	000000000000000000000000000000648F9B668102CA5E930C8A9D44DA2E9E37	000000000000000000000000000000648F9B668102CA5E950C8A9D44DA2E9E37	65
654	3	wavg2b(b2[29],b3[50])	34574848622936259626965348878683973322543	0x659b39a0e91a6c9e42303d0ea28e23872f	34574848622936259626946902134610263770927	34574848622936259626983795622757682874159	000000000000000000000000000000659B39A0E91A6C9E41303D0EA28E23872F	000000000000000000000000000000659B39A0E91A6C9E43303D0EA28E23872F	65
655	3	diff_low(b3[30],b4[11])	34575112858268899639021577114493390396215	0x659b6c84b7e1e3efb7be26efe024d79b37	34575112858268899639003130370419680844599	34575112858268899639040023858567099947831	000000000000000000000000000000659B6C84B7E1E3EFB6BE26EFE024D79B37	000000000000000000000000000000659B6C84B7E1E3EFB8BE26EFE024D79B37	65
656	3	avg(b2[16],b3[38])	34218649726877539657351734064851545384536	0x648f40376fc3f866053137a17efc326658	34218649726877539657333287320777835832920	34218649726877539657370180808925254936152	000000000000000000000000000000648F40376FC3F866043137A17EFC326658	000000000000000000000000000000648F40376FC3F866063137A17EFC326658	65
657	3	diff_low(b4[27],b4[52])	34576078880716704432073297609658876169445	0x659c26914d5d57148fc3dbd4a6788e0ce5	34576078880716704432054850865585166617829	34576078880716704432091744353732585721061	000000000000000000000000000000659C26914D5D57148EC3DBD4A6788E0CE5	000000000000000000000000000000659C26914D5D571490C3DBD4A6788E0CE5	65
658	3	diff_low(b1[54],b3[20])	34576339372218359788748076797882102000059	0x659c58bc865a77375dd490ce0005e129bb	34576339372218359788729630053808392448443	34576339372218359788766523541955811551675	000000000000000000000000000000659C58BC865A77375CD490CE0005E129BB	000000000000000000000000000000659C58BC865A77375ED490CE0005E129BB	65
659	3	wavg2a(b2[19],b4[40])	34576647031744776367483418800521105661199	0x659c93fd4f8376419b202bdc6fe54c5d0f	34576647031744776367464972056447396109583	34576647031744776367501865544594815212815	000000000000000000000000000000659C93FD4F8376419A202BDC6FE54C5D0F	000000000000000000000000000000659C93FD4F8376419C202BDC6FE54C5D0F	65
660	3	wavg2a(b2[14],b2[38])	34216456359097789841677155778552851245462	0x648d99ca0e4a40df2784fe272b9e66a996	34216456359097789841658709034479141693846	34216456359097789841695602522626560797078	000000000000000000000000000000648D99CA0E4A40DF2684FE272B9E66A996	000000000000000000000000000000648D99CA0E4A40DF2884FE272B9E66A996	65
661	3	diff_low(b3[4],b4[62])	34577511387496959057729755747662751779896	0x659d3a7556e420778bee9671795e8acc38	34577511387496959057711309003589042228280	34577511387496959057748202491736461331512	000000000000000000000000000000659D3A7556E420778AEE9671795E8ACC38	000000000000000000000000000000659D3A7556E420778CEE9671795E8ACC38	65
662	3	diff_low(b2[40],b4[62])	34577676975355007175957364547695556491460	0x659d5a59737e1c0d9f0a92dea56888f8c4	34577676975355007175938917803621846939844	34577676975355007175975811291769266043076	000000000000000000000000000000659D5A59737E1C0D9E0A92DEA56888F8C4	000000000000000000000000000000659D5A59737E1C0DA00A92DEA56888F8C4	65
663	3	wavg2a(b1[26],b1[46])	34216190634060418266403434787448020700120	0x648d669ccccb312d072f39fda0f6be8bd8	34216190634060418266384988043374311148504	34216190634060418266421881531521730251736	000000000000000000000000000000648D669CCCCB312D062F39FDA0F6BE8BD8	000000000000000000000000000000648D669CCCCB312D082F39FDA0F6BE8BD8	65
664	3	wavg2a(b3[42],b4[11])	34215868424337822826493577788448891922944	0x648d288ea256b623875b38e0747d5aea00	34215868424337822826475131044375182371328	34215868424337822826512024532522601474560	000000000000000000000000000000648D288EA256B623865B38E0747D5AEA00	000000000000000000000000000000648D288EA256B623885B38E0747D5AEA00	65
665	3	wavg2b(b2[38],b4[63])	34215742093788481934945942644281982672836	0x648d103a0ea2722dfc0ba1858cee055fc4	34215742093788481934927495900208273121220	34215742093788481934964389388355692224452	000000000000000000000000000000648D103A0EA2722DFB0BA1858CEE055FC4	000000000000000000000000000000648D103A0EA2722DFD0BA1858CEE055FC4	65
666	3	diff_low(b1[23],b4[15])	34215394934154205451290270648279684325767	0x648ccd5dc4055bac3d8ecf18aef9cfa187	34215394934154205451271823904205974774151	34215394934154205451308717392353393877383	000000000000000000000000000000648CCD5DC4055BAC3C8ECF18AEF9CFA187	000000000000000000000000000000648CCD5DC4055BAC3E8ECF18AEF9CFA187	65
667	3	wavg2a(b2[29],b4[59])	34578685494509399100765333698748183204257	0x659e1c9548d2596d53e80213c536c7d1a1	34578685494509399100746886954674473652641	34578685494509399100783780442821892755873	000000000000000000000000000000659E1C9548D2596D52E80213C536C7D1A1	000000000000000000000000000000659E1C9548D2596D54E80213C536C7D1A1	65
668	3	wavg2b(b3[17],b4[15])	34579054958625885175887602554689652584047	0x659e63bd459468bdea02a0d21fe258ee6f	34579054958625885175869155810615943032431	34579054958625885175906049298763362135663	000000000000000000000000000000659E63BD459468BDE902A0D21FE258EE6F	000000000000000000000000000000659E63BD459468BDEB02A0D21FE258EE6F	65
669	3	avg(b2[11],b4[68])	34579776487688339996360659940697034499520	0x659eeeb366b078ee98670e668641b0a5c0	34579776487688339996342213196623324947904	34579776487688339996379106684770744051136	000000000000000000000000000000659EEEB366B078EE97670E668641B0A5C0	000000000000000000000000000000659EEEB366B078EE99670E668641B0A5C0	65
670	3	diff_low(b3[48],b4[56])	34214056996811567912583970050379871420922	0x648bcbb05c9beb2ef83d2598ed303401fa	34214056996811567912565523306306161869306	34214056996811567912602416794453580972538	000000000000000000000000000000648BCBB05C9BEB2EF73D2598ED303401FA	000000000000000000000000000000648BCBB05C9BEB2EF93D2598ED303401FA	65
671	3	wavg2b(b2[5],b3[4])	34579925938521795226185810076434452646970	0x659f0b7be567d4fd5293ccb843c7fb0c3a	34579925938521795226167363332360743095354	34579925938521795226204256820508162198586	000000000000000000000000000000659F0B7BE567D4FD5193CCB843C7FB0C3A	000000000000000000000000000000659F0B7BE567D4FD5393CCB843C7FB0C3A	65
672	3	wavg2b(b1[3],b3[8])	34579991193780272114833377615504900181118	0x659f180d3a8fdc355c9e64ed8c0ee54c7e	34579991193780272114814930871431190629502	34579991193780272114851824359578609732734	000000000000000000000000000000659F180D3A8FDC355B9E64ED8C0EE54C7E	000000000000000000000000000000659F180D3A8FDC355D9E64ED8C0EE54C7E	65
673	3	wavg2b(b2[5],b2[40])	34580036330427160638337549276456322454679	0x659f20bea323d20c09fbca566123f9d497	34580036330427160638319102532382612903063	34580036330427160638355996020530032006295	000000000000000000000000000000659F20BEA323D20C08FBCA566123F9D497	000000000000000000000000000000659F20BEA323D20C0AFBCA566123F9D497	65
674	3	avg(b2[14],b2[36])	34213883180192024156748990233596471031318	0x648baa368a6f89153cff82432e7c003616	34213883180192024156730543489522761479702	34213883180192024156767436977670180582934	000000000000000000000000000000648BAA368A6F89153BFF82432E7C003616	000000000000000000000000000000648BAA368A6F89153DFF82432E7C003616	65
675	3	wavg2a(b1[22],b4[11])	34580235259838641307200759259992630235363	0x659f470e9d4f4d70a36cdb9961d9e410e3	34580235259838641307182312515918920683747	34580235259838641307219206004066339786979	000000000000000000000000000000659F470E9D4F4D70A26CDB9961D9E410E3	000000000000000000000000000000659F470E9D4F4D70A46CDB9961D9E410E3	65
676	3	avg(b2[36],b4[63])	34213347481210043226700580382893319601848	0x648b430a8ab1ae105c647cc9f777b73eb8	34213347481210043226682133638819610050232	34213347481210043226719027126967029153464	000000000000000000000000000000648B430A8AB1AE105B647CC9F777B73EB8	000000000000000000000000000000648B430A8AB1AE105D647CC9F777B73EB8	65
677	3	diff_low(b4[43],b4[72])	34213154737388832318772482525139860462155	0x648b1deb89a64f038b1d4e00ef58e41a4b	34213154737388832318754035781066150910539	34213154737388832318790929269213570013771	000000000000000000000000000000648B1DEB89A64F038A1D4E00EF58E41A4B	000000000000000000000000000000648B1DEB89A64F038C1D4E00EF58E41A4B	65
678	3	wavg2b(b2[29],b2[47])	34581222265940424884037623170158075815171	0x65a00525c5bd885ae5637368dfbcafa503	34581222265940424884019176426084366263555	34581222265940424884056069914231785366787	00000000000000000000000000000065A00525C5BD885AE4637368DFBCAFA503	00000000000000000000000000000065A00525C5BD885AE6637368DFBCAFA503	65
679	3	avg(b3[7],b3[25])	34212693704701602967466255146123907352340	0x648ac520df0ab9abad00b26994c5b8c714	34212693704701602967447808402050197800724	34212693704701602967484701890197616903956	000000000000000000000000000000648AC520DF0AB9ABAC00B26994C5B8C714	000000000000000000000000000000648AC520DF0AB9ABAE00B26994C5B8C714	65
680	3	wavg2b(b2[9],b2[26])	34212347111584450266618786742331295706247	0x648a826082e130a2e084fa394cce4cac87	34212347111584450266600339998257586154631	34212347111584450266637233486405005257863	000000000000000000000000000000648A826082E130A2DF84FA394CCE4CAC87	000000000000000000000000000000648A826082E130A2E184FA394CCE4CAC87	65
681	3	wavg2a(b4[3],b4[51])	34581583408687087131769432483695352854663	0x65a04ab37c0b8b841ab0d0012c36ebb887	34581583408687087131750985739621643303047	34581583408687087131787879227769062406279	00000000000000000000000000000065A04AB37C0B8B8419B0D0012C36EBB887	00000000000000000000000000000065A04AB37C0B8B841BB0D0012C36EBB887	65
682	3	diff_low(b1[10],b3[55])	34581817886703262669520178476820427708679	0x65a077dc24afc5d0eaa606a123237c1907	34581817886703262669501731732746718157063	34581817886703262669538625220894137260295	00000000000000000000000000000065A077DC24AFC5D0E9A606A123237C1907	00000000000000000000000000000065A077DC24AFC5D0EBA606A123237C1907	65
683	3	diff_low(b1[16],b1[44])	34581836855451771880927029199462139279697	0x65a07b835ff3d907a7b09126c6548db951	34581836855451771880908582455388429728081	34581836855451771880945475943535848831313	00000000000000000000000000000065A07B835FF3D907A6B09126C6548DB951	00000000000000000000000000000065A07B835FF3D907A8B09126C6548DB951	65
684	3	wavg2b(b1[1],b1[69])	34211822622127938632310071397320189910972	0x648a1d5d2f3d95bceda4e85ae0d3ed9fbc	34211822622127938632291624653246480359356	34211822622127938632328518141393899462588	000000000000000000000000000000648A1D5D2F3D95BCECA4E85AE0D3ED9FBC	000000000000000000000000000000648A1D5D2F3D95BCEEA4E85AE0D3ED9FBC	65
685	3	wavg2b(b1[70],b4[30])	34582617304905418228483756756254613025094	0x65a111d280f3c6e4363f1802f3fbefb146	34582617304905418228465310012180903473478	34582617304905418228502203500328322576710	00000000000000000000000000000065A111D280F3C6E4353F1802F3FBEFB146	00000000000000000000000000000065A111D280F3C6E4373F1802F3FBEFB146	65
686	3	diff_low(b1[61],b3[49])	34210526376125747293145773795425285438888	0x648923b7528695b15c7c9b7fec9cb9fda8	34210526376125747293127327051351575887272	34210526376125747293164220539498994990504	000000000000000000000000000000648923B7528695B15B7C9B7FEC9CB9FDA8	000000000000000000000000000000648923B7528695B15D7C9B7FEC9CB9FDA8	65
687	3	wavg2b(b2[27],b3[18])	34583578229033532423831319203759090266015	0x65a1cae3b897d560277c94bc7ba3876f9f	34583578229033532423812872459685380714399	34583578229033532423849765947832799817631	00000000000000000000000000000065A1CAE3B897D560267C94BC7BA3876F9F	00000000000000000000000000000065A1CAE3B897D560287C94BC7BA3876F9F	65
688	3	avg(b3[25],b4[44])	34583677191195084976270601592628065041567	0x65a1ddf2eeadb9fcd43d2d672f68c77c9f	34583677191195084976252154848554355489951	34583677191195084976289048336701774593183	00000000000000000000000000000065A1DDF2EEADB9FCD33D2D672F68C77C9F	00000000000000000000000000000065A1DDF2EEADB9FCD53D2D672F68C77C9F	65
689	3	wavg2a(b1[39],b2[23])	34210133645453869953395565851872387352910	0x6488d814348d71d5329eda5e03ff0f494e	34210133645453869953377119107798677801294	34210133645453869953414012595946096904526	0000000000000000000000000000006488D814348D71D5319EDA5E03FF0F494E	0000000000000000000000000000006488D814348D71D5339EDA5E03FF0F494E	65
690	3	avg(b3[16],b3[19])	34209354730146294922095215703575106347935	0x64884210b732d2fd0b67272312db5ae39f	34209354730146294922076768959501396796319	34209354730146294922113662447648815899551	00000000000000000000000000000064884210B732D2FD0A67272312DB5AE39F	00000000000000000000000000000064884210B732D2FD0C67272312DB5AE39F	65
691	3	wavg2b(b1[47],b2[9])	34584851571058068903487741834155965545436	0x65a2c02054779af92644df2d19ce2ffbdc	34584851571058068903469295090082255993820	34584851571058068903506188578229675097052	00000000000000000000000000000065A2C02054779AF92544DF2D19CE2FFBDC	00000000000000000000000000000065A2C02054779AF92744DF2D19CE2FFBDC	65
692	3	diff_low(b3[12],b4[8])	34208912622765037963625385283610355511261	0x6487eceb2388e8a4818d677a7829092fdd	34208912622765037963606938539536645959645	34208912622765037963643832027684065062877	0000000000000000000000000000006487ECEB2388E8A4808D677A7829092FDD	0000000000000000000000000000006487ECEB2388E8A4828D677A7829092FDD	65
693	3	diff_low(b3[56],b4[8])	34208729848576652171707868509966847144804	0x6487c9b7acf294ccff1006be37a3db7364	34208729848576652171689421765893137593188	34208729848576652171726315254040556696420	0000000000000000000000000000006487C9B7ACF294CCFE1006BE37A3DB7364	0000000000000000000000000000006487C9B7ACF294CD001006BE37A3DB7364	65
694	3	diff_low(b1[11],b3[32])	34208704457116079028168680229583216102987	0x6487c4d3c7a88e4ab639a0b657f36ece4b	34208704457116079028150233485509506551371	34208704457116079028187126973656925654603	0000000000000000000000000000006487C4D3C7A88E4AB539A0B657F36ECE4B	0000000000000000000000000000006487C4D3C7A88E4AB739A0B657F36ECE4B	65
695	3	wavg2a(b3[15],b4[63])	34585289876572494096025605888499405133955	0x65a3148a75d33e92ebdb9365302f4d9883	34585289876572494096007159144425695582339	34585289876572494096044052632573114685571	00000000000000000000000000000065A3148A75D33E92EADB9365302F4D9883	00000000000000000000000000000065A3148A75D33E92ECDB9365302F4D9883	65
696	3	wavg2b(b2[14],b3[15])	34585647009227148049391212455634839420268	0x65a3595275a725eb819841b5ff877e3d6c	34585647009227148049372765711561129868652	34585647009227148049409659199708548971884	00000000000000000000000000000065A3595275A725EB809841B5FF877E3D6C	00000000000000000000000000000065A3595275A725EB829841B5FF877E3D6C	65
697	3	wavg2a(b2[28],b3[24])	34585714236952386627268738185294604662736	0x65a366450ad705503d2df7868347e3f7d0	34585714236952386627250291441220895111120	34585714236952386627287184929368314214352	00000000000000000000000000000065A366450AD705503C2DF7868347E3F7D0	00000000000000000000000000000065A366450AD705503E2DF7868347E3F7D0	65
698	3	diff_low(b1[28],b2[26])	34207941899339000891104537848645719075026	0x648731f6c75d8fb92a31c0e8202e82a8d2	34207941899339000891086091104572009523410	34207941899339000891122984592719428626642	000000000000000000000000000000648731F6C75D8FB92931C0E8202E82A8D2	000000000000000000000000000000648731F6C75D8FB92B31C0E8202E82A8D2	65
699	3	wavg2b(b1[30],b2[29])	34207829690840480225423095826749767463319	0x64871c5a790083be5a14b140c7b4bab197	34207829690840480225404649082676057911703	34207829690840480225441542570823477014935	00000000000000000000000000000064871C5A790083BE5914B140C7B4BAB197	00000000000000000000000000000064871C5A790083BE5B14B140C7B4BAB197	65
700	3	avg(b4[50],b4[55])	34207740998177075009354224794248653134096	0x64870b459634c741e71d0ed857f96d5910	34207740998177075009335778050174943582480	34207740998177075009372671538322362685712	00000000000000000000000000000064870B459634C741E61D0ED857F96D5910	00000000000000000000000000000064870B459634C741E81D0ED857F96D5910	65
701	3	diff_low(b1[16],b3[0])	34207378680202603197344572911389464974316	0x6486c57dee70e8b115467100441b55d3ec	34207378680202603197326126167315755422700	34207378680202603197363019655463174525932	0000000000000000000000000000006486C57DEE70E8B114467100441B55D3EC	0000000000000000000000000000006486C57DEE70E8B116467100441B55D3EC	65
702	3	avg(b2[29],b3[57])	34207368112514081949261096823403336096631	0x6486c374e775b06a8847d9d15102dedb77	34207368112514081949242650079329626545015	34207368112514081949279543567477045648247	0000000000000000000000000000006486C374E775B06A8747D9D15102DEDB77	0000000000000000000000000000006486C374E775B06A8947D9D15102DEDB77	65
703	3	wavg2b(b4[35],b4[67])	34586565762870888134550884894025337592675	0x65a40a4482f33c2b74a9e599310cb4db63	34586565762870888134532438149951628041059	34586565762870888134569331638099047144291	00000000000000000000000000000065A40A4482F33C2B73A9E599310CB4DB63	00000000000000000000000000000065A40A4482F33C2B75A9E599310CB4DB63	65
704	3	avg(b2[29],b3[13])	34206454241572152989673512955185794264348	0x6486137396860d34fbd4f6240e68fa2d1c	34206454241572152989655066211112084712732	34206454241572152989691959699259503815964	0000000000000000000000000000006486137396860D34FAD4F6240E68FA2D1C	0000000000000000000000000000006486137396860D34FCD4F6240E68FA2D1C	65
705	3	wavg2a(b1[65],b3[11])	34587570103633401288416320185668913369005	0x65a4cbb2558f27c6774f65a4bc71408fad	34587570103633401288397873441595203817389	34587570103633401288434766929742622920621	00000000000000000000000000000065A4CBB2558F27C6764F65A4BC71408FAD	00000000000000000000000000000065A4CBB2558F27C6784F65A4BC71408FAD	65
706	3	wavg2a(b1[9],b1[22])	34205434362543238001979612430221947627221	0x64854f07ab6b9152073e4f4ff80cf2e6d5	34205434362543238001961165686148238075605	34205434362543238001998059174295657178837	00000000000000000000000000000064854F07AB6B9152063E4F4FF80CF2E6D5	00000000000000000000000000000064854F07AB6B9152083E4F4FF80CF2E6D5	65
707	3	wavg2b(b1[53],b4[46])	34589887522560696110218896821124182218933	0x65a68a03e8a4b57c7bad9e157781da98b5	34589887522560696110200450077050472667317	34589887522560696110237343565197891770549	00000000000000000000000000000065A68A03E8A4B57C7AAD9E157781DA98B5	00000000000000000000000000000065A68A03E8A4B57C7CAD9E157781DA98B5	65
708	3	diff_low(b2[32],b4[59])	34203759471137616884030094511084435477371	0x64840c7525d063d7b08d163d5c4d55137b	34203759471137616884011647767010725925755	34203759471137616884048541255158145028987	00000000000000000000000000000064840C7525D063D7AF8D163D5C4D55137B	00000000000000000000000000000064840C7525D063D7B18D163D5C4D55137B	65
709	3	avg(b3[44],b4[27])	34203368881739160694585976518227105559228	0x6483c13b9a82d4221633b465a6fc9632bc	34203368881739160694567529774153396007612	34203368881739160694604423262300815110844	0000000000000000000000000000006483C13B9A82D4221533B465A6FC9632BC	0000000000000000000000000000006483C13B9A82D4221733B465A6FC9632BC	65
710	3	wavg2b(b2[0],b2[46])	34203327741483729691490214297064321811629	0x6483b94f3b7c1c20c3c09b2a1c2b9784ad	34203327741483729691471767552990612260013	34203327741483729691508661041138031363245	0000000000000000000000000000006483B94F3B7C1C20C2C09B2A1C2B9784AD	0000000000000000000000000000006483B94F3B7C1C20C4C09B2A1C2B9784AD	65
711	3	wavg2a(b2[8],b4[61])	34202386064469865150402300789182370568009	0x648303f2f894588d0b67dc73fe45425749	34202386064469865150383854045108661016393	34202386064469865150420747533256080119625	000000000000000000000000000000648303F2F894588D0A67DC73FE45425749	000000000000000000000000000000648303F2F894588D0C67DC73FE45425749	65
712	3	avg(b2[34],b4[68])	34202316340222034594662474167659427821171	0x6482f6854cd8ea45d2c702062056047673	34202316340222034594644027423585718269555	34202316340222034594680920911733137372787	0000000000000000000000000000006482F6854CD8EA45D1C702062056047673	0000000000000000000000000000006482F6854CD8EA45D3C702062056047673	65
713	3	diff_low(b1[1],b1[14])	34591693790909511793499857229306053564061	0x65a7e5e3d0661dfd305712a41ca2ec969d	34591693790909511793481410485232344012445	34591693790909511793518303973379763115677	00000000000000000000000000000065A7E5E3D0661DFD2F5712A41CA2EC969D	00000000000000000000000000000065A7E5E3D0661DFD315712A41CA2EC969D	65
714	3	avg(b2[40],b2[46])	34202123950168796144733626065499195375626	0x6482d177bcfb8361d33e59168504ff000a	34202123950168796144715179321425485824010	34202123950168796144752072809572904927242	0000000000000000000000000000006482D177BCFB8361D23E59168504FF000A	0000000000000000000000000000006482D177BCFB8361D43E59168504FF000A	65
715	3	avg(b2[46],b3[4])	34202041156239772085619821665482793019844	0x6482c185aeae8596c9b05adfeeffffe9c4	34202041156239772085601374921409083468228	34202041156239772085638268409556502571460	0000000000000000000000000000006482C185AEAE8596C8B05ADFEEFFFFE9C4	0000000000000000000000000000006482C185AEAE8596CAB05ADFEEFFFFE9C4	65
716	3	diff_low(b4[42],b4[69])	34591950453752361721082564627698375934566	0x65a8175244eb6e318f83651d4ad7b34266	34591950453752361721064117883624666382950	34591950453752361721101011371772085486182	00000000000000000000000000000065A8175244EB6E318E83651D4AD7B34266	00000000000000000000000000000065A8175244EB6E319083651D4AD7B34266	65
717	3	wavg2b(b1[31],b1[70])	34201721131710436278998521046807199449941	0x648283e3413e459a247afb4ac834118355	34201721131710436278980074302733489898325	34201721131710436279016967790880909001557	000000000000000000000000000000648283E3413E459A237AFB4AC834118355	000000000000000000000000000000648283E3413E459A257AFB4AC834118355	65
718	3	diff_low(b1[61],b2[33])	34593110484205719838664816943589322205882	0x65a8f6bc2fb22b20b0c5ef33f89d352aba	34593110484205719838646370199515612654266	34593110484205719838683263687663031757498	00000000000000000000000000000065A8F6BC2FB22B20AFC5EF33F89D352ABA	00000000000000000000000000000065A8F6BC2FB22B20B1C5EF33F89D352ABA	65
719	3	avg(b1[55],b3[22])	34200671703383149029611692119641414298636	0x6481b9c6718f41a2ce85857dc1e15dec0c	34200671703383149029593245375567704747020	34200671703383149029630138863715123850252	0000000000000000000000000000006481B9C6718F41A2CD85857DC1E15DEC0C	0000000000000000000000000000006481B9C6718F41A2CF85857DC1E15DEC0C	65
720	3	wavg2a(b4[6],b4[52])	34200504943578213241333719179910931309234	0x648199a88ce8a5a090b5e4b395675c62b2	34200504943578213241315272435837221757618	34200504943578213241352165923984640860850	000000000000000000000000000000648199A88CE8A5A08FB5E4B395675C62B2	000000000000000000000000000000648199A88CE8A5A091B5E4B395675C62B2	65
721	3	wavg2a(b1[13],b4[61])	34593512770679378975048981977731756731667	0x65a9443670d8224a20e0491de52ed42d13	34593512770679378975030535233658047180051	34593512770679378975067428721805466283283	00000000000000000000000000000065A9443670D8224A1FE0491DE52ED42D13	00000000000000000000000000000065A9443670D8224A21E0491DE52ED42D13	65
722	3	avg(b1[22],b3[16])	34593521745371807566145860013053018468021	0x65a945f0ed635ed8b8a19a8105b3c16eb5	34593521745371807566127413268979308916405	34593521745371807566164306757126728019637	00000000000000000000000000000065A945F0ED635ED8B7A19A8105B3C16EB5	00000000000000000000000000000065A945F0ED635ED8B9A19A8105B3C16EB5	65
723	3	wavg2b(b1[56],b3[35])	34594290111213854786023791705858082776637	0x65a9d9ec49c47049efb467d55bf4daa63d	34594290111213854786005344961784373225021	34594290111213854786042238449931792328253	00000000000000000000000000000065A9D9EC49C47049EEB467D55BF4DAA63D	00000000000000000000000000000065A9D9EC49C47049F0B467D55BF4DAA63D	65
724	3	wavg2b(b1[63],b3[44])	34199575847686500768207994870393684316115	0x6480e6b896170a66f7d694357e3af74fd3	34199575847686500768189548126319974764499	34199575847686500768226441614467393867731	0000000000000000000000000000006480E6B896170A66F6D694357E3AF74FD3	0000000000000000000000000000006480E6B896170A66F8D694357E3AF74FD3	65
725	3	avg(b2[1],b4[6])	34594662474167659427821171503037821366694	0x65aa21a332ff0c7797fb3bc37422d231a6	34594662474167659427802724758964111815078	34594662474167659427839618247111530918310	00000000000000000000000000000065AA21A332FF0C7796FB3BC37422D231A6	00000000000000000000000000000065AA21A332FF0C7798FB3BC37422D231A6	65
726	3	diff_low(b1[20],b2[34])	34199064171003531183432984707950299893903	0x6480842cfa639a850dc51e4c4ae940d08f	34199064171003531183414537963876590342287	34199064171003531183451431452024009445519	0000000000000000000000000000006480842CFA639A850CC51E4C4AE940D08F	0000000000000000000000000000006480842CFA639A850EC51E4C4AE940D08F	65
727	3	wavg2a(b1[50],b4[48])	34595845650811209633814550276107465396059	0x65ab05824fc3eec307c487e9a1ec740f5b	34595845650811209633796103532033755844443	34595845650811209633832997020181174947675	00000000000000000000000000000065AB05824FC3EEC306C487E9A1EC740F5B	00000000000000000000000000000065AB05824FC3EEC308C487E9A1EC740F5B	65
728	3	avg(b4[17],b4[35])	34197829765537758933245093693388023637698	0x647f967016fa963971de4779c804c7a6c2	34197829765537758933226646949314314086082	34197829765537758933263540437461733189314	000000000000000000000000000000647F967016FA963970DE4779C804C7A6C2	000000000000000000000000000000647F967016FA963972DE4779C804C7A6C2	65
729	3	wavg2b(b1[60],b2[29])	34197290798485735965874255222529631778618	0x647f2ea2f664e7f77a52e57f3fcce8f73a	34197290798485735965855808478455922227002	34197290798485735965892701966603341330234	000000000000000000000000000000647F2EA2F664E7F77952E57F3FCCE8F73A	000000000000000000000000000000647F2EA2F664E7F77B52E57F3FCCE8F73A	65
730	3	diff_low(b1[37],b3[29])	34596933999833579065510278071299839227508	0x65abd71e0faf61cc131e68cbf883fdf674	34596933999833579065491831327226129675892	34596933999833579065528724815373548779124	00000000000000000000000000000065ABD71E0FAF61CC121E68CBF883FDF674	00000000000000000000000000000065ABD71E0FAF61CC141E68CBF883FDF674	65
731	3	wavg2b(b1[9],b3[20])	34195718610996815073257111405134869097426	0x647dffd82276922d24e432fc0b780aebd2	34195718610996815073238664661061159545810	34195718610996815073275558149208578649042	000000000000000000000000000000647DFFD82276922D23E432FC0B780AEBD2	000000000000000000000000000000647DFFD82276922D25E432FC0B780AEBD2	65
732	3	diff_low(b1[5],b1[68])	34194927670126439353686524743789283179511	0x647d6783bd2adf90532fbe5bd785e8fbf7	34194927670126439353668077999715573627895	34194927670126439353704971487862992731127	000000000000000000000000000000647D6783BD2ADF90522FBE5BD785E8FBF7	000000000000000000000000000000647D6783BD2ADF90542FBE5BD785E8FBF7	65
733	3	wavg2a(b1[2],b4[61])	34599840592968800535082156776711389996303	0x65ae06e82ac0d4b7b26986887edddc650f	34599840592968800535063710032637680444687	34599840592968800535100603520785099547919	00000000000000000000000000000065AE06E82AC0D4B7B16986887EDDDC650F	00000000000000000000000000000065AE06E82AC0D4B7B36986887EDDDC650F	65
734	3	diff_low(b1[56],b2[4])	34193915159798703265882046829338318626122	0x647ca4832026068f527ca5c78734b45d4a	34193915159798703265863600085264609074506	34193915159798703265900493573412028177738	000000000000000000000000000000647CA4832026068F517CA5C78734B45D4A	000000000000000000000000000000647CA4832026068F537CA5C78734B45D4A	65
735	3	avg(b1[42],b3[20])	34600013024687899335839196999759646392990	0x65ae281db506886f67ca5910dbbdab829e	34600013024687899335820750255685936841374	34600013024687899335857643743833355944606	00000000000000000000000000000065AE281DB506886F66CA5910DBBDAB829E	00000000000000000000000000000065AE281DB506886F68CA5910DBBDAB829E	65
736	3	wavg2b(b1[3],b1[11])	34193828175118727675036384450758908771912	0x647c93c27322659f1d00e14c5c1752fe48	34193828175118727675017937706685199220296	34193828175118727675054831194832618323528	000000000000000000000000000000647C93C27322659F1C00E14C5C1752FE48	000000000000000000000000000000647C93C27322659F1E00E14C5C1752FE48	65
737	3	diff_low(b1[71],b3[7])	34600241111076600568826341635417003088995	0x65ae540b3bfc89543ca14750cc0cd15c63	34600241111076600568807894891343293537379	34600241111076600568844788379490712640611	00000000000000000000000000000065AE540B3BFC89543BA14750CC0CD15C63	00000000000000000000000000000065AE540B3BFC89543DA14750CC0CD15C63	65
738	3	wavg2a(b1[68],b4[27])	34601058740690158181509612763475348829342	0x65aef1837c94716910af4c7b044674349e	34601058740690158181491166019401639277726	34601058740690158181528059507549058380958	00000000000000000000000000000065AEF1837C9471690FAF4C7B044674349E	00000000000000000000000000000065AEF1837C94716911AF4C7B044674349E	65
739	3	wavg2b(b2[3],b2[5])	34192194342811754444189911694788370151568	0x647b59184c363a93fe0cdeb5c1c0b4b890	34192194342811754444171464950714660599952	34192194342811754444208358438862079703184	000000000000000000000000000000647B59184C363A93FD0CDEB5C1C0B4B890	000000000000000000000000000000647B59184C363A93FF0CDEB5C1C0B4B890	65
740	3	avg(b4[43],b4[63])	34602180155918071039712645261966451042584	0x65afc97d86b060a95e7bba53f1c8e26918	34602180155918071039694198517892741490968	34602180155918071039731092006040160594200	00000000000000000000000000000065AFC97D86B060A95D7BBA53F1C8E26918	00000000000000000000000000000065AFC97D86B060A95F7BBA53F1C8E26918	65
741	3	wavg2a(b1[20],b1[50])	34191702910203149235881873106326750898887	0x647afa72cca6f3fd559f06a720a2262ac7	34191702910203149235863426362253041347271	34191702910203149235900319850400460450503	000000000000000000000000000000647AFA72CCA6F3FD549F06A720A2262AC7	000000000000000000000000000000647AFA72CCA6F3FD569F06A720A2262AC7	65
742	3	wavg2b(b2[23],b4[50])	34602372232346035999447713541385023330612	0x65afee7ba00bddb6e89697eb358fd71934	34602372232346035999429266797311313778996	34602372232346035999466160285458732882228	00000000000000000000000000000065AFEE7BA00BDDB6E79697EB358FD71934	00000000000000000000000000000065AFEE7BA00BDDB6E99697EB358FD71934	65
743	3	wavg2b(b1[60],b4[41])	34602700892544302983493008368267355752718	0x65b02dc7d2f359ff74a7b98b983514090e	34602700892544302983474561624193646201102	34602700892544302983511455112341065304334	00000000000000000000000000000065B02DC7D2F359FF73A7B98B983514090E	00000000000000000000000000000065B02DC7D2F359FF75A7B98B983514090E	65
744	3	avg(b2[14],b4[43])	34602715854900051969761055112669602472053	0x65b030a9866e3bae3f16bfcd28cd2b6075	34602715854900051969742608368595892920437	34602715854900051969779501856743312023669	00000000000000000000000000000065B030A9866E3BAE3E16BFCD28CD2B6075	00000000000000000000000000000065B030A9866E3BAE4016BFCD28CD2B6075	65
745	3	wavg2b(b1[37],b2[28])	34189960178454320010425437964286823429987	0x6479aacf7d887bd25b34f4636b93aef763	34189960178454320010406991220213113878371	34189960178454320010443884708360532981603	0000000000000000000000000000006479AACF7D887BD25A34F4636B93AEF763	0000000000000000000000000000006479AACF7D887BD25C34F4636B93AEF763	65
746	3	avg(b1[16],b1[26])	34189792271964735550589063351522935848935	0x64798a790faff1b83b585575a8e8663fe7	34189792271964735550570616607449226297319	34189792271964735550607510095596645400551	00000000000000000000000000000064798A790FAFF1B83A585575A8E8663FE7	00000000000000000000000000000064798A790FAFF1B83C585575A8E8663FE7	65
747	3	avg(b2[4],b4[27])	34604509205584305820901097990369127973358	0x65b18a0c8a564f2c2cce3bc61743bc41ee	34604509205584305820882651246295418421742	34604509205584305820919544734442837524974	00000000000000000000000000000065B18A0C8A564F2C2BCE3BC61743BC41EE	00000000000000000000000000000065B18A0C8A564F2C2DCE3BC61743BC41EE	65
748	3	avg(b2[28],b3[55])	34605156482105470039945302070694847430412	0x65b206b5bc9da2fbeaadc5ba395ff3bf0c	34605156482105470039926855326621137878796	34605156482105470039963748814768556982028	00000000000000000000000000000065B206B5BC9DA2FBE9ADC5BA395FF3BF0C	00000000000000000000000000000065B206B5BC9DA2FBEBADC5BA395FF3BF0C	65
749	3	avg(b1[19],b3[27])	34188634763358550053382917627823143751622	0x6478ab8b7b18e5cc7e05082414a6d78fc6	34188634763358550053364470883749434200006	34188634763358550053401364371896853303238	0000000000000000000000000000006478AB8B7B18E5CC7D05082414A6D78FC6	0000000000000000000000000000006478AB8B7B18E5CC7F05082414A6D78FC6	65
750	3	wavg2a(b2[0],b3[31])	34605534168312509653845232172304184796140	0x65b24f731abf1ed76d1aea554d45d263ec	34605534168312509653826785428230475244524	34605534168312509653863678916377894347756	00000000000000000000000000000065B24F731ABF1ED76C1AEA554D45D263EC	00000000000000000000000000000065B24F731ABF1ED76E1AEA554D45D263EC	65
751	3	wavg2a(b1[3],b1[31])	34605622706855606812521663378368055549362	0x65b26080644548807a1190ec68afa51db2	34605622706855606812503216634294345997746	34605622706855606812540110122441765100978	00000000000000000000000000000065B2608064454880791190EC68AFA51DB2	00000000000000000000000000000065B26080644548807B1190EC68AFA51DB2	65
752	3	wavg2a(b2[41],b4[62])	34188005211056611996785061494552734762444	0x6478324c27eaa6822dace720317e8485cc	34188005211056611996766614750479025210828	34188005211056611996803508238626444314060	0000000000000000000000000000006478324C27EAA6822CACE720317E8485CC	0000000000000000000000000000006478324C27EAA6822EACE720317E8485CC	65
753	3	wavg2b(b1[68],b4[13])	34187890663158920801532808355408925427123	0x64781c3c822f33a4e22cd9341d1fb405b3	34187890663158920801514361611335215875507	34187890663158920801551255099482634978739	00000000000000000000000000000064781C3C822F33A4E12CD9341D1FB405B3	00000000000000000000000000000064781C3C822F33A4E32CD9341D1FB405B3	65
754	3	wavg2b(b2[2],b4[20])	34606513789970510113500693712798084192359	0x65b30c1e2e649ddfd2ceddfa668be35867	34606513789970510113482246968724374640743	34606513789970510113519140456871793743975	00000000000000000000000000000065B30C1E2E649DDFD1CEDDFA668BE35867	00000000000000000000000000000065B30C1E2E649DDFD3CEDDFA668BE35867	65
755	3	wavg2a(b3[5],b4[62])	34186901292002957875267669494334036685347	0x64775db0be92c3ef039cfef30be690b223	34186901292002957875249222750260327133731	34186901292002957875286116238407746236963	00000000000000000000000000000064775DB0BE92C3EF029CFEF30BE690B223	00000000000000000000000000000064775DB0BE92C3EF049CFEF30BE690B223	65
756	3	avg(b1[11],b4[62])	34186799437017678443300372777854159126183	0x64774a12e7eb48e9daf889c4852f597ea7	34186799437017678443281926033780449574567	34186799437017678443318819521927868677799	00000000000000000000000000000064774A12E7EB48E9D9F889C4852F597EA7	00000000000000000000000000000064774A12E7EB48E9DBF889C4852F597EA7	65
757	3	wavg2a(b3[8],b4[48])	34186438036318776242140396021320366641424	0x6477047879cca1e5ff388fe53c21df5110	34186438036318776242121949277246657089808	34186438036318776242158842765394076193040	0000000000000000000000000000006477047879CCA1E5FE388FE53C21DF5110	0000000000000000000000000000006477047879CCA1E600388FE53C21DF5110	65
758	3	wavg2a(b3[38],b4[25])	34186368487095266302280846657462496631050	0x6476f7136f2f485be36f7dcd88caab990a	34186368487095266302262399913388787079434	34186368487095266302299293401536206182666	0000000000000000000000000000006476F7136F2F485BE26F7DCD88CAAB990A	0000000000000000000000000000006476F7136F2F485BE46F7DCD88CAAB990A	65
759	3	avg(b2[1],b3[20])	34185798795195402169494003885219561566439	0x6476895b747fe03f5aa5559e9f706f70e7	34185798795195402169475557141145852014823	34185798795195402169512450629293271118055	0000000000000000000000000000006476895B747FE03F59A5559E9F706F70E7	0000000000000000000000000000006476895B747FE03F5BA5559E9F706F70E7	65
760	3	wavg2a(b1[65],b4[8])	34608182537415836421484740363998581637928	0x65b44d81c85163309741eca66c06224328	34608182537415836421466293619924872086312	34608182537415836421503187108072291189544	00000000000000000000000000000065B44D81C85163309641ECA66C06224328	00000000000000000000000000000065B44D81C85163309841ECA66C06224328	65
761	3	wavg2a(b3[39],b4[34])	34608428977139581115254889425833853998315	0x65b47cf832ef4fb97a2406614f150454eb	34608428977139581115236442681760144446699	34608428977139581115273336169907563549931	00000000000000000000000000000065B47CF832EF4FB9792406614F150454EB	00000000000000000000000000000065B47CF832EF4FB97B2406614F150454EB	65
762	3	wavg2b(b2[11],b4[40])	34608585501184216696973882881036676355497	0x65b49b1d6e20a0a9966fbe76f85c19d5a9	34608585501184216696955436136962966803881	34608585501184216696992329625110385907113	00000000000000000000000000000065B49B1D6E20A0A9956FBE76F85C19D5A9	00000000000000000000000000000065B49B1D6E20A0A9976FBE76F85C19D5A9	65
763	3	avg(b3[39],b3[52])	34185321080420156313301445969133940109362	0x64762d5a4c56c2bf8aab2ce3c23f7df032	34185321080420156313282999225060230557746	34185321080420156313319892713207649660978	00000000000000000000000000000064762D5A4C56C2BF89AB2CE3C23F7DF032	00000000000000000000000000000064762D5A4C56C2BF8BAB2CE3C23F7DF032	65
764	3	wavg2b(b1[46],b4[23])	34608653253824555801981143065316369368195	0x65b4a829e4acaa72c41267c2edc1b40483	34608653253824555801962696321242659816579	34608653253824555801999589809390078919811	00000000000000000000000000000065B4A829E4ACAA72C31267C2EDC1B40483	00000000000000000000000000000065B4A829E4ACAA72C51267C2EDC1B40483	65
765	3	avg(b1[43],b2[23])	34185005893779087513710077900447351174338	0x6475f0a665a296ed6328f6b0cb992df4c2	34185005893779087513691631156373641622722	34185005893779087513728524644521060725954	0000000000000000000000000000006475F0A665A296ED6228F6B0CB992DF4C2	0000000000000000000000000000006475F0A665A296ED6428F6B0CB992DF4C2	65
766	3	wavg2b(b1[8],b4[18])	34184649193774375167061074060002050861398	0x6475abf3ba9e0b4cefdc9be4c196826956	34184649193774375167042627315928341309782	34184649193774375167079520804075760413014	0000000000000000000000000000006475ABF3BA9E0B4CEEDC9BE4C196826956	0000000000000000000000000000006475ABF3BA9E0B4CF0DC9BE4C196826956	65
767	3	wavg2b(b2[39],b3[0])	34184435462560549068328095758308620093076	0x647582c9f76fb4ed116ec9507d8137c694	34184435462560549068309649014234910541460	34184435462560549068346542502382329644692	000000000000000000000000000000647582C9F76FB4ED106EC9507D8137C694	000000000000000000000000000000647582C9F76FB4ED126EC9507D8137C694	65
768	3	wavg2a(b3[0],b3[3])	34184429942965280797720508798307526602691	0x647581b9d45981df88432fd5626fd16fc3	34184429942965280797702062054233817051075	34184429942965280797738955542381236154307	000000000000000000000000000000647581B9D45981DF87432FD5626FD16FC3	000000000000000000000000000000647581B9D45981DF89432FD5626FD16FC3	65
769	3	diff_low(b2[38],b2[43])	34184381512772173240630851543298020787561	0x64757866095fc11a4946d928e0407cc569	34184381512772173240612404799224311235945	34184381512772173240649298287371730339177	00000000000000000000000000000064757866095FC11A4846D928E0407CC569	00000000000000000000000000000064757866095FC11A4A46D928E0407CC569	65
770	3	wavg2b(b3[15],b4[53])	34183676740965440429728753677529112987227	0x6474f0aa1a912dc08b3bf14c2e8c79465b	34183676740965440429710306933455403435611	34183676740965440429747200421602822538843	0000000000000000000000000000006474F0AA1A912DC08A3BF14C2E8C79465B	0000000000000000000000000000006474F0AA1A912DC08C3BF14C2E8C79465B	65
771	3	avg(b3[25],b4[26])	34610717695940308848393296383428692197335	0x65b635c2bf7e6b525ae72ee1053706bfd7	34610717695940308848374849639354982645719	34610717695940308848411743127502401748951	00000000000000000000000000000065B635C2BF7E6B5259E72EE1053706BFD7	00000000000000000000000000000065B635C2BF7E6B525BE72EE1053706BFD7	65
772	3	wavg2a(b1[10],b3[42])	34183080479754366577571607215290452656282	0x64747dd428071412ae15b1edc54a49c09a	34183080479754366577553160471216743104666	34183080479754366577590053959364162207898	00000000000000000000000000000064747DD428071412AD15B1EDC54A49C09A	00000000000000000000000000000064747DD428071412AF15B1EDC54A49C09A	65
773	3	diff_low(b2[33],b4[76])	34182871901857103162606735313194909693863	0x647455a878d89cb2eb55953a4b4437f7a7	34182871901857103162588288569121200142247	34182871901857103162625182057268619245479	000000000000000000000000000000647455A878D89CB2EA55953A4B4437F7A7	000000000000000000000000000000647455A878D89CB2EC55953A4B4437F7A7	65
774	3	diff_low(b1[32],b3[23])	34611296907415357608644842109117298511527	0x65b6a550141c33e5dd67261277ff420ea7	34611296907415357608626395365043588959911	34611296907415357608663288853191008063143	00000000000000000000000000000065B6A550141C33E5DC67261277FF420EA7	00000000000000000000000000000065B6A550141C33E5DE67261277FF420EA7	65
775	3	wavg2b(b1[17],b1[54])	34182224698513117473870068562395947506055	0x6473d902e231803fbf69d01cbff7de9987	34182224698513117473851621818322237954439	34182224698513117473888515306469657057671	0000000000000000000000000000006473D902E231803FBE69D01CBFF7DE9987	0000000000000000000000000000006473D902E231803FC069D01CBFF7DE9987	65
776	3	diff_low(b2[40],b4[71])	34611752653356376401549013493066126169483	0x65b6fd16169978610922e0afe34f75958b	34611752653356376401530566748992416617867	34611752653356376401567460237139835721099	00000000000000000000000000000065B6FD16169978610822E0AFE34F75958B	00000000000000000000000000000065B6FD16169978610A22E0AFE34F75958B	65
777	3	wavg2a(b1[7],b3[25])	34182019202631909159850416170771957125414	0x6473b16f2786013b4b1c37e45cc8cf9126	34182019202631909159831969426698247573798	34182019202631909159868862914845666677030	0000000000000000000000000000006473B16F2786013B4A1C37E45CC8CF9126	0000000000000000000000000000006473B16F2786013B4C1C37E45CC8CF9126	65
778	3	diff_low(b3[4],b4[71])	34611918241214424519776622293098930881047	0x65b71cfa333373f71c3edd1d0f5973c217	34611918241214424519758175549025221329431	34611918241214424519795069037172640432663	00000000000000000000000000000065B71CFA333373F71B3EDD1D0F5973C217	00000000000000000000000000000065B71CFA333373F71D3EDD1D0F5973C217	65
779	3	wavg2a(b2[10],b2[36])	34611979121802440459831294080670576179393	0x65b728b3d840db943ee9681e241f7c78c1	34611979121802440459812847336596866627777	34611979121802440459849740824744285731009	00000000000000000000000000000065B728B3D840DB943DE9681E241F7C78C1	00000000000000000000000000000065B728B3D840DB943FE9681E241F7C78C1	65
780	3	avg(b1[69],b3[45])	34181671523293975893877978770845935217453	0x64736e793d53d58fc22ec83e68892e2b2d	34181671523293975893859532026772225665837	34181671523293975893896425514919644769069	00000000000000000000000000000064736E793D53D58FC12EC83E68892E2B2D	00000000000000000000000000000064736E793D53D58FC32EC83E68892E2B2D	65
781	3	wavg2b(b1[24],b4[41])	34181596715184972526594840046903352333231	0x64736010ea3f0038f8912b117dd3c393af	34181596715184972526576393302829642781615	34181596715184972526613286790977061884847	00000000000000000000000000000064736010EA3F0038F7912B117DD3C393AF	00000000000000000000000000000064736010EA3F0038F9912B117DD3C393AF	65
782	3	wavg2b(b1[1],b1[26])	34612463728098131677037190246979680238198	0x65b78608c7a1807e68f990c641dd027a76	34612463728098131677018743502905970686582	34612463728098131677055636991053389789814	00000000000000000000000000000065B78608C7A1807E67F990C641DD027A76	00000000000000000000000000000065B78608C7A1807E69F990C641DD027A76	65
783	3	wavg2a(b2[9],b4[37])	34612669879423060617442043346026565892242	0x65b7adbcd329e1d53cb8aabf18aa2a7892	34612669879423060617423596601952856340626	34612669879423060617460490090100275443858	00000000000000000000000000000065B7ADBCD329E1D53BB8AABF18AA2A7892	00000000000000000000000000000065B7ADBCD329E1D53DB8AABF18AA2A7892	65
784	3	wavg2b(b1[30],b4[41])	34613239784899047243041848972487491437419	0x65b81b7f558ef5c65469854d201ce5c36b	34613239784899047243023402228413781885803	34613239784899047243060295716561200989035	00000000000000000000000000000065B81B7F558EF5C65369854D201CE5C36B	00000000000000000000000000000065B81B7F558EF5C65569854D201CE5C36B	65
785	3	wavg2a(b1[23],b3[20])	34180263436033040823676570218448878509626	0x64725f492d77812cde954587a342371e3a	34180263436033040823658123474375168958010	34180263436033040823695016962522588061242	00000000000000000000000000000064725F492D77812CDD954587A342371E3A	00000000000000000000000000000064725F492D77812CDF954587A342371E3A	65
786	3	diff_low(b1[48],b1[63])	34179846966799527906402303676573974890890	0x64720f13a8b8da786eaad9320ef2a9898a	34179846966799527906383856932500265339274	34179846966799527906420750420647684442506	00000000000000000000000000000064720F13A8B8DA786DAAD9320EF2A9898A	00000000000000000000000000000064720F13A8B8DA786FAAD9320EF2A9898A	65
787	3	diff_low(b1[40],b4[26])	34614691939779906693832027259541054804027	0x65b9332c18fad4f6d2c29fe6d4ab6fd03b	34614691939779906693813580515467345252411	34614691939779906693850474003614764355643	00000000000000000000000000000065B9332C18FAD4F6D1C29FE6D4AB6FD03B	00000000000000000000000000000065B9332C18FAD4F6D3C29FE6D4AB6FD03B	65
788	3	diff_low(b3[39],b4[52])	34614930877632758794888495778918638554447	0x65b96130a4ac9145321ec4345691b40d4f	34614930877632758794870049034844929002831	34614930877632758794906942522992348106063	00000000000000000000000000000065B96130A4AC9145311EC4345691B40D4F	00000000000000000000000000000065B96130A4AC9145331EC4345691B40D4F	65
789	3	diff_low(b3[28],b4[34])	34614993616689121094680326251021206054971	0x65b96d45eae512094f4895ca8123f8683b	34614993616689121094661879506947496503355	34614993616689121094698772995094915606587	00000000000000000000000000000065B96D45EAE512094E4895CA8123F8683B	00000000000000000000000000000065B96D45EAE51209504895CA8123F8683B	65
790	3	avg(b2[6],b3[42])	34614995280189675063420908630735164267775	0x65b96d97ef39414022b75cae421de7dcff	34614995280189675063402461886661454716159	34614995280189675063439355374808873819391	00000000000000000000000000000065B96D97EF39414021B75CAE421DE7DCFF	00000000000000000000000000000065B96D97EF39414023B75CAE421DE7DCFF	65
791	3	diff_low(b2[13],b4[50])	34615007599813808028548633994188369996734	0x65b96ff756bdbdfaccbcc358d44f04abbe	34615007599813808028530187250114660445118	34615007599813808028567080738262079548350	00000000000000000000000000000065B96FF756BDBDFACBBCC358D44F04ABBE	00000000000000000000000000000065B96FF756BDBDFACDBCC358D44F04ABBE	65
792	3	avg(b4[10],b4[47])	34178835770202008910904395348823633140473	0x64714c53d14f472b9c934ea93c20e59af9	34178835770202008910885948604749923588857	34178835770202008910922842092897342692089	00000000000000000000000000000064714C53D14F472B9B934EA93C20E59AF9	00000000000000000000000000000064714C53D14F472B9D934EA93C20E59AF9	65
793	3	diff_low(b1[4],b1[64])	34615108434674956010385641480019873344172	0x65b98362e19e61111966dfd01fe6b3aaac	34615108434674956010367194735946163792556	34615108434674956010404088224093582895788	00000000000000000000000000000065B98362E19E61111866DFD01FE6B3AAAC	00000000000000000000000000000065B98362E19E61111A66DFD01FE6B3AAAC	65
794	3	wavg2b(b1[71],b3[42])	34615365317106982541836099362901082648400	0x65b9b4dc29be96e273669f156137922f50	34615365317106982541817652618827373096784	34615365317106982541854546106974792200016	00000000000000000000000000000065B9B4DC29BE96E272669F156137922F50	00000000000000000000000000000065B9B4DC29BE96E274669F156137922F50	65
795	3	wavg2b(b1[25],b1[44])	34178527896743710712278714328448146618022	0x647111087bf3173f556fe142c32e5436a6	34178527896743710712260267584374437066406	34178527896743710712297161072521856169638	000000000000000000000000000000647111087BF3173F546FE142C32E5436A6	000000000000000000000000000000647111087BF3173F566FE142C32E5436A6	65
796	3	wavg2b(b2[31],b4[18])	34615465681786974366373304111415211335327	0x65b9c8308619f935e988565938d7441e9f	34615465681786974366354857367341501783711	34615465681786974366391750855488920886943	00000000000000000000000000000065B9C8308619F935E888565938D7441E9F	00000000000000000000000000000065B9C8308619F935EA88565938D7441E9F	65
797	3	wavg2a(b2[0],b2[19])	34616469072167330881643801312226153824190	0x65ba896f7d3386540cffbb812ad8df7fbe	34616469072167330881625354568152444272574	34616469072167330881662248056299863375806	00000000000000000000000000000065BA896F7D3386540BFFBB812AD8DF7FBE	00000000000000000000000000000065BA896F7D3386540DFFBB812AD8DF7FBE	65
798	3	wavg2b(b1[7],b2[15])	34177302722001684274016411299988682088043	0x64702512b4a71d520eae978ad76b049e6b	34177302722001684273997964555914972536427	34177302722001684274034858044062391639659	00000000000000000000000000000064702512B4A71D520DAE978AD76B049E6B	00000000000000000000000000000064702512B4A71D520FAE978AD76B049E6B	65
799	3	wavg2b(b3[1],b3[20])	34616712633823511106302809724707573680196	0x65bab858017f97ea9e233f3ddcf6014844	34616712633823511106284362980633864128580	34616712633823511106321256468781283231812	00000000000000000000000000000065BAB858017F97EA9D233F3DDCF6014844	00000000000000000000000000000065BAB858017F97EA9F233F3DDCF6014844	65
800	3	wavg2b(b4[16],b4[17])	34617072709228692939926555629190836233282	0x65bafdb1180f478157eaefc8264739a442	34617072709228692939908108885117126681666	34617072709228692939945002373264545784898	00000000000000000000000000000065BAFDB1180F478156EAEFC8264739A442	00000000000000000000000000000065BAFDB1180F478158EAEFC8264739A442	65
801	3	wavg2b(b1[48],b4[48])	34617195419055034129272571293840343697320	0x65bb155327d08eaf9741f4b28992ee07a8	34617195419055034129254124549766634145704	34617195419055034129291018037914053248936	00000000000000000000000000000065BB155327D08EAF9641F4B28992EE07A8	00000000000000000000000000000065BB155327D08EAF9841F4B28992EE07A8	65
802	3	wavg2b(b1[20],b3[52])	34617256841227941180691705593369677651055	0x65bb212780a1204757426392128beddc6f	34617256841227941180673258849295968099439	34617256841227941180710152337443387202671	00000000000000000000000000000065BB212780A1204756426392128BEDDC6F	00000000000000000000000000000065BB212780A1204758426392128BEDDC6F	65
803	3	wavg2b(b1[74],b3[22])	34176132307117497142421755140938134038708	0x646f43a8cbeeb23a636b0b3420ca09a8b4	34176132307117497142403308396864424487092	34176132307117497142440201885011843590324	000000000000000000000000000000646F43A8CBEEB23A626B0B3420CA09A8B4	000000000000000000000000000000646F43A8CBEEB23A646B0B3420CA09A8B4	65
804	3	diff_low(b4[17],b4[41])	34617902730076361229825027112296985346174	0x65bb9d8c4803fd8b682ee7a8678e3f407e	34617902730076361229806580368223275794558	34617902730076361229843473856370694897790	00000000000000000000000000000065BB9D8C4803FD8B672EE7A8678E3F407E	00000000000000000000000000000065BB9D8C4803FD8B692EE7A8678E3F407E	65
805	3	avg(b1[2],b3[55])	34175533926792572586344015978618266693586	0x646ed06a5e6a73743c96a306477e69afd2	34175533926792572586325569234544557141970	34175533926792572586362462722691976245202	000000000000000000000000000000646ED06A5E6A73743B96A306477E69AFD2	000000000000000000000000000000646ED06A5E6A73743D96A306477E69AFD2	65
806	3	avg(b1[46],b2[44])	34619111649103963541733383813021112661169	0x65bc86609759d0a2afc25822bebc0af4b1	34619111649103963541714937068947403109553	34619111649103963541751830557094822212785	00000000000000000000000000000065BC86609759D0A2AEC25822BEBC0AF4B1	00000000000000000000000000000065BC86609759D0A2B0C25822BEBC0AF4B1	65
