puzzle,idx,frac_target,anchor,d,d_bits,band_frac,offset_from_anchor,is_true_d,k_bits,rx_match,ry_match,lined_up,formula_roundtrip
130,0,0.58,1017341681030975397897345023959709515776,1017341681030975397897345023959709515776,130,0.494849,0,False,256,False,False,False,True
130,1,0.58,1017341681030975397897345023959709515776,1017341681030975397897345023959709599662,130,0.494849,83886,False,255,False,False,False,True
130,2,0.58,1017341681030975397897345023959709515776,1017341681030975397897345023959709431890,130,0.494849,-83886,False,256,False,False,False,True
130,3,0.58,1017341681030975397897345023959709515776,1017341681030975397897345023959709683548,130,0.494849,167772,False,253,False,False,False,True
130,4,0.58,1017341681030975397897345023959709515776,1017341681030975397897345023959709348004,130,0.494849,-167772,False,256,False,False,False,True
130,5,0.58,1017341681030975397897345023959709515776,1017341681030975397897345023959709767434,130,0.494849,251658,False,256,False,False,False,True
130,6,0.58,1017341681030975397897345023959709515776,1017341681030975397897345023959709264118,130,0.494849,-251658,False,254,False,False,False,True
130,7,0.58,1017341681030975397897345023959709515776,1017341681030975397897345023959709851320,130,0.494849,335544,False,256,False,False,False,True
130,8,0.58,1017341681030975397897345023959709515776,1017341681030975397897345023959709180232,130,0.494849,-335544,False,255,False,False,False,True
130,9,0.58,1017341681030975397897345023959709515776,1017341681030975397897345023959709935206,130,0.494849,419430,False,256,False,False,False,True
130,10,0.58,1017341681030975397897345023959709515776,1017341681030975397897345023959709096346,130,0.494849,-419430,False,256,False,False,False,True
130,11,0.58,1017341681030975397897345023959709515776,1017341681030975397897345023959710019092,130,0.494849,503316,False,255,False,False,False,True
130,12,0.58,1017341681030975397897345023959709515776,1017341681030975397897345023959709012460,130,0.494849,-503316,False,256,False,False,False,True
130,13,0.58,1017341681030975397897345023959709515776,1017341681030975397897345023959710102978,130,0.494849,587202,False,253,False,False,False,True
130,14,0.58,1017341681030975397897345023959709515776,1017341681030975397897345023959708928574,130,0.494849,-587202,False,256,False,False,False,True
130,15,0.58,1017341681030975397897345023959709515776,1017341681030975397897345023959710186864,130,0.494849,671088,False,256,False,False,False,True
130,16,0.58,1017341681030975397897345023959709515776,1017341681030975397897345023959708844688,130,0.494849,-671088,False,254,False,False,False,True
130,17,0.58,1017341681030975397897345023959709515776,1017341681030975397897345023959710270750,130,0.494849,754974,False,256,False,False,False,True
130,18,0.58,1017341681030975397897345023959709515776,1017341681030975397897345023959708760802,130,0.494849,-754974,False,255,False,False,False,True
130,19,0.58,1017341681030975397897345023959709515776,1017341681030975397897345023959710354636,130,0.494849,838860,False,255,False,False,False,True
130,20,0.58,1017341681030975397897345023959709515776,1017341681030975397897345023959708676916,130,0.494849,-838860,False,256,False,False,False,True
130,21,0.58,1017341681030975397897345023959709515776,1017341681030975397897345023959710438522,130,0.494849,922746,False,255,False,False,False,True
130,22,0.58,1017341681030975397897345023959709515776,1017341681030975397897345023959708593030,130,0.494849,-922746,False,256,False,False,False,True
130,23,0.58,1017341681030975397897345023959709515776,1017341681030975397897345023959710522408,130,0.494849,1006632,False,253,False,False,False,True
130,24,0.58,1017341681030975397897345023959709515776,1017341681030975397897345023959708509144,130,0.494849,-1006632,False,256,False,False,False,True
130,25,0.58,1017341681030975397897345023959709515776,1017341681030975397897345023959710606294,130,0.494849,1090518,False,256,False,False,False,True
130,26,0.58,1017341681030975397897345023959709515776,1017341681030975397897345023959708425258,130,0.494849,-1090518,False,254,False,False,False,True
130,27,0.58,1017341681030975397897345023959709515776,1017341681030975397897345023959710690180,130,0.494849,1174404,False,256,False,False,False,True
130,28,0.58,1017341681030975397897345023959709515776,1017341681030975397897345023959708341372,130,0.494849,-1174404,False,255,False,False,False,True
130,29,0.58,1017341681030975397897345023959709515776,1017341681030975397897345023959710774066,130,0.494849,1258290,False,255,False,False,False,True
130,30,0.58,1017341681030975397897345023959709515776,1017341681030975397897345023959708257486,130,0.494849,-1258290,False,256,False,False,False,True
130,31,0.58,1017341681030975397897345023959709515776,1017341681030975397897345023959710857952,130,0.494849,1342176,False,255,False,False,False,True
130,32,0.58,1017341681030975397897345023959709515776,1017341681030975397897345023959708173600,130,0.494849,-1342176,False,256,False,False,False,True
130,33,0.58,1017341681030975397897345023959709515776,1017341681030975397897345023959710941838,130,0.494849,1426062,False,252,False,False,False,True
130,34,0.58,1017341681030975397897345023959709515776,1017341681030975397897345023959708089714,130,0.494849,-1426062,False,256,False,False,False,True
130,35,0.58,1017341681030975397897345023959709515776,1017341681030975397897345023959711025724,130,0.494849,1509948,False,256,False,False,False,True
130,36,0.58,1017341681030975397897345023959709515776,1017341681030975397897345023959708005828,130,0.494849,-1509948,False,254,False,False,False,True
130,37,0.58,1017341681030975397897345023959709515776,1017341681030975397897345023959711109610,130,0.494849,1593834,False,256,False,False,False,True
130,38,0.58,1017341681030975397897345023959709515776,1017341681030975397897345023959707921942,130,0.494849,-1593834,False,255,False,False,False,True
130,39,0.58,1017341681030975397897345023959709515776,1017341681030975397897345023959711193496,130,0.494849,1677720,False,255,False,False,False,True
130,40,0.58,1017341681030975397897345023959709515776,1017341681030975397897345023959707838056,130,0.494849,-1677720,False,256,False,False,False,True
130,41,0.58,1017341681030975397897345023959709515776,1017341681030975397897345023959711277382,130,0.494849,1761606,False,254,False,False,False,True
130,42,0.58,1017341681030975397897345023959709515776,1017341681030975397897345023959707754170,130,0.494849,-1761606,False,256,False,False,False,True
130,43,0.58,1017341681030975397897345023959709515776,1017341681030975397897345023959711361268,130,0.494849,1845492,False,252,False,False,False,True
130,44,0.58,1017341681030975397897345023959709515776,1017341681030975397897345023959707670284,130,0.494849,-1845492,False,250,False,False,False,True
130,45,0.58,1017341681030975397897345023959709515776,1017341681030975397897345023959711445154,130,0.494849,1929378,False,256,False,False,False,True
130,46,0.58,1017341681030975397897345023959709515776,1017341681030975397897345023959707586398,130,0.494849,-1929378,False,254,False,False,False,True
130,47,0.58,1017341681030975397897345023959709515776,1017341681030975397897345023959711529040,130,0.494849,2013264,False,256,False,False,False,True
130,48,0.58,1017341681030975397897345023959709515776,1017341681030975397897345023959707502512,130,0.494849,-2013264,False,255,False,False,False,True
130,49,0.58,1017341681030975397897345023959709515776,1017341681030975397897345023959711612926,130,0.494849,2097150,False,255,False,False,False,True
130,50,0.58,1017341681030975397897345023959709515776,1017341681030975397897345023959707418626,130,0.494849,-2097150,False,256,False,False,False,True
130,51,0.58,1017341681030975397897345023959709515776,1017341681030975397897345023959711696812,130,0.494849,2181036,False,254,False,False,False,True
130,52,0.58,1017341681030975397897345023959709515776,1017341681030975397897345023959707334740,130,0.494849,-2181036,False,256,False,False,False,True
130,53,0.58,1017341681030975397897345023959709515776,1017341681030975397897345023959711780698,130,0.494849,2264922,False,250,False,False,False,True
130,54,0.58,1017341681030975397897345023959709515776,1017341681030975397897345023959707250854,130,0.494849,-2264922,False,251,False,False,False,True
130,55,0.58,1017341681030975397897345023959709515776,1017341681030975397897345023959711864584,130,0.494849,2348808,False,256,False,False,False,True
130,56,0.58,1017341681030975397897345023959709515776,1017341681030975397897345023959707166968,130,0.494849,-2348808,False,254,False,False,False,True
130,57,0.58,1017341681030975397897345023959709515776,1017341681030975397897345023959711948470,130,0.494849,2432694,False,256,False,False,False,True
130,58,0.58,1017341681030975397897345023959709515776,1017341681030975397897345023959707083082,130,0.494849,-2432694,False,255,False,False,False,True
130,59,0.58,1017341681030975397897345023959709515776,1017341681030975397897345023959712032356,130,0.494849,2516580,False,255,False,False,False,True
130,60,0.58,1017341681030975397897345023959709515776,1017341681030975397897345023959706999196,130,0.494849,-2516580,False,256,False,False,False,True
130,61,0.58,1017341681030975397897345023959709515776,1017341681030975397897345023959712116242,130,0.494849,2600466,False,254,False,False,False,True
130,62,0.58,1017341681030975397897345023959709515776,1017341681030975397897345023959706915310,130,0.494849,-2600466,False,256,False,False,False,True
130,63,0.58,1017341681030975397897345023959709515776,1017341681030975397897345023959712200128,130,0.494849,2684352,False,256,False,False,False,True
130,64,0.58,1017341681030975397897345023959709515776,1017341681030975397897345023959706831424,130,0.494849,-2684352,False,252,False,False,False,True
130,65,0.58,1017341681030975397897345023959709515776,1017341681030975397897345023959712284014,130,0.494849,2768238,False,256,False,False,False,True
130,66,0.58,1017341681030975397897345023959709515776,1017341681030975397897345023959706747538,130,0.494849,-2768238,False,255,False,False,False,True
130,67,0.58,1017341681030975397897345023959709515776,1017341681030975397897345023959712367900,130,0.494849,2852124,False,256,False,False,False,True
130,68,0.58,1017341681030975397897345023959709515776,1017341681030975397897345023959706663652,130,0.494849,-2852124,False,255,False,False,False,True
130,69,0.58,1017341681030975397897345023959709515776,1017341681030975397897345023959712451786,130,0.494849,2936010,False,255,False,False,False,True
130,70,0.58,1017341681030975397897345023959709515776,1017341681030975397897345023959706579766,130,0.494849,-2936010,False,256,False,False,False,True
130,71,0.58,1017341681030975397897345023959709515776,1017341681030975397897345023959712535672,130,0.494849,3019896,False,254,False,False,False,True
130,72,0.58,1017341681030975397897345023959709515776,1017341681030975397897345023959706495880,130,0.494849,-3019896,False,256,False,False,False,True
130,73,0.58,1017341681030975397897345023959709515776,1017341681030975397897345023959712619558,130,0.494849,3103782,False,256,False,False,False,True
130,74,0.58,1017341681030975397897345023959709515776,1017341681030975397897345023959706411994,130,0.494849,-3103782,False,253,False,False,False,True
130,75,0.58,1017341681030975397897345023959709515776,1017341681030975397897345023959712703444,130,0.494849,3187668,False,256,False,False,False,True
130,76,0.58,1017341681030975397897345023959709515776,1017341681030975397897345023959706328108,130,0.494849,-3187668,False,255,False,False,False,True
130,77,0.58,1017341681030975397897345023959709515776,1017341681030975397897345023959712787330,130,0.494849,3271554,False,256,False,False,False,True
130,78,0.58,1017341681030975397897345023959709515776,1017341681030975397897345023959706244222,130,0.494849,-3271554,False,255,False,False,False,True
130,79,0.58,1017341681030975397897345023959709515776,1017341681030975397897345023959712871216,130,0.494849,3355440,False,255,False,False,False,True
130,80,0.58,1017341681030975397897345023959709515776,1017341681030975397897345023959706160336,130,0.494849,-3355440,False,256,False,False,False,True
130,81,0.58,1017341681030975397897345023959709515776,1017341681030975397897345023959712955102,130,0.494849,3439326,False,254,False,False,False,True
130,82,0.58,1017341681030975397897345023959709515776,1017341681030975397897345023959706076450,130,0.494849,-3439326,False,256,False,False,False,True
130,83,0.58,1017341681030975397897345023959709515776,1017341681030975397897345023959713038988,130,0.494849,3523212,False,256,False,False,False,True
130,84,0.58,1017341681030975397897345023959709515776,1017341681030975397897345023959705992564,130,0.494849,-3523212,False,253,False,False,False,True
130,85,0.58,1017341681030975397897345023959709515776,1017341681030975397897345023959713122874,130,0.494849,3607098,False,256,False,False,False,True
130,86,0.58,1017341681030975397897345023959709515776,1017341681030975397897345023959705908678,130,0.494849,-3607098,False,255,False,False,False,True
130,87,0.58,1017341681030975397897345023959709515776,1017341681030975397897345023959713206760,130,0.494849,3690984,False,256,False,False,False,True
130,88,0.58,1017341681030975397897345023959709515776,1017341681030975397897345023959705824792,130,0.494849,-3690984,False,255,False,False,False,True
130,89,0.58,1017341681030975397897345023959709515776,1017341681030975397897345023959713290646,130,0.494849,3774870,False,255,False,False,False,True
130,90,0.58,1017341681030975397897345023959709515776,1017341681030975397897345023959705740906,130,0.494849,-3774870,False,256,False,False,False,True
130,91,0.58,1017341681030975397897345023959709515776,1017341681030975397897345023959713374532,130,0.494849,3858756,False,254,False,False,False,True
130,92,0.58,1017341681030975397897345023959709515776,1017341681030975397897345023959705657020,130,0.494849,-3858756,False,256,False,False,False,True
130,93,0.58,1017341681030975397897345023959709515776,1017341681030975397897345023959713458418,130,0.494849,3942642,False,256,False,False,False,True
130,94,0.58,1017341681030975397897345023959709515776,1017341681030975397897345023959705573134,130,0.494849,-3942642,False,253,False,False,False,True
130,95,0.58,1017341681030975397897345023959709515776,1017341681030975397897345023959713542304,130,0.494849,4026528,False,256,False,False,False,True
130,96,0.58,1017341681030975397897345023959709515776,1017341681030975397897345023959705489248,130,0.494849,-4026528,False,255,False,False,False,True
130,97,0.58,1017341681030975397897345023959709515776,1017341681030975397897345023959713626190,130,0.494849,4110414,False,256,False,False,False,True
130,98,0.58,1017341681030975397897345023959709515776,1017341681030975397897345023959705405362,130,0.494849,-4110414,False,256,False,False,False,True
130,99,0.58,1017341681030975397897345023959709515776,1017341681030975397897345023959713710076,130,0.494849,4194300,False,255,False,False,False,True
135,0,0.58,32554933792991212732715040766710704504832,32554933792991212732715040766710704504832,135,0.494849,0,False,256,False,False,False,True
135,1,0.58,32554933792991212732715040766710704504832,32554933792991212732715040766710704588718,135,0.494849,83886,False,255,False,False,False,True
135,2,0.58,32554933792991212732715040766710704504832,32554933792991212732715040766710704420946,135,0.494849,-83886,False,256,False,False,False,True
135,3,0.58,32554933792991212732715040766710704504832,32554933792991212732715040766710704672604,135,0.494849,167772,False,254,False,False,False,True
135,4,0.58,32554933792991212732715040766710704504832,32554933792991212732715040766710704337060,135,0.494849,-167772,False,256,False,False,False,True
135,5,0.58,32554933792991212732715040766710704504832,32554933792991212732715040766710704756490,135,0.494849,251658,False,253,False,False,False,True
135,6,0.58,32554933792991212732715040766710704504832,32554933792991212732715040766710704253174,135,0.494849,-251658,False,256,False,False,False,True
135,7,0.58,32554933792991212732715040766710704504832,32554933792991212732715040766710704840376,135,0.494849,335544,False,256,False,False,False,True
135,8,0.58,32554933792991212732715040766710704504832,32554933792991212732715040766710704169288,135,0.494849,-335544,False,253,False,False,False,True
135,9,0.58,32554933792991212732715040766710704504832,32554933792991212732715040766710704924262,135,0.494849,419430,False,256,False,False,False,True
135,10,0.58,32554933792991212732715040766710704504832,32554933792991212732715040766710704085402,135,0.494849,-419430,False,254,False,False,False,True
135,11,0.58,32554933792991212732715040766710704504832,32554933792991212732715040766710705008148,135,0.494849,503316,False,256,False,False,False,True
135,12,0.58,32554933792991212732715040766710704504832,32554933792991212732715040766710704001516,135,0.494849,-503316,False,255,False,False,False,True
135,13,0.58,32554933792991212732715040766710704504832,32554933792991212732715040766710705092034,135,0.494849,587202,False,256,False,False,False,True
135,14,0.58,32554933792991212732715040766710704504832,32554933792991212732715040766710703917630,135,0.494849,-587202,False,255,False,False,False,True
135,15,0.58,32554933792991212732715040766710704504832,32554933792991212732715040766710705175920,135,0.494849,671088,False,255,False,False,False,True
135,16,0.58,32554933792991212732715040766710704504832,32554933792991212732715040766710703833744,135,0.494849,-671088,False,256,False,False,False,True
135,17,0.58,32554933792991212732715040766710704504832,32554933792991212732715040766710705259806,135,0.494849,754974,False,255,False,False,False,True
135,18,0.58,32554933792991212732715040766710704504832,32554933792991212732715040766710703749858,135,0.494849,-754974,False,256,False,False,False,True
135,19,0.58,32554933792991212732715040766710704504832,32554933792991212732715040766710705343692,135,0.494849,838860,False,254,False,False,False,True
135,20,0.58,32554933792991212732715040766710704504832,32554933792991212732715040766710703665972,135,0.494849,-838860,False,256,False,False,False,True
135,21,0.58,32554933792991212732715040766710704504832,32554933792991212732715040766710705427578,135,0.494849,922746,False,248,False,False,False,True
135,22,0.58,32554933792991212732715040766710704504832,32554933792991212732715040766710703582086,135,0.494849,-922746,False,252,False,False,False,True
135,23,0.58,32554933792991212732715040766710704504832,32554933792991212732715040766710705511464,135,0.494849,1006632,False,256,False,False,False,True
135,24,0.58,32554933792991212732715040766710704504832,32554933792991212732715040766710703498200,135,0.494849,-1006632,False,254,False,False,False,True
135,25,0.58,32554933792991212732715040766710704504832,32554933792991212732715040766710705595350,135,0.494849,1090518,False,256,False,False,False,True
135,26,0.58,32554933792991212732715040766710704504832,32554933792991212732715040766710703414314,135,0.494849,-1090518,False,255,False,False,False,True
135,27,0.58,32554933792991212732715040766710704504832,32554933792991212732715040766710705679236,135,0.494849,1174404,False,256,False,False,False,True
135,28,0.58,32554933792991212732715040766710704504832,32554933792991212732715040766710703330428,135,0.494849,-1174404,False,255,False,False,False,True
135,29,0.58,32554933792991212732715040766710704504832,32554933792991212732715040766710705763122,135,0.494849,1258290,False,255,False,False,False,True
135,30,0.58,32554933792991212732715040766710704504832,32554933792991212732715040766710703246542,135,0.494849,-1258290,False,256,False,False,False,True
135,31,0.58,32554933792991212732715040766710704504832,32554933792991212732715040766710705847008,135,0.494849,1342176,False,255,False,False,False,True
135,32,0.58,32554933792991212732715040766710704504832,32554933792991212732715040766710703162656,135,0.494849,-1342176,False,256,False,False,False,True
135,33,0.58,32554933792991212732715040766710704504832,32554933792991212732715040766710705930894,135,0.494849,1426062,False,254,False,False,False,True
135,34,0.58,32554933792991212732715040766710704504832,32554933792991212732715040766710703078770,135,0.494849,-1426062,False,256,False,False,False,True
135,35,0.58,32554933792991212732715040766710704504832,32554933792991212732715040766710706014780,135,0.494849,1509948,False,252,False,False,False,True
135,36,0.58,32554933792991212732715040766710704504832,32554933792991212732715040766710702994884,135,0.494849,-1509948,False,250,False,False,False,True
135,37,0.58,32554933792991212732715040766710704504832,32554933792991212732715040766710706098666,135,0.494849,1593834,False,256,False,False,False,True
135,38,0.58,32554933792991212732715040766710704504832,32554933792991212732715040766710702910998,135,0.494849,-1593834,False,254,False,False,False,True
135,39,0.58,32554933792991212732715040766710704504832,32554933792991212732715040766710706182552,135,0.494849,1677720,False,256,False,False,False,True
135,40,0.58,32554933792991212732715040766710704504832,32554933792991212732715040766710702827112,135,0.494849,-1677720,False,255,False,False,False,True
135,41,0.58,32554933792991212732715040766710704504832,32554933792991212732715040766710706266438,135,0.494849,1761606,False,256,False,False,False,True
135,42,0.58,32554933792991212732715040766710704504832,32554933792991212732715040766710702743226,135,0.494849,-1761606,False,255,False,False,False,True
135,43,0.58,32554933792991212732715040766710704504832,32554933792991212732715040766710706350324,135,0.494849,1845492,False,255,False,False,False,True
135,44,0.58,32554933792991212732715040766710704504832,32554933792991212732715040766710702659340,135,0.494849,-1845492,False,256,False,False,False,True
135,45,0.58,32554933792991212732715040766710704504832,32554933792991212732715040766710706434210,135,0.494849,1929378,False,255,False,False,False,True
135,46,0.58,32554933792991212732715040766710704504832,32554933792991212732715040766710702575454,135,0.494849,-1929378,False,256,False,False,False,True
135,47,0.58,32554933792991212732715040766710704504832,32554933792991212732715040766710706518096,135,0.494849,2013264,False,254,False,False,False,True
135,48,0.58,32554933792991212732715040766710704504832,32554933792991212732715040766710702491568,135,0.494849,-2013264,False,256,False,False,False,True
135,49,0.58,32554933792991212732715040766710704504832,32554933792991212732715040766710706601982,135,0.494849,2097150,False,253,False,False,False,True
135,50,0.58,32554933792991212732715040766710704504832,32554933792991212732715040766710702407682,135,0.494849,-2097150,False,256,False,False,False,True
135,51,0.58,32554933792991212732715040766710704504832,32554933792991212732715040766710706685868,135,0.494849,2181036,False,256,False,False,False,True
135,52,0.58,32554933792991212732715040766710704504832,32554933792991212732715040766710702323796,135,0.494849,-2181036,False,253,False,False,False,True
135,53,0.58,32554933792991212732715040766710704504832,32554933792991212732715040766710706769754,135,0.494849,2264922,False,256,False,False,False,True
135,54,0.58,32554933792991212732715040766710704504832,32554933792991212732715040766710702239910,135,0.494849,-2264922,False,255,False,False,False,True
135,55,0.58,32554933792991212732715040766710704504832,32554933792991212732715040766710706853640,135,0.494849,2348808,False,256,False,False,False,True
135,56,0.58,32554933792991212732715040766710704504832,32554933792991212732715040766710702156024,135,0.494849,-2348808,False,255,False,False,False,True
135,57,0.58,32554933792991212732715040766710704504832,32554933792991212732715040766710706937526,135,0.494849,2432694,False,256,False,False,False,True
135,58,0.58,32554933792991212732715040766710704504832,32554933792991212732715040766710702072138,135,0.494849,-2432694,False,256,False,False,False,True
135,59,0.58,32554933792991212732715040766710704504832,32554933792991212732715040766710707021412,135,0.494849,2516580,False,255,False,False,False,True
135,60,0.58,32554933792991212732715040766710704504832,32554933792991212732715040766710701988252,135,0.494849,-2516580,False,256,False,False,False,True
135,61,0.58,32554933792991212732715040766710704504832,32554933792991212732715040766710707105298,135,0.494849,2600466,False,254,False,False,False,True
135,62,0.58,32554933792991212732715040766710704504832,32554933792991212732715040766710701904366,135,0.494849,-2600466,False,256,False,False,False,True
135,63,0.58,32554933792991212732715040766710704504832,32554933792991212732715040766710707189184,135,0.494849,2684352,False,253,False,False,False,True
135,64,0.58,32554933792991212732715040766710704504832,32554933792991212732715040766710701820480,135,0.494849,-2684352,False,256,False,False,False,True
135,65,0.58,32554933792991212732715040766710704504832,32554933792991212732715040766710707273070,135,0.494849,2768238,False,256,False,False,False,True
135,66,0.58,32554933792991212732715040766710704504832,32554933792991212732715040766710701736594,135,0.494849,-2768238,False,253,False,False,False,True
135,67,0.58,32554933792991212732715040766710704504832,32554933792991212732715040766710707356956,135,0.494849,2852124,False,256,False,False,False,True
135,68,0.58,32554933792991212732715040766710704504832,32554933792991212732715040766710701652708,135,0.494849,-2852124,False,254,False,False,False,True
135,69,0.58,32554933792991212732715040766710704504832,32554933792991212732715040766710707440842,135,0.494849,2936010,False,256,False,False,False,True
135,70,0.58,32554933792991212732715040766710704504832,32554933792991212732715040766710701568822,135,0.494849,-2936010,False,255,False,False,False,True
135,71,0.58,32554933792991212732715040766710704504832,32554933792991212732715040766710707524728,135,0.494849,3019896,False,256,False,False,False,True
135,72,0.58,32554933792991212732715040766710704504832,32554933792991212732715040766710701484936,135,0.494849,-3019896,False,256,False,False,False,True
135,73,0.58,32554933792991212732715040766710704504832,32554933792991212732715040766710707608614,135,0.494849,3103782,False,255,False,False,False,True
135,74,0.58,32554933792991212732715040766710704504832,32554933792991212732715040766710701401050,135,0.494849,-3103782,False,256,False,False,False,True
135,75,0.58,32554933792991212732715040766710704504832,32554933792991212732715040766710707692500,135,0.494849,3187668,False,255,False,False,False,True
135,76,0.58,32554933792991212732715040766710704504832,32554933792991212732715040766710701317164,135,0.494849,-3187668,False,256,False,False,False,True
135,77,0.58,32554933792991212732715040766710704504832,32554933792991212732715040766710707776386,135,0.494849,3271554,False,254,False,False,False,True
135,78,0.58,32554933792991212732715040766710704504832,32554933792991212732715040766710701233278,135,0.494849,-3271554,False,256,False,False,False,True
135,79,0.58,32554933792991212732715040766710704504832,32554933792991212732715040766710707860272,135,0.494849,3355440,False,256,False,False,False,True
135,80,0.58,32554933792991212732715040766710704504832,32554933792991212732715040766710701149392,135,0.494849,-3355440,False,252,False,False,False,True
135,81,0.58,32554933792991212732715040766710704504832,32554933792991212732715040766710707944158,135,0.494849,3439326,False,256,False,False,False,True
135,82,0.58,32554933792991212732715040766710704504832,32554933792991212732715040766710701065506,135,0.494849,-3439326,False,254,False,False,False,True
135,83,0.58,32554933792991212732715040766710704504832,32554933792991212732715040766710708028044,135,0.494849,3523212,False,256,False,False,False,True
135,84,0.58,32554933792991212732715040766710704504832,32554933792991212732715040766710700981620,135,0.494849,-3523212,False,255,False,False,False,True
135,85,0.58,32554933792991212732715040766710704504832,32554933792991212732715040766710708111930,135,0.494849,3607098,False,256,False,False,False,True
135,86,0.58,32554933792991212732715040766710704504832,32554933792991212732715040766710700897734,135,0.494849,-3607098,False,255,False,False,False,True
135,87,0.58,32554933792991212732715040766710704504832,32554933792991212732715040766710708195816,135,0.494849,3690984,False,255,False,False,False,True
135,88,0.58,32554933792991212732715040766710704504832,32554933792991212732715040766710700813848,135,0.494849,-3690984,False,256,False,False,False,True
135,89,0.58,32554933792991212732715040766710704504832,32554933792991212732715040766710708279702,135,0.494849,3774870,False,255,False,False,False,True
135,90,0.58,32554933792991212732715040766710704504832,32554933792991212732715040766710700729962,135,0.494849,-3774870,False,256,False,False,False,True
135,91,0.58,32554933792991212732715040766710704504832,32554933792991212732715040766710708363588,135,0.494849,3858756,False,254,False,False,False,True
135,92,0.58,32554933792991212732715040766710704504832,32554933792991212732715040766710700646076,135,0.494849,-3858756,False,256,False,False,False,True
135,93,0.58,32554933792991212732715040766710704504832,32554933792991212732715040766710708447474,135,0.494849,3942642,False,251,False,False,False,True
135,94,0.58,32554933792991212732715040766710704504832,32554933792991212732715040766710700562190,135,0.494849,-3942642,False,251,False,False,False,True
135,95,0.58,32554933792991212732715040766710704504832,32554933792991212732715040766710708531360,135,0.494849,4026528,False,256,False,False,False,True
135,96,0.58,32554933792991212732715040766710704504832,32554933792991212732715040766710700478304,135,0.494849,-4026528,False,254,False,False,False,True
135,97,0.58,32554933792991212732715040766710704504832,32554933792991212732715040766710708615246,135,0.494849,4110414,False,256,False,False,False,True
135,98,0.58,32554933792991212732715040766710704504832,32554933792991212732715040766710700394418,135,0.494849,-4110414,False,255,False,False,False,True
135,99,0.58,32554933792991212732715040766710704504832,32554933792991212732715040766710708699132,135,0.494849,4194300,False,256,False,False,False,True
140,0,0.58,1041757881375718807446881304534742544154624,1041757881375718807446881304534742544154624,140,0.494849,0,False,255,False,False,False,True
140,1,0.58,1041757881375718807446881304534742544154624,1041757881375718807446881304534742544238510,140,0.494849,83886,False,256,False,False,False,True
140,2,0.58,1041757881375718807446881304534742544154624,1041757881375718807446881304534742544070738,140,0.494849,-83886,False,256,False,False,False,True
140,3,0.58,1041757881375718807446881304534742544154624,1041757881375718807446881304534742544322396,140,0.494849,167772,False,254,False,False,False,True
140,4,0.58,1041757881375718807446881304534742544154624,1041757881375718807446881304534742543986852,140,0.494849,-167772,False,255,False,False,False,True
140,5,0.58,1041757881375718807446881304534742544154624,1041757881375718807446881304534742544406282,140,0.494849,251658,False,256,False,False,False,True
140,6,0.58,1041757881375718807446881304534742544154624,1041757881375718807446881304534742543902966,140,0.494849,-251658,False,256,False,False,False,True
140,7,0.58,1041757881375718807446881304534742544154624,1041757881375718807446881304534742544490168,140,0.494849,335544,False,254,False,False,False,True
140,8,0.58,1041757881375718807446881304534742544154624,1041757881375718807446881304534742543819080,140,0.494849,-335544,False,255,False,False,False,True
140,9,0.58,1041757881375718807446881304534742544154624,1041757881375718807446881304534742544574054,140,0.494849,419430,False,256,False,False,False,True
140,10,0.58,1041757881375718807446881304534742544154624,1041757881375718807446881304534742543735194,140,0.494849,-419430,False,256,False,False,False,True
140,11,0.58,1041757881375718807446881304534742544154624,1041757881375718807446881304534742544657940,140,0.494849,503316,False,254,False,False,False,True
140,12,0.58,1041757881375718807446881304534742544154624,1041757881375718807446881304534742543651308,140,0.494849,-503316,False,255,False,False,False,True
140,13,0.58,1041757881375718807446881304534742544154624,1041757881375718807446881304534742544741826,140,0.494849,587202,False,256,False,False,False,True
140,14,0.58,1041757881375718807446881304534742544154624,1041757881375718807446881304534742543567422,140,0.494849,-587202,False,251,False,False,False,True
140,15,0.58,1041757881375718807446881304534742544154624,1041757881375718807446881304534742544825712,140,0.494849,671088,False,253,False,False,False,True
140,16,0.58,1041757881375718807446881304534742544154624,1041757881375718807446881304534742543483536,140,0.494849,-671088,False,256,False,False,False,True
140,17,0.58,1041757881375718807446881304534742544154624,1041757881375718807446881304534742544909598,140,0.494849,754974,False,256,False,False,False,True
140,18,0.58,1041757881375718807446881304534742544154624,1041757881375718807446881304534742543399650,140,0.494849,-754974,False,253,False,False,False,True
140,19,0.58,1041757881375718807446881304534742544154624,1041757881375718807446881304534742544993484,140,0.494849,838860,False,250,False,False,False,True
140,20,0.58,1041757881375718807446881304534742544154624,1041757881375718807446881304534742543315764,140,0.494849,-838860,False,256,False,False,False,True
140,21,0.58,1041757881375718807446881304534742544154624,1041757881375718807446881304534742545077370,140,0.494849,922746,False,255,False,False,False,True
140,22,0.58,1041757881375718807446881304534742544154624,1041757881375718807446881304534742543231878,140,0.494849,-922746,False,254,False,False,False,True
140,23,0.58,1041757881375718807446881304534742544154624,1041757881375718807446881304534742545161256,140,0.494849,1006632,False,256,False,False,False,True
140,24,0.58,1041757881375718807446881304534742544154624,1041757881375718807446881304534742543147992,140,0.494849,-1006632,False,256,False,False,False,True
140,25,0.58,1041757881375718807446881304534742544154624,1041757881375718807446881304534742545245142,140,0.494849,1090518,False,255,False,False,False,True
140,26,0.58,1041757881375718807446881304534742544154624,1041757881375718807446881304534742543064106,140,0.494849,-1090518,False,254,False,False,False,True
140,27,0.58,1041757881375718807446881304534742544154624,1041757881375718807446881304534742545329028,140,0.494849,1174404,False,256,False,False,False,True
140,28,0.58,1041757881375718807446881304534742544154624,1041757881375718807446881304534742542980220,140,0.494849,-1174404,False,256,False,False,False,True
140,29,0.58,1041757881375718807446881304534742544154624,1041757881375718807446881304534742545412914,140,0.494849,1258290,False,255,False,False,False,True
140,30,0.58,1041757881375718807446881304534742544154624,1041757881375718807446881304534742542896334,140,0.494849,-1258290,False,255,False,False,False,True
140,31,0.58,1041757881375718807446881304534742544154624,1041757881375718807446881304534742545496800,140,0.494849,1342176,False,256,False,False,False,True
140,32,0.58,1041757881375718807446881304534742544154624,1041757881375718807446881304534742542812448,140,0.494849,-1342176,False,256,False,False,False,True
140,33,0.58,1041757881375718807446881304534742544154624,1041757881375718807446881304534742545580686,140,0.494849,1426062,False,255,False,False,False,True
140,34,0.58,1041757881375718807446881304534742544154624,1041757881375718807446881304534742542728562,140,0.494849,-1426062,False,255,False,False,False,True
140,35,0.58,1041757881375718807446881304534742544154624,1041757881375718807446881304534742545664572,140,0.494849,1509948,False,256,False,False,False,True
140,36,0.58,1041757881375718807446881304534742544154624,1041757881375718807446881304534742542644676,140,0.494849,-1509948,False,256,False,False,False,True
140,37,0.58,1041757881375718807446881304534742544154624,1041757881375718807446881304534742545748458,140,0.494849,1593834,False,254,False,False,False,True
140,38,0.58,1041757881375718807446881304534742544154624,1041757881375718807446881304534742542560790,140,0.494849,-1593834,False,255,False,False,False,True
140,39,0.58,1041757881375718807446881304534742544154624,1041757881375718807446881304534742545832344,140,0.494849,1677720,False,256,False,False,False,True
140,40,0.58,1041757881375718807446881304534742544154624,1041757881375718807446881304534742542476904,140,0.494849,-1677720,False,256,False,False,False,True
140,41,0.58,1041757881375718807446881304534742544154624,1041757881375718807446881304534742545916230,140,0.494849,1761606,False,254,False,False,False,True
140,42,0.58,1041757881375718807446881304534742544154624,1041757881375718807446881304534742542393018,140,0.494849,-1761606,False,255,False,False,False,True
140,43,0.58,1041757881375718807446881304534742544154624,1041757881375718807446881304534742546000116,140,0.494849,1845492,False,256,False,False,False,True
140,44,0.58,1041757881375718807446881304534742544154624,1041757881375718807446881304534742542309132,140,0.494849,-1845492,False,256,False,False,False,True
140,45,0.58,1041757881375718807446881304534742544154624,1041757881375718807446881304534742546084002,140,0.494849,1929378,False,253,False,False,False,True
140,46,0.58,1041757881375718807446881304534742544154624,1041757881375718807446881304534742542225246,140,0.494849,-1929378,False,256,False,False,False,True
140,47,0.58,1041757881375718807446881304534742544154624,1041757881375718807446881304534742546167888,140,0.494849,2013264,False,256,False,False,False,True
140,48,0.58,1041757881375718807446881304534742544154624,1041757881375718807446881304534742542141360,140,0.494849,-2013264,False,251,False,False,False,True
140,49,0.58,1041757881375718807446881304534742544154624,1041757881375718807446881304534742546251774,140,0.494849,2097150,False,252,False,False,False,True
140,50,0.58,1041757881375718807446881304534742544154624,1041757881375718807446881304534742542057474,140,0.494849,-2097150,False,256,False,False,False,True
140,51,0.58,1041757881375718807446881304534742544154624,1041757881375718807446881304534742546335660,140,0.494849,2181036,False,256,False,False,False,True
140,52,0.58,1041757881375718807446881304534742544154624,1041757881375718807446881304534742541973588,140,0.494849,-2181036,False,253,False,False,False,True
140,53,0.58,1041757881375718807446881304534742544154624,1041757881375718807446881304534742546419546,140,0.494849,2264922,False,256,False,False,False,True
140,54,0.58,1041757881375718807446881304534742544154624,1041757881375718807446881304534742541889702,140,0.494849,-2264922,False,256,False,False,False,True
140,55,0.58,1041757881375718807446881304534742544154624,1041757881375718807446881304534742546503432,140,0.494849,2348808,False,255,False,False,False,True
140,56,0.58,1041757881375718807446881304534742544154624,1041757881375718807446881304534742541805816,140,0.494849,-2348808,False,254,False,False,False,True
140,57,0.58,1041757881375718807446881304534742544154624,1041757881375718807446881304534742546587318,140,0.494849,2432694,False,256,False,False,False,True
140,58,0.58,1041757881375718807446881304534742544154624,1041757881375718807446881304534742541721930,140,0.494849,-2432694,False,256,False,False,False,True
140,59,0.58,1041757881375718807446881304534742544154624,1041757881375718807446881304534742546671204,140,0.494849,2516580,False,255,False,False,False,True
140,60,0.58,1041757881375718807446881304534742544154624,1041757881375718807446881304534742541638044,140,0.494849,-2516580,False,254,False,False,False,True
140,61,0.58,1041757881375718807446881304534742544154624,1041757881375718807446881304534742546755090,140,0.494849,2600466,False,256,False,False,False,True
140,62,0.58,1041757881375718807446881304534742544154624,1041757881375718807446881304534742541554158,140,0.494849,-2600466,False,256,False,False,False,True
140,63,0.58,1041757881375718807446881304534742544154624,1041757881375718807446881304534742546838976,140,0.494849,2684352,False,255,False,False,False,True
140,64,0.58,1041757881375718807446881304534742544154624,1041757881375718807446881304534742541470272,140,0.494849,-2684352,False,255,False,False,False,True
140,65,0.58,1041757881375718807446881304534742544154624,1041757881375718807446881304534742546922862,140,0.494849,2768238,False,256,False,False,False,True
140,66,0.58,1041757881375718807446881304534742544154624,1041757881375718807446881304534742541386386,140,0.494849,-2768238,False,256,False,False,False,True
140,67,0.58,1041757881375718807446881304534742544154624,1041757881375718807446881304534742547006748,140,0.494849,2852124,False,255,False,False,False,True
140,68,0.58,1041757881375718807446881304534742544154624,1041757881375718807446881304534742541302500,140,0.494849,-2852124,False,255,False,False,False,True
140,69,0.58,1041757881375718807446881304534742544154624,1041757881375718807446881304534742547090634,140,0.494849,2936010,False,256,False,False,False,True
140,70,0.58,1041757881375718807446881304534742544154624,1041757881375718807446881304534742541218614,140,0.494849,-2936010,False,256,False,False,False,True
140,71,0.58,1041757881375718807446881304534742544154624,1041757881375718807446881304534742547174520,140,0.494849,3019896,False,254,False,False,False,True
140,72,0.58,1041757881375718807446881304534742544154624,1041757881375718807446881304534742541134728,140,0.494849,-3019896,False,255,False,False,False,True
140,73,0.58,1041757881375718807446881304534742544154624,1041757881375718807446881304534742547258406,140,0.494849,3103782,False,256,False,False,False,True
140,74,0.58,1041757881375718807446881304534742544154624,1041757881375718807446881304534742541050842,140,0.494849,-3103782,False,256,False,False,False,True
140,75,0.58,1041757881375718807446881304534742544154624,1041757881375718807446881304534742547342292,140,0.494849,3187668,False,254,False,False,False,True
140,76,0.58,1041757881375718807446881304534742544154624,1041757881375718807446881304534742540966956,140,0.494849,-3187668,False,255,False,False,False,True
140,77,0.58,1041757881375718807446881304534742544154624,1041757881375718807446881304534742547426178,140,0.494849,3271554,False,256,False,False,False,True
140,78,0.58,1041757881375718807446881304534742544154624,1041757881375718807446881304534742540883070,140,0.494849,-3271554,False,256,False,False,False,True
140,79,0.58,1041757881375718807446881304534742544154624,1041757881375718807446881304534742547510064,140,0.494849,3355440,False,253,False,False,False,True
140,80,0.58,1041757881375718807446881304534742544154624,1041757881375718807446881304534742540799184,140,0.494849,-3355440,False,256,False,False,False,True
140,81,0.58,1041757881375718807446881304534742544154624,1041757881375718807446881304534742547593950,140,0.494849,3439326,False,256,False,False,False,True
140,82,0.58,1041757881375718807446881304534742544154624,1041757881375718807446881304534742540715298,140,0.494849,-3439326,False,252,False,False,False,True
140,83,0.58,1041757881375718807446881304534742544154624,1041757881375718807446881304534742547677836,140,0.494849,3523212,False,252,False,False,False,True
140,84,0.58,1041757881375718807446881304534742544154624,1041757881375718807446881304534742540631412,140,0.494849,-3523212,False,256,False,False,False,True
140,85,0.58,1041757881375718807446881304534742544154624,1041757881375718807446881304534742547761722,140,0.494849,3607098,False,256,False,False,False,True
140,86,0.58,1041757881375718807446881304534742544154624,1041757881375718807446881304534742540547526,140,0.494849,-3607098,False,253,False,False,False,True
140,87,0.58,1041757881375718807446881304534742544154624,1041757881375718807446881304534742547845608,140,0.494849,3690984,False,256,False,False,False,True
140,88,0.58,1041757881375718807446881304534742544154624,1041757881375718807446881304534742540463640,140,0.494849,-3690984,False,256,False,False,False,True
140,89,0.58,1041757881375718807446881304534742544154624,1041757881375718807446881304534742547929494,140,0.494849,3774870,False,255,False,False,False,True
140,90,0.58,1041757881375718807446881304534742544154624,1041757881375718807446881304534742540379754,140,0.494849,-3774870,False,254,False,False,False,True
140,91,0.58,1041757881375718807446881304534742544154624,1041757881375718807446881304534742548013380,140,0.494849,3858756,False,256,False,False,False,True
140,92,0.58,1041757881375718807446881304534742544154624,1041757881375718807446881304534742540295868,140,0.494849,-3858756,False,256,False,False,False,True
140,93,0.58,1041757881375718807446881304534742544154624,1041757881375718807446881304534742548097266,140,0.494849,3942642,False,255,False,False,False,True
140,94,0.58,1041757881375718807446881304534742544154624,1041757881375718807446881304534742540211982,140,0.494849,-3942642,False,254,False,False,False,True
140,95,0.58,1041757881375718807446881304534742544154624,1041757881375718807446881304534742548181152,140,0.494849,4026528,False,256,False,False,False,True
140,96,0.58,1041757881375718807446881304534742544154624,1041757881375718807446881304534742540128096,140,0.494849,-4026528,False,256,False,False,False,True
140,97,0.58,1041757881375718807446881304534742544154624,1041757881375718807446881304534742548265038,140,0.494849,4110414,False,255,False,False,False,True
140,98,0.58,1041757881375718807446881304534742544154624,1041757881375718807446881304534742540044210,140,0.494849,-4110414,False,255,False,False,False,True
140,99,0.58,1041757881375718807446881304534742544154624,1041757881375718807446881304534742548348924,140,0.494849,4194300,False,256,False,False,False,True
145,0,0.58,33336252204023001838300201745111761412947968,33336252204023001838300201745111761412947968,145,0.494849,0,False,253,False,False,False,True
145,1,0.58,33336252204023001838300201745111761412947968,33336252204023001838300201745111761413031854,145,0.494849,83886,False,254,False,False,False,True
145,2,0.58,33336252204023001838300201745111761412947968,33336252204023001838300201745111761412864082,145,0.494849,-83886,False,249,False,False,False,True
145,3,0.58,33336252204023001838300201745111761412947968,33336252204023001838300201745111761413115740,145,0.494849,167772,False,255,False,False,False,True
145,4,0.58,33336252204023001838300201745111761412947968,33336252204023001838300201745111761412780196,145,0.494849,-167772,False,256,False,False,False,True
145,5,0.58,33336252204023001838300201745111761412947968,33336252204023001838300201745111761413199626,145,0.494849,251658,False,255,False,False,False,True
145,6,0.58,33336252204023001838300201745111761412947968,33336252204023001838300201745111761412696310,145,0.494849,-251658,False,256,False,False,False,True
145,7,0.58,33336252204023001838300201745111761412947968,33336252204023001838300201745111761413283512,145,0.494849,335544,False,255,False,False,False,True
145,8,0.58,33336252204023001838300201745111761412947968,33336252204023001838300201745111761412612424,145,0.494849,-335544,False,256,False,False,False,True
145,9,0.58,33336252204023001838300201745111761412947968,33336252204023001838300201745111761413367398,145,0.494849,419430,False,256,False,False,False,True
145,10,0.58,33336252204023001838300201745111761412947968,33336252204023001838300201745111761412528538,145,0.494849,-419430,False,256,False,False,False,True
145,11,0.58,33336252204023001838300201745111761412947968,33336252204023001838300201745111761413451284,145,0.494849,503316,False,256,False,False,False,True
145,12,0.58,33336252204023001838300201745111761412947968,33336252204023001838300201745111761412444652,145,0.494849,-503316,False,256,False,False,False,True
145,13,0.58,33336252204023001838300201745111761412947968,33336252204023001838300201745111761413535170,145,0.494849,587202,False,256,False,False,False,True
145,14,0.58,33336252204023001838300201745111761412947968,33336252204023001838300201745111761412360766,145,0.494849,-587202,False,255,False,False,False,True
145,15,0.58,33336252204023001838300201745111761412947968,33336252204023001838300201745111761413619056,145,0.494849,671088,False,256,False,False,False,True
145,16,0.58,33336252204023001838300201745111761412947968,33336252204023001838300201745111761412276880,145,0.494849,-671088,False,255,False,False,False,True
145,17,0.58,33336252204023001838300201745111761412947968,33336252204023001838300201745111761413702942,145,0.494849,754974,False,256,False,False,False,True
145,18,0.58,33336252204023001838300201745111761412947968,33336252204023001838300201745111761412192994,145,0.494849,-754974,False,254,False,False,False,True
145,19,0.58,33336252204023001838300201745111761412947968,33336252204023001838300201745111761413786828,145,0.494849,838860,False,253,False,False,False,True
145,20,0.58,33336252204023001838300201745111761412947968,33336252204023001838300201745111761412109108,145,0.494849,-838860,False,254,False,False,False,True
145,21,0.58,33336252204023001838300201745111761412947968,33336252204023001838300201745111761413870714,145,0.494849,922746,False,254,False,False,False,True
145,22,0.58,33336252204023001838300201745111761412947968,33336252204023001838300201745111761412025222,145,0.494849,-922746,False,251,False,False,False,True
145,23,0.58,33336252204023001838300201745111761412947968,33336252204023001838300201745111761413954600,145,0.494849,1006632,False,255,False,False,False,True
145,24,0.58,33336252204023001838300201745111761412947968,33336252204023001838300201745111761411941336,145,0.494849,-1006632,False,256,False,False,False,True
145,25,0.58,33336252204023001838300201745111761412947968,33336252204023001838300201745111761414038486,145,0.494849,1090518,False,255,False,False,False,True
145,26,0.58,33336252204023001838300201745111761412947968,33336252204023001838300201745111761411857450,145,0.494849,-1090518,False,256,False,False,False,True
145,27,0.58,33336252204023001838300201745111761412947968,33336252204023001838300201745111761414122372,145,0.494849,1174404,False,255,False,False,False,True
145,28,0.58,33336252204023001838300201745111761412947968,33336252204023001838300201745111761411773564,145,0.494849,-1174404,False,256,False,False,False,True
145,29,0.58,33336252204023001838300201745111761412947968,33336252204023001838300201745111761414206258,145,0.494849,1258290,False,256,False,False,False,True
145,30,0.58,33336252204023001838300201745111761412947968,33336252204023001838300201745111761411689678,145,0.494849,-1258290,False,256,False,False,False,True
145,31,0.58,33336252204023001838300201745111761412947968,33336252204023001838300201745111761414290144,145,0.494849,1342176,False,256,False,False,False,True
145,32,0.58,33336252204023001838300201745111761412947968,33336252204023001838300201745111761411605792,145,0.494849,-1342176,False,256,False,False,False,True
145,33,0.58,33336252204023001838300201745111761412947968,33336252204023001838300201745111761414374030,145,0.494849,1426062,False,256,False,False,False,True
145,34,0.58,33336252204023001838300201745111761412947968,33336252204023001838300201745111761411521906,145,0.494849,-1426062,False,255,False,False,False,True
145,35,0.58,33336252204023001838300201745111761412947968,33336252204023001838300201745111761414457916,145,0.494849,1509948,False,256,False,False,False,True
145,36,0.58,33336252204023001838300201745111761412947968,33336252204023001838300201745111761411438020,145,0.494849,-1509948,False,255,False,False,False,True
145,37,0.58,33336252204023001838300201745111761412947968,33336252204023001838300201745111761414541802,145,0.494849,1593834,False,256,False,False,False,True
145,38,0.58,33336252204023001838300201745111761412947968,33336252204023001838300201745111761411354134,145,0.494849,-1593834,False,254,False,False,False,True
145,39,0.58,33336252204023001838300201745111761412947968,33336252204023001838300201745111761414625688,145,0.494849,1677720,False,252,False,False,False,True
145,40,0.58,33336252204023001838300201745111761412947968,33336252204023001838300201745111761411270248,145,0.494849,-1677720,False,254,False,False,False,True
145,41,0.58,33336252204023001838300201745111761412947968,33336252204023001838300201745111761414709574,145,0.494849,1761606,False,254,False,False,False,True
145,42,0.58,33336252204023001838300201745111761412947968,33336252204023001838300201745111761411186362,145,0.494849,-1761606,False,252,False,False,False,True
145,43,0.58,33336252204023001838300201745111761412947968,33336252204023001838300201745111761414793460,145,0.494849,1845492,False,254,False,False,False,True
145,44,0.58,33336252204023001838300201745111761412947968,33336252204023001838300201745111761411102476,145,0.494849,-1845492,False,256,False,False,False,True
145,45,0.58,33336252204023001838300201745111761412947968,33336252204023001838300201745111761414877346,145,0.494849,1929378,False,255,False,False,False,True
145,46,0.58,33336252204023001838300201745111761412947968,33336252204023001838300201745111761411018590,145,0.494849,-1929378,False,256,False,False,False,True
145,47,0.58,33336252204023001838300201745111761412947968,33336252204023001838300201745111761414961232,145,0.494849,2013264,False,255,False,False,False,True
145,48,0.58,33336252204023001838300201745111761412947968,33336252204023001838300201745111761410934704,145,0.494849,-2013264,False,256,False,False,False,True
145,49,0.58,33336252204023001838300201745111761412947968,33336252204023001838300201745111761415045118,145,0.494849,2097150,False,256,False,False,False,True
145,50,0.58,33336252204023001838300201745111761412947968,33336252204023001838300201745111761410850818,145,0.494849,-2097150,False,256,False,False,False,True
145,51,0.58,33336252204023001838300201745111761412947968,33336252204023001838300201745111761415129004,145,0.494849,2181036,False,256,False,False,False,True
145,52,0.58,33336252204023001838300201745111761412947968,33336252204023001838300201745111761410766932,145,0.494849,-2181036,False,256,False,False,False,True
145,53,0.58,33336252204023001838300201745111761412947968,33336252204023001838300201745111761415212890,145,0.494849,2264922,False,256,False,False,False,True
145,54,0.58,33336252204023001838300201745111761412947968,33336252204023001838300201745111761410683046,145,0.494849,-2264922,False,255,False,False,False,True
145,55,0.58,33336252204023001838300201745111761412947968,33336252204023001838300201745111761415296776,145,0.494849,2348808,False,256,False,False,False,True
145,56,0.58,33336252204023001838300201745111761412947968,33336252204023001838300201745111761410599160,145,0.494849,-2348808,False,255,False,False,False,True
145,57,0.58,33336252204023001838300201745111761412947968,33336252204023001838300201745111761415380662,145,0.494849,2432694,False,256,False,False,False,True
145,58,0.58,33336252204023001838300201745111761412947968,33336252204023001838300201745111761410515274,145,0.494849,-2432694,False,255,False,False,False,True
145,59,0.58,33336252204023001838300201745111761412947968,33336252204023001838300201745111761415464548,145,0.494849,2516580,False,251,False,False,False,True
145,60,0.58,33336252204023001838300201745111761412947968,33336252204023001838300201745111761410431388,145,0.494849,-2516580,False,254,False,False,False,True
145,61,0.58,33336252204023001838300201745111761412947968,33336252204023001838300201745111761415548434,145,0.494849,2600466,False,253,False,False,False,True
145,62,0.58,33336252204023001838300201745111761412947968,33336252204023001838300201745111761410347502,145,0.494849,-2600466,False,253,False,False,False,True
145,63,0.58,33336252204023001838300201745111761412947968,33336252204023001838300201745111761415632320,145,0.494849,2684352,False,254,False,False,False,True
145,64,0.58,33336252204023001838300201745111761412947968,33336252204023001838300201745111761410263616,145,0.494849,-2684352,False,256,False,False,False,True
145,65,0.58,33336252204023001838300201745111761412947968,33336252204023001838300201745111761415716206,145,0.494849,2768238,False,255,False,False,False,True
145,66,0.58,33336252204023001838300201745111761412947968,33336252204023001838300201745111761410179730,145,0.494849,-2768238,False,256,False,False,False,True
145,67,0.58,33336252204023001838300201745111761412947968,33336252204023001838300201745111761415800092,145,0.494849,2852124,False,255,False,False,False,True
145,68,0.58,33336252204023001838300201745111761412947968,33336252204023001838300201745111761410095844,145,0.494849,-2852124,False,256,False,False,False,True
145,69,0.58,33336252204023001838300201745111761412947968,33336252204023001838300201745111761415883978,145,0.494849,2936010,False,256,False,False,False,True
145,70,0.58,33336252204023001838300201745111761412947968,33336252204023001838300201745111761410011958,145,0.494849,-2936010,False,256,False,False,False,True
145,71,0.58,33336252204023001838300201745111761412947968,33336252204023001838300201745111761415967864,145,0.494849,3019896,False,256,False,False,False,True
145,72,0.58,33336252204023001838300201745111761412947968,33336252204023001838300201745111761409928072,145,0.494849,-3019896,False,256,False,False,False,True
145,73,0.58,33336252204023001838300201745111761412947968,33336252204023001838300201745111761416051750,145,0.494849,3103782,False,256,False,False,False,True
145,74,0.58,33336252204023001838300201745111761412947968,33336252204023001838300201745111761409844186,145,0.494849,-3103782,False,255,False,False,False,True
145,75,0.58,33336252204023001838300201745111761412947968,33336252204023001838300201745111761416135636,145,0.494849,3187668,False,256,False,False,False,True
145,76,0.58,33336252204023001838300201745111761412947968,33336252204023001838300201745111761409760300,145,0.494849,-3187668,False,255,False,False,False,True
145,77,0.58,33336252204023001838300201745111761412947968,33336252204023001838300201745111761416219522,145,0.494849,3271554,False,256,False,False,False,True
145,78,0.58,33336252204023001838300201745111761412947968,33336252204023001838300201745111761409676414,145,0.494849,-3271554,False,255,False,False,False,True
145,79,0.58,33336252204023001838300201745111761412947968,33336252204023001838300201745111761416303408,145,0.494849,3355440,False,248,False,False,False,True
145,80,0.58,33336252204023001838300201745111761412947968,33336252204023001838300201745111761409592528,145,0.494849,-3355440,False,254,False,False,False,True
145,81,0.58,33336252204023001838300201745111761412947968,33336252204023001838300201745111761416387294,145,0.494849,3439326,False,253,False,False,False,True
145,82,0.58,33336252204023001838300201745111761412947968,33336252204023001838300201745111761409508642,145,0.494849,-3439326,False,253,False,False,False,True
145,83,0.58,33336252204023001838300201745111761412947968,33336252204023001838300201745111761416471180,145,0.494849,3523212,False,254,False,False,False,True
145,84,0.58,33336252204023001838300201745111761412947968,33336252204023001838300201745111761409424756,145,0.494849,-3523212,False,249,False,False,False,True
145,85,0.58,33336252204023001838300201745111761412947968,33336252204023001838300201745111761416555066,145,0.494849,3607098,False,255,False,False,False,True
145,86,0.58,33336252204023001838300201745111761412947968,33336252204023001838300201745111761409340870,145,0.494849,-3607098,False,256,False,False,False,True
145,87,0.58,33336252204023001838300201745111761412947968,33336252204023001838300201745111761416638952,145,0.494849,3690984,False,255,False,False,False,True
145,88,0.58,33336252204023001838300201745111761412947968,33336252204023001838300201745111761409256984,145,0.494849,-3690984,False,256,False,False,False,True
145,89,0.58,33336252204023001838300201745111761412947968,33336252204023001838300201745111761416722838,145,0.494849,3774870,False,255,False,False,False,True
145,90,0.58,33336252204023001838300201745111761412947968,33336252204023001838300201745111761409173098,145,0.494849,-3774870,False,256,False,False,False,True
145,91,0.58,33336252204023001838300201745111761412947968,33336252204023001838300201745111761416806724,145,0.494849,3858756,False,256,False,False,False,True
145,92,0.58,33336252204023001838300201745111761412947968,33336252204023001838300201745111761409089212,145,0.494849,-3858756,False,256,False,False,False,True
145,93,0.58,33336252204023001838300201745111761412947968,33336252204023001838300201745111761416890610,145,0.494849,3942642,False,256,False,False,False,True
145,94,0.58,33336252204023001838300201745111761412947968,33336252204023001838300201745111761409005326,145,0.494849,-3942642,False,256,False,False,False,True
145,95,0.58,33336252204023001838300201745111761412947968,33336252204023001838300201745111761416974496,145,0.494849,4026528,False,256,False,False,False,True
145,96,0.58,33336252204023001838300201745111761412947968,33336252204023001838300201745111761408921440,145,0.494849,-4026528,False,255,False,False,False,True
145,97,0.58,33336252204023001838300201745111761412947968,33336252204023001838300201745111761417058382,145,0.494849,4110414,False,256,False,False,False,True
145,98,0.58,33336252204023001838300201745111761412947968,33336252204023001838300201745111761408837554,145,0.494849,-4110414,False,255,False,False,False,True
145,99,0.58,33336252204023001838300201745111761412947968,33336252204023001838300201745111761417142268,145,0.494849,4194300,False,256,False,False,False,True
150,0,0.58,1066760070528736058825606455843576365214334976,1066760070528736058825606455843576365214334976,150,0.494849,0,False,256,False,False,False,True
150,1,0.58,1066760070528736058825606455843576365214334976,1066760070528736058825606455843576365214418862,150,0.494849,83886,False,256,False,False,False,True
150,2,0.58,1066760070528736058825606455843576365214334976,1066760070528736058825606455843576365214251090,150,0.494849,-83886,False,256,False,False,False,True
150,3,0.58,1066760070528736058825606455843576365214334976,1066760070528736058825606455843576365214502748,150,0.494849,167772,False,253,False,False,False,True
150,4,0.58,1066760070528736058825606455843576365214334976,1066760070528736058825606455843576365214167204,150,0.494849,-167772,False,255,False,False,False,True
150,5,0.58,1066760070528736058825606455843576365214334976,1066760070528736058825606455843576365214586634,150,0.494849,251658,False,255,False,False,False,True
150,6,0.58,1066760070528736058825606455843576365214334976,1066760070528736058825606455843576365214083318,150,0.494849,-251658,False,255,False,False,False,True
150,7,0.58,1066760070528736058825606455843576365214334976,1066760070528736058825606455843576365214670520,150,0.494849,335544,False,255,False,False,False,True
150,8,0.58,1066760070528736058825606455843576365214334976,1066760070528736058825606455843576365213999432,150,0.494849,-335544,False,253,False,False,False,True
150,9,0.58,1066760070528736058825606455843576365214334976,1066760070528736058825606455843576365214754406,150,0.494849,419430,False,256,False,False,False,True
150,10,0.58,1066760070528736058825606455843576365214334976,1066760070528736058825606455843576365213915546,150,0.494849,-419430,False,256,False,False,False,True
150,11,0.58,1066760070528736058825606455843576365214334976,1066760070528736058825606455843576365214838292,150,0.494849,503316,False,256,False,False,False,True
150,12,0.58,1066760070528736058825606455843576365214334976,1066760070528736058825606455843576365213831660,150,0.494849,-503316,False,256,False,False,False,True
150,13,0.58,1066760070528736058825606455843576365214334976,1066760070528736058825606455843576365214922178,150,0.494849,587202,False,256,False,False,False,True
150,14,0.58,1066760070528736058825606455843576365214334976,1066760070528736058825606455843576365213747774,150,0.494849,-587202,False,256,False,False,False,True
150,15,0.58,1066760070528736058825606455843576365214334976,1066760070528736058825606455843576365215006064,150,0.494849,671088,False,254,False,False,False,True
150,16,0.58,1066760070528736058825606455843576365214334976,1066760070528736058825606455843576365213663888,150,0.494849,-671088,False,255,False,False,False,True
150,17,0.58,1066760070528736058825606455843576365214334976,1066760070528736058825606455843576365215089950,150,0.494849,754974,False,255,False,False,False,True
150,18,0.58,1066760070528736058825606455843576365214334976,1066760070528736058825606455843576365213580002,150,0.494849,-754974,False,254,False,False,False,True
150,19,0.58,1066760070528736058825606455843576365214334976,1066760070528736058825606455843576365215173836,150,0.494849,838860,False,255,False,False,False,True
150,20,0.58,1066760070528736058825606455843576365214334976,1066760070528736058825606455843576365213496116,150,0.494849,-838860,False,253,False,False,False,True
150,21,0.58,1066760070528736058825606455843576365214334976,1066760070528736058825606455843576365215257722,150,0.494849,922746,False,256,False,False,False,True
150,22,0.58,1066760070528736058825606455843576365214334976,1066760070528736058825606455843576365213412230,150,0.494849,-922746,False,256,False,False,False,True
150,23,0.58,1066760070528736058825606455843576365214334976,1066760070528736058825606455843576365215341608,150,0.494849,1006632,False,256,False,False,False,True
150,24,0.58,1066760070528736058825606455843576365214334976,1066760070528736058825606455843576365213328344,150,0.494849,-1006632,False,256,False,False,False,True
150,25,0.58,1066760070528736058825606455843576365214334976,1066760070528736058825606455843576365215425494,150,0.494849,1090518,False,256,False,False,False,True
150,26,0.58,1066760070528736058825606455843576365214334976,1066760070528736058825606455843576365213244458,150,0.494849,-1090518,False,256,False,False,False,True
150,27,0.58,1066760070528736058825606455843576365214334976,1066760070528736058825606455843576365215509380,150,0.494849,1174404,False,254,False,False,False,True
150,28,0.58,1066760070528736058825606455843576365214334976,1066760070528736058825606455843576365213160572,150,0.494849,-1174404,False,255,False,False,False,True
150,29,0.58,1066760070528736058825606455843576365214334976,1066760070528736058825606455843576365215593266,150,0.494849,1258290,False,255,False,False,False,True
150,30,0.58,1066760070528736058825606455843576365214334976,1066760070528736058825606455843576365213076686,150,0.494849,-1258290,False,254,False,False,False,True
150,31,0.58,1066760070528736058825606455843576365214334976,1066760070528736058825606455843576365215677152,150,0.494849,1342176,False,256,False,False,False,True
150,32,0.58,1066760070528736058825606455843576365214334976,1066760070528736058825606455843576365212992800,150,0.494849,-1342176,False,252,False,False,False,True
150,33,0.58,1066760070528736058825606455843576365214334976,1066760070528736058825606455843576365215761038,150,0.494849,1426062,False,256,False,False,False,True
150,34,0.58,1066760070528736058825606455843576365214334976,1066760070528736058825606455843576365212908914,150,0.494849,-1426062,False,256,False,False,False,True
150,35,0.58,1066760070528736058825606455843576365214334976,1066760070528736058825606455843576365215844924,150,0.494849,1509948,False,256,False,False,False,True
150,36,0.58,1066760070528736058825606455843576365214334976,1066760070528736058825606455843576365212825028,150,0.494849,-1509948,False,256,False,False,False,True
150,37,0.58,1066760070528736058825606455843576365214334976,1066760070528736058825606455843576365215928810,150,0.494849,1593834,False,250,False,False,False,True
150,38,0.58,1066760070528736058825606455843576365214334976,1066760070528736058825606455843576365212741142,150,0.494849,-1593834,False,256,False,False,False,True
150,39,0.58,1066760070528736058825606455843576365214334976,1066760070528736058825606455843576365216012696,150,0.494849,1677720,False,254,False,False,False,True
150,40,0.58,1066760070528736058825606455843576365214334976,1066760070528736058825606455843576365212657256,150,0.494849,-1677720,False,255,False,False,False,True
150,41,0.58,1066760070528736058825606455843576365214334976,1066760070528736058825606455843576365216096582,150,0.494849,1761606,False,255,False,False,False,True
150,42,0.58,1066760070528736058825606455843576365214334976,1066760070528736058825606455843576365212573370,150,0.494849,-1761606,False,254,False,False,False,True
150,43,0.58,1066760070528736058825606455843576365214334976,1066760070528736058825606455843576365216180468,150,0.494849,1845492,False,256,False,False,False,True
150,44,0.58,1066760070528736058825606455843576365214334976,1066760070528736058825606455843576365212489484,150,0.494849,-1845492,False,252,False,False,False,True
150,45,0.58,1066760070528736058825606455843576365214334976,1066760070528736058825606455843576365216264354,150,0.494849,1929378,False,256,False,False,False,True
150,46,0.58,1066760070528736058825606455843576365214334976,1066760070528736058825606455843576365212405598,150,0.494849,-1929378,False,256,False,False,False,True
150,47,0.58,1066760070528736058825606455843576365214334976,1066760070528736058825606455843576365216348240,150,0.494849,2013264,False,256,False,False,False,True
150,48,0.58,1066760070528736058825606455843576365214334976,1066760070528736058825606455843576365212321712,150,0.494849,-2013264,False,256,False,False,False,True
150,49,0.58,1066760070528736058825606455843576365214334976,1066760070528736058825606455843576365216432126,150,0.494849,2097150,False,252,False,False,False,True
150,50,0.58,1066760070528736058825606455843576365214334976,1066760070528736058825606455843576365212237826,150,0.494849,-2097150,False,256,False,False,False,True
150,51,0.58,1066760070528736058825606455843576365214334976,1066760070528736058825606455843576365216516012,150,0.494849,2181036,False,254,False,False,False,True
150,52,0.58,1066760070528736058825606455843576365214334976,1066760070528736058825606455843576365212153940,150,0.494849,-2181036,False,255,False,False,False,True
150,53,0.58,1066760070528736058825606455843576365214334976,1066760070528736058825606455843576365216599898,150,0.494849,2264922,False,255,False,False,False,True
150,54,0.58,1066760070528736058825606455843576365214334976,1066760070528736058825606455843576365212070054,150,0.494849,-2264922,False,254,False,False,False,True
150,55,0.58,1066760070528736058825606455843576365214334976,1066760070528736058825606455843576365216683784,150,0.494849,2348808,False,256,False,False,False,True
150,56,0.58,1066760070528736058825606455843576365214334976,1066760070528736058825606455843576365211986168,150,0.494849,-2348808,False,251,False,False,False,True
150,57,0.58,1066760070528736058825606455843576365214334976,1066760070528736058825606455843576365216767670,150,0.494849,2432694,False,256,False,False,False,True
150,58,0.58,1066760070528736058825606455843576365214334976,1066760070528736058825606455843576365211902282,150,0.494849,-2432694,False,256,False,False,False,True
150,59,0.58,1066760070528736058825606455843576365214334976,1066760070528736058825606455843576365216851556,150,0.494849,2516580,False,256,False,False,False,True
150,60,0.58,1066760070528736058825606455843576365214334976,1066760070528736058825606455843576365211818396,150,0.494849,-2516580,False,256,False,False,False,True
150,61,0.58,1066760070528736058825606455843576365214334976,1066760070528736058825606455843576365216935442,150,0.494849,2600466,False,252,False,False,False,True
150,62,0.58,1066760070528736058825606455843576365214334976,1066760070528736058825606455843576365211734510,150,0.494849,-2600466,False,256,False,False,False,True
150,63,0.58,1066760070528736058825606455843576365214334976,1066760070528736058825606455843576365217019328,150,0.494849,2684352,False,254,False,False,False,True
150,64,0.58,1066760070528736058825606455843576365214334976,1066760070528736058825606455843576365211650624,150,0.494849,-2684352,False,255,False,False,False,True
150,65,0.58,1066760070528736058825606455843576365214334976,1066760070528736058825606455843576365217103214,150,0.494849,2768238,False,255,False,False,False,True
150,66,0.58,1066760070528736058825606455843576365214334976,1066760070528736058825606455843576365211566738,150,0.494849,-2768238,False,254,False,False,False,True
150,67,0.58,1066760070528736058825606455843576365214334976,1066760070528736058825606455843576365217187100,150,0.494849,2852124,False,256,False,False,False,True
150,68,0.58,1066760070528736058825606455843576365214334976,1066760070528736058825606455843576365211482852,150,0.494849,-2852124,False,256,False,False,False,True
150,69,0.58,1066760070528736058825606455843576365214334976,1066760070528736058825606455843576365217270986,150,0.494849,2936010,False,256,False,False,False,True
150,70,0.58,1066760070528736058825606455843576365214334976,1066760070528736058825606455843576365211398966,150,0.494849,-2936010,False,256,False,False,False,True
150,71,0.58,1066760070528736058825606455843576365214334976,1066760070528736058825606455843576365217354872,150,0.494849,3019896,False,256,False,False,False,True
150,72,0.58,1066760070528736058825606455843576365214334976,1066760070528736058825606455843576365211315080,150,0.494849,-3019896,False,256,False,False,False,True
150,73,0.58,1066760070528736058825606455843576365214334976,1066760070528736058825606455843576365217438758,150,0.494849,3103782,False,253,False,False,False,True
150,74,0.58,1066760070528736058825606455843576365214334976,1066760070528736058825606455843576365211231194,150,0.494849,-3103782,False,255,False,False,False,True
150,75,0.58,1066760070528736058825606455843576365214334976,1066760070528736058825606455843576365217522644,150,0.494849,3187668,False,254,False,False,False,True
150,76,0.58,1066760070528736058825606455843576365214334976,1066760070528736058825606455843576365211147308,150,0.494849,-3187668,False,255,False,False,False,True
150,77,0.58,1066760070528736058825606455843576365214334976,1066760070528736058825606455843576365217606530,150,0.494849,3271554,False,255,False,False,False,True
150,78,0.58,1066760070528736058825606455843576365214334976,1066760070528736058825606455843576365211063422,150,0.494849,-3271554,False,254,False,False,False,True
150,79,0.58,1066760070528736058825606455843576365214334976,1066760070528736058825606455843576365217690416,150,0.494849,3355440,False,256,False,False,False,True
150,80,0.58,1066760070528736058825606455843576365214334976,1066760070528736058825606455843576365210979536,150,0.494849,-3355440,False,256,False,False,False,True
150,81,0.58,1066760070528736058825606455843576365214334976,1066760070528736058825606455843576365217774302,150,0.494849,3439326,False,256,False,False,False,True
150,82,0.58,1066760070528736058825606455843576365214334976,1066760070528736058825606455843576365210895650,150,0.494849,-3439326,False,256,False,False,False,True
150,83,0.58,1066760070528736058825606455843576365214334976,1066760070528736058825606455843576365217858188,150,0.494849,3523212,False,256,False,False,False,True
150,84,0.58,1066760070528736058825606455843576365214334976,1066760070528736058825606455843576365210811764,150,0.494849,-3523212,False,256,False,False,False,True
150,85,0.58,1066760070528736058825606455843576365214334976,1066760070528736058825606455843576365217942074,150,0.494849,3607098,False,253,False,False,False,True
150,86,0.58,1066760070528736058825606455843576365214334976,1066760070528736058825606455843576365210727878,150,0.494849,-3607098,False,255,False,False,False,True
150,87,0.58,1066760070528736058825606455843576365214334976,1066760070528736058825606455843576365218025960,150,0.494849,3690984,False,255,False,False,False,True
150,88,0.58,1066760070528736058825606455843576365214334976,1066760070528736058825606455843576365210643992,150,0.494849,-3690984,False,255,False,False,False,True
150,89,0.58,1066760070528736058825606455843576365214334976,1066760070528736058825606455843576365218109846,150,0.494849,3774870,False,255,False,False,False,True
150,90,0.58,1066760070528736058825606455843576365214334976,1066760070528736058825606455843576365210560106,150,0.494849,-3774870,False,253,False,False,False,True
150,91,0.58,1066760070528736058825606455843576365214334976,1066760070528736058825606455843576365218193732,150,0.494849,3858756,False,256,False,False,False,True
150,92,0.58,1066760070528736058825606455843576365214334976,1066760070528736058825606455843576365210476220,150,0.494849,-3858756,False,256,False,False,False,True
150,93,0.58,1066760070528736058825606455843576365214334976,1066760070528736058825606455843576365218277618,150,0.494849,3942642,False,256,False,False,False,True
150,94,0.58,1066760070528736058825606455843576365214334976,1066760070528736058825606455843576365210392334,150,0.494849,-3942642,False,256,False,False,False,True
150,95,0.58,1066760070528736058825606455843576365214334976,1066760070528736058825606455843576365218361504,150,0.494849,4026528,False,256,False,False,False,True
150,96,0.58,1066760070528736058825606455843576365214334976,1066760070528736058825606455843576365210308448,150,0.494849,-4026528,False,256,False,False,False,True
150,97,0.58,1066760070528736058825606455843576365214334976,1066760070528736058825606455843576365218445390,150,0.494849,4110414,False,253,False,False,False,True
150,98,0.58,1066760070528736058825606455843576365214334976,1066760070528736058825606455843576365210224562,150,0.494849,-4110414,False,255,False,False,False,True
150,99,0.58,1066760070528736058825606455843576365214334976,1066760070528736058825606455843576365218529276,150,0.494849,4194300,False,255,False,False,False,True
155,0,0.58,34136322256919553882419406586994443686858719232,34136322256919553882419406586994443686858719232,155,0.494849,0,False,255,False,False,False,True
155,1,0.58,34136322256919553882419406586994443686858719232,34136322256919553882419406586994443686858803118,155,0.494849,83886,False,256,False,False,False,True
155,2,0.58,34136322256919553882419406586994443686858719232,34136322256919553882419406586994443686858635346,155,0.494849,-83886,False,254,False,False,False,True
155,3,0.58,34136322256919553882419406586994443686858719232,34136322256919553882419406586994443686858887004,155,0.494849,167772,False,252,False,False,False,True
155,4,0.58,34136322256919553882419406586994443686858719232,34136322256919553882419406586994443686858551460,155,0.494849,-167772,False,256,False,False,False,True
155,5,0.58,34136322256919553882419406586994443686858719232,34136322256919553882419406586994443686858970890,155,0.494849,251658,False,255,False,False,False,True
155,6,0.58,34136322256919553882419406586994443686858719232,34136322256919553882419406586994443686858467574,155,0.494849,-251658,False,256,False,False,False,True
155,7,0.58,34136322256919553882419406586994443686858719232,34136322256919553882419406586994443686859054776,155,0.494849,335544,False,256,False,False,False,True
155,8,0.58,34136322256919553882419406586994443686858719232,34136322256919553882419406586994443686858383688,155,0.494849,-335544,False,255,False,False,False,True
155,9,0.58,34136322256919553882419406586994443686858719232,34136322256919553882419406586994443686859138662,155,0.494849,419430,False,256,False,False,False,True
155,10,0.58,34136322256919553882419406586994443686858719232,34136322256919553882419406586994443686858299802,155,0.494849,-419430,False,256,False,False,False,True
155,11,0.58,34136322256919553882419406586994443686858719232,34136322256919553882419406586994443686859222548,155,0.494849,503316,False,254,False,False,False,True
155,12,0.58,34136322256919553882419406586994443686858719232,34136322256919553882419406586994443686858215916,155,0.494849,-503316,False,256,False,False,False,True
155,13,0.58,34136322256919553882419406586994443686858719232,34136322256919553882419406586994443686859306434,155,0.494849,587202,False,256,False,False,False,True
155,14,0.58,34136322256919553882419406586994443686858719232,34136322256919553882419406586994443686858132030,155,0.494849,-587202,False,255,False,False,False,True
155,15,0.58,34136322256919553882419406586994443686858719232,34136322256919553882419406586994443686859390320,155,0.494849,671088,False,256,False,False,False,True
155,16,0.58,34136322256919553882419406586994443686858719232,34136322256919553882419406586994443686858048144,155,0.494849,-671088,False,253,False,False,False,True
155,17,0.58,34136322256919553882419406586994443686858719232,34136322256919553882419406586994443686859474206,155,0.494849,754974,False,253,False,False,False,True
155,18,0.58,34136322256919553882419406586994443686858719232,34136322256919553882419406586994443686857964258,155,0.494849,-754974,False,256,False,False,False,True
155,19,0.58,34136322256919553882419406586994443686858719232,34136322256919553882419406586994443686859558092,155,0.494849,838860,False,255,False,False,False,True
155,20,0.58,34136322256919553882419406586994443686858719232,34136322256919553882419406586994443686857880372,155,0.494849,-838860,False,255,False,False,False,True
155,21,0.58,34136322256919553882419406586994443686858719232,34136322256919553882419406586994443686859641978,155,0.494849,922746,False,256,False,False,False,True
155,22,0.58,34136322256919553882419406586994443686858719232,34136322256919553882419406586994443686857796486,155,0.494849,-922746,False,254,False,False,False,True
155,23,0.58,34136322256919553882419406586994443686858719232,34136322256919553882419406586994443686859725864,155,0.494849,1006632,False,256,False,False,False,True
155,24,0.58,34136322256919553882419406586994443686858719232,34136322256919553882419406586994443686857712600,155,0.494849,-1006632,False,256,False,False,False,True
155,25,0.58,34136322256919553882419406586994443686858719232,34136322256919553882419406586994443686859809750,155,0.494849,1090518,False,255,False,False,False,True
155,26,0.58,34136322256919553882419406586994443686858719232,34136322256919553882419406586994443686857628714,155,0.494849,-1090518,False,256,False,False,False,True
155,27,0.58,34136322256919553882419406586994443686858719232,34136322256919553882419406586994443686859893636,155,0.494849,1174404,False,256,False,False,False,True
155,28,0.58,34136322256919553882419406586994443686858719232,34136322256919553882419406586994443686857544828,155,0.494849,-1174404,False,255,False,False,False,True
155,29,0.58,34136322256919553882419406586994443686858719232,34136322256919553882419406586994443686859977522,155,0.494849,1258290,False,256,False,False,False,True
155,30,0.58,34136322256919553882419406586994443686858719232,34136322256919553882419406586994443686857460942,155,0.494849,-1258290,False,248,False,False,False,True
155,31,0.58,34136322256919553882419406586994443686858719232,34136322256919553882419406586994443686860061408,155,0.494849,1342176,False,254,False,False,False,True
155,32,0.58,34136322256919553882419406586994443686858719232,34136322256919553882419406586994443686857377056,155,0.494849,-1342176,False,256,False,False,False,True
155,33,0.58,34136322256919553882419406586994443686858719232,34136322256919553882419406586994443686860145294,155,0.494849,1426062,False,255,False,False,False,True
155,34,0.58,34136322256919553882419406586994443686858719232,34136322256919553882419406586994443686857293170,155,0.494849,-1426062,False,255,False,False,False,True
155,35,0.58,34136322256919553882419406586994443686858719232,34136322256919553882419406586994443686860229180,155,0.494849,1509948,False,256,False,False,False,True
155,36,0.58,34136322256919553882419406586994443686858719232,34136322256919553882419406586994443686857209284,155,0.494849,-1509948,False,253,False,False,False,True
155,37,0.58,34136322256919553882419406586994443686858719232,34136322256919553882419406586994443686860313066,155,0.494849,1593834,False,252,False,False,False,True
155,38,0.58,34136322256919553882419406586994443686858719232,34136322256919553882419406586994443686857125398,155,0.494849,-1593834,False,256,False,False,False,True
155,39,0.58,34136322256919553882419406586994443686858719232,34136322256919553882419406586994443686860396952,155,0.494849,1677720,False,255,False,False,False,True
155,40,0.58,34136322256919553882419406586994443686858719232,34136322256919553882419406586994443686857041512,155,0.494849,-1677720,False,256,False,False,False,True
155,41,0.58,34136322256919553882419406586994443686858719232,34136322256919553882419406586994443686860480838,155,0.494849,1761606,False,256,False,False,False,True
155,42,0.58,34136322256919553882419406586994443686858719232,34136322256919553882419406586994443686856957626,155,0.494849,-1761606,False,254,False,False,False,True
155,43,0.58,34136322256919553882419406586994443686858719232,34136322256919553882419406586994443686860564724,155,0.494849,1845492,False,256,False,False,False,True
155,44,0.58,34136322256919553882419406586994443686858719232,34136322256919553882419406586994443686856873740,155,0.494849,-1845492,False,256,False,False,False,True
155,45,0.58,34136322256919553882419406586994443686858719232,34136322256919553882419406586994443686860648610,155,0.494849,1929378,False,254,False,False,False,True
155,46,0.58,34136322256919553882419406586994443686858719232,34136322256919553882419406586994443686856789854,155,0.494849,-1929378,False,256,False,False,False,True
155,47,0.58,34136322256919553882419406586994443686858719232,34136322256919553882419406586994443686860732496,155,0.494849,2013264,False,256,False,False,False,True
155,48,0.58,34136322256919553882419406586994443686858719232,34136322256919553882419406586994443686856705968,155,0.494849,-2013264,False,255,False,False,False,True
155,49,0.58,34136322256919553882419406586994443686858719232,34136322256919553882419406586994443686860816382,155,0.494849,2097150,False,256,False,False,False,True
155,50,0.58,34136322256919553882419406586994443686858719232,34136322256919553882419406586994443686856622082,155,0.494849,-2097150,False,252,False,False,False,True
155,51,0.58,34136322256919553882419406586994443686858719232,34136322256919553882419406586994443686860900268,155,0.494849,2181036,False,254,False,False,False,True
155,52,0.58,34136322256919553882419406586994443686858719232,34136322256919553882419406586994443686856538196,155,0.494849,-2181036,False,256,False,False,False,True
155,53,0.58,34136322256919553882419406586994443686858719232,34136322256919553882419406586994443686860984154,155,0.494849,2264922,False,255,False,False,False,True
155,54,0.58,34136322256919553882419406586994443686858719232,34136322256919553882419406586994443686856454310,155,0.494849,-2264922,False,255,False,False,False,True
155,55,0.58,34136322256919553882419406586994443686858719232,34136322256919553882419406586994443686861068040,155,0.494849,2348808,False,256,False,False,False,True
155,56,0.58,34136322256919553882419406586994443686858719232,34136322256919553882419406586994443686856370424,155,0.494849,-2348808,False,254,False,False,False,True
155,57,0.58,34136322256919553882419406586994443686858719232,34136322256919553882419406586994443686861151926,155,0.494849,2432694,False,251,False,False,False,True
155,58,0.58,34136322256919553882419406586994443686858719232,34136322256919553882419406586994443686856286538,155,0.494849,-2432694,False,256,False,False,False,True
155,59,0.58,34136322256919553882419406586994443686858719232,34136322256919553882419406586994443686861235812,155,0.494849,2516580,False,255,False,False,False,True
155,60,0.58,34136322256919553882419406586994443686858719232,34136322256919553882419406586994443686856202652,155,0.494849,-2516580,False,256,False,False,False,True
155,61,0.58,34136322256919553882419406586994443686858719232,34136322256919553882419406586994443686861319698,155,0.494849,2600466,False,256,False,False,False,True
155,62,0.58,34136322256919553882419406586994443686858719232,34136322256919553882419406586994443686856118766,155,0.494849,-2600466,False,255,False,False,False,True
155,63,0.58,34136322256919553882419406586994443686858719232,34136322256919553882419406586994443686861403584,155,0.494849,2684352,False,256,False,False,False,True
155,64,0.58,34136322256919553882419406586994443686858719232,34136322256919553882419406586994443686856034880,155,0.494849,-2684352,False,256,False,False,False,True
155,65,0.58,34136322256919553882419406586994443686858719232,34136322256919553882419406586994443686861487470,155,0.494849,2768238,False,254,False,False,False,True
155,66,0.58,34136322256919553882419406586994443686858719232,34136322256919553882419406586994443686855950994,155,0.494849,-2768238,False,256,False,False,False,True
155,67,0.58,34136322256919553882419406586994443686858719232,34136322256919553882419406586994443686861571356,155,0.494849,2852124,False,256,False,False,False,True
155,68,0.58,34136322256919553882419406586994443686858719232,34136322256919553882419406586994443686855867108,155,0.494849,-2852124,False,255,False,False,False,True
155,69,0.58,34136322256919553882419406586994443686858719232,34136322256919553882419406586994443686861655242,155,0.494849,2936010,False,256,False,False,False,True
155,70,0.58,34136322256919553882419406586994443686858719232,34136322256919553882419406586994443686855783222,155,0.494849,-2936010,False,253,False,False,False,True
155,71,0.58,34136322256919553882419406586994443686858719232,34136322256919553882419406586994443686861739128,155,0.494849,3019896,False,253,False,False,False,True
155,72,0.58,34136322256919553882419406586994443686858719232,34136322256919553882419406586994443686855699336,155,0.494849,-3019896,False,256,False,False,False,True
155,73,0.58,34136322256919553882419406586994443686858719232,34136322256919553882419406586994443686861823014,155,0.494849,3103782,False,255,False,False,False,True
155,74,0.58,34136322256919553882419406586994443686858719232,34136322256919553882419406586994443686855615450,155,0.494849,-3103782,False,255,False,False,False,True
155,75,0.58,34136322256919553882419406586994443686858719232,34136322256919553882419406586994443686861906900,155,0.494849,3187668,False,256,False,False,False,True
155,76,0.58,34136322256919553882419406586994443686858719232,34136322256919553882419406586994443686855531564,155,0.494849,-3187668,False,254,False,False,False,True
155,77,0.58,34136322256919553882419406586994443686858719232,34136322256919553882419406586994443686861990786,155,0.494849,3271554,False,256,False,False,False,True
155,78,0.58,34136322256919553882419406586994443686858719232,34136322256919553882419406586994443686855447678,155,0.494849,-3271554,False,256,False,False,False,True
155,79,0.58,34136322256919553882419406586994443686858719232,34136322256919553882419406586994443686862074672,155,0.494849,3355440,False,255,False,False,False,True
155,80,0.58,34136322256919553882419406586994443686858719232,34136322256919553882419406586994443686855363792,155,0.494849,-3355440,False,256,False,False,False,True
155,81,0.58,34136322256919553882419406586994443686858719232,34136322256919553882419406586994443686862158558,155,0.494849,3439326,False,256,False,False,False,True
155,82,0.58,34136322256919553882419406586994443686858719232,34136322256919553882419406586994443686855279906,155,0.494849,-3439326,False,255,False,False,False,True
155,83,0.58,34136322256919553882419406586994443686858719232,34136322256919553882419406586994443686862242444,155,0.494849,3523212,False,256,False,False,False,True
155,84,0.58,34136322256919553882419406586994443686858719232,34136322256919553882419406586994443686855196020,155,0.494849,-3523212,False,250,False,False,False,True
155,85,0.58,34136322256919553882419406586994443686858719232,34136322256919553882419406586994443686862326330,155,0.494849,3607098,False,254,False,False,False,True
155,86,0.58,34136322256919553882419406586994443686858719232,34136322256919553882419406586994443686855112134,155,0.494849,-3607098,False,256,False,False,False,True
155,87,0.58,34136322256919553882419406586994443686858719232,34136322256919553882419406586994443686862410216,155,0.494849,3690984,False,255,False,False,False,True
155,88,0.58,34136322256919553882419406586994443686858719232,34136322256919553882419406586994443686855028248,155,0.494849,-3690984,False,255,False,False,False,True
155,89,0.58,34136322256919553882419406586994443686858719232,34136322256919553882419406586994443686862494102,155,0.494849,3774870,False,256,False,False,False,True
155,90,0.58,34136322256919553882419406586994443686858719232,34136322256919553882419406586994443686854944362,155,0.494849,-3774870,False,254,False,False,False,True
155,91,0.58,34136322256919553882419406586994443686858719232,34136322256919553882419406586994443686862577988,155,0.494849,3858756,False,252,False,False,False,True
155,92,0.58,34136322256919553882419406586994443686858719232,34136322256919553882419406586994443686854860476,155,0.494849,-3858756,False,256,False,False,False,True
155,93,0.58,34136322256919553882419406586994443686858719232,34136322256919553882419406586994443686862661874,155,0.494849,3942642,False,255,False,False,False,True
155,94,0.58,34136322256919553882419406586994443686858719232,34136322256919553882419406586994443686854776590,155,0.494849,-3942642,False,256,False,False,False,True
155,95,0.58,34136322256919553882419406586994443686858719232,34136322256919553882419406586994443686862745760,155,0.494849,4026528,False,256,False,False,False,True
155,96,0.58,34136322256919553882419406586994443686858719232,34136322256919553882419406586994443686854692704,155,0.494849,-4026528,False,254,False,False,False,True
155,97,0.58,34136322256919553882419406586994443686858719232,34136322256919553882419406586994443686862829646,155,0.494849,4110414,False,256,False,False,False,True
155,98,0.58,34136322256919553882419406586994443686858719232,34136322256919553882419406586994443686854608818,155,0.494849,-4110414,False,256,False,False,False,True
155,99,0.58,34136322256919553882419406586994443686858719232,34136322256919553882419406586994443686862913532,155,0.494849,4194300,False,254,False,False,False,True
160,0,0.58,1092362312221425724237421010783822197979479015424,1092362312221425724237421010783822197979479015424,160,0.494849,0,False,254,False,False,False,True
160,1,0.58,1092362312221425724237421010783822197979479015424,1092362312221425724237421010783822197979479099310,160,0.494849,83886,False,256,False,False,False,True
160,2,0.58,1092362312221425724237421010783822197979479015424,1092362312221425724237421010783822197979478931538,160,0.494849,-83886,False,255,False,False,False,True
160,3,0.58,1092362312221425724237421010783822197979479015424,1092362312221425724237421010783822197979479183196,160,0.494849,167772,False,256,False,False,False,True
160,4,0.58,1092362312221425724237421010783822197979479015424,1092362312221425724237421010783822197979478847652,160,0.494849,-167772,False,256,False,False,False,True
160,5,0.58,1092362312221425724237421010783822197979479015424,1092362312221425724237421010783822197979479267082,160,0.494849,251658,False,256,False,False,False,True
160,6,0.58,1092362312221425724237421010783822197979479015424,1092362312221425724237421010783822197979478763766,160,0.494849,-251658,False,256,False,False,False,True
160,7,0.58,1092362312221425724237421010783822197979479015424,1092362312221425724237421010783822197979479350968,160,0.494849,335544,False,255,False,False,False,True
160,8,0.58,1092362312221425724237421010783822197979479015424,1092362312221425724237421010783822197979478679880,160,0.494849,-335544,False,256,False,False,False,True
160,9,0.58,1092362312221425724237421010783822197979479015424,1092362312221425724237421010783822197979479434854,160,0.494849,419430,False,254,False,False,False,True
160,10,0.58,1092362312221425724237421010783822197979479015424,1092362312221425724237421010783822197979478595994,160,0.494849,-419430,False,253,False,False,False,True
160,11,0.58,1092362312221425724237421010783822197979479015424,1092362312221425724237421010783822197979479518740,160,0.494849,503316,False,253,False,False,False,True
160,12,0.58,1092362312221425724237421010783822197979479015424,1092362312221425724237421010783822197979478512108,160,0.494849,-503316,False,255,False,False,False,True
160,13,0.58,1092362312221425724237421010783822197979479015424,1092362312221425724237421010783822197979479602626,160,0.494849,587202,False,256,False,False,False,True
160,14,0.58,1092362312221425724237421010783822197979479015424,1092362312221425724237421010783822197979478428222,160,0.494849,-587202,False,255,False,False,False,True
160,15,0.58,1092362312221425724237421010783822197979479015424,1092362312221425724237421010783822197979479686512,160,0.494849,671088,False,256,False,False,False,True
160,16,0.58,1092362312221425724237421010783822197979479015424,1092362312221425724237421010783822197979478344336,160,0.494849,-671088,False,256,False,False,False,True
160,17,0.58,1092362312221425724237421010783822197979479015424,1092362312221425724237421010783822197979479770398,160,0.494849,754974,False,256,False,False,False,True
160,18,0.58,1092362312221425724237421010783822197979479015424,1092362312221425724237421010783822197979478260450,160,0.494849,-754974,False,256,False,False,False,True
160,19,0.58,1092362312221425724237421010783822197979479015424,1092362312221425724237421010783822197979479854284,160,0.494849,838860,False,255,False,False,False,True
160,20,0.58,1092362312221425724237421010783822197979479015424,1092362312221425724237421010783822197979478176564,160,0.494849,-838860,False,251,False,False,False,True
160,21,0.58,1092362312221425724237421010783822197979479015424,1092362312221425724237421010783822197979479938170,160,0.494849,922746,False,254,False,False,False,True
160,22,0.58,1092362312221425724237421010783822197979479015424,1092362312221425724237421010783822197979478092678,160,0.494849,-922746,False,254,False,False,False,True
160,23,0.58,1092362312221425724237421010783822197979479015424,1092362312221425724237421010783822197979480022056,160,0.494849,1006632,False,256,False,False,False,True
160,24,0.58,1092362312221425724237421010783822197979479015424,1092362312221425724237421010783822197979478008792,160,0.494849,-1006632,False,255,False,False,False,True
160,25,0.58,1092362312221425724237421010783822197979479015424,1092362312221425724237421010783822197979480105942,160,0.494849,1090518,False,256,False,False,False,True
160,26,0.58,1092362312221425724237421010783822197979479015424,1092362312221425724237421010783822197979477924906,160,0.494849,-1090518,False,256,False,False,False,True
160,27,0.58,1092362312221425724237421010783822197979479015424,1092362312221425724237421010783822197979480189828,160,0.494849,1174404,False,256,False,False,False,True
160,28,0.58,1092362312221425724237421010783822197979479015424,1092362312221425724237421010783822197979477841020,160,0.494849,-1174404,False,256,False,False,False,True
160,29,0.58,1092362312221425724237421010783822197979479015424,1092362312221425724237421010783822197979480273714,160,0.494849,1258290,False,255,False,False,False,True
160,30,0.58,1092362312221425724237421010783822197979479015424,1092362312221425724237421010783822197979477757134,160,0.494849,-1258290,False,256,False,False,False,True
160,31,0.58,1092362312221425724237421010783822197979479015424,1092362312221425724237421010783822197979480357600,160,0.494849,1342176,False,254,False,False,False,True
160,32,0.58,1092362312221425724237421010783822197979479015424,1092362312221425724237421010783822197979477673248,160,0.494849,-1342176,False,254,False,False,False,True
160,33,0.58,1092362312221425724237421010783822197979479015424,1092362312221425724237421010783822197979480441486,160,0.494849,1426062,False,251,False,False,False,True
160,34,0.58,1092362312221425724237421010783822197979479015424,1092362312221425724237421010783822197979477589362,160,0.494849,-1426062,False,255,False,False,False,True
160,35,0.58,1092362312221425724237421010783822197979479015424,1092362312221425724237421010783822197979480525372,160,0.494849,1509948,False,256,False,False,False,True
160,36,0.58,1092362312221425724237421010783822197979479015424,1092362312221425724237421010783822197979477505476,160,0.494849,-1509948,False,256,False,False,False,True
160,37,0.58,1092362312221425724237421010783822197979479015424,1092362312221425724237421010783822197979480609258,160,0.494849,1593834,False,256,False,False,False,True
160,38,0.58,1092362312221425724237421010783822197979479015424,1092362312221425724237421010783822197979477421590,160,0.494849,-1593834,False,256,False,False,False,True
160,39,0.58,1092362312221425724237421010783822197979479015424,1092362312221425724237421010783822197979480693144,160,0.494849,1677720,False,255,False,False,False,True
160,40,0.58,1092362312221425724237421010783822197979479015424,1092362312221425724237421010783822197979477337704,160,0.494849,-1677720,False,256,False,False,False,True
160,41,0.58,1092362312221425724237421010783822197979479015424,1092362312221425724237421010783822197979480777030,160,0.494849,1761606,False,255,False,False,False,True
160,42,0.58,1092362312221425724237421010783822197979479015424,1092362312221425724237421010783822197979477253818,160,0.494849,-1761606,False,253,False,False,False,True
160,43,0.58,1092362312221425724237421010783822197979479015424,1092362312221425724237421010783822197979480860916,160,0.494849,1845492,False,253,False,False,False,True
160,44,0.58,1092362312221425724237421010783822197979479015424,1092362312221425724237421010783822197979477169932,160,0.494849,-1845492,False,255,False,False,False,True
160,45,0.58,1092362312221425724237421010783822197979479015424,1092362312221425724237421010783822197979480944802,160,0.494849,1929378,False,256,False,False,False,True
160,46,0.58,1092362312221425724237421010783822197979479015424,1092362312221425724237421010783822197979477086046,160,0.494849,-1929378,False,255,False,False,False,True
160,47,0.58,1092362312221425724237421010783822197979479015424,1092362312221425724237421010783822197979481028688,160,0.494849,2013264,False,256,False,False,False,True
160,48,0.58,1092362312221425724237421010783822197979479015424,1092362312221425724237421010783822197979477002160,160,0.494849,-2013264,False,256,False,False,False,True
160,49,0.58,1092362312221425724237421010783822197979479015424,1092362312221425724237421010783822197979481112574,160,0.494849,2097150,False,256,False,False,False,True
160,50,0.58,1092362312221425724237421010783822197979479015424,1092362312221425724237421010783822197979476918274,160,0.494849,-2097150,False,256,False,False,False,True
160,51,0.58,1092362312221425724237421010783822197979479015424,1092362312221425724237421010783822197979481196460,160,0.494849,2181036,False,255,False,False,False,True
160,52,0.58,1092362312221425724237421010783822197979479015424,1092362312221425724237421010783822197979476834388,160,0.494849,-2181036,False,256,False,False,False,True
160,53,0.58,1092362312221425724237421010783822197979479015424,1092362312221425724237421010783822197979481280346,160,0.494849,2264922,False,254,False,False,False,True
160,54,0.58,1092362312221425724237421010783822197979479015424,1092362312221425724237421010783822197979476750502,160,0.494849,-2264922,False,254,False,False,False,True
160,55,0.58,1092362312221425724237421010783822197979479015424,1092362312221425724237421010783822197979481364232,160,0.494849,2348808,False,256,False,False,False,True
160,56,0.58,1092362312221425724237421010783822197979479015424,1092362312221425724237421010783822197979476666616,160,0.494849,-2348808,False,255,False,False,False,True
160,57,0.58,1092362312221425724237421010783822197979479015424,1092362312221425724237421010783822197979481448118,160,0.494849,2432694,False,256,False,False,False,True
160,58,0.58,1092362312221425724237421010783822197979479015424,1092362312221425724237421010783822197979476582730,160,0.494849,-2432694,False,256,False,False,False,True
160,59,0.58,1092362312221425724237421010783822197979479015424,1092362312221425724237421010783822197979481532004,160,0.494849,2516580,False,256,False,False,False,True
160,60,0.58,1092362312221425724237421010783822197979479015424,1092362312221425724237421010783822197979476498844,160,0.494849,-2516580,False,256,False,False,False,True
160,61,0.58,1092362312221425724237421010783822197979479015424,1092362312221425724237421010783822197979481615890,160,0.494849,2600466,False,255,False,False,False,True
160,62,0.58,1092362312221425724237421010783822197979479015424,1092362312221425724237421010783822197979476414958,160,0.494849,-2600466,False,256,False,False,False,True
160,63,0.58,1092362312221425724237421010783822197979479015424,1092362312221425724237421010783822197979481699776,160,0.494849,2684352,False,254,False,False,False,True
160,64,0.58,1092362312221425724237421010783822197979479015424,1092362312221425724237421010783822197979476331072,160,0.494849,-2684352,False,253,False,False,False,True
160,65,0.58,1092362312221425724237421010783822197979479015424,1092362312221425724237421010783822197979481783662,160,0.494849,2768238,False,252,False,False,False,True
160,66,0.58,1092362312221425724237421010783822197979479015424,1092362312221425724237421010783822197979476247186,160,0.494849,-2768238,False,255,False,False,False,True
160,67,0.58,1092362312221425724237421010783822197979479015424,1092362312221425724237421010783822197979481867548,160,0.494849,2852124,False,256,False,False,False,True
160,68,0.58,1092362312221425724237421010783822197979479015424,1092362312221425724237421010783822197979476163300,160,0.494849,-2852124,False,255,False,False,False,True
160,69,0.58,1092362312221425724237421010783822197979479015424,1092362312221425724237421010783822197979481951434,160,0.494849,2936010,False,256,False,False,False,True
160,70,0.58,1092362312221425724237421010783822197979479015424,1092362312221425724237421010783822197979476079414,160,0.494849,-2936010,False,256,False,False,False,True
160,71,0.58,1092362312221425724237421010783822197979479015424,1092362312221425724237421010783822197979482035320,160,0.494849,3019896,False,256,False,False,False,True
160,72,0.58,1092362312221425724237421010783822197979479015424,1092362312221425724237421010783822197979475995528,160,0.494849,-3019896,False,256,False,False,False,True
160,73,0.58,1092362312221425724237421010783822197979479015424,1092362312221425724237421010783822197979482119206,160,0.494849,3103782,False,255,False,False,False,True
160,74,0.58,1092362312221425724237421010783822197979479015424,1092362312221425724237421010783822197979475911642,160,0.494849,-3103782,False,252,False,False,False,True
160,75,0.58,1092362312221425724237421010783822197979479015424,1092362312221425724237421010783822197979482203092,160,0.494849,3187668,False,254,False,False,False,True
160,76,0.58,1092362312221425724237421010783822197979479015424,1092362312221425724237421010783822197979475827756,160,0.494849,-3187668,False,254,False,False,False,True
160,77,0.58,1092362312221425724237421010783822197979479015424,1092362312221425724237421010783822197979482286978,160,0.494849,3271554,False,256,False,False,False,True
160,78,0.58,1092362312221425724237421010783822197979479015424,1092362312221425724237421010783822197979475743870,160,0.494849,-3271554,False,255,False,False,False,True
160,79,0.58,1092362312221425724237421010783822197979479015424,1092362312221425724237421010783822197979482370864,160,0.494849,3355440,False,256,False,False,False,True
160,80,0.58,1092362312221425724237421010783822197979479015424,1092362312221425724237421010783822197979475659984,160,0.494849,-3355440,False,256,False,False,False,True
160,81,0.58,1092362312221425724237421010783822197979479015424,1092362312221425724237421010783822197979482454750,160,0.494849,3439326,False,256,False,False,False,True
160,82,0.58,1092362312221425724237421010783822197979479015424,1092362312221425724237421010783822197979475576098,160,0.494849,-3439326,False,256,False,False,False,True
160,83,0.58,1092362312221425724237421010783822197979479015424,1092362312221425724237421010783822197979482538636,160,0.494849,3523212,False,255,False,False,False,True
160,84,0.58,1092362312221425724237421010783822197979479015424,1092362312221425724237421010783822197979475492212,160,0.494849,-3523212,False,256,False,False,False,True
160,85,0.58,1092362312221425724237421010783822197979479015424,1092362312221425724237421010783822197979482622522,160,0.494849,3607098,False,254,False,False,False,True
160,86,0.58,1092362312221425724237421010783822197979479015424,1092362312221425724237421010783822197979475408326,160,0.494849,-3607098,False,254,False,False,False,True
160,87,0.58,1092362312221425724237421010783822197979479015424,1092362312221425724237421010783822197979482706408,160,0.494849,3690984,False,251,False,False,False,True
160,88,0.58,1092362312221425724237421010783822197979479015424,1092362312221425724237421010783822197979475324440,160,0.494849,-3690984,False,255,False,False,False,True
160,89,0.58,1092362312221425724237421010783822197979479015424,1092362312221425724237421010783822197979482790294,160,0.494849,3774870,False,256,False,False,False,True
160,90,0.58,1092362312221425724237421010783822197979479015424,1092362312221425724237421010783822197979475240554,160,0.494849,-3774870,False,256,False,False,False,True
160,91,0.58,1092362312221425724237421010783822197979479015424,1092362312221425724237421010783822197979482874180,160,0.494849,3858756,False,256,False,False,False,True
160,92,0.58,1092362312221425724237421010783822197979479015424,1092362312221425724237421010783822197979475156668,160,0.494849,-3858756,False,256,False,False,False,True
160,93,0.58,1092362312221425724237421010783822197979479015424,1092362312221425724237421010783822197979482958066,160,0.494849,3942642,False,255,False,False,False,True
160,94,0.58,1092362312221425724237421010783822197979479015424,1092362312221425724237421010783822197979475072782,160,0.494849,-3942642,False,256,False,False,False,True
160,95,0.58,1092362312221425724237421010783822197979479015424,1092362312221425724237421010783822197979483041952,160,0.494849,4026528,False,255,False,False,False,True
160,96,0.58,1092362312221425724237421010783822197979479015424,1092362312221425724237421010783822197979474988896,160,0.494849,-4026528,False,253,False,False,False,True
160,97,0.58,1092362312221425724237421010783822197979479015424,1092362312221425724237421010783822197979483125838,160,0.494849,4110414,False,253,False,False,False,True
160,98,0.58,1092362312221425724237421010783822197979479015424,1092362312221425724237421010783822197979474905010,160,0.494849,-4110414,False,255,False,False,False,True
160,99,0.58,1092362312221425724237421010783822197979479015424,1092362312221425724237421010783822197979483209724,160,0.494849,4194300,False,256,False,False,False,True
