group	label	puzzle_n	lane3	lane5	scalar	mod	eq1_lhs	eq1_rhs	eq1_h2	eq1_h3	eq2_lhs	eq2_rhs	eq2_h2	eq2_h3
solved	P1	1	1	1	1	p	32748224938747404814623910738487752935528512903530129802856995983256684603122	32748224938747404814623910738487752935528512903530129802856995983256684603122	32->32	327->327	60300556597753154781239923047219078515410877540607532238537983597388018023497	28522264212469271830151728101663411104844712793013968865831688505076558508754	60->28	603->285
solved	P1	1	1	1	1	N	111932389028195315396815546971791166199071105959433453623911647478162028604238	21961766551009391820754038654052583481452545033103063662893245332585269910104	11->21	111->219	63864174655939162559187298403360374818927049174111034973644447360052720040543	78465346189582986982487856331495122141060040474514340295117675347218960436378	63->78	638->784
solved	P1	1	1	1	1	delta	3049210933116706156529343243383287657	56220668384168908396328960289896912350	30->56	304->562	126424704912520084442873408123707982202	289068747894390968550483386835227393463	12->28	126->289
solved	P2	2	2	2	3	p	104193826873522593991639737736096919049125888873761064059040146529970392609905	104193826873522593991639737736096919049125888873761064059040146529970392609905	10->10	104->104	34127961938143323518648504864655696834289988457762366459184325325612824696588	77726080072861252202718750487713923794914273153259980564912645881856150352797	34->77	341->777
solved	P2	2	2	2	3	N	106039085787720851727288613063833580830047371556249137770794716760761416515962	55059550318533131655175168820307508346826546327637408097393261730645925771300	10->55	106->550	49689783181094370105833173172729009022499404202577483562283577315651547217583	11830768734852992692946361688792811819684946715393138040958325736165297064421	49->11	496->118
solved	P2	2	2	2	3	delta	243014420729415847281797528203636459104	139371715287565888607955037945652855986	24->13	243->139	316576455279973784351848165530787452829	245054137619402979925460177126654282211	31->24	316->245
solved	P3	3	0	3	7	p	96450596166544446384344097527393051748536233860111093772726844804975283418792	96450596166544446384344097527393051748536233860111093772726844804975283418792	96->96	964->964	74157426359922080869902121248692622187243015158284150441887862630981325844409	40547498188754207847185421089104853109754439989408081422221661223714324829489	74->40	741->405
solved	P3	3	0	3	7	N	4661705979473571269269188715788187162552638291303845934478247623750177363809	61390824193325353259116074673106401412297051031721379497644366176713402224643	46->61	466->613	113773893901746200934350239128769824901598868831979267079567904882811740713144	100810608931719108512188524265254501257701055024697106531880665112260564984213	11->10	113->100
solved	P3	3	0	3	7	delta	359713862583604759030861608488286043749	231046535823753928670844241746221974768	35->23	359->231	321878716202086987060167117512083233082	381938047410539765337965540749812153167	32->38	321->381
solved	P4	4	1	4	8	p	82990125521313184298913304572568244533370608373326388832575356830610908273516	82990125521313184298913304572568244533370608373326388832575356830610908273516	82->82	829->829	58651623642036639619459573560403867331528864484006166486758302138518324681486	71979977390555669044859697725468350721956506997655101152877091586901152571197	58->71	586->719
solved	P4	4	1	4	8	N	12174172660090946557013724640407511124422564464530571462147272695223059382287	101976839019529094096218545694698801408892002081381786444447260354245214513449	12->10	121->101	40753396941762584072111188380829239918029589208543014716524800175085538358114	76155417979254032744691718810982935918358573819055106508294315835211301910549	40->76	407->761
solved	P4	4	1	4	8	delta	100764058310116692730487743719430464092	18237418776004769953143341649156851590	10->18	100->182	2687557809060207679449789302478321655	196627673151737789538567590565978511851	26->19	268->196
solved	P5	5	2	0	21	p	71355287026221043031892875888979967678338174342476311301060821258280072270295	71355287026221043031892875888979967678338174342476311301060821258280072270295	71->71	713->713	51217881659317905003871387367561212292390672075224176426750526119898585903063	84200057463484869905957770835392791892181829416237816394097198114716378004899	51->84	512->842
solved	P5	5	2	0	21	N	84039147331544340437248756999976761703869223700784603201760623590961324052795	40069875814676489677148225429621289917399610254080550068797275171080407505088	84->40	840->400	105982779231342308283675208271699530469674672489339609580142691135318251096729	100670013809858434508055547356964025036449035259588074980961566953109117329758	10->10	105->100
solved	P5	5	2	0	21	delta	430771507997769974649823840572405106670	317303539821434497356733835386615932900	43->31	430->317	335479280087132304004989665447467307455	413642181905024543382251225883917552965	33->41	335->413
solved	P6	6	0	1	49	p	39174481976096429720936214824980480828094112001748029707786701133077380044647	39174481976096429720936214824980480828094112001748029707786701133077380044647	39->39	391->391	69429208469318455486443948191406298821025178652269389773220250423244653539069	20085671427958896732653702383376712887315617845190906171813820208103916405908	69->20	694->200
solved	P6	6	0	1	49	N	86674924150002988604519953519674155506281895734680812752634846542253572254822	4660628758189174500986196304170572764575555368658825355593606458094249348183	86->46	866->466	26051324998878414827959495880365092974248124854013483667538353273084216201536	6007746490685112524740622926072671740125603580607446401439787131712531024707	26->60	260->600
solved	P6	6	0	1	49	delta	287726497681382807614927246100116386539	294456010302740774768790956124320164279	28->29	287->294	336956646508859253922894774757066679886	173231019247990887197756066688708199706	33->17	336->173
solved	P7	7	1	2	76	p	97773680733204752392493929633224121452646826688444399460210185162626204743306	97773680733204752392493929633224121452646826688444399460210185162626204743306	97->97	977->977	53515859704843399611070847681068474851444395827176075573068012297801791559913	39165789492067577566642241779890527141920237069689191762801173671305312397489	53->39	535->391
solved	P7	7	1	2	76	N	4946188784839955357545252253975029997853884632475296524919411534948273440171	45345339648179904280226931703994959213975478999129545865996098172200430804613	49->45	494->453	40101804311106292365210898195512684083810361196872806813901694865018915671973	65567866792762766951425678106210416990094830562757515430904099673844055717468	40->65	401->655
solved	P7	7	1	2	76	delta	115798030721705166983546742784188395594	107332347984866024929606795933983689812	11->10	115->107	330881335223322515961957857455298756881	373923953509088789972418600741452475599	33->37	330->373
solved	P8	8	2	3	224	p	11266534501875276596310535973797634902233161900624011692289979135733900695590	11266534501875276596310535973797634902233161900624011692289979135733900695590	11->11	112->112	34252093159821394317831677912322003208949329937442962982843704154846946731361	89130042528313571916757514024012453224277977995359902938944009555453020627547	34->89	342->891
solved	P8	8	2	3	224	N	48138467640585654946209221394700013939997175056850108979407615470801785749724	45808066505677662047333775936005478021591991761407306594896199233112957667245	48->45	481->458	51733903498538892845750613321075112780991505196927638933716623897173022924618	60472410752688119957717829596908974801597080892239701730214991191191374426214	51->60	517->604
solved	P8	8	2	3	224	delta	54719565112156283225905544901483641269	410703207979296357344427216121976613813	54->41	547->410	408314739318363464477445766681639659486	168685797492000367381738152650738928382	40->16	408->168
solved	P9	9	0	4	467	p	2568621595033825728409218013079588026113191208417633224157170797387184903017	2568621595033825728409218013079588026113191208417633224157170797387184903017	25->25	256->256	9640392942870393193781958894831795090904290097024316666830603000297581981437	65307221239534493821610454987021060654694377507394348222866496517440667245679	96->65	964->653
solved	P9	9	0	4	467	N	100034183821562329031149230585609604229720106867986847150148982085113140103302	36211831225835875403357696133566875948276960966160776432276595074009774624486	10->36	100->362	5362249707992727908265144617318618816926847568855790045685748460428568535363	42268016579940853488586836458044900164318317206108131524988523485445161378448	53->42	536->422
solved	P9	9	0	4	467	delta	382001309530781201962742949905474317042	89601845998794948955565380602518794114	38->89	382->896	350746195518786085426227974295118188807	416156182961925877506106990233456750587	35->41	350->416
solved	P10	10	1	0	514	p	37386530427035747593092203140326004575935230797043020097287622115435418192091	37386530427035747593092203140326004575935230797043020097287622115435418192091	37->37	373->373	102140008440400276200986097753363314827716944114780456539808881958261056694935	52279652353607271484995652126259712489683498272822512827053586729758834678848	10->52	102->522
solved	P10	10	1	0	514	N	31055284190396582243399221036546884194202829339916838570407097379657669346265	34166572113748067410670589505498691491343249591908965399892263650602681736288	31->34	310->341	26868985404685250095871558945478936878994793041668628803623178058954815816623	48169962750101220018286804072678728987985521211192794425597137108081052302463	26->48	268->481
solved	P10	10	1	0	514	delta	409963588957646496466840853840310999180	428091712494124414429310116770445391653	40->42	409->428	140064672251189004835881487035722685487	139178187874521846425546709300038224124	14->13	140->139
solved	P11	11	2	1	1155	p	27804305488909649267144788011321533077235461066739027967831759202207767171739	27804305488909649267144788011321533077235461066739027967831759202207767171739	27->27	278->278	100455062048284722382626135830014484570219687843583427195331876708594798399532	56719711117888440804094642905148748788799189328888684736933292642148589254481	10->56	100->567
solved	P11	11	2	1	1155	N	79796760177505090350707234919233408036861102194806860524633791081260265229119	90611525751070751210558361299579867814481265610795185490913781751650247909604	79->90	797->906	66715068583043773172872876639129744468967939651487470601530321778811056235861	61266464479220829236245873091203584059476272110896294352714553406077861739562	66->61	667->612
solved	P11	11	2	1	1155	delta	400930268482578470547440917993176577016	101337697786501044104386188668525267967	40->10	400->101	198174402618537572225695953770149019959	382501140435002030717320763624701886986	19->38	198->382
solved	P12	12	0	2	2683	p	112914658509136730185450118897227110042440745220661858894878824566570755467799	112914658509136730185450118897227110042440745220661858894878824566570755467799	11->11	112->112	40035888776311293194475049855812714074865291440544584537403527640141982925954	62666425287343656905741709119232063938348512098526043902222331911801135551085	40->62	400->626
solved	P12	12	0	2	2683	N	9733471762099543277483876118144608451163458713467994668356210443148650149601	1328858001908486085257513880680348195539437853329458752746655065928853611896	97->13	973->132	39742746019459097253893918354735030642569027350286588006907412126890276674897	30303571636202099570688793456431200610954318260747955223490078273146132701487	39->30	397->303
solved	P12	12	0	2	2683	delta	144751337564764436394437253760527549291	84272617960827085359944705182334540761	14->84	144->842	77757104227707280059421231566622450030	382264544085941350288273118660951677154	77->38	777->382
solved	P13	13	1	3	5216	p	105736499594273499432646928166661569529179759807764294964948419906043103751681	105736499594273499432646928166661569529179759807764294964948419906043103751681	10->10	105->105	75644060806944914858592704485677487123521649382424897905041435289241904568053	36335465614035349236196034709838844634861402384552341369749039324326946680014	75->36	756->363
solved	P13	13	1	3	5216	N	103371273970696855437987617404466749326108004679028302820605989625319156376664	92203381930198223148576352216310426870115452268218573331009611182919032326330	10->92	103->922	59542269573544256877044589016567538394663102308562177512016020815074606421482	70389103620053060597674363048010318538473971523576490999962800679819109103212	59->70	595->703
solved	P13	13	1	3	5216	delta	381655193379304453974085823154430997748	268151868000766157452346120036448671815	38->26	381->268	280651360274405186780374789653374365165	296713853390774399752569776369704335906	28->29	280->296
solved	P14	14	2	4	10544	p	26389475783465458717100181606697705712460614445019491968299428763826484084819	26389475783465458717100181606697705712460614445019491968299428763826484084819	26->26	263->263	3601083574520571810497319117093416074545287072181624000452238599367136251397	10631658927808165428402573635120322645287595746930044101569649371788721097526	36->10	360->106
solved	P14	14	2	4	10544	N	105632605744075288346987068403583210193696798516798627015260317620914192722028	82228207724787929158602867694931772503557685292559397034695276421915240005959	10->82	105->822	50421165194972374940672828660374554177291457490878761054809172559937832596862	41235958553169023028161203240608477854762475859598907963915291455659499285028	50->41	504->412
solved	P14	14	2	4	10544	delta	402657826709182616888935219110455652260	160723580809478282791681548299352501933	40->16	402->160	339706803732838328391792366705794796931	51515267433207588791645703591987653110	33->51	339->515
solved	P15	15	0	0	26867	p	89588762327936588195255683737191321062385465571928869773089968883667569659098	89588762327936588195255683737191321062385465571928869773089968883667569659098	89->89	895->895	4494535446359966530532298397037211613916152619813261489967697088201189863618	14396008141362765635167396991888095832044997483698729081989025829251225329361	44->14	449->143
solved	P15	15	0	0	26867	N	66244903633836783611466538225733530488669417493038336631141336471913191143495	90450303902751322622994168001686340206479746396299124159849580093222343029133	66->90	662->904	72471127930417101425158830260457691135896608867840773601410264555616101806721	75414785360895228992677389906804933366925677667275216120197163456011434858182	72->75	724->754
solved	P15	15	0	0	26867	delta	181431754297012905394816844196176958353	258112924593401836948617977951856444768	18->25	181->258	113419056502558840889410458965006081902	298574291476500430932010138389469671247	11->29	113->298
solved	P16	16	1	1	51510	p	1271602034777058394657085276496461443109823647464934225465040684311727435239	1271602034777058394657085276496461443109823647464934225465040684311727435239	12->12	127->127	607142588727814933440989672555743007069678431576183549956784244881554353896	17721356554166643943682969218890020083858115648729694991808116260048296445796	60->17	607->177
solved	P16	16	1	1	51510	N	14437603780638490636536281353851644860632243887894820972111449698077403529492	115474569532113568458444314635440780778802858052807043778917546266159440376431	14->11	144->115	13189040580554877060295100085266299164129718032647193055767577960852893735281	94605761487052153460333643696204387739148197446990388913456283430383515245554	13->94	131->946
solved	P16	16	1	1	51510	delta	258428104285582916751485841299392948755	290124103248982657518185301390303858802	25->29	258->290	201921726751314910029649300587745323772	153799380960188093392130869915115582019	20->15	201->153
solved	P17	17	2	2	95823	p	93048250670864490272321329975337294747347997662224989491112583048205539385614	93048250670864490272321329975337294747347997662224989491112583048205539385614	93->93	930->930	22023651756567625109182566044602126817091051562828907403117953862857250973686	57649332944523331086995370948236364857758870181148342939845722479026635292098	22->57	220->576
solved	P17	17	2	2	95823	N	33552143877017350007909097125240114962996196488797498456741969712262240265154	95124948956966011400612177151264430470340228800869075951450714025634534399628	33->95	335->951	98663467443683281592640613404917719600219982864981567083311302177121761196768	83157203403937329481253220464587301540507020204840753374076603539864480357833	98->83	986->831
solved	P17	17	2	2	95823	delta	261988603730128168354246142503533534658	38335452460612025242679900015911121547	26->38	261->383	97510522849263221220116751363167295225	9640138403056834668844799215473551668	97->96	975->964
solved	P18	18	0	3	198669	p	87450468766358250327487930823944303621568559046404589778197734136995072542716	87450468766358250327487930823944303621568559046404589778197734136995072542716	87->87	874->874	36149519589688317117691162321004138849396539532707002484121719110975270302614	65074492530391080178970057563660698981501088044366117316898943868398511028057	36->65	361->650
solved	P18	18	0	3	198669	N	8526149143822656059963252023066943759628318125063825830657645489236617716320	7917796806072208225748036453939911808419720580222259776367195860047090951504	85->79	852->791	41258897359492553037379065082661086121196462891763985739672651615202789638942	91480826906017243418620019246171947503299692006505272954658911051699468166645	41->91	412->914
solved	P18	18	0	3	198669	delta	169490539472395268816632700530574928946	275116010054536230389197428492520936774	16->27	169->275	81627181890532518590985624439973471541	159071494444907720333582103647700642261	81->15	816->159
solved	P19	19	1	4	357535	p	93022824074755329888600612644653625305983201223213834321965224518659963238007	93022824074755329888600612644653625305983201223213834321965224518659963238007	93->93	930->930	64141324085269807261430019854886162546544489426743605994347146760252710406132	68213805622773925758559936197199928731590490900614658924348197999594855512262	64->68	641->682
solved	P19	19	1	4	357535	N	47488063012634713797785051240251755230637921389738713470441481157390699760491	105278860894629821422355276891823261359698720209568816799333235712816198698957	47->10	474->105	3112942801844198300796076987453508623138649628970411395308646340995051205200	12982795615188425179879721469925753551353447787153585599771930787564474402516	31->12	311->129
solved	P19	19	1	4	357535	delta	187995822017641647145503756959165839414	163776003803879001741880193266846290945	18->16	187->163	401340536885064336280986018398960035161	389040616453675601240990722715886152512	40->38	401->389
solved	P20	20	2	0	863317	p	100855348930755252482626254136436704857874851190039074633241858099336600476720	100855348930755252482626254136436704857874851190039074633241858099336600476720	10->10	100->100	42019450678528771578792687268419943049872297429456899189830177738875574812232	115383905028616721518780997897126853577448403638601280492048091979928221941309	42->11	420->115
solved	P20	20	2	0	863317	N	52399061471842964765410111160300611870042791571429264783812426939486873652052	113114124074577615147491564270934241832265653858617639760815296797517569037586	52->11	523->113	48415599124881461383421713537913066304552579476807007572425511878313863034050	81581832479593766657686529298426956566401499130972046207499946144571275920710	48->81	484->815
solved	P20	20	2	0	863317	delta	230100234295769496023133537863815051825	160859912951936263443348545336462560227	23->16	230->160	114028040746348888539953512561753368990	240967660590828427148758155678710647102	11->24	114->240
solved	P21	21	0	1	1811764	p	29858229004847033381631258142656226768924472558881703787592204124333520920763	29858229004847033381631258142656226768924472558881703787592204124333520920763	29->29	298->298	125281281893214633693092874072273130821386925730839768969188020134353305431	104560557020584607200388545709607132163350733187365285447203815344834579304432	12->10	125->104
solved	P21	21	0	1	1811764	N	98593061098513706030124001671745525215723409090350410763576109838682827844749	68837859093248490213280284946209770280123869532238851388609763825174110676090	98->68	985->688	96172172266489932311129368376928026912158490392590042463469215634903042322893	79812646141604153868536545287348437647778074211295000457420585918854165450915	96->79	961->798
solved	P21	21	0	1	1811764	delta	285450886696741491169640702370534996967	349625035689363796776212191168079858653	28->34	285->349	271038556525483713490053787121705189712	395872258286929447743358589829660423372	27->39	271->395
solved	P22	22	1	2	3007503	p	96887440732731150586099639448145815700812789564457450045028574786843391032526	96887440732731150586099639448145815700812789564457450045028574786843391032526	96->96	968->968	52261464572922569158145632259204515080983912612362478275379493965944188874178	31388545999198654484523402497162349972912485633167125073240322354702336873180	52->31	522->313
solved	P22	22	1	2	3007503	N	95813621643247078953309504316492681439017226692049208987578223028555646383000	13125855644168477707187903504428091726059464737031711201352250688803779322545	95->13	958->131	106995419772638676626349756644592567092635464774116761056355990556239166074562	13651236719563572996152617562925184790628159593026002346545164404672626455483	10->13	106->136
solved	P22	22	1	2	3007503	delta	14433346019744963119162400601800687632	112024841084180458951576153975066990420	14->11	144->112	365582111567760814189105688535748903527	330010606340104540346493052521499126629	36->33	365->330
solved	P23	23	2	3	5598802	p	4851446481394088661653065050832460411529653764036649776966087770294398087843	4851446481394088661653065050832460411529653764036649776966087770294398087843	48->48	485->485	41220661030959168167763918117344217646081559727667321681967676419340756195008	83068434596746526192602987353584661623691780399301950759283723410493214766013	41->83	412->830
solved	P23	23	2	3	5598802	N	11883486322620302828979121881677087215100813060128134970837278331117118012751	48131835629899399405326550414366474183910662933804885902560647963115585430307	11->48	118->481	55364453140915287321913514740903228326593584871849937136706009909441524948235	46438784923844313534867467711932443405237590268950423353269043238646952318480	55->46	553->464
solved	P23	23	2	3	5598802	delta	411791814744636800026888939326126796576	70607842927777900920932246860369125109	41->70	411->706	186995539595806704865107003388315721751	221213213089760439728500624090001234988	18->22	186->221
solved	P24	24	0	4	14428676	p	65853714836830184540880015716859124605011413408466748430679548171429868059385	65853714836830184540880015716859124605011413408466748430679548171429868059385	65->65	658->658	83688564659606202371673666558123995449751001389630524296698931878237134882406	50614445901022054887454995129391059647730215086518051440754073391897800235755	83->50	836->506
solved	P24	24	0	4	14428676	N	23551067986661574626943932749352154397196359614130353939410577220598881800707	47632317667274667101766573184198033336580745862359519464068379554055538163017	23->47	235->476	93001739479971152524520166745946725301188584096332244958011012899584753037652	28242625937464636012220808231548867059209186750263147384985037350064528667341	93->28	930->282
solved	P24	24	0	4	14428676	delta	277860801095105828207073319172475983141	299215446070237392259652198679556771507	27->29	277->299	369176202946981571376581465332013448346	102161205472900544132597426768546508648	36->10	369->102
solved	P25	25	1	0	33185509	p	81786079839118765480984352516374274859183293675424089730046602444850022218449	81786079839118765480984352516374274859183293675424089730046602444850022218449	81->81	817->817	35048525942249759189182628683087423410420454228058976542444852005343909138305	98991444908680588232200570602284656411714412979925549913151048231636807402359	35->98	350->989
solved	P25	25	1	0	33185509	N	8007036671351315322733719035956286022931591356645586274648779095194627097402	2385164307070883553209520010214010889681791434042590043255588872948112798153	80->23	800->238	91199854181936023311069401391502360480327381923665894721658306103342600102468	20376583038288558126655011189683215727907245746028143578856197610914153084410	91->20	911->203
solved	P25	25	1	0	33185509	delta	244519748848243614201444796405618876183	229054627389208025703932260309312065037	24->22	244->229	209116280946024717928830286180106449050	164188808277454746081640233576815916842	20->16	209->164
solved	P26	26	2	1	54538862	p	65130384049844948541515279364130290051617767025604873290036615935372201918240	65130384049844948541515279364130290051617767025604873290036615935372201918240	65->65	651->651	102751661210226585591741305943477262578370262882314143217813703166791402609598	86789038072725686936550772913652277150726550553652754829087597984167747179602	10->86	102->867
solved	P26	26	2	1	54538862	N	81904739528642202112626073930156691716820421679050305603417023165014067879516	47940908244798731444676582335647817103544651074298776991936152400649702061093	81->47	819->479	24420449369163573736491188757147402228510055108208950516054450065471673736402	72556407463503148112420003309555698869235395094576662620226215867909345624391	24->72	244->725
solved	P26	26	2	1	54538862	delta	200077886218178467645139740339106922554	94769010893802899715914959568525036608	20->94	200->947	112291217630423246246785120694492447719	70367073457744309171763290632062658659	11->70	112->703
solved	P27	27	0	2	111949941	p	4465398825630579147054643457259554384309080880128448850348566809658493516250	4465398825630579147054643457259554384309080880128448850348566809658493516250	44->44	446->446	34220208474936981454693977536059971721412930514331978364554334143345063788560	24004920197159159072134743304397580449794468893246901135270870658134674648878	34->24	342->240
solved	P27	27	0	2	111949941	N	35541869787202830856238160962426104465397538092570334490179112944051036648258	63785429920282546029161024767723156316227191079151341226247365749521710141424	35->63	355->637	20274904900038814929028372301665169787209456512540899303256633630822416079357	21684094407416396065440275747550817840952676823377340420046107022962356830358	20->21	202->216
solved	P27	27	0	2	111949941	delta	337361645539358144650222570315934428093	74434505145380756958090058910000745111	33->74	337->744	109008673522535304953531892035233131582	143499989047633364220996299581581394696	10->14	109->143
solved	P28	28	1	3	227634408	p	66171649858776583974173898529110806807369274556556760081810852058286881831535	66171649858776583974173898529110806807369274556556760081810852058286881831535	66->66	661->661	22837753530491022289343684500842951539342409471568811898982107511520007785207	111236964937157510965268387572510838783969949751233757935277084328448022383934	22->11	228->111
solved	P28	28	1	3	227634408	N	65857620791587824239611869226509981236456931939083137625313268189491624851886	18233635799478138522288408103647402538710255861364000951930070974255376056335	65->18	658->182	108924087081598536909962494059404220444179476087260543940118111206961319306189	32345413083297665258396787346226600231138405954320233878309264901900511745823	10->32	108->323
solved	P28	28	1	3	227634408	delta	138519999772128804053766296043481868386	2592893457880097402038089532450125843	13->25	138->259	130522350108704356655137143483473217033	226070006938572391663541287214745795184	13->22	130->226
solved	P29	29	2	4	400708894	p	57750067752607193639767614171355142716652590295571028311046794659533878863929	57750067752607193639767614171355142716652590295571028311046794659533878863929	57->57	577->577	12913328267373139916472070499669532330059291886643801145967905289474406915804	2065157695649455897992952327090418901555831008448982882935377612570414193043	12->20	129->206
solved	P29	29	2	4	400708894	N	36727251926468953518088282352617467905324834535375262173161466900818148766211	81663293728713249533601382562519685207378202189595177596266029613846560429908	36->81	367->816	85415642640364657600477025996381278084299372183017930100494686574032632111833	73324035293899061287247167300861081676631810186016078843175260134493592584493	85->73	854->733
solved	P29	29	2	4	400708894	delta	173517504804178309258178185619440672137	107764830774503252926105540817148401638	17->10	173->107	288917815193865624490883274737620769566	3289991061127547076673599174693834915	28->32	288->328
solved	P30	30	0	0	1033162084	p	56511531810813390531630581985586811489056569276244883492669141859587326019968	56511531810813390531630581985586811489056569276244883492669141859587326019968	56->56	565->565	26625460554361003051819727300710588958780743444402476530781130080663226405549	109346408689983882657067031323883789587298787054077612072498263040765655374718	26->10	266->109
solved	P30	30	0	0	1033162084	N	114660488266720219632195646525378855004031763085633125129930834190806470527630	104883577359543078983408263617764301106810169261582438426803193876304667094510	11->10	114->104	92990747488748684886498431020604111348045319709711172401728823527631242080362	53043529701308107937139579852718232140388893083983329439404637680340258148061	92->53	929->530
solved	P30	30	0	0	1033162084	delta	264867148428313478821710450576246324664	281198866681546120757909664040656488221	26->28	264->281	274783201395808063418357065929873714789	54189955382931450644304721894173879666	27->54	274->541
solved	P31	31	1	1	2102388551	p	6834238154976450849129580588611804041168048088511414771764122407555173426620	6834238154976450849129580588611804041168048088511414771764122407555173426620	68->68	683->683	95912317873857509245389236342303424849098477482578889360798810696407248929632	81197257089776269699353732025318639660754249114083700396083339836499861256881	95->81	959->811
solved	P31	31	1	1	2102388551	N	25454224935669037641707837214416663456908621669516259195290503619916122585	58932422173014271536527922314465066535205145239668374747830382240284144358497	25->58	254->589	70245928881602063532552023338719354494463871072236094455708029292018732934806	75510754257113561630616509668092094635260879151053369872083720609698623634228	70->75	702->755
solved	P31	31	1	1	2102388551	delta	75560719697138692831526343966910413291	418362959628893737196269549223513762763	75->41	755->418	135879761264746406844150437879110696480	93073560061122803602756984907340147814	13->93	135->930
solved	P32	32	2	2	3093472814	p	27260550831004819366492195269641854370406191922976795645188917295178610000527	27260550831004819366492195269641854370406191922976795645188917295178610000527	27->27	272->272	100798797110747544371874843836727414344198481216032943713306816228418330152999	104480633074510222104311478667517153129210559670073036385946589611059443706076	10->10	100->104
solved	P32	32	2	2	3093472814	N	46367619709033860137702227525350987985795987751426861031893977196247497586481	62360391883948398237641864284466104852625468733234300133793191697242663002035	46->62	463->623	108969703013502878014872640690553946790718572445546770229182503113510155353588	22151536239414737451178123826635582954075459880157686883187291188269618085436	10->22	108->221
solved	P32	32	2	2	3093472814	delta	307192427146631788495679188311014599062	231033330997916109996989062170177196876	30->23	307->231	257306170591844657213016723528274591219	326657426358281092374615406521854865551	25->32	257->326
solved	P33	33	0	3	7137437912	p	1438416677028868026774013204191445639109550806706890850161076011768854899538	1438416677028868026774013204191445639109550806706890850161076011768854899538	14->14	143->143	88814562196973184202357315544214540378762979948819675958354537835349037699926	69287918155685405605248987109710216267346045828644531893186184670946590827595	88->69	888->692
solved	P33	33	0	3	7137437912	N	6604787496570607426543416284914280788050322002181558288632712881779944058109	44351482647338390717163375040698322914210570940599811066586220427486901957967	66->44	660->443	12644542502779595381943583113986968666252027726776693687550116628153556400291	42399348268593060189935658984604718068271591999484784649144764500053429302738	12->42	126->423
solved	P33	33	0	3	7137437912	delta	335691451145512075865745140885509898028	72677189097291916479804520374928387951	33->72	335->726	69334746116219077474575351242456240833	144214746398800246968789487199985988460	69->14	693->144
solved	P34	34	1	4	14133072157	p	30173195431671656428943607703441256124379860698004457530210708892299313823719	30173195431671656428943607703441256124379860698004457530210708892299313823719	30->30	301->301	4518094436549010434416505267311365113025177875833769741385491506678868440758	2557253915612763937632896164759417629444753829554776739297165306942873967487	45->25	451->255
solved	P34	34	1	4	14133072157	N	14656923245185705582235219032011445676039446196903377847294440386095512352133	36580657649713158779195963838205953299583827809509651048229471797265585525270	14->36	146->365	23643766174311993124580373136705102836688311015415537498716735301457120204812	14322123045880979965292102157520113564935085025041032128784636542168902869206	23->14	236->143
solved	P34	34	1	4	14133072157	delta	67350192012179142179769222240318731971	426971922926268202963209214784246690485	67->42	673->426	110072367392732611902281631376283121198	90826995423956232407561331232164222842	11->90	110->908
solved	P35	35	2	0	20112871792	p	37516098159681485119841995840008428165248069785144454874323032396600376251522	37516098159681485119841995840008428165248069785144454874323032396600376251522	37->37	375->375	49465561091101775587151019108889925979749566601912966652258841237319992208888	70687419110708268628878131715145156741159818019411832893840277360865715616788	49->70	494->706
solved	P35	35	2	0	20112871792	N	678325315848808307085055467917836300050450705393324373182286602247210368142	31884879642988018536459632573646462361665203333431393674602981671264393299949	67->31	678->318	72026893628982569938759920552895053717457631373257841114028615200299026822225	86596436908810011493053761509256547180891858124911733228328949982611357632716	72->86	720->865
solved	P35	35	2	0	20112871792	delta	9840749741022852828976021152992012904	170936588143374621376166678763567817474	98->17	984->170	148757161791756570137415045878104898155	86639440863252680035028110208572899371	14->86	148->866
solved	P36	36	0	1	42387769980	p	72396831519769445064949424449525278116711537583900172094397325980078877174674	72396831519769445064949424449525278116711537583900172094397325980078877174674	72->72	723->723	57809086444578984111311150209694600520030613426880210268216562373160100911172	34328775569273376287070870558625420051390737082584217902303398526933070375525	57->34	578->343
solved	P36	36	0	1	42387769980	N	43922304843449931773050948603058178774727924114603498597307166868275542685311	70697436122023750546998277631640243209915378368423087951298110900484481666682	43->70	439->706	40275869050486288594049450737406822939489471374347897869559642008675183746778	97138226305586849545639816594089550239301309217524491518105159006030189395791	40->97	402->971
solved	P36	36	0	1	42387769980	delta	259470823167412349159038746598457436431	364686712427456204330131897690818480460	25->36	259->364	401652052095517328249540502999239168956	308793741381579363659651236891219424565	40->30	401->308
solved	P37	37	1	2	100251560595	p	106227455657816087717133121086217520599782125967329794551483874871000376118011	106227455657816087717133121086217520599782125967329794551483874871000376118011	10->10	106->106	85092345321158782973934155374666646563920798213050251088013939088108286927115	26796711443815831398574590683340175975640401458050864614028258423628264039502	85->26	850->267
solved	P37	37	1	2	100251560595	N	73351064282123036311525668500477339459901270695121929522260405666090397054454	43058765362597811608889665207378872417264439804347282603316861463973656653185	73->43	733->430	33307179419384431740055898784097000606327467382399755690090249233352725661384	26290328492147672482171837647742412755395157451560393275555309485314173613193	33->26	333->262
solved	P37	37	1	2	100251560595	delta	109769243904603708397978568890004293994	154670065157742757255789758027717825826	10->15	109->154	192026459071793390852976342619859398147	349000598099276453183487632596840132025	19->34	192->349
solved	P38	38	2	3	146971536592	p	81109335983516311296134162926226161794732797278751507663390297633087910517321	81109335983516311296134162926226161794732797278751507663390297633087910517321	81->81	811->811	4481352894718256100850198598278609726872307391656090749301437191733659873372	69937059555722835191503607209795260103445796428385575495547319120866509213299	44->69	448->699
solved	P38	38	2	3	146971536592	N	781605865044847325211701031598063200098228915347822619289122541742121619997	48333544592516794440346241782232270141562740528247227707582098039957095969573	78->48	781->483	83145065077536713219687428755676129992511649538284600242705480252895650721460	107079068751404000935243105053340177563937085273614638185100954509872016892253	83->10	831->107
solved	P38	38	2	3	146971536592	delta	158121444970001977914807166655576577635	395036418016693355382837926158987576621	15->39	158->395	93774429310538325732241867035177491554	8015598892773589123991747755808434520	93->80	937->801
solved	P39	39	0	4	323724968937	p	43066368966227815970129741945670212833964430047245828069695887543759097504431	43066368966227815970129741945670212833964430047245828069695887543759097504431	43->43	430->430	103605034289105493736120377655207439522860290839418917650933208421835576420235	81555856544000080234769669016937034983534585465919124685723525560918825684058	10->81	103->815
solved	P39	39	0	4	323724968937	N	108228932057840735016013046437340949467578715727338192615276804648429737088484	114682756732174228447624978616363363220272742457946695116542746699156276541605	10->11	108->114	28266118879514071027872678002898014073579610925520382844329481076141931389148	77086561882469478547965019897397942257239347732873686421891788905785082967715	28->77	282->770
solved	P39	39	0	4	323724968937	delta	59730999833554105969801869919564317524	240332417836602516586867031830615342174	59->24	597->240	886881651626093972583849081942910531	52470657519159692273441803202119192505	88->52	886->524
solved	P40	40	1	0	1003651412950	p	6303854738565845060822456677171761170118701265060332668389682537205909861394	6303854738565845060822456677171761170118701265060332668389682537205909861394	63->63	630->630	102888018416400129857591823819222943790246892116173755685041169792668000600476	56422728871315524242974693532919710342487250465162523458685976055252583926593	10->56	102->564
solved	P40	40	1	0	1003651412950	N	56789094927354492868365702127716587501583462333974900445272882510478128092000	70973148183053153206724675445456744360071845280158442458848264339252225585867	56->70	567->709	42260220857242901433855851980789547471522222003506645323940978620789212882425	45915571631740348381278787118095022844059322756724781821264162727569072426954	42->45	422->459
solved	P40	40	1	0	1003651412950	delta	312531402909150092722049871228961349127	26651642435038826329200269117917107205	31->26	312->266	76103440679060682121853332040992133716	125571770999105664276634700428278858186	76->12	761->125
solved	P41	41	2	1	1458252205147	p	96945304264886609749853996631925874774515502486390806261002974828935786657772	96945304264886609749853996631925874774515502486390806261002974828935786657772	96->96	969->969	4584046545304176981208729994889971371542621086092191636023136980758609052545	1519908150102498365160257886457237810313046238752938059713846998147903584755	45->15	458->151
solved	P41	41	2	1	1458252205147	N	65611234241080260346465164001025106696026983435954551195364426817674612207635	59654158073117660513282564225305590171559147628442856121991761755095161207871	65->59	656->596	69957999239655597526378497459281717872397767262427137022597110853412085519242	11479119031070242061065803587135998424389660979514642297554393542095528586462	69->11	699->114
solved	P41	41	2	1	1458252205147	delta	221606542571627997643653811488491154222	89548798980862022119209758291732046855	22->89	221->895	271795975152767413404758353840642902763	153214169628874895434626651981841940098	27->15	271->153
solved	P42	42	0	2	2895374552463	p	23235455260918641910243182738484484506697573112563323598679938292485420512211	23235455260918641910243182738484484506697573112563323598679938292485420512211	23->23	232->232	44868404446657673486730241787878297576370370707880488955716302190163740532469	110620920075533752546863525717987593305770223445836068117103319003382562309110	44->11	448->110
solved	P42	42	0	2	2895374552463	N	16414235246005148622676608269745704707123071916908837795621016265952137065225	94548739158280410124586858234361544547292819927357743444128002966911326093788	16->94	164->945	77403397196759393579922878605167308130892165819421469549238318146530240924085	17889319608065857122844671729803961658137503601381515700428227756643150056833	77->17	774->178
solved	P42	42	0	2	2895374552463	delta	425376179157208269676646631636063537855	105062569764406601780824775956412910973	42->10	425->105	92629066743187096234671770689964899978	399905114843774778120362555041164510156	92->39	926->399
solved	P43	43	1	3	7409811047825	p	78020879405344719513693594931068186433313620403660604354270756134812201400139	78020879405344719513693594931068186433313620403660604354270756134812201400139	78->78	780->780	60964046961241088734633361714622412923415174340511633415374532322783441143250	112922314787168642806031351944384375098688734097647849078051006276705999000753	60->11	609->112
solved	P43	43	1	3	7409811047825	N	48175152749694146663654433714828108238894799502290783639063292762659407129321	10289180310625087539739958416008384354915262987491008539684335831879196017794	48->10	481->102	67959179923773644581639826474964093976503879710779905977378075789581548815089	13124003823365333269992933509621730863684512243966456516630593811215290604996	67->13	679->131
solved	P43	43	1	3	7409811047825	delta	92020459598050287676351588177634569052	352502937650451741855715945182065466292	92->35	920->352	7523802270650860447797807894841925671	204404887193603455343256269523884114327	75->20	752->204
solved	P44	44	2	4	15404761757071	p	94135200058435154947876297122926246888078924545594837892260329312805730571798	94135200058435154947876297122926246888078924545594837892260329312805730571798	94->94	941->941	105548939701563171590902017211838471876235025612453918417297278426525206690470	62381638248415351244961822030978016030364476308975963056318595679574316036539	10->62	105->623
solved	P44	44	2	4	15404761757071	N	90881319166677062872637954558624736797898028591865435137498708104927558331146	77761704397031742971687279277278404264174621822912469918210351777179470777532	90->77	908->777	26052749365342147702540439386991614660087694310602300395256789160476806419512	24472038727223846889092096835892495837426990382631465985801194966024238736459	26->24	260->244
solved	P44	44	2	4	15404761757071	delta	52794850047823346720634501786243659787	277646320964459133005165512395706827388	52->27	527->277	48771435446805558049226450375685476434	86064267049096636544838141531927930011	48->86	487->860
solved	P45	45	0	0	19996463086597	p	78117478037208494875227535349289891393990653452899513717049029520476212155519	78117478037208494875227535349289891393990653452899513717049029520476212155519	78->78	781->781	107469089179932923455815914352461716449626656062439158599043880783815235233169	18215707366076225960323620008152425634342411325126883556556473640791579513074	10->18	107->182
solved	P45	45	0	0	19996463086597	N	97005069290861245693884915271223585066061143650161467116255064620036908615643	28035487107968814767452961160920585097886025861623720689771128924508355727430	97->28	970->280	32439585223123279351500691619960223155736421019510401770760516333463824993427	60983523009543129993871297905993276487984417974778780208191749534794810379708	32->60	324->609
solved	P45	45	0	0	19996463086597	delta	209517445056778353080167232692698468657	327888244371916512683614308218979791296	20->32	209->327	123509533316698717299522749960608074406	28156783154240744153028458709917229017	12->28	123->281
solved	P46	46	1	1	51408670348612	p	45091024601853928179734157554633339946805744874448206303988629359002754358166	45091024601853928179734157554633339946805744874448206303988629359002754358166	45->45	450->450	18277394485901647192390855071126112176248952377580417633570673919626553723990	44111195007181007641890126806664137027188555293591852871876868446237207512238	18->44	182->441
solved	P46	46	1	1	51408670348612	N	57055317942415467644637449057792986680924341917130659530720175043557071363118	13601579505646641283249651562836378669342870973133552066291478652363034271152	57->13	570->136	8057456883976748669320629192413148811056580561929128816611882579226730556530	51583461211064753568250713497180908475113592588036599525126621783239202536139	80->51	805->515
solved	P46	46	1	1	51408670348612	delta	226700945678007487066576367520918176344	17434168935851899270869441280537553317	22->17	226->174	300572177514672358571659592521407566175	38445910825550483657295647880616523024	30->38	300->384
solved	P47	47	2	2	119666659114170	p	89207435451997453339687041225451177663874181062856498403013923774047759722447	89207435451997453339687041225451177663874181062856498403013923774047759722447	89->89	892->892	86618456805792564985637210380626309493485131988654694603263904935489901373379	110637147928191095676662726437841858027753123304648819444684404996126122903123	86->11	866->110
solved	P47	47	2	2	119666659114170	N	1619728555695664749069777576720389659941937550770308470736395164700201549471	90718105423588821078145903186497946884831084685670701300564084781646329837783	16->90	161->907	49724482726504764139419587987606957059289896060659998410001442693342363239544	23603961709421579216537141525248499861928337289584842485399652916685005072338	49->23	497->236
solved	P47	47	2	2	119666659114170	delta	424731311732137621217659139705717409253	285791185759725237675985821667409461948	42->28	424->285	69423692280380918778653648509181658534	482933839786549130453329682414884995	69->48	694->482
solved	P48	48	0	3	191206974700443	p	108109652823286509349789669311505416802325977127803815529831509843443262571840	108109652823286509349789669311505416802325977127803815529831509843443262571840	10->10	108->108	89180099029659462785357286916432043765210075087808846487308950134636869576173	5243566070756615175182980963205100832107644847092192942741725129366499663364	89->52	891->524
solved	P48	48	0	3	191206974700443	N	33911292369368137639695043545059525927021676846020672549883830015963217057064	999843759359675085048197967540248835327618008298091983878797859930742966560	33->99	339->999	114051836939768561160235238523325459127629643331265176371505605110665516879818	17518397776151425299594826146395991466953642113613942852339554062597889693312	11->17	114->175
solved	P48	48	0	3	191206974700443	delta	194021956185156515625021212343196475086	44393275132996648094203542313519034890	19->44	194->443	243468078324587815999368061878985458477	146332655224168743292631400740425195943	24->14	243->146
solved	P49	49	1	4	409118905032525	p	20137207847022029487425557974532819882093895857329122507709860186654169466499	20137207847022029487425557974532819882093895857329122507709860186654169466499	20->20	201->201	31953929912288317143423395208042110776037558046484146099740225792291029377123	37043891604796596004571285694584643405412964173864001208117026883094637834352	31->37	319->370
solved	P49	49	1	4	409118905032525	N	85012690894871614640123331771798189615316708736559469850380656263765173013706	45978724208735044977836929455684836422344241576389668283674345468461127760023	85->45	850->459	64051858105416768225873651684205882023381055912712637669505744768511104604655	101831369932795289795087819087657682669509450333294732508648972093324498150542	64->10	640->101
solved	P49	49	1	4	409118905032525	delta	96234479813713621444340795746549133587	296208765691150215805199755032370132480	96->29	962->296	38363856161610117498347890934246994156	400932177504630534377620863616033539065	38->40	383->400
solved	P50	50	2	0	611140496167764	p	72110035092431855636959266025925384360957876371022136825879066474024181605195	72110035092431855636959266025925384360957876371022136825879066474024181605195	72->72	721->721	22370922186761132728016220720673154507400681933291883303016212260036052598287	66824916406641696825960995936939254064140724832548600960217482001655464524930	22->66	223->668
solved	P50	50	2	0	611140496167764	N	24149280595136417557662848215406231863315862021105802025637151490195072829214	98944208955888663826228421951824501933896334205010794598923818595637145174124	24->98	241->989	106346285672155113245096341614926087956727408993059969077097663205389203075404	97078854599171290987243036999497808012459024889609044001165484532338144411086	10->97	106->970
solved	P50	50	2	0	611140496167764	delta	414157123271608199828295535052776501315	318081368622564496180810228265838189837	41->31	414->318	332421009584158914639072512941244555514	304886797029365762744491893908996943844	33->30	332->304
solved	P51	51	0	1	2058769515153876	p	15526662703128387466911205858440921328595966783670321975686827039866153270904	15526662703128387466911205858440921328595966783670321975686827039866153270904	15->15	155->155	80929316266693637533786990397471017104077320738441944625053686647386698852090	40959209228903499970200429232651520153944755540526666429589745485009336787008	80->40	809->409
solved	P51	51	0	1	2058769515153876	N	79273162336392036759914541676282766719682864679099235524247404454926781790386	7158722212936698595122210846929643736105928655820570411508543363064608794349	79->71	792->715	37030870258199937951270940329769032480311137142562483448170756474770254844104	81455622742306572073803213369656460612190649182455310988481424024778816019274	37->81	370->814
solved	P51	51	0	1	2058769515153876	delta	404205403249994326566984179289886998760	98502955602376925077376936124657560544	40->98	404->985	6490727580337104402958198085216460639	289781955746928891526060924448693082343	64->28	649->289
solved	P52	52	1	2	4216495639600700	p	53399937233887621394585979172934208794454261602806185402843838691926535737064	34233564301943968690793737772119706154774841971840290529320541533037301555997	53->34	533->342	70657793660189920928266981516764501584929279486220069702298990240895144673769	45082872074614476872851159344477979332871410619910139360177939524665793537330	70->45	706->450
solved	P52	52	1	2	4216495639600700	N	114722019915656070637928632905172003345154352789053171204368204603701219528645	21232637160755651492045140984182630678804100568959174069763815245430833384908	11->21	114->212	84733947006582873447456767541099971386601089359960806936358046333664345438850	109851415041940220292667050576716649672119207499165643172825113822542239321555	84->10	847->109
solved	P52	52	1	2	4216495639600700	delta	146154549201078092681845364360156714868	427300412386622331323483365279493467267	14->42	146->427	282896565754880994878039267274091725427	217936741385365403701236174687277149506	28->21	282->217
solved	P53	53	2	3	6763683971478124	p	37888320626620011360415489406568235525712799362588853825798894981087228962831	37888320626620011360415489406568235525712799362588853825798894981087228962831	37->37	378->378	19801283050437017332105841651493624533647335272049161287992225565278954599591	88790237130772161200607723939033200814536870952440501837570544129731979014720	19->88	198->887
solved	P53	53	2	3	6763683971478124	N	40992362765840815972390756464048259217763381674981821718844787145385590330360	40820604655256748504054877006746274419206448640874743706599276279908038211005	40->40	409->408	108952998124178243946736753420067439524665649691874546044731000114468361631862	105679959538880047271258950678484623222333109760396756537753401680027303461761	10->10	108->105
solved	P53	53	2	3	6763683971478124	delta	21660354931826036065103269097138005812	77207241083367860003410481953010300620	21->77	216->772	411502019570087623183611497349738368935	296288564217732792385941182370359175719	41->29	411->296
solved	P54	54	0	4	9974455244496707	p	5102856924807840152832933637517227984938558168758752600471386459542121297349	5102856924807840152832933637517227984938558168758752600471386459542121297349	51->51	510->510	81019355006420717479206504870385885576182679099981510455316419527807270344213	75203287861023881485113896513449360374626296048102534794936725206987614071466	81->75	810->752
solved	P54	54	0	4	9974455244496707	N	1801587680267887760975556711305522361175734618197286268670680644469593899987	68763482441531852301142497429583725253535253591315282946815662862272173785352	18->68	180->687	25648923228844026579503803811655596716656319704371274100054073954933629465192	64015542759859627142738362525124073625511777687031096670001378260025116730322	25->64	256->640
solved	P54	54	0	4	9974455244496707	delta	266557005598678290931988015941968549861	84422803375841278739283162135206338435	26->84	266->844	45548280575486370702246878326163800864	239289974494662141627285744376740501900	45->23	455->239
solved	P55	55	1	0	30045390491869460	p	34765914415555121113604774183270645530152833003939138557679057323085221303645	34765914415555121113604774183270645530152833003939138557679057323085221303645	34->34	347->347	9623185874627726528221640828325163709129646900996948075740161296326084410931	104128631256042657322893163449201234682602509948234314886766142424168493896056	96->10	962->104
solved	P55	55	1	0	30045390491869460	N	7412630595752994760863046419479039298732224318549830955308465603592706875884	77198720879156732569323967594386813281631457002352021859106297512023590550685	74->77	741->771	28580893553065893232062571857101702078374004181059599296158151258407162252568	3417862507610735178848440867171334080026906305975300163635006419407890010918	28->34	285->341
solved	P55	55	1	0	30045390491869460	delta	94313670865852532238143196432660845782	43575032199199241801959411881972220963	94->43	943->435	273716849427671989446351664525743059217	245486474609625763858621673439125300594	27->24	273->245
solved	P56	56	2	1	44218742292676575	p	4653074775535436335422391252689659562064343767772860763176793597702144394247	4653074775535436335422391252689659562064343767772860763176793597702144394247	46->46	465->465	54964462646695464636360390300180290777792839728379120177115074255791484877609	76956722399814759047077070698663825197756829174984984859991180864484047289015	54->76	549->769
solved	P56	56	2	1	44218742292676575	N	100274030369350014719531474106267219834858006331327074088819288487476355611068	36054348516724555571285466791934349134722327961505768323825521598012156688430	10->36	100->360	19239186575396462756722400417148767226646235978224327127262144564451641984343	92898582802050036998915508799693108012694989511062299500567185811983505785901	19->92	192->928
solved	P56	56	2	1	44218742292676575	delta	156660092121109962747908450633895129507	112362746049247241578294421539044197107	15->11	156->112	26660135926588743469201279503330461890	329529992481922032395007933506456662424	26->32	266->329
solved	P57	57	0	2	138245758910846492	p	60156711556969636899785621462052651031748538744381614826564644542963015235295	60156711556969636899785621462052651031748538744381614826564644542963015235295	60->60	601->601	60844308194854205745163762700230010009689066169711129829101365732686884013469	93464623806758292721647216436753691971910024144021248773988065140552912268851	60->93	608->934
solved	P57	57	0	2	138245758910846492	N	100722638219644598867770842207879936386194959632498628982159749330887139359533	3709603502221640355193527643854621210528982267799931468733917977744967026252	10->37	100->370	38352140848174546476991327599363157801427226265324603719040347635144143985235	90398987670886050380417504073006699580714246704397037793048223654271761341521	38->90	383->903
solved	P57	57	0	2	138245758910846492	delta	91744902702504848172021323894719557855	227740306141842829838849764481473788286	91->22	917->227	335288600450601700271219758522617114520	90895011078090362622664489107948408185	33->90	335->908
solved	P58	58	1	3	199976667976342049	p	55065236041639029517729594353040823698490713134807153397386896759189477068150	55065236041639029517729594353040823698490713134807153397386896759189477068150	55->55	550->550	94427928003856691622854789609554557445837888119272863466537107623663389834578	65924275591050232894433623943718898806034347664280419639426760350726455567467	94->65	944->659
solved	P58	58	1	3	199976667976342049	N	59032269725714636675173094838151564393332522142308939946884978354681002927324	98054143012172083329427336670070639511057414408031660435273091955995380046418	59->98	590->980	67797598306923730678348218174179631955786088341093945977015632396815619789323	47859940811520799725734669857629121635076311407825252875314016811653589638036	67->47	677->478
solved	P58	58	1	3	199976667976342049	delta	281513148998902524992547482449503116825	167280446497007149451268805088882007057	28->16	281->167	234830783406473031849772518689499385054	260913313544341187896904614473510148024	23->26	234->260
solved	P59	59	2	4	525070384258266191	p	48349232212639115590903144793228640427515449747367555209041356681117760027663	48349232212639115590903144793228640427515449747367555209041356681117760027663	48->48	483->483	36192381914284994026561333483941793294376601556227764456176463210342469506290	45939759682812738078368719715222941022691046577266970180669573044284901460551	36->45	361->459
solved	P59	59	2	4	525070384258266191	N	107036074889158408186435250233988788810934159055098378394232581845010427948803	35296546114281888218805002935616244392800051264796041431276627654829040202	10->35	107->352	22790861974286329503629220667913383968232761244688682673771622895582881108122	52005937692857201086810807360635477270864518938733238947578043233310221729076	22->52	227->520
solved	P59	59	2	4	525070384258266191	delta	360247950716129515765878881587521531306	341034142185790878457554455508776790876	36->34	360->341	373092024876826499533022715440396599837	257513298613671530423772881687153147821	37->25	373->257
solved	P60	60	0	0	1135041350219496382	p	47189276276359913007517371903118919105592260613350156670245099811346670359854	47189276276359913007517371903118919105592260613350156670245099811346670359854	47->47	471->471	84909296290605923304080857994586220936413642067495009501421006560909968707572	104499319994414730252737845702021593815273989474002358163926027312215188899438	84->10	849->104
solved	P60	60	0	0	1135041350219496382	N	14230266135198737028899301552599730080268874785550964405455821085977460177898	30516693823408301479168637443693291936511961729883428665766806874229028437033	14->30	142->305	84881467832520866466860748598136531078654028206594167635636541104013005180676	21800188208665906461899058455289910413647542313483720999045273263527675503135	84->21	848->218
solved	P60	60	0	0	1135041350219496382	delta	185813715951796482862659099262643752554	419533514782666780389722113819357922347	18->41	185->419	421102240915780394996057948731077401929	429591184778428856694220074115755102362	42->42	421->429
solved	P61	61	1	1	1425787542618654982	p	92605454593406082793232233471826380389714279921567407283628931601113490940617	92605454593406082793232233471826380389714279921567407283628931601113490940617	92->92	926->926	87991115937570168412062933140198533751407015038840075967111912936675971362829	70747868475624851908997140935208265378088319980339242555270742313293897650088	87->70	879->707
solved	P61	61	1	1	1425787542618654982	N	18309789807490823731775560569074151221563692098238338285627861496266254299841	57623952364395619704806572483961420161417063627268711897782898161214294473504	18->57	183->576	1401685891369595360567758809534437077890503174629490720865562701682686554993	72019423050447673515000345904821435121272269790258926291341616902841816438815	14->72	140->720
solved	P61	61	1	1	1425787542618654982	delta	20199015505456822579979211605226705922	236410073124220829523597480035546475238	20->23	201->236	133582092632066382672928357049341129929	156055825685430977064936501411545247537	13->15	133->156
solved	P62	62	2	2	3908372542507822062	p	67440702563089589535494789868404097296255839072807226394981959094548600564298	67440702563089589535494789868404097296255839072807226394981959094548600564298	67->67	674->674	85480304323774127252522264158681446450028368191543117044901624016133449266387	64351574096115671203094962462795866705369324709286187331235205405196737761068	85->64	854->643
solved	P62	62	2	2	3908372542507822062	N	33241209627617525544762784366176237988330396358040518828073597280433434505629	55262140140945773309238581023805570917704878012199322903332725540090169756418	33->55	332->552	80588763959714975025925346073234673244113046164045536434046789857081790610774	111520473598151045587714991460647459393083992327653999619299957148833754473326	80->11	805->111
solved	P62	62	2	2	3908372542507822062	delta	330131605606977149707978115977085002403	342058867513468474211879073418269597487	33->34	330->342	421873625420255132045277054324343070440	102794567235493550101549322479636213950	42->10	421->102
solved	P63	63	0	3	8993229949524469768	p	101459099813588525811299537835836989550765511505553076525737896092759861549899	101459099813588525811299537835836989550765511505553076525737896092759861549899	10->10	101->101	19443282874500735331081423896681723502415092690999156226914775767910837936712	96822425258631464874784417867404219016260692375944406021435260039692170231364	19->96	194->968
solved	P63	63	0	3	8993229949524469768	N	29457224797632922021879199388917750337556484983391082111201409140465097934360	6107861682259820692867887550789829526344922366425218218270672844237222935750	29->61	294->610	23298888813589753162743420734755385619966244665124430722132175655754077638196	89796354893371203571111439435786275042253241523983691730274841080140573221681	23->89	232->897
solved	P63	63	0	3	8993229949524469768	delta	218045482500212179016650980040774223198	319230872060643300954679351575979102263	21->31	218->319	342038864549054731540750819714286404609	106302029469987218824368766368522159154	34->10	342->106
solved	P64	64	1	4	17799667357578236628	p	60574050222707083912728203433838404592054676261091944607037630550581483303490	60574050222707083912728203433838404592054676261091944607037630550581483303490	60->60	605->605	80997168141930661249802766618636068130027514635113196589675517029094728770097	74857637994762766525571293825501614801423069962129425959038566448123351857468	80->74	809->748
solved	P64	64	1	4	17799667357578236628	N	66149807090990542847614619744758758347833444653810878513919832321459286851704	84521724293563546051647322690623634851038529517872445755856767654839458418477	66->84	661->845	28717926604302497375901823376586115632335023655035029691301494957338837454387	64374120130042114801343099878255567216340317853313461458413007459975084686335	28->64	287->643
solved	P64	64	1	4	17799667357578236628	delta	355833367106605005210924059540232979850	409677695486049449395360338964062477075	35->40	355->409	287349052814042708808594374517373456309	368220966836043462096524655828122671210	28->36	287->368
solved	P65	65	2	0	30568377312064202855	p	13930276509101361575513736695876875072132244385166388678603133333676240307117	13930276509101361575513736695876875072132244385166388678603133333676240307117	13->13	139->139	18776943950717366103628453831254934767137331073631890943054863450720683900644	101053698226286565707419967655012623791897195965677642351894178582604637592158	18->10	187->101
solved	P65	65	2	0	30568377312064202855	N	62138070065378923469779296277648207395565832472149299064065866150614385655013	80027237302856806193592043963050084852805328085016285797572608067314021636170	62->80	621->800	107550551648796745399876196206757536243723795135406482266690958773669332791090	69961642423316614406124577786121826060230430699887495468094197827063934358984	10->69	107->699
solved	P65	65	2	0	30568377312064202855	delta	201606012294144935514578965800786777738	268140273832033911509652153205288653712	20->26	201->268	377593366938099622629347440551917115589	170428785989250438293714713478215975947	37->17	377->170
solved	P66	66	0	1	46346217550346335726	p	53236798425987772940806818648141095825058462300682436545783705745872471364884	53236798425987772940806818648141095825058462300682436545783705745872471364884	53->53	532->532	10056390665135679752146041963471520994862049744500140737871807862582553156979	63248821883093012261101797683855010556494154194820095428180869413405931293942	10->63	100->632
solved	P66	66	0	1	46346217550346335726	N	11581606971648771284626815449732899677619252755986728909486930749385916832821	44754111361294353364377582958977475427060212093864494994070405360832236812438	11->44	115->447	106074841292852525715212590776474283941215508450130704456805497360916372795474	95248294791663496780447438256302983924792430041090985948203389310344299987468	10->95	106->952
solved	P66	66	0	1	46346217550346335726	delta	398425787196379479901613857809766296408	289247685627198617096826351453767314236	39->28	398->289	34594076980203463896881733313104340051	112657527974993335025623678676548762567	34->11	345->112
solved	P67	67	1	2	132656943602386256302	p	49983171650621649500285869040821337626374091888327767905958007962725606094301	49983171650621649500285869040821337626374091888327767905958007962725606094301	49->49	499->499	69384836996155883539091606914220596301320018536435441148494565136762092644736	73397653659445240033294160645689290214030870201135784882202237463763159394923	69->73	693->733
solved	P67	67	1	2	132656943602386256302	N	114798714216364957165476515155597003461575370538772207646168670864647240617686	22902051278330011327484224694408088020235057050369598313556526334213986952475	11->22	114->229	20276891846596420724387143213718676016303524231290470224694003592866044365100	111319497563031571354326826719505861155748358643378057086362424346169456963748	20->11	202->111
solved	P67	67	1	2	132656943602386256302	delta	252616414938910135379037689996576876136	20179726561775646646326076664403120304	25->20	252->201	86390584655526765767817664367108592787	33983624538028764632060850761253876149	86->33	863->339
solved	P68	68	2	3	219898266213316039825	p	98532987367332367098297883220366889021132231476063243044152811059335544232576	98532987367332367098297883220366889021132231476063243044152811059335544232576	98->98	985->985	37122011028638560749523949846123481614819455575145916644163130485584670736134	15797763402227361828474911696407720539532781876942677761174986599948057356657	37->15	371->157
solved	P68	68	2	3	219898266213316039825	N	113612189538520305753654474233557602373058678337330823281470105419470964828649	95418536041471813403742288483962238327872546640256682758254326128737495087498	11->95	113->954	109284398591132408632756684537968564867602769739713928372511254239191535955693	66415324345464138603617000034847357399720912920921819327689685181209272093935	10->66	109->664
solved	P68	68	2	3	219898266213316039825	delta	289341856703207400311853994947222649346	406420292493225226948104018521367573781	28->40	289->406	157998945232573338076454217458500198303	109308248832739836751119859913745281720	15->10	157->109
solved	P69	69	0	4	297274491920375905804	p	109127460317861266950860709286036849005716415560335326191425788008216333638219	109127460317861266950860709286036849005716415560335326191425788008216333638219	10->10	109->109	76900456205748698578970027209609378587971193714802266598976688955392623825402	3592496264498641805686254691006038006869751289913638083154576416744462499193	76->35	769->359
solved	P69	69	0	4	297274491920375905804	N	36666212958842409296646275614370260872379546442461519247702757952574201976284	53466100705783094824655429105676539765560981885563862015686807224897654956553	36->53	366->534	53237208627472757068230314981077750382536846521328261052762895296924813837705	53651488055273588870299829002284580610174732256166020593293148530667033244438	53->53	532->536
solved	P69	69	0	4	297274491920375905804	delta	350410450936634532890600468487877857608	334220931672269014739218649161664108350	35->33	350->334	58060715648404117877952301432989816037	217696365884279179846350088073795564297	58->21	580->217
solved	P70	70	1	0	970436974005023690481	p	41155703805981755020087812249969251424919540591154472918778836382849862837751	41155703805981755020087812249969251424919540591154472918778836382849862837751	41->41	411->411	87708627536205104935688701718168619009609095239626024217256266200544860336032	47585485375310056387933333880950662621588203329713411888489305176575271096689	87->47	877->475
solved	P70	70	1	0	970436974005023690481	N	73193068149603087215761384879927089293758908402720099934691728367076041216847	8902980664262740597154991455445067154398542423135421960070637498577992249383	73->89	731->890	80990435823171407978316302437228945901257844547165725288888377877005812221939	50731035858397296539763832687358807304177125967358080284302608565770060611430	80->50	809->507
solved	P70	70	1	0	970436974005023690481	delta	395406835269782619993219581677803393380	363087176685687618251821216775425617526	39->36	395->363	318674599242948236794802252606836437607	332831467341392393039835621542821938519	31->33	318->332
solved	P75	75	0	0	22538323240989823823367	p	73030389504535246483072766602050313326252345130787236398426481454522845560103	73030389504535246483072766602050313326252345130787236398426481454522845560103	73->73	730->730	100115832888508934466828788538523340421948851561064912874333254725368968766606	72026177144391765718915294237333239039835560833005594941877195485217355038049	10->72	100->720
solved	P75	75	0	0	22538323240989823823367	N	34304841068443536156750494521115089054188758283458885530055171653608665035188	37862705912541629200559815274682285531186009730076593448973534937836682275400	34->37	343->378	90152203240978904413132173168654336915318712298267187980238800022686499599194	24268930568883946564191094527316891903075976174573538585213365277099524189739	90->24	901->242
solved	P75	75	0	0	22538323240989823823367	delta	407498828014083817747718950681072094776	107834626895674643288138477470832672563	40->10	407->107	145491495359399962710555404170300938813	139319528954296864222672638337506937272	14->13	145->139
solved	P80	80	2	0	1105520030589234487939456	p	16994470569327836424063596090305842523112791429213443860291284300753048434130	16994470569327836424063596090305842523112791429213443860291284300753048434130	16->16	169->169	88835473680266491104705787533900857948985874897463275459314220918937687512950	79193232893696992165218108643376569095889321167135970332367398326625919798714	88->79	888->791
solved	P80	80	2	0	1105520030589234487939456	N	81759735641446208324244111220552332966105458343186038481023380743948753016918	60928820976717887784603140681056470519527235540486511812885698583556243465073	81->60	817->609	82150901849277773403906163974768147859845811819881992960562363399253849722521	42312217593053368191534552625847674830381776958955585681446357244196175397733	82->42	821->423
solved	P80	80	2	0	1105520030589234487939456	delta	323161692957710932811150287148609752639	377049326455116457759334226995499710155	32->37	323->377	189223608412304208815417283158910572040	218710926694831502220009833246417083176	18->21	189->218
solved	P85	85	1	0	21090315766411506144426920	p	37106845639163878420083044434549958116271815170672198372696812273150943926786	37106845639163878420083044434549958116271815170672198372696812273150943926786	37->37	371->371	93463191912460854620891841042985274031676321728006447559657722449799561863353	2962324796218473866208687969767387590539990547800679210235608832778211753281	93->29	934->296
solved	P85	85	1	0	21090315766411506144426920	N	48705897353365712916140355193623348839682044997517843966653603723392523559391	10427499604035402441312519426354303557400758775640288207590453667416557246157	48->10	487->104	20494601403423996849418830995966478577007174283948253090703297299357861460172	104439125205028833775020938943763551056026243612375261739955522508102824324888	20->10	204->104
solved	P85	85	1	0	21090315766411506144426920	delta	114936098271833310863687009601519195989	207659298668412076141107677159263324573	11->20	114->207	172869314226785395177472001836185215034	331050986644161811551114413371715128680	17->33	172->331
solved	P90	90	0	0	868012190417726402719548863	p	103549238728268379059983065224353924271346037059342997644063129230047054329981	103549238728268379059983065224353924271346037059342997644063129230047054329981	10->10	103->103	57612362370388363551128291767127543225636778065783992511596833599023817915459	86300639804000732518574616708174869311998582672249322983708612852824595628141	57->86	576->863
solved	P90	90	0	0	868012190417726402719548863	N	69120672757887556452438776296657059831416979291019093995587378664872052273946	6016528963600655816364347708434321701101060987007532267140756503554126169867	69->60	691->601	72375263167618605977378960901623845642381636919055508917405226045251391526474	65636376805147498968755929358631979472650781548088677359102876226383952224285	72->65	723->656
solved	P90	90	0	0	868012190417726402719548863	delta	420928883423986798056624944849638512442	251188685618102556959545546631529936159	42->25	420->251	42131720923728384904098941745736453053	21200377882061515835420132488309717594	42->21	421->212
solved	P95	95	2	0	25525831956644113617013748212	p	11830131194022787566675423900801510445957848208410786485526396972950700304890	11830131194022787566675423900801510445957848208410786485526396972950700304890	11->11	118->118	47527883737659567249071354969271006306964560668600064874837008256748570820109	108039006791280645006556005906048851711657053354465062936558299918564158217931	47->10	475->108
solved	P95	95	2	0	25525831956644113617013748212	N	72350573956733346847542453818642777869833146510230422204198375355870280447452	108908968974034150404343321512162273736584573223228761923034178594693657951631	72->10	723->108	101493027222962088169675017433477186448782801337764926290940238722355992143158	74219820208465176412250453968972616437360578845273283747184459073047858907980	10->74	101->742
solved	P95	95	2	0	25525831956644113617013748212	delta	196060961982392826934583526648275946662	87441434071953491870851559540348280598	19->87	196->874	283659567760639954842176282941061563945	2991086205207072698065840165070798127	28->29	283->299
solved	P100	100	1	0	868221233689326498340379183142	p	45335247000352258612894257165757587739860389876207647522106414366079987350062	45335247000352258612894257165757587739860389876207647522106414366079987350062	45->45	453->453	107325675513215891711704590767587360855111675929880285771732370004102941157116	73989130158266865948541525715733810953047044368713641502502859452287389792513	10->73	107->739
solved	P100	100	1	0	868221233689326498340379183142	N	61988711307762749416051344060699542824372533780980082243046858938624687640286	25065775716358863508688305564462757259719447505580561658142448641201894960599	61->25	619->250	25923114768343861924001420759635953551742628038718714334221642730934536297633	19534986382891902606315425750961300431863778353336842042216528617716795467906	25->19	259->195
solved	P100	100	1	0	868221233689326498340379183142	delta	94098416090976425499728681958816169734	336846974409586653678593631708198121519	94->33	940->336	173803688646782394118235497909244584249	235044617065410058831922815631418235316	17->23	173->235
solved	P105	105	0	0	29083230144918045706788529192435	p	75722603996001972189847956085577341775443197012869796282243900010827410025826	75722603996001972189847956085577341775443197012869796282243900010827410025826	75->75	757->757	105425949907180952419453006923363823968095477337337793088625566738586974812405	51475164162685604440005624425721043654938362857782379840137373987362877725931	10->51	105->514
solved	P105	105	0	0	29083230144918045706788529192435	N	98277423979293584630943110811368179476475594265310532704544038756799656716433	40263946163470807741545745327094179729775733058510709986748070499160110173780	98->40	982->402	93742738309704766780927163279370849942273904249314050179560395686040317859084	48292546863787839849566862457953200302318594524178918172793475939778639039658	93->48	937->482
solved	P105	105	0	0	29083230144918045706788529192435	delta	203425964411899271674325959803860012618	45034638056834626639227670152135492469	20->45	203->450	277041390697662758264116082934662410375	392927846892999285405079075138661459132	27->39	277->392
solved	P110	110	2	0	1090246098153987172547740458951748	p	95917491721669350016886039687840784503374847819097661689824510982838370042244	95917491721669350016886039687840784503374847819097661689824510982838370042244	95->95	959->959	16688552818235337220237849808147937054421873067590007592313104871172051317710	27079899518852765608869538490083924906096262444890085179079418835606907618694	16->27	166->270
solved	P110	110	2	0	1090246098153987172547740458951748	N	21050837807924362231760222595902680302357043404524514046870363727420955503647	57512893122877565447621627056732086029733895602180187485531004441597601597114	21->57	210->575	11690223233748506811587317814942699757932703805016071731272264712812365539830	52452886065048011691370144541746975799664913897695352176490766358973454140892	11->52	116->524
solved	P110	110	2	0	1090246098153987172547740458951748	delta	134013196586212098548292571172426644426	164624181746930908615802652605226830527	13->16	134->164	317339856373854643937273027252048327145	177595253789457031529090799936290467938	31->17	317->177
solved	P115	115	1	0	31464123230573852164273674364426950	p	62588256918226842622187354287916790471368729312817333427397440534855808792033	62588256918226842622187354287916790471368729312817333427397440534855808792033	62->62	625->625	88957670910931761796093338235060793027295817984142862097489097494156795854450	61404706563597381539588051104053823322672090682296926705704665730208649564896	88->61	889->614
solved	P115	115	1	0	31464123230573852164273674364426950	N	106896642308285264765439002945777470338109185390177674468531365795056734330490	45626641058092491288650999589970667917074251554705636938134106255378843129450	10->45	106->456	65740782283200688980045080199069526784149831504194417058367662689212298935383	3227807368461876239875003992722381053028832674341534754408026887614964830670	65->32	657->322
solved	P115	115	1	0	31464123230573852164273674364426950	delta	111038878956506838044981942625218021256	9065431735311814555309149748881658212	11->90	111->906	284982848089901109736677072842201003095	403704016604807573158938959376557499901	28->40	284->403
solved	P120	120	0	0	919343500840980333540511050618764323	p	92105635985242802529279295092235243121608395324604605747695473587683941160692	92105635985242802529279295092235243121608395324604605747695473587683941160692	92->92	921->921	38077978315542640947296454294680117113010746963328848984634586511696812863229	1795899515082388317212385798937156573467396749981034414524231305779738318362	38->17	380->179
solved	P120	120	0	0	919343500840980333540511050618764323	N	56440047001273315494504321540563187503080360703860524583149159334489304412342	77624668328814256518891730328637303834956596607858916761341804858361649518761	56->77	564->776	40801076935461835760674429498341778216182909155271577587065418927843724211180	24605116747716133283332603225662589165074961213959782342557571759000342097811	40->24	408->246
solved	P120	120	0	0	919343500840980333540511050618764323	delta	47592923955938283475700299765719582081	225777468748187877861994198196916871426	47->22	475->225	302207190740667084137144650571146479916	302922564653784062687782760297814740903	30->30	302->302
solved	P125	125	2	0	37650549717742544505774009877315221420	p	93402105576467711795975955518071188848478253553902970126295805172829178207858	93402105576467711795975955518071188848478253553902970126295805172829178207858	93->93	934->934	64544603704201007750968088383211883502168172343848417579743053671807966653176	113249898304856499854306793566798159899157358247357456814336072354708154201634	64->11	645->113
solved	P125	125	2	0	37650549717742544505774009877315221420	N	59911696962037375092383328665942197957185449273342052485276840568160830517996	48698640731252091481497701998435465342259149353781387840412363645432669989230	59->48	599->486	1730248285741829896397297814993035000245291865461834225541688581296147690244	29877907638185106343371634218355411673477654371070877257444290616647672684891	17->29	173->298
solved	P125	125	2	0	37650549717742544505774009877315221420	delta	331470729632799064109362082820356792491	366822822413059785861698167850883165514	33->36	331->366	92901609990437620202388995697341712792	28120168279078625867969039263914304151	92->28	929->281
solved	P130	130	1	0	1103873984953507439627945351144005829577	p	78293112806674883728082835351024986493704535419699925234813921884749437465430	78293112806674883728082835351024986493704535419699925234813921884749437465430	78->78	782->782	19895743758330095091445546214870853570160341151363628592670467965238385923190	8776211328753778132143615448481610942794361136399825816808463702196286929081	19->87	198->877
solved	P130	130	1	0	1103873984953507439627945351144005829577	N	110401771119692013028209495153508129416244093804283965860990248204501721060102	46016770457187569642220371809369945008637382637042707911192777608927665452493	11->46	110->460	98062379548957027666074521920216958771026678709340687447299585009798253973539	75359238725657568009647810299624868320672133541051242854100995354273770443344	98->75	980->753
solved	P130	130	1	0	1103873984953507439627945351144005829577	delta	55204622215450116566655325436233817227	120759850071739431256762389588891439851	55->12	552->120	145178137083493985102110873520622823536	166578539773320880824348836702120518504	14->16	145->166
control	R1	0	-	-	41018888532476161301170220621767697742407543313527548101354457509773035736680	p	40008721938903332780539154912943526583339990453707710722768057323033669855595	40008721938903332780539154912943526583339990453707710722768057323033669855595	40->40	400->400	112482965142963641239555156143690687885519263408262749022163133624833755241397	85998953925776189249195582018551984368873093314397281999271590635315692925377	11->85	112->859
control	R1	0	-	-	41018888532476161301170220621767697742407543313527548101354457509773035736680	N	61286503353557212385381567945170185260261131033044628456416342511614412632158	3359843005176313153656046623513892649768314082151100140469669918787919971671	61->33	612->335	78321809714836067185720319188278054224417833022944051649193728420454008614931	31074644632899178170540887081995202493409968374415649852597995838437383907260	78->31	783->310
control	R1	0	-	-	41018888532476161301170220621767697742407543313527548101354457509773035736680	delta	91227531229864411939096469421273929575	151285977784107534400613738179620944224	91->15	912->151	6591251571221381646719772265393554912	234344232648516921416762250649333221969	65->23	659->234
control	R2	0	-	-	76501511276509385865525792968455100129444450852658617142894689180029816307775	p	90457773722523888647390539586938957007463112760631948031809305768001740359001	90457773722523888647390539586938957007463112760631948031809305768001740359001	90->90	904->904	2063936144528508982653838770686959513555285855990459531129754141887493273306	62556755433429944351270733097600964121689976085322170096197755165074545995209	20->62	206->625
control	R2	0	-	-	76501511276509385865525792968455100129444450852658617142894689180029816307775	N	67691303940979359223610274081284228702757856705295948795330511296107793887157	80870037238519054100773776044972981039941380388982171852528897761803377522620	67->80	676->808	42074781360714509182263840761025375987372085621285812952916710831807624881856	68590275023648687802714964372635581750758477681872849830682834558419114873295	42->68	420->685
control	R2	0	-	-	76501511276509385865525792968455100129444450852658617142894689180029816307775	delta	284204232999068570275461696494469303407	81930922509671001906025638634844938855	28->81	284->819	379770743218712043132411149381644772278	235596870985408876278962670293515152168	37->23	379->235
control	R3	0	-	-	15337652461580693250564170723184493164580265575091286519754821734813968704717	p	77958502541026209799546785515230744425612354674450272205170474513977893569258	77958502541026209799546785515230744425612354674450272205170474513977893569258	77->77	779->779	33819943460439095868620348140399628135919574607541323794925278885256829716282	80359821482060520963021420571005634146088874553648796436371781701491540306528	33->80	338->803
control	R3	0	-	-	15337652461580693250564170723184493164580265575091286519754821734813968704717	N	34739981375264012842936143090380525323324686700793823744279723141173562786247	50599690997735021262336674015377959231387865917498555622696496251471176230115	34->50	347->505	77527183007336808584905134594618764916925943518997927841230064239293489857327	76343682172621599250672229812574972723802033645118036564053759757484204948426	77->76	775->763
control	R3	0	-	-	15337652461580693250564170723184493164580265575091286519754821734813968704717	delta	254461770713223459295426699358487949673	375131065053816527162076143543703124168	25->37	254->375	316240147430366827820870775981011721754	41012849521093120710992765178305038305	31->41	316->410
control	R4	0	-	-	17273764442581531827794496901108066433811569854306280715418938825729425119437	p	88629829795262383323285772662426236181540689657750542611196310841449960837342	88629829795262383323285772662426236181540689657750542611196310841449960837342	88->88	886->886	43600358884247349221279052586329753155452880730024100182299794468490330899850	58142060705398207841747394501236314430559231043741728742750872138538128763735	43->58	436->581
control	R4	0	-	-	17273764442581531827794496901108066433811569854306280715418938825729425119437	N	108735120967122563243686307568069492290290952714184554468513424538387578290444	17177449772778930775136695828797550093468472678009815888786699010960284439521	10->17	108->171	50510090198607394667439857757373054681609155230485464556066281922898034919977	49209967402805539115126271790034979010775214815991715815118834098324788568575	50->49	505->492
control	R4	0	-	-	17273764442581531827794496901108066433811569854306280715418938825729425119437	delta	115160132793416825300199752843428993829	29347484385861149696564778966387161044	11->29	115->293	317936634612484511152833934638286968736	427601355059597571597037692350205365001	31->42	317->427
control	R5	0	-	-	4229464274030992776554218075235586345920214582809391421911851681705411979861	p	61721858914005203521317820729373249810593297647068679022980659336100727820239	61721858914005203521317820729373249810593297647068679022980659336100727820239	61->61	617->617	28506641633523233685362028495011837743061221460311136446118945242906418695183	56247415224994453359416193268544065933467993804410689137008521327317635852269	28->56	285->562
control	R5	0	-	-	4229464274030992776554218075235586345920214582809391421911851681705411979861	N	94787016581480760808480321980598081139463516694826103254492377432164749697018	38677982003759748653158016349386062078972484357800847637895145226738709215277	94->38	947->386	106404856441744666384968610967999338147380732261156217358895485859488411398743	58930973255572374176000227044658942410788239072866241304461990531933716656263	10->58	106->589
control	R5	0	-	-	4229464274030992776554218075235586345920214582809391421911851681705411979861	delta	365682214757226804969871997808629183881	15995726064444521127296706297763480704	36->15	365->159	89136127194611289383465662067383198626	52387861297413846410328615184583346157	89->52	891->523
control	R6	0	-	-	57816142995384261970997318111271958385095966499501943591635485060432664394570	p	87920605168449843473597403832815821602887001577965900489719526943596877471766	87920605168449843473597403832815821602887001577965900489719526943596877471766	87->87	879->879	93770647964389200663770256771387493158944191647125410000618066463112284094948	69639554524487857031856448335690397744312873026144045153425351647423715527179	93->69	937->696
control	R6	0	-	-	57816142995384261970997318111271958385095966499501943591635485060432664394570	N	99331698673525389257325040330144583635605713404583567841316665871186644489630	38890500367450239702507190882494685132981068678171539936769997466019898109717	99->38	993->388	77385915500728401329630616116198092504117494250352099007819188503312507434892	29832771425741199256882115367372571785955020903839235635423126324357836451172	77->29	773->298
control	R6	0	-	-	57816142995384261970997318111271958385095966499501943591635485060432664394570	delta	287516903027014973310218462736306785013	316324573953455835173062991027719676695	28->31	287->316	280743942232421986712894990215391224480	335042803088754979249691709869871855008	28->33	280->335
control	R7	0	-	-	17468953033003212971408126153235421996742683325765044384293812086917310774492	p	36510563621078336622830315859915601545872046882645398326571289432477872495062	36510563621078336622830315859915601545872046882645398326571289432477872495062	36->36	365->365	64268314276445635645382598112050559694696022167678304325085187298545854016697	37509814288006843372959193841584020075046010714243987185271259004062035042926	64->37	642->375
control	R7	0	-	-	17468953033003212971408126153235421996742683325765044384293812086917310774492	N	87337835275313171273850866136013348698942487457303682180306421872186410593913	63373317740006322322356955829202945400046168629049782485071351065302020950680	87->63	873->633	49961854892160016675698521128019310034223776962700155821201122278120801966424	91291403198129631071612163752091205131576775603620428685572184286877850850495	49->91	499->912
control	R7	0	-	-	17468953033003212971408126153235421996742683325765044384293812086917310774492	delta	369855203373112159997085208723930588598	412527202835081590382257590657109815771	36->41	369->412	298581746457785724801273674994917056855	371598913810359612890098728817768913014	29->37	298->371
control	R8	0	-	-	17772358945054924870198277031388159128675184038127225141537082868039731060762	p	53238309910772237185167770169818375606493353563950813435741153688073379433934	53238309910772237185167770169818375606493353563950813435741153688073379433934	53->53	532->532	99359030268613872074903627505528969439837652742987513286291786368649433585181	112637242931097357477128975466359020367298530184267004399335179197050371500655	99->11	993->112
control	R8	0	-	-	17772358945054924870198277031388159128675184038127225141537082868039731060762	N	90194230360748327798164306865181005325453018000959869222042189143210233993668	92868690712271265865385806425585172216539256775238309582106634759014715651158	90->92	901->928	63238506229146510355116438307335690262777459709731800130341960068122477927046	24549421377102245066662728088429155872202386070601017232164857669477744958122	63->24	632->245
control	R8	0	-	-	17772358945054924870198277031388159128675184038127225141537082868039731060762	delta	236452654351674724487160274611010640448	221364318912561031965189478787312842923	23->22	236->221	380911486927919802946724582938097026621	329899933682315953374882040614368613610	38->32	380->329
control	R9	0	-	-	59303326128735661361992715812508696642738864620787548595142301874888426383856	p	110283807700438229842010045829375422059744653064423902721982952347349988632682	110283807700438229842010045829375422059744653064423902721982952347349988632682	11->11	110->110	55851407023866255915358492860678932525289311529171947605366259630475355715305	74624329386328998955027811545997777962172235252537428475098476776373040403351	55->74	558->746
control	R9	0	-	-	59303326128735661361992715812508696642738864620787548595142301874888426383856	N	44204605044886957149962628769236372833564819614703020428134032308567196224077	58077301495531327359400939627534500912691257195344844795640158739533313158633	44->58	442->580	48364149709448050743179557275567103063191943937455112094866770896639357091310	15604029844660752930987946414712432895852741476679283967694212094303142183226	48->15	483->156
control	R9	0	-	-	59303326128735661361992715812508696642738864620787548595142301874888426383856	delta	75277674179846839904619931032589678248	106786616869855373408706365784107496535	75->10	752->106	286748932400028952228364342793708793513	316878883234767975042521152211119914800	28->31	286->316
control	R10	0	-	-	38792729401992129992778402252071785461636522831541779467432788088756385942450	p	103216520405146062246318362747953208916357381954182437401349916280995334195103	103216520405146062246318362747953208916357381954182437401349916280995334195103	10->10	103->103	78275515486679568866500747709518482771503345250666136325441118758769722838019	47103177459470294833741959126956126551673427443404513705912977546895346361491	78->47	782->471
control	R10	0	-	-	38792729401992129992778402252071785461636522831541779467432788088756385942450	N	21992542560311740235014056557459666885665303833393847117055784345480238001452	46953016509406898162526340559258455984139189398946153470799440412105774239166	21->46	219->469	15126531007332293244119345934253632341329778941640520520626548894503197277245	113802691174685028126707177786658438764615703162509763654038501696419310524526	15->11	151->113
control	R10	0	-	-	38792729401992129992778402252071785461636522831541779467432788088756385942450	delta	424641977012655030473491646623642083169	197893714370060429939989453706888072472	42->19	424->197	107567784828659479473001142497625584752	90870804603069639730968988551855731029	10->90	107->908
control	R11	0	-	-	112817296552049457157395904510339199461043993588393438048719820970038637924445	p	10858870424869175331304744140146607302675986166606188011426632573996744496908	10858870424869175331304744140146607302675986166606188011426632573996744496908	10->10	108->108	40607677754373933207723025038839775144481201596194348095626851116643448699701	40344935985280453208842400129229492034337261088936685867050306623397372999486	40->40	406->403
control	R11	0	-	-	112817296552049457157395904510339199461043993588393438048719820970038637924445	N	92115409192566584211003083843160609724474153937688062572069631975163868470405	18627374136021047430907683765463392277057001605043277986635463235351236045857	92->18	921->186	54527172520575505759182534371049077627810148671210589184357471337197330416913	67140925624046450046823241024557759900475876461166632183476412373081217209972	54->67	545->671
control	R11	0	-	-	112817296552049457157395904510339199461043993588393438048719820970038637924445	delta	320259248083935805998463784286569220534	158407112982552691499609562735717547903	32->15	320->158	383307086923896018620974674143834772289	166039534052132198957412508032954694404	38->16	383->166
control	R12	0	-	-	56088839681482049518219878012885564741558466879258842120031438540988194566389	p	19512498331867624281108336129365671789814950856419312948255631832650948072452	19512498331867624281108336129365671789814950856419312948255631832650948072452	19->19	195->195	56615859922274680805399547453751045825190541795256626788112210463064891636034	1912181461421079411841242382756944345985382593144932780109962115363492344462	56->19	566->191
control	R12	0	-	-	56088839681482049518219878012885564741558466879258842120031438540988194566389	N	21612108656037445463219367623079961574093844992597486982888629830210753320508	101559455621917142963023240753686449775833609444426428307932775797103607136168	21->10	216->101	3906876344391859309307522948990130268170598321302916659764224806047896210704	88419348394703122760084067454104346697704773515094766994713266849854739863773	39->88	390->884
control	R12	0	-	-	56088839681482049518219878012885564741558466879258842120031438540988194566389	delta	187954316011611858678572171656959735266	299018585831055408291400426512934945270	18->29	187->299	256577977940793185189017044443676919099	27536397997607583846975064534317161291	25->27	256->275
control	R13	0	-	-	86768696177072491788008711923430135873180884174532253843427070182526737344837	p	33466173665271438894885738930075117739851277728565118588652648177880671580456	33466173665271438894885738930075117739851277728565118588652648177880671580456	33->33	334->334	4913829290836849703944137960961316636075361020385946366417247255972149339719	67731207846559178991135578832061481556107247986908154388275338565353207566467	49->67	491->677
control	R13	0	-	-	86768696177072491788008711923430135873180884174532253843427070182526737344837	N	39120482501488143884443260304731244527692730696500799823977112464873292289623	22330284117555108465062793862832232324039643594095852431362849674002507563324	39->22	391->223	72879455275716877833623514029610501829867359787612794785740540976729646880619	8972121409082984953908549999190963267926626040431991013567374587783081472564	72->89	728->897
control	R13	0	-	-	86768696177072491788008711923430135873180884174532253843427070182526737344837	delta	208433839600076263827317091940566273261	363755364297598624328025697591844671260	20->36	208->363	319989252397362144038921350838888620822	258658762850222015305076491372631384581	31->25	319->258
control	R14	0	-	-	113363964505286880885951200013210627937379201341719772079493659059728923652239	p	61265713939822412183268757910005799408462254712255062457125785324059661239732	61265713939822412183268757910005799408462254712255062457125785324059661239732	61->61	612->612	53758537564561080209044707484834065245580852788417439554135043961539399955997	43659787266623291544270922252878561296812088721041889563680381398820816721811	53->43	537->436
control	R14	0	-	-	113363964505286880885951200013210627937379201341719772079493659059728923652239	N	94767393765788003671027224297747685621856408489855647699241699839312421332337	8964803149588125764887846076751004814326242219609863739113778008769304639954	94->89	947->896	73555069797364308342606101143553915882785049305243880879348762838886015176415	44793687624531478638201289743904681432637061436961373526841005586269679365705	73->44	735->447
control	R14	0	-	-	113363964505286880885951200013210627937379201341719772079493659059728923652239	delta	68577993578036096626063079160085374620	182628140500126193700068436988893604645	68->18	685->182	39895938264021243832898794797342899437	91315054582519766781713159319277304402	39->91	398->913
control	R15	0	-	-	104764131231677098469605251558019453474835915444411490254463935754925845024803	p	42230690846846628057577234507904312098281826247936762433534529634619428830203	42230690846846628057577234507904312098281826247936762433534529634619428830203	42->42	422->422	51168985848267586426066767799510682000286191586092248600631783573632977265665	6214912591691995584794532662671384987145259685201597551100930941609957694881	51->62	511->621
control	R15	0	-	-	104764131231677098469605251558019453474835915444411490254463935754925845024803	N	100982374780533160705868004644720010976600076673884324968199865618825176895379	111015969572447814421633332914447972026560679198093117471527024417006209832651	10->11	100->111	69385699555094198257583828347921240580899102772346966515197496565710033161303	9960541847877125151215947646203270875866695593612503156464324600350779045364	69->99	693->996
control	R15	0	-	-	104764131231677098469605251558019453474835915444411490254463935754925845024803	delta	71919099068203041916780030458874562727	317086632249072289823817324069149863813	71->31	719->317	317707656318303779838776372623264965412	344241107156420951582204933637401698434	31->34	317->344
control	R16	0	-	-	3195944543145281980190705325756933132441337867993359478922602502599540287435	p	80096422073902552604354455842658302481703083298387845919291436301006922130243	80096422073902552604354455842658302481703083298387845919291436301006922130243	80->80	800->800	72540776792471786356757777378853823394874463957476026227156565277922817388079	110523430212316517212710968397276769740646608956700868983197141652537070253286	72->11	725->110
control	R16	0	-	-	3195944543145281980190705325756933132441337867993359478922602502599540287435	N	104940458474542017595379637857916836191813399611476651266708401071774985900229	61193989330050269536580599227904146437219617483564875013032758292671788746570	10->61	104->611	95659126981793457192754854320681038047598234212924240095676867093778285151960	38122052309755426020480004806096043411365953489877866497768917550486946023178	95->38	956->381
control	R16	0	-	-	3195944543145281980190705325756933132441337867993359478922602502599540287435	delta	293608545129064031722096046968247895187	368344129907562330103198292891672125434	29->36	293->368	18402719238112680066598759036665952218	139711325696119070379946611555553579237	18->13	184->139
control	R17	0	-	-	71425258539529397242817444172132964012270079787559861432371701543328653979310	p	80245930756117588396196336885469978063369350464328970392162514427072473707018	80245930756117588396196336885469978063369350464328970392162514427072473707018	80->80	802->802	57093567381813575331626872039343625822295385266501196988361264611231223053881	16873006837209244453123154849396464807778583648911508940252106826393014884058	57->16	570->168
control	R17	0	-	-	71425258539529397242817444172132964012270079787559861432371701543328653979310	N	112901404966579262081298696191728697126178503949562801843284763779561590516982	106584375357119863735205751416500359611514841513666789714663269709317758977592	11->10	112->106	58320234606822292220164074937360675393065386260259038470554171553639080362862	80717436201876037676637241620308384202823155554813510849882139960508479229091	58->80	583->807
control	R17	0	-	-	71425258539529397242817444172132964012270079787559861432371701543328653979310	delta	150597238516676496298038464393636707350	381250788013354675547346902729881736302	15->38	150->381	24908560445207788021641332420114392519	356424003001338933171947884291948543647	24->35	249->356
control	R18	0	-	-	27012155733192685839068185512779074265674545075667007371449196736935574282120	p	34098223491176521929636023526700328773294403693032835346920805864802349033828	34098223491176521929636023526700328773294403693032835346920805864802349033828	34->34	340->340	4791972141321656095864436088142363245310234264974800208772955473644035317329	36268064562828130966109591151480999471768725920182151766499455772918622212640	47->36	479->362
control	R18	0	-	-	27012155733192685839068185512779074265674545075667007371449196736935574282120	N	43213947885694969995690066860970671859532984099538197425118024958693101959539	44866369105169966543781791658548028638413270703656959601422738784747457325977	43->44	432->448	29917755880625702397919853897786790482085177344122683380494807057197444306621	94284855767190286904232556914167931243026197502883027356095291221312952319397	29->94	299->942
control	R18	0	-	-	27012155733192685839068185512779074265674545075667007371449196736935574282120	delta	282719984169739791537435262842876987845	242935983174481296474768096563176383658	28->24	282->242	107841909252283602796250515499302684042	390305242287926974215701247422900320595	10->39	107->390
control	R19	0	-	-	7067490047413913938359863554503106494348225386454079569194355705301107580099	p	89924246240092554099921614468483816637896321992471150021126986776349795288452	89924246240092554099921614468483816637896321992471150021126986776349795288452	89->89	899->899	13744064328676199851758240961593248687023705294005529254534684752611406312117	18089226764332765325278297445042155899593429511550315351691785596607050771615	13->18	137->180
control	R19	0	-	-	7067490047413913938359863554503106494348225386454079569194355705301107580099	N	19390949591294609758797861700663464577424470514339643517796025803376613796642	71152033253393896946068843884694693335136381199853407013145938886317575621609	19->71	193->711	33981774936900409033676845506857606744292151809522390216132163531383879348943	1397117789608028757177338102041246626541994556650197541747029548990367899745	33->13	339->139
control	R19	0	-	-	7067490047413913938359863554503106494348225386454079569194355705301107580099	delta	365240905236231371988740151865353175605	141503647986363891188044757607304968225	36->14	365->141	41731951213955881696618922945821025788	133426886762019271352310514723800798952	41->13	417->133
control	R20	0	-	-	3248025755710520606505570350091313048890309762013522478999138071485617903690	p	38006847620838396431857949914763145036761185984726295371572808444829827421849	38006847620838396431857949914763145036761185984726295371572808444829827421849	38->38	380->380	57110772459085841393303284698841939985085885592557691604748189087976528864927	84653985740981018194648115506829111761392378268824419902785070698736213794265	57->84	571->846
control	R20	0	-	-	3248025755710520606505570350091313048890309762013522478999138071485617903690	N	59543116219768099828117111538958892527621759919662047672723323848575691493632	86125651244390312776282378741615474644098135899166043850261818045141203751939	59->86	595->861	8817108400726717110198356243835328374776173375408643504604925560411804219016	76612418652753750541735375010168090722901579838802735857132007894068325173490	88->76	881->766
control	R20	0	-	-	3248025755710520606505570350091313048890309762013522478999138071485617903690	delta	7040058847011559674420246142414764829	300431169200154077463917717047806377671	70->30	704->300	397552131986511913190047636896940073496	45488332101432467244834720668765730842	39->45	397->454
control	R21	0	-	-	36093569489545283096707224048168624361666260237712269183568825057381155962157	p	49914334960907811396297526497506778546915664941688666920053002161818238905208	49914334960907811396297526497506778546915664941688666920053002161818238905208	49->49	499->499	109512867147729137673501136771164489887307495500499481717127137477917082452367	35187108322506708470219662554788086439183385045817558904565622723177536866309	10->35	109->351
control	R21	0	-	-	36093569489545283096707224048168624361666260237712269183568825057381155962157	N	107437849894662946262147698713517475704302430520427555479648037831524188519570	115021131521800049788608765820846317722982933648361114441473622779452803246639	10->11	107->115	88039473893331292503955204754158052129013522713710523084847635113776266357188	37132294357981944766088910794295083176016601436327132089286733896668800465278	88->37	880->371
control	R21	0	-	-	36093569489545283096707224048168624361666260237712269183568825057381155962157	delta	294332173971081677645077170699816461605	391036384666507950829262030179411023868	29->39	294->391	209250413379016401450516187126019167728	183487117087225100996986543135189317233	20->18	209->183
control	R22	0	-	-	45409202028982701680013815873693055633592183523547834677978976650271884404951	p	21990415698563293273152091409610372668689472711103255688363308465613401894014	21990415698563293273152091409610372668689472711103255688363308465613401894014	21->21	219->219	74118203883771362166322097253222219260894132974610002244724849560758972538515	21787930638537561920533144658264226645977005553045079019729148291735128508371	74->21	741->217
control	R22	0	-	-	45409202028982701680013815873693055633592183523547834677978976650271884404951	N	52481920633417594703960455832554131361031429012082620680787334813116934018516	29514148266019440542234989286224267271698248931813865094373784123226055311910	52->29	524->295	1803132373760152922742112985191563096750757371446976987070841411791040213619	53454501857520839015380838564093338989595574094348407211581740124633777746582	18->53	180->534
control	R22	0	-	-	45409202028982701680013815873693055633592183523547834677978976650271884404951	delta	123549496170309983542653798884378005039	329000707692568685597229685607751666223	12->32	123->329	153692613885237637950989549288676270900	66491635204261200737793591249087264414	15->66	153->664
control	R23	0	-	-	71994564882471197144026884277753003992439072151062212634327073580911039711344	p	108069833815337251054441846812228988927935232649446251240546871334241199415869	108069833815337251054441846812228988927935232649446251240546871334241199415869	10->10	108->108	104562810046053571961596743143099871576773774419910095614854757644817014668279	27102397902056972446819719363688241374107412276023329808423322794955298304032	10->27	104->271
control	R23	0	-	-	71994564882471197144026884277753003992439072151062212634327073580911039711344	N	80821066326017322255858489884667187005300710748323308455935505812967571217413	61074414166316798475191130173143764749441378108508479368429449975130761585976	80->61	808->610	4555072112148280952891731515230594082072943786916938151792653291398080409166	8255797747759437786531636995742350264542769768350181622144246552424371420989	45->82	455->825
control	R23	0	-	-	71994564882471197144026884277753003992439072151062212634327073580911039711344	delta	396528542397931746926624086837719330037	168558209705093640551600685086905607380	39->16	396->168	171844034969650924799245979245026744750	418062968235265741254541324754275395057	17->41	171->418
control	R24	0	-	-	103011152642879233576892703484181577577138820593882666305804457061445213679644	p	106045783094759521771307167967097251678889590756012443663856010012117045046069	106045783094759521771307167967097251678889590756012443663856010012117045046069	10->10	106->106	21762687302462378120473933600089969154726248618928251556096171447408620087745	89594987570383300207950086095781751415814496430524793322862597845654291887620	21->89	217->895
control	R24	0	-	-	103011152642879233576892703484181577577138820593882666305804457061445213679644	N	104965469282426012832005866517348927116990521284446994484021233119620593382991	6699703170626093038619963505690693802696272291433381547550933685664057046431	10->66	104->669	75972216964717308659937687107161187991757025706790774413737006425009701379094	59958323828509180748179547635178911878771075909111293566374770134025319214921	75->59	759->599
control	R24	0	-	-	103011152642879233576892703484181577577138820593882666305804457061445213679644	delta	128425213970204649064614671390622643092	418614289679134235412678741807973651371	12->41	128->418	169691826187465801352369452915711908373	420352996713031318514408347295661124300	16->42	169->420
control	R25	0	-	-	77550641287575043089312089138517393085839635832827734697737908939488658656759	p	4876657580433512767371019173142028394877522228491066204755627342762297584420	4876657580433512767371019173142028394877522228491066204755627342762297584420	48->48	487->487	30170028966917212615771534289714103326574206825628348316443726532023098856254	10608374821818086585383272771651053984343422995983687975021702355339467122685	30->10	301->106
control	R25	0	-	-	77550641287575043089312089138517393085839635832827734697737908939488658656759	N	100018934035141370823196141863289602061035383247065395934867962676790092118347	102797917861990770835114668767972347550325824762651416203445172005677379476436	10->10	100->102	25769781812704345344390393596055369875026372561382709234281225905780297424260	100634430368287653044125872154863483423074258928852652645169849986184321144842	25->10	257->100
control	R25	0	-	-	77550641287575043089312089138517393085839635832827734697737908939488658656759	delta	344363341931641261602279870937039557781	142529465110716690751247112270501351586	34->14	344->142	67832047098573991810141557226755727008	292960249841181582010690275704931542357	67->29	678->292
control	R26	0	-	-	96036157359092461214013578560732333787911969052211125047365536401231358339442	p	16309290981221276712108239411503788397658090075772945670429523238586695317026	16309290981221276712108239411503788397658090075772945670429523238586695317026	16->16	163->163	91929924303688369105246529456286073539015441531733752843688791650545484843534	94187294972292373009366614491006491170651232714719897026081893332389680924886	91->94	919->941
control	R26	0	-	-	96036157359092461214013578560732333787911969052211125047365536401231358339442	N	112642701493574985257358818903346389465335266622164464272413298332495734624912	68382570010493828723173505964011603711632658876978916033620351905547985325549	11->68	112->683	37777066214869883359475728376078993312712576617724948306621959798990083307165	12600007695879001355296579197986351494533987654675608665885451570744754139146	37->12	377->126
control	R26	0	-	-	96036157359092461214013578560732333787911969052211125047365536401231358339442	delta	373043778415414231982313645814511231620	304510297358118763444339813450732774909	37->30	373->304	267428856533114481262403088156837279147	390635177512627998270666760840289411856	26->39	267->390
control	R27	0	-	-	17588932489950081858630095905364138479519471863651433416111251516531619167423	p	16688985063380056322551455346192437381699739535566987011638622990555412053926	16688985063380056322551455346192437381699739535566987011638622990555412053926	16->16	166->166	41588027343150289510341891390460777680064120618584390356964291897169099816896	61933356457765569602226594766296549340756244844143010431744354321808092788129	41->61	415->619
control	R27	0	-	-	17588932489950081858630095905364138479519471863651433416111251516531619167423	N	96889036213134180042705524102342921031050657119283339861658303420127511286682	62698596451579988180197950891042952905240455190322711917386967601814072142259	96->62	968->626	57537422796804682820052611308320561777932132053766324071563246097229021486627	21574408755305243581693727131594599261172151630357603877194133165290188180830	57->21	575->215
control	R27	0	-	-	17588932489950081858630095905364138479519471863651433416111251516531619167423	delta	155180931861008804888413820454397546975	353891792193357807560809624717919366266	15->35	155->353	340220304208776629182676134312503307008	38949452528324159630944608354115547559	34->38	340->389
control	R28	0	-	-	1134416391480821004101305247970533532690516799656776848169269063660477183244	p	79759744863597447177585608383615275232854907144346904217899040918742148934895	79759744863597447177585608383615275232854907144346904217899040918742148934895	79->79	797->797	72808232705922347050116689831466143264953374851201493449203344299828689424314	70949830603864206278757372953919719114402666772440834817122250151513212197199	72->70	728->709
control	R28	0	-	-	1134416391480821004101305247970533532690516799656776848169269063660477183244	N	37848303109688340031771763424996979085198529937339628693360476409472361339769	107488518912486839509088555214594113983885310272033397403331632027535051252780	37->10	378->107	115480295476405503825544834157680323967343181548367253987036373773124865067453	93955315762716650114463386877874362866433079795976836908683156038019039395979	11->93	115->939
control	R28	0	-	-	1134416391480821004101305247970533532690516799656776848169269063660477183244	delta	140545793023802902880373816114295316147	150846326798935784643735555447812202094	14->15	140->150	279766055912360234746261296376164953332	26676727991476854962714412168624290675	27->26	279->266
control	R29	0	-	-	28654577219099744712346021919929287827784301978230108477055060913987238178786	p	23426263959025992583616694964347193078156090698619631305606833693473846654483	23426263959025992583616694964347193078156090698619631305606833693473846654483	23->23	234->234	109632258148758357744122875097867170339438081685882017654143950363456963864810	46209801477456476895574288757814409909951562217847089116633688062077380705324	10->46	109->462
control	R29	0	-	-	28654577219099744712346021919929287827784301978230108477055060913987238178786	N	78895701365425631584185139630898663433936865062502687220723436759406207221830	34986856336257490831011104923597344675599105115450247300183646466027565783606	78->34	788->349	105190447254421187901952065892760963126065727690570300503463051587423183378652	21602468576363618876380003613338775143405234534210870089671222744488378052133	10->21	105->216
control	R29	0	-	-	28654577219099744712346021919929287827784301978230108477055060913987238178786	delta	157439800119227588925807457668536578491	378219184208968145015630310740750118439	15->37	157->378	6571147636389712875227422262535556444	409313093597897590599194571607536849960	65->40	657->409
control	R30	0	-	-	81385949505499700374887156838471795815669612962086750623412677772189624128419	p	8301604991264036190167388666441181634974364257384259943731855720577043540903	8301604991264036190167388666441181634974364257384259943731855720577043540903	83->83	830->830	71110685756166704516837972824126795938668438529862586734535957951921956413193	92580919667479368970648410112662988310222845215882397212774184937720696583542	71->92	711->925
control	R30	0	-	-	81385949505499700374887156838471795815669612962086750623412677772189624128419	N	43556778417071906545828547363831112594304586560792421895552662281111812347032	59303987302156894881717866361031147197734719413472292481053933735397253482101	43->59	435->593	52734044479769769994189160146589037260572327954152343299400506330682013704631	19621624547495073237903584775512945141361350930621872604531949210717510882908	52->19	527->196
control	R30	0	-	-	81385949505499700374887156838471795815669612962086750623412677772189624128419	delta	359687649018822430027372767510730073961	90610496723545291929139763476625200252	35->90	359->906	352937327939641235536627692554182519036	12641799189769807878301127392656688821	35->12	352->126
control	R31	0	-	-	86973433661330150690585281678244417914625390204566578556426725000938758495391	p	80506467874549892981974758992754258498410864622283714892021257034794291315258	80506467874549892981974758992754258498410864622283714892021257034794291315258	80->80	805->805	45865819021088792527842928370518271785279808970045329575876433568524427589989	26746443934581430480548549676760651575317751095478404708539166087206647407251	45->26	458->267
control	R31	0	-	-	86973433661330150690585281678244417914625390204566578556426725000938758495391	N	4292534074355591336142836097945458676058723994547241850453088683020289167834	74496664020827877999300983059312651392379865673392025028715928256971864413159	42->74	429->744	87109371910457750747923497141081273650054647547964955623170399805076191714028	37418449636197980505226011585294683780810949553934502730718225068554697623931	87->37	871->374
control	R31	0	-	-	86973433661330150690585281678244417914625390204566578556426725000938758495391	delta	62831383063970881413989613761575287856	204605522808034463475875096556559310932	62->20	628->204	412380928577053286241435651525810192837	61403971759956464149962191056646018643	41->61	412->614
control	R32	0	-	-	86747107892019449548530497931547017198771779029780652645769713526897871949386	p	36501743364221936995678008281207643943642783501103589552164386563673974200578	36501743364221936995678008281207643943642783501103589552164386563673974200578	36->36	365->365	85994094413680846709590025047722513871609696975203271843747450220672419239173	103194917017139893975120768351021641116874108799426211978597489193600698409755	85->10	859->103
control	R32	0	-	-	86747107892019449548530497931547017198771779029780652645769713526897871949386	N	37017826492870486628509224789501094191462351168338614572349142203666631992658	53982419944427235882367165302020611466221819942373370332069182987574352006785	37->53	370->539	23285014244030731305036620461702739299707369619366574240708972263279803373287	12286078210882954508806311320632394237861224262952777178438668716351548328119	23->12	232->122
control	R32	0	-	-	86747107892019449548530497931547017198771779029780652645769713526897871949386	delta	205112066427459358561620984422972411909	419068935775593391362297854444915381050	20->41	205->419	393273032571312671619238995033371644318	278651549052637513606001351744190838709	39->27	393->278
