source,tag,step,x,y,log2_sqrt_x,log2_sqrt_y,delta_x,delta_y,min_delta,closer,ratio_pmn_over_sqrt,is_p135_pubkey,x_eq_p135_px
00_Projects\patent\puzzle135da.txt,puzzle135da,0,9210836494447108270027136741376870869791784014198948301625976867708124077590,46351506704828816385393879789131775975171267756561783641521771795450741674800,126.17396964955003,127.33957572369161,2.1717324970588106,1.0061264229172318,1.0061264229172318,y,2.0085110839674436,True,True
00_Projects\patent\puzzle135da.txt,puzzle135da,1,66135406164325385060095891495657536334323340092839134970858076987573600092245,18001255490755148211396931233614335948899118184970256999612730580150292902845,127.59597902465818,126.65731637086172,0.7497231219506685,1.6883857757471255,0.7497231219506685,x,1.6814700964405087,False,False
00_Projects\patent\puzzle135da.txt,puzzle135da,2,109344736698857279586843786573489968957095068866232663724221449050639885326640,43272174790145337221510354499587258840722161011222938094283259408724798151076,127.95867354218038,127.28998742078089,0.38702860442845927,1.0557147258279593,0.38702860442845927,x,1.3076972760968444,False,False
00_Projects\patent\puzzle135da.txt,puzzle135da,3,76013374959556607443280118069621118804492499987295356045898139430054251341848,34302155782116638100070009803644310475619337609611213271735877754284606803015,127.69639425111701,127.12241722975607,0.6493078954918243,1.2232849168527726,0.6493078954918243,x,1.5684155988184523,False,False
00_Projects\patent\puzzle135da.txt,puzzle135da,4,111043121248979144190160020761239752631708838789824310947668416982217859512591,72488977945331606341283165653837897517536072723202996665415078684024079650758,127.96979166591676,127.66214842968031,0.3759104806920774,0.6835537169285247,0.3759104806920774,x,1.2976582446743925,False,False
00_Projects\patent\puzzle135da.txt,puzzle135da,5,108157905404509980937989848246545179005908593359563938978457667802027059418314,13677841400423764954426702026134455208160628007114430330082579741529691614284,127.95080121198569,126.45918788871806,0.3949009346231563,1.886514257890775,0.3949009346231563,x,1.3148524702796036,False,False
00_Projects\patent\puzzle135da.txt,puzzle135da,6,5631667576938923167887408450643946108568855977627685869886110623829484584264,102215460133416002599182629641755809412680133972016161893628836170274010847245,125.81908464720476,127.91003836368361,2.526617499404076,0.4356637829252302,0.4356637829252302,y,1.3525329893220666,False,False
00_Projects\patent\puzzle135da.txt,puzzle135da,7,72178410331515031671751563611173755062046126723130742830207139572439931595110,48694176165383451977078061593142205311256967982238680064438662251979110187906,127.6590512904428,127.37514222370375,0.6866508561660334,0.9705599229050975,0.6866508561660334,x,1.6095427057903176,False,False
00_Projects\patent\puzzle135da.txt,puzzle135da,8,13665249516995724664087472840690804982708467684151628516017291047631860793442,36823903076218835482529572391854237716998980525161643919155448507775035754942,126.45852350702413,127.1735888809088,1.8871786395847152,1.1721132657000515,1.1721132657000515,y,2.253415365241047,False,False
00_Projects\patent\puzzle135da.txt,puzzle135da,9,31060495513663202101987712317142807491737035248353699795193273662130634011067,57578491264096255265216760230142712481433200196073000378687709096357165001247,127.05080802846071,127.4960325988651,1.2948941181481282,0.8496695477437437,0.8496695477437437,y,1.8020881059704443,False,False
00_Projects\patent\puzzle135da.txt,puzzle135da,10,78316740638420343482681406271026547464743773384157120493621718457418590748840,51399646681401791594085846871253574801445131372593379760098195812970671744113,127.71792796800011,127.41414682693964,0.6277741786087355,0.9315553196691981,0.6277741786087355,x,1.545179217386718,False,False
00_Projects\patent\puzzle135da.txt,puzzle135da,11,8704726822552020315962436915864879890234387368965325442423149184461650224951,49498686792383090407288571586655900346154075071764513097769771543101664117264,126.13320306976836,127.38696273111137,2.21249907684049,0.958739415497472,0.958739415497472,y,1.9436108826242204,False,False
00_Projects\patent\puzzle135da.txt,puzzle135da,12,9242974859684744777794983680250438524212409449250101771762119802447608486138,22224935159931264978933611977071181374071946366308053981960463197511029585524,126.1764821878077,126.80935721075726,2.1692199588011496,1.536344935851585,1.536344935851585,y,2.9005870880341287,False,False
00_Projects\patent\puzzle135da.txt,puzzle135da,13,60701769825684432161915507863067277966409073732295956910239349191572608052661,80465762425548493792288665778346110631667539685455166404714823453705187779894,127.53413689593319,127.73745513468836,0.8115652506756494,0.608247011920481,0.608247011920481,y,1.52440581007741,False,False
00_Projects\patent\puzzle135da.txt,puzzle135da,14,86982625668891791785897433899507324901075962385327721534856326425700277240428,85924936585508502946870939342205891902727228851913062995632084367220393190644,127.79363123513981,127.78480604664843,0.5520709114690228,0.5608960999604121,0.5520709114690228,x,1.466188821655463,False,False
00_Projects\patent\puzzle135da.txt,puzzle135da,15,100639612267759109982212888805791969166973141694739340653684982909389727424464,57726294783042094744023464710218479761783136781175502400704182648676329027354,127.89883078771241,127.497881919504,0.44687135889642254,0.8478202271048416,0.44687135889642254,x,1.3630810597172163,False,False
00_Projects\patent\puzzle135da.txt,puzzle135da,16,9077970901462750996800394587275385058731832595448052051336475848669040872394,69800614280442363008284524743032553544199625015308947218833759167524356733980,126.16348849020962,127.63488747218543,2.1822136563992274,0.7108146744234115,0.7108146744234115,y,1.6367280990209099,False,False
00_Projects\patent\puzzle135da.txt,puzzle135da,17,34570879252764840835170764174629768346234786985862331576694329645908779521225,10290640372449207038897075763616510058818118273477434328659555680476775578452,127.12804625402661,126.25393398670019,1.217655892582229,2.0917681599086584,1.217655892582229,x,2.3256853012538317,False,False
00_Projects\patent\puzzle135da.txt,puzzle135da,18,73616929582708503227719534541494531726477634126311444114626782620840351021631,72948641693648303718404970977694928402976875804225642613721702123147383456830,127.67328639522232,127.66670816339943,0.6724157513865147,0.6789939832094125,0.6724157513865147,x,1.5937394052841556,False,False
00_Projects\patent\puzzle135da.txt,puzzle135da,19,67047680835724886046370486460036123820402568369965161303455169283165678768987,22908155426840311528717757824283548387465952891616523496095374468110045236476,127.60586132096687,126.83119825420985,0.7398408256419762,1.5145038923989835,0.7398408256419762,x,1.6699915764213622,False,False
00_Projects\patent\puzzle135da.txt,puzzle135da,20,73720391151946834803735929299397248054396687109524186079056719100724896424166,2755769656590098419704349225532756729753105682134449482104578021069052079354,127.6742994686015,125.30353121035539,0.6714026780073309,3.042170936253453,0.6714026780073309,x,1.5926206600419028,False,False
00_Projects\patent\puzzle135da.txt,puzzle135da,21,71037328430571341348276837234762990215548238994911684165186150637429717768162,90536603803101325836717574644376169842093789625522028617863934411445360561542,127.6475562686609,127.82251820042903,0.698145877947939,0.5231839461798081,0.5231839461798081,y,1.4371234006488984,False,False
00_Projects\patent\puzzle135da.txt,puzzle135da,22,105797494580877785181868077145290519456620455682262261112709344743541717572298,65163593649352134963664852205918329918560685134774020611946018476011896730789,127.9348843846657,127.58530068970441,0.4108177619431518,0.760401456904429,0.4108177619431518,x,1.329439165750483,False,False
00_Projects\patent\puzzle135da.txt,puzzle135da,23,90931928436626570704717583904884148462932638961966470667904868549029829185873,76704695164351443536496425889883903841748836508650332033799775086326936372495,127.82566108026342,127.70292505027494,0.5200410663454308,0.6427770963338997,0.5200410663454308,x,1.4339960661638076,False,False
00_Projects\patent\puzzle135da.txt,puzzle135da,24,1700080556573638261838656602404809618526543800534092325153425137011805052873,109626582484052528405872114007536317535927119147079160600972252561655033097185,124.95510511257987,127.96053048738518,3.390597034028969,0.3851716592236518,0.3851716592236518,y,1.3060151741994623,False,False
00_Projects\patent\puzzle135da.txt,puzzle135da,25,38674986919628385099047427645838068464193746211975688267900140299703368828905,47154845532507258102151987177867965370259921797080033375410124958898374538523,127.20896800758807,127.35197061912898,1.1367341390207657,0.9937315274798684,0.9937315274798684,y,1.9913289033790778,False,False
00_Projects\patent\puzzle135da.txt,puzzle135da,26,99510678328426488973792945249698111249366368473756287440681559049965113468857,11008696304358787729384901474364253143417161282159617874740861749656390130972,127.89069327932611,126.30258942025264,0.45500886728272333,2.0431127263561955,0.45500886728272333,x,1.370791230291841,False,False
00_Projects\patent\puzzle135da.txt,puzzle135da,27,59105139759584299591382817431304739456188327678190049532771724911923450614661,9699449181333744259565484114327978390640116899761942316661863067022022663334,127.5149094017439,126.21125496873412,0.8307927448649362,2.134447177874713,0.8307927448649362,x,1.7786624490751681,False,False
00_Projects\patent\puzzle135da.txt,puzzle135da,28,100015918097027389809744924440493970973043148366477241847898904979026719963078,65011073559711022041211966695828950279957683369697517130951080653175885424972,127.89434646882367,127.58361034485954,0.4513556777851738,0.7620918017493037,0.4513556777851738,x,1.3673245065475579,False,False
00_Projects\patent\puzzle135da.txt,puzzle135da,29,26915962369913930838548318242046634636654784375802085070668463331528008625064,103045464742883629688904743495667405180488871900180274421394600950631107662431,126.94749861036354,127.91587215821274,1.3982035362453056,0.42982998839610576,0.42982998839610576,y,1.3470748240873416,False,False
00_Projects\patent\puzzle135da.txt,puzzle135da,30,88733982745588944226937486247940459473273611340780423941977708191097404416928,85482137988970368428461179149302217590165338381427739590532416063591279361238,127.80801096773138,127.78107910152673,0.5376911788774669,0.5646230450821149,0.5376911788774669,x,1.4516475091691454,False,False
00_Projects\patent\puzzle135da.txt,puzzle135da,31,115538327917765174329427480064945886907607011573389630220074030614872364845142,12517513861387629022817490643561102410970072040039156988373377340958381559609,127.99841741372089,126.39524163222205,0.34728473288796036,1.9504605143867817,0.34728473288796036,x,1.2721640585553269,False,False
00_Projects\patent\puzzle135da.txt,puzzle135da,32,26034745717225934726932256841743196353704705427398679477789715411704112964918,68505462586039510208836636935811730035845626600014298270764028577593850036804,126.92348676367789,127.62137712188463,1.4222153829309572,0.7243250247242111,0.7243250247242111,y,1.6521274957031753,False,False
00_Projects\patent\puzzle135da.txt,puzzle135da,33,58768361143429188272539943604109709378949140395704505238893133743251634659604,69637238539409477603097630031612627438049532617699418071355444705832273045869,127.51078743915046,127.63319710278802,0.8349147074583834,0.7125050438208295,0.7125050438208295,y,1.638646935966312,False,False
00_Projects\patent\puzzle135da.txt,puzzle135da,34,16583449799068039736910711418920303272925183052160800022126691105279503803705,56713582466408180747436864102471966559731879252683003348929465848587650848647,126.59813968423602,127.4851147511719,1.7475624623728276,0.860587395436941,0.860587395436941,y,1.81577745665069,False,False
00_Projects\patent\puzzle135da.txt,puzzle135da,35,47563266559122457441636720144990450206307398191695836804066187661056097529248,56713236160796311908002932163488061697580830391157669958452990722947697888763,127.35819150580586,127.48511034645179,0.9875106408029761,0.8605918001570497,0.8605918001570497,y,1.8157830004443947,False,False
00_Projects\patent\puzzle135da.txt,puzzle135da,36,48724079600919385139501687199581198030870361669894406305950147710558773398013,63203484127653204987848113022174380653953011256612134853203264454049278051817,127.37558507231738,127.5632696507053,0.9701170742914689,0.7824324959035532,0.7824324959035532,y,1.7200285310611392,False,False
00_Projects\patent\puzzle135da.txt,puzzle135da,37,10678658980226636552536258467941225358562247030740459224340788741610583550736,54881976983004364262293179527538111198809873715550529439801037936806469953727,126.28063284851856,127.46143383164463,2.0650692980902825,0.8842683149642091,0.8842683149642091,y,1.8458282437738767,False,False
00_Projects\patent\puzzle135da.txt,puzzle135da,38,95840707456049802334596742589376950719434171317115099509647920924896618603719,68784075129888758908027827945813312530411081300502973958715448247327088834224,127.86358688448871,127.62430490133401,0.4821152621201319,0.7213972452748245,0.4821152621201319,x,1.3967901226199977,False,False
00_Projects\patent\puzzle135da.txt,puzzle135da,39,86722584916004270751184066338771176114520898055436441098184158105114436361331,101626201105814317466258422975140012181510567518613094760035821052710041658681,127.79147148539131,127.90586785486913,0.554230661217525,0.4398342917397079,0.4398342917397079,y,1.3564485165335076,False,False
00_Projects\patent\puzzle135da.txt,puzzle135da,40,47079499109389106146622904951310450659946755320388622445741435364655242544098,66385373756354917832066132864302334188161674237107027148714048483494714419788,127.3508170913514,127.59870031435567,0.994885055257441,0.7470018322531738,0.7470018322531738,y,1.678301405689963,False,False
00_Projects\patent\puzzle135da.txt,puzzle135da,41,62889178991663646037776299809899455715326558185953008609729579023361370143461,78950654097127168544256542358430786446918066015493736297943981056417184319391,127.55967350649722,127.72374321506888,0.7860286401116235,0.621958931539967,0.621958931539967,y,1.5389634106549575,False,False
00_Projects\patent\puzzle135da.txt,puzzle135da,42,74269716549022381606391293970997614832764420969039532201578259760729653724233,57987430998073812947378325922659420299221191201843410086513974841885836048917,127.67965464185149,127.50113771789306,0.6660475047573601,0.8445644287157844,0.6660475047573601,x,1.5867199327006578,False,False
00_Projects\patent\puzzle135da.txt,puzzle135da,43,114576486659232884398804798688382735693871370369631050614437925992397585475556,74714902086408797334234778069716810332538369696696728428663683710152639719233,127.99238715574894,127.68396561626307,0.35331499085989554,0.6617365303457698,0.35331499085989554,x,1.2774926501399948,False,False
00_Projects\patent\puzzle135da.txt,puzzle135da,44,76776949670450470996346861068221224174215243912225746916101417499862928329570,6953763826414314303821830472170833411860332058694105750232405210484321072100,127.70360422741983,125.97120059279771,0.6420979191890109,2.3745015538111214,0.6420979191890109,x,1.5605968782237445,False,False
00_Projects\patent\puzzle135da.txt,puzzle135da,45,42213467183495818475210009499135787251234981872107172255469532132211987748405,31166814088733681775620073905181921526963044361094771226918338717996726582612,127.27211927034396,127.05327294991145,1.0735828762648731,1.2924291966973958,1.0735828762648731,x,2.104653706827455,False,False
00_Projects\patent\puzzle135da.txt,puzzle135da,46,73702685721127083677957953762212670151315355619651098347978378353254827847910,13948175314291890771868693908437501135457690541526583990986932449365467901111,127.67412620171613,126.47330580699062,0.6715759448927132,1.8723963396182182,0.6715759448927132,x,1.5928119443984925,False,False
00_Projects\patent\puzzle135da.txt,puzzle135da,47,42507770638275993984663470953084930722919639829959234499662247079746651680139,69112869377073916724645046037656644260851190454262801301752720705417480522889,127.27713090442211,127.62774479429537,1.0685712421867295,0.7179573523134773,0.7179573523134773,y,1.6448515130472396,False,False
00_Projects\patent\puzzle135da.txt,puzzle135da,48,103997977350781066266307602615696891634125159164162374540362178031207013164276,48849134528009820287541593166944529935781109710254005984354077874784890647933,127.92250938804676,127.37743410664045,0.4231927585620827,0.9682680399683852,0.4231927585620827,x,1.3408917362293724,False,False
00_Projects\patent\puzzle135da.txt,puzzle135da,49,82372476598602723110448492216664384015664629304957997820058144025072392909199,96168003433070912035711196263989837919786698643335113853209129750440415722915,127.7543487883328,127.86604608927217,0.5913533582760299,0.4796560573366642,0.4796560573366642,y,1.3944111950658447,False,False
00_Projects\patent\puzzle135da.txt,puzzle135da,50,39017100029389302389382950529047014049375983550517399618020688097500797366938,43084028225626770211597166055184434080591154587518454497988727087452542483024,127.2153208820754,127.28684417761357,1.1303812645334361,1.0588579689952728,1.0588579689952728,y,2.0832817521850227,False,False
00_Projects\patent\puzzle135da.txt,puzzle135da,51,104119972416922840635980424788140105400012256425023350003198357589872767560822,52455830189198435861240836682957559549023737859291958557706017821770464461417,127.9233550704941,127.42881917055381,0.4223470761147458,0.9168829760550339,0.4223470761147458,x,1.3401059594146691,False,False
00_Projects\patent\puzzle135da.txt,puzzle135da,52,43667877082026865032124147487594914150408102872415994792692529628371404399399,93499768254933645762695465889467196379090791005788942363413058221013248008447,127.29655380375334,127.84574900031684,1.0491483428554995,0.4999531462919957,0.4999531462919957,y,1.4141676343900667,False,False
00_Projects\patent\puzzle135da.txt,puzzle135da,53,59595977132253269357475386803608240507817552493089065008678103273494678583011,7744261704430389621451202672560697774445415353706619719822612524642138500710,127.52087508006325,126.04886741173267,0.8248270665455889,2.2968347348761684,0.8248270665455889,x,1.7713226999734761,False,False
00_Projects\patent\puzzle135da.txt,puzzle135da,54,47968935827587069828039687783738261004308726139088680059655271031251162990342,106248787946761464536651944669704069125549409718665242416513338754531633421232,127.36431782284936,127.93795484492664,0.9813843237594845,0.40774730168219964,0.40774730168219964,y,1.3266127545676323,False,False
00_Projects\patent\puzzle135da.txt,puzzle135da,55,49339822886336678484174337663709591086149296226802901772291569651650232000946,73116765946317448918146760280596840694634972023044682924892829861523382961789,127.38464387414416,127.6683687354446,0.9610582724646871,0.6773334111642385,0.6773334111642385,y,1.5991811935881288,False,False
00_Projects\patent\puzzle135da.txt,puzzle135da,56,27227308921706309854044609650398683780423872489711785842588029976202908930131,89631508841165339155799324795515091827828284556889048719582712014391214810870,126.95579480427078,127.81527059718444,1.389907342338067,0.5304315494244091,0.5304315494244091,y,1.4443611787219632,False,False
00_Projects\patent\puzzle135da.txt,puzzle135da,57,109438991962227437042660995770587113544131383685780664323515671668027490570248,6658885672388249163168161363391960064524493358795882533997389683825234165776,127.95929507656179,125.93994394351398,0.38640707004705543,2.405758203094867,0.38640707004705543,x,1.3071340220888266,False,False
00_Projects\patent\puzzle135da.txt,puzzle135da,58,75894838073019277499142771356663405950422857447627792743027842108654491358569,115201780238474288775779917071161434396219798060119858371665378514801593460289,127.69526848833128,127.99631315878175,0.6504336582775593,0.3493889878270937,0.3493889878270937,y,1.2740209379557388,False,False
00_Projects\patent\puzzle135da.txt,puzzle135da,59,97377610994636428147200126679289308658580893071521667953292465616210548479580,91745286069995546999204813854821510125946335090367316940421950470865941985589,127.87506265912214,127.83208462236445,0.47063948748670653,0.5136175242443966,0.47063948748670653,x,1.3857235663694172,False,False
00_Projects\patent\puzzle135da.txt,puzzle135da,60,16492744910464037699851654724990650937999585230247874408949610126754894079497,63692856329977064970097610486735538668755423591265447530618284672726761160815,126.59418336996968,127.56883339152687,1.7515187766391629,0.7768687550819787,0.7768687550819787,y,1.7134080302146784,False,False
00_Projects\patent\puzzle135da.txt,puzzle135da,61,114412860515934565453231743785290494511719743236294065360077219305991729072701,102131174568374178651698011108232734741230911200237471826462448418874872829982,127.99135626645831,127.9094433043435,0.3543458801505358,0.4362588422653437,0.3543458801505358,x,1.2784058189570238,False,False
00_Projects\patent\puzzle135da.txt,puzzle135da,62,88877350228622065701678263148385468642952865916250686171616117173746701049029,66023411403858945058028027993848463625908978248754086275779778476447816514015,127.8091755082945,127.59475644770734,0.536526638314342,0.750945698901497,0.536526638314342,x,1.4504762149882215,False,False
00_Projects\patent\puzzle135da.txt,puzzle135da,63,51159060192567922771336439310619147391022711813755711269603399880634479027083,9045167352100051861180549010459603271372784053644243580912486838415299605599,127.4107624865788,126.16087715606812,0.9349396600300334,2.184824990540712,0.9349396600300334,x,1.9118106730279405,False,False
00_Projects\patent\puzzle135da.txt,puzzle135da,64,790509195920638720365608331842056784587547326891005487955106932794336892757,115051342940523751756930480238504148207474835588375259820926665277222881168523,124.40273063354228,127.99537056494587,3.9429715130665626,0.35033158166297185,0.35033158166297185,y,1.2748535994933012,False,False
00_Projects\patent\puzzle135da.txt,puzzle135da,65,54993493832876216731839587634175338826563054042351063764705277947710221921034,64995452569007275136157657869393110977971538885522762487390339302178904519578,127.46289807894509,127.58343699720845,0.8828040676637556,0.7622651494003917,0.7622651494003917,y,1.696151632190556,False,False
00_Projects\patent\puzzle135da.txt,puzzle135da,66,20686960469570742857375547389457632023302631009425223133475170089723561961064,52452322705355915476800403892710912182615242221776782543199247635099615107851,126.75762844867607,127.42877093569876,1.5880736979327683,0.9169312109100749,0.9169312109100749,y,1.888094809974036,False,False
00_Projects\patent\puzzle135da.txt,puzzle135da,67,40783859704581605353759250965654154483941805197430928013384890970780821049876,34566288718980731751326503955847815569075438601092336180167401400115760763005,127.24726676354368,127.12795046271017,1.098435383065168,1.2177516838986713,1.098435383065168,x,2.1412234875122196,False,False
00_Projects\patent\puzzle135da.txt,puzzle135da,68,110632224039113815315133711970946701667931785080606339424518191989427133674285,97382367362459554444645194179211576465084389261005691056815494807453498738804,127.96711748469404,127.87509789217324,0.3785846619147929,0.47060425443559245,0.3785846619147929,x,1.3000658161705925,False,False
00_Projects\patent\puzzle135da.txt,puzzle135da,69,23867996287671920465129424607575504868830121787580881534121335933509384117669,31073923155343638244297197211471278199710496679311011722596654165268343950760,126.86080633452714,127.05111980400766,1.4848958120817075,1.294582342601181,1.294582342601181,y,2.453059695708707,False,False
00_Projects\patent\puzzle135da.txt,puzzle135da,70,96147111545257334791054659882631120903443328270417689846524760297954686562015,9479010515847245592957258853994760543088634767938826385169597521232763247056,127.86588936408151,126.19467179256438,0.4798127825273255,2.1510303540444564,0.4798127825273255,x,1.3945626832355575,False,False
00_Projects\patent\puzzle135da.txt,puzzle135da,71,25448758294531400055780602802947069157759969255828985863686282411330693296453,91405190003260271753015611034046625711745576371887706875414587566279794169112,126.90706523846703,127.82940564776729,1.4386369081418184,0.5162964988415555,0.5162964988415555,y,1.4302789032681738,False,False
00_Projects\patent\puzzle135da.txt,puzzle135da,72,54239539351479416145672084211633911229867079193031208034400286237851788490867,14069448979047269625784002209265274516784413593657880481303205059657453805331,127.45294006868332,126.47955051944685,0.8927620779255271,1.8661516271620018,0.8927620779255271,x,1.8567274771234443,False,False
00_Projects\patent\puzzle135da.txt,puzzle135da,73,59760671562560570237008525491249036254168569926681091478334362358684288382057,74327627050709367259920107165263868717341595258777819030399197652415795371238,127.52286578599596,127.68021688068971,0.8228363606128805,0.665485265919135,0.665485265919135,y,1.5861016857851502,False,False
00_Projects\patent\puzzle135da.txt,puzzle135da,74,80298060179727445813189612123412148924048954386339459953661451500129619623398,114361342454802806766364082602663950403575833491474621614118939233308786395633,127.7359501736702,127.9910313834444,0.6097519729386413,0.3546707631644519,0.3546707631644519,y,1.2786937378116086,False,False
00_Projects\patent\puzzle135da.txt,puzzle135da,75,1190947653618180008108088988684961718652628157179790981144388372283776361829,33716961366705009495495338566661590266511985517258812160799138003009776707900,124.6983585597868,127.11000486765101,3.6473435868220503,1.2356972789578344,1.2356972789578344,y,2.3549513873361496,False,False
00_Projects\patent\puzzle135da.txt,puzzle135da,76,61150998365529652152250869185351458829746384517045555715100792392031452689568,40213319115924292469323470192911889486756082875153611224694786486301216981476,127.5394556320809,127.23710431463029,0.8062465145279424,1.1085978319785543,0.8062465145279424,x,1.7486560096333206,False,False
00_Projects\patent\puzzle135da.txt,puzzle135da,77,82001185927204782383012376889699608123337884655377593386263921444128951313178,46549080752603259482134412772656505336138916012135789950060556789395443589636,127.7510899930176,127.34264394464128,0.5946121535912414,1.003058201967557,0.5946121535912414,x,1.5100665727795208,False,False
00_Projects\patent\puzzle135da.txt,puzzle135da,78,50044091315650655914749965672588434121360762541407500727271491943832030829782,85962336600188826356348272344794060014470810494708484549083523308658510138112,127.3948674760863,127.78511995480207,0.9508346705225442,0.5605821918067719,0.5605821918067719,y,1.474864270743788,False,False
00_Projects\patent\puzzle135da.txt,puzzle135da,79,82233637124746709953092261776352311695481708157425008540470147204757961993869,103158578667827066895721887589215466449015333383380604949090748213455923749895,127.75313192546314,127.91666355353283,0.5925702211457109,0.42903859307601117,0.42903859307601117,y,1.3463360842032879,False,False
00_Projects\patent\puzzle135da.txt,puzzle135da,80,11469734509413380282099040938227414474040227802021037674017423369585939819366,91826874183140511089349794032567863126279623342874222140387506124219068187109,126.33218360451845,127.83272582402496,2.01351854209039,0.5129763225838737,0.5129763225838737,y,1.4269910858418475,False,False
00_Projects\patent\puzzle135da.txt,puzzle135da,81,55220120643597219042665419819202173971059444422384252756321157330361953994414,74065641741161374259237878454356162265443909005487604371080720776993189972678,127.46586462566727,127.67766982917824,0.8798375209415712,0.668032317430594,0.668032317430594,y,1.5889043924212256,False,False
00_Projects\patent\puzzle135da.txt,puzzle135da,82,86633140726464513682035232280305032661206682830732587510406065018847213451809,21613704329101743704150338381419363967397581643987153681490118657629676177750,127.79072711597601,126.78924078270768,0.5549750306328288,1.556461363901157,0.5549750306328288,x,1.4691432059408969,False,False
00_Projects\patent\puzzle135da.txt,puzzle135da,83,109251312249519931128656432527266287012011228102231060450799081255930089974423,75074056526375535874238462018915975687386774106017573111277653817375376311643,127.95805695739483,127.68742482532113,0.3876451892140103,0.6582773212877173,0.3876451892140103,x,1.308256284444025,False,False
00_Projects\patent\puzzle135da.txt,puzzle135da,84,8426012636667312374776120098682833472086966335932118342408650017904353729495,32941268111939794631634936802227183736494156445641290077969998710110465214511,126.10972859804694,127.09321565288748,2.2359735485619012,1.2524864937213578,1.2524864937213578,y,2.382516976007083,False,False
00_Projects\patent\puzzle135da.txt,puzzle135da,85,4240912794323184985901025102903682290220792830589498387216480470597200421484,19091308570533833761683224543936412435322759620875399815153805443202570169363,125.61449096686293,126.69972560191832,2.7312111797459138,1.6459765446905277,1.6459765446905277,y,3.129596245614162,False,False
00_Projects\patent\puzzle135da.txt,puzzle135da,86,15750586427702920763725763031783934879202985989670225998407467260397873979562,95211732798428550015239101686581611933076953910332642021123123235807312236448,126.56097037782251,127.85883728853223,1.784731768786326,0.4868648580766087,0.4868648580766087,y,1.401396169607976,False,False
00_Projects\patent\puzzle135da.txt,puzzle135da,87,83668411007202983815063798950903368244160232264642982254660790303740718471170,49839592904072881276529830267287234275718782383274805444590583933881998519204,127.76560912388616,127.3919137478695,0.5800930227226767,0.9537883987393534,0.5800930227226767,x,1.4949456372869245,False,False
00_Projects\patent\puzzle135da.txt,puzzle135da,88,100483951058120539786720241881244463612108854688010287367864526940843866695151,98067300332580750791868127171383182784659566310305284625455984387456710095712,127.89771420198606,127.88015368713111,0.4479879446227842,0.46554845947772333,0.4479879446227842,x,1.3641364359020571,False,False
00_Projects\patent\puzzle135da.txt,puzzle135da,89,14930462976096173400364162217867234282666600881583113372928279767518372603304,48432164243605357077479078955212229596512745809810025512452015494450065125765,126.52239705694099,127.37125034210337,1.8233050896678493,0.9744518045054792,0.9744518045054792,y,1.964894434317637,False,False
00_Projects\patent\puzzle135da.txt,puzzle135da,90,111228981351887037466482688561172000283227298068187717582388674085396947704591,10109097211449445748235769459810430359111057752625273944961549950906865569994,127.97099802293647,126.24109468758849,0.3747041236723646,2.1046074590203605,0.3747041236723646,x,1.2965736184894256,False,False
00_Projects\patent\puzzle135da.txt,puzzle135da,91,1661777126706862471449170371126868122411785308036640731384600462999614815252,51158726563421870979659737490190323240080697228233902665332151532793381820857,124.93866701053487,127.41075778236139,3.4070351360739712,0.9349443642474502,0.9349443642474502,y,1.9118169069079176,False,False
00_Projects\patent\puzzle135da.txt,puzzle135da,92,66511732121181291675937127609034575119559840301979140075888961395280523430772,70211133064876944554885014839081918659891509842426649842810140663361134308808,127.60007202700538,127.6391175108993,0.7456301196034568,0.7065846357095448,0.7065846357095448,y,1.6319361762203124,False,False
00_Projects\patent\puzzle135da.txt,puzzle135da,93,51332407807765497229612592321086298608166186298354778845465820976338284442393,115190898988297777872925445359663577942952136639041311042429806183533034872624,127.41320257245272,127.99624502152264,0.9324995741561164,0.3494571250861971,0.3494571250861971,y,1.274081110301429,False,False
00_Projects\patent\puzzle135da.txt,puzzle135da,94,63049073969016606346831340381016677785305472052784924301751040168127573245265,3244820676331941132808593872430768654595352132136849437482042783957515202789,127.56150519630881,125.42137293351846,0.7841969503000209,2.9243292130903806,0.7841969503000209,x,1.722133458619232,False,False
00_Projects\patent\puzzle135da.txt,puzzle135da,95,45208591351028081163898207190055006730045304963305854982264534106350491496595,57171019556452732233359564414732829884508492178071967531795402756864796011350,127.32156608851916,127.49090961508442,1.0241360580896806,0.8547925315244259,0.8547925315244259,y,1.8084986631208317,False,False
00_Projects\patent\puzzle135da.txt,puzzle135da,96,64480493303474072067218716625381586472061859338195382050701485258381489114462,20276819537184885601472517746149314907535975389598327967224850359630944090747,127.57769899629224,126.74318329585081,0.7680031503166057,1.6025188507580281,0.7680031503166057,x,1.702911134026903,False,False
00_Projects\patent\puzzle135da.txt,puzzle135da,97,80148915688758233840695981378973826796981281425831912623475800074795537388400,7166281482263167762006389802360558096314275388130370882433109209044761556573,127.73460910707604,125.99291591420403,0.6110930395328033,2.3527862324048106,0.6110930395328033,x,1.5274159979794666,False,False
00_Projects\patent\puzzle135da.txt,puzzle135da,98,57405843539666796570678899373696553590865726766392801982153447766182370811542,35642378582164164226380160351224656603232053319523744909510179077874473897718,127.49386640637061,127.15006441464054,0.8518357402382264,1.1956377319683054,0.8518357402382264,x,1.8047959560337814,False,False
00_Projects\patent\puzzle135da.txt,puzzle135da,99,18022806130966754161806458693176512864050605411146785578268074139465999774170,87362374025321383590989722419305356759222106191224750479325721503552998087579,126.65817943305045,127.7967736363442,1.6875227135583952,0.5489285102646454,0.5489285102646454,y,1.4629987230662471,False,False
00_Projects\patent\puzzle135da.txt,puzzle135da,100,32230364176333976493683588883926929622832420123567956212518123198475224148944,63558451873465785416347971997800703733399150756467345491863821847028536633687,127.07747785059213,127.56730959803723,1.2682242960167045,0.778392548571614,0.778392548571614,y,1.7152187103903045,False,False
00_Projects\patent\puzzle135da.txt,puzzle135da,101,6763901638628243930277374719146579886957986774695192756936901586939145037303,105201949672359962336771051360364220288735006548316040054659234747686411073506,125.9512313983145,127.93081237409349,2.394470748294335,0.414889772515356,0.414889772515356,y,1.3331968118036355,False,False
00_Projects\patent\puzzle135da.txt,puzzle135da,102,2659646721736027210215044693512288829839641741062989607127166480991046048127,81935470560812123097362859317538796084999211221642105072374961154582926905775,125.27792087161909,127.75051167673182,3.0677812749897573,0.5951904698770193,0.5951904698770193,y,1.510672016843773,False,False
00_Projects\patent\puzzle135da.txt,puzzle135da,103,94651366635170443723974461021641152202759941276028520555581817251911621346937,4283103362680086124044691229770894321891729983522805474274000977738925690702,127.85457927402261,125.62163180513556,0.49112287258623466,2.724070341473282,0.49112287258623466,x,1.4055384031096483,False,False
00_Projects\patent\puzzle135da.txt,puzzle135da,104,94808177757840358676098478803565922119644921148673290605592945254216829156618,23867442648467625940087854116148787598575293667808183039881918733119338414085,127.85577335839253,126.86078960204175,0.48992878821631536,1.4849125445670959,0.48992878821631536,x,1.4043755537028058,False,False
00_Projects\patent\puzzle135da.txt,puzzle135da,105,8761932878062216926583318802004492322959285035111694899880628999338104390902,114667478473561600829504900129469030885940480576755027623092061781709116980480,126.13792813965024,127.99295979218067,2.2077740069585925,0.35274235442817364,0.35274235442817364,y,1.2769856866795808,False,False
00_Projects\patent\puzzle135da.txt,puzzle135da,106,94076048677630708805593950768512997519722288380142892655284719275221473589201,96521333607515758935675777331278479569563766680892212715347003797520405610184,127.85018133886335,127.86869153021675,0.49552080774549745,0.47701061639208986,0.47701061639208986,y,1.391856634079791,False,False
00_Projects\patent\puzzle135da.txt,puzzle135da,107,109897731829426266610277241519150831347641159331061564270994962333696624431405,34209894042368906426441741318300686374690528518159190524633050299186028589246,127.96231245862637,127.12047442356067,0.3833896879824676,1.225227723048175,0.3833896879824676,x,1.3044030214475404,False,False
00_Projects\patent\puzzle135da.txt,puzzle135da,108,6476342886071368927109334967144297560185610742513942279738923772577870406108,59865816393365108574651473848077929892445135116533804110788280176883661636057,125.91989324341715,127.52413383262703,2.4258089031916947,0.821568313981808,0.821568313981808,y,1.7673261602281791,False,False
00_Projects\patent\puzzle135da.txt,puzzle135da,109,76761771669385828930470693895483526554790418880566841999616560246501615432643,14161793917747972303231110479714545743703602677791846942628101296026509137347,127.70346161045164,126.48426961951469,0.642240536157205,1.8614325270941512,0.642240536157205,x,1.560751157950443,False,False
00_Projects\patent\puzzle135da.txt,puzzle135da,110,106952928971699161993294555121556637571175110890291461402825378047842811573044,101441358263860150966554638340301848413811568393120743131200592639303896454800,127.94271964923065,127.90455463711092,0.4029824973781844,0.4411475094979266,0.4029824973781844,x,1.3222385637885403,False,False
00_Projects\patent\puzzle135da.txt,puzzle135da,111,35485043208962997315187995016370364950649836774002743527103145520563531177170,112017095753569953063470258857028942807106777981584682297442467265736048322166,127.14687313725163,127.9760911178617,1.198829009357215,0.36961102874714025,0.36961102874714025,y,1.2920044407660658,False,False
00_Projects\patent\puzzle135da.txt,puzzle135da,112,108926331940832335288905060505670444747587220438616292345345603297440564964722,114374368718483430660799274004138781956149807134600330661102363408728076946076,127.95590803041283,127.9911135434444,0.3897941161960138,0.35458860316443586,0.35458860316443586,y,1.2786209195907505,False,False
00_Projects\patent\puzzle135da.txt,puzzle135da,113,15038130937064684247962164181704025710962937918261839565233615845567969523939,99703809651005565156357472526429567845738713918830405568484281566969487246306,126.52758023977968,127.8920919210185,1.8181219068291636,0.4536102255903329,0.4536102255903329,y,1.369462940763361,False,False
00_Projects\patent\puzzle135da.txt,puzzle135da,114,63278767368890656158821098271037208360995281099218695855262564368657193098478,29706005257807355837455123127285553105478290072661789677465684055221361874279,127.56412835436004,127.01864491096144,0.781573792248802,1.327057235647394,0.781573792248802,x,1.7190050609086274,False,False
00_Projects\patent\puzzle135da.txt,puzzle135da,115,45887776462252046346957957184590520648475113650975915614631749368944713548730,24058373434638893144780719146997935636136694665730934216932860111769853854703,127.33232255633172,126.86653715895712,1.0133795902771265,1.4791649876517248,1.0133795902771265,x,2.0186343245964267,False,False
00_Projects\patent\puzzle135da.txt,puzzle135da,116,48552182097318706131460205129982918277878323624858285699722970773942833581522,78103969511297139380470126446077201699878075701141507773401900344224907211160,127.37303567403877,127.71596554218722,0.9726664725700694,0.6297366044216229,0.6297366044216229,y,1.5472824774477745,False,False
00_Projects\patent\puzzle135da.txt,puzzle135da,117,37511693967935325295451908047681915807244486451663395625917990026465695396009,105586050778677423433354253122682164097552294925722392562778508879191123884937,127.18693781285207,127.93344127788988,1.1587643337567757,0.4122608687189574,0.4122608687189574,y,1.3307696496495955,False,False
00_Projects\patent\puzzle135da.txt,puzzle135da,118,29456943287316009301747400411338158476656118681242997817864194383671141680144,12692980086906365340708835559206436135357618100529861748570786411221431346714,127.01257147139837,126.405283019815,1.333130675210474,1.9404191267938364,1.333130675210474,x,2.5194881576260135,False,False
00_Projects\patent\puzzle135da.txt,puzzle135da,119,44412945613658610780182571520174550665126845404543524757791863247138033318503,62398638797710094980456307452020157738329252603566115626294238579756711512473,127.30875773511569,127.55402488451664,1.0369444114931456,0.7916772620922088,0.7916772620922088,y,1.7310858353877425,False,False
00_Projects\patent\puzzle135da.txt,puzzle135da,120,104060239009730969438927182695673226059739075905290150436552105954057492102722,100273729318046017153725895316872391146543113199053579451590713932581231052929,127.9229411161989,127.89620349528644,0.4227610304099476,0.44949865132240296,0.4227610304099476,x,1.3404905328666532,False,False
00_Projects\patent\puzzle135da.txt,puzzle135da,121,63748422654141413362469075336777186493684662761189442156270333438266420883536,67796196718199244061279251789094248665341502500998266852534468965832809953170,127.56946242841374,127.61386977684235,0.7762397181950971,0.7318323697664959,0.7318323697664959,y,1.6607470707433951,False,False
00_Projects\patent\puzzle135da.txt,puzzle135da,122,55601155029888079712291541203330523403668883345890682371743870896154946007395,111615460281637858640957349443227096041610297261919401052508428659733871225727,127.47082503225336,127.97350009025435,0.874877114355477,0.3722020563544942,0.3722020563544942,y,1.2943269184770179,False,False
00_Projects\patent\puzzle135da.txt,puzzle135da,123,61816729609848372123217175046164392288115957421687229488022929964386476182446,100710488776158281628975897385657116524941144612700066378705456146979579651049,127.54726627121595,127.89933862550777,0.7984358753928964,0.44636352110107896,0.44636352110107896,y,1.3626013309864113,False,False
00_Projects\patent\puzzle135da.txt,puzzle135da,124,75908130826232336449352441833889134799646343551522248669477462532612213757458,94094017398180787213815236602786920071511013236566050470415427222443509377209,127.69539481912263,127.85031910458054,0.6503073274862163,0.4953830420283027,0.4953830420283027,y,1.4096949858249739,False,False
00_Projects\patent\puzzle135da.txt,puzzle135da,125,29192693103559785513345721868234222584952916935602152468531386188553543646366,112333189773990225358719628434845295599049415721300324813330637928702100610757,127.00607126043634,127.97812377664079,1.339630886172495,0.36757836996806137,0.36757836996806137,y,1.2901853765202158,False,False
00_Projects\patent\puzzle135da.txt,puzzle135da,126,83808176053409506899746736251157644572823725541598392824892817606647305805412,43224996612088918452853639001230617012667820355801038882108286077127907958921,127.7668131034358,127.2892005311154,0.5788890431730515,1.0565016154934397,0.5788890431730515,x,1.493698573215955,False,False
00_Projects\patent\puzzle135da.txt,puzzle135da,127,42519833305649948642184671615823055939342260339776842054283424459995195517209,73753823516719556050516051819790313691226646520552901628614505166279623901504,127.27733557619587,127.67462652718459,1.0683665704129781,0.6710756194242598,0.6710756194242598,y,1.592259654282241,False,False
00_Projects\patent\puzzle135da.txt,puzzle135da,128,60634513466342297645430008606043639763865864105332875541323839334558029984664,89001674127495251555891995900820756524666927383221105294841906682138831699373,127.53333721406231,127.81018384248243,0.812364932546529,0.5355183041264113,0.5355183041264113,y,1.4494627965434594,False,False
00_Projects\patent\puzzle135da.txt,puzzle135da,129,45103554842855291020560558493249363348420580140460652155118441202466072601626,12757622848969085525804296322831187377538931067498533428107991341201919119520,127.31988817780433,126.40894737279872,1.025813968804517,1.9367547738101245,1.025813968804517,x,2.036107832607064,False,False
00_Projects\patent\puzzle135da.txt,puzzle135da,130,81296794870660089342209574937629491615769271377312087181527525112427664619657,78213062107691343337047257820657590491805195492972113277104385567990329190056,127.74486684327611,127.71697238943692,0.6008353033327343,0.6287297571719173,0.6008353033327343,x,1.5165944025449698,False,False
00_Projects\patent\puzzle135da.txt,puzzle135da,131,44373595869185776048639384323312938121927225905058671716362424324183449563728,104295587711947981903489715764536904221202547576124801648889268879727483725725,127.30811833995534,127.92457071569373,1.0375838066534933,0.4211314309151123,0.4211314309151123,y,1.3389772335447045,False,False
00_Projects\patent\puzzle135da.txt,puzzle135da,132,9453443770943788261030098800082661517282332510163567496674689546343109147101,114822311720074005373397056284275465992598013687546175439887904671177407911079,126.19272354866813,127.99393315657572,2.152978597940717,0.35176899003312395,0.35176899003312395,y,1.276124414441037,False,False
00_Projects\patent\puzzle135da.txt,puzzle135da,133,80516007040146104207371078744012155703729214530765015491059457648951455968644,63905641859228336505931560889809103377274107190048397288407738637955633075375,127.73790541958029,127.57123925771455,0.6077967270285599,0.774462888894286,0.6077967270285599,x,1.5239300963769635,False,False
00_Projects\patent\puzzle135da.txt,puzzle135da,134,78350358411542999912499945174499293960010818935280603042699645109181135127673,57682081968054246467423491400612909388669790414176037810495875091875717633751,127.71823754286048,127.49732922468372,0.6274646037483577,0.8483729219251211,0.6274646037483577,x,1.5448476869465728,False,False
00_Projects\patent\puzzle135da.txt,puzzle135da,135,69353506340688754677964084131589690696679380690643213808552174257701113756816,110983779080470666437515313265894744695594849164808755270008287610545366917220,127.63025201745164,127.96940607005368,0.715450129157196,0.3762960765551658,0.3762960765551658,y,1.29800512222714,False,False
00_Projects\patent\puzzle135da.txt,puzzle135da,136,12241613549902153808246819163944693330774542245588104637928130189015030278279,68360141617122849612507182287715192915964792074534415850946127765569616293804,126.3791644708061,127.61984529859565,1.9665376758027395,0.7258568480131959,0.7258568480131959,y,1.6538826215863245,False,False
00_Projects\patent\puzzle135da.txt,puzzle135da,137,14303118100064218632933443892831556847256919449552918308128914364733152181164,1597629071533463713436163999322030094302802117212390798649298581267409976070,126.49143245114915,124.91026980346759,1.8542696954596927,3.435432343141263,1.8542696954596927,x,3.6156867554231074,False,False
00_Projects\patent\puzzle135da.txt,puzzle135da,138,43174441708053689171925016023258676497758356445251344540643181045436474104378,91413788204877328436614365092157446740804124665241993469743538858343162881189,127.28835636685825,127.82947349949124,1.0573457797505936,0.5162286471176031,0.5162286471176031,y,1.4302116370722782,False,False
00_Projects\patent\puzzle135da.txt,puzzle135da,139,44451720795997892083634787715942784303418865341834665584109489956231878228118,39427957320032343697781853119903462340210924406112495679578190435434717672701,127.30938724028441,127.22287709040502,1.0363149063244343,1.1228250562038207,1.0363149063244343,x,2.0509821079760453,False,False
00_Projects\patent\puzzle135da.txt,puzzle135da,140,59096771329313409745089299391300296984594271571183190445695195431003739788924,20442086443335576077124508097916891733188899010191427908785744223487673923896,127.51480726216967,126.74903883271844,0.830894884439168,1.5966633138904074,0.830894884439168,x,1.778788378846348,False,False
00_Projects\patent\puzzle135da.txt,puzzle135da,141,103749220382341097684925373788098077426726180231712993572893037418700691854349,47638073398133000383718333745005518656817594064625147519376523537428557444133,127.92078190088839,127.35932513982746,0.42492024572045917,0.986377006781378,0.42492024572045917,x,1.3424982854716467,False,False
00_Projects\patent\puzzle135da.txt,puzzle135da,142,54413153268632081272759294826620510985870754221026571544586271808395237583033,69429307465524983819017113367156897289773292988642199570407008148838583234702,127.45524532356873,127.631039996271,0.890456823040115,0.7146621503378429,0.7146621503378429,y,1.641098860840904,False,False
00_Projects\patent\puzzle135da.txt,puzzle135da,143,113771950229366502680046931211877484374808208767714223973825584248119908172821,28322691213392314448980669297899057919359406417847326533223970795745259064483,127.98730411013571,126.98424678390599,0.3583980364731352,1.3614553627028494,0.3583980364731352,x,1.2820015768623745,False,False
00_Projects\patent\puzzle135da.txt,puzzle135da,144,80358587504927229265217745413368376405883955019989703828785823927715383477284,53902379144043572078916692903682774953850407266170811465088940799275605209427,127.73649370845257,127.44844208175934,0.6092084381562715,0.8972600648495057,0.6092084381562715,x,1.5254220277486121,False,False
00_Projects\patent\puzzle135da.txt,puzzle135da,145,28079863948163846897862142007751959527617194718774422090018899740056435574735,110718557845880176029165575785634843242102436185653770365060323888706157652379,126.97803557849498,127.96768018142427,1.3676665681138618,0.3780219651845709,0.3780219651845709,y,1.2995588482257194,False,False
00_Projects\patent\puzzle135da.txt,puzzle135da,146,32123672174053843566654056020058876126667072878546802202879950027873168473842,16435853098292539773616510780645771016945319760328487181094043618601260213717,127.0750860167252,126.59169077623902,1.2706161298836527,1.7540113703698195,1.2706161298836527,x,2.4126458008801666,False,False
00_Projects\patent\puzzle135da.txt,puzzle135da,147,96189132523764831044122499274390288023360679243015037839852612345192370739776,37634767377855543949985223173642473768083761948635137028699706958799824422560,127.86620455926776,127.18930063278707,0.47949758734108244,1.1564015138217696,0.47949758734108244,x,1.3942580371260391,False,False
00_Projects\patent\puzzle135da.txt,puzzle135da,148,108904758688975644334741910946302637686131153765722830233345008630559768866304,57517487179596066602828705790670745985206056533698300509195415549828783359295,127.95576515079229,127.49526793011113,0.38993699581655494,0.8504342164977178,0.38993699581655494,x,1.3103361786920347,False,False
00_Projects\patent\puzzle135da.txt,puzzle135da,149,73337228638814630084976845350815623540097282525307829413307740508885599456653,20013375022209997762796747782369228039938912367461446799437303357750061252364,127.67054048005501,126.73374984644357,0.6751616665538301,1.6119523001652618,0.6751616665538301,x,1.5967756953223167,False,False
00_Projects\patent\puzzle135da.txt,puzzle135da,150,102229354360624010935874038549447582854410156330569887054981245894306849282314,60338544449062973954579400116311905704800108812453367419268637199159239721704,127.91013641035097,127.52980755305516,0.435565736257867,0.8158945935536807,0.435565736257867,x,1.3524410732606253,False,False
00_Projects\patent\puzzle135da.txt,puzzle135da,151,5369367281140430050520775449701896558619568236920752977683366071520897358767,76746127603290411469146768548901803245526698005491878174228359866330017319490,125.7846796047891,127.70331458468449,2.5610225418197388,0.6423875619243498,0.6423875619243498,y,1.5609102229800895,False,False
00_Projects\patent\puzzle135da.txt,puzzle135da,152,7895821871554275201235747350971394568039897591119562016236542850128927331682,50647147098700893443248048124648835633164961075405462098969405836663381984415,126.06284827987511,127.4035081086192,2.2828538667337264,0.942194037989641,0.942194037989641,y,1.9214481393190737,False,False
00_Projects\patent\puzzle135da.txt,puzzle135da,153,65438965472043819928410524366536531837176049884697108148656641690288591635863,40397314882481557957129610058125923392064514247550182873018265980749453302273,127.58834257612985,127.24039730747481,0.7573595704789905,1.1053048391340365,0.7573595704789905,x,1.6903940221271612,False,False
00_Projects\patent\puzzle135da.txt,puzzle135da,154,31717858037586397139584734323433416121015175026779064791617185071174995975027,103154732415155972729459780638090977488081750114705998046958481967241315066998,127.06591527902614,127.91663665769356,1.279786867582704,0.42906548891528645,0.42906548891528645,y,1.346361183878162,False,False
00_Projects\patent\puzzle135da.txt,puzzle135da,155,56250299412501245086403421092036553647942205607701499014333450839056939948361,38839499409405057825592959510429029577577288228229205097752507261681539774051,127.47919799352711,127.21202990892759,0.8665041530817365,1.1336722376812578,0.8665041530817365,x,1.8232395852061858,False,False
00_Projects\patent\puzzle135da.txt,puzzle135da,156,50027337099459973480515428414589997634705121355996950816164781780416754186418,29585598045702313846817124964863001547743668810277860321769329682865264419,127.39462593636591,122.03282299245794,0.9510762102429313,6.31287915415091,0.9510762102429313,x,1.9333143185971469,False,False
00_Projects\patent\puzzle135da.txt,puzzle135da,157,43497403666655332828254197664436821851552390842809392018450296468153400795306,73303286531377566977990365349396359071239741175411066898849418311440454827509,127.29373225069438,127.67020654702911,1.051969895914463,0.6754955995797367,0.6754955995797367,y,1.5971453353637992,False,False
00_Projects\patent\puzzle135da.txt,puzzle135da,158,104526034548492598999190622857670279889852509167406307311762344667759671045667,11701520573417481278917424249183314003920487374290351753007969290854459448195,127.92616281444114,126.34661561340997,0.41953933216769485,1.9990865331988774,0.41953933216769485,x,1.3375004085234081,False,False
00_Projects\patent\puzzle135da.txt,puzzle135da,159,31639051713608284632486834932426625535983812655636665201281378231709591766116,85163075565460426891528172393543477618172732750031926122032596705646325539030,127.0641207857045,127.77838163171232,1.281581360904337,0.5673205148965269,0.5673205148965269,y,1.4817689571692505,False,False
00_Projects\patent\puzzle135da.txt,puzzle135da,160,38509343301347653773003540098311109199749975837664656323908487879103815818979,28081981294070277767858374080022293990235200620695363013748689546086883406333,127.20587186627492,126.97808996923708,1.1398302803339209,1.3676121773717604,1.1398302803339209,x,2.2035509892062355,False,False
00_Projects\patent\puzzle135da.txt,puzzle135da,161,64140143177276485236658232509696180987963730571705975861782277201764191068349,13520809619498098922016148657187858025289062532429314837660838898868797641600,127.57388139284431,126.45085837676146,0.7718207537645232,1.894843769847383,0.7718207537645232,x,1.7074232784669103,False,False
00_Projects\patent\puzzle135da.txt,puzzle135da,162,2517101064935440769977553666887579517588131993681273183463162320884845630343,77895499442544265214812534443845305480860450706687203411421214653662086971412,125.23818513016359,127.71403759387165,3.10751701644525,0.6316645527371895,0.6316645527371895,y,1.5493515735994075,False,False
00_Projects\patent\puzzle135da.txt,puzzle135da,163,31265683134135781347080067367097092470147019527632530361840129074683365162671,105094600878030459196690957270882711100806915954891685139605935817043825914808,127.05555762547436,127.93007593031317,1.2901445211344829,0.41562621629567986,0.41562621629567986,y,1.3338775344150036,False,False
00_Projects\patent\puzzle135da.txt,puzzle135da,164,14930779750500698204945004390935011926325720618140412366182934949806759358169,80191698634241184222300052225683572586493664780132527655640529341560431642303,126.52241236135637,127.73499405473892,1.8232897852524674,0.6107080918699277,0.6107080918699277,y,1.5270084989823691,False,False
00_Projects\patent\puzzle135da.txt,puzzle135da,165,15974902535605212145408972209378309605719939947727386036172830546375244153946,60120191211291800718747464301502449004736764992714165574649690421744525611943,126.57117117030973,127.52719240458462,1.774530976299118,0.818509742024211,0.818509742024211,y,1.7635833260225993,False,False
00_Projects\patent\puzzle135da.txt,puzzle135da,166,94213454410893852166368799427749687820075536965552083523798560503517861714542,108262427306524065952611613199592180394530816006025677427171872724472731761586,127.85123415700724,127.95149797295788,0.494467989601594,0.39420417365095395,0.39420417365095395,y,1.3142176052061614,False,False
00_Projects\patent\puzzle135da.txt,puzzle135da,167,11341523195049958469294909617103084075110547945268415277746434413618298043125,81867275145447918962926794610808296128442529981326388542664438604432694917123,126.32407481114966,127.74991104459457,2.021627335459187,0.5957911020142731,0.5957911020142731,y,1.5113010805344842,False,False
00_Projects\patent\puzzle135da.txt,puzzle135da,168,10055888201444703951874236848625331260004010971599948457787360780965356905290,72022364000046256566742130942964804530335395453964279229571953149361989847593,126.2372878634597,127.6574900827622,2.1084142831491426,0.6882120638466459,0.6882120638466459,y,1.6112854098819314,False,False
00_Projects\patent\puzzle135da.txt,puzzle135da,169,93801430539609326267249253950629458638336107457175167569133192621502350561697,84440990906956543356989591855597486603504985797848340711540245775115828912452,127.84807256824502,127.77223936005618,0.4976295783638284,0.5734627865526714,0.4976295783638284,x,1.4118918451330982,False,False
00_Projects\patent\puzzle135da.txt,puzzle135da,170,11653210892351754450196593999600050015432040894058877714976188519096730621144,60678017358360207918442567936808973819249678546470791180510314031768696919379,126.34363136857687,127.53385457901659,2.0020707780319795,0.811847567592246,0.811847567592246,y,1.7554581070629554,False,False
00_Projects\patent\puzzle135da.txt,puzzle135da,171,83267996918896472454161706860034431044524903178217638745091159738659752445635,67469155620501519870299234607432827836653810026963265048171738039316899405409,127.76214866529281,127.61038165899824,0.5835534813160289,0.7353204876106016,0.5835534813160289,x,1.4985357284205154,False,False
00_Projects\patent\puzzle135da.txt,puzzle135da,172,98491604680795019769996374280328165997541166546977623715776924268553122031424,1007566900044570204662673914877156596162385732793984456172842353139031391231,127.88326798373234,124.57774137500171,0.4624341628765,3.767960771607131,0.4624341628765,x,1.3778646368910483,False,False
00_Projects\patent\puzzle135da.txt,puzzle135da,173,12821206889064001108145551268858350247549518427263811838327258800576180407371,16244372834805331194219450073775028803302468083063264150626790292128634692255,126.41253364195998,126.58323762819728,1.9331685046488614,1.7624645184115584,1.7624645184115584,y,3.392772086177417,False,False
00_Projects\patent\puzzle135da.txt,puzzle135da,174,25362253090105861158079756951170505650558865264099889812104712598146842141500,48717172060686584560043145118186083156081585576915952874401226677533399306859,126.90460906318903,127.37548280070361,1.4410930834198155,0.9702193459052398,0.9702193459052398,y,1.959138437972132,False,False
00_Projects\patent\puzzle135da.txt,puzzle135da,175,70946037189067498823751554760407186055335005253261457765441013700147240337121,21580200879725957579401112645908020277899833250644660417228953713865797066587,127.64662865690181,126.78812175284162,0.6990734897070275,1.5575803937672195,0.6990734897070275,x,1.6234618576693418,False,False
00_Projects\patent\puzzle135da.txt,puzzle135da,176,51699461129677435573565253127678622671047971508298968132772080033768914387983,69863698755863912983468865859725611733706086405716464674120699261761092046502,127.41834222732842,127.63553911800717,0.9273599192804145,0.7101630286016652,0.7101630286016652,y,1.6359889780312633,False,False
00_Projects\patent\puzzle135da.txt,puzzle135da,177,23754796194800043669567435413648314351985274276522412086810528823541694574086,32030043770989903316266802207785433034555860213524411056612085252661661829304,126.85737702029152,127.07298049054171,1.4883251263173165,1.2727216560671337,1.2727216560671337,y,2.4161694822268713,False,False
00_Projects\patent\puzzle135da.txt,puzzle135da,178,84294707808470949086072013763943398505073437622107679831394413211409919166862,68825960120292632033396769897186486517654146176113440297620239795541319414171,127.77098863507486,127.62474402097888,0.5747135115339836,0.7209581256299559,0.5747135115339836,x,1.4893816743192947,False,False
00_Projects\patent\puzzle135da.txt,puzzle135da,179,28109809082984869522248566981782908494405105315188014625605370424535227201784,5223553239062994379205064352896826265509825240100355802444971654405300056515,126.97880443332656,125.76481931382482,1.36689771328228,2.5808828327840203,1.36689771328228,x,2.5791536334813903,False,False
00_Projects\patent\puzzle135da.txt,puzzle135da,180,55614981770675380841271421809428140821015296954384681610173410777944365560276,106338077944910576607429332238421678577749474402436934388598148473581802416459,127.47100439265053,127.93856080073,0.874697753958307,0.4071413458788366,0.4071413458788366,y,1.3260556722465464,False,False
00_Projects\patent\puzzle135da.txt,puzzle135da,181,85536628648779040047185108990165857160482230766581632948056243375497013977076,98453975303367051784292034330786560748831032464533522816654112281340048209381,127.78153877860713,127.88299233541939,0.5641633680017184,0.4627098111894606,0.4627098111894606,y,1.3781279235441433,False,False
00_Projects\patent\puzzle135da.txt,puzzle135da,182,100115425156414894275405996628567965057049092977480866463042486133494110686495,98796982650172508726512030486586106959301811949409978527493846408282674223653,127.89506378951221,127.88550109635094,0.4506383570966298,0.4602010502579123,0.4506383570966298,x,1.3666448297375675,False,False
00_Projects\patent\puzzle135da.txt,puzzle135da,183,40181673580669221116502278237525023415308804152268277650456746824008941216730,2657327321604140350546756251262708583682206420232113969217075035733410986358,127.23653643275598,125.27729153108571,1.1091657138528523,3.06841061552313,1.1091657138528523,x,2.1572086349651487,False,False
00_Projects\patent\puzzle135da.txt,puzzle135da,184,19537653201407361072130691661881441139607818287895979029541841411203119533753,71479117724559565847232130583634587593101204074331924954372451918321850120510,126.71639619868654,127.65202851928427,1.6293059479223069,0.6936736273245669,0.6936736273245669,y,1.6173967608835387,False,False
00_Projects\patent\puzzle135da.txt,puzzle135da,185,42618558977309983074893376851471699419776733461915333061377636682710292954202,107661334605043158203132034421845253676279958378307707009950112972640040205615,127.27900851242279,127.94748176051317,1.0666936341860522,0.39822038609567295,0.39822038609567295,y,1.3178812558999082,False,False
00_Projects\patent\puzzle135da.txt,puzzle135da,186,2983888776988890538458961878689065698527947868827011930857157536563387343043,56990471665714393582331961579658403474613312658319339272050070366439949498997,125.3609004386938,127.48862797211542,2.9848017079150444,0.8570741744934224,0.8570741744934224,y,1.8113610926728116,False,False
00_Projects\patent\puzzle135da.txt,puzzle135da,187,915997413237572708546495490512338440081230446732483955934178175144287060720,87167838668363144788364803363998742097485956732277430757193655055289033591616,124.50901127292224,127.79516557487074,3.8366908736866105,0.550536571738111,0.550536571738111,y,1.464630324638088,False,False
00_Projects\patent\puzzle135da.txt,puzzle135da,188,105748638928399048354381452292705494356237339459047298611288525820916631114516,19852314654719300686611123704923218825474700191469079517935190534908068314208,127.93455120056237,126.72792121888007,0.4111509460464693,1.6177809277287771,0.4111509460464693,x,1.329746229361425,False,False
00_Projects\patent\puzzle135da.txt,puzzle135da,189,90899196936179395002766651330872291768351850858394599345569827847019751478950,75786336864658654363529702236129940813059949306959291892572006553643533720095,127.82540138009497,127.69423649354356,0.5203007665138658,0.6514656530652815,0.5203007665138658,x,1.434254223660804,False,False
00_Projects\patent\puzzle135da.txt,puzzle135da,190,75113860938917212672865540641999301012017370118072313851935671188478068599814,103739066436920706130094219737972053117165500007078125643957385672366913508311,127.68780718384166,127.92071129908749,0.6578949627671846,0.42499084752135946,0.42499084752135946,y,1.3425639855074998,False,False
00_Projects\patent\puzzle135da.txt,puzzle135da,191,46702812866169164825568859377633915730356586192513793985295055300726273988202,28673918671812672076333214048728633689170270553183722029043895713412410372442,127.34502232807334,126.99313714646493,1.0006798185354957,1.352565000143907,1.0006798185354957,x,2.000942650680141,False,False
00_Projects\patent\2^135-1da.txt,2^135-1da,0,47766466314263642148323271310262277386212541520415961783609701242013902247193,18180699820180080130916016381678591228013832567397144934977300408272614451318,127.36126668197808,126.66447147247345,0.9844354646307599,1.6812306741353962,0.9844354646307599,x,1.9785389469751737,False,False
00_Projects\patent\2^135-1da.txt,2^135-1da,1,65205267630837106421703991443369340833337708242139697106182354657884265996295,75216825407332620710637056194547684122017297230677237326330722764156266069947,127.58576186461903,127.688795314441,0.7599402819898065,0.6569068321678405,0.6569068321678405,y,1.576698523178968,False,False
00_Projects\patent\2^135-1da.txt,2^135-1da,2,104387697090745100722076781357459991227015128760029666819240671174397133298995,79935298028683701293828468635461981855443738479972111097614489655526609117721,127.92520749766103,127.73268396208765,0.4204946489478111,0.6130181845211952,0.4204946489478111,x,1.3383863613294666,False,False
00_Projects\patent\2^135-1da.txt,2^135-1da,3,43625557912620088293819786146175231574101563103108954798993820570312526933779,81870759651382962440521307343506393863985148005906327049941994032129927594610,127.29585439651127,127.74994174655968,1.0498477500975727,0.5957604000491529,0.5957604000491529,y,1.5112689189077846,False,False
00_Projects\patent\2^135-1da.txt,2^135-1da,4,42705566039484378167462929661503768237482492623062101869619304391507779888240,36790601568464381655923376602929215408988515455552512443868358687872049706651,127.28047966376018,127.17293623882962,1.0652224828486663,1.1727659077792272,1.0652224828486663,x,2.092492545009385,False,False
00_Projects\patent\2^135-1da.txt,2^135-1da,5,46346846963692152583930138262940275558820069748751096009133179843151411595255,80720067322328249334991504554317625117369903096070765126091855900499171384905,127.33950320260392,127.739731294562,1.0061989440049242,0.6059708520468393,0.6059708520468393,y,1.5220026302591754,False,False
00_Projects\patent\2^135-1da.txt,2^135-1da,6,93459305303942757278674910443956605501957502114880415680182989982871632407197,35501177748645871804269073644774869231879043794448959134971430820490511692557,127.84543676246427,127.14720104906992,0.5002653841445617,1.1985010975389165,0.5002653841445617,x,1.414473731270285,False,False
00_Projects\patent\2^135-1da.txt,2^135-1da,7,29164543108253260878088944502454984171095745604455238383788225133237503928532,34131950668786944460209198444874227070590430993665841131914820649511583298828,127.00537534225352,127.1188290397147,1.340326804355328,1.2268731068941476,1.2268731068941476,y,2.340591405777222,False,False
00_Projects\patent\2^135-1da.txt,2^135-1da,8,40687254446000638959359099413714843771044232372712219057287881117749424899430,108067947080544177276028609721112365711123374935923761330330852583127946500361,127.24555607142595,127.95020099497246,1.1001460751828838,0.39550115163637883,0.39550115163637883,y,1.3153996136405763,False,False
00_Projects\patent\2^135-1da.txt,2^135-1da,9,113228443819325086898750482705831545652824513592776480081391895688374040988664,61903624454310072670225783535006077508247833455793492737829156231656575698053,127.98384986282437,127.54827954653952,0.36185228378447615,0.7974226000693205,0.36185228378447615,x,1.2850747531135525,False,False
00_Projects\patent\2^135-1da.txt,2^135-1da,10,30146889641073908650499463864910603538150418560438004139616530009425799864574,35644770224868439623058903218146965310250136764920273732871404953075473648665,127.0292721867016,127.15011281622662,1.3164299599072413,1.195589330382212,1.195589330382212,y,2.2903837351491076,False,False
00_Projects\patent\2^135-1da.txt,2^135-1da,11,50017642410013534011918227925060252596027242421238350729434501448682201114180,8839567466617460136162795970416376668093526164550513039639237714870970402134,127.39448613444382,126.14429144732468,0.9512160121650237,2.2014106992841698,0.9512160121650237,x,1.9335016722277307,False,False
00_Projects\patent\2^135-1da.txt,2^135-1da,12,76336868995848050447591932042494723988712331545209129600464560635133025744256,100211780934357483801069566515596084696702440227318825339746992437097963078443,127.69945761308612,127.89575771429872,0.6462445335227197,0.4499444323101179,0.4499444323101179,y,1.3659876425584856,False,False
00_Projects\patent\2^135-1da.txt,2^135-1da,13,102323324980216791272383527064022730843915922099495601708761084168688581972388,42200525706347172785093397150440399464795906383279690132595810392506082562311,127.91079917828367,127.27189809131416,0.434902968325177,1.0738040552946908,0.434902968325177,x,1.351819910305457,False,False
00_Projects\patent\2^135-1da.txt,2^135-1da,14,59202371798935836563393543955254154957915820749636302593508176308691988295084,7118355207004836626498012125170806484212576867523116444283929809646725570874,127.51609509325853,125.98807552094877,0.8296070533503119,2.3576266256600737,0.8296070533503119,x,1.7772012403488266,False,False
00_Projects\patent\2^135-1da.txt,2^135-1da,15,103313124660439700249946206818697838802959009207847725261860489911528707884879,91062062934048415821642886477871288582982692281711203123213027902490436015528,127.91774342440704,127.82669267710165,0.4279587222018094,0.519009469507191,0.4279587222018094,x,1.345328715978285,False,False
00_Projects\patent\2^135-1da.txt,2^135-1da,16,72184253850655068342698987721846440447460093107065494869124641734535602419666,44668003746095434370829968421304066042488190034800132281284232771605632760889,127.65910968792485,127.31288849608084,0.6865924586839903,1.0328136505279921,0.6865924586839903,x,1.609477555958725,False,False
00_Projects\patent\2^135-1da.txt,2^135-1da,17,46029613826286041679405596298954170915741839913234603438879044095734749022762,33893554695679535386798632060045339319231727647513733744689906421350004940017,127.33454877515145,127.11377308174202,1.011153371457392,1.2319290648668226,1.011153371457392,x,2.0155217775231806,False,False
00_Projects\patent\2^135-1da.txt,2^135-1da,18,81558653633097402693000422045127086671419099267701366443118518458250907543603,77145951662178761886731449664736647999018952322420734455726459669820636056776,127.74718658552008,127.7070628314273,0.5985155610887549,0.6386393151815427,0.5985155610887549,x,1.5141577952959115,False,False
00_Projects\patent\2^135-1da.txt,2^135-1da,19,113761472522359741080315509642366105567234189766497586516003982929386716104860,42782797051557544982518209708763994352046303687713732152921257187546569611909,127.98723767534223,127.2817830087349,0.3584644712666104,1.0639191378739339,0.3584644712666104,x,1.2820606132273715,False,False
00_Projects\patent\2^135-1da.txt,2^135-1da,20,15885795788399870992760039283473754097597311103577406101008738933838871486525,82015252158675674041972654526767176333542026431842871669094690883000236501055,126.56713628707602,127.75121372014321,1.778565859532823,0.5944884264656336,0.5944884264656336,y,1.5099370733497588,False,False
00_Projects\patent\2^135-1da.txt,2^135-1da,21,101312237931753304941537208040201323862313431027079358860139698873858887806222,3522429593346880494353355567206144784909689156634317892074721949968769283198,127.90363588010001,125.48058899332574,0.44206626650883224,2.8651131532831036,0.44206626650883224,x,1.3585486845768941,False,False
00_Projects\patent\2^135-1da.txt,2^135-1da,22,67611076173616429591231172354918981817614840248839457198037153304603422112161,4916335596669537515566034675676028969945216006521479622461432497787438009174,127.61189741116121,125.72109525810916,0.7338047354476371,2.624606888499677,0.7338047354476371,x,1.6630190967482026,False,False
00_Projects\patent\2^135-1da.txt,2^135-1da,23,113125841708655567866351172570457271041867725241760310377472998836400114106538,47554993402852659783523280816249929530677792841696049754255145782721233690197,127.98319591644098,127.35806602367911,0.3625062301678645,0.9876361229297287,0.3625062301678645,x,1.2856573852388822,False,False
00_Projects\patent\2^135-1da.txt,2^135-1da,24,49912303282415796605300061223545260534789231093038863230130055826601668724035,84985217258897115304565996176348371406942508159028004269260080466236507796968,127.39296534613322,127.77687356256828,0.9527368004756127,0.5688285840405625,0.5688285840405625,y,1.4833186806527525,False,False
00_Projects\patent\2^135-1da.txt,2^135-1da,25,15231456260359289866825076670210703555079355029084693471801892650395910064024,94127431777274751330262296568593389511515924963306261561736511045898601245037,126.5367945470579,127.85057522182824,1.8089075995509512,0.4951269247806094,0.4951269247806094,y,1.4094447491888746,False,False
00_Projects\patent\2^135-1da.txt,2^135-1da,26,10229316044738258621626673199634552915777807111742224750236760758698651643766,78844239365767769149237407397271806257207822796736372929889281068938948436653,126.24962244894314,127.72277028099532,2.0960796976657003,0.622931865613527,0.622931865613527,y,1.5400016168552035,False,False
00_Projects\patent\2^135-1da.txt,2^135-1da,27,108500484794181732020334353085704344817063936690370657308804303406432154260579,81676858296476067310392627681981161778122062203452815228663919911658258812980,127.95308239757944,127.74823129270088,0.39261974902941105,0.5974708539079572,0.39261974902941105,x,1.3127750718426272,False,False
00_Projects\patent\2^135-1da.txt,2^135-1da,28,57635333577169474483738443760488144838178377762312706208418862287114116589178,75279549673150086426008205466147017523819204936219350430518823537445139145127,127.49674437221304,127.68939660462111,0.8489577743957969,0.656305541987731,0.656305541987731,y,1.5760415196033706,False,False
00_Projects\patent\2^135-1da.txt,2^135-1da,29,90159946423900835191943124358524915272573582188516314237239717214242479515309,72585018341071133103757115895527271890120657255904358099481900803780553097733,127.81951093482579,127.66310350796068,0.526191211783049,0.6825986386481547,0.526191211783049,x,1.4401221766474415,False,False
00_Projects\patent\2^135-1da.txt,2^135-1da,30,94998114897230847653125752790359182353225205507240830160717158255493226169640,30288255585762722304651924486326113078274069351900633075404152685922222460097,127.85721704846577,127.03264685087358,0.48848509814306923,1.31305529573527,0.48848509814306923,x,1.40297091246807,False,False
00_Projects\patent\2^135-1da.txt,2^135-1da,31,41897497944403484185796511083503890887064122856325468285126475834942885079072,98563411244575601915997195901703080398602281902449199252331451764103353485839,127.26669965117871,127.8837936997491,1.079002495430124,0.4619084468597401,0.4619084468597401,y,1.3773626364507858,False,False
00_Projects\patent\2^135-1da.txt,2^135-1da,32,62822620398224168464517299046647778001197577472344149852802887963571826460723,36652462195841048781374273119777753242519828665186212694029751761779475683394,127.55890966601349,127.17022266435926,0.7867924805953507,1.1754794822495802,0.7867924805953507,x,1.725234510933509,False,False
00_Projects\patent\2^135-1da.txt,2^135-1da,33,503540250481731952177488095969125448090982720314380249952971323721427395790,63768598708481213643598069323764813118600951721159613365631977122612598888589,124.07739306315544,127.56969069514608,4.268309083453406,0.7760114514627613,0.7760114514627613,y,1.7123901612199977,False,False
00_Projects\patent\2^135-1da.txt,2^135-1da,34,94036372983032566177067725374293312211031962776923866528761938874786687961819,111468520802958786416822093702409249626758898327374711623336594069138002151257,127.84987705311664,127.97254982530558,0.49582509349220155,0.373152321303271,0.373152321303271,y,1.2951797381137655,False,False
00_Projects\patent\2^135-1da.txt,2^135-1da,35,53471636558729593160675952452100718608501455188827419473397909736149759440764,97362452957919373610136763716084212055453445767485480532952374582608095892798,127.44265452206663,127.8749503636653,0.9030476245422059,0.4707517829435407,0.4707517829435407,y,1.3858314315195879,False,False
00_Projects\patent\2^135-1da.txt,2^135-1da,36,79474078440764271119565684303454813200507954066845056589895188961188410077275,46264848043940769062556466547074408294145152523194638721664823544214676484594,127.72850979690534,127.33822583190266,0.6171923497034999,1.007476314706186,0.6171923497034999,x,1.5338871540833952,False,False
00_Projects\patent\2^135-1da.txt,2^135-1da,37,471901426473233673555206721997143348684985575745426567096821156483439069447,103498086679034992873004820750593321326765478710407374459262720472735381324072,124.03058227707704,127.91903370193309,4.315119869531799,0.4266684446757587,0.4266684446757587,y,1.3441260561229043,False,False
00_Projects\patent\2^135-1da.txt,2^135-1da,38,71922259922797961023570771339495565830274828954443105811535996175638580875361,72039468466609782382050898856244522634915881540027977709697174434556143100902,127.65648678249877,127.65766137399723,0.6892153641100733,0.6880407726116138,0.6880407726116138,y,1.6110941132627674,False,False
00_Projects\patent\2^135-1da.txt,2^135-1da,39,38186733465091360973088963327306432582490095848290819439504689344605492084172,91055458703353256708747280799488319257818372202838591955416058043458726345515,127.19980336348384,127.82664035983535,1.1458987831250005,0.5190617867734887,0.5190617867734887,y,1.4330230216056554,False,False
00_Projects\patent\2^135-1da.txt,2^135-1da,40,39062904096574263836733862345706523565409043141763470445349256679712299108132,79565728918501953435920145662259810427844634739525467891997518195190755537926,127.2161672102602,127.72934118438349,1.1295349363486429,0.6163609622253614,0.6163609622253614,y,1.5330034696183708,False,False
00_Projects\patent\2^135-1da.txt,2^135-1da,41,28687778319814492490332629309646315280295373021556805425633580521827756757152,105273230967237942358188121881705368359966975915535478884753794215756283495737,126.99348572830401,127.93130096934851,1.352216418304832,0.4144011772603346,0.4144011772603346,y,1.3327453765889703,False,False
00_Projects\patent\2^135-1da.txt,2^135-1da,42,73563182495485663460825451673686063253277473082954015813746572976154023594596,21478822611310796292254566505673622052475705352309331809905303391820546503208,127.67275955325604,126.78472506189311,0.6729425933528006,1.5609770847157256,0.6729425933528006,x,1.5943215117640102,False,False
00_Projects\patent\2^135-1da.txt,2^135-1da,43,11853758436871337734627726415664765335503602653966841321305663986607386791520,2861272308687251674230777206792516067287845056475999165847268472329760914105,126.35593988711832,125.3306319613705,1.989762259490517,3.015070185238341,1.989762259490517,x,3.9717154321531583,False,False
00_Projects\patent\2^135-1da.txt,2^135-1da,44,59373205384573850468854862219714290250175490795385229662539166008675253981856,31662487464527584060506204680092536185074826702397744622618051482980797556334,127.51817360675342,127.06465490610054,0.827528539855422,1.2810472405083007,0.827528539855422,x,1.7746426420466594,False,False
00_Projects\patent\2^135-1da.txt,2^135-1da,45,109257469331318351757298553555895543472248587356691849561701824281848872386078,12637439751373208306523004386749747247711216508005732934967270375721752911152,127.95809760926848,126.40211971278877,0.38760453734036465,1.9435824338200722,0.38760453734036465,x,1.3082194212689382,False,False
00_Projects\patent\2^135-1da.txt,2^135-1da,46,32096641642636697386359806741358254717125914375554751362444509428944464032193,36362240133256025330327878005765891346915272504303291976874442518311010053116,127.07447878182374,127.16448814621168,1.271223364785094,1.1812140003971647,1.1812140003971647,y,2.2676751734223477,False,False
00_Projects\patent\2^135-1da.txt,2^135-1da,47,23366139932973870046107205281973709346266060073092469598113034246895267648488,68357338859625322730581123064663009415713327443228392313155668461321209604996,126.84547731660727,127.61981572282868,1.5002248300015653,0.7258864237801641,0.7258864237801641,y,1.6539165271221528,False,False
00_Projects\patent\2^135-1da.txt,2^135-1da,48,29431473265973690071084410229124723776947611257731985641126647000616042637705,58886386134502921404956040117789870569026330824550722096802128432621652779624,127.01194748661624,127.51223467464565,1.3337546599926076,0.8334674719631878,0.8334674719631878,y,1.781963111611615,False,False
00_Projects\patent\2^135-1da.txt,2^135-1da,49,29743511525446921414486737447010886920817799985112890912361954926173455268495,78764274391301699035179725881890387916435002922137443234599617664928164469327,127.0195550968878,127.72203830859576,1.3261470497210355,0.6236638380130883,0.6236638380130883,y,1.5407831574134874,False,False
00_Projects\patent\2^135-1da.txt,2^135-1da,50,31404680452809203293825063272434085937996897725674578392652754504953343539457,32811613629486727781734554556920764484932960066723866041645769427319632907044,127.0587574006102,127.09037087838725,1.2869447459986305,1.2553312682215871,1.2553312682215871,y,2.387219570845294,False,False
00_Projects\patent\2^135-1da.txt,2^135-1da,51,96235068447284489808391364384870949642457652596324182839316347926044677430357,71496834076819539944715471941763319042468488323981177415702919236529026765062,127.86654896257038,127.6522072856667,0.47915318403845764,0.6934948609421306,0.47915318403845764,x,1.393925236535479,False,False
00_Projects\patent\2^135-1da.txt,2^135-1da,52,89567809815362493865950083837464610758736510880971221917575051541797132056003,113389031900808884479151345862776026093974930925678947043513121463979416413999,127.81475777005319,127.98487220087145,0.5309443765556436,0.36082994573739385,0.36082994573739385,y,1.2841644322256074,False,False
00_Projects\patent\2^135-1da.txt,2^135-1da,53,33528127342528969130703568669459728578808652432929634344791798015815582873926,85643021713125811447716534802759047884138245116084521109063974694049595208810,127.10595355875155,127.78243545508566,1.2397485878572838,0.5632666915231872,0.5632666915231872,y,1.4776111843361812,False,False
00_Projects\patent\2^135-1da.txt,2^135-1da,54,5102908537164379552664217594432010948484707292469510197520235977347454238251,90227714321068176212561511445333462401529031706266411233520360166745388653060,125.74796345006011,127.82005292541079,2.597738696548727,0.5256492211980469,0.5256492211980469,y,1.439581254247159,False,False
00_Projects\patent\2^135-1da.txt,2^135-1da,55,70239119057487587660933756227908470693662010925352452376538169715056025054811,99689285042285947940236741698273264737862238122077184299151804392594738880526,127.63940498103679,127.89198682920959,0.706297165572055,0.45371531739925414,0.45371531739925414,y,1.369562701679965,False,False
00_Projects\patent\2^135-1da.txt,2^135-1da,56,80880337232979084152962515218903933153203816515622758706448254012681207259587,87553677350347561135912702132486227805031646463212265630283795125276399637434,127.74116211202652,127.79835149307142,0.604540034582331,0.547350653537415,0.547350653537415,y,1.4613995351318354,False,False
00_Projects\patent\2^135-1da.txt,2^135-1da,57,68830973244088146125515805157257242817612559982673166663345916614310454813954,68951611517001731903063519033013494761135194368306240326718281479585248348340,127.62479656035097,127.62605974091078,0.7209055862578692,0.7196424056980687,0.7196424056980687,y,1.6467738055609635,False,False
00_Projects\patent\2^135-1da.txt,2^135-1da,58,50415186224482492984388691010355628203094957951692672822394024835436122164549,61299698499016636488979571553540536727009436395933084501378136266526632497190,127.4001967919341,127.54120759475738,0.9455053546747307,0.8044945518514618,0.8044945518514618,y,1.7465337865909814,False,False
00_Projects\patent\2^135-1da.txt,2^135-1da,59,41553461949404468625324878770090802829916208248480847097785185830065124791354,26627982755387328757385886031543929532131521823804079543574674250119720767058,127.26075194444834,126.93973917525065,1.0849502021604975,1.405962971358184,1.0849502021604975,x,2.1213022599903635,False,False
00_Projects\patent\2^135-1da.txt,2^135-1da,60,86235032698700554800469685188602221053648471323770415724801896534263263321620,31781010374567396288338804053758997508069359392266439864601615799087474021419,127.7874046449775,127.06735010134189,0.5582975016313376,1.2783520452669586,0.5582975016313376,x,1.4725304849320757,False,False
00_Projects\patent\2^135-1da.txt,2^135-1da,61,8573008360646134400782664326990444340381632040953731291858489583065655921215,49835853937047845078440605817983803007322174792967755424596911048328516492739,126.12220433345514,127.39185963033745,2.2234978131537018,0.953842516271389,0.953842516271389,y,1.9370249224291554,False,False
00_Projects\patent\2^135-1da.txt,2^135-1da,62,77775465640253116399209212173253203360183982811357878901516970991654435716956,85650332940087546810055823354186917597450885931301021277323118549202817405721,127.71292516930659,127.7824970329029,0.6327769773022489,0.5632051137059493,0.5632051137059493,y,1.4775481175569187,False,False
00_Projects\patent\2^135-1da.txt,2^135-1da,63,114891201100547078596762824096405764042744705139436244288001187053675589947716,18145899331141377148281770454883887684240914667692477227424316672674344225167,127.99436581014206,126.66308938580724,0.35133633646678597,1.6826127608015993,0.35133633646678597,x,1.275741771551646,False,False
00_Projects\patent\2^135-1da.txt,2^135-1da,64,43336446216282165446036305593220196057543377582614964269339482196537419591032,44054493322947206173368363750629036291980840839925086497947114322485554639919,127.29105803111622,127.30291219263803,1.0546441154926143,1.0427899539708034,1.0427899539708034,y,2.0602079339353874,False,False
00_Projects\patent\2^135-1da.txt,2^135-1da,65,22043099545195781296441188507298863370919063389221745187666912496051845252131,62937117782202598446215698460768331674976252436270823573195371887794612061272,126.80343115560713,127.56022316154149,1.5422709910017132,0.7854789850673571,0.7854789850673571,y,1.723664493370081,False,False
00_Projects\patent\2^135-1da.txt,2^135-1da,66,91492124790618105598399880886203398668625581646513950717156850985469194636374,92021509841049282507661013896852686039291195373711540859061115763983771935901,127.83009138990728,127.8342531695322,0.5156107567015541,0.511448977076641,0.511448977076641,y,1.4254811651217292,False,False
00_Projects\patent\2^135-1da.txt,2^135-1da,67,63923447461224099470459324992267456139423045184349836410029828955266225417409,69491520933597948086358482637214617403757907981940185890372241576577128607948,127.57144021396013,127.63168608418236,0.7742619326487082,0.7140160624264766,0.7140160624264766,y,1.6403640854914021,False,False
00_Projects\patent\2^135-1da.txt,2^135-1da,68,68345342304528089402309129854464239335749482599101175413877980531357567770662,63293589049749814802497104140970614002543237159360084896584764988620925514302,127.61968911689496,127.56429729461031,0.7260130297138851,0.7814048519985299,0.7260130297138851,x,1.6540616754927135,False,False
00_Projects\patent\2^135-1da.txt,2^135-1da,69,1739258963535550826430429958154337906874926958507389899891632323552023420404,31872328607254106040577745222583280549286706769924804735857483894191705064227,124.97153993621234,127.06941981919061,3.3741622103964986,1.2762823274182231,1.2762823274182231,y,2.4221401209129265,False,False
00_Projects\patent\2^135-1da.txt,2^135-1da,70,9446374186903275360515095106666816240234309646333013812453008183143305089230,10772126819199477643864791946929974362178423452524546704104271649647578649529,126.19218390038502,126.28691916559994,2.153518246223829,2.0587829810088962,2.0587829810088962,y,4.166346941563233,False,False
00_Projects\patent\2^135-1da.txt,2^135-1da,71,5276135868109373541487662459410372534583507817758807797475473721449409954511,72698270656747252972404890880159309457281741625820675177278611811427608717714,125.77204441654918,127.66422812861333,2.573657730059657,0.6814740179955162,0.6814740179955162,y,1.6037775161769252,False,False
00_Projects\patent\2^135-1da.txt,2^135-1da,72,14297361010194589463761918049973697934902256874664977269075748553214887636860,97718503004667612924480177728437271961065377790961733073191814288828042247282,126.49114204604491,127.87758348694783,1.8545601005639227,0.4681186596610117,0.4681186596610117,y,1.3833043991954974,False,False
00_Projects\patent\2^135-1da.txt,2^135-1da,73,105979389847786093733577076925893167695702818326444975291385714612402465145604,40267945955303824445961324653093885279936125614117810084449815100456646536183,127.9361235164282,127.23808354727909,0.4095786301806481,1.107618599329748,0.4095786301806481,x,1.3282977997671819,False,False
00_Projects\patent\2^135-1da.txt,2^135-1da,74,24354852842211987748491635219209175554709133212026456488637129127219753050421,109229014368430530332301022337813091816275907987898130656693397283784893187305,126.87537223876959,127.95790971739808,1.470329907839255,0.38779242921076273,0.38779242921076273,y,1.3083898105709189,False,False
00_Projects\patent\2^135-1da.txt,2^135-1da,75,26352351107441826596902798339530441635491567029832345769117895196263055532130,7650835025689650826690536102005465139850949197192324785057624041216383782628,126.93223344679772,126.04011216562175,1.4134686998111186,2.305589980987088,1.4134686998111186,x,2.6637684855651367,False,False
00_Projects\patent\2^135-1da.txt,2^135-1da,76,48583813848941399069868560836085564762946789850441316084812875343235048303838,76422657895152015704385358578994528886627066373836299442124823797720444981327,127.37350547900004,127.70026782266925,0.9721966676087959,0.6454343239395947,0.6454343239395947,y,1.5642101214859983,False,False
00_Projects\patent\2^135-1da.txt,2^135-1da,77,26562264415538166547479354701860638212021627544013403852140736892905597810016,70954079197909494858073493587130435203997376145135432808140505445873857335950,126.9379566760843,127.6467104198107,1.4077454705245414,0.698991726798138,0.698991726798138,y,1.6233698526378855,False,False
00_Projects\patent\2^135-1da.txt,2^135-1da,78,42993256623080634913633442417236776777758816037461216815168689393377431868451,34772569368008471599135317359478502097846920979186945140484917980240721941239,127.28532280307648,127.13224244206432,1.0603793435323532,1.2134597045445217,1.0603793435323532,x,2.085479807533042,False,False
00_Projects\patent\2^135-1da.txt,2^135-1da,79,92041813818009777501909873315909433839949761727400499802804250366423830889778,42150471793517014942308527567169766693470627358308252272564803551807416860797,127.83441231284445,127.27104199544767,0.5112898337643954,1.0746601511611706,0.5112898337643954,x,1.425323929340091,False,False
00_Projects\patent\2^135-1da.txt,2^135-1da,80,51317621787922001438498673574038116371761090950327721613843809365508546251167,20299946368374081905811953332050168160143844797050265670592116475430592978832,127.4129947623066,126.74400556365694,0.9327073843022435,1.6016965829518997,0.9327073843022435,x,1.908854824109783,False,False
00_Projects\patent\2^135-1da.txt,2^135-1da,81,96264484297143446585207310240283136921945469372017986361230929360078756538801,42588833667289739702231334193633356382174146527401020223398649336486520054206,127.86676942075037,127.27850521619739,0.4789327258584757,1.0671969304114592,0.4789327258584757,x,1.393712247141502,False,False
00_Projects\patent\2^135-1da.txt,2^135-1da,82,77306898183268288313854844962150308263106617634772944827990943647781152035254,83350682026844954192904127308536788685770385835813577389365968855680653964355,127.70856618233407,127.76286460786143,0.637135964274774,0.5828375387474057,0.5828375387474057,y,1.4977922592010784,False,False
00_Projects\patent\2^135-1da.txt,2^135-1da,83,27960333021532060250166402728673937441756965211447244615335597349068656683239,46245364372657532234354405437214752146206233903912863814056348876445881774916,126.97495837773688,127.33792198440712,1.370743768871961,1.0077801622017215,1.0077801622017215,y,2.010814729602473,False,False
00_Projects\patent\2^135-1da.txt,2^135-1da,84,107412644391845992583585417031857940419321453392508785272825323762409414237352,19388020908737644563370047044211641650610682063837546862180554577235313015619,127.94581357034497,126.71085037745573,0.3998885762638773,1.6348517691531201,0.3998885762638773,x,1.3194060050896654,False,False
00_Projects\patent\2^135-1da.txt,2^135-1da,85,95797902069646621611601347899230489704879609017530211998029640903938556473493,103413759440034991324315445379715998404524445303187465718651946765788203198939,127.86326463669184,127.9184457293325,0.4824375099169985,0.4272564172763362,0.4272564172763362,y,1.3446739684245952,False,False
00_Projects\patent\2^135-1da.txt,2^135-1da,86,4628130833302001713097669292456947456504518770716228277248782154969893651539,104197243211046824852120760892289695204569940292529995190088556278792851231346,125.67751838266474,127.92389020723863,2.6681837639441035,0.42181193937021483,0.42181193937021483,y,1.3396089680667131,False,False
00_Projects\patent\2^135-1da.txt,2^135-1da,87,61159873768082945464242694337469664089721172479574540197866997287581935986897,16757438949381783025688280385457416425025670951988925672730697241827153870861,127.5395603202337,126.60566844463719,0.8061418263751343,1.7400337019716487,0.8061418263751343,x,1.7485291242413439,False,False
00_Projects\patent\2^135-1da.txt,2^135-1da,88,107118172216778141175954935665669538897291969131595678675451893942850605993465,113995209616898407909337393033425162951994527283719777811350735035912271283167,127.94383327762908,127.98871825304639,0.4018688689797641,0.35698389356245824,0.35698389356245824,y,1.280745562837727,False,False
00_Projects\patent\2^135-1da.txt,2^135-1da,89,20342944567712353676613545279897897773875024751523945546914303152003749581150,21547332902897688891595375228282272104519443654618120861559070454332570589974,126.7455318653217,126.78702225856973,1.6001702812871421,1.5586798880391068,1.5586798880391068,y,2.945841661908849,False,False
00_Projects\patent\2^135-1da.txt,2^135-1da,90,106712661119640448310942432360937383091709833544893028714079735101228782949707,54217213546459804382870153873670916733755453674408169620959761810819453335350,127.94109733192346,127.4526430901386,0.40460481468537973,0.8930590564702462,0.40460481468537973,x,1.3237262635308953,False,False
00_Projects\patent\2^135-1da.txt,2^135-1da,91,107848064488084859281661897688260155345059343092830144583837979091250638468808,78104939658631707069548551714570906129121397424199196631764287104149732176695,127.94873179575433,127.71597450215471,0.39697035085452065,0.6297276444541283,0.39697035085452065,x,1.3167398611685073,False,False
00_Projects\patent\2^135-1da.txt,2^135-1da,92,45964447753985748189680169957772131349128164852432420160514358211496173850090,20822240562146196394063948323712173022087310975005404754998174965939059482680,127.33352680934787,126.76233026429344,1.012175337260968,1.5833718823154055,1.012175337260968,x,2.0169500239633082,False,False
00_Projects\patent\2^135-1da.txt,2^135-1da,93,23815407206449413554938281715437328999518673327594357624395449757425451185456,9966385223190792230332974728902954812608236118399808224037954256633431903108,126.85921521409767,126.23083872752875,1.4864869325111743,2.1148634190800997,1.4864869325111743,x,2.8020582213860767,False,False
00_Projects\patent\2^135-1da.txt,2^135-1da,94,90391927938731832993043127202621709744492340871728414291081172209012436367391,48149271333635985434321021317906601010309335334943077046331690601615829010803,127.82136457808689,127.36702458833354,0.5243375685219517,0.9786775582753102,0.5243375685219517,x,1.438273027316717,False,False
00_Projects\patent\2^135-1da.txt,2^135-1da,95,35425469975707190196259600803576940461541768323490916478835423212476873833071,30334704604778009750769624357560621571663039879475554937156074806825605374212,127.14566110218732,127.03375223705548,1.2000410444215257,1.3119499095533664,1.2000410444215257,x,2.2974620714583156,False,False
00_Projects\patent\2^135-1da.txt,2^135-1da,96,16684802241151569022204376644802066487230842094370434095547088427838576011912,33818408365685340554995931177686479330166588655448207763859644736619739680034,126.60253489916266,127.11217198679172,1.743167247446179,1.2335301598171227,1.2335301598171227,y,2.3514165937975715,False,False
00_Projects\patent\2^135-1da.txt,2^135-1da,97,24165049476650953567442214420830263832413974394401996013846561501308317984760,64330791236971950566089155962440700136572806459679525945877227806026144780642,126.8697285800247,127.57602232233498,1.4759735665841367,0.7696798242738637,0.7696798242738637,y,1.7048913768767269,False,False
00_Projects\patent\2^135-1da.txt,2^135-1da,98,34682722211444157254463148783846025463981929494129753833087856964080623274190,53012872349957554731294962241983915367091311708995435574076521116528825159751,127.13037617505185,127.43643896122389,1.2153259715569924,0.9092631853849545,0.9092631853849545,y,1.878086075502288,False,False
00_Projects\patent\2^135-1da.txt,2^135-1da,99,90913202484573363987309651797371996152125197318030741563268250964619923451381,14114611467211991090944080335612832667358057736293319456317926726234024166201,127.82551251517332,126.48186231385989,0.5201896314355254,1.8638398327489472,0.5201896314355254,x,1.4341437430590307,False,False
00_Projects\patent\2^135-1da.txt,2^135-1da,100,3122187049202611784123090234883483699743327534081392416386851385474972445708,29158216812138940791696804937716864189559080497632267451313915559388593641675,125.39358204392205,127.00521885247012,2.952120102686792,1.3404832941387261,1.3404832941387261,y,2.5323613716528643,False,False
00_Projects\patent\2^135-1da.txt,2^135-1da,101,3413326472211060325026639285608247056506068394990314773097307870734024303344,36218420273883954653836156973524309550826560918664840944507716659163399861398,125.45789276305007,127.1616294167885,2.887809383558774,1.1840727298203413,1.1840727298203413,y,2.272173072542806,False,False
00_Projects\patent\2^135-1da.txt,2^135-1da,102,51417669235515182090505767362205949741131140022172066452296871153765706382478,84595694008857553603127054231982818794793885259841143212319381547278719009960,127.41439971284197,127.77355972113843,0.9313024337668775,0.5721424254704109,0.5721424254704109,y,1.486729749843147,False,False
00_Projects\patent\2^135-1da.txt,2^135-1da,103,112678501093926643535207674942142650170960312242857059666766369325402640100603,37813311586651328107579776568543742992064997756820808823433853374494926302560,127.98033779191262,127.19271470679637,0.36536435469621914,1.1529874398124782,0.36536435469621914,x,1.28820692693299,False,False
00_Projects\patent\2^135-1da.txt,2^135-1da,104,114631684278460325069705227196128579279524416274397006543836160742584873118562,107146210470477610192636431670549374730569760054088690257130974274484916561173,127.99273458373435,127.94402206612155,0.3529675628744885,0.4016800804872906,0.3529675628744885,x,1.2771850430245422,False,False
00_Projects\patent\2^135-1da.txt,2^135-1da,105,48935394508161964451428377077808801578367041256366090960184635702674642946417,83205513408920710588515583326638316733287007976511692485406729348900706108757,127.37870677092693,127.76160716980783,0.966995375681919,0.5840949768010161,0.5840949768010161,y,1.499098288497574,False,False
00_Projects\patent\2^135-1da.txt,2^135-1da,106,101119163126770100854191223075764362969583268573237165206304437859837045362249,55900553888430073846805139719668646762505897135940219567490106168630860519410,127.90225986755118,127.47469889473282,0.4434422790576656,0.871003251876017,0.4434422790576656,x,1.3598450582085921,False,False
00_Projects\patent\2^135-1da.txt,2^135-1da,107,115445651763767910581807459211696234516283753649911136425285979206906039776441,43885490417252414233025141040630398374844543412396727213473431645388135338737,127.99783857082824,127.30013962043891,0.347863575780612,1.0455625261699266,0.347863575780612,x,1.272674582851527,False,False
00_Projects\patent\2^135-1da.txt,2^135-1da,108,79695144367435164853661123107376679313142959959141531335977269056997576779268,57339354233950650781070792569855155245245055274884452278704874401897414312192,127.73051351920518,127.49303043411011,0.6151886274036718,0.8526717124987302,0.6151886274036718,x,1.5317582561145737,False,False
00_Projects\patent\2^135-1da.txt,2^135-1da,109,79012493597555104859587714523618165604981351937911277105588871039490280504498,29666081721329109641560278166524456288437793470537263557733714361700121308914,127.72430800215028,127.01767480026291,0.6213941444585617,1.3280273463459327,0.6213941444585617,x,1.5383610542900858,False,False
00_Projects\patent\2^135-1da.txt,2^135-1da,110,110482911374855440733905375028994208249215586957474109336000839204495819785915,98106209811423892945167415960399992088206072196048104572347069569917374176495,127.96614327425564,127.88043983439364,0.37955887235319763,0.4652623122152032,0.37955887235319763,x,1.3009440096746345,False,False
00_Projects\patent\2^135-1da.txt,2^135-1da,111,1156300963185929571123519537524399260620980354860376868527400258449920666335,101967254451079149928834525497247266875023622919488709476672239980175478391045,124.67706203469719,127.90828461442948,3.668640111911655,0.43741753217935864,0.43741753217935864,y,1.354178136736936,False,False
00_Projects\patent\2^135-1da.txt,2^135-1da,112,110813646290753411029105194010905688900304347517336806067452897571469127346100,9418810021254164463799727266104172679804433139180995493340368278691555037472,127.96829943060668,126.1900759584244,0.3774027160021598,2.155626188184433,0.3774027160021598,x,1.2990011572070017,False,False
00_Projects\patent\2^135-1da.txt,2^135-1da,113,9396711724823872767676602964341279604240696421812263013801542087419152629130,71602874817240349570483609828532253393091656370177818152019248253992748376952,126.18838155325398,127.65327636176423,2.1573205933548607,0.6924257848446183,0.6924257848446183,y,1.6159984169884272,False,False
00_Projects\patent\2^135-1da.txt,2^135-1da,114,75866250165427348788295641546678042529697519017158820281780673492810857732310,102200438074444976029317779843063936631218574782242504851748012049810744418397,127.69499672148065,127.9099323433094,0.6507054251281983,0.4357698032994304,0.4357698032994304,y,1.3526323875445845,False,False
00_Projects\patent\2^135-1da.txt,2^135-1da,115,28730118520785307461629323249308961136852591392759756080162845209953540901522,25873879414633690287197753785604110972017526245723568572246689601781246210922,126.99454957794678,126.91901579648548,1.3511525686620596,1.4266863501233578,1.3511525686620596,x,2.5511585605845144,False,False
00_Projects\patent\2^135-1da.txt,2^135-1da,116,112010069278827990715867671884828727330423266132067903470805332300872719619695,46916034508671600783002743518208275245203882927243396282202929585479220931138,127.97604586861584,127.34830814441017,0.36965627799299405,0.9973940021986751,0.36965627799299405,x,1.2920449643290872,False,False
00_Projects\patent\2^135-1da.txt,2^135-1da,117,52561908347065190452009047101120710784557673263463876395461100224226447920315,65513246021006355825366537285849318564021066309015789033753762647641346968596,127.43027643374079,127.58916092192099,0.9154257128680495,0.7565412246878469,0.7565412246878469,y,1.6894354449273388,False,False
00_Projects\patent\2^135-1da.txt,2^135-1da,118,13729806700901873049404551615718486667901779041010321951672274209171613403643,83323945615986006973839269353342611724348240640142597104498751895630910199067,126.46192326283179,127.76263318398946,1.8837788837770593,0.5830689626193755,0.5830689626193755,y,1.4980325405335018,False,False
00_Projects\patent\2^135-1da.txt,2^135-1da,119,98296989277482151890588595190745170336114959455287676641277905435049523274165,109758289805258334694711613473895537032343830205987172447370945790637995454612,127.88184122030502,127.96139660691293,0.4638609263038266,0.38430553969591197,0.38430553969591197,y,1.3052313455071771,False,False
00_Projects\patent\2^135-1da.txt,2^135-1da,120,16168347024336796042520399871018438335147179045810390992426620356892706678031,14653221943766974656106495194041911151021371068659024429036706201532783377209,126.5798537017214,126.50887656504783,1.765848444887433,1.8368255815610077,1.765848444887433,x,3.4007393738239573,False,False
00_Projects\patent\2^135-1da.txt,2^135-1da,121,62322122850152864179383888522433423334025639033353558269423036405083833437988,55245570006141097687207448769950788125189430389391422886487871307068432315121,127.55313979377087,127.46619699737083,0.7925623528379728,0.8795051492380181,0.7925623528379728,x,1.7321481791935027,False,False
00_Projects\patent\2^135-1da.txt,2^135-1da,122,55995287873207926140142842892028578463503509293128398239787954044406396819133,46619983108896410789168032588848938651716401323263333328028908790163404429798,127.47592031887643,127.34374184659842,0.8697818277324076,1.001960300010421,0.8697818277324076,x,1.827386532134675,False,False
00_Projects\patent\2^135-1da.txt,2^135-1da,123,17003462028374584838404050538587979573937315074760317096709085680188855558940,814000544982966942484043986816014411224020557669984155696346118325871248433,126.61618186545006,124.42385439102901,1.729520281158781,3.921847755579838,1.729520281158781,x,3.316175319344037,False,False
00_Projects\patent\2^135-1da.txt,2^135-1da,124,17176479060801050165101218403943255765473037820254264639065647488764312840621,71034354377429791298843225321034693381584252414490013750755870273073912431554,126.6234847729069,127.64752606804925,1.7222173737019302,0.6981760785595914,0.6981760785595914,y,1.6224523167105023,False,False
00_Projects\patent\2^135-1da.txt,2^135-1da,125,67513456958184096595265505467582777407051574310780905299778420328802415492334,35736457821151580905349560160981167247971813738079014518665902455848433266150,127.61085515200044,127.15196592686702,0.7348469946084051,1.193736219741823,0.7348469946084051,x,1.6642209606836909,False,False
00_Projects\patent\2^135-1da.txt,2^135-1da,126,21834463760807892229837907578216546791744468210224684363389646879184621319977,74137303187133263086120598347559961562239635635258694618871184951191530029228,126.79657115570471,127.67836742409334,1.5491309909041355,0.6673347225154995,0.6673347225154995,y,1.5881362857472083,False,False
00_Projects\patent\2^135-1da.txt,2^135-1da,127,4846087452508607311161309410177372757878312634150550158287002426796064511384,105143624170744249426361950027712312156567867899353662981774954553453716624086,125.71071377822769,127.93041233756047,2.634988368381163,0.4152898090483695,0.4152898090483695,y,1.3335665374655177,False,False
00_Projects\patent\2^135-1da.txt,2^135-1da,128,80166799850344752577332354195669454020194010704102974596077601173344630220079,6049034135582450957452525670347950153280236144706288894774895379494573751662,127.73477004819932,125.87065595930052,0.6109320984095229,2.475046187308319,0.6109320984095229,x,1.5272456152385445,False,False
00_Projects\patent\2^135-1da.txt,2^135-1da,129,80560752351615869032959967051569179915675559405770698515605952314821103250318,58508732258961682132168935315955676155741024978951512497696922741189035373588,127.73830618404105,127.50759358513228,0.6073959625677855,0.8381085614765514,0.6073959625677855,x,1.5235068245239796,False,False
00_Projects\patent\2^135-1da.txt,2^135-1da,130,54766437507810153739701597663525647980520794278981470634991884853939059033873,79858062288271718878149937854124845124059866211530570775146729712671209515953,127.45991362462334,127.73198663881884,0.8857885219855076,0.6137155077899977,0.6137155077899977,y,1.5301949933084604,False,False
00_Projects\patent\2^135-1da.txt,2^135-1da,131,28640414318041539323104555445950136930484397754219157294220302474960879735370,103836217956682685928482195597024419039644261507158750360436360738911235534473,126.99229378725585,127.92138652410966,1.3534083593529949,0.42431562249917526,0.42431562249917526,y,1.3419357718782257,False,False
00_Projects\patent\2^135-1da.txt,2^135-1da,132,98754552231051109477169163827708205996898801694579254294525550527197432115946,98810481949956809324459994834597757446834756554618801008859849925258398566704,127.88519123211107,127.88559965220723,0.46051091449777953,0.4601024944016141,0.4601024944016141,y,1.3756395451989825,False,False
00_Projects\patent\2^135-1da.txt,2^135-1da,133,17003669877163452534855375651039963739169923030249642343465271061672586736636,65844846864621424790499656839821488405171868189144100828000961726130329312953,126.6161906830833,127.59280287422366,1.7295114635255333,0.7528992723851777,0.7528992723851777,y,1.6851759974910248,False,False
00_Projects\patent\2^135-1da.txt,2^135-1da,134,11873353616968393870388283432349197625314649233427285895673764761642681175830,12496308171953010656260638154618856261843321808219852889254052582196613280497,126.35713134588137,126.39401857441528,1.988570800727468,1.9516835721935526,1.9516835721935526,y,3.8682567966120414,False,False
00_Projects\patent\2^135-1da.txt,2^135-1da,135,31404097271737217452453581121639678646619529895295238683589632870575713443518,95047511836402866057857018181927033672345547615299517569003602514689355269828,127.05874400515067,127.85759203589383,1.2869581414581666,0.48811011071500643,0.48811011071500643,y,1.4026062975818718,False,False
00_Projects\patent\2^135-1da.txt,2^135-1da,136,25433797362087714916241701636933684759917831099139677056172586526922401663725,12811631541265915643407435306485159008863680887759773191396450829255622214210,126.90664104468613,126.41199471188935,1.4390611019227133,1.9337074347194896,1.4390611019227133,x,2.711443487918705,False,False
00_Projects\patent\2^135-1da.txt,2^135-1da,137,71643199265607874641288875955672969116998533054998298368849623307178799223219,7635631843398731355912629542172991050361363411067010680184167338859159064389,127.65368248726257,126.03867733027907,0.6920196593462714,2.3070248163297746,0.6920196593462714,x,1.6155435697913596,False,False
00_Projects\patent\2^135-1da.txt,2^135-1da,138,90962862519093237779435295365347671888334267064163919541497927968729431217720,43019326878315324742451829440480168725597352498077541396565902909479623518863,127.82590643334672,127.28576008129279,0.5197957132621188,1.0599420653160447,0.5197957132621188,x,1.4337522132146845,False,False
00_Projects\patent\2^135-1da.txt,2^135-1da,139,108393926631898479198816935523248836477878815984470930372004796213395660443392,25252704380815991244057649154660818893408264921235452124105010347820518375629,127.95237361516475,126.9014865548573,0.39332853144408925,1.4442155917515465,0.39332853144408925,x,1.313420184262384,False,False
00_Projects\patent\2^135-1da.txt,2^135-1da,140,15535328726380217295652031958534375263060773845331299416238465393349685048365,84538169438710851666654352771307531544431114545784600202443769235228510008144,126.55104399027009,127.77306904225492,1.7946581563387596,0.5726331043539195,0.5726331043539195,y,1.4872354914894357,False,False
00_Projects\patent\2^135-1da.txt,2^135-1da,141,96546361818907102031381338965552039528139087806948433545747287830020020314968,73600257168963554792335855806785319354891157933709369947288389056176993978742,127.86887855309791,127.67312300934827,0.4768235935109231,0.6725791372605627,0.4768235935109231,x,1.3916762132987335,False,False
00_Projects\patent\2^135-1da.txt,2^135-1da,142,90756707298572744763556698307258983933289035972468423310127983948844718960905,24968412173860644611125297724034609034234644977349281889951722209652483043847,127.82426973982939,126.89331964487238,0.521432406779452,1.4523825017364613,0.521432406779452,x,1.4353796843504358,False,False
00_Projects\patent\2^135-1da.txt,2^135-1da,143,29564776634043012838485506611883124822606829089964374735488390305176667696982,91119729696521730763202248105794724623552149868928965480889990456773331325697,127.01520729441182,127.82714933939387,1.3304948521970164,0.5185528072149737,0.5185528072149737,y,1.4325175434847561,False,False
00_Projects\patent\2^135-1da.txt,2^135-1da,144,114060067908169586489985022366105664852949108614789209301316263919646783400761,34816241431290203370463127881607797517820988368049921620358850762378074643193,127.98912855154381,127.13314783873183,0.35657359506502534,1.2125543078770147,0.35657359506502534,x,1.2803813741155432,False,False
00_Projects\patent\2^135-1da.txt,2^135-1da,145,30026321276773104629976492285714109383035065213185477416276199089726460076402,41404251499500304161359290863017853515748600733664907299475616247534597062011,127.02638147152464,127.25815706328167,1.3193206750841933,1.0875450833271765,1.0875450833271765,y,2.1251211409131647,False,False
00_Projects\patent\2^135-1da.txt,2^135-1da,146,15372477193289170725983929464492068376274716122406365430782804649718461509348,78441454902976140659260961087516322284576304148307179375078217069618599559550,126.54344243893372,127.71907575289481,1.8022597076751241,0.6266263937140275,0.6266263937140275,y,1.5439503866186894,False,False
00_Projects\patent\2^135-1da.txt,2^135-1da,147,68117651405616886662873702420281634686404701309235696032069381379486938052767,27753836438641064373178930847110512291385049026041132148829525643734624214362,127.6172819526769,126.96961121088256,0.7284201939319365,1.3760909357262867,0.7284201939319365,x,1.6568238126742816,False,False
00_Projects\patent\2^135-1da.txt,2^135-1da,148,6617698382137261670297550832962001826415899153718299702692674058117023253519,102860655805311722749975216598103315076112343195985832530494166631767144717710,125.935468327665,127.91457728165136,2.410233818943839,0.43112486495748387,0.43112486495748387,y,1.3482844204250968,False,False
00_Projects\patent\2^135-1da.txt,2^135-1da,149,32988983195591934758938332817507451675550907087008611980927546143607908510602,17982965870841966449322764025608914968356768731121041157918393256768502895013,127.09425976124767,126.65658309540869,1.2514423853611762,1.6891190512001504,1.2514423853611762,x,2.3807933227931044,False,False
00_Projects\patent\2^135-1da.txt,2^135-1da,150,5093873695195644560903682445291340181465430165664213585673687510280677148406,37252202148177401946580987330484570790128847030773342456426889599170432507906,125.74668515217971,127.18193046192124,2.599016994429131,1.163771684687597,1.163771684687597,y,2.240423839558206,False,False
00_Projects\patent\2^135-1da.txt,2^135-1da,151,28822272809241846723724775399977658473068903552043388057316980048171748314984,88003288433395418832614993618651334923214473134589377447564373066373111321769,126.99685965830149,127.80204632281014,1.3488424883073526,0.5436558237986959,0.5436558237986959,y,1.4576615906405197,False,False
00_Projects\patent\2^135-1da.txt,2^135-1da,152,62197601120962322632498089352700285074579924852971528960699026875474911174288,11626135959655715240450117406813150316689070577826355339499441592799787325458,127.55169707501643,126.34195344827293,0.7940050715924092,2.003748698335909,0.7940050715924092,x,1.7338812222353175,False,False
00_Projects\patent\2^135-1da.txt,2^135-1da,153,18217716558783857927431300481519872413313182775200918362637744434280960011784,10357772039188792813239834840390462695441045582109000258051450122368148865956,126.66593867596573,126.25862446178394,1.679763470643113,2.087077684824908,1.679763470643113,x,3.203754212894673,False,False
00_Projects\patent\2^135-1da.txt,2^135-1da,154,21543327050789029788201367593727754734085336998135801322936104455162387653709,109553858118377149990837583573977926761229325605229759558488323268551159958514,126.78688814080513,127.96005179920812,1.5588140058037119,0.3856503474007243,0.3856503474007243,y,1.3064485837097972,False,False
00_Projects\patent\2^135-1da.txt,2^135-1da,155,71062851098431396849299086988391465032682869613085314721807749429513894375357,7551166286469307376993439473203458586512480620959728760572187128707884515482,127.64781539167447,126.03065330206842,0.6978867549343725,2.315048844540425,0.6978867549343725,x,1.6221269764917907,False,False
00_Projects\patent\2^135-1da.txt,2^135-1da,156,51081233005208201360913207569703916223734872047776996563959086288515140638345,87927894337249732000606376863382647244673154577440345831487703937276504591571,127.40966428042715,127.80142806575323,0.9360378661816942,0.5442740808556159,0.5442740808556159,y,1.458286395377932,False,False
00_Projects\patent\2^135-1da.txt,2^135-1da,157,112084255857494926615224112449872784256338699463884863075024329278346320808735,9447301078384563624734030453626635632070547034441124628523438806839566741839,127.97652347380726,126.19225467654294,0.36917867280157246,2.1534474700658928,0.36917867280157246,x,1.2916173027424764,False,False
00_Projects\patent\2^135-1da.txt,2^135-1da,158,16216153373799273857242033498827724309155376356774079578173828266784102102126,21172766191821185610024387343874457885280780300775535896473994659674691645583,126.5819834252788,126.77437248957808,1.763718721330039,1.5713296570307538,1.5713296570307538,y,2.9717848190768836,False,False
00_Projects\patent\2^135-1da.txt,2^135-1da,159,7910977665659556652283575225476167486076461538789273410433505987979648879347,66921066455012614982637194145096153632768195294032674971939610512054819161675,126.06423155772623,127.60449782390326,2.2814705888826112,0.7412043227055821,0.7412043227055821,y,1.6715706384544202,False,False
00_Projects\patent\2^135-1da.txt,2^135-1da,160,108971472527951400221840767416986115604294120024157729831008403062120186569928,65895429740789691663947999451667174242919074118821817916413116718874865591721,127.95620690493462,127.59335681011987,0.38949524167421723,0.7523453364889706,0.38949524167421723,x,1.309935014339306,False,False
00_Projects\patent\2^135-1da.txt,2^135-1da,161,90114291950763115242852847426706273935445397950036858877915531059134552900901,22992548514013754732999818001297582518174401902973036016697228578978677206173,127.81914557212066,126.8338507979639,0.5265565744881816,1.511851348644935,0.5265565744881816,x,1.440486933959842,False,False
00_Projects\patent\2^135-1da.txt,2^135-1da,162,41773921537032775837265839560943490220239635761147409569687150695476105603540,101778949802504088696434938487952703677130937781941881059369918596764374990970,127.2645688973225,127.90695125825228,1.0811332492863364,0.438750888356571,0.438750888356571,y,1.355430263048498,False,False
00_Projects\patent\2^135-1da.txt,2^135-1da,163,36949929596593054365049314841897834853266612901571285394511931136658597495049,100969104738080575359559452549215554371090154112208881009109299076502320499648,127.17605341347053,127.90118861024722,1.1696487331383094,0.4445135363616222,0.4445135363616222,y,1.3608551711486296,False,False
00_Projects\patent\2^135-1da.txt,2^135-1da,164,78288300144432102389629137367441498043016193342006140663843427801671401308753,87844677454244337348852737239196238860815787203167567624778086243077063666343,127.7176659651943,127.80074504341262,0.6280361814145407,0.5449571031962254,0.5449571031962254,y,1.4589769626680715,False,False
00_Projects\patent\2^135-1da.txt,2^135-1da,165,46774041339380892478617108201787047487183363616304217834929618467586515956063,4352057216351995097745284368901693443193551891489958098999881726470728240587,127.34612164817601,125.6331523201645,0.9995804984328384,2.7125498264443415,0.9995804984328384,x,1.9994185318856414,False,False
00_Projects\patent\2^135-1da.txt,2^135-1da,166,18414586383048914361500736887430203117445340933389508684696911239114559680019,14314954780807323945382413412405423537019641089134816943070215176992098901091,126.67369210206257,126.49202916224334,1.6720100445462642,1.8536729843654993,1.6720100445462642,x,3.1865825711648297,False,False
00_Projects\patent\2^135-1da.txt,2^135-1da,167,12742719496233105312180425770046751066202994531925781896768503046221714024647,70068402533444951514000322320554842200969523147639578003496656413671612159,126.40810420782306,122.65475746592614,1.9375979387857851,5.690944680682699,1.9375979387857851,x,3.8306731630200783,False,False
00_Projects\patent\2^135-1da.txt,2^135-1da,168,102684997382006257509874676098899620886312993307931444328120928792613403029765,37433641497115700805905155487428109810291771478554095107019519456531212141979,127.91334436042945,127.18543530502293,0.4323577861794002,1.1602668415859025,0.4323577861794002,x,1.3494371512101184,False,False
00_Projects\patent\2^135-1da.txt,2^135-1da,169,36366680794523070213052723749906697796953606320153638399729134682256962422947,6278383312032018492392712219447512923313106579280041438054586710508613877491,127.16457623386532,125.89750011426894,1.181125912743526,2.4482020323399083,1.181125912743526,x,2.267536718598953,False,False
00_Projects\patent\2^135-1da.txt,2^135-1da,170,58028735869861523656322727774888818934737694095033058028247140793766616807243,111471589103339009865129755137756536140331574858456853495481409829248116413758,127.50165135610244,127.97256968095984,0.8440507905063932,0.37313246564901187,0.37313246564901187,y,1.2951619128191691,False,False
00_Projects\patent\2^135-1da.txt,2^135-1da,171,46701807413021607487721127953582690050891608039099475217445358543367864884254,95763088827392569180156606311950005186646558334267240264718943048413467966246,127.34500679819628,127.86300244921685,1.000695348412557,0.48269969739198976,0.48269969739198976,y,1.3973560764511437,False,False
00_Projects\patent\2^135-1da.txt,2^135-1da,172,109113292054826521271016266027423053746668413646481234333309416839295599867309,73008031977263412872778060116226156683385045314171024269668989488007036953759,127.95714508306622,127.66729520111564,0.38855706354262504,0.6784069454932029,0.38855706354262504,x,1.3090834463745424,False,False
00_Projects\patent\2^135-1da.txt,2^135-1da,173,108085634137246673693655794006639738831420072049408240856543617500325480842087,98757510051761292909364782023298025930310436782608092485222162547995893743788,127.95031904542948,127.88521283703595,0.3953831011793575,0.46048930957288825,0.3953831011793575,x,1.3152919837061918,False,False
00_Projects\patent\2^135-1da.txt,2^135-1da,174,39354229711651142792116530958310272883990825232585162794783484769323816589596,56838976908797433355748783832414058491571230266606300787953776501699634129171,127.22152695670034,127.48670789900336,1.1241751899085028,0.8589942476054832,0.8589942476054832,y,1.813773425872819,False,False
00_Projects\patent\2^135-1da.txt,2^135-1da,175,44881896179615324346822272506509591018118315362844097774122640661524502179180,65479903771702038485979575878312550402932397716475580762070276866102330702390,127.31633441997587,127.58879370654493,1.0293677266329704,0.7569084400639056,0.7569084400639056,y,1.6898655189320275,False,False
00_Projects\patent\2^135-1da.txt,2^135-1da,176,72984321225789522600389672995745549075836817647603198283144624357254316058136,60470066857069677840192173465049865762621791986340092902583854421741059877167,127.66706089169382,127.53137819275302,0.6786412549150144,0.814323953855812,0.6786412549150144,x,1.600631553747434,False,False
00_Projects\patent\2^135-1da.txt,2^135-1da,177,34061346504456178581256925414180428571366225532865191758845728916978080524387,67214630407707369450209027673947434074069640262980505313992209047635855001043,127.11733533991772,127.6076552528714,1.2283668066911226,0.7380468937374524,0.7380468937374524,y,1.66791630115712,False,False
00_Projects\patent\2^135-1da.txt,2^135-1da,178,60582523026825715768401556973494847709148144984099638192163714813627084677194,8671584911917753861652458380432725844411090485721554702963318313860453110079,127.53271843673502,126.13045140826345,0.8129837098738214,2.2152507383453837,0.8129837098738214,x,1.7568410990724592,False,False
00_Projects\patent\2^135-1da.txt,2^135-1da,179,30542988520941622305410690585805347358518720434332414705052761137268875971756,24128831466563797702188419045919848287913424880019980907672801443938725479343,127.03868822148594,126.86864663025553,1.3070139251229071,1.47705551635332,1.3070139251229071,x,2.4742888394900664,False,False
00_Projects\patent\2^135-1da.txt,2^135-1da,180,1549800420285889544387842833626821163264077158356972577873997189207288865589,106102214225347477969168751212851564882789084244701384624803974086761906778317,124.88834477854111,127.93695903510033,3.4573573680677274,0.408743111508516,0.408743111508516,y,1.32752875552984,False,False
00_Projects\patent\2^135-1da.txt,2^135-1da,181,64358554432456022976873939472397508191593959895985822954629502492427153485342,102568548794389408277703257470919405375077174983078978730671265521185354755573,127.57633356663308,127.91252586145085,0.7693685799757661,0.4331762851579949,0.4331762851579949,y,1.3502029584494983,False,False
00_Projects\patent\2^135-1da.txt,2^135-1da,182,77178056794720304391713291177523924954679465827847312494569792321247960376377,5806829538544806971067953008463712279700517621012380778097396138976923982859,127.70736296564903,125.84117890020549,0.6383391809598093,2.5045232464033447,0.6383391809598093,x,1.5565362553910458,False,False
00_Projects\patent\2^135-1da.txt,2^135-1da,183,77811883565555421989546481219901551313109371393610906676677238805155847334826,100663763467624155689410858999414661371450096978460462198998233073238057036286,127.71326285718071,127.89900387381351,0.6324392894281332,0.44669827279532415,0.44669827279532415,y,1.3629175350448397,False,False
00_Projects\patent\2^135-1da.txt,2^135-1da,184,59548819129161781400664941401638105791911200561320104733332412721219768452275,72977144491937112890013988006752480745488071244720749944243092920417523244163,127.52030405536989,127.66698995627058,0.825398091238953,0.6787121903382515,0.6787121903382515,y,1.6007102566367366,False,False
00_Projects\patent\2^135-1da.txt,2^135-1da,185,112413829840106904147808653761975760228732602866131514146956397884358558476340,10495129431667457850599058615416710443908285685600051462373792411324346769872,127.97864142100677,126.2681275851412,0.36706072560207265,2.0775745614676384,0.36706072560207265,x,1.2897225362304707,False,False
00_Projects\patent\2^135-1da.txt,2^135-1da,186,49843365525738874419523931604078853262068022916523675839203481458847762011320,8697703142804586845093554405652480327619200600369101694467535259596972987826,127.39196834840159,126.13262079312591,0.9537337982072562,2.213081353482936,0.9537337982072562,x,1.9368789583416601,False,False
00_Projects\patent\2^135-1da.txt,2^135-1da,187,89983755336577320791205966667710562539523215481822989234080116459710442354231,54312849004256279247225069306167518327347416945553905354271442657923560086868,127.81809989415937,127.45391437694306,0.5276022524494669,0.8917877696657877,0.5276022524494669,x,1.4415313899356268,False,False
00_Projects\patent\2^135-1da.txt,2^135-1da,188,97732604035334562278040534043291682398738829141069253077287973873149425137838,31914655136758466214539144534342810705503276111856788741482928459159486018723,127.87768757173588,127.07037713492484,0.4680145748729641,1.2753250116840054,0.4680145748729641,x,1.383204602809283,False,False
00_Projects\patent\2^135-1da.txt,2^135-1da,189,115566847242043731705317061372584231016747924982259928661925323912128515274277,76083429537592714196582721602165251772832110067448599586859128474808380581425,127.99859544819323,127.69705874502145,0.3471066984156186,0.6486434015873969,0.3471066984156186,x,1.2720070779903323,False,False
00_Projects\patent\2^135-1da.txt,2^135-1da,190,100488654159462101356411155585237984623735914658852920713027213409417130175876,46039235332036121427435098831326553515318557576568044202892984378762257414061,127.89774796350781,127.33469954165726,0.44795418310102775,1.0110026049515763,0.44795418310102775,x,1.364104513159016,False,False
00_Projects\patent\2^135-1da.txt,2^135-1da,191,17539254806707776520805684714027484617750366100787929159371889594099574035538,55922989783448292137327187488386264292496555793785091404191058321181021692110,126.63856133224776,127.47498835215701,1.7071408143610778,0.8707137944518274,0.8707137944518274,y,1.8285673871197625,False,False
