puzzle,slot,true_row,y_branch,is_true,f_sqrt_d,f_sqrt_nd,f_sqrt_x,f_sqrt_y,x_minus_d,y_minus_d,y_minus_x,x_minus_H2,y_minus_H,d_minus_H2,nd_minus_H2,two_f_sqrt_d,two_f_sqrt_x
1,0,0,y,True,0.0,0.0,0.4638519586098795,0.087262094183302,0.4638519586098795,0.087262094183302,-0.3765898644265775,0.29100088530546486,-0.25844005242552726,-0.17285107330441463,-0.17285107330441463,0.0,0.927703917219759
1,0,0,-y,False,0.0,0.0,0.4638519586098795,0.7608791377629558,0.4638519586098795,0.7608791377629558,0.2970271791530763,0.29100088530546486,0.41517699115412654,-0.17285107330441463,-0.17285107330441463,0.0,0.927703917219759
1,1,0,y,False,0.0,0.0,0.7798810219889702,0.087262094183302,0.7798810219889702,0.087262094183302,-0.6926189278056682,0.6070299486845556,-0.25844005242552726,-0.17285107330441463,-0.17285107330441463,0.0,0.5597620439779405
1,1,0,-y,False,0.0,0.0,0.7798810219889702,0.7608791377629558,0.7798810219889702,0.7608791377629558,-0.019001884226014454,0.6070299486845556,0.41517699115412654,-0.17285107330441463,-0.17285107330441463,0.0,0.5597620439779405
1,2,0,y,False,0.0,0.0,0.8276076089236284,0.087262094183302,0.8276076089236284,0.087262094183302,-0.7403455147403264,0.6547565356192138,-0.25844005242552726,-0.17285107330441463,-0.17285107330441463,0.0,0.6552152178472568
1,2,0,-y,False,0.0,0.0,0.8276076089236284,0.7608791377629558,0.8276076089236284,0.7608791377629558,-0.0667284711606726,0.6547565356192138,0.41517699115412654,-0.17285107330441463,-0.17285107330441463,0.0,0.6552152178472568
2,0,2,y,False,0.792481250360578,0.0,0.6496462130241696,0.8199037835110659,-0.14283503733640845,0.027422533150487816,0.17025757048689627,0.47679513971975496,0.4742016369022366,0.6196301770561634,-0.17285107330441463,0.5849625007211561,0.29929242604833917
2,0,2,-y,False,0.792481250360578,0.0,0.6496462130241696,0.9108611208244781,-0.14283503733640845,0.11837987046390008,0.26121490780030854,0.47679513971975496,0.5651589742156489,0.6196301770561634,-0.17285107330441463,0.5849625007211561,0.29929242604833917
2,1,2,y,False,0.792481250360578,0.0,0.9018495271963332,0.8199037835110659,0.10936827683575512,0.027422533150487816,-0.0819457436852673,0.7289984538919185,0.4742016369022366,0.6196301770561634,-0.17285107330441463,0.5849625007211561,0.8036990543926663
2,1,2,-y,False,0.792481250360578,0.0,0.9018495271963332,0.9108611208244781,0.10936827683575512,0.11837987046390008,0.009011593628144965,0.7289984538919185,0.5651589742156489,0.6196301770561634,-0.17285107330441463,0.5849625007211561,0.8036990543926663
2,2,2,y,False,0.792481250360578,0.0,0.9805500408579206,0.8199037835110659,0.1880687904973426,0.027422533150487816,-0.16064625734685478,0.807698967553506,0.4742016369022366,0.6196301770561634,-0.17285107330441463,0.5849625007211561,0.9611000817158413
2,2,2,-y,True,0.792481250360578,0.0,0.9805500408579206,0.9108611208244781,0.1880687904973426,0.11837987046390008,-0.06968892003344251,0.807698967553506,0.5651589742156489,0.6196301770561634,-0.17285107330441463,0.5849625007211561,0.9611000817158413
3,0,1,y,False,0.4036774610288021,0.0,0.15904986536195054,0.6099663527361372,-0.24462759566685155,0.2062888917073351,0.45091648737418666,-0.013801207942464089,0.26426420612730794,0.23082638772438746,-0.17285107330441463,0.8073549220576042,0.3180997307239011
3,0,1,-y,False,0.4036774610288021,0.0,0.15904986536195054,0.370201083085945,-0.24462759566685155,-0.03347637794285707,0.21115121772399448,-0.013801207942464089,0.024498936477115763,0.23082638772438746,-0.17285107330441463,0.8073549220576042,0.3180997307239011
3,1,1,y,False,0.4036774610288021,0.0,0.2675750729822539,0.6099663527361372,-0.13610238804654817,0.2062888917073351,0.3423912797538833,0.09472399967783929,0.26426420612730794,0.23082638772438746,-0.17285107330441463,0.8073549220576042,0.5351501459645078
3,1,1,-y,True,0.4036774610288021,0.0,0.2675750729822539,0.370201083085945,-0.13610238804654817,-0.03347637794285707,0.1026260101036911,0.09472399967783929,0.024498936477115763,0.23082638772438746,-0.17285107330441463,0.8073549220576042,0.5351501459645078
3,2,1,y,False,0.4036774610288021,0.0,0.5815030349112362,0.6099663527361372,0.17782557388243414,0.2062888917073351,0.02846331782490097,0.4086519616068216,0.26426420612730794,0.23082638772438746,-0.17285107330441463,0.8073549220576042,0.16300606982247245
3,2,1,-y,False,0.4036774610288021,0.0,0.5815030349112362,0.370201083085945,0.17782557388243414,-0.03347637794285707,-0.2113019518252912,0.4086519616068216,0.024498936477115763,0.23082638772438746,-0.17285107330441463,0.8073549220576042,0.16300606982247245
4,0,0,y,False,0.5,0.0,0.7774082047606612,0.6774404731039851,0.2774082047606612,0.17744047310398514,-0.09996773165667605,0.6045571314562466,0.3317383264951559,0.3271489266955854,-0.17285107330441463,0.0,0.5548164095213224
4,0,0,-y,True,0.5,0.0,0.7774082047606612,0.2641555886867337,0.2774082047606612,-0.23584441131326628,-0.5132526160739275,0.6045571314562466,-0.08154655792209553,0.3271489266955854,-0.17285107330441463,0.0,0.5548164095213224
4,1,0,y,False,0.5,0.0,0.08164379373594954,0.6774404731039851,-0.41835620626405046,0.17744047310398514,0.5957966793680356,-0.09120727956846508,0.3317383264951559,0.3271489266955854,-0.17285107330441463,0.0,0.1632875874718991
4,1,0,-y,False,0.5,0.0,0.08164379373594954,0.2641555886867337,-0.41835620626405046,-0.23584441131326628,0.18251179495078418,-0.09120727956846508,-0.08154655792209553,0.3271489266955854,-0.17285107330441463,0.0,0.1632875874718991
4,2,0,y,False,0.5,0.0,0.5507151341188461,0.6774404731039851,0.050715134118846095,0.17744047310398514,0.12672533898513905,0.37786406081443147,0.3317383264951559,0.3271489266955854,-0.17285107330441463,0.0,0.10143026823769219
4,2,0,-y,False,0.5,0.0,0.5507151341188461,0.2641555886867337,0.050715134118846095,-0.23584441131326628,-0.2865595454321124,0.37786406081443147,-0.08154655792209553,0.3271489266955854,-0.17285107330441463,0.0,0.10143026823769219
5,0,0,y,True,0.19615871138938035,0.0,0.8662823225577085,0.8236563123386844,0.6701236111683282,0.6274976009493041,-0.042626010219024124,0.6934312492532939,0.47795416572985516,0.02330763808496572,-0.17285107330441463,0.3923174227787607,0.7325646451154171
5,0,0,-y,False,0.19615871138938035,0.0,0.8662823225577085,0.8428301681446868,0.6701236111683282,0.6466714567553065,-0.02345215441302173,0.6934312492532939,0.49712802153585756,0.02330763808496572,-0.17285107330441463,0.3923174227787607,0.7325646451154171
5,1,0,y,False,0.19615871138938035,0.0,0.31301241844455774,0.8236563123386844,0.11685370705517739,0.6274976009493041,0.5106438938941267,0.1401613451401431,0.47795416572985516,0.02330763808496572,-0.17285107330441463,0.3923174227787607,0.6260248368891155
5,1,0,-y,False,0.19615871138938035,0.0,0.31301241844455774,0.8428301681446868,0.11685370705517739,0.6466714567553065,0.5298177497001291,0.1401613451401431,0.49712802153585756,0.02330763808496572,-0.17285107330441463,0.3923174227787607,0.6260248368891155
5,2,0,y,False,0.19615871138938035,0.0,0.35061843762950673,0.8236563123386844,0.15445972624012638,0.6274976009493041,0.4730378747091777,0.1777673643250921,0.47795416572985516,0.02330763808496572,-0.17285107330441463,0.3923174227787607,0.7012368752590135
5,2,0,-y,False,0.19615871138938035,0.0,0.35061843762950673,0.8428301681446868,0.15445972624012638,0.6466714567553065,0.4922117305151801,0.1777673643250921,0.49712802153585756,0.02330763808496572,-0.17285107330441463,0.3923174227787607,0.7012368752590135
6,0,2,y,False,0.8073549220576042,0.0,0.5243648136420234,0.9064754727275925,-0.2829901084155808,0.09912055066998837,0.3821106590855692,0.35151374033760874,0.5607733261187633,0.6345038487531895,-0.17285107330441463,0.6147098441152083,0.04872962728404673
6,0,2,-y,False,0.8073549220576042,0.0,0.5243648136420234,0.4801040056627386,-0.2829901084155808,-0.3272509163948656,-0.04426080797928478,0.35151374033760874,0.13440185905390933,0.6345038487531895,-0.17285107330441463,0.6147098441152083,0.04872962728404673
6,1,2,y,False,0.8073549220576042,0.0,0.5476884151184436,0.9064754727275925,-0.2596665069391606,0.09912055066998837,0.358787057609149,0.37483734181402895,0.5607733261187633,0.6345038487531895,-0.17285107330441463,0.6147098441152083,0.09537683023688714
6,1,2,-y,False,0.8073549220576042,0.0,0.5476884151184436,0.4801040056627386,-0.2596665069391606,-0.3272509163948656,-0.06758440945570499,0.37483734181402895,0.13440185905390933,0.6345038487531895,-0.17285107330441463,0.6147098441152083,0.09537683023688714
6,2,2,y,True,0.8073549220576042,0.0,0.9619746149965493,0.9064754727275925,0.15461969293894517,0.09912055066998837,-0.0554991422689568,0.7891235416921347,0.5607733261187633,0.6345038487531895,-0.17285107330441463,0.6147098441152083,0.9239492299930987
6,2,2,-y,False,0.8073549220576042,0.0,0.9619746149965493,0.4801040056627386,0.15461969293894517,-0.3272509163948656,-0.48187060933381076,0.7891235416921347,0.13440185905390933,0.6345038487531895,-0.17285107330441463,0.6147098441152083,0.9239492299930987
7,0,1,y,False,0.1239637567217926,0.0,0.5545694929989935,0.7836936080709904,0.4306057362772009,0.6597298513491978,0.22912411507199693,0.38171841969457887,0.43799146146216117,-0.04888731658262202,-0.17285107330441463,0.2479275134435852,0.10913898599798699
7,0,1,-y,False,0.1239637567217926,0.0,0.5545694929989935,0.02573830406689126,0.4306057362772009,-0.09822545265490135,-0.5288311889321022,0.38171841969457887,-0.319963842541938,-0.04888731658262202,-0.17285107330441463,0.2479275134435852,0.10913898599798699
7,1,1,y,True,0.1239637567217926,0.0,0.6159371379260534,0.7836936080709904,0.4919733812042608,0.6597298513491978,0.167756470144937,0.4430860646216388,0.43799146146216117,-0.04888731658262202,-0.17285107330441463,0.2479275134435852,0.23187427585210685
7,1,1,-y,False,0.1239637567217926,0.0,0.6159371379260534,0.02573830406689126,0.4919733812042608,-0.09822545265490135,-0.5901988338591622,0.4430860646216388,-0.319963842541938,-0.04888731658262202,-0.17285107330441463,0.2479275134435852,0.23187427585210685
7,2,1,y,False,0.1239637567217926,0.0,0.9024629422611525,0.7836936080709904,0.7784991855393599,0.6597298513491978,-0.11876933419016211,0.7296118689567379,0.43799146146216117,-0.04888731658262202,-0.17285107330441463,0.2479275134435852,0.8049258845223051
7,2,1,-y,False,0.1239637567217926,0.0,0.9024629422611525,0.02573830406689126,0.7784991855393599,-0.09822545265490135,-0.8767246381942613,0.7296118689567379,-0.319963842541938,-0.04888731658262202,-0.17285107330441463,0.2479275134435852,0.8049258845223051
8,0,0,y,False,0.9036774610288019,0.0,0.5635258200429405,0.7446761086349056,-0.34015164098586137,-0.15900135239389623,0.18115028859196514,0.39067474673852587,0.3989739620260764,0.7308263877243872,-0.17285107330441463,0.8073549220576037,0.127051640085881
8,0,0,-y,True,0.9036774610288019,0.0,0.5635258200429405,0.8608159955619072,-0.34015164098586137,-0.04286146546689462,0.29729017551896675,0.39067474673852587,0.515113848953078,0.7308263877243872,-0.17285107330441463,0.8073549220576037,0.127051640085881
8,1,0,y,False,0.9036774610288019,0.0,0.8216875887246147,0.7446761086349056,-0.0819898723041872,-0.15900135239389623,-0.07701148008970904,0.6488365154202,0.3989739620260764,0.7308263877243872,-0.17285107330441463,0.8073549220576037,0.6433751774492293
8,1,0,-y,False,0.9036774610288019,0.0,0.8216875887246147,0.8608159955619072,-0.0819898723041872,-0.04286146546689462,0.03912840683729257,0.6488365154202,0.515113848953078,0.7308263877243872,-0.17285107330441463,0.8073549220576037,0.6433751774492293
8,2,0,y,False,0.9036774610288019,0.0,0.8120511448308605,0.7446761086349056,-0.09162631619794137,-0.15900135239389623,-0.06737503619595486,0.6392000715264459,0.3989739620260764,0.7308263877243872,-0.17285107330441463,0.8073549220576037,0.624102289661721
8,2,0,-y,False,0.9036774610288019,0.0,0.8120511448308605,0.8608159955619072,-0.09162631619794137,-0.04286146546689462,0.04876485073104675,0.6392000715264459,0.515113848953078,0.7308263877243872,-0.17285107330441463,0.8073549220576037,0.624102289661721
9,0,1,y,False,0.43363936985483065,0.0,0.948320431297617,0.5414435430773352,0.5146810614427864,0.10780417322250457,-0.4068768882202818,0.7754693579932024,0.19574139646850597,0.260788296550416,-0.17285107330441463,0.8672787397096613,0.896640862595234
9,0,1,-y,False,0.43363936985483065,0.0,0.948320431297617,0.4560294836966108,0.5146810614427864,0.022390113841780135,-0.4922909476010062,0.7754693579932024,0.11032733708778153,0.260788296550416,-0.17285107330441463,0.8672787397096613,0.896640862595234
9,1,1,y,True,0.43363936985483065,0.0,0.03707553141973108,0.5414435430773352,-0.39656383843509957,0.10780417322250457,0.5043680116576041,-0.13577554188468355,0.19574139646850597,0.260788296550416,-0.17285107330441463,0.8672787397096613,0.07415106283946216
9,1,1,-y,False,0.43363936985483065,0.0,0.03707553141973108,0.4560294836966108,-0.39656383843509957,0.022390113841780135,0.4189539522768797,-0.13577554188468355,0.11032733708778153,0.260788296550416,-0.17285107330441463,0.8672787397096613,0.07415106283946216
9,2,1,y,False,0.43363936985483065,0.0,0.505889338957445,0.5414435430773352,0.07224996910261439,0.10780417322250457,0.03555420411989019,0.3330382656530304,0.19574139646850597,0.260788296550416,-0.17285107330441463,0.8672787397096613,0.011778677914890068
9,2,1,-y,False,0.43363936985483065,0.0,0.505889338957445,0.4560294836966108,0.07224996910261439,0.022390113841780135,-0.04985985526083425,0.3330382656530304,0.11032733708778153,0.260788296550416,-0.17285107330441463,0.8672787397096613,0.011778677914890068
10,0,1,y,False,0.5028122745969394,0.0,0.5887463463172651,0.7046488125475321,0.08593407172032563,0.20183653795059264,0.11590246623026701,0.41589527301285045,0.35894666593870284,0.3299612012925248,-0.17285107330441463,0.005624549193878892,0.17749269263453016
10,0,1,-y,False,0.5028122745969394,0.0,0.5887463463172651,0.8690554168489797,0.08593407172032563,0.36624314225204024,0.2803090705317146,0.41589527301285045,0.5233532702401504,0.3299612012925248,-0.17285107330441463,0.005624549193878892,0.17749269263453016
10,1,1,y,False,0.5028122745969394,0.0,0.6946268013075638,0.7046488125475321,0.19181452671062438,0.20183653795059264,0.010022011239968265,0.5217757280031492,0.35894666593870284,0.3299612012925248,-0.17285107330441463,0.005624549193878892,0.38925360261512765
10,1,1,-y,True,0.5028122745969394,0.0,0.6946268013075638,0.8690554168489797,0.19181452671062438,0.36624314225204024,0.17442861554141587,0.5217757280031492,0.5233532702401504,0.3299612012925248,-0.17285107330441463,0.005624549193878892,0.38925360261512765
10,2,1,y,False,0.5028122745969394,0.0,0.820480555804977,0.7046488125475321,0.3176682812080376,0.20183653795059264,-0.11583174325744494,0.6476294825005624,0.35894666593870284,0.3299612012925248,-0.17285107330441463,0.005624549193878892,0.6409611116099541
10,2,1,-y,False,0.5028122745969394,0.0,0.820480555804977,0.8690554168489797,0.3176682812080376,0.36624314225204024,0.04857486104400266,0.6476294825005624,0.5233532702401504,0.3299612012925248,-0.17285107330441463,0.005624549193878892,0.6409611116099541
11,0,2,y,False,0.08683856815170987,0.0,0.8720041387801416,0.913063554347346,0.7851655706284317,0.8262249861956361,0.04105941556720438,0.699153065475727,0.5673614077385167,-0.08601250515270475,-0.17285107330441463,0.17367713630341974,0.7440082775602832
11,0,2,-y,False,0.08683856815170987,0.0,0.8720041387801416,0.4306375635657247,0.7851655706284317,0.3437989954140148,-0.4413665752144169,0.699153065475727,0.08493541695689544,-0.08601250515270475,-0.17285107330441463,0.17367713630341974,0.7440082775602832
11,1,2,y,False,0.08683856815170987,0.0,0.993017196007969,0.913063554347346,0.9061786278562591,0.8262249861956361,-0.07995364166062302,0.8201661227035544,0.5673614077385167,-0.08601250515270475,-0.17285107330441463,0.17367713630341974,0.986034392015938
11,1,2,-y,False,0.08683856815170987,0.0,0.993017196007969,0.4306375635657247,0.9061786278562591,0.3437989954140148,-0.5623796324422443,0.8201661227035544,0.08493541695689544,-0.08601250515270475,-0.17285107330441463,0.17367713630341974,0.986034392015938
11,2,2,y,False,0.08683856815170987,0.0,0.5595858520992891,0.913063554347346,0.47274728394757926,0.8262249861956361,0.35347770224805686,0.3867347787948745,0.5673614077385167,-0.08601250515270475,-0.17285107330441463,0.17367713630341974,0.11917170419857825
11,2,2,-y,True,0.08683856815170987,0.0,0.5595858520992891,0.4306375635657247,0.47274728394757926,0.3437989954140148,-0.12894828853356444,0.3867347787948745,0.08493541695689544,-0.08601250515270475,-0.17285107330441463,0.17367713630341974,0.11917170419857825
12,0,0,y,True,0.6948156696302608,0.0,0.5594905503350844,0.30671911086314196,-0.13532511929517632,-0.3880965587671188,-0.25277143947194247,0.3866394770306698,-0.03898303574568729,0.5219645963258461,-0.17285107330441463,0.3896313392605215,0.11898110067016887
12,0,0,-y,False,0.6948156696302608,0.0,0.5594905503350844,0.6522844565785562,-0.13532511929517632,-0.0425312130517046,0.09279390624347172,0.3866394770306698,0.3065823099697269,0.5219645963258461,-0.17285107330441463,0.3896313392605215,0.11898110067016887
12,1,0,y,False,0.6948156696302608,0.0,0.5867486358260408,0.30671911086314196,-0.10806703380422,-0.3880965587671188,-0.2800295249628988,0.41389756252162613,-0.03898303574568729,0.5219645963258461,-0.17285107330441463,0.3896313392605215,0.1734972716520815
12,1,0,-y,False,0.6948156696302608,0.0,0.5867486358260408,0.6522844565785562,-0.10806703380422,-0.0425312130517046,0.0655358207525154,0.41389756252162613,0.3065823099697269,0.5219645963258461,-0.17285107330441463,0.3896313392605215,0.1734972716520815
12,2,0,y,False,0.6948156696302608,0.0,0.9184642982398117,0.30671911086314196,0.22364862860955093,-0.3880965587671188,-0.6117451873766697,0.7456132249353971,-0.03898303574568729,0.5219645963258461,-0.17285107330441463,0.3896313392605215,0.8369285964796234
12,2,0,-y,False,0.6948156696302608,0.0,0.9184642982398117,0.6522844565785562,0.22364862860955093,-0.0425312130517046,-0.2661798416612555,0.7456132249353971,0.3065823099697269,0.5219645963258461,-0.17285107330441463,0.3896313392605215,0.8369285964796234
13,0,2,y,False,0.17436407711553858,0.0,0.4163606037234615,0.7748798062446696,0.24199652660792292,0.600515729129131,0.35851920252120806,0.24350953041904688,0.4291776596358403,0.0015130038111239585,-0.17285107330441463,0.34872815423107717,0.832721207446923
13,0,2,-y,False,0.17436407711553858,0.0,0.4163606037234615,0.8542214552299328,0.24199652660792292,0.6798573781143942,0.43786085150647125,0.24350953041904688,0.5085193086211035,0.0015130038111239585,-0.17285107330441463,0.34872815423107717,0.832721207446923
13,1,2,y,False,0.17436407711553858,0.0,0.9119914239968807,0.7748798062446696,0.7376273468813421,0.600515729129131,-0.13711161775221115,0.7391403506924661,0.4291776596358403,0.0015130038111239585,-0.17285107330441463,0.34872815423107717,0.8239828479937614
13,1,2,-y,False,0.17436407711553858,0.0,0.9119914239968807,0.8542214552299328,0.7376273468813421,0.6798573781143942,-0.057769968766947954,0.7391403506924661,0.5085193086211035,0.0015130038111239585,-0.17285107330441463,0.34872815423107717,0.8239828479937614
13,2,2,y,True,0.17436407711553858,0.0,0.7083108124917032,0.7748798062446696,0.5339467353761647,0.600515729129131,0.06656899375296632,0.5354597391872886,0.4291776596358403,0.0015130038111239585,-0.17285107330441463,0.34872815423107717,0.4166216249834065
13,2,2,-y,False,0.17436407711553858,0.0,0.7083108124917032,0.8542214552299328,0.5339467353761647,0.6798573781143942,0.1459106427382295,0.5354597391872886,0.5085193086211035,0.0015130038111239585,-0.17285107330441463,0.34872815423107717,0.4166216249834065
14,0,1,y,False,0.6820673275040257,0.0,0.40166350464080836,0.5412838863096425,-0.2804038228632173,-0.14078344119438313,0.13962038166883417,0.22881243133639373,0.19558173970081327,0.509216254199611,-0.17285107330441463,0.3641346550080513,0.8033270092816167
14,0,1,-y,False,0.6820673275040257,0.0,0.40166350464080836,0.4562091677634186,-0.2804038228632173,-0.22585815974060708,0.05454566312261022,0.22881243133639373,0.11050702115458932,0.509216254199611,-0.17285107330441463,0.3641346550080513,0.8033270092816167
14,1,1,y,False,0.6820673275040257,0.0,0.749702914893291,0.5412838863096425,0.06763558738926534,-0.14078344119438313,-0.20841902858364847,0.5768518415888764,0.19558173970081327,0.509216254199611,-0.17285107330441463,0.3641346550080513,0.499405829786582
14,1,1,-y,True,0.6820673275040257,0.0,0.749702914893291,0.4562091677634186,0.06763558738926534,-0.22585815974060708,-0.2934937471298724,0.5768518415888764,0.11050702115458932,0.509216254199611,-0.17285107330441463,0.3641346550080513,0.499405829786582
14,2,1,y,False,0.6820673275040257,0.0,0.888602870030823,0.5412838863096425,0.2065355425267974,-0.14078344119438313,-0.34731898372118053,0.7157517967264084,0.19558173970081327,0.509216254199611,-0.17285107330441463,0.3641346550080513,0.7772057400616461
14,2,1,-y,False,0.6820673275040257,0.0,0.888602870030823,0.4562091677634186,0.2065355425267974,-0.22585815974060708,-0.4323937022674045,0.7157517967264084,0.11050702115458932,0.509216254199611,-0.17285107330441463,0.3641346550080513,0.7772057400616461
15,0,2,y,False,0.35677380845634676,0.0,0.19645798651625057,0.9155935149938443,-0.1603158219400962,0.5588197065374976,0.7191355284775938,0.023606913211835945,0.5698913683850151,0.18392273515193214,-0.17285107330441463,0.7135476169126935,0.39291597303250114
15,0,2,-y,False,0.35677380845634676,0.0,0.19645798651625057,0.8185560199246424,-0.1603158219400962,0.4617822114682957,0.6220980334083919,0.023606913211835945,0.4728538733158132,0.18392273515193214,-0.17285107330441463,0.7135476169126935,0.39291597303250114
15,1,2,y,False,0.35677380845634676,0.0,0.7186405658301993,0.9155935149938443,0.36186675737385254,0.5588197065374976,0.19695294916364503,0.5457894925257847,0.5698913683850151,0.18392273515193214,-0.17285107330441463,0.7135476169126935,0.4372811316603986
15,1,2,-y,False,0.35677380845634676,0.0,0.7186405658301993,0.8185560199246424,0.36186675737385254,0.4617822114682957,0.09991545409444313,0.5457894925257847,0.4728538733158132,0.18392273515193214,-0.17285107330441463,0.7135476169126935,0.4372811316603986
15,2,2,y,False,0.35677380845634676,0.0,0.996176685791724,0.9155935149938443,0.6394028773353773,0.5588197065374976,-0.08058317079787969,0.8233256124873094,0.5698913683850151,0.18392273515193214,-0.17285107330441463,0.7135476169126935,0.992353371583448
15,2,2,-y,True,0.35677380845634676,0.0,0.996176685791724,0.8185560199246424,0.6394028773353773,0.4617822114682957,-0.17762066586708158,0.8233256124873094,0.4728538733158132,0.18392273515193214,-0.17285107330441463,0.7135476169126935,0.992353371583448
16,0,1,y,False,0.8262824598053262,0.0,0.5651620853321333,0.5208756194377884,-0.2611203744731929,-0.30540684036753785,-0.04428646589434493,0.3923110120277187,0.17517347282895912,0.6534313865009116,-0.17285107330441463,0.6525649196106524,0.1303241706642666
16,0,1,-y,False,0.8262824598053262,0.0,0.5651620853321333,0.47850219465841803,-0.2611203744731929,-0.3477802651469082,-0.08665989067371527,0.3923110120277187,0.13280004804958878,0.6534313865009116,-0.17285107330441463,0.6525649196106524,0.1303241706642666
16,1,1,y,True,0.8262824598053262,0.0,0.6498251758592346,0.5208756194377884,-0.17645728394609161,-0.30540684036753785,-0.12894955642144623,0.47697410255482,0.17517347282895912,0.6534313865009116,-0.17285107330441463,0.6525649196106524,0.2996503517184692
16,1,1,-y,False,0.8262824598053262,0.0,0.6498251758592346,0.47850219465841803,-0.17645728394609161,-0.3477802651469082,-0.17132298120081657,0.47697410255482,0.13280004804958878,0.6534313865009116,-0.17285107330441463,0.6525649196106524,0.2996503517184692
16,2,1,y,False,0.8262824598053262,0.0,0.8719144306971742,0.5208756194377884,0.045631970891848006,-0.30540684036753785,-0.35103881125938585,0.6990633573927596,0.17517347282895912,0.6534313865009116,-0.17285107330441463,0.6525649196106524,0.7438288613943485
16,2,1,-y,False,0.8262824598053262,0.0,0.8719144306971742,0.47850219465841803,0.045631970891848006,-0.3477802651469082,-0.3934122360387562,0.6990633573927596,0.13280004804958878,0.6534313865009116,-0.17285107330441463,0.6525649196106524,0.7438288613943485
17,0,0,y,False,0.27404218061220575,0.0,0.9933008222528628,0.8174306059241161,0.719258641640657,0.5433884253119103,-0.17587021632874666,0.8204497489484481,0.47172845931528684,0.10119110730779113,-0.17285107330441463,0.5480843612244115,0.9866016445057255
17,0,0,-y,True,0.27404218061220575,0.0,0.9933008222528628,0.9195148162467603,0.719258641640657,0.6454726356345546,-0.07378600600610241,0.8204497489484481,0.5738126696379311,0.10119110730779113,-0.17285107330441463,0.5480843612244115,0.9866016445057255
17,1,0,y,False,0.27404218061220575,0.0,0.871976297712834,0.8174306059241161,0.5979341171006283,0.5433884253119103,-0.05454569178871793,0.6991252244084194,0.47172845931528684,0.10119110730779113,-0.17285107330441463,0.5480843612244115,0.743952595425668
17,1,0,-y,False,0.27404218061220575,0.0,0.871976297712834,0.9195148162467603,0.5979341171006283,0.6454726356345546,0.04753851853392632,0.6991252244084194,0.5738126696379311,0.10119110730779113,-0.17285107330441463,0.5480843612244115,0.743952595425668
17,2,0,y,False,0.27404218061220575,0.0,0.9358682439550563,0.8174306059241161,0.6618260633428505,0.5433884253119103,-0.1184376380309402,0.7630171706506417,0.47172845931528684,0.10119110730779113,-0.17285107330441463,0.5480843612244115,0.8717364879101126
17,2,0,-y,False,0.27404218061220575,0.0,0.9358682439550563,0.9195148162467603,0.6618260633428505,0.6454726356345546,-0.016353427708295953,0.7630171706506417,0.5738126696379311,0.10119110730779113,-0.17285107330441463,0.5480843612244115,0.8717364879101126
18,0,0,y,False,0.8000036243542148,0.0,0.8442644586721002,0.4500419694120268,0.04426083431788541,-0.349961654942188,-0.3942224892600734,0.6714133853676856,0.10433982280319753,0.6271525510498002,-0.17285107330441463,0.6000072487084296,0.6885289173442004
18,0,0,-y,True,0.8000036243542148,0.0,0.8442644586721002,0.5467210806551037,0.04426083431788541,-0.2532825436991111,-0.2975433780169965,0.6714133853676856,0.20101893404627447,0.6271525510498002,-0.17285107330441463,0.6000072487084296,0.6885289173442004
18,1,0,y,False,0.8000036243542148,0.0,0.18085486098797787,0.4500419694120268,-0.6191487633662369,-0.349961654942188,0.2691871084240489,0.008003787683563246,0.10433982280319753,0.6271525510498002,-0.17285107330441463,0.6000072487084296,0.36170972197595574
18,1,0,-y,False,0.8000036243542148,0.0,0.18085486098797787,0.5467210806551037,-0.6191487633662369,-0.2532825436991111,0.36586621966712585,0.008003787683563246,0.20101893404627447,0.6271525510498002,-0.17285107330441463,0.6000072487084296,0.36170972197595574
18,2,0,y,False,0.8000036243542148,0.0,0.6648767711393617,0.4500419694120268,-0.13512685321485307,-0.349961654942188,-0.21483480172733493,0.4920256978349471,0.10433982280319753,0.6271525510498002,-0.17285107330441463,0.6000072487084296,0.32975354227872344
18,2,0,-y,False,0.8000036243542148,0.0,0.6648767711393617,0.5467210806551037,-0.13512685321485307,-0.2532825436991111,-0.118155690484258,0.4920256978349471,0.20101893404627447,0.6271525510498002,-0.17285107330441463,0.6000072487084296,0.32975354227872344
19,0,2,y,False,0.22386247614272037,0.0,0.680146675461188,0.7715424782034717,0.45628419931846764,0.5476800020607513,0.09139580274228365,0.5072956021567734,0.4258403315946424,0.05101140283830574,-0.17285107330441463,0.44772495228544074,0.360293350922376
19,0,2,-y,False,0.22386247614272037,0.0,0.680146675461188,0.05939923733612318,0.45628419931846764,-0.1644632388065972,-0.6207474381250648,0.5072956021567734,-0.2863029092727061,0.05101140283830574,-0.17285107330441463,0.44772495228544074,0.360293350922376
19,1,2,y,False,0.22386247614272037,0.0,0.17456459445317307,0.7715424782034717,-0.049297881689547296,0.5476800020607513,0.5969778837502986,0.0017135211487584456,0.4258403315946424,0.05101140283830574,-0.17285107330441463,0.44772495228544074,0.34912918890634614
19,1,2,-y,False,0.22386247614272037,0.0,0.17456459445317307,0.05939923733612318,-0.049297881689547296,-0.1644632388065972,-0.1151653571170499,0.0017135211487584456,-0.2863029092727061,0.05101140283830574,-0.17285107330441463,0.44772495228544074,0.34912918890634614
19,2,2,y,False,0.22386247614272037,0.0,0.5298039745591154,0.7715424782034717,0.30594149841639506,0.5476800020607513,0.24173850364435623,0.3569529012547008,0.4258403315946424,0.05101140283830574,-0.17285107330441463,0.44772495228544074,0.05960794911823086
19,2,2,-y,True,0.22386247614272037,0.0,0.5298039745591154,0.05939923733612318,0.30594149841639506,-0.1644632388065972,-0.47040473722299225,0.3569529012547008,-0.2863029092727061,0.05101140283830574,-0.17285107330441463,0.44772495228544074,0.05960794911823086
20,0,1,y,False,0.8597654360130758,0.0,0.7679015153438513,0.4533972876514696,-0.09186392066922444,-0.4063681483616062,-0.31450422769238173,0.5950504420394367,0.10769514104264033,0.6869143627086611,-0.17285107330441463,0.7195308720261515,0.5358030306877026
20,0,1,-y,False,0.8597654360130758,0.0,0.7679015153438513,0.543773779871259,-0.09186392066922444,-0.3159916561418168,-0.22412773547259235,0.5950504420394367,0.1980716332624297,0.6869143627086611,-0.17285107330441463,0.7195308720261515,0.5358030306877026
20,1,1,y,False,0.8597654360130758,0.0,0.9569249376928752,0.4533972876514696,0.09715950167979948,-0.4063681483616062,-0.5035276500414056,0.7840738643884606,0.10769514104264033,0.6869143627086611,-0.17285107330441463,0.7195308720261515,0.9138498753857505
20,1,1,-y,True,0.8597654360130758,0.0,0.9569249376928752,0.543773779871259,0.09715950167979948,-0.3159916561418168,-0.41315115782161627,0.7840738643884606,0.1980716332624297,0.6869143627086611,-0.17285107330441463,0.7195308720261515,0.9138498753857505
20,2,1,y,False,0.8597654360130758,0.0,0.6111216960159425,0.4533972876514696,-0.2486437399971333,-0.4063681483616062,-0.15772440836447288,0.43827062271152784,0.10769514104264033,0.6869143627086611,-0.17285107330441463,0.7195308720261515,0.22224339203188492
20,2,1,-y,False,0.8597654360130758,0.0,0.6111216960159425,0.543773779871259,-0.2486437399971333,-0.3159916561418168,-0.0673479161446835,0.43827062271152784,0.1980716332624297,0.6869143627086611,-0.17285107330441463,0.7195308720261515,0.22224339203188492
21,0,1,y,False,0.39448180589614346,0.0,0.339189150512027,0.8593839800708167,-0.05529265538411643,0.4649021741746733,0.5201948295587897,0.1663380772076124,0.5136818334619875,0.22163073259172883,-0.17285107330441463,0.7889636117922869,0.678378301024054
21,0,1,-y,False,0.39448180589614346,0.0,0.339189150512027,0.7513670028202029,-0.05529265538411643,0.3568851969240594,0.41217785230817583,0.1663380772076124,0.4056648562113736,0.22163073259172883,-0.17285107330441463,0.7889636117922869,0.678378301024054
21,1,1,y,False,0.39448180589614346,0.0,0.3627282619036265,0.8593839800708167,-0.03175354399251695,0.4649021741746733,0.49665571816719023,0.18987718859921188,0.5136818334619875,0.22163073259172883,-0.17285107330441463,0.7889636117922869,0.725456523807253
21,1,1,-y,True,0.39448180589614346,0.0,0.3627282619036265,0.7513670028202029,-0.03175354399251695,0.3568851969240594,0.38863874091657635,0.18987718859921188,0.4056648562113736,0.22163073259172883,-0.17285107330441463,0.7889636117922869,0.725456523807253
21,2,1,y,False,0.39448180589614346,0.0,0.8359997090808804,0.8593839800708167,0.44151790318473694,0.4649021741746733,0.02338427098993634,0.6631486357764658,0.5136818334619875,0.22163073259172883,-0.17285107330441463,0.7889636117922869,0.6719994181617608
21,2,1,-y,False,0.39448180589614346,0.0,0.8359997090808804,0.7513670028202029,0.44151790318473694,0.3568851969240594,-0.08463270626067754,0.6631486357764658,0.4056648562113736,0.22163073259172883,-0.17285107330441463,0.7889636117922869,0.6719994181617608
22,0,1,y,False,0.7600673729110525,0.0,0.8003269875359393,0.5846991167429962,0.04025961462488681,-0.1753682561680563,-0.2156278707929431,0.6274759142315247,0.23899697013416699,0.5872162996066379,-0.17285107330441463,0.5201347458221051,0.6006539750718787
22,0,1,-y,False,0.7600673729110525,0.0,0.8003269875359393,0.4040159563243009,0.04025961462488681,-0.35605141658675166,-0.39631103121163846,0.6274759142315247,0.05831380971547162,0.5872162996066379,-0.17285107330441463,0.5201347458221051,0.6006539750718787
22,1,1,y,False,0.7600673729110525,0.0,0.9869123149897518,0.5846991167429962,0.22684494207869932,-0.1753682561680563,-0.4022131982467556,0.8140612416853372,0.23899697013416699,0.5872162996066379,-0.17285107330441463,0.5201347458221051,0.9738246299795037
22,1,1,-y,True,0.7600673729110525,0.0,0.9869123149897518,0.4040159563243009,0.22684494207869932,-0.35605141658675166,-0.582896358665451,0.8140612416853372,0.05831380971547162,0.5872162996066379,-0.17285107330441463,0.5201347458221051,0.9738246299795037
22,2,1,y,False,0.7600673729110525,0.0,0.5880904879797413,0.5846991167429962,-0.17197688493131125,-0.1753682561680563,-0.0033913712367450444,0.41523941467532666,0.23899697013416699,0.5872162996066379,-0.17285107330441463,0.5201347458221051,0.17618097595948257
22,2,1,-y,False,0.7600673729110525,0.0,0.5880904879797413,0.4040159563243009,-0.17197688493131125,-0.35605141658675166,-0.1840745316554404,0.41523941467532666,0.05831380971547162,0.5872162996066379,-0.17285107330441463,0.5201347458221051,0.17618097595948257
23,0,2,y,False,0.20834336489390992,0.0,0.47790099448761225,0.3557411656828151,0.26955762959370233,0.1473978007889052,-0.12215982880479714,0.3050499211831976,0.010039019073985855,0.035492291589495295,-0.17285107330441463,0.41668672978781984,0.9558019889752245
23,0,2,-y,False,0.20834336489390992,0.0,0.47790099448761225,0.620161522735927,0.26955762959370233,0.41181815784201703,0.1422605282483147,0.3050499211831976,0.2744593761270977,0.035492291589495295,-0.17285107330441463,0.41668672978781984,0.9558019889752245
23,1,2,y,False,0.20834336489390992,0.0,0.5631422463950315,0.3557411656828151,0.3547988815011216,0.1473978007889052,-0.2074010807122164,0.3902911730906169,0.010039019073985855,0.035492291589495295,-0.17285107330441463,0.41668672978781984,0.12628449279006304
23,1,2,-y,False,0.20834336489390992,0.0,0.5631422463950315,0.620161522735927,0.3547988815011216,0.41181815784201703,0.05701927634089543,0.3902911730906169,0.2744593761270977,0.035492291589495295,-0.17285107330441463,0.41668672978781984,0.12628449279006304
23,2,2,y,False,0.20834336489390992,0.0,0.9775418542827339,0.3557411656828151,0.769198489388824,0.1473978007889052,-0.6218006885999188,0.8046907809783193,0.010039019073985855,0.035492291589495295,-0.17285107330441463,0.41668672978781984,0.9550837085654678
23,2,2,-y,True,0.20834336489390992,0.0,0.9775418542827339,0.620161522735927,0.769198489388824,0.41181815784201703,-0.35738033154680693,0.8046907809783193,0.2744593761270977,0.035492291589495295,-0.17285107330441463,0.41668672978781984,0.9550837085654678
24,0,2,y,False,0.8912177929742473,0.0,0.951329996885292,0.8646144380990961,0.06011220391104466,-0.026603354875151197,-0.08671555878619586,0.7784789235808773,0.5189122914902669,0.7183667196698327,-0.17285107330441463,0.7824355859484946,0.9026599937705839
24,0,2,-y,False,0.8912177929742473,0.0,0.951329996885292,0.7265553594912859,0.06011220391104466,-0.1646624334829614,-0.22477463739400605,0.7784789235808773,0.38085321288245666,0.7183667196698327,-0.17285107330441463,0.7824355859484946,0.9026599937705839
24,1,2,y,False,0.8912177929742473,0.0,0.20908279214317815,0.8646144380990961,-0.6821350008310691,-0.026603354875151197,0.655531645955918,0.03623171883876353,0.5189122914902669,0.7183667196698327,-0.17285107330441463,0.7824355859484946,0.4181655842863563
24,1,2,-y,False,0.8912177929742473,0.0,0.20908279214317815,0.7265553594912859,-0.6821350008310691,-0.1646624334829614,0.5174725673481078,0.03623171883876353,0.38085321288245666,0.7183667196698327,-0.17285107330441463,0.7824355859484946,0.4181655842863563
24,2,2,y,True,0.8912177929742473,0.0,0.3949763155744108,0.8646144380990961,-0.4962414773998365,-0.026603354875151197,0.4696381225246853,0.2221252422699962,0.5189122914902669,0.7183667196698327,-0.17285107330441463,0.7824355859484946,0.7899526311488216
24,2,2,-y,False,0.8912177929742473,0.0,0.3949763155744108,0.7265553594912859,-0.4962414773998365,-0.1646624334829614,0.3315790439168751,0.2221252422699962,0.38085321288245666,0.7183667196698327,-0.17285107330441463,0.7824355859484946,0.7899526311488216
25,0,0,y,True,0.492025033348666,0.0,0.22958499397566356,0.7612709183949136,-0.2624400393730024,0.2692458850462476,0.53168592441925,0.05673392067124894,0.4155687717860843,0.31917396004425136,-0.17285107330441463,0.984050066697332,0.45916998795132713
25,0,0,-y,False,0.492025033348666,0.0,0.22958499397566356,0.0862643502560303,-0.2624400393730024,-0.4057606830926357,-0.14332064371963327,0.05673392067124894,-0.25943779635279896,0.31917396004425136,-0.17285107330441463,0.984050066697332,0.45916998795132713
25,1,0,y,False,0.492025033348666,0.0,0.336593863520406,0.7612709183949136,-0.15543116982826,0.2692458850462476,0.4246770548745076,0.16374279021599136,0.4155687717860843,0.31917396004425136,-0.17285107330441463,0.984050066697332,0.673187727040812
25,1,0,-y,False,0.492025033348666,0.0,0.336593863520406,0.0862643502560303,-0.15543116982826,-0.4057606830926357,-0.2503295132643757,0.16374279021599136,-0.25943779635279896,0.31917396004425136,-0.17285107330441463,0.984050066697332,0.673187727040812
25,2,0,y,False,0.492025033348666,0.0,0.6069024607529627,0.7612709183949136,0.11487742740429674,0.2692458850462476,0.15436845764195084,0.4340513874485481,0.4155687717860843,0.31917396004425136,-0.17285107330441463,0.984050066697332,0.21380492150592545
25,2,0,-y,False,0.492025033348666,0.0,0.6069024607529627,0.0862643502560303,0.11487742740429674,-0.4057606830926357,-0.5206381104969324,0.4340513874485481,-0.25943779635279896,0.31917396004425136,-0.17285107330441463,0.984050066697332,0.21380492150592545
26,0,1,y,False,0.8503906308564382,0.0,0.7936199768368368,0.4462731430035376,-0.05677065401960135,-0.4041174878529006,-0.34734683383329923,0.6207689035324222,0.10057099639470835,0.6775395575520236,-0.17285107330441463,0.7007812617128764,0.5872399536736737
26,0,1,-y,False,0.8503906308564382,0.0,0.7936199768368368,0.9787663794950703,-0.05677065401960135,0.1283757486386321,0.18514640265823346,0.6207689035324222,0.633064232886241,0.6775395575520236,-0.17285107330441463,0.7007812617128764,0.5872399536736737
26,1,1,y,True,0.8503906308564382,0.0,0.14556070158140244,0.4462731430035376,-0.7048299292750357,-0.4041174878529006,0.30071244142213516,-0.027290371723012186,0.10057099639470835,0.6775395575520236,-0.17285107330441463,0.7007812617128764,0.2911214031628049
26,1,1,-y,False,0.8503906308564382,0.0,0.14556070158140244,0.9787663794950703,-0.7048299292750357,0.1283757486386321,0.8332056779136678,-0.027290371723012186,0.633064232886241,0.6775395575520236,-0.17285107330441463,0.7007812617128764,0.2911214031628049
26,2,1,y,False,0.8503906308564382,0.0,0.5090407805359831,0.4462731430035376,-0.34134985032045506,-0.4041174878529006,-0.06276763753244552,0.3361897072315685,0.10057099639470835,0.6775395575520236,-0.17285107330441463,0.7007812617128764,0.018081561071966235
26,2,1,-y,False,0.8503906308564382,0.0,0.5090407805359831,0.9787663794950703,-0.34134985032045506,0.1283757486386321,0.46972559895908716,0.3361897072315685,0.633064232886241,0.6775395575520236,-0.17285107330441463,0.7007812617128764,0.018081561071966235
27,0,0,y,True,0.3691392634793189,0.0,0.364629335353186,0.850674571711437,-0.004509928126132934,0.4815353082321181,0.48604523635825103,0.19177826204877135,0.5049724251026078,0.1962881901749043,-0.17285107330441463,0.7382785269586378,0.729258670706372
27,0,0,-y,False,0.3691392634793189,0.0,0.364629335353186,0.9907777921366403,-0.004509928126132934,0.6216385286573214,0.6261484567834543,0.19177826204877135,0.645075645527811,0.1962881901749043,-0.17285107330441463,0.7382785269586378,0.729258670706372
27,1,0,y,False,0.3691392634793189,0.0,0.20027274019207653,0.850674571711437,-0.1688665232872424,0.4815353082321181,0.6504018315193605,0.0274216668876619,0.5049724251026078,0.1962881901749043,-0.17285107330441463,0.7382785269586378,0.40054548038415305
27,1,0,-y,False,0.3691392634793189,0.0,0.20027274019207653,0.9907777921366403,-0.1688665232872424,0.6216385286573214,0.7905050519445638,0.0274216668876619,0.645075645527811,0.1962881901749043,-0.17285107330441463,0.7382785269586378,0.40054548038415305
27,2,0,y,False,0.3691392634793189,0.0,0.5899294991498323,0.850674571711437,0.22079023567051337,0.4815353082321181,0.26074507256160473,0.41707842584541766,0.5049724251026078,0.1962881901749043,-0.17285107330441463,0.7382785269586378,0.17985899829966456
27,2,0,-y,False,0.3691392634793189,0.0,0.5899294991498323,0.9907777921366403,0.22079023567051337,0.6216385286573214,0.400848292986808,0.41707842584541766,0.645075645527811,0.1962881901749043,-0.17285107330441463,0.7382785269586378,0.17985899829966456
28,0,2,y,False,0.8810717016474001,0.0,0.5570889651258852,0.971381032497419,-0.3239827365215149,0.09030933085001891,0.4142920673715338,0.3842378918214706,0.6256788858885898,0.7082206283429855,-0.17285107330441463,0.7621434032948002,0.11417793025177048
28,0,2,-y,False,0.8810717016474001,0.0,0.5570889651258852,0.6579123563520426,-0.3239827365215149,-0.22315934529535753,0.10082339122615736,0.3842378918214706,0.31221020974321334,0.7082206283429855,-0.17285107330441463,0.7621434032948002,0.11417793025177048
28,1,2,y,False,0.8810717016474001,0.0,0.5623617207108111,0.971381032497419,-0.318709980936589,0.09030933085001891,0.4090193117866079,0.3895106474063965,0.6256788858885898,0.7082206283429855,-0.17285107330441463,0.7621434032948002,0.12472344142162228
28,1,2,-y,False,0.8810717016474001,0.0,0.5623617207108111,0.6579123563520426,-0.318709980936589,-0.22315934529535753,0.09555063564123145,0.3895106474063965,0.31221020974321334,0.7082206283429855,-0.17285107330441463,0.7621434032948002,0.12472344142162228
28,2,2,y,False,0.8810717016474001,0.0,0.9348737957987794,0.971381032497419,0.053802094151379265,0.09030933085001891,0.036507236698639645,0.7620227224943648,0.6256788858885898,0.7082206283429855,-0.17285107330441463,0.7621434032948002,0.8697475915975588
28,2,2,-y,True,0.8810717016474001,0.0,0.9348737957987794,0.6579123563520426,0.053802094151379265,-0.22315934529535753,-0.2769614394467368,0.7620227224943648,0.31221020974321334,0.7082206283429855,-0.17285107330441463,0.7621434032948002,0.8697475915975588
29,0,2,y,False,0.2889896453987326,0.0,0.0019221614582392021,0.6762893537543562,-0.2870674839404934,0.38729970835562355,0.674367192296117,-0.17092891184617542,0.3305872071455269,0.116138572094318,-0.17285107330441463,0.5779792907974652,0.0038443229164784043
29,0,2,-y,False,0.2889896453987326,0.0,0.0019221614582392021,0.9706273329385056,-0.2870674839404934,0.6816376875397729,0.9687051714802664,-0.17092891184617542,0.6249251863296763,0.116138572094318,-0.17285107330441463,0.5779792907974652,0.0038443229164784043
29,1,2,y,False,0.2889896453987326,0.0,0.18892542441030002,0.6762893537543562,-0.1000642209884326,0.38729970835562355,0.48736392934405615,0.0160743511058854,0.3305872071455269,0.116138572094318,-0.17285107330441463,0.5779792907974652,0.37785084882060005
29,1,2,-y,False,0.2889896453987326,0.0,0.18892542441030002,0.9706273329385056,-0.1000642209884326,0.6816376875397729,0.7817019085282055,0.0160743511058854,0.6249251863296763,0.116138572094318,-0.17285107330441463,0.5779792907974652,0.37785084882060005
29,2,2,y,False,0.2889896453987326,0.0,0.3818872366533981,0.6762893537543562,0.09289759125466546,0.38729970835562355,0.2944021171009581,0.20903616334898345,0.3305872071455269,0.116138572094318,-0.17285107330441463,0.5779792907974652,0.7637744733067962
29,2,2,-y,True,0.2889896453987326,0.0,0.3818872366533981,0.9706273329385056,0.09289759125466546,0.6816376875397729,0.5887400962851075,0.20903616334898345,0.6249251863296763,0.116138572094318,-0.17285107330441463,0.5779792907974652,0.7637744733067962
30,0,0,y,False,0.9722097290411984,0.0,0.858875816328009,0.1537946003231241,-0.11333391271318938,-0.8184151287180743,-0.7050812160048849,0.6860247430235944,-0.19190754628570517,0.7993586557367838,-0.17285107330441463,0.9444194580823968,0.717751632656018
30,0,0,-y,True,0.9722097290411984,0.0,0.858875816328009,0.7329512409565098,-0.11333391271318938,-0.23925848808468864,-0.12592457537149926,0.6860247430235944,0.3872490943476805,0.7993586557367838,-0.17285107330441463,0.9444194580823968,0.717751632656018
30,1,0,y,False,0.9722097290411984,0.0,0.280598616248966,0.1537946003231241,-0.6916111127922324,-0.8184151287180743,-0.1268040159258419,0.10774754294455136,-0.19190754628570517,0.7993586557367838,-0.17285107330441463,0.9444194580823968,0.561197232497932
30,1,0,-y,False,0.9722097290411984,0.0,0.280598616248966,0.7329512409565098,-0.6916111127922324,-0.23925848808468864,0.4523526247075438,0.10774754294455136,0.3872490943476805,0.7993586557367838,-0.17285107330441463,0.9444194580823968,0.561197232497932
30,2,0,y,False,0.9722097290411984,0.0,0.6067295475620966,0.1537946003231241,-0.3654801814791018,-0.8184151287180743,-0.45293494723897254,0.433878474257682,-0.19190754628570517,0.7993586557367838,-0.17285107330441463,0.9444194580823968,0.21345909512419325
30,2,0,-y,False,0.9722097290411984,0.0,0.6067295475620966,0.7329512409565098,-0.3654801814791018,-0.23925848808468864,0.12622169339441314,0.433878474257682,0.3872490943476805,0.7993586557367838,-0.17285107330441463,0.9444194580823968,0.21345909512419325
31,0,2,y,False,0.4846910891402967,0.0,0.93546609039484,0.0481695304979155,0.4507750012545433,-0.4365215586423812,-0.8872965598969245,0.7626150170904253,-0.29753261611091375,0.31184001583588206,-0.17285107330441463,0.9693821782805934,0.8709321807896799
31,0,2,-y,False,0.4846910891402967,0.0,0.93546609039484,0.7756824037852681,0.4507750012545433,0.2909913146449714,-0.15978368660957187,0.7626150170904253,0.42998025717643884,0.31184001583588206,-0.17285107330441463,0.9693821782805934,0.8709321807896799
31,1,2,y,False,0.4846910891402967,0.0,0.9726152548589937,0.0481695304979155,0.487924165718697,-0.4365215586423812,-0.9244457243610782,0.7997641815545791,-0.29753261611091375,0.31184001583588206,-0.17285107330441463,0.9693821782805934,0.9452305097179874
31,1,2,-y,False,0.4846910891402967,0.0,0.9726152548589937,0.7756824037852681,0.487924165718697,0.2909913146449714,-0.1969328510737256,0.7997641815545791,0.42998025717643884,0.31184001583588206,-0.17285107330441463,0.9693821782805934,0.9452305097179874
31,2,2,y,True,0.4846910891402967,0.0,0.5429942992558807,0.0481695304979155,0.05830321011558404,-0.4365215586423812,-0.4948247687579652,0.3701432259514661,-0.29753261611091375,0.31184001583588206,-0.17285107330441463,0.9693821782805934,0.08598859851176144
31,2,2,-y,False,0.4846910891402967,0.0,0.5429942992558807,0.7756824037852681,0.05830321011558404,0.2909913146449714,0.23268810452938737,0.3701432259514661,0.42998025717643884,0.31184001583588206,-0.17285107330441463,0.9693821782805934,0.08598859851176144
32,0,0,y,True,0.7632901046639553,0.0,0.6442914068955758,0.15928910024373977,-0.11899869776837946,-0.6040010044202155,-0.4850023066518361,0.4714403335911612,-0.18641304636508949,0.5904390313595407,-0.17285107330441463,0.5265802093279106,0.2885828137911517
32,0,0,-y,False,0.7632901046639553,0.0,0.6442914068955758,0.7304758651735455,-0.11899869776837946,-0.03281423949040985,0.08618445827796961,0.4714403335911612,0.3847737185647162,0.5904390313595407,-0.17285107330441463,0.5265802093279106,0.2885828137911517
32,1,0,y,False,0.7632901046639553,0.0,0.9768108492165766,0.15928910024373977,0.21352074455262127,-0.6040010044202155,-0.8175217489728368,0.803959775912162,-0.18641304636508949,0.5904390313595407,-0.17285107330441463,0.5265802093279106,0.9536216984331531
32,1,0,-y,False,0.7632901046639553,0.0,0.9768108492165766,0.7304758651735455,0.21352074455262127,-0.03281423949040985,-0.2463349840430311,0.803959775912162,0.3847737185647162,0.5904390313595407,-0.17285107330441463,0.5265802093279106,0.9536216984331531
32,2,0,y,False,0.7632901046639553,0.0,0.9952710841077703,0.15928910024373977,0.23198097944381502,-0.6040010044202155,-0.8359819838640306,0.8224200108033557,-0.18641304636508949,0.5904390313595407,-0.17285107330441463,0.5265802093279106,0.9905421682155406
32,2,0,-y,False,0.7632901046639553,0.0,0.9952710841077703,0.7304758651735455,0.23198097944381502,-0.03281423949040985,-0.26479521893422486,0.8224200108033557,0.3847737185647162,0.5904390313595407,-0.17285107330441463,0.5265802093279106,0.9905421682155406
33,0,1,y,False,0.3663795723139316,0.0,0.3428952663716416,0.9883919407613888,-0.023484305942290007,0.6220123684474572,0.6454966743897472,0.17004419306722696,0.6426897941525596,0.19352849900951696,-0.17285107330441463,0.7327591446278632,0.6857905327432832
33,0,1,-y,False,0.3663795723139316,0.0,0.3428952663716416,0.015455865769595789,-0.023484305942290007,-0.3509237065443358,-0.3274394006020458,0.17004419306722696,-0.33024628083923346,0.19352849900951696,-0.17285107330441463,0.7327591446278632,0.6857905327432832
33,1,1,y,False,0.3663795723139316,0.0,0.6758434495219205,0.9883919407613888,0.30946387720798896,0.6220123684474572,0.31254849123946826,0.5029923762175059,0.6426897941525596,0.19352849900951696,-0.17285107330441463,0.7327591446278632,0.3516868990438411
33,1,1,-y,True,0.3663795723139316,0.0,0.6758434495219205,0.015455865769595789,0.30946387720798896,-0.3509237065443358,-0.6603875837523248,0.5029923762175059,-0.33024628083923346,0.19352849900951696,-0.17285107330441463,0.7327591446278632,0.3516868990438411
33,2,1,y,False,0.3663795723139316,0.0,0.9704241318226536,0.9883919407613888,0.604044559508722,0.6220123684474572,0.017967808938735175,0.797573058518239,0.6426897941525596,0.19352849900951696,-0.17285107330441463,0.7327591446278632,0.9408482636453073
33,2,1,-y,False,0.3663795723139316,0.0,0.9704241318226536,0.015455865769595789,0.604044559508722,-0.3509237065443358,-0.9549682660530578,0.797573058518239,-0.33024628083923346,0.19352849900951696,-0.17285107330441463,0.7327591446278632,0.9408482636453073
34,0,0,y,False,0.859178026236421,0.0,0.9637785742752101,0.9038130990584108,0.10460054803878904,0.04463507282198975,-0.05996547521679929,0.7909275009707954,0.5581109524495815,0.6863269529320064,-0.17285107330441463,0.7183560524728421,0.9275571485504202
34,0,0,-y,True,0.859178026236421,0.0,0.9637785742752101,0.8218901116682105,0.10460054803878904,-0.03728791456821057,-0.1418884626069996,0.7909275009707954,0.4761879650593812,0.6863269529320064,-0.17285107330441463,0.7183560524728421,0.9275571485504202
34,1,0,y,False,0.859178026236421,0.0,0.056567389864483175,0.9038130990584108,-0.8026106363719379,0.04463507282198975,0.8472457091939276,-0.11628368343993145,0.5581109524495815,0.6863269529320064,-0.17285107330441463,0.7183560524728421,0.11313477972896635
34,1,0,-y,False,0.859178026236421,0.0,0.056567389864483175,0.8218901116682105,-0.8026106363719379,-0.03728791456821057,0.7653227218037273,-0.11628368343993145,0.4761879650593812,0.6863269529320064,-0.17285107330441463,0.7183560524728421,0.11313477972896635
34,2,0,y,False,0.859178026236421,0.0,0.4881443818889295,0.9038130990584108,-0.37103364434749153,0.04463507282198975,0.4156687171694813,0.3152933085845149,0.5581109524495815,0.6863269529320064,-0.17285107330441463,0.7183560524728421,0.976288763777859
34,2,0,-y,False,0.859178026236421,0.0,0.4881443818889295,0.8218901116682105,-0.37103364434749153,-0.03728791456821057,0.33374572977928096,0.3152933085845149,0.4761879650593812,0.6863269529320064,-0.17285107330441463,0.7183560524728421,0.976288763777859
35,0,2,y,False,0.11370001934291807,0.0,0.6826897105975434,0.5843006786148806,0.5689896912546253,0.4706006592719625,-0.0983890319826628,0.5098386372931287,0.2385985320060513,-0.05915105396149656,-0.17285107330441463,0.22740003868583614,0.3653794211950867
35,0,2,-y,False,0.11370001934291807,0.0,0.6826897105975434,0.40452748391375337,0.5689896912546253,0.2908274645708353,-0.27816222668379,0.5098386372931287,0.05882533730492412,-0.05915105396149656,-0.17285107330441463,0.22740003868583614,0.3653794211950867
35,1,2,y,False,0.11370001934291807,0.0,0.9040650309849383,0.5843006786148806,0.7903650116420202,0.4706006592719625,-0.31976435237005774,0.7312139576805237,0.2385985320060513,-0.05915105396149656,-0.17285107330441463,0.22740003868583614,0.8081300619698766
35,1,2,-y,False,0.11370001934291807,0.0,0.9040650309849383,0.40452748391375337,0.7903650116420202,0.2908274645708353,-0.4995375470711849,0.7312139576805237,0.05882533730492412,-0.05915105396149656,-0.17285107330441463,0.22740003868583614,0.8081300619698766
35,2,2,y,True,0.11370001934291807,0.0,0.9731799335533537,0.5843006786148806,0.8594799142104357,0.4706006592719625,-0.3888792549384732,0.8003288602489391,0.2385985320060513,-0.05915105396149656,-0.17285107330441463,0.22740003868583614,0.9463598671067075
35,2,2,-y,False,0.11370001934291807,0.0,0.9731799335533537,0.40452748391375337,0.8594799142104357,0.2908274645708353,-0.5686524496396004,0.8003288602489391,0.05882533730492412,-0.05915105396149656,-0.17285107330441463,0.22740003868583614,0.9463598671067075
36,0,1,y,False,0.6514645085483544,0.0,0.18191868832828106,0.5943941938783297,-0.4695458202200733,-0.05707031467002466,0.41247550555004864,0.009067615023866438,0.24869204726950045,0.47861343524393973,-0.17285107330441463,0.3029290170967087,0.36383737665656213
36,0,1,-y,False,0.6514645085483544,0.0,0.18191868832828106,0.39136692340809986,-0.4695458202200733,-0.2600975851402545,0.2094482350798188,0.009067615023866438,0.04566477679927061,0.47861343524393973,-0.17285107330441463,0.3029290170967087,0.36383737665656213
36,1,1,y,False,0.6514645085483544,0.0,0.74554206865065,0.5943941938783297,0.09407756010229562,-0.05707031467002466,-0.15114787477232028,0.5726909953462354,0.24869204726950045,0.47861343524393973,-0.17285107330441463,0.3029290170967087,0.49108413730129996
36,1,1,-y,True,0.6514645085483544,0.0,0.74554206865065,0.39136692340809986,0.09407756010229562,-0.2600975851402545,-0.3541751452425501,0.5726909953462354,0.04566477679927061,0.47861343524393973,-0.17285107330441463,0.3029290170967087,0.49108413730129996
36,2,1,y,False,0.6514645085483544,0.0,0.9821354473537554,0.5943941938783297,0.330670938805401,-0.05707031467002466,-0.38774125347542565,0.8092843740493407,0.24869204726950045,0.47861343524393973,-0.17285107330441463,0.3029290170967087,0.9642708947075107
36,2,1,-y,False,0.6514645085483544,0.0,0.9821354473537554,0.39136692340809986,0.330670938805401,-0.2600975851402545,-0.5907685239456555,0.8092843740493407,0.04566477679927061,0.47861343524393973,-0.17285107330441463,0.3029290170967087,0.9642708947075107
37,0,2,y,False,0.27241686937342635,0.0,0.9606695696914329,0.6552202677826955,0.6882527003180066,0.38280339840926914,-0.3054493019087374,0.7878184963870183,0.30951812117386623,0.09956579606901172,-0.17285107330441463,0.5448337387468527,0.9213391393828658
37,0,2,-y,False,0.27241686937342635,0.0,0.9606695696914329,0.3019537368696774,0.6882527003180066,0.029536867496251062,-0.6587158328217555,0.7878184963870183,-0.04374840973915184,0.09956579606901172,-0.17285107330441463,0.5448337387468527,0.9213391393828658
37,1,2,y,False,0.27241686937342635,0.0,0.06694768048154742,0.6552202677826955,-0.20546918889187893,0.38280339840926914,0.5882725873011481,-0.1059033928228672,0.30951812117386623,0.09956579606901172,-0.17285107330441463,0.5448337387468527,0.13389536096309484
37,1,2,-y,False,0.27241686937342635,0.0,0.06694768048154742,0.3019537368696774,-0.20546918889187893,0.029536867496251062,0.23500605638813,-0.1059033928228672,-0.04374840973915184,0.09956579606901172,-0.17285107330441463,0.5448337387468527,0.13389536096309484
37,2,2,y,False,0.27241686937342635,0.0,0.4838836450016828,0.6552202677826955,0.21146677562825644,0.38280339840926914,0.1713366227810127,0.31103257169726817,0.30951812117386623,0.09956579606901172,-0.17285107330441463,0.5448337387468527,0.9677672900033656
37,2,2,-y,True,0.27241686937342635,0.0,0.4838836450016828,0.3019537368696774,0.21146677562825644,0.029536867496251062,-0.18192990813200538,0.31103257169726817,-0.04374840973915184,0.09956579606901172,-0.17285107330441463,0.5448337387468527,0.9677672900033656
38,0,1,y,False,0.5483729123580261,0.0,0.31615278177871176,0.8228856268615345,-0.23222013057931434,0.27451271450350845,0.5067328450828228,0.14330170847429713,0.4771834802527053,0.3755218390536115,-0.17285107330441463,0.0967458247160522,0.6323055635574235
38,0,1,-y,False,0.5483729123580261,0.0,0.31615278177871176,0.9002472905385304,-0.23222013057931434,0.35187437818050427,0.5840945087598186,0.14330170847429713,0.5545451439297011,0.3755218390536115,-0.17285107330441463,0.0967458247160522,0.6323055635574235
38,1,1,y,False,0.5483729123580261,0.0,0.7939016824417848,0.8228856268615345,0.24552877008375873,0.27451271450350845,0.02898394441974972,0.6210506091373702,0.4771834802527053,0.3755218390536115,-0.17285107330441463,0.0967458247160522,0.5878033648835697
38,1,1,-y,True,0.5483729123580261,0.0,0.7939016824417848,0.9002472905385304,0.24552877008375873,0.35187437818050427,0.10634560809674554,0.6210506091373702,0.5545451439297011,0.3755218390536115,-0.17285107330441463,0.0967458247160522,0.5878033648835697
38,2,1,y,False,0.5483729123580261,0.0,0.8920523406003724,0.8228856268615345,0.3436794282423463,0.27451271450350845,-0.06916671373883787,0.7192012672959578,0.4771834802527053,0.3755218390536115,-0.17285107330441463,0.0967458247160522,0.7841046812007448
38,2,1,-y,False,0.5483729123580261,0.0,0.8920523406003724,0.9002472905385304,0.3436794282423463,0.35187437818050427,0.008194949938157947,0.7192012672959578,0.5545451439297011,0.3755218390536115,-0.17285107330441463,0.0967458247160522,0.7841046812007448
39,0,0,y,False,0.11798884440123913,0.0,0.7533893922130517,0.8299977330085966,0.6354005478118125,0.7120088886073574,0.0766083407955449,0.580538318908637,0.48429558639976733,-0.05486222890317549,-0.17285107330441463,0.23597768880247827,0.5067787844261034
39,0,0,-y,True,0.11798884440123913,0.0,0.7533893922130517,0.8740972270451692,0.6354005478118125,0.7561083826439301,0.12070783483211756,0.580538318908637,0.52839508043634,-0.05486222890317549,-0.17285107330441463,0.23597768880247827,0.5067787844261034
39,1,0,y,False,0.11798884440123913,0.0,0.038423706271245806,0.8299977330085966,-0.07956513812999333,0.7120088886073574,0.7915740267373508,-0.13442736703316882,0.48429558639976733,-0.05486222890317549,-0.17285107330441463,0.23597768880247827,0.07684741254249161
39,1,0,-y,False,0.11798884440123913,0.0,0.038423706271245806,0.8740972270451692,-0.07956513812999333,0.7561083826439301,0.8356735207739234,-0.13442736703316882,0.52839508043634,-0.05486222890317549,-0.17285107330441463,0.23597768880247827,0.07684741254249161
39,2,0,y,False,0.11798884440123913,0.0,0.5800896994915803,0.8299977330085966,0.46210085509034116,0.7120088886073574,0.2499080335170163,0.40723862618716566,0.48429558639976733,-0.05486222890317549,-0.17285107330441463,0.23597768880247827,0.16017939898316058
39,2,0,-y,False,0.11798884440123913,0.0,0.5800896994915803,0.8740972270451692,0.46210085509034116,0.7561083826439301,0.29400752755358894,0.40723862618716566,0.52839508043634,-0.05486222890317549,-0.17285107330441463,0.23597768880247827,0.16017939898316058
40,0,1,y,False,0.9341977098786742,0.0,0.5193689727347959,0.5242080538226048,-0.41482873714387836,-0.4099896560560694,0.00483908108780895,0.34651789943038125,0.17850590721377557,0.7613466365742596,-0.17285107330441463,0.8683954197573485,0.03873794546959175
40,0,1,-y,False,0.9341977098786742,0.0,0.5193689727347959,0.474951240999232,-0.41482873714387836,-0.4592464688794422,-0.04441773173556385,0.34651789943038125,0.12924909439040277,0.7613466365742596,-0.17285107330441463,0.8683954197573485,0.03873794546959175
40,1,1,y,False,0.9341977098786742,0.0,0.67408121966929,0.5242080538226048,-0.2601164902093842,-0.4099896560560694,-0.1498731658466852,0.5012301463648754,0.17850590721377557,0.7613466365742596,-0.17285107330441463,0.8683954197573485,0.34816243933858004
40,1,1,-y,True,0.9341977098786742,0.0,0.67408121966929,0.474951240999232,-0.2601164902093842,-0.4592464688794422,-0.199129978670058,0.5012301463648754,0.12924909439040277,0.7613466365742596,-0.17285107330441463,0.8683954197573485,0.34816243933858004
40,2,1,y,False,0.9341977098786742,0.0,0.8827024109631196,0.5242080538226048,-0.0514952989155546,-0.4099896560560694,-0.3584943571405148,0.709851337658705,0.17850590721377557,0.7613466365742596,-0.17285107330441463,0.8683954197573485,0.7654048219262393
40,2,1,-y,False,0.9341977098786742,0.0,0.8827024109631196,0.474951240999232,-0.0514952989155546,-0.4592464688794422,-0.4077511699638876,0.709851337658705,0.12924909439040277,0.7613466365742596,-0.17285107330441463,0.8683954197573485,0.7654048219262393
41,0,1,y,False,0.2036886972116818,0.0,0.4310105962614159,0.6352245139633794,0.2273218990497341,0.4315358167516976,0.2042139177019635,0.2581595229570013,0.28952236735455017,0.030837623907267186,-0.17285107330441463,0.4073773944233636,0.8620211925228318
41,0,1,-y,False,0.2036886972116818,0.0,0.4310105962614159,0.3334390141052097,0.2273218990497341,0.1297503168935279,-0.0975715821562062,0.2581595229570013,-0.012263132503619545,0.030837623907267186,-0.17285107330441463,0.4073773944233636,0.8620211925228318
41,1,1,y,True,0.2036886972116818,0.0,0.7432902655280458,0.6352245139633794,0.539601568316364,0.4315358167516976,-0.10806575156466636,0.5704391922236312,0.28952236735455017,0.030837623907267186,-0.17285107330441463,0.4073773944233636,0.48658053105609156
41,1,1,-y,False,0.2036886972116818,0.0,0.7432902655280458,0.3334390141052097,0.539601568316364,0.1297503168935279,-0.40985125142283607,0.5704391922236312,-0.012263132503619545,0.030837623907267186,-0.17285107330441463,0.4073773944233636,0.48658053105609156
41,2,1,y,False,0.2036886972116818,0.0,0.8785494076086309,0.6352245139633794,0.6748607103969491,0.4315358167516976,-0.24332489364525145,0.7056983343042162,0.28952236735455017,0.030837623907267186,-0.17285107330441463,0.4073773944233636,0.7570988152172617
41,2,1,-y,False,0.2036886972116818,0.0,0.8785494076086309,0.3334390141052097,0.6748607103969491,0.1297503168935279,-0.5451103935034212,0.7056983343042162,-0.012263132503619545,0.030837623907267186,-0.17285107330441463,0.4073773944233636,0.7570988152172617
42,0,2,y,False,0.6984435646797849,0.0,0.9076285194024223,0.6732510096612003,0.20918495472263743,-0.025192555018584528,-0.23437750974122196,0.7347774460980077,0.3275488630523711,0.5255924913753702,-0.17285107330441463,0.3968871293595697,0.8152570388048446
42,0,2,-y,False,0.6984435646797849,0.0,0.9076285194024223,0.8751452405701627,0.20918495472263743,0.17670167589037789,-0.03248327883225954,0.7347774460980077,0.5294430939613335,0.5255924913753702,-0.17285107330441463,0.3968871293595697,0.8152570388048446
42,1,2,y,False,0.6984435646797849,0.0,0.8804736211504718,0.6732510096612003,0.18203005647068693,-0.025192555018584528,-0.20722261148927146,0.7076225478460572,0.3275488630523711,0.5255924913753702,-0.17285107330441463,0.3968871293595697,0.7609472423009436
42,1,2,-y,False,0.6984435646797849,0.0,0.8804736211504718,0.8751452405701627,0.18203005647068693,0.17670167589037789,-0.0053283805803090445,0.7076225478460572,0.5294430939613335,0.5255924913753702,-0.17285107330441463,0.3968871293595697,0.7609472423009436
42,2,2,y,True,0.6984435646797849,0.0,0.9497789351466395,0.6732510096612003,0.2513353704668546,-0.025192555018584528,-0.27652792548543914,0.7769278618422248,0.3275488630523711,0.5255924913753702,-0.17285107330441463,0.3968871293595697,0.8995578702932789
42,2,2,-y,False,0.6984435646797849,0.0,0.9497789351466395,0.8751452405701627,0.2513353704668546,0.17670167589037789,-0.07463369457647673,0.7769278618422248,0.5294430939613335,0.5255924913753702,-0.17285107330441463,0.3968871293595697,0.8995578702932789
43,0,1,y,False,0.37628694626843995,0.0,0.44784798329773423,0.9212999088412346,0.07156103702929428,0.5450129625727946,0.47345192554350035,0.2749969099933196,0.5755977622324053,0.20343587296402532,-0.17285107330441463,0.7525738925368799,0.8956959665954685
43,0,1,-y,False,0.37628694626843995,0.0,0.44784798329773423,0.8169156689754118,0.07156103702929428,0.44062872270697184,0.36906768567767756,0.2749969099933196,0.47121352236658254,0.20343587296402532,-0.17285107330441463,0.7525738925368799,0.8956959665954685
43,1,1,y,False,0.37628694626843995,0.0,0.6883675253239119,0.9212999088412346,0.31208057905547193,0.5450129625727946,0.2329323835173227,0.5155164520194973,0.5755977622324053,0.20343587296402532,-0.17285107330441463,0.7525738925368799,0.37673505064782375
43,1,1,-y,True,0.37628694626843995,0.0,0.6883675253239119,0.8169156689754118,0.31208057905547193,0.44062872270697184,0.1285481436514999,0.5155164520194973,0.47121352236658254,0.20343587296402532,-0.17285107330441463,0.7525738925368799,0.37673505064782375
43,2,1,y,False,0.37628694626843995,0.0,0.9124231331805106,0.9212999088412346,0.5361361869120707,0.5450129625727946,0.008876775660723979,0.739572059876096,0.5755977622324053,0.20343587296402532,-0.17285107330441463,0.7525738925368799,0.8248462663610212
43,2,1,-y,False,0.37628694626843995,0.0,0.9124231331805106,0.8169156689754118,0.5361361869120707,0.44062872270697184,-0.09550746420509881,0.739572059876096,0.47121352236658254,0.20343587296402532,-0.17285107330441463,0.7525738925368799,0.8248462663610212
44,0,1,y,False,0.9042208020152351,0.0,0.7501473094385602,0.4479276844378006,-0.1540734925766749,-0.4562931175774345,-0.3022196250007596,0.5772962361341456,0.10222553782897137,0.7313697287108205,-0.17285107330441463,0.8084416040304703,0.5002946188771205
44,0,1,-y,False,0.9042208020152351,0.0,0.7501473094385602,0.5485650995530591,-0.1540734925766749,-0.35565570246217604,-0.20158220988550113,0.5772962361341456,0.20286295294422985,0.7313697287108205,-0.17285107330441463,0.8084416040304703,0.5002946188771205
44,1,1,y,True,0.9042208020152351,0.0,0.2794026267377063,0.4479276844378006,-0.6248181752775288,-0.4562931175774345,0.1685250577000943,0.1065515534332917,0.10222553782897137,0.7313697287108205,-0.17285107330441463,0.8084416040304703,0.5588052534754127
44,1,1,-y,False,0.9042208020152351,0.0,0.2794026267377063,0.5485650995530591,-0.6248181752775288,-0.35565570246217604,0.26916247281535277,0.1065515534332917,0.20286295294422985,0.7313697287108205,-0.17285107330441463,0.8084416040304703,0.5588052534754127
44,2,1,y,False,0.9042208020152351,0.0,0.6163728513834457,0.4479276844378006,-0.2878479506317895,-0.4562931175774345,-0.16844516694564504,0.44352177807903104,0.10222553782897137,0.7313697287108205,-0.17285107330441463,0.8084416040304703,0.23274570276689133
44,2,1,-y,False,0.9042208020152351,0.0,0.6163728513834457,0.5485650995530591,-0.2878479506317895,-0.35565570246217604,-0.06780775183038656,0.44352177807903104,0.20286295294422985,0.7313697287108205,-0.17285107330441463,0.8084416040304703,0.23274570276689133
45,0,2,y,False,0.09240503830100977,0.0,0.5624630947023093,0.7072525638866267,0.4700580564012995,0.614847525585617,0.14478946918431745,0.38961202139789464,0.36155041727779746,-0.08044603500340486,-0.17285107330441463,0.18481007660201954,0.12492618940461853
45,0,2,-y,False,0.09240503830100977,0.0,0.5624630947023093,0.20805082664907104,0.4700580564012995,0.11564578834806127,-0.3544122680532382,0.38961202139789464,-0.1376513199597582,-0.08044603500340486,-0.17285107330441463,0.18481007660201954,0.12492618940461853
45,1,2,y,False,0.09240503830100977,0.0,0.3927333535561246,0.7072525638866267,0.30032831525511483,0.614847525585617,0.3145192103305021,0.21988228025170997,0.36155041727779746,-0.08044603500340486,-0.17285107330441463,0.18481007660201954,0.7854667071122492
45,1,2,-y,False,0.09240503830100977,0.0,0.3927333535561246,0.20805082664907104,0.30032831525511483,0.11564578834806127,-0.18468252690705356,0.21988228025170997,-0.1376513199597582,-0.08044603500340486,-0.17285107330441463,0.18481007660201954,0.7854667071122492
45,2,2,y,True,0.09240503830100977,0.0,0.3958546194556476,0.7072525638866267,0.3034495811546378,0.614847525585617,0.3113979444309791,0.22300354615123297,0.36155041727779746,-0.08044603500340486,-0.17285107330441463,0.18481007660201954,0.7917092389112952
45,2,2,-y,False,0.09240503830100977,0.0,0.3958546194556476,0.20805082664907104,0.3034495811546378,0.11564578834806127,-0.18780379280657655,0.22300354615123297,-0.1376513199597582,-0.08044603500340486,-0.17285107330441463,0.18481007660201954,0.7917092389112952
46,0,2,y,False,0.7735384658748927,0.0,0.10906029303293963,0.2923525465914594,-0.6644781728419531,-0.48118591928343335,0.18329225355851975,-0.063790780271475,-0.05334960001736988,0.6006873925704781,-0.17285107330441463,0.5470769317497854,0.21812058606587925
46,0,2,-y,False,0.7735384658748927,0.0,0.10906029303293963,0.6610412586841221,-0.6644781728419531,-0.11249720719077061,0.5519809656511825,-0.063790780271475,0.31533911207529286,0.6006873925704781,-0.17285107330441463,0.5470769317497854,0.21812058606587925
46,1,2,y,False,0.7735384658748927,0.0,0.7626582278040814,0.2923525465914594,-0.010880238070811288,-0.48118591928343335,-0.47030568121262206,0.5898071544996668,-0.05334960001736988,0.6006873925704781,-0.17285107330441463,0.5470769317497854,0.5253164556081629
46,1,2,-y,False,0.7735384658748927,0.0,0.7626582278040814,0.6610412586841221,-0.010880238070811288,-0.11249720719077061,-0.10161696911995932,0.5898071544996668,0.31533911207529286,0.6006873925704781,-0.17285107330441463,0.5470769317497854,0.5253164556081629
46,2,2,y,False,0.7735384658748927,0.0,0.9924376083054369,0.2923525465914594,0.2188991424305442,-0.48118591928343335,-0.7000850617139776,0.8195865350010223,-0.05334960001736988,0.6006873925704781,-0.17285107330441463,0.5470769317497854,0.9848752166108738
46,2,2,-y,True,0.7735384658748927,0.0,0.9924376083054369,0.6610412586841221,0.2188991424305442,-0.11249720719077061,-0.3313963496213148,0.8195865350010223,0.31533911207529286,0.6006873925704781,-0.17285107330441463,0.5470769317497854,0.9848752166108738
47,0,0,y,True,0.3830072903488677,0.0,0.9299003142277797,0.7937844428539194,0.546893023878912,0.41077715250505165,-0.1361158713738604,0.7570492409233651,0.4480822962450901,0.2101562170444531,-0.17285107330441463,0.7660145806977354,0.8598006284555595
47,0,0,-y,False,0.3830072903488677,0.0,0.9299003142277797,0.9960762365393805,0.546893023878912,0.6130689461905128,0.06617592231160074,0.7570492409233651,0.6503740899305512,0.2101562170444531,-0.17285107330441463,0.7660145806977354,0.8598006284555595
47,1,0,y,False,0.3830072903488677,0.0,0.2958756763471513,0.7937844428539194,-0.08713161400171643,0.41077715250505165,0.4979087665067681,0.12302460304273666,0.4480822962450901,0.2101562170444531,-0.17285107330441463,0.7660145806977354,0.5917513526943026
47,1,0,-y,False,0.3830072903488677,0.0,0.2958756763471513,0.9960762365393805,-0.08713161400171643,0.6130689461905128,0.7002005601922292,0.12302460304273666,0.6503740899305512,0.2101562170444531,-0.17285107330441463,0.7660145806977354,0.5917513526943026
47,2,0,y,False,0.3830072903488677,0.0,0.33248309052852676,0.7937844428539194,-0.050524199820340954,0.41077715250505165,0.4613013523253926,0.15963201722411213,0.4480822962450901,0.2101562170444531,-0.17285107330441463,0.7660145806977354,0.6649661810570535
47,2,0,-y,False,0.3830072903488677,0.0,0.33248309052852676,0.9960762365393805,-0.050524199820340954,0.6130689461905128,0.6635931460108537,0.15963201722411213,0.6503740899305512,0.2101562170444531,-0.17285107330441463,0.7660145806977354,0.6649661810570535
48,0,1,y,False,0.7210642391088768,0.0,0.5172053534007546,0.26620884777760523,-0.20385888570812227,-0.4548553913312716,-0.25099650562314935,0.34435428009633995,-0.07949329883122402,0.5482131658044622,-0.17285107330441463,0.4421284782177537,0.03441070680150915
48,0,1,-y,False,0.7210642391088768,0.0,0.5172053534007546,0.6762801232474231,-0.20385888570812227,-0.0447841158614537,0.15907476984666857,0.34435428009633995,0.3305779766385939,0.5482131658044622,-0.17285107330441463,0.4421284782177537,0.03441070680150915
48,1,1,y,True,0.7210642391088768,0.0,0.593654725568058,0.26620884777760523,-0.12740951354081886,-0.4548553913312716,-0.32744587779045276,0.42080365226364336,-0.07949329883122402,0.5482131658044622,-0.17285107330441463,0.4421284782177537,0.18730945113611597
48,1,1,-y,False,0.7210642391088768,0.0,0.593654725568058,0.6762801232474231,-0.12740951354081886,-0.0447841158614537,0.08262539767936516,0.42080365226364336,0.3305779766385939,0.5482131658044622,-0.17285107330441463,0.4421284782177537,0.18730945113611597
48,2,1,y,False,0.7210642391088768,0.0,0.9387635137686203,0.26620884777760523,0.21769927465974348,-0.4548553913312716,-0.6725546659910151,0.7659124404642057,-0.07949329883122402,0.5482131658044622,-0.17285107330441463,0.4421284782177537,0.8775270275372407
48,2,1,-y,False,0.7210642391088768,0.0,0.9387635137686203,0.6762801232474231,0.21769927465974348,-0.0447841158614537,-0.2624833905211972,0.7659124404642057,0.3305779766385939,0.5482131658044622,-0.17285107330441463,0.4421284782177537,0.8775270275372407
49,0,0,y,False,0.2697567664428284,0.0,0.23879714626197313,0.05646233120796751,-0.030959620180855296,-0.2132944352348609,-0.18233481505400562,0.0659460729575585,-0.28923981540086174,0.0969056931384138,-0.17285107330441463,0.5395135328856568,0.47759429252394625
49,0,0,-y,True,0.2697567664428284,0.0,0.23879714626197313,0.772633729504193,-0.030959620180855296,0.5028769630613645,0.5338365832422198,0.0659460729575585,0.4269315828953637,0.0969056931384138,-0.17285107330441463,0.5395135328856568,0.47759429252394625
49,1,0,y,False,0.2697567664428284,0.0,0.8561264977826113,0.05646233120796751,0.5863697313397829,-0.2132944352348609,-0.7996641665746438,0.6832754244781967,-0.28923981540086174,0.0969056931384138,-0.17285107330441463,0.5395135328856568,0.7122529955652226
49,1,0,-y,False,0.2697567664428284,0.0,0.8561264977826113,0.772633729504193,0.5863697313397829,0.5028769630613645,-0.08349276827841834,0.6832754244781967,0.4269315828953637,0.0969056931384138,-0.17285107330441463,0.5395135328856568,0.7122529955652226
49,2,0,y,False,0.2697567664428284,0.0,0.867947095739197,0.05646233120796751,0.5981903292963686,-0.2132944352348609,-0.8114847645312295,0.6950960224347824,-0.28923981540086174,0.0969056931384138,-0.17285107330441463,0.5395135328856568,0.7358941914783941
49,2,0,-y,False,0.2697567664428284,0.0,0.867947095739197,0.772633729504193,0.5981903292963686,0.5028769630613645,-0.09531336623500408,0.6950960224347824,0.4269315828953637,0.0969056931384138,-0.17285107330441463,0.5395135328856568,0.7358941914783941
50,0,2,y,False,0.559248705153319,0.0,0.5568318699563974,0.939001348471109,-0.002416835196921596,0.37975264331779,0.3821694785147116,0.3839807966519828,0.5932992018622798,0.3863976318489044,-0.17285107330441463,0.11849741030663807,0.11366373991279488
50,0,2,-y,False,0.559248705153319,0.0,0.5568318699563974,0.1877929789485222,-0.002416835196921596,-0.37145572620479683,-0.36903889100787524,0.3839807966519828,-0.15790916766030705,0.3863976318489044,-0.17285107330441463,0.11849741030663807,0.11366373991279488
50,1,2,y,False,0.559248705153319,0.0,0.9319144051581674,0.939001348471109,0.37266570000484833,0.37975264331779,0.007086943312941685,0.7590633318537527,0.5932992018622798,0.3863976318489044,-0.17285107330441463,0.11849741030663807,0.8638288103163347
50,1,2,-y,False,0.559248705153319,0.0,0.9319144051581674,0.1877929789485222,0.37266570000484833,-0.37145572620479683,-0.7441214262096452,0.7590633318537527,-0.15790916766030705,0.3863976318489044,-0.17285107330441463,0.11849741030663807,0.8638288103163347
50,2,2,y,True,0.559248705153319,0.0,0.9666523101243598,0.939001348471109,0.4074036049710408,0.37975264331779,-0.02765096165325076,0.7938012368199452,0.5932992018622798,0.3863976318489044,-0.17285107330441463,0.11849741030663807,0.9333046202487196
50,2,2,-y,False,0.559248705153319,0.0,0.9666523101243598,0.1877929789485222,0.4074036049710408,-0.37145572620479683,-0.7788593311758376,0.7938012368199452,-0.15790916766030705,0.3863976318489044,-0.17285107330441463,0.11849741030663807,0.9333046202487196
51,0,0,y,True,0.43535187434379097,0.0,0.566820075417553,0.5059161992772374,0.131468201073762,0.07056432493344644,-0.06090387614031556,0.39396900211313834,0.16021405266840816,0.26250080103937634,-0.17285107330441463,0.8707037486875819,0.13364015083510594
51,0,0,-y,False,0.43535187434379097,0.0,0.566820075417553,0.49403487693048476,0.131468201073762,0.05868300258669379,-0.07278519848706821,0.39396900211313834,0.1483327303216555,0.26250080103937634,-0.17285107330441463,0.8707037486875819,0.13364015083510594
51,1,0,y,False,0.43535187434379097,0.0,0.758059175270418,0.5059161992772374,0.322707300926627,0.07056432493344644,-0.2521429759931806,0.5852081019660034,0.16021405266840816,0.26250080103937634,-0.17285107330441463,0.8707037486875819,0.516118350540836
51,1,0,-y,False,0.43535187434379097,0.0,0.758059175270418,0.49403487693048476,0.322707300926627,0.05868300258669379,-0.26402429833993324,0.5852081019660034,0.1483327303216555,0.26250080103937634,-0.17285107330441463,0.8707037486875819,0.516118350540836
51,2,0,y,False,0.43535187434379097,0.0,0.7793000801143819,0.5059161992772374,0.34394820577059093,0.07056432493344644,-0.2733838808371445,0.6064490068099673,0.16021405266840816,0.26250080103937634,-0.17285107330441463,0.8707037486875819,0.5586001602287638
51,2,0,-y,False,0.43535187434379097,0.0,0.7793000801143819,0.49403487693048476,0.34394820577059093,0.05868300258669379,-0.28526520318389714,0.6064490068099673,0.1483327303216555,0.26250080103937634,-0.17285107330441463,0.8707037486875819,0.5586001602287638
52,0,0,y,False,0.9524829429091106,0.0,0.43371741161224975,0.8797450216254106,-0.5187655312968609,-0.07273792128370005,0.4460276100131608,0.2608663383078351,0.5340428750165813,0.779631869604696,-0.17285107330441463,0.9049658858182212,0.8674348232244995
52,0,0,-y,False,0.9524829429091106,0.0,0.43371741161224975,0.64840870896127,-0.5187655312968609,-0.3040742339478406,0.21469129734902026,0.2608663383078351,0.30270656235244076,0.779631869604696,-0.17285107330441463,0.9049658858182212,0.8674348232244995
52,1,0,y,False,0.9524829429091106,0.0,0.43371741161224975,0.8797450216254106,-0.5187655312968609,-0.07273792128370005,0.4460276100131608,0.2608663383078351,0.5340428750165813,0.779631869604696,-0.17285107330441463,0.9049658858182212,0.8674348232244995
52,1,0,-y,False,0.9524829429091106,0.0,0.43371741161224975,0.64840870896127,-0.5187655312968609,-0.3040742339478406,0.21469129734902026,0.2608663383078351,0.30270656235244076,0.779631869604696,-0.17285107330441463,0.9049658858182212,0.8674348232244995
52,2,0,y,False,0.9524829429091106,0.0,0.43371741161224975,0.8797450216254106,-0.5187655312968609,-0.07273792128370005,0.4460276100131608,0.2608663383078351,0.5340428750165813,0.779631869604696,-0.17285107330441463,0.9049658858182212,0.8674348232244995
52,2,0,-y,False,0.9524829429091106,0.0,0.43371741161224975,0.64840870896127,-0.5187655312968609,-0.3040742339478406,0.21469129734902026,0.2608663383078351,0.30270656235244076,0.779631869604696,-0.17285107330441463,0.9049658858182212,0.8674348232244995
53,0,0,y,True,0.29336533784549346,0.0,0.9848660664935664,0.3310385057262124,0.691500728648073,0.03767316788071895,-0.653827560767354,0.8120149931891518,-0.014663640882616846,0.12051426454107883,-0.17285107330441463,0.5867306756909869,0.9697321329871329
53,0,0,-y,False,0.29336533784549346,0.0,0.9848660664935664,0.6367999960605317,0.691500728648073,0.34343465821503827,-0.3480660704330347,0.8120149931891518,0.2910978494517025,0.12051426454107883,-0.17285107330441463,0.5867306756909869,0.9697321329871329
53,1,0,y,False,0.29336533784549346,0.0,0.06997420503883234,0.3310385057262124,-0.22339113280666112,0.03767316788071895,0.26106430068738007,-0.10287686826558229,-0.014663640882616846,0.12051426454107883,-0.17285107330441463,0.5867306756909869,0.13994841007766468
53,1,0,-y,False,0.29336533784549346,0.0,0.06997420503883234,0.6367999960605317,-0.22339113280666112,0.34343465821503827,0.5668257910216994,-0.10287686826558229,0.2910978494517025,0.12051426454107883,-0.17285107330441463,0.5867306756909869,0.13994841007766468
53,2,0,y,False,0.29336533784549346,0.0,0.703900609991436,0.3310385057262124,0.41053527214594254,0.03767316788071895,-0.3728621042652236,0.5310495366870214,-0.014663640882616846,0.12051426454107883,-0.17285107330441463,0.5867306756909869,0.407801219982872
53,2,0,-y,False,0.29336533784549346,0.0,0.703900609991436,0.6367999960605317,0.41053527214594254,0.34343465821503827,-0.06710061393090427,0.5310495366870214,0.2910978494517025,0.12051426454107883,-0.17285107330441463,0.5867306756909869,0.407801219982872
54,0,1,y,False,0.5735797369580915,0.0,0.029534996988076045,0.28875334910594574,-0.5440447399700155,-0.28482638785214576,0.2592183521178697,-0.14331607631633858,-0.05694879750288351,0.4007286636536769,-0.17285107330441463,0.147159473916183,0.05906999397615209
54,0,1,-y,False,0.5735797369580915,0.0,0.029534996988076045,0.9989480185907382,-0.5440447399700155,0.4253682816326467,0.9694130216026622,-0.14331607631633858,0.653245871981909,0.4007286636536769,-0.17285107330441463,0.147159473916183,0.05906999397615209
54,1,1,y,True,0.5735797369580915,0.0,0.11398540014805292,0.28875334910594574,-0.4595943368100386,-0.28482638785214576,0.17476794895789283,-0.05886567315636171,-0.05694879750288351,0.4007286636536769,-0.17285107330441463,0.147159473916183,0.22797080029610584
54,1,1,-y,False,0.5735797369580915,0.0,0.11398540014805292,0.9989480185907382,-0.4595943368100386,0.4253682816326467,0.8849626184426853,-0.05886567315636171,0.653245871981909,0.4007286636536769,-0.17285107330441463,0.147159473916183,0.22797080029610584
54,2,1,y,False,0.5735797369580915,0.0,0.41877770953776405,0.28875334910594574,-0.15480202742032745,-0.28482638785214576,-0.1300243604318183,0.24592663623334943,-0.05694879750288351,0.4007286636536769,-0.17285107330441463,0.147159473916183,0.8375554190755281
54,2,1,-y,False,0.5735797369580915,0.0,0.41877770953776405,0.9989480185907382,-0.15480202742032745,0.4253682816326467,0.5801703090529742,0.24592663623334943,0.653245871981909,0.4007286636536769,-0.17285107330441463,0.147159473916183,0.8375554190755281
55,0,0,y,False,0.3689965952556662,0.0,0.53108744061511,0.9573327017129571,0.16209084535944385,0.588336106457291,0.4262452610978471,0.3582363673106954,0.6116305551041279,0.19614552195125157,-0.17285107330441463,0.7379931905113324,0.06217488123022008
55,0,0,-y,True,0.3689965952556662,0.0,0.53108744061511,0.9390256031975355,0.16209084535944385,0.5700290079418693,0.40793816258242543,0.3582363673106954,0.5933234565887062,0.19614552195125157,-0.17285107330441463,0.7379931905113324,0.06217488123022008
55,1,0,y,False,0.3689965952556662,0.0,0.7402059904687377,0.9573327017129571,0.3712093952130715,0.588336106457291,0.21712671124421945,0.5673549171643231,0.6116305551041279,0.19614552195125157,-0.17285107330441463,0.7379931905113324,0.4804119809374754
55,1,0,-y,False,0.3689965952556662,0.0,0.7402059904687377,0.9390256031975355,0.3712093952130715,0.5700290079418693,0.19881961272879778,0.5673549171643231,0.5933234565887062,0.19614552195125157,-0.17285107330441463,0.7379931905113324,0.4804119809374754
55,2,0,y,False,0.3689965952556662,0.0,0.8211518594908682,0.9573327017129571,0.452155264235202,0.588336106457291,0.13618084222208893,0.6483007861864536,0.6116305551041279,0.19614552195125157,-0.17285107330441463,0.7379931905113324,0.6423037189817364
55,2,0,-y,False,0.3689965952556662,0.0,0.8211518594908682,0.9390256031975355,0.452155264235202,0.5700290079418693,0.11787374370666726,0.6483007861864536,0.5933234565887062,0.19614552195125157,-0.17285107330441463,0.7379931905113324,0.6423037189817364
56,0,0,y,False,0.6477537547840342,0.0,0.9906808640824067,0.4989712234374366,0.34292710929837256,-0.14878253134659758,-0.49170964064497014,0.8178297907779921,0.15326907682860735,0.47490268147961956,-0.17285107330441463,0.29550750956806837,0.9813617281648135
56,0,0,-y,True,0.6477537547840342,0.0,0.9906808640824067,0.903824309408634,0.34292710929837256,0.2560705546245998,-0.08685655467377273,0.8178297907779921,0.5581221627998048,0.47490268147961956,-0.17285107330441463,0.29550750956806837,0.9813617281648135
56,1,0,y,False,0.6477537547840342,0.0,0.1469436164956477,0.4989712234374366,-0.5008101382883865,-0.14878253134659758,0.3520276069417889,-0.025907456808766938,0.15326907682860735,0.47490268147961956,-0.17285107330441463,0.29550750956806837,0.2938872329912954
56,1,0,-y,False,0.6477537547840342,0.0,0.1469436164956477,0.903824309408634,-0.5008101382883865,0.2560705546245998,0.7568806929129863,-0.025907456808766938,0.5581221627998048,0.47490268147961956,-0.17285107330441463,0.29550750956806837,0.2938872329912954
56,2,0,y,False,0.6477537547840342,0.0,0.41872821470906274,0.4989712234374366,-0.22902554007497145,-0.14878253134659758,0.08024300872837387,0.24587714140464811,0.15326907682860735,0.47490268147961956,-0.17285107330441463,0.29550750956806837,0.8374564294181255
56,2,0,-y,False,0.6477537547840342,0.0,0.41872821470906274,0.903824309408634,-0.22902554007497145,0.2560705546245998,0.48509609469957127,0.24587714140464811,0.5581221627998048,0.47490268147961956,-0.17285107330441463,0.29550750956806837,0.8374564294181255
57,0,1,y,False,0.47000641768706686,0.0,0.4533071445538326,0.40169630638764886,-0.01669927313323427,-0.068310111299418,-0.051610838166183726,0.28045607124941796,0.05599415977881961,0.29715534438265223,-0.17285107330441463,0.9400128353741337,0.9066142891076652
57,0,1,-y,False,0.47000641768706686,0.0,0.4533071445538326,0.5864996457586926,-0.01669927313323427,0.11649322807162577,0.13319250120486004,0.28045607124941796,0.24079749914986337,0.29715534438265223,-0.17285107330441463,0.9400128353741337,0.9066142891076652
57,1,1,y,True,0.47000641768706686,0.0,0.683735137749224,0.40169630638764886,0.21372872006215715,-0.068310111299418,-0.28203883136157515,0.5108840644448094,0.05599415977881961,0.29715534438265223,-0.17285107330441463,0.9400128353741337,0.367470275498448
57,1,1,-y,False,0.47000641768706686,0.0,0.683735137749224,0.5864996457586926,0.21372872006215715,0.11649322807162577,-0.09723549199053139,0.5108840644448094,0.24079749914986337,0.29715534438265223,-0.17285107330441463,0.9400128353741337,0.367470275498448
57,2,1,y,False,0.47000641768706686,0.0,0.912929773979755,0.40169630638764886,0.4429233562926882,-0.068310111299418,-0.5112334675921062,0.7400787006753404,0.05599415977881961,0.29715534438265223,-0.17285107330441463,0.9400128353741337,0.8258595479595101
57,2,1,-y,False,0.47000641768706686,0.0,0.912929773979755,0.5864996457586926,0.4429233562926882,0.11649322807162577,-0.32643012822106243,0.7400787006753404,0.24079749914986337,0.29715534438265223,-0.17285107330441463,0.9400128353741337,0.8258595479595101
58,0,0,y,True,0.7363046491465148,0.0,0.05794110368471195,0.1813840551607484,-0.6783635454618029,-0.5549205939857664,0.12344295147603646,-0.11490996961970268,-0.16431809144808085,0.5634535758421002,-0.17285107330441463,0.47260929829302967,0.1158822073694239
58,0,0,-y,False,0.7363046491465148,0.0,0.05794110368471195,0.7202393888848064,-0.6783635454618029,-0.016065260261708403,0.6622982852000945,-0.11490996961970268,0.3745372422759772,0.5634535758421002,-0.17285107330441463,0.47260929829302967,0.1158822073694239
58,1,0,y,False,0.7363046491465148,0.0,0.27677882934111153,0.1813840551607484,-0.4595258198054033,-0.5549205939857664,-0.09539477418036313,0.1039277560366969,-0.16431809144808085,0.5634535758421002,-0.17285107330441463,0.47260929829302967,0.5535576586822231
58,1,0,-y,False,0.7363046491465148,0.0,0.27677882934111153,0.7202393888848064,-0.4595258198054033,-0.016065260261708403,0.4434605595436949,0.1039277560366969,0.3745372422759772,0.5634535758421002,-0.17285107330441463,0.47260929829302967,0.5535576586822231
58,2,0,y,False,0.7363046491465148,0.0,0.5886049327408642,0.1813840551607484,-0.1476997164056506,-0.5549205939857664,-0.4072208775801158,0.4157538594364496,-0.16431809144808085,0.5634535758421002,-0.17285107330441463,0.47260929829302967,0.17720986548172846
58,2,0,-y,False,0.7363046491465148,0.0,0.5886049327408642,0.7202393888848064,-0.1476997164056506,-0.016065260261708403,0.1316344561439422,0.4157538594364496,0.3745372422759772,0.5634535758421002,-0.17285107330441463,0.47260929829302967,0.17720986548172846
59,0,0,y,True,0.43264421908840944,0.0,0.01285048505454256,0.8486395614255571,-0.4197937340338669,0.41599534233714763,0.8357890763710145,-0.16000058824987207,0.5029374148167278,0.2597931457839948,-0.17285107330441463,0.8652884381768189,0.02570097010908512
59,0,0,-y,False,0.43264421908840944,0.0,0.01285048505454256,0.9624906969935694,-0.4197937340338669,0.5298464779051599,0.9496402119390268,-0.16000058824987207,0.6167885503847401,0.2597931457839948,-0.17285107330441463,0.8652884381768189,0.02570097010908512
59,1,0,y,False,0.43264421908840944,0.0,0.14517211863611124,0.8486395614255571,-0.2874721004522982,0.41599534233714763,0.7034674427894458,-0.02767895466830339,0.5029374148167278,0.2597931457839948,-0.17285107330441463,0.8652884381768189,0.29034423727222247
59,1,0,-y,False,0.43264421908840944,0.0,0.14517211863611124,0.9624906969935694,-0.2874721004522982,0.5298464779051599,0.8173185783574581,-0.02767895466830339,0.6167885503847401,0.2597931457839948,-0.17285107330441463,0.8652884381768189,0.29034423727222247
59,2,0,y,False,0.43264421908840944,0.0,0.4074161970299457,0.8486395614255571,-0.02522802205846375,0.41599534233714763,0.4412233643956114,0.23456512372553107,0.5029374148167278,0.2597931457839948,-0.17285107330441463,0.8652884381768189,0.8148323940598914
59,2,0,-y,False,0.43264421908840944,0.0,0.4074161970299457,0.9624906969935694,-0.02522802205846375,0.5298464779051599,0.5550744999636237,0.23456512372553107,0.6167885503847401,0.2597931457839948,-0.17285107330441463,0.8652884381768189,0.8148323940598914
60,0,0,y,False,0.9887252823346415,0.0,0.09399554107602626,0.783681751619639,-0.8947297412586153,-0.20504353071500248,0.6896862105436128,-0.07885553222838837,0.4379796050108098,0.8158742090302269,-0.17285107330441463,0.977450564669283,0.1879910821520525
60,0,0,-y,True,0.9887252823346415,0.0,0.09399554107602626,0.8522353588197689,-0.8947297412586153,-0.13648992351487266,0.7582398177437426,-0.07885553222838837,0.5065332122109396,0.8158742090302269,-0.17285107330441463,0.977450564669283,0.1879910821520525
60,1,0,y,False,0.9887252823346415,0.0,0.1475368092838636,0.783681751619639,-0.8411884730507779,-0.20504353071500248,0.6361449423357755,-0.025314264020551036,0.4379796050108098,0.8158742090302269,-0.17285107330441463,0.977450564669283,0.2950736185677272
60,1,0,-y,False,0.9887252823346415,0.0,0.1475368092838636,0.8522353588197689,-0.8411884730507779,-0.13648992351487266,0.7046985495359053,-0.025314264020551036,0.5065332122109396,0.8158742090302269,-0.17285107330441463,0.977450564669283,0.2950736185677272
60,2,0,y,False,0.9887252823346415,0.0,0.3541492835932303,0.783681751619639,-0.6345759987414112,-0.20504353071500248,0.42953246802640876,0.18129821028881565,0.4379796050108098,0.8158742090302269,-0.17285107330441463,0.977450564669283,0.7082985671864606
60,2,0,-y,False,0.9887252823346415,0.0,0.3541492835932303,0.8522353588197689,-0.6345759987414112,-0.13648992351487266,0.4980860752265386,0.18129821028881565,0.5065332122109396,0.8158742090302269,-0.17285107330441463,0.977450564669283,0.7082985671864606
61,0,1,y,False,0.15323236449636468,0.0,0.2750346549256051,0.7356601769145499,0.1218022904292404,0.5824278124181852,0.4606255219889448,0.10218358162119046,0.3899580303057206,-0.019618708808049945,-0.17285107330441463,0.30646472899272936,0.5500693098512102
61,0,1,-y,False,0.15323236449636468,0.0,0.2750346549256051,0.8627203282272546,0.1218022904292404,0.70948796373089,0.5876856733016496,0.10218358162119046,0.5170181816184254,-0.019618708808049945,-0.17285107330441463,0.30646472899272936,0.5500693098512102
61,1,1,y,False,0.15323236449636468,0.0,0.10122340967292587,0.7356601769145499,-0.05200895482343881,0.5824278124181852,0.634436767241624,-0.07162766363148876,0.3899580303057206,-0.019618708808049945,-0.17285107330441463,0.30646472899272936,0.20244681934585174
61,1,1,-y,True,0.15323236449636468,0.0,0.10122340967292587,0.8627203282272546,-0.05200895482343881,0.70948796373089,0.7614969185543288,-0.07162766363148876,0.5170181816184254,-0.019618708808049945,-0.17285107330441463,0.30646472899272936,0.20244681934585174
61,2,1,y,False,0.15323236449636468,0.0,0.731769913376823,0.7356601769145499,0.5785375488804583,0.5824278124181852,0.0038902635377269235,0.5589188400724083,0.3899580303057206,-0.019618708808049945,-0.17285107330441463,0.30646472899272936,0.4635398267536459
61,2,1,-y,False,0.15323236449636468,0.0,0.731769913376823,0.8627203282272546,0.5785375488804583,0.70948796373089,0.13095041485043168,0.5589188400724083,0.5170181816184254,-0.019618708808049945,-0.17285107330441463,0.30646472899272936,0.4635398267536459
62,0,0,y,False,0.8806368491046612,0.0,0.5667642499598031,0.8029702172452033,-0.3138725991448581,-0.07766663185945788,0.23620596728540022,0.3939131766553885,0.4572680706363741,0.7077857758002466,-0.17285107330441463,0.7612736982093224,0.13352849991960625
62,0,0,-y,True,0.8806368491046612,0.0,0.5667642499598031,0.9675857168281539,-0.3138725991448581,0.08694886772349264,0.40082146686835074,0.3939131766553885,0.6218835702193246,0.7077857758002466,-0.17285107330441463,0.7612736982093224,0.13352849991960625
62,1,0,y,False,0.8806368491046612,0.0,0.6851840347743945,0.8029702172452033,-0.19545281433026673,-0.07766663185945788,0.11778618247080885,0.5123329614699799,0.4572680706363741,0.7077857758002466,-0.17285107330441463,0.7612736982093224,0.370368069548789
62,1,0,-y,False,0.8806368491046612,0.0,0.6851840347743945,0.9675857168281539,-0.19545281433026673,0.08694886772349264,0.2824016820537594,0.5123329614699799,0.6218835702193246,0.7077857758002466,-0.17285107330441463,0.7612736982093224,0.370368069548789
62,2,0,y,False,0.8806368491046612,0.0,0.7440446224280066,0.8029702172452033,-0.1365922266766546,-0.07766663185945788,0.058925594817196725,0.571193549123592,0.4572680706363741,0.7077857758002466,-0.17285107330441463,0.7612736982093224,0.48808924485601324
62,2,0,-y,False,0.8806368491046612,0.0,0.7440446224280066,0.9675857168281539,-0.1365922266766546,0.08694886772349264,0.22354109440014724,0.571193549123592,0.6218835702193246,0.7077857758002466,-0.17285107330441463,0.7612736982093224,0.48808924485601324
63,0,1,y,False,0.48177253283853005,0.0,0.24730338640110006,0.2467858781844967,-0.23446914643743,-0.23498665465403334,-0.0005175082166033462,0.07445231309668543,-0.09891626842433254,0.30892145953411543,-0.17285107330441463,0.9635450656770601,0.4946067728022001
63,0,1,-y,False,0.48177253283853005,0.0,0.24730338640110006,0.6870533855326215,-0.23446914643743,0.20528085269409146,0.43974999913152146,0.07445231309668543,0.34135123892379227,0.30892145953411543,-0.17285107330441463,0.9635450656770601,0.4946067728022001
63,1,1,y,True,0.48177253283853005,0.0,0.33566444704520393,0.2467858781844967,-0.14610808579332613,-0.23498665465403334,-0.08887856886070722,0.1628133737407893,-0.09891626842433254,0.30892145953411543,-0.17285107330441463,0.9635450656770601,0.6713288940904079
63,1,1,-y,False,0.48177253283853005,0.0,0.33566444704520393,0.6870533855326215,-0.14610808579332613,0.20528085269409146,0.3513889384874176,0.1628133737407893,0.34135123892379227,0.30892145953411543,-0.17285107330441463,0.9635450656770601,0.6713288940904079
63,2,1,y,False,0.48177253283853005,0.0,0.5196487409548922,0.2467858781844967,0.037876208116362164,-0.23498665465403334,-0.2728628627703955,0.3467976676504776,-0.09891626842433254,0.30892145953411543,-0.17285107330441463,0.9635450656770601,0.03929748190978444
63,2,1,-y,False,0.48177253283853005,0.0,0.5196487409548922,0.6870533855326215,0.037876208116362164,0.20528085269409146,0.1674046445777293,0.3467976676504776,0.34135123892379227,0.30892145953411543,-0.17285107330441463,0.9635450656770601,0.03929748190978444
64,0,0,y,False,0.9742420415185755,0.0,0.0010680952781569886,0.7249650596703958,-0.9731739462404185,-0.2492769818481797,0.7238969643922388,-0.17178297802625764,0.37926291306156656,0.8013909682141609,-0.17285107330441463,0.948484083037151,0.002136190556313977
64,0,0,-y,True,0.9742420415185755,0.0,0.0010680952781569886,0.17130685104945087,-0.9731739462404185,-0.8029351904691246,0.17023875577129388,-0.17178297802625764,-0.17439529555937838,0.8013909682141609,-0.17285107330441463,0.948484083037151,0.002136190556313977
64,1,0,y,False,0.9742420415185755,0.0,0.4462228531009913,0.7249650596703958,-0.5280191884175842,-0.2492769818481797,0.2787422065694045,0.2733717797965767,0.37926291306156656,0.8013909682141609,-0.17285107330441463,0.948484083037151,0.8924457062019826
64,1,0,-y,False,0.9742420415185755,0.0,0.4462228531009913,0.17130685104945087,-0.5280191884175842,-0.8029351904691246,-0.27491600205154043,0.2733717797965767,-0.17439529555937838,0.8013909682141609,-0.17285107330441463,0.948484083037151,0.8924457062019826
64,2,0,y,False,0.9742420415185755,0.0,0.4604550183655505,0.7249650596703958,-0.513787023153025,-0.2492769818481797,0.26451004130484534,0.28760394506113585,0.37926291306156656,0.8013909682141609,-0.17285107330441463,0.948484083037151,0.920910036731101
64,2,0,-y,False,0.9742420415185755,0.0,0.4604550183655505,0.17130685104945087,-0.513787023153025,-0.8029351904691246,-0.2891481673160996,0.28760394506113585,-0.17439529555937838,0.8013909682141609,-0.17285107330441463,0.948484083037151,0.920910036731101
65,0,1,y,False,0.36433688663671404,0.0,0.6184658462800883,0.416072352779139,0.25412895964337423,0.05173546614242497,-0.20239349350094926,0.44561477297567365,0.07037020617030976,0.19148581333229941,-0.17285107330441463,0.7286737732734281,0.23693169256017654
65,0,1,-y,False,0.36433688663671404,0.0,0.6184658462800883,0.9149080381420447,0.25412895964337423,0.5505711515053306,0.2964421918619564,0.44561477297567365,0.5692058915332154,0.19148581333229941,-0.17285107330441463,0.7286737732734281,0.23693169256017654
65,1,1,y,False,0.36433688663671404,0.0,0.7944186425839774,0.416072352779139,0.4300817559472634,0.05173546614242497,-0.3783462898048384,0.6215675692795628,0.07037020617030976,0.19148581333229941,-0.17285107330441463,0.7286737732734281,0.5888372851679549
65,1,1,-y,True,0.36433688663671404,0.0,0.7944186425839774,0.9149080381420447,0.4300817559472634,0.5505711515053306,0.12048939555806726,0.6215675692795628,0.5692058915332154,0.19148581333229941,-0.17285107330441463,0.7286737732734281,0.5888372851679549
65,2,1,y,False,0.36433688663671404,0.0,0.8162905753703029,0.416072352779139,0.4519536887335889,0.05173546614242497,-0.4002182225911639,0.6434395020658883,0.07037020617030976,0.19148581333229941,-0.17285107330441463,0.7286737732734281,0.6325811507406058
65,2,1,-y,False,0.36433688663671404,0.0,0.8162905753703029,0.9149080381420447,0.4519536887335889,0.5505711515053306,0.09861746277174177,0.6434395020658883,0.5692058915332154,0.19148581333229941,-0.17285107330441463,0.7286737732734281,0.6325811507406058
66,0,0,y,True,0.6645427019877133,0.0,0.15084607859627397,0.4730049528609186,-0.5136966233914393,-0.19153774912679467,0.3221588742646446,-0.022004994708140657,0.12730280625208934,0.49169162868329863,-0.17285107330441463,0.3290854039754265,0.30169215719254794
66,0,0,-y,False,0.6645427019877133,0.0,0.15084607859627397,0.5260211461107929,-0.5136966233914393,-0.1385215558769204,0.3751750675145189,-0.022004994708140657,0.18031899950196362,0.49169162868329863,-0.17285107330441463,0.3290854039754265,0.30169215719254794
66,1,0,y,False,0.6645427019877133,0.0,0.19661876767469266,0.4730049528609186,-0.4679239343130206,-0.19153774912679467,0.27638618518622593,0.023767694370278036,0.12730280625208934,0.49169162868329863,-0.17285107330441463,0.3290854039754265,0.3932375353493853
66,1,0,-y,False,0.6645427019877133,0.0,0.19661876767469266,0.5260211461107929,-0.4679239343130206,-0.1385215558769204,0.3294023784361002,0.023767694370278036,0.18031899950196362,0.49169162868329863,-0.17285107330441463,0.3290854039754265,0.3932375353493853
66,2,0,y,False,0.6645427019877133,0.0,0.2700500326582471,0.4730049528609186,-0.39449266932946614,-0.19153774912679467,0.20295492020267147,0.09719895935383249,0.12730280625208934,0.49169162868329863,-0.17285107330441463,0.3290854039754265,0.5401000653164942
66,2,0,-y,False,0.6645427019877133,0.0,0.2700500326582471,0.5260211461107929,-0.39449266932946614,-0.1385215558769204,0.25597111345254575,0.09719895935383249,0.18031899950196362,0.49169162868329863,-0.17285107330441463,0.3290854039754265,0.5401000653164942
67,0,0,y,True,0.42313104481204533,0.0,0.09005132031677476,0.9542808107796361,-0.33307972449527057,0.5311497659675908,0.8642294904628613,-0.08279975298763986,0.6085786641708069,0.2502799715076307,-0.17285107330441463,0.8462620896240907,0.18010264063354953
67,0,0,-y,False,0.42313104481204533,0.0,0.09005132031677476,0.9873497668147877,-0.33307972449527057,0.5642187220027424,0.8972984464980129,-0.08279975298763986,0.6416476202059584,0.2502799715076307,-0.17285107330441463,0.8462620896240907,0.18010264063354953
67,1,0,y,False,0.42313104481204533,0.0,0.35277093049838015,0.9542808107796361,-0.07036011431366518,0.5311497659675908,0.601509880281256,0.17991985719396553,0.6085786641708069,0.2502799715076307,-0.17285107330441463,0.8462620896240907,0.7055418609967603
67,1,0,-y,False,0.42313104481204533,0.0,0.35277093049838015,0.9873497668147877,-0.07036011431366518,0.5642187220027424,0.6345788363164075,0.17991985719396553,0.6416476202059584,0.2502799715076307,-0.17285107330441463,0.8462620896240907,0.7055418609967603
67,2,0,y,False,0.42313104481204533,0.0,0.5303702128886414,0.9542808107796361,0.10723916807659606,0.5311497659675908,0.4239105978909947,0.35751913958422676,0.6085786641708069,0.2502799715076307,-0.17285107330441463,0.8462620896240907,0.06074042577728278
67,2,0,-y,False,0.42313104481204533,0.0,0.5303702128886414,0.9873497668147877,0.10723916807659606,0.5642187220027424,0.4569795539261463,0.35751913958422676,0.6416476202059584,0.2502799715076307,-0.17285107330441463,0.8462620896240907,0.06074042577728278
68,0,0,y,True,0.7876990635318819,0.0,0.49719298774162723,0.9806568084065219,-0.29050607579025467,0.19295774487464,0.4834638206648947,0.3243419144372126,0.6349546617976927,0.6148479902274673,-0.17285107330441463,0.5753981270637638,0.9943859754832545
68,0,0,-y,False,0.7876990635318819,0.0,0.49719298774162723,0.9547165866984813,-0.29050607579025467,0.16701752316659935,0.457523598956854,0.3243419144372126,0.609014440089652,0.6148479902274673,-0.17285107330441463,0.5753981270637638,0.9943859754832545
68,1,0,y,False,0.7876990635318819,0.0,0.5775597537404735,0.9806568084065219,-0.21013930979140838,0.19295774487464,0.4030970546660484,0.4047086804360589,0.6349546617976927,0.6148479902274673,-0.17285107330441463,0.5753981270637638,0.15511950748094705
68,1,0,-y,False,0.7876990635318819,0.0,0.5775597537404735,0.9547165866984813,-0.21013930979140838,0.16701752316659935,0.3771568329580077,0.4047086804360589,0.609014440089652,0.6148479902274673,-0.17285107330441463,0.5753981270637638,0.15511950748094705
68,2,0,y,False,0.7876990635318819,0.0,0.7791791208889833,0.9806568084065219,-0.00851994264289857,0.19295774487464,0.20147768751753858,0.6063280475845687,0.6349546617976927,0.6148479902274673,-0.17285107330441463,0.5753981270637638,0.5583582417779667
68,2,0,-y,False,0.7876990635318819,0.0,0.7791791208889833,0.9547165866984813,-0.00851994264289857,0.16701752316659935,0.17553746580949792,0.6063280475845687,0.609014440089652,0.6148479902274673,-0.17285107330441463,0.5753981270637638,0.5583582417779667
69,0,1,y,False,0.005178786855658757,0.0,0.08837688381055386,0.8598395749569647,0.0831980969548951,0.854660788101306,0.7714626911464109,-0.08447418949386076,0.5141374283481355,-0.16767228644875587,-0.17285107330441463,0.010357573711317514,0.17675376762110773
69,0,1,-y,False,0.005178786855658757,0.0,0.08837688381055386,0.7492464608247644,0.0831980969548951,0.7440676739691057,0.6608695770142106,-0.08447418949386076,0.4035443142159352,-0.16767228644875587,-0.17285107330441463,0.010357573711317514,0.17675376762110773
69,1,1,y,True,0.005178786855658757,0.0,0.12083068724714963,0.8598395749569647,0.11565190039149087,0.854660788101306,0.7390088877098151,-0.052020386057265,0.5141374283481355,-0.16767228644875587,-0.17285107330441463,0.010357573711317514,0.24166137449429925
69,1,1,-y,False,0.005178786855658757,0.0,0.12083068724714963,0.7492464608247644,0.11565190039149087,0.7440676739691057,0.6284157735776148,-0.052020386057265,0.4035443142159352,-0.16767228644875587,-0.17285107330441463,0.010357573711317514,0.24166137449429925
69,2,1,y,False,0.005178786855658757,0.0,0.3773620669133635,0.8598395749569647,0.37218328005770474,0.854660788101306,0.48247750804360123,0.20451099360894887,0.5141374283481355,-0.16767228644875587,-0.17285107330441463,0.010357573711317514,0.754724133826727
69,2,1,-y,False,0.005178786855658757,0.0,0.3773620669133635,0.7492464608247644,0.37218328005770474,0.7440676739691057,0.37188439391140093,0.20451099360894887,0.4035443142159352,-0.16767228644875587,-0.17285107330441463,0.010357573711317514,0.754724133826727
70,0,2,y,False,0.858598208231804,0.0,0.8344400605648445,0.8747464635017934,-0.02415814766695945,0.01614825526998942,0.04030640293694887,0.6615889872604299,0.5290443168929642,0.6857471349273894,-0.17285107330441463,0.717196416463608,0.6688801211296891
70,0,2,-y,False,0.858598208231804,0.0,0.8344400605648445,0.675357639615072,-0.02415814766695945,-0.183240568616732,-0.15908242094977254,0.6615889872604299,0.32965549300624275,0.6857471349273894,-0.17285107330441463,0.717196416463608,0.6688801211296891
70,1,2,y,False,0.858598208231804,0.0,0.9561397353958512,0.8747464635017934,0.09754152716404718,0.01614825526998942,-0.08139327189405776,0.7832886620914365,0.5290443168929642,0.6857471349273894,-0.17285107330441463,0.717196416463608,0.9122794707917024
70,1,2,-y,False,0.858598208231804,0.0,0.9561397353958512,0.675357639615072,0.09754152716404718,-0.183240568616732,-0.2807820957807792,0.7832886620914365,0.32965549300624275,0.6857471349273894,-0.17285107330441463,0.717196416463608,0.9122794707917024
70,2,2,y,True,0.858598208231804,0.0,0.5894600554160832,0.8747464635017934,-0.26913815281572084,0.01614825526998942,0.28528640808571026,0.4166089821116685,0.5290443168929642,0.6857471349273894,-0.17285107330441463,0.717196416463608,0.1789201108321663
70,2,2,-y,False,0.858598208231804,0.0,0.5894600554160832,0.675357639615072,-0.26913815281572084,-0.183240568616732,0.08589758419898885,0.4166089821116685,0.32965549300624275,0.6857471349273894,-0.17285107330441463,0.717196416463608,0.1789201108321663
75,0,1,y,False,0.12739913820881554,0.0,0.29725091866178843,0.32851415848132604,0.1698517804529729,0.2011150202725105,0.0312632398195376,0.1243998453573738,-0.017187988127503218,-0.04545193509559908,-0.17285107330441463,0.2547982764176311,0.5945018373235769
75,0,1,-y,False,0.12739913820881554,0.0,0.29725091866178843,0.6384474247802387,0.1698517804529729,0.5110482865714232,0.3411965061184503,0.1243998453573738,0.2927452781714095,-0.04545193509559908,-0.17285107330441463,0.2547982764176311,0.5945018373235769
75,1,1,y,False,0.12739913820881554,0.0,0.4190933127217562,0.32851415848132604,0.29169417451294066,0.2011150202725105,-0.09057915424043017,0.24624223941734158,-0.017187988127503218,-0.04545193509559908,-0.17285107330441463,0.2547982764176311,0.8381866254435124
75,1,1,-y,True,0.12739913820881554,0.0,0.4190933127217562,0.6384474247802387,0.29169417451294066,0.5110482865714232,0.21935411205848254,0.24624223941734158,0.2927452781714095,-0.04545193509559908,-0.17285107330441463,0.2547982764176311,0.8381866254435124
75,2,1,y,False,0.12739913820881554,0.0,0.43777627563909505,0.32851415848132604,0.3103771374302795,0.2011150202725105,-0.10926211715776901,0.2649252023346804,-0.017187988127503218,-0.04545193509559908,-0.17285107330441463,0.2547982764176311,0.8755525512781901
75,2,1,-y,False,0.12739913820881554,0.0,0.43777627563909505,0.6384474247802387,0.3103771374302795,0.5110482865714232,0.2006711491411437,0.2649252023346804,0.2927452781714095,-0.04545193509559908,-0.17285107330441463,0.2547982764176311,0.8755525512781901
80,0,0,y,True,0.9354997212253977,0.0,0.48904736083581213,0.31000798734244484,-0.4464523603895856,-0.6254917338829529,-0.1790393734933673,0.3161962875313975,-0.03569415926638442,0.7626486479209831,-0.17285107330441463,0.8709994424507954,0.9780947216716243
80,0,0,-y,False,0.9354997212253977,0.0,0.48904736083581213,0.6502398853152584,-0.4464523603895856,-0.28525983591013926,0.16119252447944632,0.3161962875313975,0.3045377387064292,0.7626486479209831,-0.17285107330441463,0.8709994424507954,0.9780947216716243
80,1,0,y,False,0.9354997212253977,0.0,0.7584134626535501,0.31000798734244484,-0.17708625857184757,-0.6254917338829529,-0.4484054753111053,0.5855623893491355,-0.03569415926638442,0.7626486479209831,-0.17285107330441463,0.8709994424507954,0.5168269253071003
80,1,0,-y,False,0.9354997212253977,0.0,0.7584134626535501,0.6502398853152584,-0.17708625857184757,-0.28525983591013926,-0.1081735773382917,0.5855623893491355,0.3045377387064292,0.7626486479209831,-0.17285107330441463,0.8709994424507954,0.5168269253071003
80,2,0,y,False,0.9354997212253977,0.0,0.8319063964283941,0.31000798734244484,-0.10359332479700356,-0.6254917338829529,-0.5218984090859493,0.6590553231239795,-0.03569415926638442,0.7626486479209831,-0.17285107330441463,0.8709994424507954,0.6638127928567883
80,2,0,-y,False,0.9354997212253977,0.0,0.8319063964283941,0.6502398853152584,-0.10359332479700356,-0.28525983591013926,-0.1816665111131357,0.6590553231239795,0.3045377387064292,0.7626486479209831,-0.17285107330441463,0.8709994424507954,0.6638127928567883
85,0,0,y,True,0.062391533829135426,0.0,0.6921450651869492,0.9042336345229955,0.6297535313578138,0.8418421006938601,0.21208856933604636,0.5192939918825346,0.5585314879141663,-0.1104595394752792,-0.17285107330441463,0.12478306765827085,0.38429013037389836
85,0,0,-y,False,0.062391533829135426,0.0,0.6921450651869492,0.9593994301859254,0.6297535313578138,0.89700789635679,0.26725436499897626,0.5192939918825346,0.6136972835770962,-0.1104595394752792,-0.17285107330441463,0.12478306765827085,0.38429013037389836
85,1,0,y,False,0.062391533829135426,0.0,0.8110995206595817,0.9042336345229955,0.7487079868304463,0.8418421006938601,0.09313411386341386,0.6382484473551671,0.5585314879141663,-0.1104595394752792,-0.17285107330441463,0.12478306765827085,0.6221990413191634
85,1,0,-y,False,0.062391533829135426,0.0,0.8110995206595817,0.9593994301859254,0.7487079868304463,0.89700789635679,0.14829990952634375,0.6382484473551671,0.6136972835770962,-0.1104595394752792,-0.17285107330441463,0.12478306765827085,0.6221990413191634
85,2,0,y,False,0.062391533829135426,0.0,0.6830649954302714,0.9042336345229955,0.620673461601136,0.8418421006938601,0.2211686390927241,0.5102139221258568,0.5585314879141663,-0.1104595394752792,-0.17285107330441463,0.12478306765827085,0.3661299908605429
85,2,0,-y,False,0.062391533829135426,0.0,0.6830649954302714,0.9593994301859254,0.620673461601136,0.89700789635679,0.276334434755654,0.5102139221258568,0.6136972835770962,-0.1104595394752792,-0.17285107330441463,0.12478306765827085,0.3661299908605429
90,0,2,y,False,0.7439228855916156,0.0,0.10355514831557855,0.22736201203791495,-0.640367737276037,-0.5165608735537006,0.1238068637223364,-0.06929592498883608,-0.1183401345709143,0.5710718122872009,-0.17285107330441463,0.48784577118323114,0.2071102966311571
90,0,2,-y,False,0.7439228855916156,0.0,0.10355514831557855,0.697388594370949,-0.640367737276037,-0.046534291220666546,0.5938334460553705,-0.06929592498883608,0.35168644776211977,0.5710718122872009,-0.17285107330441463,0.48784577118323114,0.2071102966311571
90,1,2,y,False,0.7439228855916156,0.0,0.24511210478182477,0.22736201203791495,-0.4988107808097908,-0.5165608735537006,-0.017750092743909818,0.07226103147741014,-0.1183401345709143,0.5710718122872009,-0.17285107330441463,0.48784577118323114,0.49022420956364954
90,1,2,-y,False,0.7439228855916156,0.0,0.24511210478182477,0.697388594370949,-0.4988107808097908,-0.046534291220666546,0.45227648958912425,0.07226103147741014,0.35168644776211977,0.5710718122872009,-0.17285107330441463,0.48784577118323114,0.49022420956364954
90,2,2,y,False,0.7439228855916156,0.0,0.2635167329202801,0.22736201203791495,-0.48040615267133546,-0.5165608735537006,-0.036154720882365154,0.09066565961586548,-0.1183401345709143,0.5710718122872009,-0.17285107330441463,0.48784577118323114,0.5270334658405602
90,2,2,-y,True,0.7439228855916156,0.0,0.2635167329202801,0.697388594370949,-0.48040615267133546,-0.046534291220666546,0.4338718614506689,0.09066565961586548,0.35168644776211977,0.5710718122872009,-0.17285107330441463,0.48784577118323114,0.5270334658405602
95,0,1,y,False,0.18297232004541542,0.0,0.360737652953361,0.6503450122484651,0.1777653329079456,0.46737269220304967,0.28960735929510406,0.1878865796489464,0.30464286563963583,0.010121246741000789,-0.17285107330441463,0.36594464009083083,0.721475305906722
95,0,1,-y,False,0.18297232004541542,0.0,0.360737652953361,0.30983947318922844,0.1777653329079456,0.12686715314381303,-0.05089817976413258,0.1878865796489464,-0.03586267341960081,0.010121246741000789,-0.17285107330441463,0.36594464009083083,0.721475305906722
95,1,1,y,True,0.18297232004541542,0.0,0.6167040052460919,0.6503450122484651,0.4337316852006765,0.46737269220304967,0.03364100700237316,0.4438529319416773,0.30464286563963583,0.010121246741000789,-0.17285107330441463,0.36594464009083083,0.23340801049218385
95,1,1,-y,False,0.18297232004541542,0.0,0.6167040052460919,0.30983947318922844,0.4337316852006765,0.12686715314381303,-0.3068645320568635,0.4438529319416773,-0.03586267341960081,0.010121246741000789,-0.17285107330441463,0.36594464009083083,0.23340801049218385
95,2,1,y,False,0.18297232004541542,0.0,0.999984702765687,0.6503450122484651,0.8170123827202715,0.46737269220304967,-0.3496396905172219,0.8271336294612723,0.30464286563963583,0.010121246741000789,-0.17285107330441463,0.36594464009083083,0.9999694055313739
95,2,1,-y,False,0.18297232004541542,0.0,0.999984702765687,0.30983947318922844,0.8170123827202715,0.12686715314381303,-0.6901452295764585,0.8271336294612723,-0.03586267341960081,0.010121246741000789,-0.17285107330441463,0.36594464009083083,0.9999694055313739
100,0,2,y,False,0.7269887290440309,0.0,0.5553341884143492,0.4574405603015066,-0.17165454062968166,-0.2695481687425243,-0.09789362811284263,0.3824831151099346,0.11173841369267734,0.5541376557396163,-0.17285107330441463,0.4539774580880618,0.11066837682869846
100,0,2,-y,False,0.7269887290440309,0.0,0.5553341884143492,0.5401877183349058,-0.17165454062968166,-0.18680101070912514,-0.015146470079443475,0.3824831151099346,0.1944855717260765,0.5541376557396163,-0.17285107330441463,0.4539774580880618,0.11066837682869846
100,1,2,y,False,0.7269887290440309,0.0,0.6777654092450547,0.4574405603015066,-0.049223319798976206,-0.2695481687425243,-0.2203248489435481,0.5049143359406401,0.11173841369267734,0.5541376557396163,-0.17285107330441463,0.4539774580880618,0.35553081849010937
100,1,2,-y,False,0.7269887290440309,0.0,0.6777654092450547,0.5401877183349058,-0.049223319798976206,-0.18680101070912514,-0.13757769091014893,0.5049143359406401,0.1944855717260765,0.5541376557396163,-0.17285107330441463,0.4539774580880618,0.35553081849010937
100,2,2,y,False,0.7269887290440309,0.0,0.8572064719053003,0.4574405603015066,0.13021774286126941,-0.2695481687425243,-0.3997659116037937,0.6843553986008857,0.11173841369267734,0.5541376557396163,-0.17285107330441463,0.4539774580880618,0.7144129438106006
100,2,2,-y,True,0.7269887290440309,0.0,0.8572064719053003,0.5401877183349058,0.13021774286126941,-0.18680101070912514,-0.31701875357039455,0.6843553986008857,0.1944855717260765,0.5541376557396163,-0.17285107330441463,0.4539774580880618,0.7144129438106006
105,0,1,y,False,0.25997922669057516,0.0,0.3957389697267786,0.1647584376257072,0.13575974303620342,-0.09522078906486797,-0.2309805321010714,0.22288789642236395,-0.18094370898312206,0.08712815338616053,-0.17285107330441463,0.5199584533811503,0.7914779394535572
105,0,1,-y,False,0.25997922669057516,0.0,0.3957389697267786,0.9856959883882155,0.13575974303620342,0.7257167616976403,0.5899570186614369,0.22288789642236395,0.6399938417793862,0.08712815338616053,-0.17285107330441463,0.5199584533811503,0.7914779394535572
105,1,1,y,True,0.25997922669057516,0.0,0.7809990505204638,0.1647584376257072,0.5210198238298887,-0.09522078906486797,-0.6162406128947566,0.6081479772160492,-0.18094370898312206,0.08712815338616053,-0.17285107330441463,0.5199584533811503,0.5619981010409276
105,1,1,-y,False,0.25997922669057516,0.0,0.7809990505204638,0.9856959883882155,0.5210198238298887,0.7257167616976403,0.20469693786775167,0.6081479772160492,0.6399938417793862,0.08712815338616053,-0.17285107330441463,0.5199584533811503,0.5619981010409276
105,2,1,y,False,0.25997922669057516,0.0,0.864836937775209,0.1647584376257072,0.6048577110846338,-0.09522078906486797,-0.7000785001495018,0.6919858644707944,-0.18094370898312206,0.08712815338616053,-0.17285107330441463,0.5199584533811503,0.729673875550418
105,2,1,-y,False,0.25997922669057516,0.0,0.864836937775209,0.9856959883882155,0.6048577110846338,0.7257167616976403,0.1208590506130065,0.6919858644707944,0.6399938417793862,0.08712815338616053,-0.17285107330441463,0.5199584533811503,0.729673875550418
110,0,0,y,True,0.8741404792488723,0.0,0.6308771962006432,0.7766682827098634,-0.24326328304822908,-0.09747219653900885,0.14579108650922024,0.45802612289622857,0.4309661361010342,0.7012894059444577,-0.17285107330441463,0.7482809584977446,0.2617543924012864
110,0,0,-y,False,0.8741404792488723,0.0,0.6308771962006432,0.991682228795085,-0.24326328304822908,0.11754174954621277,0.36080503259444185,0.45802612289622857,0.6459800821862558,0.7012894059444577,-0.17285107330441463,0.7482809584977446,0.2617543924012864
110,1,0,y,False,0.8741404792488723,0.0,0.03538836779937071,0.7766682827098634,-0.8387521114495016,-0.09747219653900885,0.7412799149104927,-0.13746270550504391,0.4309661361010342,0.7012894059444577,-0.17285107330441463,0.7482809584977446,0.07077673559874142
110,1,0,-y,False,0.8741404792488723,0.0,0.03538836779937071,0.991682228795085,-0.8387521114495016,0.11754174954621277,0.9562938609957143,-0.13746270550504391,0.6459800821862558,0.7012894059444577,-0.17285107330441463,0.7482809584977446,0.07077673559874142
110,2,0,y,False,0.8741404792488723,0.0,0.7426750347339208,0.7766682827098634,-0.13146544451495146,-0.09747219653900885,0.03399324797594261,0.5698239614295062,0.4309661361010342,0.7012894059444577,-0.17285107330441463,0.7482809584977446,0.48535006946784165
110,2,0,-y,False,0.8741404792488723,0.0,0.7426750347339208,0.991682228795085,-0.13146544451495146,0.11754174954621277,0.24900719406116423,0.5698239614295062,0.6459800821862558,0.7012894059444577,-0.17285107330441463,0.7482809584977446,0.48535006946784165
115,0,0,y,True,0.29963148397559536,0.0,0.09317618289269092,0.342824841829966,-0.20645530108290444,0.04319335785437062,0.24964865893727506,-0.07967489041172371,-0.0028773047788632766,0.12678041067118073,-0.17285107330441463,0.5992629679511907,0.18635236578538183
115,0,0,-y,False,0.29963148397559536,0.0,0.09317618289269092,0.6289801751480866,-0.20645530108290444,0.3293486911724912,0.5358039922553957,-0.07967489041172371,0.2832780285392573,0.12678041067118073,-0.17285107330441463,0.5992629679511907,0.18635236578538183
115,1,0,y,False,0.29963148397559536,0.0,0.9070950133572069,0.342824841829966,0.6074635293816115,0.04319335785437062,-0.5642701715272409,0.7342439400527923,-0.0028773047788632766,0.12678041067118073,-0.17285107330441463,0.5992629679511907,0.8141900267144138
115,1,0,-y,False,0.29963148397559536,0.0,0.9070950133572069,0.6289801751480866,0.6074635293816115,0.3293486911724912,-0.2781148382091203,0.7342439400527923,0.2832780285392573,0.12678041067118073,-0.17285107330441463,0.5992629679511907,0.8141900267144138
115,2,0,y,False,0.29963148397559536,0.0,0.8711099470551602,0.342824841829966,0.5714784630795648,0.04319335785437062,-0.5282851052251942,0.6982588737507456,-0.0028773047788632766,0.12678041067118073,-0.17285107330441463,0.5992629679511907,0.7422198941103204
115,2,0,-y,False,0.29963148397559536,0.0,0.8711099470551602,0.6289801751480866,0.5714784630795648,0.3293486911724912,-0.24212977190707363,0.6982588737507456,0.2832780285392573,0.12678041067118073,-0.17285107330441463,0.5992629679511907,0.7422198941103204
120,0,2,y,False,0.7340436638470322,0.0,0.1795797309612226,0.867019692567979,-0.5544639328858096,0.13297602872094672,0.6874399616067564,0.006728657656807968,0.5213175459591497,0.5611925905426176,-0.17285107330441463,0.46808732769406447,0.3591594619224452
120,0,2,-y,False,0.7340436638470322,0.0,0.1795797309612226,0.714790086450293,-0.5544639328858096,-0.019253577396739274,0.5352103554890704,0.006728657656807968,0.3690879398414637,0.5611925905426176,-0.17285107330441463,0.46808732769406447,0.3591594619224452
120,1,2,y,False,0.7340436638470322,0.0,0.42307362883953203,0.867019692567979,-0.3109700350075002,0.13297602872094672,0.4439460637284469,0.2502225555351174,0.5213175459591497,0.5611925905426176,-0.17285107330441463,0.46808732769406447,0.8461472576790641
120,1,2,-y,False,0.7340436638470322,0.0,0.42307362883953203,0.714790086450293,-0.3109700350075002,-0.019253577396739274,0.2917164576107609,0.2502225555351174,0.3690879398414637,0.5611925905426176,-0.17285107330441463,0.46808732769406447,0.8461472576790641
120,2,2,y,False,0.7340436638470322,0.0,0.8457463067483104,0.867019692567979,0.11170264290127818,0.13297602872094672,0.021273385819668533,0.6728952334438958,0.5213175459591497,0.5611925905426176,-0.17285107330441463,0.46808732769406447,0.6914926134966208
120,2,2,-y,True,0.7340436638470322,0.0,0.8457463067483104,0.714790086450293,0.11170264290127818,-0.019253577396739274,-0.13095622029801746,0.6728952334438958,0.3690879398414637,0.5611925905426176,-0.17285107330441463,0.46808732769406447,0.6914926134966208
125,0,1,y,False,0.41200521999324025,0.0,0.10144828188931854,0.6980474011259048,-0.3105569381039217,0.28604218113266455,0.5965991192365863,-0.07140279141509609,0.35234525451707555,0.23915414668882562,-0.17285107330441463,0.8240104399864805,0.20289656377863707
125,0,1,-y,False,0.41200521999324025,0.0,0.10144828188931854,0.8703622345610711,-0.3105569381039217,0.45835701456783084,0.7689139526717526,-0.07140279141509609,0.5246600879522418,0.23915414668882562,-0.17285107330441463,0.8240104399864805,0.20289656377863707
125,1,1,y,True,0.41200521999324025,0.0,0.842408267201975,0.6980474011259048,0.4304030472087348,0.28604218113266455,-0.14436086607607024,0.6695571938975604,0.35234525451707555,0.23915414668882562,-0.17285107330441463,0.8240104399864805,0.6848165344039501
125,1,1,-y,False,0.41200521999324025,0.0,0.842408267201975,0.8703622345610711,0.4304030472087348,0.45835701456783084,0.027953967359096055,0.6695571938975604,0.5246600879522418,0.23915414668882562,-0.17285107330441463,0.8240104399864805,0.6848165344039501
125,2,1,y,False,0.41200521999324025,0.0,0.8371749811280296,0.6980474011259048,0.4251697611347893,0.28604218113266455,-0.13912758000212477,0.664323907823615,0.35234525451707555,0.23915414668882562,-0.17285107330441463,0.8240104399864805,0.6743499622560591
125,2,1,-y,False,0.41200521999324025,0.0,0.8371749811280296,0.8703622345610711,0.4251697611347893,0.45835701456783084,0.03318725343304152,0.664323907823615,0.5246600879522418,0.23915414668882562,-0.17285107330441463,0.8240104399864805,0.6743499622560591
130,0,0,y,True,0.8488855941246385,0.0,0.31640512868550275,0.7316445303731882,-0.5324804654391357,-0.11724106375145027,0.41523940168768547,0.14355405538108812,0.38594238376435896,0.6760345208202239,-0.17285107330441463,0.697771188249277,0.6328102573710055
130,0,0,-y,False,0.8488855941246385,0.0,0.31640512868550275,0.1567026207673763,-0.5324804654391357,-0.6921829733572622,-0.15970250791812646,0.14355405538108812,-0.18899952584145296,0.6760345208202239,-0.17285107330441463,0.697771188249277,0.6328102573710055
130,1,0,y,False,0.8488855941246385,0.0,0.6966625016963377,0.7316445303731882,-0.1522230924283008,-0.11724106375145027,0.03498202867685052,0.5238114283919231,0.38594238376435896,0.6760345208202239,-0.17285107330441463,0.697771188249277,0.3933250033926754
130,1,0,-y,False,0.8488855941246385,0.0,0.6966625016963377,0.1567026207673763,-0.1522230924283008,-0.6921829733572622,-0.5399598809289614,0.5238114283919231,-0.18899952584145296,0.6760345208202239,-0.17285107330441463,0.697771188249277,0.3933250033926754
130,2,0,y,False,0.8488855941246385,0.0,0.967274024580405,0.7316445303731882,0.11838843045576652,-0.11724106375145027,-0.2356294942072168,0.7944229512759904,0.38594238376435896,0.6760345208202239,-0.17285107330441463,0.697771188249277,0.93454804916081
130,2,0,-y,False,0.8488855941246385,0.0,0.967274024580405,0.1567026207673763,0.11838843045576652,-0.6921829733572622,-0.8105714038130287,0.7944229512759904,-0.18899952584145296,0.6760345208202239,-0.17285107330441463,0.697771188249277,0.93454804916081
