puzzle,slot,true_row,y_branch,is_true_xy,E_x,E_y,d_model,d_val_bits,E_d,E_nd,E_x_minus_E_d,x_minus_d_frac,in_band
1,0,0,y,True,0.29100088530546486,-0.25844005242552726,shared_d,1,-0.17285107330441463,-0.17285107330441463,0.4638519586098795,0.4638519586098795,True
1,0,0,y,True,0.29100088530546486,-0.25844005242552726,lambda_row,255,-0.06475443841372908,0.5796715317902112,0.35575532371919394,0.35575532371919394,False
1,0,0,y,True,0.29100088530546486,-0.25844005242552726,lambda_band,1,-0.17285107330441463,-0.17285107330441463,0.4638519586098795,0.4638519586098795,True
1,0,0,y,True,0.29100088530546486,-0.25844005242552726,d_cbrt_slot,1,-0.17285107330441463,-0.17285107330441463,0.4638519586098795,0.4638519586098795,True
1,0,0,y,True,0.29100088530546486,-0.25844005242552726,d_true_oracle,1,-0.17285107330441463,-0.17285107330441463,0.4638519586098795,0.4638519586098795,True
1,0,0,-y,False,0.29100088530546486,0.41517699115412654,shared_d,1,-0.17285107330441463,-0.17285107330441463,0.4638519586098795,0.4638519586098795,True
1,0,0,-y,False,0.29100088530546486,0.41517699115412654,lambda_row,255,-0.06475443841372908,0.5796715317902112,0.35575532371919394,0.35575532371919394,False
1,0,0,-y,False,0.29100088530546486,0.41517699115412654,lambda_band,1,-0.17285107330441463,-0.17285107330441463,0.4638519586098795,0.4638519586098795,True
1,0,0,-y,False,0.29100088530546486,0.41517699115412654,d_cbrt_slot,1,-0.17285107330441463,-0.17285107330441463,0.4638519586098795,0.4638519586098795,True
1,0,0,-y,False,0.29100088530546486,0.41517699115412654,d_true_oracle,1,-0.17285107330441463,-0.17285107330441463,0.4638519586098795,0.4638519586098795,True
1,1,0,y,False,0.6070299486845556,-0.25844005242552726,shared_d,1,-0.17285107330441463,-0.17285107330441463,0.7798810219889702,0.7798810219889702,True
1,1,0,y,False,0.6070299486845556,-0.25844005242552726,lambda_row,256,0.7259228311161365,0.36057105054959493,-0.11889288243158092,-0.11889288243158092,False
1,1,0,y,False,0.6070299486845556,-0.25844005242552726,lambda_band,1,-0.17285107330441463,-0.17285107330441463,0.7798810219889702,0.7798810219889702,True
1,1,0,y,False,0.6070299486845556,-0.25844005242552726,d_cbrt_slot,255,0.01804465884937656,0.5428377073086352,0.5889852898351791,0.5889852898351791,False
1,1,0,-y,False,0.6070299486845556,0.41517699115412654,shared_d,1,-0.17285107330441463,-0.17285107330441463,0.7798810219889702,0.7798810219889702,True
1,1,0,-y,False,0.6070299486845556,0.41517699115412654,lambda_row,256,0.7259228311161365,0.36057105054959493,-0.11889288243158092,-0.11889288243158092,False
1,1,0,-y,False,0.6070299486845556,0.41517699115412654,lambda_band,1,-0.17285107330441463,-0.17285107330441463,0.7798810219889702,0.7798810219889702,True
1,1,0,-y,False,0.6070299486845556,0.41517699115412654,d_cbrt_slot,255,0.01804465884937656,0.5428377073086352,0.5889852898351791,0.5889852898351791,False
1,2,0,y,False,0.6547565356192138,-0.25844005242552726,shared_d,1,-0.17285107330441463,-0.17285107330441463,0.8276076089236284,0.8276076089236284,True
1,2,0,y,False,0.6547565356192138,-0.25844005242552726,lambda_row,255,0.24859843445787533,0.3979795108151194,0.40615810116133844,0.40615810116133844,False
1,2,0,y,False,0.6547565356192138,-0.25844005242552726,lambda_band,1,-0.17285107330441463,-0.17285107330441463,0.8276076089236284,0.8276076089236284,True
1,2,0,y,False,0.6547565356192138,-0.25844005242552726,d_cbrt_slot,256,0.5428377073086352,0.01804465884937656,0.11191882831057853,0.11191882831057853,False
1,2,0,-y,False,0.6547565356192138,0.41517699115412654,shared_d,1,-0.17285107330441463,-0.17285107330441463,0.8276076089236284,0.8276076089236284,True
1,2,0,-y,False,0.6547565356192138,0.41517699115412654,lambda_row,255,0.24859843445787533,0.3979795108151194,0.40615810116133844,0.40615810116133844,False
1,2,0,-y,False,0.6547565356192138,0.41517699115412654,lambda_band,1,-0.17285107330441463,-0.17285107330441463,0.8276076089236284,0.8276076089236284,True
1,2,0,-y,False,0.6547565356192138,0.41517699115412654,d_cbrt_slot,256,0.5428377073086352,0.01804465884937656,0.11191882831057853,0.11191882831057853,False
2,0,2,y,False,0.47679513971975496,0.4742016369022366,shared_d,2,0.6196301770561634,-0.17285107330441463,-0.14283503733640845,-0.14283503733640845,True
2,0,2,y,False,0.47679513971975496,0.4742016369022366,lambda_row,256,0.6603672777877847,0.6889971536028838,-0.18357213806802974,-0.18357213806802974,False
2,0,2,y,False,0.47679513971975496,0.4742016369022366,lambda_band,2,0.6196301770561634,-0.17285107330441463,-0.14283503733640845,-0.14283503733640845,True
2,0,2,y,False,0.47679513971975496,0.4742016369022366,d_cbrt_slot,2,0.6196301770561634,-0.17285107330441463,-0.14283503733640845,-0.14283503733640845,True
2,0,2,-y,False,0.47679513971975496,0.5651589742156489,shared_d,2,0.6196301770561634,-0.17285107330441463,-0.14283503733640845,-0.14283503733640845,True
2,0,2,-y,False,0.47679513971975496,0.5651589742156489,lambda_row,256,0.6603672777877847,0.6889971536028838,-0.18357213806802974,-0.18357213806802974,False
2,0,2,-y,False,0.47679513971975496,0.5651589742156489,lambda_band,2,0.6196301770561634,-0.17285107330441463,-0.14283503733640845,-0.14283503733640845,True
2,0,2,-y,False,0.47679513971975496,0.5651589742156489,d_cbrt_slot,2,0.6196301770561634,-0.17285107330441463,-0.14283503733640845,-0.14283503733640845,True
2,1,2,y,False,0.7289984538919185,0.4742016369022366,shared_d,2,0.6196301770561634,-0.17285107330441463,0.10936827683575512,0.10936827683575512,True
2,1,2,y,False,0.7289984538919185,0.4742016369022366,lambda_row,254,0.4647293664057912,0.7088410063962272,0.2642690874861273,0.2642690874861273,False
2,1,2,y,False,0.7289984538919185,0.4742016369022366,lambda_band,2,0.6196301770561634,-0.17285107330441463,0.10936827683575512,0.10936827683575512,True
2,1,2,y,False,0.7289984538919185,0.4742016369022366,d_cbrt_slot,2,0.6196301770561634,-0.17285107330441463,0.10936827683575512,0.10936827683575512,True
2,1,2,-y,False,0.7289984538919185,0.5651589742156489,shared_d,2,0.6196301770561634,-0.17285107330441463,0.10936827683575512,0.10936827683575512,True
2,1,2,-y,False,0.7289984538919185,0.5651589742156489,lambda_row,254,0.4647293664057912,0.7088410063962272,0.2642690874861273,0.2642690874861273,False
2,1,2,-y,False,0.7289984538919185,0.5651589742156489,lambda_band,2,0.6196301770561634,-0.17285107330441463,0.10936827683575512,0.10936827683575512,True
2,1,2,-y,False,0.7289984538919185,0.5651589742156489,d_cbrt_slot,2,0.6196301770561634,-0.17285107330441463,0.10936827683575512,0.10936827683575512,True
2,2,2,y,False,0.807698967553506,0.4742016369022366,shared_d,2,0.6196301770561634,-0.17285107330441463,0.1880687904973426,0.1880687904973426,True
2,2,2,y,False,0.807698967553506,0.4742016369022366,lambda_row,255,0.2153888515966429,0.42389407492757414,0.5923101159568631,0.5923101159568631,False
2,2,2,y,False,0.807698967553506,0.4742016369022366,lambda_band,2,0.3271489266955854,-0.17285107330441463,0.48055004085792064,0.48055004085792064,True
2,2,2,y,False,0.807698967553506,0.4742016369022366,d_cbrt_slot,2,0.6196301770561634,-0.17285107330441463,0.1880687904973426,0.1880687904973426,True
2,2,2,y,False,0.807698967553506,0.4742016369022366,d_true_oracle,2,0.6196301770561634,-0.17285107330441463,0.1880687904973426,0.1880687904973426,True
2,2,2,-y,True,0.807698967553506,0.5651589742156489,shared_d,2,0.6196301770561634,-0.17285107330441463,0.1880687904973426,0.1880687904973426,True
2,2,2,-y,True,0.807698967553506,0.5651589742156489,lambda_row,255,0.2153888515966429,0.42389407492757414,0.5923101159568631,0.5923101159568631,False
2,2,2,-y,True,0.807698967553506,0.5651589742156489,lambda_band,2,0.3271489266955854,-0.17285107330441463,0.48055004085792064,0.48055004085792064,True
2,2,2,-y,True,0.807698967553506,0.5651589742156489,d_cbrt_slot,2,0.6196301770561634,-0.17285107330441463,0.1880687904973426,0.1880687904973426,True
2,2,2,-y,True,0.807698967553506,0.5651589742156489,d_true_oracle,2,0.6196301770561634,-0.17285107330441463,0.1880687904973426,0.1880687904973426,True
3,0,1,y,False,-0.013801207942464089,0.26426420612730794,shared_d,3,0.23082638772438746,-0.17285107330441463,-0.24462759566685155,-0.24462759566685155,True
3,0,1,y,False,-0.013801207942464089,0.26426420612730794,lambda_row,256,0.46869299481383564,0.15087830832528937,-0.48249420275629973,-0.48249420275629973,False
3,0,1,y,False,-0.013801207942464089,0.26426420612730794,lambda_band,3,-0.17285107330441463,-0.17285107330441463,0.15904986536195054,0.15904986536195054,True
3,0,1,y,False,-0.013801207942464089,0.26426420612730794,d_cbrt_slot,3,0.23082638772438746,-0.17285107330441463,-0.24462759566685155,-0.24462759566685155,True
3,0,1,-y,False,-0.013801207942464089,0.024498936477115763,shared_d,3,0.23082638772438746,-0.17285107330441463,-0.24462759566685155,-0.24462759566685155,True
3,0,1,-y,False,-0.013801207942464089,0.024498936477115763,lambda_row,256,0.46869299481383564,0.15087830832528937,-0.48249420275629973,-0.48249420275629973,False
3,0,1,-y,False,-0.013801207942464089,0.024498936477115763,lambda_band,3,-0.17285107330441463,-0.17285107330441463,0.15904986536195054,0.15904986536195054,True
3,0,1,-y,False,-0.013801207942464089,0.024498936477115763,d_cbrt_slot,3,0.23082638772438746,-0.17285107330441463,-0.24462759566685155,-0.24462759566685155,True
3,1,1,y,False,0.09472399967783929,0.26426420612730794,shared_d,3,0.23082638772438746,-0.17285107330441463,-0.13610238804654817,-0.13610238804654817,True
3,1,1,y,False,0.09472399967783929,0.26426420612730794,lambda_row,256,0.5591182614757315,-0.016869703346884535,-0.4643942617978922,-0.4643942617978922,False
3,1,1,y,False,0.09472399967783929,0.26426420612730794,lambda_band,3,0.11963017705616341,-0.17285107330441463,-0.024906177378324124,-0.024906177378324124,True
3,1,1,y,False,0.09472399967783929,0.26426420612730794,d_cbrt_slot,3,0.23082638772438746,-0.17285107330441463,-0.13610238804654817,-0.13610238804654817,True
3,1,1,y,False,0.09472399967783929,0.26426420612730794,d_true_oracle,3,0.23082638772438746,-0.17285107330441463,-0.13610238804654817,-0.13610238804654817,True
3,1,1,-y,True,0.09472399967783929,0.024498936477115763,shared_d,3,0.23082638772438746,-0.17285107330441463,-0.13610238804654817,-0.13610238804654817,True
3,1,1,-y,True,0.09472399967783929,0.024498936477115763,lambda_row,256,0.5591182614757315,-0.016869703346884535,-0.4643942617978922,-0.4643942617978922,False
3,1,1,-y,True,0.09472399967783929,0.024498936477115763,lambda_band,3,0.11963017705616341,-0.17285107330441463,-0.024906177378324124,-0.024906177378324124,True
3,1,1,-y,True,0.09472399967783929,0.024498936477115763,d_cbrt_slot,3,0.23082638772438746,-0.17285107330441463,-0.13610238804654817,-0.13610238804654817,True
3,1,1,-y,True,0.09472399967783929,0.024498936477115763,d_true_oracle,3,0.23082638772438746,-0.17285107330441463,-0.13610238804654817,-0.13610238804654817,True
3,2,1,y,False,0.4086519616068216,0.26426420612730794,shared_d,3,0.23082638772438746,-0.17285107330441463,0.17782557388243414,0.17782557388243414,True
3,2,1,y,False,0.4086519616068216,0.26426420612730794,lambda_row,253,0.3096051746803141,0.7332981668238006,0.09904678692650748,0.09904678692650748,False
3,2,1,y,False,0.4086519616068216,0.26426420612730794,lambda_band,3,0.11963017705616341,-0.17285107330441463,0.2890217845506582,0.2890217845506582,True
3,2,1,y,False,0.4086519616068216,0.26426420612730794,d_cbrt_slot,3,0.23082638772438746,-0.17285107330441463,0.17782557388243414,0.17782557388243414,True
3,2,1,-y,False,0.4086519616068216,0.024498936477115763,shared_d,3,0.23082638772438746,-0.17285107330441463,0.17782557388243414,0.17782557388243414,True
3,2,1,-y,False,0.4086519616068216,0.024498936477115763,lambda_row,253,0.3096051746803141,0.7332981668238006,0.09904678692650748,0.09904678692650748,False
3,2,1,-y,False,0.4086519616068216,0.024498936477115763,lambda_band,3,0.11963017705616341,-0.17285107330441463,0.2890217845506582,0.2890217845506582,True
3,2,1,-y,False,0.4086519616068216,0.024498936477115763,d_cbrt_slot,3,0.23082638772438746,-0.17285107330441463,0.17782557388243414,0.17782557388243414,True
4,0,0,y,False,0.6045571314562466,0.3317383264951559,shared_d,4,0.3271489266955854,-0.17285107330441463,0.2774082047606612,0.2774082047606612,True
4,0,0,y,False,0.6045571314562466,0.3317383264951559,lambda_row,254,0.8170405761253363,0.622968392690197,-0.21248344466908975,-0.21248344466908975,False
4,0,0,y,False,0.6045571314562466,0.3317383264951559,lambda_band,4,0.6196301770561634,-0.17285107330441463,-0.015073045599916846,-0.015073045599916846,True
4,0,0,y,False,0.6045571314562466,0.3317383264951559,d_cbrt_slot,4,0.3271489266955854,-0.17285107330441463,0.2774082047606612,0.2774082047606612,True
4,0,0,y,False,0.6045571314562466,0.3317383264951559,d_true_oracle,4,0.3271489266955854,-0.17285107330441463,0.2774082047606612,0.2774082047606612,True
4,0,0,-y,True,0.6045571314562466,-0.08154655792209553,shared_d,4,0.3271489266955854,-0.17285107330441463,0.2774082047606612,0.2774082047606612,True
4,0,0,-y,True,0.6045571314562466,-0.08154655792209553,lambda_row,254,0.8170405761253363,0.622968392690197,-0.21248344466908975,-0.21248344466908975,False
4,0,0,-y,True,0.6045571314562466,-0.08154655792209553,lambda_band,4,0.6196301770561634,-0.17285107330441463,-0.015073045599916846,-0.015073045599916846,True
4,0,0,-y,True,0.6045571314562466,-0.08154655792209553,d_cbrt_slot,4,0.3271489266955854,-0.17285107330441463,0.2774082047606612,0.2774082047606612,True
4,0,0,-y,True,0.6045571314562466,-0.08154655792209553,d_true_oracle,4,0.3271489266955854,-0.17285107330441463,0.2774082047606612,0.2774082047606612,True
4,1,0,y,False,-0.09120727956846508,0.3317383264951559,shared_d,4,0.3271489266955854,-0.17285107330441463,-0.41835620626405046,-0.41835620626405046,True
4,1,0,y,False,-0.09120727956846508,0.3317383264951559,lambda_row,255,0.12693443598648457,0.48369465140223156,-0.21814171555494966,-0.21814171555494966,False
4,1,0,y,False,-0.09120727956846508,0.3317383264951559,lambda_band,4,0.6773687857661315,-0.17285107330441463,-0.7685760653345965,-0.7685760653345965,True
4,1,0,y,False,-0.09120727956846508,0.3317383264951559,d_cbrt_slot,4,0.3271489266955854,-0.17285107330441463,-0.41835620626405046,-0.41835620626405046,True
4,1,0,-y,False,-0.09120727956846508,-0.08154655792209553,shared_d,4,0.3271489266955854,-0.17285107330441463,-0.41835620626405046,-0.41835620626405046,True
4,1,0,-y,False,-0.09120727956846508,-0.08154655792209553,lambda_row,255,0.12693443598648457,0.48369465140223156,-0.21814171555494966,-0.21814171555494966,False
4,1,0,-y,False,-0.09120727956846508,-0.08154655792209553,lambda_band,4,0.6773687857661315,-0.17285107330441463,-0.7685760653345965,-0.7685760653345965,True
4,1,0,-y,False,-0.09120727956846508,-0.08154655792209553,d_cbrt_slot,4,0.3271489266955854,-0.17285107330441463,-0.41835620626405046,-0.41835620626405046,True
4,2,0,y,False,0.37786406081443147,0.3317383264951559,shared_d,4,0.3271489266955854,-0.17285107330441463,0.050715134118846095,0.050715134118846095,True
4,2,0,y,False,0.37786406081443147,0.3317383264951559,lambda_row,255,0.13160122927762075,0.48083380836982315,0.24626283153681072,0.24626283153681072,False
4,2,0,y,False,0.37786406081443147,0.3317383264951559,lambda_band,4,0.556864736014234,-0.17285107330441463,-0.17900067519980256,-0.17900067519980256,True
4,2,0,y,False,0.37786406081443147,0.3317383264951559,d_cbrt_slot,4,0.3271489266955854,-0.17285107330441463,0.050715134118846095,0.050715134118846095,True
4,2,0,-y,False,0.37786406081443147,-0.08154655792209553,shared_d,4,0.3271489266955854,-0.17285107330441463,0.050715134118846095,0.050715134118846095,True
4,2,0,-y,False,0.37786406081443147,-0.08154655792209553,lambda_row,255,0.13160122927762075,0.48083380836982315,0.24626283153681072,0.24626283153681072,False
4,2,0,-y,False,0.37786406081443147,-0.08154655792209553,lambda_band,4,0.556864736014234,-0.17285107330441463,-0.17900067519980256,-0.17900067519980256,True
4,2,0,-y,False,0.37786406081443147,-0.08154655792209553,d_cbrt_slot,4,0.3271489266955854,-0.17285107330441463,0.050715134118846095,0.050715134118846095,True
5,0,0,y,True,0.6934312492532939,0.47795416572985516,shared_d,5,0.02330763808496572,-0.17285107330441463,0.6701236111683282,0.6701236111683282,True
5,0,0,y,True,0.6934312492532939,0.47795416572985516,lambda_row,253,0.31231978476262157,0.732920168315033,0.38111146449067235,0.38111146449067235,False
5,0,0,y,True,0.6934312492532939,0.47795416572985516,lambda_band,5,-0.17285107330441463,-0.17285107330441463,0.8662823225577085,0.8662823225577085,True
5,0,0,y,True,0.6934312492532939,0.47795416572985516,d_cbrt_slot,5,0.02330763808496572,-0.17285107330441463,0.6701236111683282,0.6701236111683282,True
5,0,0,y,True,0.6934312492532939,0.47795416572985516,d_true_oracle,5,0.02330763808496572,-0.17285107330441463,0.6701236111683282,0.6701236111683282,True
5,0,0,-y,False,0.6934312492532939,0.49712802153585756,shared_d,5,0.02330763808496572,-0.17285107330441463,0.6701236111683282,0.6701236111683282,True
5,0,0,-y,False,0.6934312492532939,0.49712802153585756,lambda_row,253,0.31231978476262157,0.732920168315033,0.38111146449067235,0.38111146449067235,False
5,0,0,-y,False,0.6934312492532939,0.49712802153585756,lambda_band,5,-0.17285107330441463,-0.17285107330441463,0.8662823225577085,0.8662823225577085,True
5,0,0,-y,False,0.6934312492532939,0.49712802153585756,d_cbrt_slot,5,0.02330763808496572,-0.17285107330441463,0.6701236111683282,0.6701236111683282,True
5,0,0,-y,False,0.6934312492532939,0.49712802153585756,d_true_oracle,5,0.02330763808496572,-0.17285107330441463,0.6701236111683282,0.6701236111683282,True
5,1,0,y,False,0.1401613451401431,0.47795416572985516,shared_d,5,0.02330763808496572,-0.17285107330441463,0.11685370705517739,0.11685370705517739,True
5,1,0,y,False,0.1401613451401431,0.47795416572985516,lambda_row,256,0.803671682960271,0.3447623825299644,-0.6635103378201279,-0.6635103378201279,False
5,1,0,y,False,0.1401613451401431,0.47795416572985516,lambda_band,5,0.23082638772438724,-0.17285107330441463,-0.09066504258424413,-0.09066504258424413,True
5,1,0,y,False,0.1401613451401431,0.47795416572985516,d_cbrt_slot,5,0.02330763808496572,-0.17285107330441463,0.11685370705517739,0.11685370705517739,True
5,1,0,-y,False,0.1401613451401431,0.49712802153585756,shared_d,5,0.02330763808496572,-0.17285107330441463,0.11685370705517739,0.11685370705517739,True
5,1,0,-y,False,0.1401613451401431,0.49712802153585756,lambda_row,256,0.803671682960271,0.3447623825299644,-0.6635103378201279,-0.6635103378201279,False
5,1,0,-y,False,0.1401613451401431,0.49712802153585756,lambda_band,5,0.23082638772438724,-0.17285107330441463,-0.09066504258424413,-0.09066504258424413,True
5,1,0,-y,False,0.1401613451401431,0.49712802153585756,d_cbrt_slot,5,0.02330763808496572,-0.17285107330441463,0.11685370705517739,0.11685370705517739,True
5,2,0,y,False,0.1777673643250921,0.47795416572985516,shared_d,5,0.02330763808496572,-0.17285107330441463,0.15445972624012638,0.15445972624012638,True
5,2,0,y,False,0.1777673643250921,0.47795416572985516,lambda_row,253,0.24154679401686963,0.7422663401044787,-0.06377942969177752,-0.06377942969177752,False
5,2,0,y,False,0.1777673643250921,0.47795416572985516,lambda_band,5,0.14907702158294756,-0.17285107330441463,0.028690342742144548,0.028690342742144548,True
5,2,0,y,False,0.1777673643250921,0.47795416572985516,d_cbrt_slot,5,0.02330763808496572,-0.17285107330441463,0.15445972624012638,0.15445972624012638,True
5,2,0,-y,False,0.1777673643250921,0.49712802153585756,shared_d,5,0.02330763808496572,-0.17285107330441463,0.15445972624012638,0.15445972624012638,True
5,2,0,-y,False,0.1777673643250921,0.49712802153585756,lambda_row,253,0.24154679401686963,0.7422663401044787,-0.06377942969177752,-0.06377942969177752,False
5,2,0,-y,False,0.1777673643250921,0.49712802153585756,lambda_band,5,0.14907702158294756,-0.17285107330441463,0.028690342742144548,0.028690342742144548,True
5,2,0,-y,False,0.1777673643250921,0.49712802153585756,d_cbrt_slot,5,0.02330763808496572,-0.17285107330441463,0.15445972624012638,0.15445972624012638,True
6,0,2,y,False,0.35151374033760874,0.5607733261187633,shared_d,6,0.6345038487531895,-0.17285107330441463,-0.2829901084155808,-0.2829901084155808,True
6,0,2,y,False,0.35151374033760874,0.5607733261187633,lambda_row,254,0.7729180757223872,0.6368374528924505,-0.4214043353847785,-0.4214043353847785,False
6,0,2,y,False,0.35151374033760874,0.5607733261187633,lambda_band,6,0.6490770215829476,-0.17285107330441463,-0.2975632812453388,-0.2975632812453388,True
6,0,2,y,False,0.35151374033760874,0.5607733261187633,d_cbrt_slot,6,0.6345038487531895,-0.17285107330441463,-0.2829901084155808,-0.2829901084155808,True
6,0,2,-y,False,0.35151374033760874,0.13440185905390933,shared_d,6,0.6345038487531895,-0.17285107330441463,-0.2829901084155808,-0.2829901084155808,True
6,0,2,-y,False,0.35151374033760874,0.13440185905390933,lambda_row,254,0.7729180757223872,0.6368374528924505,-0.4214043353847785,-0.4214043353847785,False
6,0,2,-y,False,0.35151374033760874,0.13440185905390933,lambda_band,6,0.6490770215829476,-0.17285107330441463,-0.2975632812453388,-0.2975632812453388,True
6,0,2,-y,False,0.35151374033760874,0.13440185905390933,d_cbrt_slot,6,0.6345038487531895,-0.17285107330441463,-0.2829901084155808,-0.2829901084155808,True
6,1,2,y,False,0.37483734181402895,0.5607733261187633,shared_d,6,0.6345038487531895,-0.17285107330441463,-0.2596665069391606,-0.2596665069391606,True
6,1,2,y,False,0.37483734181402895,0.5607733261187633,lambda_row,255,-0.12359806797039141,0.602435729174843,0.49843540978442036,0.49843540978442036,False
6,1,2,y,False,0.37483734181402895,0.5607733261187633,lambda_band,6,0.7684704513765062,-0.17285107330441463,-0.3936331095624772,-0.3936331095624772,True
6,1,2,y,False,0.37483734181402895,0.5607733261187633,d_cbrt_slot,6,0.6345038487531895,-0.17285107330441463,-0.2596665069391606,-0.2596665069391606,True
6,1,2,-y,False,0.37483734181402895,0.13440185905390933,shared_d,6,0.6345038487531895,-0.17285107330441463,-0.2596665069391606,-0.2596665069391606,True
6,1,2,-y,False,0.37483734181402895,0.13440185905390933,lambda_row,255,-0.12359806797039141,0.602435729174843,0.49843540978442036,0.49843540978442036,False
6,1,2,-y,False,0.37483734181402895,0.13440185905390933,lambda_band,6,0.7684704513765062,-0.17285107330441463,-0.3936331095624772,-0.3936331095624772,True
6,1,2,-y,False,0.37483734181402895,0.13440185905390933,d_cbrt_slot,6,0.6345038487531895,-0.17285107330441463,-0.2596665069391606,-0.2596665069391606,True
6,2,2,y,True,0.7891235416921347,0.5607733261187633,shared_d,6,0.6345038487531895,-0.17285107330441463,0.15461969293894517,0.15461969293894517,True
6,2,2,y,True,0.7891235416921347,0.5607733261187633,lambda_row,254,0.8265450823334959,0.6198313462331271,-0.03742154064136116,-0.03742154064136116,False
6,2,2,y,True,0.7891235416921347,0.5607733261187633,lambda_band,6,0.5730754748604228,-0.17285107330441463,0.21604806683171196,0.21604806683171196,True
6,2,2,y,True,0.7891235416921347,0.5607733261187633,d_cbrt_slot,6,0.6345038487531895,-0.17285107330441463,0.15461969293894517,0.15461969293894517,True
6,2,2,y,True,0.7891235416921347,0.5607733261187633,d_true_oracle,6,0.6345038487531895,-0.17285107330441463,0.15461969293894517,0.15461969293894517,True
6,2,2,-y,False,0.7891235416921347,0.13440185905390933,shared_d,6,0.6345038487531895,-0.17285107330441463,0.15461969293894517,0.15461969293894517,True
6,2,2,-y,False,0.7891235416921347,0.13440185905390933,lambda_row,254,0.8265450823334959,0.6198313462331271,-0.03742154064136116,-0.03742154064136116,False
6,2,2,-y,False,0.7891235416921347,0.13440185905390933,lambda_band,6,0.5730754748604228,-0.17285107330441463,0.21604806683171196,0.21604806683171196,True
6,2,2,-y,False,0.7891235416921347,0.13440185905390933,d_cbrt_slot,6,0.6345038487531895,-0.17285107330441463,0.15461969293894517,0.15461969293894517,True
6,2,2,-y,False,0.7891235416921347,0.13440185905390933,d_true_oracle,6,0.6345038487531895,-0.17285107330441463,0.15461969293894517,0.15461969293894517,True
7,0,1,y,False,0.38171841969457887,0.43799146146216117,shared_d,7,-0.04888731658262202,-0.17285107330441463,0.4306057362772009,0.4306057362772009,True
7,0,1,y,False,0.38171841969457887,0.43799146146216117,lambda_row,254,0.35044764337692413,0.727435708175804,0.031270776317654736,0.031270776317654736,False
7,0,1,y,False,0.38171841969457887,0.43799146146216117,lambda_band,7,0.26847045137650616,-0.17285107330441463,0.11324796831807271,0.11324796831807271,True
7,0,1,y,False,0.38171841969457887,0.43799146146216117,d_cbrt_slot,7,-0.04888731658262202,-0.17285107330441463,0.4306057362772009,0.4306057362772009,True
7,0,1,-y,False,0.38171841969457887,-0.319963842541938,shared_d,7,-0.04888731658262202,-0.17285107330441463,0.4306057362772009,0.4306057362772009,True
7,0,1,-y,False,0.38171841969457887,-0.319963842541938,lambda_row,254,0.35044764337692413,0.727435708175804,0.031270776317654736,0.031270776317654736,False
7,0,1,-y,False,0.38171841969457887,-0.319963842541938,lambda_band,7,0.26847045137650616,-0.17285107330441463,0.11324796831807271,0.11324796831807271,True
7,0,1,-y,False,0.38171841969457887,-0.319963842541938,d_cbrt_slot,7,-0.04888731658262202,-0.17285107330441463,0.4306057362772009,0.4306057362772009,True
7,1,1,y,True,0.4430860646216388,0.43799146146216117,shared_d,7,-0.04888731658262202,-0.17285107330441463,0.4919733812042608,0.4919733812042608,True
7,1,1,y,True,0.4430860646216388,0.43799146146216117,lambda_row,256,0.8212220278990259,0.36055088922141465,-0.3781359632773871,-0.3781359632773871,False
7,1,1,y,True,0.4430860646216388,0.43799146146216117,lambda_band,7,0.2925175954770287,-0.17285107330441463,0.15056846914461008,0.15056846914461008,True
7,1,1,y,True,0.4430860646216388,0.43799146146216117,d_cbrt_slot,7,-0.04888731658262202,-0.17285107330441463,0.4919733812042608,0.4919733812042608,True
7,1,1,y,True,0.4430860646216388,0.43799146146216117,d_true_oracle,7,-0.04888731658262202,-0.17285107330441463,0.4919733812042608,0.4919733812042608,True
7,1,1,-y,False,0.4430860646216388,-0.319963842541938,shared_d,7,-0.04888731658262202,-0.17285107330441463,0.4919733812042608,0.4919733812042608,True
7,1,1,-y,False,0.4430860646216388,-0.319963842541938,lambda_row,256,0.8212220278990259,0.36055088922141465,-0.3781359632773871,-0.3781359632773871,False
7,1,1,-y,False,0.4430860646216388,-0.319963842541938,lambda_band,7,0.2925175954770287,-0.17285107330441463,0.15056846914461008,0.15056846914461008,True
7,1,1,-y,False,0.4430860646216388,-0.319963842541938,d_cbrt_slot,7,-0.04888731658262202,-0.17285107330441463,0.4919733812042608,0.4919733812042608,True
7,1,1,-y,False,0.4430860646216388,-0.319963842541938,d_true_oracle,7,-0.04888731658262202,-0.17285107330441463,0.4919733812042608,0.4919733812042608,True
7,2,1,y,False,0.7296118689567379,0.43799146146216117,shared_d,7,-0.04888731658262202,-0.17285107330441463,0.7784991855393599,0.7784991855393599,True
7,2,1,y,False,0.7296118689567379,0.43799146146216117,lambda_row,256,0.7897288785406857,0.6741142092077581,-0.060117009583947834,-0.060117009583947834,False
7,2,1,y,False,0.7296118689567379,0.43799146146216117,lambda_band,7,0.0889299047240919,-0.17285107330441463,0.640681964232646,0.640681964232646,True
7,2,1,y,False,0.7296118689567379,0.43799146146216117,d_cbrt_slot,7,-0.04888731658262202,-0.17285107330441463,0.7784991855393599,0.7784991855393599,True
7,2,1,-y,False,0.7296118689567379,-0.319963842541938,shared_d,7,-0.04888731658262202,-0.17285107330441463,0.7784991855393599,0.7784991855393599,True
7,2,1,-y,False,0.7296118689567379,-0.319963842541938,lambda_row,256,0.7897288785406857,0.6741142092077581,-0.060117009583947834,-0.060117009583947834,False
7,2,1,-y,False,0.7296118689567379,-0.319963842541938,lambda_band,7,0.0889299047240919,-0.17285107330441463,0.640681964232646,0.640681964232646,True
7,2,1,-y,False,0.7296118689567379,-0.319963842541938,d_cbrt_slot,7,-0.04888731658262202,-0.17285107330441463,0.7784991855393599,0.7784991855393599,True
8,0,0,y,False,0.39067474673852587,0.3989739620260764,shared_d,8,0.7308263877243872,-0.17285107330441463,-0.34015164098586137,-0.34015164098586137,True
8,0,0,y,False,0.39067474673852587,0.3989739620260764,lambda_row,255,-0.1484047888862534,0.6112937770948861,0.5390795356247793,0.5390795356247793,False
8,0,0,y,False,0.39067474673852587,0.3989739620260764,lambda_band,8,0.3655567252210008,-0.17285107330441463,0.02511802151752507,0.02511802151752507,True
8,0,0,y,False,0.39067474673852587,0.3989739620260764,d_cbrt_slot,8,0.7308263877243872,-0.17285107330441463,-0.34015164098586137,-0.34015164098586137,True
8,0,0,y,False,0.39067474673852587,0.3989739620260764,d_true_oracle,8,0.7308263877243872,-0.17285107330441463,-0.34015164098586137,-0.34015164098586137,True
8,0,0,-y,True,0.39067474673852587,0.515113848953078,shared_d,8,0.7308263877243872,-0.17285107330441463,-0.34015164098586137,-0.34015164098586137,True
8,0,0,-y,True,0.39067474673852587,0.515113848953078,lambda_row,255,-0.1484047888862534,0.6112937770948861,0.5390795356247793,0.5390795356247793,False
8,0,0,-y,True,0.39067474673852587,0.515113848953078,lambda_band,8,0.3655567252210008,-0.17285107330441463,0.02511802151752507,0.02511802151752507,True
8,0,0,-y,True,0.39067474673852587,0.515113848953078,d_cbrt_slot,8,0.7308263877243872,-0.17285107330441463,-0.34015164098586137,-0.34015164098586137,True
8,0,0,-y,True,0.39067474673852587,0.515113848953078,d_true_oracle,8,0.7308263877243872,-0.17285107330441463,-0.34015164098586137,-0.34015164098586137,True
8,1,0,y,False,0.6488365154202,0.3989739620260764,shared_d,8,0.7308263877243872,-0.17285107330441463,-0.0819898723041872,-0.0819898723041872,True
8,1,0,y,False,0.6488365154202,0.3989739620260764,lambda_row,255,0.17856853078950508,0.4502906540185876,0.47026798463069497,0.47026798463069497,False
8,1,0,y,False,0.6488365154202,0.3989739620260764,lambda_band,8,0.6418272367353901,-0.17285107330441463,0.007009278684809939,0.007009278684809939,True
8,1,0,y,False,0.6488365154202,0.3989739620260764,d_cbrt_slot,8,0.7308263877243872,-0.17285107330441463,-0.0819898723041872,-0.0819898723041872,True
8,1,0,-y,False,0.6488365154202,0.515113848953078,shared_d,8,0.7308263877243872,-0.17285107330441463,-0.0819898723041872,-0.0819898723041872,True
8,1,0,-y,False,0.6488365154202,0.515113848953078,lambda_row,255,0.17856853078950508,0.4502906540185876,0.47026798463069497,0.47026798463069497,False
8,1,0,-y,False,0.6488365154202,0.515113848953078,lambda_band,8,0.6418272367353901,-0.17285107330441463,0.007009278684809939,0.007009278684809939,True
8,1,0,-y,False,0.6488365154202,0.515113848953078,d_cbrt_slot,8,0.7308263877243872,-0.17285107330441463,-0.0819898723041872,-0.0819898723041872,True
8,2,0,y,False,0.6392000715264459,0.3989739620260764,shared_d,8,0.7308263877243872,-0.17285107330441463,-0.09162631619794137,-0.09162631619794137,True
8,2,0,y,False,0.6392000715264459,0.3989739620260764,lambda_row,256,0.6304413272070093,0.7937079032477357,0.008758744319436573,0.008758744319436573,False
8,2,0,y,False,0.6392000715264459,0.3989739620260764,lambda_band,8,0.6876985210491777,-0.17285107330441463,-0.04849844952273186,-0.04849844952273186,True
8,2,0,y,False,0.6392000715264459,0.3989739620260764,d_cbrt_slot,8,0.7308263877243872,-0.17285107330441463,-0.09162631619794137,-0.09162631619794137,True
8,2,0,-y,False,0.6392000715264459,0.515113848953078,shared_d,8,0.7308263877243872,-0.17285107330441463,-0.09162631619794137,-0.09162631619794137,True
8,2,0,-y,False,0.6392000715264459,0.515113848953078,lambda_row,256,0.6304413272070093,0.7937079032477357,0.008758744319436573,0.008758744319436573,False
8,2,0,-y,False,0.6392000715264459,0.515113848953078,lambda_band,8,0.6876985210491777,-0.17285107330441463,-0.04849844952273186,-0.04849844952273186,True
8,2,0,-y,False,0.6392000715264459,0.515113848953078,d_cbrt_slot,8,0.7308263877243872,-0.17285107330441463,-0.09162631619794137,-0.09162631619794137,True
9,0,1,y,False,0.7754693579932024,0.19574139646850597,shared_d,9,0.260788296550416,-0.17285107330441463,0.5146810614427864,0.5146810614427864,True
9,0,1,y,False,0.7754693579932024,0.19574139646850597,lambda_row,253,0.12663363320608312,0.7554110327479435,0.6488357247871193,0.6488357247871193,False
9,0,1,y,False,0.7754693579932024,0.19574139646850597,lambda_band,9,0.07307547486042232,-0.17285107330441463,0.7023938831327801,0.7023938831327801,True
9,0,1,y,False,0.7754693579932024,0.19574139646850597,d_cbrt_slot,9,0.260788296550416,-0.17285107330441463,0.5146810614427864,0.5146810614427864,True
9,0,1,-y,False,0.7754693579932024,0.11032733708778153,shared_d,9,0.260788296550416,-0.17285107330441463,0.5146810614427864,0.5146810614427864,True
9,0,1,-y,False,0.7754693579932024,0.11032733708778153,lambda_row,253,0.12663363320608312,0.7554110327479435,0.6488357247871193,0.6488357247871193,False
9,0,1,-y,False,0.7754693579932024,0.11032733708778153,lambda_band,9,0.07307547486042232,-0.17285107330441463,0.7023938831327801,0.7023938831327801,True
9,0,1,-y,False,0.7754693579932024,0.11032733708778153,d_cbrt_slot,9,0.260788296550416,-0.17285107330441463,0.5146810614427864,0.5146810614427864,True
9,1,1,y,True,-0.13577554188468355,0.19574139646850597,shared_d,9,0.260788296550416,-0.17285107330441463,-0.39656383843509957,-0.39656383843509957,True
9,1,1,y,True,-0.13577554188468355,0.19574139646850597,lambda_row,256,0.7116474721180737,0.44877689361702267,-0.8474230140027572,-0.8474230140027572,False
9,1,1,y,True,-0.13577554188468355,0.19574139646850597,lambda_band,9,0.23403952230410408,-0.17285107330441463,-0.3698150641887876,-0.3698150641887876,True
9,1,1,y,True,-0.13577554188468355,0.19574139646850597,d_cbrt_slot,9,0.260788296550416,-0.17285107330441463,-0.39656383843509957,-0.39656383843509957,True
9,1,1,y,True,-0.13577554188468355,0.19574139646850597,d_true_oracle,9,0.260788296550416,-0.17285107330441463,-0.39656383843509957,-0.39656383843509957,True
9,1,1,-y,False,-0.13577554188468355,0.11032733708778153,shared_d,9,0.260788296550416,-0.17285107330441463,-0.39656383843509957,-0.39656383843509957,True
9,1,1,-y,False,-0.13577554188468355,0.11032733708778153,lambda_row,256,0.7116474721180737,0.44877689361702267,-0.8474230140027572,-0.8474230140027572,False
9,1,1,-y,False,-0.13577554188468355,0.11032733708778153,lambda_band,9,0.23403952230410408,-0.17285107330441463,-0.3698150641887876,-0.3698150641887876,True
9,1,1,-y,False,-0.13577554188468355,0.11032733708778153,d_cbrt_slot,9,0.260788296550416,-0.17285107330441463,-0.39656383843509957,-0.39656383843509957,True
9,1,1,-y,False,-0.13577554188468355,0.11032733708778153,d_true_oracle,9,0.260788296550416,-0.17285107330441463,-0.39656383843509957,-0.39656383843509957,True
9,2,1,y,False,0.3330382656530304,0.19574139646850597,shared_d,9,0.260788296550416,-0.17285107330441463,0.07224996910261439,0.07224996910261439,True
9,2,1,y,False,0.3330382656530304,0.19574139646850597,lambda_row,254,0.676382328086774,0.6636128320692052,-0.3433440624337436,-0.3433440624337436,False
9,2,1,y,False,0.3330382656530304,0.19574139646850597,lambda_band,9,0.2805942244998443,-0.17285107330441463,0.05244404115318613,0.05244404115318613,True
9,2,1,y,False,0.3330382656530304,0.19574139646850597,d_cbrt_slot,9,0.260788296550416,-0.17285107330441463,0.07224996910261439,0.07224996910261439,True
9,2,1,-y,False,0.3330382656530304,0.11032733708778153,shared_d,9,0.260788296550416,-0.17285107330441463,0.07224996910261439,0.07224996910261439,True
9,2,1,-y,False,0.3330382656530304,0.11032733708778153,lambda_row,254,0.676382328086774,0.6636128320692052,-0.3433440624337436,-0.3433440624337436,False
9,2,1,-y,False,0.3330382656530304,0.11032733708778153,lambda_band,9,0.2805942244998443,-0.17285107330441463,0.05244404115318613,0.05244404115318613,True
9,2,1,-y,False,0.3330382656530304,0.11032733708778153,d_cbrt_slot,9,0.260788296550416,-0.17285107330441463,0.07224996910261439,0.07224996910261439,True
10,0,1,y,False,0.41589527301285045,0.35894666593870284,shared_d,10,0.3299612012925248,-0.17285107330441463,0.08593407172032563,0.08593407172032563,True
10,0,1,y,False,0.41589527301285045,0.35894666593870284,lambda_row,256,0.5503817778414088,0.0021736512825611953,-0.1344865048285584,-0.1344865048285584,False
10,0,1,y,False,0.41589527301285045,0.35894666593870284,lambda_band,10,0.693656587538567,-0.17285107330441463,-0.2777613145257165,-0.2777613145257165,True
10,0,1,y,False,0.41589527301285045,0.35894666593870284,d_cbrt_slot,10,0.3299612012925248,-0.17285107330441463,0.08593407172032563,0.08593407172032563,True
10,0,1,-y,False,0.41589527301285045,0.5233532702401504,shared_d,10,0.3299612012925248,-0.17285107330441463,0.08593407172032563,0.08593407172032563,True
10,0,1,-y,False,0.41589527301285045,0.5233532702401504,lambda_row,256,0.5503817778414088,0.0021736512825611953,-0.1344865048285584,-0.1344865048285584,False
10,0,1,-y,False,0.41589527301285045,0.5233532702401504,lambda_band,10,0.693656587538567,-0.17285107330441463,-0.2777613145257165,-0.2777613145257165,True
10,0,1,-y,False,0.41589527301285045,0.5233532702401504,d_cbrt_slot,10,0.3299612012925248,-0.17285107330441463,0.08593407172032563,0.08593407172032563,True
10,1,1,y,False,0.5217757280031492,0.35894666593870284,shared_d,10,0.3299612012925248,-0.17285107330441463,0.19181452671062438,0.19181452671062438,True
10,1,1,y,False,0.5217757280031492,0.35894666593870284,lambda_row,256,0.48762925934347834,0.12043564826844033,0.03414646865967086,0.03414646865967086,False
10,1,1,y,False,0.5217757280031492,0.35894666593870284,lambda_band,10,0.7087551101027856,-0.17285107330441463,-0.18697938209963638,-0.18697938209963638,True
10,1,1,y,False,0.5217757280031492,0.35894666593870284,d_cbrt_slot,10,0.3299612012925248,-0.17285107330441463,0.19181452671062438,0.19181452671062438,True
10,1,1,y,False,0.5217757280031492,0.35894666593870284,d_true_oracle,10,0.3299612012925248,-0.17285107330441463,0.19181452671062438,0.19181452671062438,True
10,1,1,-y,True,0.5217757280031492,0.5233532702401504,shared_d,10,0.3299612012925248,-0.17285107330441463,0.19181452671062438,0.19181452671062438,True
10,1,1,-y,True,0.5217757280031492,0.5233532702401504,lambda_row,256,0.48762925934347834,0.12043564826844033,0.03414646865967086,0.03414646865967086,False
10,1,1,-y,True,0.5217757280031492,0.5233532702401504,lambda_band,10,0.7087551101027856,-0.17285107330441463,-0.18697938209963638,-0.18697938209963638,True
10,1,1,-y,True,0.5217757280031492,0.5233532702401504,d_cbrt_slot,10,0.3299612012925248,-0.17285107330441463,0.19181452671062438,0.19181452671062438,True
10,1,1,-y,True,0.5217757280031492,0.5233532702401504,d_true_oracle,10,0.3299612012925248,-0.17285107330441463,0.19181452671062438,0.19181452671062438,True
10,2,1,y,False,0.6476294825005624,0.35894666593870284,shared_d,10,0.3299612012925248,-0.17285107330441463,0.3176682812080376,0.3176682812080376,True
10,2,1,y,False,0.6476294825005624,0.35894666593870284,lambda_row,256,0.4593259852592695,0.16519396263880992,0.18830349724129292,0.18830349724129292,False
10,2,1,y,False,0.6476294825005624,0.35894666593870284,lambda_band,10,0.40202248644792604,-0.17285107330441463,0.24560699605263636,0.24560699605263636,True
10,2,1,y,False,0.6476294825005624,0.35894666593870284,d_cbrt_slot,10,0.3299612012925248,-0.17285107330441463,0.3176682812080376,0.3176682812080376,True
10,2,1,-y,False,0.6476294825005624,0.5233532702401504,shared_d,10,0.3299612012925248,-0.17285107330441463,0.3176682812080376,0.3176682812080376,True
10,2,1,-y,False,0.6476294825005624,0.5233532702401504,lambda_row,256,0.4593259852592695,0.16519396263880992,0.18830349724129292,0.18830349724129292,False
10,2,1,-y,False,0.6476294825005624,0.5233532702401504,lambda_band,10,0.40202248644792604,-0.17285107330441463,0.24560699605263636,0.24560699605263636,True
10,2,1,-y,False,0.6476294825005624,0.5233532702401504,d_cbrt_slot,10,0.3299612012925248,-0.17285107330441463,0.3176682812080376,0.3176682812080376,True
11,0,2,y,False,0.699153065475727,0.5673614077385167,shared_d,11,-0.08601250515270475,-0.17285107330441463,0.7851655706284317,0.7851655706284317,True
11,0,2,y,False,0.699153065475727,0.5673614077385167,lambda_row,254,0.638566727280633,0.6729273023967863,0.06058633819509396,0.06058633819509396,False
11,0,2,y,False,0.699153065475727,0.5673614077385167,lambda_band,11,0.1073153438018064,-0.17285107330441463,0.5918377216739206,0.5918377216739206,True
11,0,2,y,False,0.699153065475727,0.5673614077385167,d_cbrt_slot,11,-0.08601250515270475,-0.17285107330441463,0.7851655706284317,0.7851655706284317,True
11,0,2,-y,False,0.699153065475727,0.08493541695689544,shared_d,11,-0.08601250515270475,-0.17285107330441463,0.7851655706284317,0.7851655706284317,True
11,0,2,-y,False,0.699153065475727,0.08493541695689544,lambda_row,254,0.638566727280633,0.6729273023967863,0.06058633819509396,0.06058633819509396,False
11,0,2,-y,False,0.699153065475727,0.08493541695689544,lambda_band,11,0.1073153438018064,-0.17285107330441463,0.5918377216739206,0.5918377216739206,True
11,0,2,-y,False,0.699153065475727,0.08493541695689544,d_cbrt_slot,11,-0.08601250515270475,-0.17285107330441463,0.7851655706284317,0.7851655706284317,True
11,1,2,y,False,0.8201661227035544,0.5673614077385167,shared_d,11,-0.08601250515270475,-0.17285107330441463,0.9061786278562591,0.9061786278562591,True
11,1,2,y,False,0.8201661227035544,0.5673614077385167,lambda_row,254,0.6484451801274389,0.6705524664324969,0.17172094257611548,0.17172094257611548,False
11,1,2,y,False,0.8201661227035544,0.5673614077385167,lambda_band,11,0.2734203350198614,-0.17285107330441463,0.546745787683693,0.546745787683693,True
11,1,2,y,False,0.8201661227035544,0.5673614077385167,d_cbrt_slot,11,-0.08601250515270475,-0.17285107330441463,0.9061786278562591,0.9061786278562591,True
11,1,2,-y,False,0.8201661227035544,0.08493541695689544,shared_d,11,-0.08601250515270475,-0.17285107330441463,0.9061786278562591,0.9061786278562591,True
11,1,2,-y,False,0.8201661227035544,0.08493541695689544,lambda_row,254,0.6484451801274389,0.6705524664324969,0.17172094257611548,0.17172094257611548,False
11,1,2,-y,False,0.8201661227035544,0.08493541695689544,lambda_band,11,0.2734203350198614,-0.17285107330441463,0.546745787683693,0.546745787683693,True
11,1,2,-y,False,0.8201661227035544,0.08493541695689544,d_cbrt_slot,11,-0.08601250515270475,-0.17285107330441463,0.9061786278562591,0.9061786278562591,True
11,2,2,y,False,0.3867347787948745,0.5673614077385167,shared_d,11,-0.08601250515270475,-0.17285107330441463,0.47274728394757926,0.47274728394757926,True
11,2,2,y,False,0.3867347787948745,0.5673614077385167,lambda_row,256,0.7374467238188771,0.2790229746295978,-0.3507119450240026,-0.3507119450240026,False
11,2,2,y,False,0.3867347787948745,0.5673614077385167,lambda_band,11,0.24042317034104244,-0.17285107330441463,0.14631160845383206,0.14631160845383206,True
11,2,2,y,False,0.3867347787948745,0.5673614077385167,d_cbrt_slot,11,-0.08601250515270475,-0.17285107330441463,0.47274728394757926,0.47274728394757926,True
11,2,2,y,False,0.3867347787948745,0.5673614077385167,d_true_oracle,11,-0.08601250515270475,-0.17285107330441463,0.47274728394757926,0.47274728394757926,True
11,2,2,-y,True,0.3867347787948745,0.08493541695689544,shared_d,11,-0.08601250515270475,-0.17285107330441463,0.47274728394757926,0.47274728394757926,True
11,2,2,-y,True,0.3867347787948745,0.08493541695689544,lambda_row,256,0.7374467238188771,0.2790229746295978,-0.3507119450240026,-0.3507119450240026,False
11,2,2,-y,True,0.3867347787948745,0.08493541695689544,lambda_band,11,0.24042317034104244,-0.17285107330441463,0.14631160845383206,0.14631160845383206,True
11,2,2,-y,True,0.3867347787948745,0.08493541695689544,d_cbrt_slot,11,-0.08601250515270475,-0.17285107330441463,0.47274728394757926,0.47274728394757926,True
11,2,2,-y,True,0.3867347787948745,0.08493541695689544,d_true_oracle,11,-0.08601250515270475,-0.17285107330441463,0.47274728394757926,0.47274728394757926,True
12,0,0,y,True,0.3866394770306698,-0.03898303574568729,shared_d,12,0.5219645963258461,-0.17285107330441463,-0.13532511929517632,-0.13532511929517632,True
12,0,0,y,True,0.3866394770306698,-0.03898303574568729,lambda_row,256,0.5413469183426827,0.021120741856918812,-0.15470744131201286,-0.15470744131201286,False
12,0,0,y,True,0.3866394770306698,-0.03898303574568729,lambda_band,12,0.548879732809282,-0.17285107330441463,-0.16224025577861223,-0.16224025577861223,True
12,0,0,y,True,0.3866394770306698,-0.03898303574568729,d_cbrt_slot,12,0.5219645963258461,-0.17285107330441463,-0.13532511929517632,-0.13532511929517632,True
12,0,0,y,True,0.3866394770306698,-0.03898303574568729,d_true_oracle,12,0.5219645963258461,-0.17285107330441463,-0.13532511929517632,-0.13532511929517632,True
12,0,0,-y,False,0.3866394770306698,0.3065823099697269,shared_d,12,0.5219645963258461,-0.17285107330441463,-0.13532511929517632,-0.13532511929517632,True
12,0,0,-y,False,0.3866394770306698,0.3065823099697269,lambda_row,256,0.5413469183426827,0.021120741856918812,-0.15470744131201286,-0.15470744131201286,False
12,0,0,-y,False,0.3866394770306698,0.3065823099697269,lambda_band,12,0.548879732809282,-0.17285107330441463,-0.16224025577861223,-0.16224025577861223,True
12,0,0,-y,False,0.3866394770306698,0.3065823099697269,d_cbrt_slot,12,0.5219645963258461,-0.17285107330441463,-0.13532511929517632,-0.13532511929517632,True
12,0,0,-y,False,0.3866394770306698,0.3065823099697269,d_true_oracle,12,0.5219645963258461,-0.17285107330441463,-0.13532511929517632,-0.13532511929517632,True
12,1,0,y,False,0.41389756252162613,-0.03898303574568729,shared_d,12,0.5219645963258461,-0.17285107330441463,-0.10806703380422,-0.10806703380422,True
12,1,0,y,False,0.41389756252162613,-0.03898303574568729,lambda_row,255,0.06750905851068012,0.5176687173012198,0.346388504010946,0.346388504010946,False
12,1,0,y,False,0.41389756252162613,-0.03898303574568729,lambda_band,12,0.4579025812966133,-0.17285107330441463,-0.04400501877498719,-0.04400501877498719,True
12,1,0,y,False,0.41389756252162613,-0.03898303574568729,d_cbrt_slot,12,0.5219645963258461,-0.17285107330441463,-0.10806703380422,-0.10806703380422,True
12,1,0,-y,False,0.41389756252162613,0.3065823099697269,shared_d,12,0.5219645963258461,-0.17285107330441463,-0.10806703380422,-0.10806703380422,True
12,1,0,-y,False,0.41389756252162613,0.3065823099697269,lambda_row,255,0.06750905851068012,0.5176687173012198,0.346388504010946,0.346388504010946,False
12,1,0,-y,False,0.41389756252162613,0.3065823099697269,lambda_band,12,0.4579025812966133,-0.17285107330441463,-0.04400501877498719,-0.04400501877498719,True
12,1,0,-y,False,0.41389756252162613,0.3065823099697269,d_cbrt_slot,12,0.5219645963258461,-0.17285107330441463,-0.10806703380422,-0.10806703380422,True
12,2,0,y,False,0.7456132249353971,-0.03898303574568729,shared_d,12,0.5219645963258461,-0.17285107330441463,0.22364862860955093,0.22364862860955093,True
12,2,0,y,False,0.7456132249353971,-0.03898303574568729,lambda_row,256,0.38696975293608205,0.26191490892747993,0.358643471999315,0.358643471999315,False
12,2,0,y,False,0.7456132249353971,-0.03898303574568729,lambda_band,12,0.5506905398004118,-0.17285107330441463,0.19492268513498523,0.19492268513498523,True
12,2,0,y,False,0.7456132249353971,-0.03898303574568729,d_cbrt_slot,12,0.5219645963258461,-0.17285107330441463,0.22364862860955093,0.22364862860955093,True
12,2,0,-y,False,0.7456132249353971,0.3065823099697269,shared_d,12,0.5219645963258461,-0.17285107330441463,0.22364862860955093,0.22364862860955093,True
12,2,0,-y,False,0.7456132249353971,0.3065823099697269,lambda_row,256,0.38696975293608205,0.26191490892747993,0.358643471999315,0.358643471999315,False
12,2,0,-y,False,0.7456132249353971,0.3065823099697269,lambda_band,12,0.5506905398004118,-0.17285107330441463,0.19492268513498523,0.19492268513498523,True
12,2,0,-y,False,0.7456132249353971,0.3065823099697269,d_cbrt_slot,12,0.5219645963258461,-0.17285107330441463,0.22364862860955093,0.22364862860955093,True
13,0,2,y,False,0.24350953041904688,0.4291776596358403,shared_d,13,0.0015130038111239585,-0.17285107330441463,0.24199652660792292,0.24199652660792292,True
13,0,2,y,False,0.24350953041904688,0.4291776596358403,lambda_row,256,0.636847641898342,0.7728843255237337,-0.3933381114792951,-0.3933381114792951,False
13,0,2,y,False,0.24350953041904688,0.4291776596358403,lambda_band,13,0.11668901861296366,-0.17285107330441463,0.12682051180608322,0.12682051180608322,True
13,0,2,y,False,0.24350953041904688,0.4291776596358403,d_cbrt_slot,13,0.0015130038111239585,-0.17285107330441463,0.24199652660792292,0.24199652660792292,True
13,0,2,-y,False,0.24350953041904688,0.5085193086211035,shared_d,13,0.0015130038111239585,-0.17285107330441463,0.24199652660792292,0.24199652660792292,True
13,0,2,-y,False,0.24350953041904688,0.5085193086211035,lambda_row,256,0.636847641898342,0.7728843255237337,-0.3933381114792951,-0.3933381114792951,False
13,0,2,-y,False,0.24350953041904688,0.5085193086211035,lambda_band,13,0.11668901861296366,-0.17285107330441463,0.12682051180608322,0.12682051180608322,True
13,0,2,-y,False,0.24350953041904688,0.5085193086211035,d_cbrt_slot,13,0.0015130038111239585,-0.17285107330441463,0.24199652660792292,0.24199652660792292,True
13,1,2,y,False,0.7391403506924661,0.4291776596358403,shared_d,13,0.0015130038111239585,-0.17285107330441463,0.7376273468813421,0.7376273468813421,True
13,1,2,y,False,0.7391403506924661,0.4291776596358403,lambda_row,254,0.6323307439630668,0.6744058550516598,0.10680960672939932,0.10680960672939932,False
13,1,2,y,False,0.7391403506924661,0.4291776596358403,lambda_band,13,0.3106719721271469,-0.17285107330441463,0.42846837856531916,0.42846837856531916,True
13,1,2,y,False,0.7391403506924661,0.4291776596358403,d_cbrt_slot,13,0.0015130038111239585,-0.17285107330441463,0.7376273468813421,0.7376273468813421,True
13,1,2,-y,False,0.7391403506924661,0.5085193086211035,shared_d,13,0.0015130038111239585,-0.17285107330441463,0.7376273468813421,0.7376273468813421,True
13,1,2,-y,False,0.7391403506924661,0.5085193086211035,lambda_row,254,0.6323307439630668,0.6744058550516598,0.10680960672939932,0.10680960672939932,False
13,1,2,-y,False,0.7391403506924661,0.5085193086211035,lambda_band,13,0.3106719721271469,-0.17285107330441463,0.42846837856531916,0.42846837856531916,True
13,1,2,-y,False,0.7391403506924661,0.5085193086211035,d_cbrt_slot,13,0.0015130038111239585,-0.17285107330441463,0.7376273468813421,0.7376273468813421,True
13,2,2,y,True,0.5354597391872886,0.4291776596358403,shared_d,13,0.0015130038111239585,-0.17285107330441463,0.5339467353761647,0.5339467353761647,True
13,2,2,y,True,0.5354597391872886,0.4291776596358403,lambda_row,255,0.06665223444473156,0.5181273579676287,0.46880750474255706,0.46880750474255706,False
13,2,2,y,True,0.5354597391872886,0.4291776596358403,lambda_band,13,-0.04121647311808374,-0.17285107330441463,0.5766762123053724,0.5766762123053724,True
13,2,2,y,True,0.5354597391872886,0.4291776596358403,d_cbrt_slot,13,0.0015130038111239585,-0.17285107330441463,0.5339467353761647,0.5339467353761647,True
13,2,2,y,True,0.5354597391872886,0.4291776596358403,d_true_oracle,13,0.0015130038111239585,-0.17285107330441463,0.5339467353761647,0.5339467353761647,True
13,2,2,-y,False,0.5354597391872886,0.5085193086211035,shared_d,13,0.0015130038111239585,-0.17285107330441463,0.5339467353761647,0.5339467353761647,True
13,2,2,-y,False,0.5354597391872886,0.5085193086211035,lambda_row,255,0.06665223444473156,0.5181273579676287,0.46880750474255706,0.46880750474255706,False
13,2,2,-y,False,0.5354597391872886,0.5085193086211035,lambda_band,13,-0.04121647311808374,-0.17285107330441463,0.5766762123053724,0.5766762123053724,True
13,2,2,-y,False,0.5354597391872886,0.5085193086211035,d_cbrt_slot,13,0.0015130038111239585,-0.17285107330441463,0.5339467353761647,0.5339467353761647,True
13,2,2,-y,False,0.5354597391872886,0.5085193086211035,d_true_oracle,13,0.0015130038111239585,-0.17285107330441463,0.5339467353761647,0.5339467353761647,True
14,0,1,y,False,0.22881243133639373,0.19558173970081327,shared_d,14,0.509216254199611,-0.17285107330441463,-0.2804038228632173,-0.2804038228632173,True
14,0,1,y,False,0.22881243133639373,0.19558173970081327,lambda_row,256,0.7036267870701209,0.4933065521234994,-0.4748143557337272,-0.4748143557337272,False
14,0,1,y,False,0.22881243133639373,0.19558173970081327,lambda_band,14,0.6826059413243399,-0.17285107330441463,-0.4537935099879462,-0.4537935099879462,True
14,0,1,y,False,0.22881243133639373,0.19558173970081327,d_cbrt_slot,14,0.509216254199611,-0.17285107330441463,-0.2804038228632173,-0.2804038228632173,True
14,0,1,-y,False,0.22881243133639373,0.11050702115458932,shared_d,14,0.509216254199611,-0.17285107330441463,-0.2804038228632173,-0.2804038228632173,True
14,0,1,-y,False,0.22881243133639373,0.11050702115458932,lambda_row,256,0.7036267870701209,0.4933065521234994,-0.4748143557337272,-0.4748143557337272,False
14,0,1,-y,False,0.22881243133639373,0.11050702115458932,lambda_band,14,0.6826059413243399,-0.17285107330441463,-0.4537935099879462,-0.4537935099879462,True
14,0,1,-y,False,0.22881243133639373,0.11050702115458932,d_cbrt_slot,14,0.509216254199611,-0.17285107330441463,-0.2804038228632173,-0.2804038228632173,True
14,1,1,y,False,0.5768518415888764,0.19558173970081327,shared_d,14,0.509216254199611,-0.17285107330441463,0.06763558738926534,0.06763558738926534,True
14,1,1,y,False,0.5768518415888764,0.19558173970081327,lambda_row,256,0.7770856008277747,-0.1221721831882121,-0.2002337592388983,-0.2002337592388983,False
14,1,1,y,False,0.5768518415888764,0.19558173970081327,lambda_band,14,0.7724235723720794,-0.17285107330441463,-0.195571730783203,-0.195571730783203,True
14,1,1,y,False,0.5768518415888764,0.19558173970081327,d_cbrt_slot,14,0.509216254199611,-0.17285107330441463,0.06763558738926534,0.06763558738926534,True
14,1,1,y,False,0.5768518415888764,0.19558173970081327,d_true_oracle,14,0.509216254199611,-0.17285107330441463,0.06763558738926534,0.06763558738926534,True
14,1,1,-y,True,0.5768518415888764,0.11050702115458932,shared_d,14,0.509216254199611,-0.17285107330441463,0.06763558738926534,0.06763558738926534,True
14,1,1,-y,True,0.5768518415888764,0.11050702115458932,lambda_row,256,0.7770856008277747,-0.1221721831882121,-0.2002337592388983,-0.2002337592388983,False
14,1,1,-y,True,0.5768518415888764,0.11050702115458932,lambda_band,14,0.7724235723720794,-0.17285107330441463,-0.195571730783203,-0.195571730783203,True
14,1,1,-y,True,0.5768518415888764,0.11050702115458932,d_cbrt_slot,14,0.509216254199611,-0.17285107330441463,0.06763558738926534,0.06763558738926534,True
14,1,1,-y,True,0.5768518415888764,0.11050702115458932,d_true_oracle,14,0.509216254199611,-0.17285107330441463,0.06763558738926534,0.06763558738926534,True
14,2,1,y,False,0.7157517967264084,0.19558173970081327,shared_d,14,0.509216254199611,-0.17285107330441463,0.2065355425267974,0.2065355425267974,True
14,2,1,y,False,0.7157517967264084,0.19558173970081327,lambda_row,256,0.5217438519871536,0.059840764707189464,0.19400794473925487,0.19400794473925487,False
14,2,1,y,False,0.7157517967264084,0.19558173970081327,lambda_band,14,0.38132947614890433,-0.17285107330441463,0.3344223205775041,0.3344223205775041,True
14,2,1,y,False,0.7157517967264084,0.19558173970081327,d_cbrt_slot,14,0.509216254199611,-0.17285107330441463,0.2065355425267974,0.2065355425267974,True
14,2,1,-y,False,0.7157517967264084,0.11050702115458932,shared_d,14,0.509216254199611,-0.17285107330441463,0.2065355425267974,0.2065355425267974,True
14,2,1,-y,False,0.7157517967264084,0.11050702115458932,lambda_row,256,0.5217438519871536,0.059840764707189464,0.19400794473925487,0.19400794473925487,False
14,2,1,-y,False,0.7157517967264084,0.11050702115458932,lambda_band,14,0.38132947614890433,-0.17285107330441463,0.3344223205775041,0.3344223205775041,True
14,2,1,-y,False,0.7157517967264084,0.11050702115458932,d_cbrt_slot,14,0.509216254199611,-0.17285107330441463,0.2065355425267974,0.2065355425267974,True
15,0,2,y,False,0.023606913211835945,0.5698913683850151,shared_d,15,0.18392273515193214,-0.17285107330441463,-0.1603158219400962,-0.1603158219400962,True
15,0,2,y,False,0.023606913211835945,0.5698913683850151,lambda_row,256,0.5025133911424433,0.09497161146828148,-0.47890647793060737,-0.47890647793060737,False
15,0,2,y,False,0.023606913211835945,0.5698913683850151,lambda_band,15,0.09796950377256053,-0.17285107330441463,-0.07436259056072458,-0.07436259056072458,True
15,0,2,y,False,0.023606913211835945,0.5698913683850151,d_cbrt_slot,15,0.18392273515193214,-0.17285107330441463,-0.1603158219400962,-0.1603158219400962,True
15,0,2,-y,False,0.023606913211835945,0.4728538733158132,shared_d,15,0.18392273515193214,-0.17285107330441463,-0.1603158219400962,-0.1603158219400962,True
15,0,2,-y,False,0.023606913211835945,0.4728538733158132,lambda_row,256,0.5025133911424433,0.09497161146828148,-0.47890647793060737,-0.47890647793060737,False
15,0,2,-y,False,0.023606913211835945,0.4728538733158132,lambda_band,15,0.09796950377256053,-0.17285107330441463,-0.07436259056072458,-0.07436259056072458,True
15,0,2,-y,False,0.023606913211835945,0.4728538733158132,d_cbrt_slot,15,0.18392273515193214,-0.17285107330441463,-0.1603158219400962,-0.1603158219400962,True
15,1,2,y,False,0.5457894925257847,0.5698913683850151,shared_d,15,0.18392273515193214,-0.17285107330441463,0.36186675737385254,0.36186675737385254,True
15,1,2,y,False,0.5457894925257847,0.5698913683850151,lambda_row,256,0.7475507793359668,0.1977719347202651,-0.20176128681018213,-0.20176128681018213,False
15,1,2,y,False,0.5457894925257847,0.5698913683850151,lambda_band,15,0.06301828264364051,-0.17285107330441463,0.48277120988214417,0.48277120988214417,True
15,1,2,y,False,0.5457894925257847,0.5698913683850151,d_cbrt_slot,15,0.18392273515193214,-0.17285107330441463,0.36186675737385254,0.36186675737385254,True
15,1,2,-y,False,0.5457894925257847,0.4728538733158132,shared_d,15,0.18392273515193214,-0.17285107330441463,0.36186675737385254,0.36186675737385254,True
15,1,2,-y,False,0.5457894925257847,0.4728538733158132,lambda_row,256,0.7475507793359668,0.1977719347202651,-0.20176128681018213,-0.20176128681018213,False
15,1,2,-y,False,0.5457894925257847,0.4728538733158132,lambda_band,15,0.06301828264364051,-0.17285107330441463,0.48277120988214417,0.48277120988214417,True
15,1,2,-y,False,0.5457894925257847,0.4728538733158132,d_cbrt_slot,15,0.18392273515193214,-0.17285107330441463,0.36186675737385254,0.36186675737385254,True
15,2,2,y,False,0.8233256124873094,0.5698913683850151,shared_d,15,0.18392273515193214,-0.17285107330441463,0.6394028773353773,0.6394028773353773,True
15,2,2,y,False,0.8233256124873094,0.5698913683850151,lambda_row,255,0.016151392443191526,0.5437505799558977,0.8071742200441179,0.8071742200441179,False
15,2,2,y,False,0.8233256124873094,0.5698913683850151,lambda_band,15,0.2413907395149284,-0.17285107330441463,0.581934872972381,0.581934872972381,True
15,2,2,y,False,0.8233256124873094,0.5698913683850151,d_cbrt_slot,15,0.18392273515193214,-0.17285107330441463,0.6394028773353773,0.6394028773353773,True
15,2,2,y,False,0.8233256124873094,0.5698913683850151,d_true_oracle,15,0.18392273515193214,-0.17285107330441463,0.6394028773353773,0.6394028773353773,True
15,2,2,-y,True,0.8233256124873094,0.4728538733158132,shared_d,15,0.18392273515193214,-0.17285107330441463,0.6394028773353773,0.6394028773353773,True
15,2,2,-y,True,0.8233256124873094,0.4728538733158132,lambda_row,255,0.016151392443191526,0.5437505799558977,0.8071742200441179,0.8071742200441179,False
15,2,2,-y,True,0.8233256124873094,0.4728538733158132,lambda_band,15,0.2413907395149284,-0.17285107330441463,0.581934872972381,0.581934872972381,True
15,2,2,-y,True,0.8233256124873094,0.4728538733158132,d_cbrt_slot,15,0.18392273515193214,-0.17285107330441463,0.6394028773353773,0.6394028773353773,True
15,2,2,-y,True,0.8233256124873094,0.4728538733158132,d_true_oracle,15,0.18392273515193214,-0.17285107330441463,0.6394028773353773,0.6394028773353773,True
16,0,1,y,False,0.3923110120277187,0.17517347282895912,shared_d,16,0.6534313865009116,-0.17285107330441463,-0.2611203744731929,-0.2611203744731929,True
16,0,1,y,False,0.3923110120277187,0.17517347282895912,lambda_row,255,0.0014413549046707885,0.5507240008918473,0.3908696571230479,0.3908696571230479,False
16,0,1,y,False,0.3923110120277187,0.17517347282895912,lambda_band,16,0.7274598704322992,-0.17285107330441463,-0.33514885840458053,-0.33514885840458053,True
16,0,1,y,False,0.3923110120277187,0.17517347282895912,d_cbrt_slot,16,0.6534313865009116,-0.17285107330441463,-0.2611203744731929,-0.2611203744731929,True
16,0,1,-y,False,0.3923110120277187,0.13280004804958878,shared_d,16,0.6534313865009116,-0.17285107330441463,-0.2611203744731929,-0.2611203744731929,True
16,0,1,-y,False,0.3923110120277187,0.13280004804958878,lambda_row,255,0.0014413549046707885,0.5507240008918473,0.3908696571230479,0.3908696571230479,False
16,0,1,-y,False,0.3923110120277187,0.13280004804958878,lambda_band,16,0.7274598704322992,-0.17285107330441463,-0.33514885840458053,-0.33514885840458053,True
16,0,1,-y,False,0.3923110120277187,0.13280004804958878,d_cbrt_slot,16,0.6534313865009116,-0.17285107330441463,-0.2611203744731929,-0.2611203744731929,True
16,1,1,y,True,0.47697410255482,0.17517347282895912,shared_d,16,0.6534313865009116,-0.17285107330441463,-0.17645728394609161,-0.17645728394609161,True
16,1,1,y,True,0.47697410255482,0.17517347282895912,lambda_row,256,0.5660964466752318,-0.032622496502241916,-0.08912234412041187,-0.08912234412041187,False
16,1,1,y,True,0.47697410255482,0.17517347282895912,lambda_band,16,0.6635963731172358,-0.17285107330441463,-0.18662227056241587,-0.18662227056241587,True
16,1,1,y,True,0.47697410255482,0.17517347282895912,d_cbrt_slot,16,0.6534313865009116,-0.17285107330441463,-0.17645728394609161,-0.17645728394609161,True
16,1,1,y,True,0.47697410255482,0.17517347282895912,d_true_oracle,16,0.6534313865009116,-0.17285107330441463,-0.17645728394609161,-0.17645728394609161,True
16,1,1,-y,False,0.47697410255482,0.13280004804958878,shared_d,16,0.6534313865009116,-0.17285107330441463,-0.17645728394609161,-0.17645728394609161,True
16,1,1,-y,False,0.47697410255482,0.13280004804958878,lambda_row,256,0.5660964466752318,-0.032622496502241916,-0.08912234412041187,-0.08912234412041187,False
16,1,1,-y,False,0.47697410255482,0.13280004804958878,lambda_band,16,0.6635963731172358,-0.17285107330441463,-0.18662227056241587,-0.18662227056241587,True
16,1,1,-y,False,0.47697410255482,0.13280004804958878,d_cbrt_slot,16,0.6534313865009116,-0.17285107330441463,-0.17645728394609161,-0.17645728394609161,True
16,1,1,-y,False,0.47697410255482,0.13280004804958878,d_true_oracle,16,0.6534313865009116,-0.17285107330441463,-0.17645728394609161,-0.17645728394609161,True
16,2,1,y,False,0.6990633573927596,0.17517347282895912,shared_d,16,0.6534313865009116,-0.17285107330441463,0.045631970891848006,0.045631970891848006,True
16,2,1,y,False,0.6990633573927596,0.17517347282895912,lambda_row,256,0.7496879640433889,0.17918843123800343,-0.05062460665062929,-0.05062460665062929,False
16,2,1,y,False,0.6990633573927596,0.17517347282895912,lambda_band,16,0.7709615375638741,-0.17285107330441463,-0.07189818017111449,-0.07189818017111449,True
16,2,1,y,False,0.6990633573927596,0.17517347282895912,d_cbrt_slot,16,0.6534313865009116,-0.17285107330441463,0.045631970891848006,0.045631970891848006,True
16,2,1,-y,False,0.6990633573927596,0.13280004804958878,shared_d,16,0.6534313865009116,-0.17285107330441463,0.045631970891848006,0.045631970891848006,True
16,2,1,-y,False,0.6990633573927596,0.13280004804958878,lambda_row,256,0.7496879640433889,0.17918843123800343,-0.05062460665062929,-0.05062460665062929,False
16,2,1,-y,False,0.6990633573927596,0.13280004804958878,lambda_band,16,0.7709615375638741,-0.17285107330441463,-0.07189818017111449,-0.07189818017111449,True
16,2,1,-y,False,0.6990633573927596,0.13280004804958878,d_cbrt_slot,16,0.6534313865009116,-0.17285107330441463,0.045631970891848006,0.045631970891848006,True
17,0,0,y,False,0.8204497489484481,0.47172845931528684,shared_d,17,0.10119110730779113,-0.17285107330441463,0.719258641640657,0.719258641640657,True
17,0,0,y,False,0.8204497489484481,0.47172845931528684,lambda_row,255,0.2754966962745584,0.37534844486705765,0.5449530526738897,0.5449530526738897,False
17,0,0,y,False,0.8204497489484481,0.47172845931528684,lambda_band,17,0.20117326556004578,-0.17285107330441463,0.6192764833884024,0.6192764833884024,True
17,0,0,y,False,0.8204497489484481,0.47172845931528684,d_cbrt_slot,17,0.10119110730779113,-0.17285107330441463,0.719258641640657,0.719258641640657,True
17,0,0,y,False,0.8204497489484481,0.47172845931528684,d_true_oracle,17,0.10119110730779113,-0.17285107330441463,0.719258641640657,0.719258641640657,True
17,0,0,-y,True,0.8204497489484481,0.5738126696379311,shared_d,17,0.10119110730779113,-0.17285107330441463,0.719258641640657,0.719258641640657,True
17,0,0,-y,True,0.8204497489484481,0.5738126696379311,lambda_row,255,0.2754966962745584,0.37534844486705765,0.5449530526738897,0.5449530526738897,False
17,0,0,-y,True,0.8204497489484481,0.5738126696379311,lambda_band,17,0.20117326556004578,-0.17285107330441463,0.6192764833884024,0.6192764833884024,True
17,0,0,-y,True,0.8204497489484481,0.5738126696379311,d_cbrt_slot,17,0.10119110730779113,-0.17285107330441463,0.719258641640657,0.719258641640657,True
17,0,0,-y,True,0.8204497489484481,0.5738126696379311,d_true_oracle,17,0.10119110730779113,-0.17285107330441463,0.719258641640657,0.719258641640657,True
17,1,0,y,False,0.6991252244084194,0.47172845931528684,shared_d,17,0.10119110730779113,-0.17285107330441463,0.5979341171006283,0.5979341171006283,True
17,1,0,y,False,0.6991252244084194,0.47172845931528684,lambda_row,256,0.7847330816529734,0.7620352925093812,-0.085607857244554,-0.085607857244554,False
17,1,0,y,False,0.6991252244084194,0.47172845931528684,lambda_band,17,-0.12782588539162987,-0.17285107330441463,0.8269511098000493,0.8269511098000493,True
17,1,0,y,False,0.6991252244084194,0.47172845931528684,d_cbrt_slot,17,0.10119110730779113,-0.17285107330441463,0.5979341171006283,0.5979341171006283,True
17,1,0,-y,False,0.6991252244084194,0.5738126696379311,shared_d,17,0.10119110730779113,-0.17285107330441463,0.5979341171006283,0.5979341171006283,True
17,1,0,-y,False,0.6991252244084194,0.5738126696379311,lambda_row,256,0.7847330816529734,0.7620352925093812,-0.085607857244554,-0.085607857244554,False
17,1,0,-y,False,0.6991252244084194,0.5738126696379311,lambda_band,17,-0.12782588539162987,-0.17285107330441463,0.8269511098000493,0.8269511098000493,True
17,1,0,-y,False,0.6991252244084194,0.5738126696379311,d_cbrt_slot,17,0.10119110730779113,-0.17285107330441463,0.5979341171006283,0.5979341171006283,True
17,2,0,y,False,0.7630171706506417,0.47172845931528684,shared_d,17,0.10119110730779113,-0.17285107330441463,0.6618260633428505,0.6618260633428505,True
17,2,0,y,False,0.7630171706506417,0.47172845931528684,lambda_row,255,0.09842222850177507,0.5005447625148491,0.6645949421488666,0.6645949421488666,False
17,2,0,y,False,0.7630171706506417,0.47172845931528684,lambda_band,17,0.11702786271674093,-0.17285107330441463,0.6459893079339007,0.6459893079339007,True
17,2,0,y,False,0.7630171706506417,0.47172845931528684,d_cbrt_slot,17,0.10119110730779113,-0.17285107330441463,0.6618260633428505,0.6618260633428505,True
17,2,0,-y,False,0.7630171706506417,0.5738126696379311,shared_d,17,0.10119110730779113,-0.17285107330441463,0.6618260633428505,0.6618260633428505,True
17,2,0,-y,False,0.7630171706506417,0.5738126696379311,lambda_row,255,0.09842222850177507,0.5005447625148491,0.6645949421488666,0.6645949421488666,False
17,2,0,-y,False,0.7630171706506417,0.5738126696379311,lambda_band,17,0.11702786271674093,-0.17285107330441463,0.6459893079339007,0.6459893079339007,True
17,2,0,-y,False,0.7630171706506417,0.5738126696379311,d_cbrt_slot,17,0.10119110730779113,-0.17285107330441463,0.6618260633428505,0.6618260633428505,True
18,0,0,y,False,0.6714133853676856,0.10433982280319753,shared_d,18,0.6271525510498002,-0.17285107330441463,0.04426083431788541,0.04426083431788541,True
18,0,0,y,False,0.6714133853676856,0.10433982280319753,lambda_row,256,0.38299987341989095,0.2666080089476708,0.28841351194779463,0.28841351194779463,False
18,0,0,y,False,0.6714133853676856,0.10433982280319753,lambda_band,18,0.5098060758142502,-0.17285107330441463,0.16160730955343539,0.16160730955343539,True
18,0,0,y,False,0.6714133853676856,0.10433982280319753,d_cbrt_slot,18,0.6271525510498002,-0.17285107330441463,0.04426083431788541,0.04426083431788541,True
18,0,0,y,False,0.6714133853676856,0.10433982280319753,d_true_oracle,18,0.6271525510498002,-0.17285107330441463,0.04426083431788541,0.04426083431788541,True
18,0,0,-y,True,0.6714133853676856,0.20101893404627447,shared_d,18,0.6271525510498002,-0.17285107330441463,0.04426083431788541,0.04426083431788541,True
18,0,0,-y,True,0.6714133853676856,0.20101893404627447,lambda_row,256,0.38299987341989095,0.2666080089476708,0.28841351194779463,0.28841351194779463,False
18,0,0,-y,True,0.6714133853676856,0.20101893404627447,lambda_band,18,0.5098060758142502,-0.17285107330441463,0.16160730955343539,0.16160730955343539,True
18,0,0,-y,True,0.6714133853676856,0.20101893404627447,d_cbrt_slot,18,0.6271525510498002,-0.17285107330441463,0.04426083431788541,0.04426083431788541,True
18,0,0,-y,True,0.6714133853676856,0.20101893404627447,d_true_oracle,18,0.6271525510498002,-0.17285107330441463,0.04426083431788541,0.04426083431788541,True
18,1,0,y,False,0.008003787683563246,0.10433982280319753,shared_d,18,0.6271525510498002,-0.17285107330441463,-0.6191487633662369,-0.6191487633662369,True
18,1,0,y,False,0.008003787683563246,0.10433982280319753,lambda_row,256,0.4863924021983905,0.12248870839000858,-0.4783886145148273,-0.4783886145148273,False
18,1,0,y,False,0.008003787683563246,0.10433982280319753,lambda_band,18,0.8036020028405204,-0.17285107330441463,-0.7955982151569572,-0.7955982151569572,True
18,1,0,y,False,0.008003787683563246,0.10433982280319753,d_cbrt_slot,18,0.6271525510498002,-0.17285107330441463,-0.6191487633662369,-0.6191487633662369,True
18,1,0,-y,False,0.008003787683563246,0.20101893404627447,shared_d,18,0.6271525510498002,-0.17285107330441463,-0.6191487633662369,-0.6191487633662369,True
18,1,0,-y,False,0.008003787683563246,0.20101893404627447,lambda_row,256,0.4863924021983905,0.12248870839000858,-0.4783886145148273,-0.4783886145148273,False
18,1,0,-y,False,0.008003787683563246,0.20101893404627447,lambda_band,18,0.8036020028405204,-0.17285107330441463,-0.7955982151569572,-0.7955982151569572,True
18,1,0,-y,False,0.008003787683563246,0.20101893404627447,d_cbrt_slot,18,0.6271525510498002,-0.17285107330441463,-0.6191487633662369,-0.6191487633662369,True
18,2,0,y,False,0.4920256978349471,0.10433982280319753,shared_d,18,0.6271525510498002,-0.17285107330441463,-0.13512685321485307,-0.13512685321485307,True
18,2,0,y,False,0.4920256978349471,0.10433982280319753,lambda_row,254,0.8161379105579698,0.6232634792627891,-0.3241122127230227,-0.3241122127230227,False
18,2,0,y,False,0.4920256978349471,0.10433982280319753,lambda_band,18,0.5305794363759375,-0.17285107330441463,-0.03855373854099042,-0.03855373854099042,True
18,2,0,y,False,0.4920256978349471,0.10433982280319753,d_cbrt_slot,18,0.6271525510498002,-0.17285107330441463,-0.13512685321485307,-0.13512685321485307,True
18,2,0,-y,False,0.4920256978349471,0.20101893404627447,shared_d,18,0.6271525510498002,-0.17285107330441463,-0.13512685321485307,-0.13512685321485307,True
18,2,0,-y,False,0.4920256978349471,0.20101893404627447,lambda_row,254,0.8161379105579698,0.6232634792627891,-0.3241122127230227,-0.3241122127230227,False
18,2,0,-y,False,0.4920256978349471,0.20101893404627447,lambda_band,18,0.5305794363759375,-0.17285107330441463,-0.03855373854099042,-0.03855373854099042,True
18,2,0,-y,False,0.4920256978349471,0.20101893404627447,d_cbrt_slot,18,0.6271525510498002,-0.17285107330441463,-0.13512685321485307,-0.13512685321485307,True
19,0,2,y,False,0.5072956021567734,0.4258403315946424,shared_d,19,0.05101140283830574,-0.17285107330441463,0.45628419931846764,0.45628419931846764,True
19,0,2,y,False,0.5072956021567734,0.4258403315946424,lambda_row,255,0.06579722673271249,0.5185841936696818,0.4414983754240609,0.4414983754240609,False
19,0,2,y,False,0.5072956021567734,0.4258403315946424,lambda_band,19,0.014891398027158331,-0.17285107330441463,0.49240420412961505,0.49240420412961505,True
19,0,2,y,False,0.5072956021567734,0.4258403315946424,d_cbrt_slot,19,0.05101140283830574,-0.17285107330441463,0.45628419931846764,0.45628419931846764,True
19,0,2,-y,False,0.5072956021567734,-0.2863029092727061,shared_d,19,0.05101140283830574,-0.17285107330441463,0.45628419931846764,0.45628419931846764,True
19,0,2,-y,False,0.5072956021567734,-0.2863029092727061,lambda_row,255,0.06579722673271249,0.5185841936696818,0.4414983754240609,0.4414983754240609,False
19,0,2,-y,False,0.5072956021567734,-0.2863029092727061,lambda_band,19,0.014891398027158331,-0.17285107330441463,0.49240420412961505,0.49240420412961505,True
19,0,2,-y,False,0.5072956021567734,-0.2863029092727061,d_cbrt_slot,19,0.05101140283830574,-0.17285107330441463,0.45628419931846764,0.45628419931846764,True
19,1,2,y,False,0.0017135211487584456,0.4258403315946424,shared_d,19,0.05101140283830574,-0.17285107330441463,-0.049297881689547296,-0.049297881689547296,True
19,1,2,y,False,0.0017135211487584456,0.4258403315946424,lambda_row,251,0.16561698497046962,0.8089005441976411,-0.16390346382171117,-0.16390346382171117,False
19,1,2,y,False,0.0017135211487584456,0.4258403315946424,lambda_band,19,0.05483461300668324,-0.17285107330441463,-0.053121091857924796,-0.053121091857924796,True
19,1,2,y,False,0.0017135211487584456,0.4258403315946424,d_cbrt_slot,19,0.05101140283830574,-0.17285107330441463,-0.049297881689547296,-0.049297881689547296,True
19,1,2,-y,False,0.0017135211487584456,-0.2863029092727061,shared_d,19,0.05101140283830574,-0.17285107330441463,-0.049297881689547296,-0.049297881689547296,True
19,1,2,-y,False,0.0017135211487584456,-0.2863029092727061,lambda_row,251,0.16561698497046962,0.8089005441976411,-0.16390346382171117,-0.16390346382171117,False
19,1,2,-y,False,0.0017135211487584456,-0.2863029092727061,lambda_band,19,0.05483461300668324,-0.17285107330441463,-0.053121091857924796,-0.053121091857924796,True
19,1,2,-y,False,0.0017135211487584456,-0.2863029092727061,d_cbrt_slot,19,0.05101140283830574,-0.17285107330441463,-0.049297881689547296,-0.049297881689547296,True
19,2,2,y,False,0.3569529012547008,0.4258403315946424,shared_d,19,0.05101140283830574,-0.17285107330441463,0.30594149841639506,0.30594149841639506,True
19,2,2,y,False,0.3569529012547008,0.4258403315946424,lambda_row,253,0.18943945577532872,0.7485166471362703,0.16751344547937208,0.16751344547937208,False
19,2,2,y,False,0.3569529012547008,0.4258403315946424,lambda_band,19,0.16496380140559097,-0.17285107330441463,0.19198909984910983,0.19198909984910983,True
19,2,2,y,False,0.3569529012547008,0.4258403315946424,d_cbrt_slot,19,0.05101140283830574,-0.17285107330441463,0.30594149841639506,0.30594149841639506,True
19,2,2,y,False,0.3569529012547008,0.4258403315946424,d_true_oracle,19,0.05101140283830574,-0.17285107330441463,0.30594149841639506,0.30594149841639506,True
19,2,2,-y,True,0.3569529012547008,-0.2863029092727061,shared_d,19,0.05101140283830574,-0.17285107330441463,0.30594149841639506,0.30594149841639506,True
19,2,2,-y,True,0.3569529012547008,-0.2863029092727061,lambda_row,253,0.18943945577532872,0.7485166471362703,0.16751344547937208,0.16751344547937208,False
19,2,2,-y,True,0.3569529012547008,-0.2863029092727061,lambda_band,19,0.16496380140559097,-0.17285107330441463,0.19198909984910983,0.19198909984910983,True
19,2,2,-y,True,0.3569529012547008,-0.2863029092727061,d_cbrt_slot,19,0.05101140283830574,-0.17285107330441463,0.30594149841639506,0.30594149841639506,True
19,2,2,-y,True,0.3569529012547008,-0.2863029092727061,d_true_oracle,19,0.05101140283830574,-0.17285107330441463,0.30594149841639506,0.30594149841639506,True
20,0,1,y,False,0.5950504420394367,0.10769514104264033,shared_d,20,0.6869143627086611,-0.17285107330441463,-0.09186392066922444,-0.09186392066922444,True
20,0,1,y,False,0.5950504420394367,0.10769514104264033,lambda_row,251,-0.11035602488730945,0.8147519191908259,0.7054064669267461,0.7054064669267461,False
20,0,1,y,False,0.5950504420394367,0.10769514104264033,lambda_band,20,0.5382213570618273,-0.17285107330441463,0.05682908497760941,0.05682908497760941,True
20,0,1,y,False,0.5950504420394367,0.10769514104264033,d_cbrt_slot,20,0.6869143627086611,-0.17285107330441463,-0.09186392066922444,-0.09186392066922444,True
20,0,1,-y,False,0.5950504420394367,0.1980716332624297,shared_d,20,0.6869143627086611,-0.17285107330441463,-0.09186392066922444,-0.09186392066922444,True
20,0,1,-y,False,0.5950504420394367,0.1980716332624297,lambda_row,251,-0.11035602488730945,0.8147519191908259,0.7054064669267461,0.7054064669267461,False
20,0,1,-y,False,0.5950504420394367,0.1980716332624297,lambda_band,20,0.5382213570618273,-0.17285107330441463,0.05682908497760941,0.05682908497760941,True
20,0,1,-y,False,0.5950504420394367,0.1980716332624297,d_cbrt_slot,20,0.6869143627086611,-0.17285107330441463,-0.09186392066922444,-0.09186392066922444,True
20,1,1,y,False,0.7840738643884606,0.10769514104264033,shared_d,20,0.6869143627086611,-0.17285107330441463,0.09715950167979948,0.09715950167979948,True
20,1,1,y,False,0.7840738643884606,0.10769514104264033,lambda_row,256,0.545218363419437,0.013091747766679873,0.23885550096902364,0.23885550096902364,False
20,1,1,y,False,0.7840738643884606,0.10769514104264033,lambda_band,20,0.5774901323823354,-0.17285107330441463,0.20658373200612523,0.20658373200612523,True
20,1,1,y,False,0.7840738643884606,0.10769514104264033,d_cbrt_slot,20,0.6869143627086611,-0.17285107330441463,0.09715950167979948,0.09715950167979948,True
20,1,1,y,False,0.7840738643884606,0.10769514104264033,d_true_oracle,20,0.6869143627086611,-0.17285107330441463,0.09715950167979948,0.09715950167979948,True
20,1,1,-y,True,0.7840738643884606,0.1980716332624297,shared_d,20,0.6869143627086611,-0.17285107330441463,0.09715950167979948,0.09715950167979948,True
20,1,1,-y,True,0.7840738643884606,0.1980716332624297,lambda_row,256,0.545218363419437,0.013091747766679873,0.23885550096902364,0.23885550096902364,False
20,1,1,-y,True,0.7840738643884606,0.1980716332624297,lambda_band,20,0.5774901323823354,-0.17285107330441463,0.20658373200612523,0.20658373200612523,True
20,1,1,-y,True,0.7840738643884606,0.1980716332624297,d_cbrt_slot,20,0.6869143627086611,-0.17285107330441463,0.09715950167979948,0.09715950167979948,True
20,1,1,-y,True,0.7840738643884606,0.1980716332624297,d_true_oracle,20,0.6869143627086611,-0.17285107330441463,0.09715950167979948,0.09715950167979948,True
20,2,1,y,False,0.43827062271152784,0.10769514104264033,shared_d,20,0.6869143627086611,-0.17285107330441463,-0.2486437399971333,-0.2486437399971333,True
20,2,1,y,False,0.43827062271152784,0.10769514104264033,lambda_row,253,-0.02825816190491537,0.7698409080619513,0.4665287846164432,0.4665287846164432,False
20,2,1,y,False,0.43827062271152784,0.10769514104264033,lambda_band,20,0.5023498521388632,-0.17285107330441463,-0.06407922942733535,-0.06407922942733535,True
20,2,1,y,False,0.43827062271152784,0.10769514104264033,d_cbrt_slot,20,0.6869143627086611,-0.17285107330441463,-0.2486437399971333,-0.2486437399971333,True
20,2,1,-y,False,0.43827062271152784,0.1980716332624297,shared_d,20,0.6869143627086611,-0.17285107330441463,-0.2486437399971333,-0.2486437399971333,True
20,2,1,-y,False,0.43827062271152784,0.1980716332624297,lambda_row,253,-0.02825816190491537,0.7698409080619513,0.4665287846164432,0.4665287846164432,False
20,2,1,-y,False,0.43827062271152784,0.1980716332624297,lambda_band,20,0.5023498521388632,-0.17285107330441463,-0.06407922942733535,-0.06407922942733535,True
20,2,1,-y,False,0.43827062271152784,0.1980716332624297,d_cbrt_slot,20,0.6869143627086611,-0.17285107330441463,-0.2486437399971333,-0.2486437399971333,True
21,0,1,y,False,0.1663380772076124,0.5136818334619875,shared_d,21,0.22163073259172883,-0.17285107330441463,-0.05529265538411643,-0.05529265538411643,True
21,0,1,y,False,0.1663380772076124,0.5136818334619875,lambda_row,256,0.7741605562686402,-0.08265648402901604,-0.6078224790610278,-0.6078224790610278,False
21,0,1,y,False,0.1663380772076124,0.5136818334619875,lambda_band,21,0.10971577493807594,-0.17285107330441463,0.05662230226953646,0.05662230226953646,True
21,0,1,y,False,0.1663380772076124,0.5136818334619875,d_cbrt_slot,21,0.22163073259172883,-0.17285107330441463,-0.05529265538411643,-0.05529265538411643,True
21,0,1,-y,False,0.1663380772076124,0.4056648562113736,shared_d,21,0.22163073259172883,-0.17285107330441463,-0.05529265538411643,-0.05529265538411643,True
21,0,1,-y,False,0.1663380772076124,0.4056648562113736,lambda_row,256,0.7741605562686402,-0.08265648402901604,-0.6078224790610278,-0.6078224790610278,False
21,0,1,-y,False,0.1663380772076124,0.4056648562113736,lambda_band,21,0.10971577493807594,-0.17285107330441463,0.05662230226953646,0.05662230226953646,True
21,0,1,-y,False,0.1663380772076124,0.4056648562113736,d_cbrt_slot,21,0.22163073259172883,-0.17285107330441463,-0.05529265538411643,-0.05529265538411643,True
21,1,1,y,False,0.18987718859921188,0.5136818334619875,shared_d,21,0.22163073259172883,-0.17285107330441463,-0.03175354399251695,-0.03175354399251695,True
21,1,1,y,False,0.18987718859921188,0.5136818334619875,lambda_row,256,0.6014106006966244,-0.12080074062629365,-0.41153341209741257,-0.41153341209741257,False
21,1,1,y,False,0.18987718859921188,0.5136818334619875,lambda_band,21,0.2208196504706823,-0.17285107330441463,-0.030942461871470428,-0.030942461871470428,True
21,1,1,y,False,0.18987718859921188,0.5136818334619875,d_cbrt_slot,21,0.22163073259172883,-0.17285107330441463,-0.03175354399251695,-0.03175354399251695,True
21,1,1,y,False,0.18987718859921188,0.5136818334619875,d_true_oracle,21,0.22163073259172883,-0.17285107330441463,-0.03175354399251695,-0.03175354399251695,True
21,1,1,-y,True,0.18987718859921188,0.4056648562113736,shared_d,21,0.22163073259172883,-0.17285107330441463,-0.03175354399251695,-0.03175354399251695,True
21,1,1,-y,True,0.18987718859921188,0.4056648562113736,lambda_row,256,0.6014106006966244,-0.12080074062629365,-0.41153341209741257,-0.41153341209741257,False
21,1,1,-y,True,0.18987718859921188,0.4056648562113736,lambda_band,21,0.2208196504706823,-0.17285107330441463,-0.030942461871470428,-0.030942461871470428,True
21,1,1,-y,True,0.18987718859921188,0.4056648562113736,d_cbrt_slot,21,0.22163073259172883,-0.17285107330441463,-0.03175354399251695,-0.03175354399251695,True
21,1,1,-y,True,0.18987718859921188,0.4056648562113736,d_true_oracle,21,0.22163073259172883,-0.17285107330441463,-0.03175354399251695,-0.03175354399251695,True
21,2,1,y,False,0.6631486357764658,0.5136818334619875,shared_d,21,0.22163073259172883,-0.17285107330441463,0.44151790318473694,0.44151790318473694,True
21,2,1,y,False,0.6631486357764658,0.5136818334619875,lambda_row,255,0.3100169425953254,0.34388344811590343,0.35313169318114035,0.35313169318114035,False
21,2,1,y,False,0.6631486357764658,0.5136818334619875,lambda_band,21,0.11100908389041919,-0.17285107330441463,0.5521395518860466,0.5521395518860466,True
21,2,1,y,False,0.6631486357764658,0.5136818334619875,d_cbrt_slot,21,0.22163073259172883,-0.17285107330441463,0.44151790318473694,0.44151790318473694,True
21,2,1,-y,False,0.6631486357764658,0.4056648562113736,shared_d,21,0.22163073259172883,-0.17285107330441463,0.44151790318473694,0.44151790318473694,True
21,2,1,-y,False,0.6631486357764658,0.4056648562113736,lambda_row,255,0.3100169425953254,0.34388344811590343,0.35313169318114035,0.35313169318114035,False
21,2,1,-y,False,0.6631486357764658,0.4056648562113736,lambda_band,21,0.11100908389041919,-0.17285107330441463,0.5521395518860466,0.5521395518860466,True
21,2,1,-y,False,0.6631486357764658,0.4056648562113736,d_cbrt_slot,21,0.22163073259172883,-0.17285107330441463,0.44151790318473694,0.44151790318473694,True
22,0,1,y,False,0.6274759142315247,0.23899697013416699,shared_d,22,0.5872162996066379,-0.17285107330441463,0.04025961462488681,0.04025961462488681,True
22,0,1,y,False,0.6274759142315247,0.23899697013416699,lambda_row,256,0.5442022901616639,0.015211831281888522,0.08327362406986083,0.08327362406986083,False
22,0,1,y,False,0.6274759142315247,0.23899697013416699,lambda_band,22,0.7526671364435717,-0.17285107330441463,-0.12519122221204704,-0.12519122221204704,True
22,0,1,y,False,0.6274759142315247,0.23899697013416699,d_cbrt_slot,22,0.5872162996066379,-0.17285107330441463,0.04025961462488681,0.04025961462488681,True
22,0,1,-y,False,0.6274759142315247,0.05831380971547162,shared_d,22,0.5872162996066379,-0.17285107330441463,0.04025961462488681,0.04025961462488681,True
22,0,1,-y,False,0.6274759142315247,0.05831380971547162,lambda_row,256,0.5442022901616639,0.015211831281888522,0.08327362406986083,0.08327362406986083,False
22,0,1,-y,False,0.6274759142315247,0.05831380971547162,lambda_band,22,0.7526671364435717,-0.17285107330441463,-0.12519122221204704,-0.12519122221204704,True
22,0,1,-y,False,0.6274759142315247,0.05831380971547162,d_cbrt_slot,22,0.5872162996066379,-0.17285107330441463,0.04025961462488681,0.04025961462488681,True
22,1,1,y,False,0.8140612416853372,0.23899697013416699,shared_d,22,0.5872162996066379,-0.17285107330441463,0.22684494207869932,0.22684494207869932,True
22,1,1,y,False,0.8140612416853372,0.23899697013416699,lambda_row,252,0.41284786610098934,0.8013056944878372,0.4012133755843479,0.4012133755843479,False
22,1,1,y,False,0.8140612416853372,0.23899697013416699,lambda_band,22,0.6477190349138198,-0.17285107330441463,0.16634220677151745,0.16634220677151745,True
22,1,1,y,False,0.8140612416853372,0.23899697013416699,d_cbrt_slot,22,0.5872162996066379,-0.17285107330441463,0.22684494207869932,0.22684494207869932,True
22,1,1,y,False,0.8140612416853372,0.23899697013416699,d_true_oracle,22,0.5872162996066379,-0.17285107330441463,0.22684494207869932,0.22684494207869932,True
22,1,1,-y,True,0.8140612416853372,0.05831380971547162,shared_d,22,0.5872162996066379,-0.17285107330441463,0.22684494207869932,0.22684494207869932,True
22,1,1,-y,True,0.8140612416853372,0.05831380971547162,lambda_row,252,0.41284786610098934,0.8013056944878372,0.4012133755843479,0.4012133755843479,False
22,1,1,-y,True,0.8140612416853372,0.05831380971547162,lambda_band,22,0.6477190349138198,-0.17285107330441463,0.16634220677151745,0.16634220677151745,True
22,1,1,-y,True,0.8140612416853372,0.05831380971547162,d_cbrt_slot,22,0.5872162996066379,-0.17285107330441463,0.22684494207869932,0.22684494207869932,True
22,1,1,-y,True,0.8140612416853372,0.05831380971547162,d_true_oracle,22,0.5872162996066379,-0.17285107330441463,0.22684494207869932,0.22684494207869932,True
22,2,1,y,False,0.41523941467532666,0.23899697013416699,shared_d,22,0.5872162996066379,-0.17285107330441463,-0.17197688493131125,-0.17197688493131125,True
22,2,1,y,False,0.41523941467532666,0.23899697013416699,lambda_row,255,0.10389531410017128,0.49739173496134015,0.3113441005751554,0.3113441005751554,False
22,2,1,y,False,0.41523941467532666,0.23899697013416699,lambda_band,22,0.6895825663473882,-0.17285107330441463,-0.2743431516720616,-0.2743431516720616,True
22,2,1,y,False,0.41523941467532666,0.23899697013416699,d_cbrt_slot,22,0.5872162996066379,-0.17285107330441463,-0.17197688493131125,-0.17197688493131125,True
22,2,1,-y,False,0.41523941467532666,0.05831380971547162,shared_d,22,0.5872162996066379,-0.17285107330441463,-0.17197688493131125,-0.17197688493131125,True
22,2,1,-y,False,0.41523941467532666,0.05831380971547162,lambda_row,255,0.10389531410017128,0.49739173496134015,0.3113441005751554,0.3113441005751554,False
22,2,1,-y,False,0.41523941467532666,0.05831380971547162,lambda_band,22,0.6895825663473882,-0.17285107330441463,-0.2743431516720616,-0.2743431516720616,True
22,2,1,-y,False,0.41523941467532666,0.05831380971547162,d_cbrt_slot,22,0.5872162996066379,-0.17285107330441463,-0.17197688493131125,-0.17197688493131125,True
23,0,2,y,False,0.3050499211831976,0.010039019073985855,shared_d,23,0.035492291589495295,-0.17285107330441463,0.26955762959370233,0.26955762959370233,True
23,0,2,y,False,0.3050499211831976,0.010039019073985855,lambda_row,256,0.48290528777663155,0.12822696830967573,-0.17785536659343393,-0.17785536659343393,False
23,0,2,y,False,0.3050499211831976,0.010039019073985855,lambda_band,23,0.31469575783438763,-0.17285107330441463,-0.00964583665119001,-0.00964583665119001,True
23,0,2,y,False,0.3050499211831976,0.010039019073985855,d_cbrt_slot,23,0.035492291589495295,-0.17285107330441463,0.26955762959370233,0.26955762959370233,True
23,0,2,-y,False,0.3050499211831976,0.2744593761270977,shared_d,23,0.035492291589495295,-0.17285107330441463,0.26955762959370233,0.26955762959370233,True
23,0,2,-y,False,0.3050499211831976,0.2744593761270977,lambda_row,256,0.48290528777663155,0.12822696830967573,-0.17785536659343393,-0.17785536659343393,False
23,0,2,-y,False,0.3050499211831976,0.2744593761270977,lambda_band,23,0.31469575783438763,-0.17285107330441463,-0.00964583665119001,-0.00964583665119001,True
23,0,2,-y,False,0.3050499211831976,0.2744593761270977,d_cbrt_slot,23,0.035492291589495295,-0.17285107330441463,0.26955762959370233,0.26955762959370233,True
23,1,2,y,False,0.3902911730906169,0.010039019073985855,shared_d,23,0.035492291589495295,-0.17285107330441463,0.3547988815011216,0.3547988815011216,True
23,1,2,y,False,0.3902911730906169,0.010039019073985855,lambda_row,254,0.45128001453085176,0.711211917302137,-0.060988841440234864,-0.060988841440234864,False
23,1,2,y,False,0.3902911730906169,0.010039019073985855,lambda_band,23,0.2171315103249274,-0.17285107330441463,0.1731596627656895,0.1731596627656895,True
23,1,2,y,False,0.3902911730906169,0.010039019073985855,d_cbrt_slot,23,0.035492291589495295,-0.17285107330441463,0.3547988815011216,0.3547988815011216,True
23,1,2,-y,False,0.3902911730906169,0.2744593761270977,shared_d,23,0.035492291589495295,-0.17285107330441463,0.3547988815011216,0.3547988815011216,True
23,1,2,-y,False,0.3902911730906169,0.2744593761270977,lambda_row,254,0.45128001453085176,0.711211917302137,-0.060988841440234864,-0.060988841440234864,False
23,1,2,-y,False,0.3902911730906169,0.2744593761270977,lambda_band,23,0.2171315103249274,-0.17285107330441463,0.1731596627656895,0.1731596627656895,True
23,1,2,-y,False,0.3902911730906169,0.2744593761270977,d_cbrt_slot,23,0.035492291589495295,-0.17285107330441463,0.3547988815011216,0.3547988815011216,True
23,2,2,y,False,0.8046907809783193,0.010039019073985855,shared_d,23,0.035492291589495295,-0.17285107330441463,0.769198489388824,0.769198489388824,True
23,2,2,y,False,0.8046907809783193,0.010039019073985855,lambda_row,256,0.5839715110998753,-0.07536983341896075,0.22071926987844392,0.22071926987844392,False
23,2,2,y,False,0.8046907809783193,0.010039019073985855,lambda_band,23,0.1404058372903485,-0.17285107330441463,0.6642849436879708,0.6642849436879708,True
23,2,2,y,False,0.8046907809783193,0.010039019073985855,d_cbrt_slot,23,0.035492291589495295,-0.17285107330441463,0.769198489388824,0.769198489388824,True
23,2,2,y,False,0.8046907809783193,0.010039019073985855,d_true_oracle,23,0.035492291589495295,-0.17285107330441463,0.769198489388824,0.769198489388824,True
23,2,2,-y,True,0.8046907809783193,0.2744593761270977,shared_d,23,0.035492291589495295,-0.17285107330441463,0.769198489388824,0.769198489388824,True
23,2,2,-y,True,0.8046907809783193,0.2744593761270977,lambda_row,256,0.5839715110998753,-0.07536983341896075,0.22071926987844392,0.22071926987844392,False
23,2,2,-y,True,0.8046907809783193,0.2744593761270977,lambda_band,23,0.1404058372903485,-0.17285107330441463,0.6642849436879708,0.6642849436879708,True
23,2,2,-y,True,0.8046907809783193,0.2744593761270977,d_cbrt_slot,23,0.035492291589495295,-0.17285107330441463,0.769198489388824,0.769198489388824,True
23,2,2,-y,True,0.8046907809783193,0.2744593761270977,d_true_oracle,23,0.035492291589495295,-0.17285107330441463,0.769198489388824,0.769198489388824,True
24,0,2,y,False,0.7784789235808773,0.5189122914902669,shared_d,24,0.7183667196698327,-0.17285107330441463,0.06011220391104466,0.06011220391104466,True
24,0,2,y,False,0.7784789235808773,0.5189122914902669,lambda_row,256,0.5864290598432689,-0.08153663906692543,0.19204986373760846,0.19204986373760846,False
24,0,2,y,False,0.7784789235808773,0.5189122914902669,lambda_band,24,0.7038327512894504,-0.17285107330441463,0.0746461722914269,0.0746461722914269,True
24,0,2,y,False,0.7784789235808773,0.5189122914902669,d_cbrt_slot,24,0.7183667196698327,-0.17285107330441463,0.06011220391104466,0.06011220391104466,True
24,0,2,-y,False,0.7784789235808773,0.38085321288245666,shared_d,24,0.7183667196698327,-0.17285107330441463,0.06011220391104466,0.06011220391104466,True
24,0,2,-y,False,0.7784789235808773,0.38085321288245666,lambda_row,256,0.5864290598432689,-0.08153663906692543,0.19204986373760846,0.19204986373760846,False
24,0,2,-y,False,0.7784789235808773,0.38085321288245666,lambda_band,24,0.7038327512894504,-0.17285107330441463,0.0746461722914269,0.0746461722914269,True
24,0,2,-y,False,0.7784789235808773,0.38085321288245666,d_cbrt_slot,24,0.7183667196698327,-0.17285107330441463,0.06011220391104466,0.06011220391104466,True
24,1,2,y,False,0.03623171883876353,0.5189122914902669,shared_d,24,0.7183667196698327,-0.17285107330441463,-0.6821350008310691,-0.6821350008310691,True
24,1,2,y,False,0.03623171883876353,0.5189122914902669,lambda_row,255,0.09012839680549689,0.5052517313144449,-0.053896677966733364,-0.053896677966733364,False
24,1,2,y,False,0.03623171883876353,0.5189122914902669,lambda_band,24,0.41030303895117193,-0.17285107330441463,-0.3740713201124084,-0.3740713201124084,True
24,1,2,y,False,0.03623171883876353,0.5189122914902669,d_cbrt_slot,24,0.7183667196698327,-0.17285107330441463,-0.6821350008310691,-0.6821350008310691,True
24,1,2,-y,False,0.03623171883876353,0.38085321288245666,shared_d,24,0.7183667196698327,-0.17285107330441463,-0.6821350008310691,-0.6821350008310691,True
24,1,2,-y,False,0.03623171883876353,0.38085321288245666,lambda_row,255,0.09012839680549689,0.5052517313144449,-0.053896677966733364,-0.053896677966733364,False
24,1,2,-y,False,0.03623171883876353,0.38085321288245666,lambda_band,24,0.41030303895117193,-0.17285107330441463,-0.3740713201124084,-0.3740713201124084,True
24,1,2,-y,False,0.03623171883876353,0.38085321288245666,d_cbrt_slot,24,0.7183667196698327,-0.17285107330441463,-0.6821350008310691,-0.6821350008310691,True
24,2,2,y,True,0.2221252422699962,0.5189122914902669,shared_d,24,0.7183667196698327,-0.17285107330441463,-0.4962414773998365,-0.4962414773998365,True
24,2,2,y,True,0.2221252422699962,0.5189122914902669,lambda_row,256,0.5674397801940643,-0.03571267041947124,-0.3453145379240681,-0.3453145379240681,False
24,2,2,y,True,0.2221252422699962,0.5189122914902669,lambda_band,24,0.5135105310440196,-0.17285107330441463,-0.29138528877402337,-0.29138528877402337,True
24,2,2,y,True,0.2221252422699962,0.5189122914902669,d_cbrt_slot,24,0.7183667196698327,-0.17285107330441463,-0.4962414773998365,-0.4962414773998365,True
24,2,2,y,True,0.2221252422699962,0.5189122914902669,d_true_oracle,24,0.7183667196698327,-0.17285107330441463,-0.4962414773998365,-0.4962414773998365,True
24,2,2,-y,False,0.2221252422699962,0.38085321288245666,shared_d,24,0.7183667196698327,-0.17285107330441463,-0.4962414773998365,-0.4962414773998365,True
24,2,2,-y,False,0.2221252422699962,0.38085321288245666,lambda_row,256,0.5674397801940643,-0.03571267041947124,-0.3453145379240681,-0.3453145379240681,False
24,2,2,-y,False,0.2221252422699962,0.38085321288245666,lambda_band,24,0.5135105310440196,-0.17285107330441463,-0.29138528877402337,-0.29138528877402337,True
24,2,2,-y,False,0.2221252422699962,0.38085321288245666,d_cbrt_slot,24,0.7183667196698327,-0.17285107330441463,-0.4962414773998365,-0.4962414773998365,True
24,2,2,-y,False,0.2221252422699962,0.38085321288245666,d_true_oracle,24,0.7183667196698327,-0.17285107330441463,-0.4962414773998365,-0.4962414773998365,True
25,0,0,y,True,0.05673392067124894,0.4155687717860843,shared_d,25,0.31917396004425136,-0.17285107330441463,-0.2624400393730024,-0.2624400393730024,True
25,0,0,y,True,0.05673392067124894,0.4155687717860843,lambda_row,252,0.5469814590471316,0.7959084745619123,-0.49024753837588264,-0.49024753837588264,False
25,0,0,y,True,0.05673392067124894,0.4155687717860843,lambda_band,25,0.19704404627577432,-0.17285107330441463,-0.14031012560452538,-0.14031012560452538,True
25,0,0,y,True,0.05673392067124894,0.4155687717860843,d_cbrt_slot,25,0.31917396004425136,-0.17285107330441463,-0.2624400393730024,-0.2624400393730024,True
25,0,0,y,True,0.05673392067124894,0.4155687717860843,d_true_oracle,25,0.31917396004425136,-0.17285107330441463,-0.2624400393730024,-0.2624400393730024,True
25,0,0,-y,False,0.05673392067124894,-0.25943779635279896,shared_d,25,0.31917396004425136,-0.17285107330441463,-0.2624400393730024,-0.2624400393730024,True
25,0,0,-y,False,0.05673392067124894,-0.25943779635279896,lambda_row,252,0.5469814590471316,0.7959084745619123,-0.49024753837588264,-0.49024753837588264,False
25,0,0,-y,False,0.05673392067124894,-0.25943779635279896,lambda_band,25,0.19704404627577432,-0.17285107330441463,-0.14031012560452538,-0.14031012560452538,True
25,0,0,-y,False,0.05673392067124894,-0.25943779635279896,d_cbrt_slot,25,0.31917396004425136,-0.17285107330441463,-0.2624400393730024,-0.2624400393730024,True
25,0,0,-y,False,0.05673392067124894,-0.25943779635279896,d_true_oracle,25,0.31917396004425136,-0.17285107330441463,-0.2624400393730024,-0.2624400393730024,True
25,1,0,y,False,0.16374279021599136,0.4155687717860843,shared_d,25,0.31917396004425136,-0.17285107330441463,-0.15543116982826,-0.15543116982826,True
25,1,0,y,False,0.16374279021599136,0.4155687717860843,lambda_row,255,0.16550797550863194,0.4591170461441152,-0.0017651852926405809,-0.0017651852926405809,False
25,1,0,y,False,0.16374279021599136,0.4155687717860843,lambda_band,25,0.13447040612701144,-0.17285107330441463,0.02927238408897992,0.02927238408897992,True
25,1,0,y,False,0.16374279021599136,0.4155687717860843,d_cbrt_slot,25,0.31917396004425136,-0.17285107330441463,-0.15543116982826,-0.15543116982826,True
25,1,0,-y,False,0.16374279021599136,-0.25943779635279896,shared_d,25,0.31917396004425136,-0.17285107330441463,-0.15543116982826,-0.15543116982826,True
25,1,0,-y,False,0.16374279021599136,-0.25943779635279896,lambda_row,255,0.16550797550863194,0.4591170461441152,-0.0017651852926405809,-0.0017651852926405809,False
25,1,0,-y,False,0.16374279021599136,-0.25943779635279896,lambda_band,25,0.13447040612701144,-0.17285107330441463,0.02927238408897992,0.02927238408897992,True
25,1,0,-y,False,0.16374279021599136,-0.25943779635279896,d_cbrt_slot,25,0.31917396004425136,-0.17285107330441463,-0.15543116982826,-0.15543116982826,True
25,2,0,y,False,0.4340513874485481,0.4155687717860843,shared_d,25,0.31917396004425136,-0.17285107330441463,0.11487742740429674,0.11487742740429674,True
25,2,0,y,False,0.4340513874485481,0.4155687717860843,lambda_row,256,0.7926389523513677,0.6171581487620443,-0.3585875649028196,-0.3585875649028196,False
25,2,0,y,False,0.4340513874485481,0.4155687717860843,lambda_band,25,0.2860740961474981,-0.17285107330441463,0.14797729130104997,0.14797729130104997,True
25,2,0,y,False,0.4340513874485481,0.4155687717860843,d_cbrt_slot,25,0.31917396004425136,-0.17285107330441463,0.11487742740429674,0.11487742740429674,True
25,2,0,-y,False,0.4340513874485481,-0.25943779635279896,shared_d,25,0.31917396004425136,-0.17285107330441463,0.11487742740429674,0.11487742740429674,True
25,2,0,-y,False,0.4340513874485481,-0.25943779635279896,lambda_row,256,0.7926389523513677,0.6171581487620443,-0.3585875649028196,-0.3585875649028196,False
25,2,0,-y,False,0.4340513874485481,-0.25943779635279896,lambda_band,25,0.2860740961474981,-0.17285107330441463,0.14797729130104997,0.14797729130104997,True
25,2,0,-y,False,0.4340513874485481,-0.25943779635279896,d_cbrt_slot,25,0.31917396004425136,-0.17285107330441463,0.11487742740429674,0.11487742740429674,True
26,0,1,y,False,0.6207689035324222,0.10057099639470835,shared_d,26,0.6775395575520236,-0.17285107330441463,-0.05677065401960135,-0.05677065401960135,True
26,0,1,y,False,0.6207689035324222,0.10057099639470835,lambda_row,256,0.6800267476412216,0.6079978071705625,-0.05925784410879942,-0.05925784410879942,False
26,0,1,y,False,0.6207689035324222,0.10057099639470835,lambda_band,26,0.5209718247281945,-0.17285107330441463,0.09979707880422772,0.09979707880422772,True
26,0,1,y,False,0.6207689035324222,0.10057099639470835,d_cbrt_slot,26,0.6775395575520236,-0.17285107330441463,-0.05677065401960135,-0.05677065401960135,True
26,0,1,-y,False,0.6207689035324222,0.633064232886241,shared_d,26,0.6775395575520236,-0.17285107330441463,-0.05677065401960135,-0.05677065401960135,True
26,0,1,-y,False,0.6207689035324222,0.633064232886241,lambda_row,256,0.6800267476412216,0.6079978071705625,-0.05925784410879942,-0.05925784410879942,False
26,0,1,-y,False,0.6207689035324222,0.633064232886241,lambda_band,26,0.5209718247281945,-0.17285107330441463,0.09979707880422772,0.09979707880422772,True
26,0,1,-y,False,0.6207689035324222,0.633064232886241,d_cbrt_slot,26,0.6775395575520236,-0.17285107330441463,-0.05677065401960135,-0.05677065401960135,True
26,1,1,y,True,-0.027290371723012186,0.10057099639470835,shared_d,26,0.6775395575520236,-0.17285107330441463,-0.7048299292750357,-0.7048299292750357,True
26,1,1,y,True,-0.027290371723012186,0.10057099639470835,lambda_row,253,0.018081942192608835,0.7658725396635901,-0.04537231391562102,-0.04537231391562102,False
26,1,1,y,True,-0.027290371723012186,0.10057099639470835,lambda_band,26,0.8017930582989194,-0.17285107330441463,-0.8290834300219316,-0.8290834300219316,True
26,1,1,y,True,-0.027290371723012186,0.10057099639470835,d_cbrt_slot,26,0.6775395575520236,-0.17285107330441463,-0.7048299292750357,-0.7048299292750357,True
26,1,1,y,True,-0.027290371723012186,0.10057099639470835,d_true_oracle,26,0.6775395575520236,-0.17285107330441463,-0.7048299292750357,-0.7048299292750357,True
26,1,1,-y,False,-0.027290371723012186,0.633064232886241,shared_d,26,0.6775395575520236,-0.17285107330441463,-0.7048299292750357,-0.7048299292750357,True
26,1,1,-y,False,-0.027290371723012186,0.633064232886241,lambda_row,253,0.018081942192608835,0.7658725396635901,-0.04537231391562102,-0.04537231391562102,False
26,1,1,-y,False,-0.027290371723012186,0.633064232886241,lambda_band,26,0.8017930582989194,-0.17285107330441463,-0.8290834300219316,-0.8290834300219316,True
26,1,1,-y,False,-0.027290371723012186,0.633064232886241,d_cbrt_slot,26,0.6775395575520236,-0.17285107330441463,-0.7048299292750357,-0.7048299292750357,True
26,1,1,-y,False,-0.027290371723012186,0.633064232886241,d_true_oracle,26,0.6775395575520236,-0.17285107330441463,-0.7048299292750357,-0.7048299292750357,True
26,2,1,y,False,0.3361897072315685,0.10057099639470835,shared_d,26,0.6775395575520236,-0.17285107330441463,-0.34134985032045506,-0.34134985032045506,True
26,2,1,y,False,0.3361897072315685,0.10057099639470835,lambda_row,256,0.5806988862550924,-0.06727078224641048,-0.24450917902352387,-0.24450917902352387,False
26,2,1,y,False,0.3361897072315685,0.10057099639470835,lambda_band,26,0.5726044096537724,-0.17285107330441463,-0.23641470242220386,-0.23641470242220386,True
26,2,1,y,False,0.3361897072315685,0.10057099639470835,d_cbrt_slot,26,0.6775395575520236,-0.17285107330441463,-0.34134985032045506,-0.34134985032045506,True
26,2,1,-y,False,0.3361897072315685,0.633064232886241,shared_d,26,0.6775395575520236,-0.17285107330441463,-0.34134985032045506,-0.34134985032045506,True
26,2,1,-y,False,0.3361897072315685,0.633064232886241,lambda_row,256,0.5806988862550924,-0.06727078224641048,-0.24450917902352387,-0.24450917902352387,False
26,2,1,-y,False,0.3361897072315685,0.633064232886241,lambda_band,26,0.5726044096537724,-0.17285107330441463,-0.23641470242220386,-0.23641470242220386,True
26,2,1,-y,False,0.3361897072315685,0.633064232886241,d_cbrt_slot,26,0.6775395575520236,-0.17285107330441463,-0.34134985032045506,-0.34134985032045506,True
27,0,0,y,True,0.19177826204877135,0.5049724251026078,shared_d,27,0.1962881901749043,-0.17285107330441463,-0.004509928126132934,-0.004509928126132934,True
27,0,0,y,True,0.19177826204877135,0.5049724251026078,lambda_row,256,0.45409457359650673,0.1729883449428229,-0.2623163115477354,-0.2623163115477354,False
27,0,0,y,True,0.19177826204877135,0.5049724251026078,lambda_band,27,0.28779248477276376,-0.17285107330441463,-0.0960142227239924,-0.0960142227239924,True
27,0,0,y,True,0.19177826204877135,0.5049724251026078,d_cbrt_slot,27,0.1962881901749043,-0.17285107330441463,-0.004509928126132934,-0.004509928126132934,True
27,0,0,y,True,0.19177826204877135,0.5049724251026078,d_true_oracle,27,0.1962881901749043,-0.17285107330441463,-0.004509928126132934,-0.004509928126132934,True
27,0,0,-y,False,0.19177826204877135,0.645075645527811,shared_d,27,0.1962881901749043,-0.17285107330441463,-0.004509928126132934,-0.004509928126132934,True
27,0,0,-y,False,0.19177826204877135,0.645075645527811,lambda_row,256,0.45409457359650673,0.1729883449428229,-0.2623163115477354,-0.2623163115477354,False
27,0,0,-y,False,0.19177826204877135,0.645075645527811,lambda_band,27,0.28779248477276376,-0.17285107330441463,-0.0960142227239924,-0.0960142227239924,True
27,0,0,-y,False,0.19177826204877135,0.645075645527811,d_cbrt_slot,27,0.1962881901749043,-0.17285107330441463,-0.004509928126132934,-0.004509928126132934,True
27,0,0,-y,False,0.19177826204877135,0.645075645527811,d_true_oracle,27,0.1962881901749043,-0.17285107330441463,-0.004509928126132934,-0.004509928126132934,True
27,1,0,y,False,0.0274216668876619,0.5049724251026078,shared_d,27,0.1962881901749043,-0.17285107330441463,-0.1688665232872424,-0.1688665232872424,True
27,1,0,y,False,0.0274216668876619,0.5049724251026078,lambda_row,256,0.6073025957323637,-0.13708411333206527,-0.5798809288447018,-0.5798809288447018,False
27,1,0,y,False,0.0274216668876619,0.5049724251026078,lambda_band,27,-0.126127924365953,-0.17285107330441463,0.1535495912536149,0.1535495912536149,True
27,1,0,y,False,0.0274216668876619,0.5049724251026078,d_cbrt_slot,27,0.1962881901749043,-0.17285107330441463,-0.1688665232872424,-0.1688665232872424,True
27,1,0,-y,False,0.0274216668876619,0.645075645527811,shared_d,27,0.1962881901749043,-0.17285107330441463,-0.1688665232872424,-0.1688665232872424,True
27,1,0,-y,False,0.0274216668876619,0.645075645527811,lambda_row,256,0.6073025957323637,-0.13708411333206527,-0.5798809288447018,-0.5798809288447018,False
27,1,0,-y,False,0.0274216668876619,0.645075645527811,lambda_band,27,-0.126127924365953,-0.17285107330441463,0.1535495912536149,0.1535495912536149,True
27,1,0,-y,False,0.0274216668876619,0.645075645527811,d_cbrt_slot,27,0.1962881901749043,-0.17285107330441463,-0.1688665232872424,-0.1688665232872424,True
27,2,0,y,False,0.41707842584541766,0.5049724251026078,shared_d,27,0.1962881901749043,-0.17285107330441463,0.22079023567051337,0.22079023567051337,True
27,2,0,y,False,0.41707842584541766,0.5049724251026078,lambda_row,256,0.7669994415151962,0.0052480669469474606,-0.3499210156697785,-0.3499210156697785,False
27,2,0,y,False,0.41707842584541766,0.5049724251026078,lambda_band,27,0.10880433564079262,-0.17285107330441463,0.30827409020462504,0.30827409020462504,True
27,2,0,y,False,0.41707842584541766,0.5049724251026078,d_cbrt_slot,27,0.1962881901749043,-0.17285107330441463,0.22079023567051337,0.22079023567051337,True
27,2,0,-y,False,0.41707842584541766,0.645075645527811,shared_d,27,0.1962881901749043,-0.17285107330441463,0.22079023567051337,0.22079023567051337,True
27,2,0,-y,False,0.41707842584541766,0.645075645527811,lambda_row,256,0.7669994415151962,0.0052480669469474606,-0.3499210156697785,-0.3499210156697785,False
27,2,0,-y,False,0.41707842584541766,0.645075645527811,lambda_band,27,0.10880433564079262,-0.17285107330441463,0.30827409020462504,0.30827409020462504,True
27,2,0,-y,False,0.41707842584541766,0.645075645527811,d_cbrt_slot,27,0.1962881901749043,-0.17285107330441463,0.22079023567051337,0.22079023567051337,True
28,0,2,y,False,0.3842378918214706,0.6256788858885898,shared_d,28,0.7082206283429855,-0.17285107330441463,-0.3239827365215149,-0.3239827365215149,True
28,0,2,y,False,0.3842378918214706,0.6256788858885898,lambda_row,256,0.387915379651119,0.26078866118186284,-0.003677487829648385,-0.003677487829648385,False
28,0,2,y,False,0.3842378918214706,0.6256788858885898,lambda_band,28,0.6963103747450798,-0.17285107330441463,-0.31207248292360923,-0.31207248292360923,True
28,0,2,y,False,0.3842378918214706,0.6256788858885898,d_cbrt_slot,28,0.7082206283429855,-0.17285107330441463,-0.3239827365215149,-0.3239827365215149,True
28,0,2,-y,False,0.3842378918214706,0.31221020974321334,shared_d,28,0.7082206283429855,-0.17285107330441463,-0.3239827365215149,-0.3239827365215149,True
28,0,2,-y,False,0.3842378918214706,0.31221020974321334,lambda_row,256,0.387915379651119,0.26078866118186284,-0.003677487829648385,-0.003677487829648385,False
28,0,2,-y,False,0.3842378918214706,0.31221020974321334,lambda_band,28,0.6963103747450798,-0.17285107330441463,-0.31207248292360923,-0.31207248292360923,True
28,0,2,-y,False,0.3842378918214706,0.31221020974321334,d_cbrt_slot,28,0.7082206283429855,-0.17285107330441463,-0.3239827365215149,-0.3239827365215149,True
28,1,2,y,False,0.3895106474063965,0.6256788858885898,shared_d,28,0.7082206283429855,-0.17285107330441463,-0.318709980936589,-0.318709980936589,True
28,1,2,y,False,0.3895106474063965,0.6256788858885898,lambda_row,255,0.1109871855337019,0.4932494939972685,0.2785234618726946,0.2785234618726946,False
28,1,2,y,False,0.3895106474063965,0.6256788858885898,lambda_band,28,0.8026633483170489,-0.17285107330441463,-0.41315270091065237,-0.41315270091065237,True
28,1,2,y,False,0.3895106474063965,0.6256788858885898,d_cbrt_slot,28,0.7082206283429855,-0.17285107330441463,-0.318709980936589,-0.318709980936589,True
28,1,2,-y,False,0.3895106474063965,0.31221020974321334,shared_d,28,0.7082206283429855,-0.17285107330441463,-0.318709980936589,-0.318709980936589,True
28,1,2,-y,False,0.3895106474063965,0.31221020974321334,lambda_row,255,0.1109871855337019,0.4932494939972685,0.2785234618726946,0.2785234618726946,False
28,1,2,-y,False,0.3895106474063965,0.31221020974321334,lambda_band,28,0.8026633483170489,-0.17285107330441463,-0.41315270091065237,-0.41315270091065237,True
28,1,2,-y,False,0.3895106474063965,0.31221020974321334,d_cbrt_slot,28,0.7082206283429855,-0.17285107330441463,-0.318709980936589,-0.318709980936589,True
28,2,2,y,False,0.7620227224943648,0.6256788858885898,shared_d,28,0.7082206283429855,-0.17285107330441463,0.053802094151379265,0.053802094151379265,True
28,2,2,y,False,0.7620227224943648,0.6256788858885898,lambda_row,255,0.16435327663296562,0.459884619396945,0.5976694458613991,0.5976694458613991,False
28,2,2,y,False,0.7620227224943648,0.6256788858885898,lambda_band,28,0.6152749777930264,-0.17285107330441463,0.14674774470133833,0.14674774470133833,True
28,2,2,y,False,0.7620227224943648,0.6256788858885898,d_cbrt_slot,28,0.7082206283429855,-0.17285107330441463,0.053802094151379265,0.053802094151379265,True
28,2,2,y,False,0.7620227224943648,0.6256788858885898,d_true_oracle,28,0.7082206283429855,-0.17285107330441463,0.053802094151379265,0.053802094151379265,True
28,2,2,-y,True,0.7620227224943648,0.31221020974321334,shared_d,28,0.7082206283429855,-0.17285107330441463,0.053802094151379265,0.053802094151379265,True
28,2,2,-y,True,0.7620227224943648,0.31221020974321334,lambda_row,255,0.16435327663296562,0.459884619396945,0.5976694458613991,0.5976694458613991,False
28,2,2,-y,True,0.7620227224943648,0.31221020974321334,lambda_band,28,0.6152749777930264,-0.17285107330441463,0.14674774470133833,0.14674774470133833,True
28,2,2,-y,True,0.7620227224943648,0.31221020974321334,d_cbrt_slot,28,0.7082206283429855,-0.17285107330441463,0.053802094151379265,0.053802094151379265,True
28,2,2,-y,True,0.7620227224943648,0.31221020974321334,d_true_oracle,28,0.7082206283429855,-0.17285107330441463,0.053802094151379265,0.053802094151379265,True
29,0,2,y,False,-0.17092891184617542,0.3305872071455269,shared_d,29,0.116138572094318,-0.17285107330441463,-0.2870674839404934,-0.2870674839404934,True
29,0,2,y,False,-0.17092891184617542,0.3305872071455269,lambda_row,254,0.5299144227938655,0.6965786274759864,-0.7008433346400409,-0.7008433346400409,False
29,0,2,y,False,-0.17092891184617542,0.3305872071455269,lambda_band,29,0.20685624245577117,-0.17285107330441463,-0.3777851543019466,-0.3777851543019466,True
29,0,2,y,False,-0.17092891184617542,0.3305872071455269,d_cbrt_slot,29,0.116138572094318,-0.17285107330441463,-0.2870674839404934,-0.2870674839404934,True
29,0,2,-y,False,-0.17092891184617542,0.6249251863296763,shared_d,29,0.116138572094318,-0.17285107330441463,-0.2870674839404934,-0.2870674839404934,True
29,0,2,-y,False,-0.17092891184617542,0.6249251863296763,lambda_row,254,0.5299144227938655,0.6965786274759864,-0.7008433346400409,-0.7008433346400409,False
29,0,2,-y,False,-0.17092891184617542,0.6249251863296763,lambda_band,29,0.20685624245577117,-0.17285107330441463,-0.3777851543019466,-0.3777851543019466,True
29,0,2,-y,False,-0.17092891184617542,0.6249251863296763,d_cbrt_slot,29,0.116138572094318,-0.17285107330441463,-0.2870674839404934,-0.2870674839404934,True
29,1,2,y,False,0.0160743511058854,0.3305872071455269,shared_d,29,0.116138572094318,-0.17285107330441463,-0.1000642209884326,-0.1000642209884326,True
29,1,2,y,False,0.0160743511058854,0.3305872071455269,lambda_row,256,0.8130202781219538,-0.016903410392785645,-0.7969459270160684,-0.7969459270160684,False
29,1,2,y,False,0.0160743511058854,0.3305872071455269,lambda_band,29,0.17609297239768118,-0.17285107330441463,-0.16001862129179578,-0.16001862129179578,True
29,1,2,y,False,0.0160743511058854,0.3305872071455269,d_cbrt_slot,29,0.116138572094318,-0.17285107330441463,-0.1000642209884326,-0.1000642209884326,True
29,1,2,-y,False,0.0160743511058854,0.6249251863296763,shared_d,29,0.116138572094318,-0.17285107330441463,-0.1000642209884326,-0.1000642209884326,True
29,1,2,-y,False,0.0160743511058854,0.6249251863296763,lambda_row,256,0.8130202781219538,-0.016903410392785645,-0.7969459270160684,-0.7969459270160684,False
29,1,2,-y,False,0.0160743511058854,0.6249251863296763,lambda_band,29,0.17609297239768118,-0.17285107330441463,-0.16001862129179578,-0.16001862129179578,True
29,1,2,-y,False,0.0160743511058854,0.6249251863296763,d_cbrt_slot,29,0.116138572094318,-0.17285107330441463,-0.1000642209884326,-0.1000642209884326,True
29,2,2,y,False,0.20903616334898345,0.3305872071455269,shared_d,29,0.116138572094318,-0.17285107330441463,0.09289759125466546,0.09289759125466546,True
29,2,2,y,False,0.20903616334898345,0.3305872071455269,lambda_row,254,0.3313578016634864,0.730223110138212,-0.12232163831450293,-0.12232163831450293,False
29,2,2,y,False,0.20903616334898345,0.3305872071455269,lambda_band,29,-0.020020106097204504,-0.17285107330441463,0.22905626944618795,0.22905626944618795,True
29,2,2,y,False,0.20903616334898345,0.3305872071455269,d_cbrt_slot,29,0.116138572094318,-0.17285107330441463,0.09289759125466546,0.09289759125466546,True
29,2,2,y,False,0.20903616334898345,0.3305872071455269,d_true_oracle,29,0.116138572094318,-0.17285107330441463,0.09289759125466546,0.09289759125466546,True
29,2,2,-y,True,0.20903616334898345,0.6249251863296763,shared_d,29,0.116138572094318,-0.17285107330441463,0.09289759125466546,0.09289759125466546,True
29,2,2,-y,True,0.20903616334898345,0.6249251863296763,lambda_row,254,0.3313578016634864,0.730223110138212,-0.12232163831450293,-0.12232163831450293,False
29,2,2,-y,True,0.20903616334898345,0.6249251863296763,lambda_band,29,-0.020020106097204504,-0.17285107330441463,0.22905626944618795,0.22905626944618795,True
29,2,2,-y,True,0.20903616334898345,0.6249251863296763,d_cbrt_slot,29,0.116138572094318,-0.17285107330441463,0.09289759125466546,0.09289759125466546,True
29,2,2,-y,True,0.20903616334898345,0.6249251863296763,d_true_oracle,29,0.116138572094318,-0.17285107330441463,0.09289759125466546,0.09289759125466546,True
30,0,0,y,False,0.6860247430235944,-0.19190754628570517,shared_d,30,0.7993586557367838,-0.17285107330441463,-0.11333391271318938,-0.11333391271318938,True
30,0,0,y,False,0.6860247430235944,-0.19190754628570517,lambda_row,254,0.6215481286196933,0.6769254564253657,0.06447661440390107,0.06447661440390107,False
30,0,0,y,False,0.6860247430235944,-0.19190754628570517,lambda_band,30,0.3996089715441826,-0.17285107330441463,0.2864157714794118,0.2864157714794118,True
30,0,0,y,False,0.6860247430235944,-0.19190754628570517,d_cbrt_slot,30,0.7993586557367838,-0.17285107330441463,-0.11333391271318938,-0.11333391271318938,True
30,0,0,y,False,0.6860247430235944,-0.19190754628570517,d_true_oracle,30,0.7993586557367838,-0.17285107330441463,-0.11333391271318938,-0.11333391271318938,True
30,0,0,-y,True,0.6860247430235944,0.3872490943476805,shared_d,30,0.7993586557367838,-0.17285107330441463,-0.11333391271318938,-0.11333391271318938,True
30,0,0,-y,True,0.6860247430235944,0.3872490943476805,lambda_row,254,0.6215481286196933,0.6769254564253657,0.06447661440390107,0.06447661440390107,False
30,0,0,-y,True,0.6860247430235944,0.3872490943476805,lambda_band,30,0.3996089715441826,-0.17285107330441463,0.2864157714794118,0.2864157714794118,True
30,0,0,-y,True,0.6860247430235944,0.3872490943476805,d_cbrt_slot,30,0.7993586557367838,-0.17285107330441463,-0.11333391271318938,-0.11333391271318938,True
30,0,0,-y,True,0.6860247430235944,0.3872490943476805,d_true_oracle,30,0.7993586557367838,-0.17285107330441463,-0.11333391271318938,-0.11333391271318938,True
30,1,0,y,False,0.10774754294455136,-0.19190754628570517,shared_d,30,0.7993586557367838,-0.17285107330441463,-0.6916111127922324,-0.6916111127922324,True
30,1,0,y,False,0.10774754294455136,-0.19190754628570517,lambda_row,256,0.6832655130094025,0.5935055560759679,-0.5755179700648512,-0.5755179700648512,False
30,1,0,y,False,0.10774754294455136,-0.19190754628570517,lambda_band,30,0.7123222544373746,-0.17285107330441463,-0.6045747114928233,-0.6045747114928233,True
30,1,0,y,False,0.10774754294455136,-0.19190754628570517,d_cbrt_slot,30,0.7993586557367838,-0.17285107330441463,-0.6916111127922324,-0.6916111127922324,True
30,1,0,-y,False,0.10774754294455136,0.3872490943476805,shared_d,30,0.7993586557367838,-0.17285107330441463,-0.6916111127922324,-0.6916111127922324,True
30,1,0,-y,False,0.10774754294455136,0.3872490943476805,lambda_row,256,0.6832655130094025,0.5935055560759679,-0.5755179700648512,-0.5755179700648512,False
30,1,0,-y,False,0.10774754294455136,0.3872490943476805,lambda_band,30,0.7123222544373746,-0.17285107330441463,-0.6045747114928233,-0.6045747114928233,True
30,1,0,-y,False,0.10774754294455136,0.3872490943476805,d_cbrt_slot,30,0.7993586557367838,-0.17285107330441463,-0.6916111127922324,-0.6916111127922324,True
30,2,0,y,False,0.433878474257682,-0.19190754628570517,shared_d,30,0.7993586557367838,-0.17285107330441463,-0.3654801814791018,-0.3654801814791018,True
30,2,0,y,False,0.433878474257682,-0.19190754628570517,lambda_row,248,0.3683828996587266,0.8256556188024575,0.06549557459895539,0.06549557459895539,False
30,2,0,y,False,0.433878474257682,-0.19190754628570517,lambda_band,30,0.5854466492547044,-0.17285107330441463,-0.15156817499702235,-0.15156817499702235,True
30,2,0,y,False,0.433878474257682,-0.19190754628570517,d_cbrt_slot,30,0.7993586557367838,-0.17285107330441463,-0.3654801814791018,-0.3654801814791018,True
30,2,0,-y,False,0.433878474257682,0.3872490943476805,shared_d,30,0.7993586557367838,-0.17285107330441463,-0.3654801814791018,-0.3654801814791018,True
30,2,0,-y,False,0.433878474257682,0.3872490943476805,lambda_row,248,0.3683828996587266,0.8256556188024575,0.06549557459895539,0.06549557459895539,False
30,2,0,-y,False,0.433878474257682,0.3872490943476805,lambda_band,30,0.5854466492547044,-0.17285107330441463,-0.15156817499702235,-0.15156817499702235,True
30,2,0,-y,False,0.433878474257682,0.3872490943476805,d_cbrt_slot,30,0.7993586557367838,-0.17285107330441463,-0.3654801814791018,-0.3654801814791018,True
31,0,2,y,False,0.7626150170904253,-0.29753261611091375,shared_d,31,0.31184001583588206,-0.17285107330441463,0.4507750012545433,0.4507750012545433,True
31,0,2,y,False,0.7626150170904253,-0.29753261611091375,lambda_row,256,0.4501818066093932,0.17872714080309038,0.3124332104810321,0.3124332104810321,False
31,0,2,y,False,0.7626150170904253,-0.29753261611091375,lambda_band,31,-0.1556495405459657,-0.17285107330441463,0.918264557636391,0.918264557636391,True
31,0,2,y,False,0.7626150170904253,-0.29753261611091375,d_cbrt_slot,31,0.31184001583588206,-0.17285107330441463,0.4507750012545433,0.4507750012545433,True
31,0,2,-y,False,0.7626150170904253,0.42998025717643884,shared_d,31,0.31184001583588206,-0.17285107330441463,0.4507750012545433,0.4507750012545433,True
31,0,2,-y,False,0.7626150170904253,0.42998025717643884,lambda_row,256,0.4501818066093932,0.17872714080309038,0.3124332104810321,0.3124332104810321,False
31,0,2,-y,False,0.7626150170904253,0.42998025717643884,lambda_band,31,-0.1556495405459657,-0.17285107330441463,0.918264557636391,0.918264557636391,True
31,0,2,-y,False,0.7626150170904253,0.42998025717643884,d_cbrt_slot,31,0.31184001583588206,-0.17285107330441463,0.4507750012545433,0.4507750012545433,True
31,1,2,y,False,0.7997641815545791,-0.29753261611091375,shared_d,31,0.31184001583588206,-0.17285107330441463,0.487924165718697,0.487924165718697,True
31,1,2,y,False,0.7997641815545791,-0.29753261611091375,lambda_row,256,0.7528308669731985,0.15085403664279795,0.046933314581380614,0.046933314581380614,False
31,1,2,y,False,0.7997641815545791,-0.29753261611091375,lambda_band,31,0.24275869942808193,-0.17285107330441463,0.5570054821264971,0.5570054821264971,True
31,1,2,y,False,0.7997641815545791,-0.29753261611091375,d_cbrt_slot,31,0.31184001583588206,-0.17285107330441463,0.487924165718697,0.487924165718697,True
31,1,2,-y,False,0.7997641815545791,0.42998025717643884,shared_d,31,0.31184001583588206,-0.17285107330441463,0.487924165718697,0.487924165718697,True
31,1,2,-y,False,0.7997641815545791,0.42998025717643884,lambda_row,256,0.7528308669731985,0.15085403664279795,0.046933314581380614,0.046933314581380614,False
31,1,2,-y,False,0.7997641815545791,0.42998025717643884,lambda_band,31,0.24275869942808193,-0.17285107330441463,0.5570054821264971,0.5570054821264971,True
31,1,2,-y,False,0.7997641815545791,0.42998025717643884,d_cbrt_slot,31,0.31184001583588206,-0.17285107330441463,0.487924165718697,0.487924165718697,True
31,2,2,y,True,0.3701432259514661,-0.29753261611091375,shared_d,31,0.31184001583588206,-0.17285107330441463,0.05830321011558404,0.05830321011558404,True
31,2,2,y,True,0.3701432259514661,-0.29753261611091375,lambda_row,255,0.27227840733220887,0.37813905726910946,0.09786481861925722,0.09786481861925722,False
31,2,2,y,True,0.3701432259514661,-0.29753261611091375,lambda_band,31,0.19925318579798912,-0.17285107330441463,0.17089004015347697,0.17089004015347697,True
31,2,2,y,True,0.3701432259514661,-0.29753261611091375,d_cbrt_slot,31,0.31184001583588206,-0.17285107330441463,0.05830321011558404,0.05830321011558404,True
31,2,2,y,True,0.3701432259514661,-0.29753261611091375,d_true_oracle,31,0.31184001583588206,-0.17285107330441463,0.05830321011558404,0.05830321011558404,True
31,2,2,-y,False,0.3701432259514661,0.42998025717643884,shared_d,31,0.31184001583588206,-0.17285107330441463,0.05830321011558404,0.05830321011558404,True
31,2,2,-y,False,0.3701432259514661,0.42998025717643884,lambda_row,255,0.27227840733220887,0.37813905726910946,0.09786481861925722,0.09786481861925722,False
31,2,2,-y,False,0.3701432259514661,0.42998025717643884,lambda_band,31,0.19925318579798912,-0.17285107330441463,0.17089004015347697,0.17089004015347697,True
31,2,2,-y,False,0.3701432259514661,0.42998025717643884,d_cbrt_slot,31,0.31184001583588206,-0.17285107330441463,0.05830321011558404,0.05830321011558404,True
31,2,2,-y,False,0.3701432259514661,0.42998025717643884,d_true_oracle,31,0.31184001583588206,-0.17285107330441463,0.05830321011558404,0.05830321011558404,True
32,0,0,y,True,0.4714403335911612,-0.18641304636508949,shared_d,32,0.5904390313595407,-0.17285107330441463,-0.11899869776837946,-0.11899869776837946,True
32,0,0,y,True,0.4714403335911612,-0.18641304636508949,lambda_row,256,0.5840517242185399,-0.07556995449709802,-0.11261139062737868,-0.11261139062737868,False
32,0,0,y,True,0.4714403335911612,-0.18641304636508949,lambda_band,32,0.4878820975134026,-0.17285107330441463,-0.016441763922241392,-0.016441763922241392,True
32,0,0,y,True,0.4714403335911612,-0.18641304636508949,d_cbrt_slot,32,0.5904390313595407,-0.17285107330441463,-0.11899869776837946,-0.11899869776837946,True
32,0,0,y,True,0.4714403335911612,-0.18641304636508949,d_true_oracle,32,0.5904390313595407,-0.17285107330441463,-0.11899869776837946,-0.11899869776837946,True
32,0,0,-y,False,0.4714403335911612,0.3847737185647162,shared_d,32,0.5904390313595407,-0.17285107330441463,-0.11899869776837946,-0.11899869776837946,True
32,0,0,-y,False,0.4714403335911612,0.3847737185647162,lambda_row,256,0.5840517242185399,-0.07556995449709802,-0.11261139062737868,-0.11261139062737868,False
32,0,0,-y,False,0.4714403335911612,0.3847737185647162,lambda_band,32,0.4878820975134026,-0.17285107330441463,-0.016441763922241392,-0.016441763922241392,True
32,0,0,-y,False,0.4714403335911612,0.3847737185647162,d_cbrt_slot,32,0.5904390313595407,-0.17285107330441463,-0.11899869776837946,-0.11899869776837946,True
32,0,0,-y,False,0.4714403335911612,0.3847737185647162,d_true_oracle,32,0.5904390313595407,-0.17285107330441463,-0.11899869776837946,-0.11899869776837946,True
32,1,0,y,False,0.803959775912162,-0.18641304636508949,shared_d,32,0.5904390313595407,-0.17285107330441463,0.21352074455262127,0.21352074455262127,True
32,1,0,y,False,0.803959775912162,-0.18641304636508949,lambda_row,255,0.20872607955277545,0.428844324848896,0.5952336963593865,0.5952336963593865,False
32,1,0,y,False,0.803959775912162,-0.18641304636508949,lambda_band,32,0.39006386731028897,-0.17285107330441463,0.413895908601873,0.413895908601873,True
32,1,0,y,False,0.803959775912162,-0.18641304636508949,d_cbrt_slot,32,0.5904390313595407,-0.17285107330441463,0.21352074455262127,0.21352074455262127,True
32,1,0,-y,False,0.803959775912162,0.3847737185647162,shared_d,32,0.5904390313595407,-0.17285107330441463,0.21352074455262127,0.21352074455262127,True
32,1,0,-y,False,0.803959775912162,0.3847737185647162,lambda_row,255,0.20872607955277545,0.428844324848896,0.5952336963593865,0.5952336963593865,False
32,1,0,-y,False,0.803959775912162,0.3847737185647162,lambda_band,32,0.39006386731028897,-0.17285107330441463,0.413895908601873,0.413895908601873,True
32,1,0,-y,False,0.803959775912162,0.3847737185647162,d_cbrt_slot,32,0.5904390313595407,-0.17285107330441463,0.21352074455262127,0.21352074455262127,True
32,2,0,y,False,0.8224200108033557,-0.18641304636508949,shared_d,32,0.5904390313595407,-0.17285107330441463,0.23198097944381502,0.23198097944381502,True
32,2,0,y,False,0.8224200108033557,-0.18641304636508949,lambda_row,253,0.06336447139474899,0.7617171775245026,0.7590555394086067,0.7590555394086067,False
32,2,0,y,False,0.8224200108033557,-0.18641304636508949,lambda_band,32,0.49446835375570153,-0.17285107330441463,0.32795165704765417,0.32795165704765417,True
32,2,0,y,False,0.8224200108033557,-0.18641304636508949,d_cbrt_slot,32,0.5904390313595407,-0.17285107330441463,0.23198097944381502,0.23198097944381502,True
32,2,0,-y,False,0.8224200108033557,0.3847737185647162,shared_d,32,0.5904390313595407,-0.17285107330441463,0.23198097944381502,0.23198097944381502,True
32,2,0,-y,False,0.8224200108033557,0.3847737185647162,lambda_row,253,0.06336447139474899,0.7617171775245026,0.7590555394086067,0.7590555394086067,False
32,2,0,-y,False,0.8224200108033557,0.3847737185647162,lambda_band,32,0.49446835375570153,-0.17285107330441463,0.32795165704765417,0.32795165704765417,True
32,2,0,-y,False,0.8224200108033557,0.3847737185647162,d_cbrt_slot,32,0.5904390313595407,-0.17285107330441463,0.23198097944381502,0.23198097944381502,True
33,0,1,y,False,0.17004419306722696,0.6426897941525596,shared_d,33,0.19352849900951696,-0.17285107330441463,-0.023484305942290007,-0.023484305942290007,True
33,0,1,y,False,0.17004419306722696,0.6426897941525596,lambda_row,255,0.26384574203738964,0.3853422363367116,-0.09380154897016268,-0.09380154897016268,False
33,0,1,y,False,0.17004419306722696,0.6426897941525596,lambda_band,33,-0.1609328659992535,-0.17285107330441463,0.33097705906648045,0.33097705906648045,True
33,0,1,y,False,0.17004419306722696,0.6426897941525596,d_cbrt_slot,33,0.19352849900951696,-0.17285107330441463,-0.023484305942290007,-0.023484305942290007,True
33,0,1,-y,False,0.17004419306722696,-0.33024628083923346,shared_d,33,0.19352849900951696,-0.17285107330441463,-0.023484305942290007,-0.023484305942290007,True
33,0,1,-y,False,0.17004419306722696,-0.33024628083923346,lambda_row,255,0.26384574203738964,0.3853422363367116,-0.09380154897016268,-0.09380154897016268,False
33,0,1,-y,False,0.17004419306722696,-0.33024628083923346,lambda_band,33,-0.1609328659992535,-0.17285107330441463,0.33097705906648045,0.33097705906648045,True
33,0,1,-y,False,0.17004419306722696,-0.33024628083923346,d_cbrt_slot,33,0.19352849900951696,-0.17285107330441463,-0.023484305942290007,-0.023484305942290007,True
33,1,1,y,False,0.5029923762175059,0.6426897941525596,shared_d,33,0.19352849900951696,-0.17285107330441463,0.30946387720798896,0.30946387720798896,True
33,1,1,y,False,0.5029923762175059,0.6426897941525596,lambda_row,255,0.297621149624149,0.3555153897844576,0.20537122659335694,0.20537122659335694,False
33,1,1,y,False,0.5029923762175059,0.6426897941525596,lambda_band,33,0.046815166368251226,-0.17285107330441463,0.4561772098492547,0.4561772098492547,True
33,1,1,y,False,0.5029923762175059,0.6426897941525596,d_cbrt_slot,33,0.19352849900951696,-0.17285107330441463,0.30946387720798896,0.30946387720798896,True
33,1,1,y,False,0.5029923762175059,0.6426897941525596,d_true_oracle,33,0.19352849900951696,-0.17285107330441463,0.30946387720798896,0.30946387720798896,True
33,1,1,-y,True,0.5029923762175059,-0.33024628083923346,shared_d,33,0.19352849900951696,-0.17285107330441463,0.30946387720798896,0.30946387720798896,True
33,1,1,-y,True,0.5029923762175059,-0.33024628083923346,lambda_row,255,0.297621149624149,0.3555153897844576,0.20537122659335694,0.20537122659335694,False
33,1,1,-y,True,0.5029923762175059,-0.33024628083923346,lambda_band,33,0.046815166368251226,-0.17285107330441463,0.4561772098492547,0.4561772098492547,True
33,1,1,-y,True,0.5029923762175059,-0.33024628083923346,d_cbrt_slot,33,0.19352849900951696,-0.17285107330441463,0.30946387720798896,0.30946387720798896,True
33,1,1,-y,True,0.5029923762175059,-0.33024628083923346,d_true_oracle,33,0.19352849900951696,-0.17285107330441463,0.30946387720798896,0.30946387720798896,True
33,2,1,y,False,0.797573058518239,0.6426897941525596,shared_d,33,0.19352849900951696,-0.17285107330441463,0.604044559508722,0.604044559508722,True
33,2,1,y,False,0.797573058518239,0.6426897941525596,lambda_row,255,0.1565240093870841,0.46503556892410813,0.6410490491311549,0.6410490491311549,False
33,2,1,y,False,0.797573058518239,0.6426897941525596,lambda_band,33,0.31098279806190376,-0.17285107330441463,0.48659026045633524,0.48659026045633524,True
33,2,1,y,False,0.797573058518239,0.6426897941525596,d_cbrt_slot,33,0.19352849900951696,-0.17285107330441463,0.604044559508722,0.604044559508722,True
33,2,1,-y,False,0.797573058518239,-0.33024628083923346,shared_d,33,0.19352849900951696,-0.17285107330441463,0.604044559508722,0.604044559508722,True
33,2,1,-y,False,0.797573058518239,-0.33024628083923346,lambda_row,255,0.1565240093870841,0.46503556892410813,0.6410490491311549,0.6410490491311549,False
33,2,1,-y,False,0.797573058518239,-0.33024628083923346,lambda_band,33,0.31098279806190376,-0.17285107330441463,0.48659026045633524,0.48659026045633524,True
33,2,1,-y,False,0.797573058518239,-0.33024628083923346,d_cbrt_slot,33,0.19352849900951696,-0.17285107330441463,0.604044559508722,0.604044559508722,True
34,0,0,y,False,0.7909275009707954,0.5581109524495815,shared_d,34,0.6863269529320064,-0.17285107330441463,0.10460054803878904,0.10460054803878904,True
34,0,0,y,False,0.7909275009707954,0.5581109524495815,lambda_row,256,0.6764015991477663,0.6238063981509896,0.11452590182302913,0.11452590182302913,False
34,0,0,y,False,0.7909275009707954,0.5581109524495815,lambda_band,34,0.5135830770964063,-0.17285107330441463,0.2773444238743892,0.2773444238743892,True
34,0,0,y,False,0.7909275009707954,0.5581109524495815,d_cbrt_slot,34,0.6863269529320064,-0.17285107330441463,0.10460054803878904,0.10460054803878904,True
34,0,0,y,False,0.7909275009707954,0.5581109524495815,d_true_oracle,34,0.6863269529320064,-0.17285107330441463,0.10460054803878904,0.10460054803878904,True
34,0,0,-y,True,0.7909275009707954,0.4761879650593812,shared_d,34,0.6863269529320064,-0.17285107330441463,0.10460054803878904,0.10460054803878904,True
34,0,0,-y,True,0.7909275009707954,0.4761879650593812,lambda_row,256,0.6764015991477663,0.6238063981509896,0.11452590182302913,0.11452590182302913,False
34,0,0,-y,True,0.7909275009707954,0.4761879650593812,lambda_band,34,0.5135830770964063,-0.17285107330441463,0.2773444238743892,0.2773444238743892,True
34,0,0,-y,True,0.7909275009707954,0.4761879650593812,d_cbrt_slot,34,0.6863269529320064,-0.17285107330441463,0.10460054803878904,0.10460054803878904,True
34,0,0,-y,True,0.7909275009707954,0.4761879650593812,d_true_oracle,34,0.6863269529320064,-0.17285107330441463,0.10460054803878904,0.10460054803878904,True
34,1,0,y,False,-0.11628368343993145,0.5581109524495815,shared_d,34,0.6863269529320064,-0.17285107330441463,-0.8026106363719379,-0.8026106363719379,True
34,1,0,y,False,-0.11628368343993145,0.5581109524495815,lambda_row,256,0.817374513065829,0.7194969882629181,-0.9336581965057604,-0.9336581965057604,False
34,1,0,y,False,-0.11628368343993145,0.5581109524495815,lambda_band,34,0.7215225667085647,-0.17285107330441463,-0.8378062501484962,-0.8378062501484962,True
34,1,0,y,False,-0.11628368343993145,0.5581109524495815,d_cbrt_slot,34,0.6863269529320064,-0.17285107330441463,-0.8026106363719379,-0.8026106363719379,True
34,1,0,-y,False,-0.11628368343993145,0.4761879650593812,shared_d,34,0.6863269529320064,-0.17285107330441463,-0.8026106363719379,-0.8026106363719379,True
34,1,0,-y,False,-0.11628368343993145,0.4761879650593812,lambda_row,256,0.817374513065829,0.7194969882629181,-0.9336581965057604,-0.9336581965057604,False
34,1,0,-y,False,-0.11628368343993145,0.4761879650593812,lambda_band,34,0.7215225667085647,-0.17285107330441463,-0.8378062501484962,-0.8378062501484962,True
34,1,0,-y,False,-0.11628368343993145,0.4761879650593812,d_cbrt_slot,34,0.6863269529320064,-0.17285107330441463,-0.8026106363719379,-0.8026106363719379,True
34,2,0,y,False,0.3152933085845149,0.5581109524495815,shared_d,34,0.6863269529320064,-0.17285107330441463,-0.37103364434749153,-0.37103364434749153,True
34,2,0,y,False,0.3152933085845149,0.5581109524495815,lambda_row,256,0.37297602350325576,0.27821174125212167,-0.057682714918740885,-0.057682714918740885,False
34,2,0,y,False,0.3152933085845149,0.5581109524495815,lambda_band,34,0.7550833101409005,-0.17285107330441463,-0.4397900015563856,-0.4397900015563856,True
34,2,0,y,False,0.3152933085845149,0.5581109524495815,d_cbrt_slot,34,0.6863269529320064,-0.17285107330441463,-0.37103364434749153,-0.37103364434749153,True
34,2,0,-y,False,0.3152933085845149,0.4761879650593812,shared_d,34,0.6863269529320064,-0.17285107330441463,-0.37103364434749153,-0.37103364434749153,True
34,2,0,-y,False,0.3152933085845149,0.4761879650593812,lambda_row,256,0.37297602350325576,0.27821174125212167,-0.057682714918740885,-0.057682714918740885,False
34,2,0,-y,False,0.3152933085845149,0.4761879650593812,lambda_band,34,0.7550833101409005,-0.17285107330441463,-0.4397900015563856,-0.4397900015563856,True
34,2,0,-y,False,0.3152933085845149,0.4761879650593812,d_cbrt_slot,34,0.6863269529320064,-0.17285107330441463,-0.37103364434749153,-0.37103364434749153,True
35,0,2,y,False,0.5098386372931287,0.2385985320060513,shared_d,35,-0.05915105396149656,-0.17285107330441463,0.5689896912546253,0.5689896912546253,True
35,0,2,y,False,0.5098386372931287,0.2385985320060513,lambda_row,256,0.769675763384015,-0.026263919644335942,-0.2598371260908863,-0.2598371260908863,False
35,0,2,y,False,0.5098386372931287,0.2385985320060513,lambda_band,35,0.21852320477684728,-0.17285107330441463,0.29131543251628145,0.29131543251628145,True
35,0,2,y,False,0.5098386372931287,0.2385985320060513,d_cbrt_slot,35,-0.05915105396149656,-0.17285107330441463,0.5689896912546253,0.5689896912546253,True
35,0,2,-y,False,0.5098386372931287,0.05882533730492412,shared_d,35,-0.05915105396149656,-0.17285107330441463,0.5689896912546253,0.5689896912546253,True
35,0,2,-y,False,0.5098386372931287,0.05882533730492412,lambda_row,256,0.769675763384015,-0.026263919644335942,-0.2598371260908863,-0.2598371260908863,False
35,0,2,-y,False,0.5098386372931287,0.05882533730492412,lambda_band,35,0.21852320477684728,-0.17285107330441463,0.29131543251628145,0.29131543251628145,True
35,0,2,-y,False,0.5098386372931287,0.05882533730492412,d_cbrt_slot,35,-0.05915105396149656,-0.17285107330441463,0.5689896912546253,0.5689896912546253,True
35,1,2,y,False,0.7312139576805237,0.2385985320060513,shared_d,35,-0.05915105396149656,-0.17285107330441463,0.7903650116420202,0.7903650116420202,True
35,1,2,y,False,0.7312139576805237,0.2385985320060513,lambda_row,256,0.7861175484907648,0.7387830075556252,-0.0549035908102411,-0.0549035908102411,False
35,1,2,y,False,0.7312139576805237,0.2385985320060513,lambda_band,35,-0.013954689177055002,-0.17285107330441463,0.7451686468575787,0.7451686468575787,True
35,1,2,y,False,0.7312139576805237,0.2385985320060513,d_cbrt_slot,35,-0.05915105396149656,-0.17285107330441463,0.7903650116420202,0.7903650116420202,True
35,1,2,-y,False,0.7312139576805237,0.05882533730492412,shared_d,35,-0.05915105396149656,-0.17285107330441463,0.7903650116420202,0.7903650116420202,True
35,1,2,-y,False,0.7312139576805237,0.05882533730492412,lambda_row,256,0.7861175484907648,0.7387830075556252,-0.0549035908102411,-0.0549035908102411,False
35,1,2,-y,False,0.7312139576805237,0.05882533730492412,lambda_band,35,-0.013954689177055002,-0.17285107330441463,0.7451686468575787,0.7451686468575787,True
35,1,2,-y,False,0.7312139576805237,0.05882533730492412,d_cbrt_slot,35,-0.05915105396149656,-0.17285107330441463,0.7903650116420202,0.7903650116420202,True
35,2,2,y,True,0.8003288602489391,0.2385985320060513,shared_d,35,-0.05915105396149656,-0.17285107330441463,0.8594799142104357,0.8594799142104357,True
35,2,2,y,True,0.8003288602489391,0.2385985320060513,lambda_row,256,0.8145988215517121,-0.10157858389477781,-0.014269961302773027,-0.014269961302773027,False
35,2,2,y,True,0.8003288602489391,0.2385985320060513,lambda_band,35,0.020412713912797642,-0.17285107330441463,0.7799161463361415,0.7799161463361415,True
35,2,2,y,True,0.8003288602489391,0.2385985320060513,d_cbrt_slot,35,-0.05915105396149656,-0.17285107330441463,0.8594799142104357,0.8594799142104357,True
35,2,2,y,True,0.8003288602489391,0.2385985320060513,d_true_oracle,35,-0.05915105396149656,-0.17285107330441463,0.8594799142104357,0.8594799142104357,True
35,2,2,-y,False,0.8003288602489391,0.05882533730492412,shared_d,35,-0.05915105396149656,-0.17285107330441463,0.8594799142104357,0.8594799142104357,True
35,2,2,-y,False,0.8003288602489391,0.05882533730492412,lambda_row,256,0.8145988215517121,-0.10157858389477781,-0.014269961302773027,-0.014269961302773027,False
35,2,2,-y,False,0.8003288602489391,0.05882533730492412,lambda_band,35,0.020412713912797642,-0.17285107330441463,0.7799161463361415,0.7799161463361415,True
35,2,2,-y,False,0.8003288602489391,0.05882533730492412,d_cbrt_slot,35,-0.05915105396149656,-0.17285107330441463,0.8594799142104357,0.8594799142104357,True
35,2,2,-y,False,0.8003288602489391,0.05882533730492412,d_true_oracle,35,-0.05915105396149656,-0.17285107330441463,0.8594799142104357,0.8594799142104357,True
36,0,1,y,False,0.009067615023866438,0.24869204726950045,shared_d,36,0.47861343524393973,-0.17285107330441463,-0.4695458202200733,-0.4695458202200733,True
36,0,1,y,False,0.009067615023866438,0.24869204726950045,lambda_row,256,0.5812363968470038,-0.0685922701840127,-0.5721687818231374,-0.5721687818231374,False
36,0,1,y,False,0.009067615023866438,0.24869204726950045,lambda_band,36,0.7216662583468612,-0.17285107330441463,-0.7125986433229947,-0.7125986433229947,True
36,0,1,y,False,0.009067615023866438,0.24869204726950045,d_cbrt_slot,36,0.47861343524393973,-0.17285107330441463,-0.4695458202200733,-0.4695458202200733,True
36,0,1,-y,False,0.009067615023866438,0.04566477679927061,shared_d,36,0.47861343524393973,-0.17285107330441463,-0.4695458202200733,-0.4695458202200733,True
36,0,1,-y,False,0.009067615023866438,0.04566477679927061,lambda_row,256,0.5812363968470038,-0.0685922701840127,-0.5721687818231374,-0.5721687818231374,False
36,0,1,-y,False,0.009067615023866438,0.04566477679927061,lambda_band,36,0.7216662583468612,-0.17285107330441463,-0.7125986433229947,-0.7125986433229947,True
36,0,1,-y,False,0.009067615023866438,0.04566477679927061,d_cbrt_slot,36,0.47861343524393973,-0.17285107330441463,-0.4695458202200733,-0.4695458202200733,True
36,1,1,y,False,0.5726909953462354,0.24869204726950045,shared_d,36,0.47861343524393973,-0.17285107330441463,0.09407756010229562,0.09407756010229562,True
36,1,1,y,False,0.5726909953462354,0.24869204726950045,lambda_row,256,0.6238604178133329,0.8143072901334847,-0.05116942246709755,-0.05116942246709755,False
36,1,1,y,False,0.5726909953462354,0.24869204726950045,lambda_band,36,0.41605754265778216,-0.17285107330441463,0.1566334526884532,0.1566334526884532,True
36,1,1,y,False,0.5726909953462354,0.24869204726950045,d_cbrt_slot,36,0.47861343524393973,-0.17285107330441463,0.09407756010229562,0.09407756010229562,True
36,1,1,y,False,0.5726909953462354,0.24869204726950045,d_true_oracle,36,0.47861343524393973,-0.17285107330441463,0.09407756010229562,0.09407756010229562,True
36,1,1,-y,True,0.5726909953462354,0.04566477679927061,shared_d,36,0.47861343524393973,-0.17285107330441463,0.09407756010229562,0.09407756010229562,True
36,1,1,-y,True,0.5726909953462354,0.04566477679927061,lambda_row,256,0.6238604178133329,0.8143072901334847,-0.05116942246709755,-0.05116942246709755,False
36,1,1,-y,True,0.5726909953462354,0.04566477679927061,lambda_band,36,0.41605754265778216,-0.17285107330441463,0.1566334526884532,0.1566334526884532,True
36,1,1,-y,True,0.5726909953462354,0.04566477679927061,d_cbrt_slot,36,0.47861343524393973,-0.17285107330441463,0.09407756010229562,0.09407756010229562,True
36,1,1,-y,True,0.5726909953462354,0.04566477679927061,d_true_oracle,36,0.47861343524393973,-0.17285107330441463,0.09407756010229562,0.09407756010229562,True
36,2,1,y,False,0.8092843740493407,0.24869204726950045,shared_d,36,0.47861343524393973,-0.17285107330441463,0.330670938805401,0.330670938805401,True
36,2,1,y,False,0.8092843740493407,0.24869204726950045,lambda_row,254,0.7329050025500834,0.6484939344707357,0.07637937149925733,0.07637937149925733,False
36,2,1,y,False,0.8092843740493407,0.24869204726950045,lambda_band,36,0.7803440384776295,-0.17285107330441463,0.028940335571711273,0.028940335571711273,True
36,2,1,y,False,0.8092843740493407,0.24869204726950045,d_cbrt_slot,36,0.47861343524393973,-0.17285107330441463,0.330670938805401,0.330670938805401,True
36,2,1,-y,False,0.8092843740493407,0.04566477679927061,shared_d,36,0.47861343524393973,-0.17285107330441463,0.330670938805401,0.330670938805401,True
36,2,1,-y,False,0.8092843740493407,0.04566477679927061,lambda_row,254,0.7329050025500834,0.6484939344707357,0.07637937149925733,0.07637937149925733,False
36,2,1,-y,False,0.8092843740493407,0.04566477679927061,lambda_band,36,0.7803440384776295,-0.17285107330441463,0.028940335571711273,0.028940335571711273,True
36,2,1,-y,False,0.8092843740493407,0.04566477679927061,d_cbrt_slot,36,0.47861343524393973,-0.17285107330441463,0.330670938805401,0.330670938805401,True
37,0,2,y,False,0.7878184963870183,0.30951812117386623,shared_d,37,0.09956579606901172,-0.17285107330441463,0.6882527003180066,0.6882527003180066,True
37,0,2,y,False,0.7878184963870183,0.30951812117386623,lambda_row,252,0.5360314114281124,0.7963893030087519,0.2517870849589059,0.2517870849589059,False
37,0,2,y,False,0.7878184963870183,0.30951812117386623,lambda_band,37,0.25266966851825146,-0.17285107330441463,0.5351488278687668,0.5351488278687668,True
37,0,2,y,False,0.7878184963870183,0.30951812117386623,d_cbrt_slot,37,0.09956579606901172,-0.17285107330441463,0.6882527003180066,0.6882527003180066,True
37,0,2,-y,False,0.7878184963870183,-0.04374840973915184,shared_d,37,0.09956579606901172,-0.17285107330441463,0.6882527003180066,0.6882527003180066,True
37,0,2,-y,False,0.7878184963870183,-0.04374840973915184,lambda_row,252,0.5360314114281124,0.7963893030087519,0.2517870849589059,0.2517870849589059,False
37,0,2,-y,False,0.7878184963870183,-0.04374840973915184,lambda_band,37,0.25266966851825146,-0.17285107330441463,0.5351488278687668,0.5351488278687668,True
37,0,2,-y,False,0.7878184963870183,-0.04374840973915184,d_cbrt_slot,37,0.09956579606901172,-0.17285107330441463,0.6882527003180066,0.6882527003180066,True
37,1,2,y,False,-0.1059033928228672,0.30951812117386623,shared_d,37,0.09956579606901172,-0.17285107330441463,-0.20546918889187893,-0.20546918889187893,True
37,1,2,y,False,-0.1059033928228672,0.30951812117386623,lambda_row,252,0.3784869299652911,0.802528617973536,-0.4843903227881583,-0.4843903227881583,False
37,1,2,y,False,-0.1059033928228672,0.30951812117386623,lambda_band,37,0.024047951353733055,-0.17285107330441463,-0.12995134417660026,-0.12995134417660026,True
37,1,2,y,False,-0.1059033928228672,0.30951812117386623,d_cbrt_slot,37,0.09956579606901172,-0.17285107330441463,-0.20546918889187893,-0.20546918889187893,True
37,1,2,-y,False,-0.1059033928228672,-0.04374840973915184,shared_d,37,0.09956579606901172,-0.17285107330441463,-0.20546918889187893,-0.20546918889187893,True
37,1,2,-y,False,-0.1059033928228672,-0.04374840973915184,lambda_row,252,0.3784869299652911,0.802528617973536,-0.4843903227881583,-0.4843903227881583,False
37,1,2,-y,False,-0.1059033928228672,-0.04374840973915184,lambda_band,37,0.024047951353733055,-0.17285107330441463,-0.12995134417660026,-0.12995134417660026,True
37,1,2,-y,False,-0.1059033928228672,-0.04374840973915184,d_cbrt_slot,37,0.09956579606901172,-0.17285107330441463,-0.20546918889187893,-0.20546918889187893,True
37,2,2,y,False,0.31103257169726817,0.30951812117386623,shared_d,37,0.09956579606901172,-0.17285107330441463,0.21146677562825644,0.21146677562825644,True
37,2,2,y,False,0.31103257169726817,0.30951812117386623,lambda_row,256,0.47109776707115714,0.14712624149551345,-0.16006519537388897,-0.16006519537388897,False
37,2,2,y,False,0.31103257169726817,0.30951812117386623,lambda_band,37,0.008312005919922427,-0.17285107330441463,0.30272056577734574,0.30272056577734574,True
37,2,2,y,False,0.31103257169726817,0.30951812117386623,d_cbrt_slot,37,0.09956579606901172,-0.17285107330441463,0.21146677562825644,0.21146677562825644,True
37,2,2,y,False,0.31103257169726817,0.30951812117386623,d_true_oracle,37,0.09956579606901172,-0.17285107330441463,0.21146677562825644,0.21146677562825644,True
37,2,2,-y,True,0.31103257169726817,-0.04374840973915184,shared_d,37,0.09956579606901172,-0.17285107330441463,0.21146677562825644,0.21146677562825644,True
37,2,2,-y,True,0.31103257169726817,-0.04374840973915184,lambda_row,256,0.47109776707115714,0.14712624149551345,-0.16006519537388897,-0.16006519537388897,False
37,2,2,-y,True,0.31103257169726817,-0.04374840973915184,lambda_band,37,0.008312005919922427,-0.17285107330441463,0.30272056577734574,0.30272056577734574,True
37,2,2,-y,True,0.31103257169726817,-0.04374840973915184,d_cbrt_slot,37,0.09956579606901172,-0.17285107330441463,0.21146677562825644,0.21146677562825644,True
37,2,2,-y,True,0.31103257169726817,-0.04374840973915184,d_true_oracle,37,0.09956579606901172,-0.17285107330441463,0.21146677562825644,0.21146677562825644,True
38,0,1,y,False,0.14330170847429713,0.4771834802527053,shared_d,38,0.3755218390536115,-0.17285107330441463,-0.23222013057931434,-0.23222013057931434,True
38,0,1,y,False,0.14330170847429713,0.4771834802527053,lambda_row,253,0.1462344515964702,0.7533304141758776,-0.002932743122173065,-0.002932743122173065,False
38,0,1,y,False,0.14330170847429713,0.4771834802527053,lambda_band,38,0.7156813816188681,-0.17285107330441463,-0.5723796731445709,-0.5723796731445709,True
38,0,1,y,False,0.14330170847429713,0.4771834802527053,d_cbrt_slot,38,0.3755218390536115,-0.17285107330441463,-0.23222013057931434,-0.23222013057931434,True
38,0,1,-y,False,0.14330170847429713,0.5545451439297011,shared_d,38,0.3755218390536115,-0.17285107330441463,-0.23222013057931434,-0.23222013057931434,True
38,0,1,-y,False,0.14330170847429713,0.5545451439297011,lambda_row,253,0.1462344515964702,0.7533304141758776,-0.002932743122173065,-0.002932743122173065,False
38,0,1,-y,False,0.14330170847429713,0.5545451439297011,lambda_band,38,0.7156813816188681,-0.17285107330441463,-0.5723796731445709,-0.5723796731445709,True
38,0,1,-y,False,0.14330170847429713,0.5545451439297011,d_cbrt_slot,38,0.3755218390536115,-0.17285107330441463,-0.23222013057931434,-0.23222013057931434,True
38,1,1,y,False,0.6210506091373702,0.4771834802527053,shared_d,38,0.3755218390536115,-0.17285107330441463,0.24552877008375873,0.24552877008375873,True
38,1,1,y,False,0.6210506091373702,0.4771834802527053,lambda_row,254,0.4585010874665443,0.7099454210422067,0.16254952167082592,0.16254952167082592,False
38,1,1,y,False,0.6210506091373702,0.4771834802527053,lambda_band,38,0.5710134097491313,-0.17285107330441463,0.05003719938823892,0.05003719938823892,True
38,1,1,y,False,0.6210506091373702,0.4771834802527053,d_cbrt_slot,38,0.3755218390536115,-0.17285107330441463,0.24552877008375873,0.24552877008375873,True
38,1,1,y,False,0.6210506091373702,0.4771834802527053,d_true_oracle,38,0.3755218390536115,-0.17285107330441463,0.24552877008375873,0.24552877008375873,True
38,1,1,-y,True,0.6210506091373702,0.5545451439297011,shared_d,38,0.3755218390536115,-0.17285107330441463,0.24552877008375873,0.24552877008375873,True
38,1,1,-y,True,0.6210506091373702,0.5545451439297011,lambda_row,254,0.4585010874665443,0.7099454210422067,0.16254952167082592,0.16254952167082592,False
38,1,1,-y,True,0.6210506091373702,0.5545451439297011,lambda_band,38,0.5710134097491313,-0.17285107330441463,0.05003719938823892,0.05003719938823892,True
38,1,1,-y,True,0.6210506091373702,0.5545451439297011,d_cbrt_slot,38,0.3755218390536115,-0.17285107330441463,0.24552877008375873,0.24552877008375873,True
38,1,1,-y,True,0.6210506091373702,0.5545451439297011,d_true_oracle,38,0.3755218390536115,-0.17285107330441463,0.24552877008375873,0.24552877008375873,True
38,2,1,y,False,0.7192012672959578,0.4771834802527053,shared_d,38,0.3755218390536115,-0.17285107330441463,0.3436794282423463,0.3436794282423463,True
38,2,1,y,False,0.7192012672959578,0.4771834802527053,lambda_row,256,0.7131888622719487,0.4398358283308994,0.0060124050240091265,0.0060124050240091265,False
38,2,1,y,False,0.7192012672959578,0.4771834802527053,lambda_band,38,0.7305033139736494,-0.17285107330441463,-0.011302046677691635,-0.011302046677691635,True
38,2,1,y,False,0.7192012672959578,0.4771834802527053,d_cbrt_slot,38,0.3755218390536115,-0.17285107330441463,0.3436794282423463,0.3436794282423463,True
38,2,1,-y,False,0.7192012672959578,0.5545451439297011,shared_d,38,0.3755218390536115,-0.17285107330441463,0.3436794282423463,0.3436794282423463,True
38,2,1,-y,False,0.7192012672959578,0.5545451439297011,lambda_row,256,0.7131888622719487,0.4398358283308994,0.0060124050240091265,0.0060124050240091265,False
38,2,1,-y,False,0.7192012672959578,0.5545451439297011,lambda_band,38,0.7305033139736494,-0.17285107330441463,-0.011302046677691635,-0.011302046677691635,True
38,2,1,-y,False,0.7192012672959578,0.5545451439297011,d_cbrt_slot,38,0.3755218390536115,-0.17285107330441463,0.3436794282423463,0.3436794282423463,True
39,0,0,y,False,0.580538318908637,0.48429558639976733,shared_d,39,-0.05486222890317549,-0.17285107330441463,0.6354005478118125,0.6354005478118125,True
39,0,0,y,False,0.580538318908637,0.48429558639976733,lambda_row,255,-0.010041025874713227,0.5560240808789274,0.5905793447833503,0.5905793447833503,False
39,0,0,y,False,0.580538318908637,0.48429558639976733,lambda_band,39,0.13675565049238614,-0.17285107330441463,0.4437826684162509,0.4437826684162509,True
39,0,0,y,False,0.580538318908637,0.48429558639976733,d_cbrt_slot,39,-0.05486222890317549,-0.17285107330441463,0.6354005478118125,0.6354005478118125,True
39,0,0,y,False,0.580538318908637,0.48429558639976733,d_true_oracle,39,-0.05486222890317549,-0.17285107330441463,0.6354005478118125,0.6354005478118125,True
39,0,0,-y,True,0.580538318908637,0.52839508043634,shared_d,39,-0.05486222890317549,-0.17285107330441463,0.6354005478118125,0.6354005478118125,True
39,0,0,-y,True,0.580538318908637,0.52839508043634,lambda_row,255,-0.010041025874713227,0.5560240808789274,0.5905793447833503,0.5905793447833503,False
39,0,0,-y,True,0.580538318908637,0.52839508043634,lambda_band,39,0.13675565049238614,-0.17285107330441463,0.4437826684162509,0.4437826684162509,True
39,0,0,-y,True,0.580538318908637,0.52839508043634,d_cbrt_slot,39,-0.05486222890317549,-0.17285107330441463,0.6354005478118125,0.6354005478118125,True
39,0,0,-y,True,0.580538318908637,0.52839508043634,d_true_oracle,39,-0.05486222890317549,-0.17285107330441463,0.6354005478118125,0.6354005478118125,True
39,1,0,y,False,-0.13442736703316882,0.48429558639976733,shared_d,39,-0.05486222890317549,-0.17285107330441463,-0.07956513812999333,-0.07956513812999333,True
39,1,0,y,False,-0.13442736703316882,0.48429558639976733,lambda_row,256,0.7647713954932982,0.03038684338599751,-0.899198762526467,-0.899198762526467,False
39,1,0,y,False,-0.13442736703316882,0.48429558639976733,lambda_band,39,-0.002073711418915991,-0.17285107330441463,-0.13235365561425283,-0.13235365561425283,True
39,1,0,y,False,-0.13442736703316882,0.48429558639976733,d_cbrt_slot,39,-0.05486222890317549,-0.17285107330441463,-0.07956513812999333,-0.07956513812999333,True
39,1,0,-y,False,-0.13442736703316882,0.52839508043634,shared_d,39,-0.05486222890317549,-0.17285107330441463,-0.07956513812999333,-0.07956513812999333,True
39,1,0,-y,False,-0.13442736703316882,0.52839508043634,lambda_row,256,0.7647713954932982,0.03038684338599751,-0.899198762526467,-0.899198762526467,False
39,1,0,-y,False,-0.13442736703316882,0.52839508043634,lambda_band,39,-0.002073711418915991,-0.17285107330441463,-0.13235365561425283,-0.13235365561425283,True
39,1,0,-y,False,-0.13442736703316882,0.52839508043634,d_cbrt_slot,39,-0.05486222890317549,-0.17285107330441463,-0.07956513812999333,-0.07956513812999333,True
39,2,0,y,False,0.40723862618716566,0.48429558639976733,shared_d,39,-0.05486222890317549,-0.17285107330441463,0.46210085509034116,0.46210085509034116,True
39,2,0,y,False,0.40723862618716566,0.48429558639976733,lambda_row,256,0.7550806088526372,0.12978605535947452,-0.3478419826654715,-0.3478419826654715,False
39,2,0,y,False,0.40723862618716566,0.48429558639976733,lambda_band,39,0.0072412178836422925,-0.17285107330441463,0.39999740830352337,0.39999740830352337,True
39,2,0,y,False,0.40723862618716566,0.48429558639976733,d_cbrt_slot,39,-0.05486222890317549,-0.17285107330441463,0.46210085509034116,0.46210085509034116,True
39,2,0,-y,False,0.40723862618716566,0.52839508043634,shared_d,39,-0.05486222890317549,-0.17285107330441463,0.46210085509034116,0.46210085509034116,True
39,2,0,-y,False,0.40723862618716566,0.52839508043634,lambda_row,256,0.7550806088526372,0.12978605535947452,-0.3478419826654715,-0.3478419826654715,False
39,2,0,-y,False,0.40723862618716566,0.52839508043634,lambda_band,39,0.0072412178836422925,-0.17285107330441463,0.39999740830352337,0.39999740830352337,True
39,2,0,-y,False,0.40723862618716566,0.52839508043634,d_cbrt_slot,39,-0.05486222890317549,-0.17285107330441463,0.46210085509034116,0.46210085509034116,True
40,0,1,y,False,0.34651789943038125,0.17850590721377557,shared_d,40,0.7613466365742596,-0.17285107330441463,-0.41482873714387836,-0.41482873714387836,True
40,0,1,y,False,0.34651789943038125,0.17850590721377557,lambda_row,256,0.6709520710843151,0.6467946726537264,-0.32443417165393384,-0.32443417165393384,False
40,0,1,y,False,0.34651789943038125,0.17850590721377557,lambda_band,40,0.5613430256640726,-0.17285107330441463,-0.21482512623369132,-0.21482512623369132,True
40,0,1,y,False,0.34651789943038125,0.17850590721377557,d_cbrt_slot,40,0.7613466365742596,-0.17285107330441463,-0.41482873714387836,-0.41482873714387836,True
40,0,1,-y,False,0.34651789943038125,0.12924909439040277,shared_d,40,0.7613466365742596,-0.17285107330441463,-0.41482873714387836,-0.41482873714387836,True
40,0,1,-y,False,0.34651789943038125,0.12924909439040277,lambda_row,256,0.6709520710843151,0.6467946726537264,-0.32443417165393384,-0.32443417165393384,False
40,0,1,-y,False,0.34651789943038125,0.12924909439040277,lambda_band,40,0.5613430256640726,-0.17285107330441463,-0.21482512623369132,-0.21482512623369132,True
40,0,1,-y,False,0.34651789943038125,0.12924909439040277,d_cbrt_slot,40,0.7613466365742596,-0.17285107330441463,-0.41482873714387836,-0.41482873714387836,True
40,1,1,y,False,0.5012301463648754,0.17850590721377557,shared_d,40,0.7613466365742596,-0.17285107330441463,-0.2601164902093842,-0.2601164902093842,True
40,1,1,y,False,0.5012301463648754,0.17850590721377557,lambda_row,256,0.6389052803539528,0.7660261395641186,-0.13767513398907738,-0.13767513398907738,False
40,1,1,y,False,0.5012301463648754,0.17850590721377557,lambda_band,40,0.7385702913836596,-0.17285107330441463,-0.2373401450187842,-0.2373401450187842,True
40,1,1,y,False,0.5012301463648754,0.17850590721377557,d_cbrt_slot,40,0.7613466365742596,-0.17285107330441463,-0.2601164902093842,-0.2601164902093842,True
40,1,1,y,False,0.5012301463648754,0.17850590721377557,d_true_oracle,40,0.7613466365742596,-0.17285107330441463,-0.2601164902093842,-0.2601164902093842,True
40,1,1,-y,True,0.5012301463648754,0.12924909439040277,shared_d,40,0.7613466365742596,-0.17285107330441463,-0.2601164902093842,-0.2601164902093842,True
40,1,1,-y,True,0.5012301463648754,0.12924909439040277,lambda_row,256,0.6389052803539528,0.7660261395641186,-0.13767513398907738,-0.13767513398907738,False
40,1,1,-y,True,0.5012301463648754,0.12924909439040277,lambda_band,40,0.7385702913836596,-0.17285107330441463,-0.2373401450187842,-0.2373401450187842,True
40,1,1,-y,True,0.5012301463648754,0.12924909439040277,d_cbrt_slot,40,0.7613466365742596,-0.17285107330441463,-0.2601164902093842,-0.2601164902093842,True
40,1,1,-y,True,0.5012301463648754,0.12924909439040277,d_true_oracle,40,0.7613466365742596,-0.17285107330441463,-0.2601164902093842,-0.2601164902093842,True
40,2,1,y,False,0.709851337658705,0.17850590721377557,shared_d,40,0.7613466365742596,-0.17285107330441463,-0.0514952989155546,-0.0514952989155546,True
40,2,1,y,False,0.709851337658705,0.17850590721377557,lambda_row,256,0.7373449038607731,0.27979144919648036,-0.02749356620206811,-0.02749356620206811,False
40,2,1,y,False,0.709851337658705,0.17850590721377557,lambda_band,40,0.6341091733398692,-0.17285107330441463,0.07574216431883585,0.07574216431883585,True
40,2,1,y,False,0.709851337658705,0.17850590721377557,d_cbrt_slot,40,0.7613466365742596,-0.17285107330441463,-0.0514952989155546,-0.0514952989155546,True
40,2,1,-y,False,0.709851337658705,0.12924909439040277,shared_d,40,0.7613466365742596,-0.17285107330441463,-0.0514952989155546,-0.0514952989155546,True
40,2,1,-y,False,0.709851337658705,0.12924909439040277,lambda_row,256,0.7373449038607731,0.27979144919648036,-0.02749356620206811,-0.02749356620206811,False
40,2,1,-y,False,0.709851337658705,0.12924909439040277,lambda_band,40,0.6341091733398692,-0.17285107330441463,0.07574216431883585,0.07574216431883585,True
40,2,1,-y,False,0.709851337658705,0.12924909439040277,d_cbrt_slot,40,0.7613466365742596,-0.17285107330441463,-0.0514952989155546,-0.0514952989155546,True
41,0,1,y,False,0.2581595229570013,0.28952236735455017,shared_d,41,0.030837623907267186,-0.17285107330441463,0.2273218990497341,0.2273218990497341,True
41,0,1,y,False,0.2581595229570013,0.28952236735455017,lambda_row,256,0.40872419512913893,0.23515815927444805,-0.15056467217213765,-0.15056467217213765,False
41,0,1,y,False,0.2581595229570013,0.28952236735455017,lambda_band,41,0.05074812506686044,-0.17285107330441463,0.20741139789014085,0.20741139789014085,True
41,0,1,y,False,0.2581595229570013,0.28952236735455017,d_cbrt_slot,41,0.030837623907267186,-0.17285107330441463,0.2273218990497341,0.2273218990497341,True
41,0,1,-y,False,0.2581595229570013,-0.012263132503619545,shared_d,41,0.030837623907267186,-0.17285107330441463,0.2273218990497341,0.2273218990497341,True
41,0,1,-y,False,0.2581595229570013,-0.012263132503619545,lambda_row,256,0.40872419512913893,0.23515815927444805,-0.15056467217213765,-0.15056467217213765,False
41,0,1,-y,False,0.2581595229570013,-0.012263132503619545,lambda_band,41,0.05074812506686044,-0.17285107330441463,0.20741139789014085,0.20741139789014085,True
41,0,1,-y,False,0.2581595229570013,-0.012263132503619545,d_cbrt_slot,41,0.030837623907267186,-0.17285107330441463,0.2273218990497341,0.2273218990497341,True
41,1,1,y,True,0.5704391922236312,0.28952236735455017,shared_d,41,0.030837623907267186,-0.17285107330441463,0.539601568316364,0.539601568316364,True
41,1,1,y,True,0.5704391922236312,0.28952236735455017,lambda_row,256,0.34169073398130934,0.3123079259900692,0.22874845824232182,0.22874845824232182,False
41,1,1,y,True,0.5704391922236312,0.28952236735455017,lambda_band,41,0.044265032986874786,-0.17285107330441463,0.5261741592367564,0.5261741592367564,True
41,1,1,y,True,0.5704391922236312,0.28952236735455017,d_cbrt_slot,41,0.030837623907267186,-0.17285107330441463,0.539601568316364,0.539601568316364,True
41,1,1,y,True,0.5704391922236312,0.28952236735455017,d_true_oracle,41,0.030837623907267186,-0.17285107330441463,0.539601568316364,0.539601568316364,True
41,1,1,-y,False,0.5704391922236312,-0.012263132503619545,shared_d,41,0.030837623907267186,-0.17285107330441463,0.539601568316364,0.539601568316364,True
41,1,1,-y,False,0.5704391922236312,-0.012263132503619545,lambda_row,256,0.34169073398130934,0.3123079259900692,0.22874845824232182,0.22874845824232182,False
41,1,1,-y,False,0.5704391922236312,-0.012263132503619545,lambda_band,41,0.044265032986874786,-0.17285107330441463,0.5261741592367564,0.5261741592367564,True
41,1,1,-y,False,0.5704391922236312,-0.012263132503619545,d_cbrt_slot,41,0.030837623907267186,-0.17285107330441463,0.539601568316364,0.539601568316364,True
41,1,1,-y,False,0.5704391922236312,-0.012263132503619545,d_true_oracle,41,0.030837623907267186,-0.17285107330441463,0.539601568316364,0.539601568316364,True
41,2,1,y,False,0.7056983343042162,0.28952236735455017,shared_d,41,0.030837623907267186,-0.17285107330441463,0.6748607103969491,0.6748607103969491,True
41,2,1,y,False,0.7056983343042162,0.28952236735455017,lambda_row,256,0.5183043031594394,0.06632125061710781,0.18739403114477682,0.18739403114477682,False
41,2,1,y,False,0.7056983343042162,0.28952236735455017,lambda_band,41,0.01427900063738008,-0.17285107330441463,0.6914193336668362,0.6914193336668362,True
41,2,1,y,False,0.7056983343042162,0.28952236735455017,d_cbrt_slot,41,0.030837623907267186,-0.17285107330441463,0.6748607103969491,0.6748607103969491,True
41,2,1,-y,False,0.7056983343042162,-0.012263132503619545,shared_d,41,0.030837623907267186,-0.17285107330441463,0.6748607103969491,0.6748607103969491,True
41,2,1,-y,False,0.7056983343042162,-0.012263132503619545,lambda_row,256,0.5183043031594394,0.06632125061710781,0.18739403114477682,0.18739403114477682,False
41,2,1,-y,False,0.7056983343042162,-0.012263132503619545,lambda_band,41,0.01427900063738008,-0.17285107330441463,0.6914193336668362,0.6914193336668362,True
41,2,1,-y,False,0.7056983343042162,-0.012263132503619545,d_cbrt_slot,41,0.030837623907267186,-0.17285107330441463,0.6748607103969491,0.6748607103969491,True
42,0,2,y,False,0.7347774460980077,0.3275488630523711,shared_d,42,0.5255924913753702,-0.17285107330441463,0.20918495472263743,0.20918495472263743,True
42,0,2,y,False,0.7347774460980077,0.3275488630523711,lambda_row,256,0.8175699407205599,0.7050258756492411,-0.08279249462255223,-0.08279249462255223,False
42,0,2,y,False,0.7347774460980077,0.3275488630523711,lambda_band,42,0.48257079544023895,-0.17285107330441463,0.2522066506577687,0.2522066506577687,True
42,0,2,y,False,0.7347774460980077,0.3275488630523711,d_cbrt_slot,42,0.5255924913753702,-0.17285107330441463,0.20918495472263743,0.20918495472263743,True
42,0,2,-y,False,0.7347774460980077,0.5294430939613335,shared_d,42,0.5255924913753702,-0.17285107330441463,0.20918495472263743,0.20918495472263743,True
42,0,2,-y,False,0.7347774460980077,0.5294430939613335,lambda_row,256,0.8175699407205599,0.7050258756492411,-0.08279249462255223,-0.08279249462255223,False
42,0,2,-y,False,0.7347774460980077,0.5294430939613335,lambda_band,42,0.48257079544023895,-0.17285107330441463,0.2522066506577687,0.2522066506577687,True
42,0,2,-y,False,0.7347774460980077,0.5294430939613335,d_cbrt_slot,42,0.5255924913753702,-0.17285107330441463,0.20918495472263743,0.20918495472263743,True
42,1,2,y,False,0.7076225478460572,0.3275488630523711,shared_d,42,0.5255924913753702,-0.17285107330441463,0.18203005647068693,0.18203005647068693,True
42,1,2,y,False,0.7076225478460572,0.3275488630523711,lambda_row,256,0.8226347392229627,0.1648508484253881,-0.11501219137690555,-0.11501219137690555,False
42,1,2,y,False,0.7076225478460572,0.3275488630523711,lambda_band,42,0.5822863905576909,-0.17285107330441463,0.12533615728836622,0.12533615728836622,True
42,1,2,y,False,0.7076225478460572,0.3275488630523711,d_cbrt_slot,42,0.5255924913753702,-0.17285107330441463,0.18203005647068693,0.18203005647068693,True
42,1,2,-y,False,0.7076225478460572,0.5294430939613335,shared_d,42,0.5255924913753702,-0.17285107330441463,0.18203005647068693,0.18203005647068693,True
42,1,2,-y,False,0.7076225478460572,0.5294430939613335,lambda_row,256,0.8226347392229627,0.1648508484253881,-0.11501219137690555,-0.11501219137690555,False
42,1,2,-y,False,0.7076225478460572,0.5294430939613335,lambda_band,42,0.5822863905576909,-0.17285107330441463,0.12533615728836622,0.12533615728836622,True
42,1,2,-y,False,0.7076225478460572,0.5294430939613335,d_cbrt_slot,42,0.5255924913753702,-0.17285107330441463,0.18203005647068693,0.18203005647068693,True
42,2,2,y,True,0.7769278618422248,0.3275488630523711,shared_d,42,0.5255924913753702,-0.17285107330441463,0.2513353704668546,0.2513353704668546,True
42,2,2,y,True,0.7769278618422248,0.3275488630523711,lambda_row,255,-0.02567268489099206,0.5630448974782212,0.8026005467332169,0.8026005467332169,False
42,2,2,y,True,0.7769278618422248,0.3275488630523711,lambda_band,42,0.39744632810780445,-0.17285107330441463,0.3794815337344204,0.3794815337344204,True
42,2,2,y,True,0.7769278618422248,0.3275488630523711,d_cbrt_slot,42,0.5255924913753702,-0.17285107330441463,0.2513353704668546,0.2513353704668546,True
42,2,2,y,True,0.7769278618422248,0.3275488630523711,d_true_oracle,42,0.5255924913753702,-0.17285107330441463,0.2513353704668546,0.2513353704668546,True
42,2,2,-y,False,0.7769278618422248,0.5294430939613335,shared_d,42,0.5255924913753702,-0.17285107330441463,0.2513353704668546,0.2513353704668546,True
42,2,2,-y,False,0.7769278618422248,0.5294430939613335,lambda_row,255,-0.02567268489099206,0.5630448974782212,0.8026005467332169,0.8026005467332169,False
42,2,2,-y,False,0.7769278618422248,0.5294430939613335,lambda_band,42,0.39744632810780445,-0.17285107330441463,0.3794815337344204,0.3794815337344204,True
42,2,2,-y,False,0.7769278618422248,0.5294430939613335,d_cbrt_slot,42,0.5255924913753702,-0.17285107330441463,0.2513353704668546,0.2513353704668546,True
42,2,2,-y,False,0.7769278618422248,0.5294430939613335,d_true_oracle,42,0.5255924913753702,-0.17285107330441463,0.2513353704668546,0.2513353704668546,True
43,0,1,y,False,0.2749969099933196,0.5755977622324053,shared_d,43,0.20343587296402532,-0.17285107330441463,0.07156103702929428,0.07156103702929428,True
43,0,1,y,False,0.2749969099933196,0.5755977622324053,lambda_row,253,0.3048250941122177,0.7339598487496204,-0.029828184118898093,-0.029828184118898093,False
43,0,1,y,False,0.2749969099933196,0.5755977622324053,lambda_band,43,0.10723186481668279,-0.17285107330441463,0.16776504517663682,0.16776504517663682,True
43,0,1,y,False,0.2749969099933196,0.5755977622324053,d_cbrt_slot,43,0.20343587296402532,-0.17285107330441463,0.07156103702929428,0.07156103702929428,True
43,0,1,-y,False,0.2749969099933196,0.47121352236658254,shared_d,43,0.20343587296402532,-0.17285107330441463,0.07156103702929428,0.07156103702929428,True
43,0,1,-y,False,0.2749969099933196,0.47121352236658254,lambda_row,253,0.3048250941122177,0.7339598487496204,-0.029828184118898093,-0.029828184118898093,False
43,0,1,-y,False,0.2749969099933196,0.47121352236658254,lambda_band,43,0.10723186481668279,-0.17285107330441463,0.16776504517663682,0.16776504517663682,True
43,0,1,-y,False,0.2749969099933196,0.47121352236658254,d_cbrt_slot,43,0.20343587296402532,-0.17285107330441463,0.07156103702929428,0.07156103702929428,True
43,1,1,y,False,0.5155164520194973,0.5755977622324053,shared_d,43,0.20343587296402532,-0.17285107330441463,0.31208057905547193,0.31208057905547193,True
43,1,1,y,False,0.5155164520194973,0.5755977622324053,lambda_row,256,0.8167904691811998,0.7610692074363072,-0.30127401716170255,-0.30127401716170255,False
43,1,1,y,False,0.5155164520194973,0.5755977622324053,lambda_band,43,0.2618356051554045,-0.17285107330441463,0.25368084686409276,0.25368084686409276,True
43,1,1,y,False,0.5155164520194973,0.5755977622324053,d_cbrt_slot,43,0.20343587296402532,-0.17285107330441463,0.31208057905547193,0.31208057905547193,True
43,1,1,y,False,0.5155164520194973,0.5755977622324053,d_true_oracle,43,0.20343587296402532,-0.17285107330441463,0.31208057905547193,0.31208057905547193,True
43,1,1,-y,True,0.5155164520194973,0.47121352236658254,shared_d,43,0.20343587296402532,-0.17285107330441463,0.31208057905547193,0.31208057905547193,True
43,1,1,-y,True,0.5155164520194973,0.47121352236658254,lambda_row,256,0.8167904691811998,0.7610692074363072,-0.30127401716170255,-0.30127401716170255,False
43,1,1,-y,True,0.5155164520194973,0.47121352236658254,lambda_band,43,0.2618356051554045,-0.17285107330441463,0.25368084686409276,0.25368084686409276,True
43,1,1,-y,True,0.5155164520194973,0.47121352236658254,d_cbrt_slot,43,0.20343587296402532,-0.17285107330441463,0.31208057905547193,0.31208057905547193,True
43,1,1,-y,True,0.5155164520194973,0.47121352236658254,d_true_oracle,43,0.20343587296402532,-0.17285107330441463,0.31208057905547193,0.31208057905547193,True
43,2,1,y,False,0.739572059876096,0.5755977622324053,shared_d,43,0.20343587296402532,-0.17285107330441463,0.5361361869120707,0.5361361869120707,True
43,2,1,y,False,0.739572059876096,0.5755977622324053,lambda_row,256,0.5869339915965242,-0.08281285521873372,0.15263806827957183,0.15263806827957183,False
43,2,1,y,False,0.739572059876096,0.5755977622324053,lambda_band,43,0.2895345403473435,-0.17285107330441463,0.4500375195287525,0.4500375195287525,True
43,2,1,y,False,0.739572059876096,0.5755977622324053,d_cbrt_slot,43,0.20343587296402532,-0.17285107330441463,0.5361361869120707,0.5361361869120707,True
43,2,1,-y,False,0.739572059876096,0.47121352236658254,shared_d,43,0.20343587296402532,-0.17285107330441463,0.5361361869120707,0.5361361869120707,True
43,2,1,-y,False,0.739572059876096,0.47121352236658254,lambda_row,256,0.5869339915965242,-0.08281285521873372,0.15263806827957183,0.15263806827957183,False
43,2,1,-y,False,0.739572059876096,0.47121352236658254,lambda_band,43,0.2895345403473435,-0.17285107330441463,0.4500375195287525,0.4500375195287525,True
43,2,1,-y,False,0.739572059876096,0.47121352236658254,d_cbrt_slot,43,0.20343587296402532,-0.17285107330441463,0.5361361869120707,0.5361361869120707,True
44,0,1,y,False,0.5772962361341456,0.10222553782897137,shared_d,44,0.7313697287108205,-0.17285107330441463,-0.1540734925766749,-0.1540734925766749,True
44,0,1,y,False,0.5772962361341456,0.10222553782897137,lambda_row,253,0.21407190170958756,0.7456249290806909,0.36322433442455804,0.36322433442455804,False
44,0,1,y,False,0.5772962361341456,0.10222553782897137,lambda_band,44,0.6032440342381129,-0.17285107330441463,-0.0259477981039673,-0.0259477981039673,True
44,0,1,y,False,0.5772962361341456,0.10222553782897137,d_cbrt_slot,44,0.7313697287108205,-0.17285107330441463,-0.1540734925766749,-0.1540734925766749,True
44,0,1,-y,False,0.5772962361341456,0.20286295294422985,shared_d,44,0.7313697287108205,-0.17285107330441463,-0.1540734925766749,-0.1540734925766749,True
44,0,1,-y,False,0.5772962361341456,0.20286295294422985,lambda_row,253,0.21407190170958756,0.7456249290806909,0.36322433442455804,0.36322433442455804,False
44,0,1,-y,False,0.5772962361341456,0.20286295294422985,lambda_band,44,0.6032440342381129,-0.17285107330441463,-0.0259477981039673,-0.0259477981039673,True
44,0,1,-y,False,0.5772962361341456,0.20286295294422985,d_cbrt_slot,44,0.7313697287108205,-0.17285107330441463,-0.1540734925766749,-0.1540734925766749,True
44,1,1,y,True,0.1065515534332917,0.10222553782897137,shared_d,44,0.7313697287108205,-0.17285107330441463,-0.6248181752775288,-0.6248181752775288,True
44,1,1,y,True,0.1065515534332917,0.10222553782897137,lambda_row,256,0.6991489963276365,0.5168193680189432,-0.5925974428943448,-0.5925974428943448,False
44,1,1,y,True,0.1065515534332917,0.10222553782897137,lambda_band,44,0.5651719134520832,-0.17285107330441463,-0.4586203600187915,-0.4586203600187915,True
44,1,1,y,True,0.1065515534332917,0.10222553782897137,d_cbrt_slot,44,0.7313697287108205,-0.17285107330441463,-0.6248181752775288,-0.6248181752775288,True
44,1,1,y,True,0.1065515534332917,0.10222553782897137,d_true_oracle,44,0.7313697287108205,-0.17285107330441463,-0.6248181752775288,-0.6248181752775288,True
44,1,1,-y,False,0.1065515534332917,0.20286295294422985,shared_d,44,0.7313697287108205,-0.17285107330441463,-0.6248181752775288,-0.6248181752775288,True
44,1,1,-y,False,0.1065515534332917,0.20286295294422985,lambda_row,256,0.6991489963276365,0.5168193680189432,-0.5925974428943448,-0.5925974428943448,False
44,1,1,-y,False,0.1065515534332917,0.20286295294422985,lambda_band,44,0.5651719134520832,-0.17285107330441463,-0.4586203600187915,-0.4586203600187915,True
44,1,1,-y,False,0.1065515534332917,0.20286295294422985,d_cbrt_slot,44,0.7313697287108205,-0.17285107330441463,-0.6248181752775288,-0.6248181752775288,True
44,1,1,-y,False,0.1065515534332917,0.20286295294422985,d_true_oracle,44,0.7313697287108205,-0.17285107330441463,-0.6248181752775288,-0.6248181752775288,True
44,2,1,y,False,0.44352177807903104,0.10222553782897137,shared_d,44,0.7313697287108205,-0.17285107330441463,-0.2878479506317895,-0.2878479506317895,True
44,2,1,y,False,0.44352177807903104,0.10222553782897137,lambda_row,254,0.782204271586906,0.6340102579077325,-0.33868249350787494,-0.33868249350787494,False
44,2,1,y,False,0.44352177807903104,0.10222553782897137,lambda_band,44,0.5672312766457317,-0.17285107330441463,-0.12370949856670066,-0.12370949856670066,True
44,2,1,y,False,0.44352177807903104,0.10222553782897137,d_cbrt_slot,44,0.7313697287108205,-0.17285107330441463,-0.2878479506317895,-0.2878479506317895,True
44,2,1,-y,False,0.44352177807903104,0.20286295294422985,shared_d,44,0.7313697287108205,-0.17285107330441463,-0.2878479506317895,-0.2878479506317895,True
44,2,1,-y,False,0.44352177807903104,0.20286295294422985,lambda_row,254,0.782204271586906,0.6340102579077325,-0.33868249350787494,-0.33868249350787494,False
44,2,1,-y,False,0.44352177807903104,0.20286295294422985,lambda_band,44,0.5672312766457317,-0.17285107330441463,-0.12370949856670066,-0.12370949856670066,True
44,2,1,-y,False,0.44352177807903104,0.20286295294422985,d_cbrt_slot,44,0.7313697287108205,-0.17285107330441463,-0.2878479506317895,-0.2878479506317895,True
45,0,2,y,False,0.38961202139789464,0.36155041727779746,shared_d,45,-0.08044603500340486,-0.17285107330441463,0.4700580564012995,0.4700580564012995,True
45,0,2,y,False,0.38961202139789464,0.36155041727779746,lambda_row,255,0.1924069801214756,0.44063973136505297,0.19720504127641902,0.19720504127641902,False
45,0,2,y,False,0.38961202139789464,0.36155041727779746,lambda_band,45,-0.12724776548855132,-0.17285107330441463,0.516859786886446,0.516859786886446,True
45,0,2,y,False,0.38961202139789464,0.36155041727779746,d_cbrt_slot,45,-0.08044603500340486,-0.17285107330441463,0.4700580564012995,0.4700580564012995,True
45,0,2,-y,False,0.38961202139789464,-0.1376513199597582,shared_d,45,-0.08044603500340486,-0.17285107330441463,0.4700580564012995,0.4700580564012995,True
45,0,2,-y,False,0.38961202139789464,-0.1376513199597582,lambda_row,255,0.1924069801214756,0.44063973136505297,0.19720504127641902,0.19720504127641902,False
45,0,2,-y,False,0.38961202139789464,-0.1376513199597582,lambda_band,45,-0.12724776548855132,-0.17285107330441463,0.516859786886446,0.516859786886446,True
45,0,2,-y,False,0.38961202139789464,-0.1376513199597582,d_cbrt_slot,45,-0.08044603500340486,-0.17285107330441463,0.4700580564012995,0.4700580564012995,True
45,1,2,y,False,0.21988228025170997,0.36155041727779746,shared_d,45,-0.08044603500340486,-0.17285107330441463,0.30032831525511483,0.30032831525511483,True
45,1,2,y,False,0.21988228025170997,0.36155041727779746,lambda_row,256,0.47475308545458006,0.1413610908902143,-0.2548708052028701,-0.2548708052028701,False
45,1,2,y,False,0.21988228025170997,0.36155041727779746,lambda_band,45,0.2921372149071608,-0.17285107330441463,-0.07225493465545085,-0.07225493465545085,True
45,1,2,y,False,0.21988228025170997,0.36155041727779746,d_cbrt_slot,45,-0.08044603500340486,-0.17285107330441463,0.30032831525511483,0.30032831525511483,True
45,1,2,-y,False,0.21988228025170997,-0.1376513199597582,shared_d,45,-0.08044603500340486,-0.17285107330441463,0.30032831525511483,0.30032831525511483,True
45,1,2,-y,False,0.21988228025170997,-0.1376513199597582,lambda_row,256,0.47475308545458006,0.1413610908902143,-0.2548708052028701,-0.2548708052028701,False
45,1,2,-y,False,0.21988228025170997,-0.1376513199597582,lambda_band,45,0.2921372149071608,-0.17285107330441463,-0.07225493465545085,-0.07225493465545085,True
45,1,2,-y,False,0.21988228025170997,-0.1376513199597582,d_cbrt_slot,45,-0.08044603500340486,-0.17285107330441463,0.30032831525511483,0.30032831525511483,True
45,2,2,y,True,0.22300354615123297,0.36155041727779746,shared_d,45,-0.08044603500340486,-0.17285107330441463,0.3034495811546378,0.3034495811546378,True
45,2,2,y,True,0.22300354615123297,0.36155041727779746,lambda_row,255,-0.029422363065151558,0.5646965744604984,0.2524259092163845,0.2524259092163845,False
45,2,2,y,True,0.22300354615123297,0.36155041727779746,lambda_band,45,0.22945921079161735,-0.17285107330441463,-0.006455664640384384,-0.006455664640384384,True
45,2,2,y,True,0.22300354615123297,0.36155041727779746,d_cbrt_slot,45,-0.08044603500340486,-0.17285107330441463,0.3034495811546378,0.3034495811546378,True
45,2,2,y,True,0.22300354615123297,0.36155041727779746,d_true_oracle,45,-0.08044603500340486,-0.17285107330441463,0.3034495811546378,0.3034495811546378,True
45,2,2,-y,False,0.22300354615123297,-0.1376513199597582,shared_d,45,-0.08044603500340486,-0.17285107330441463,0.3034495811546378,0.3034495811546378,True
45,2,2,-y,False,0.22300354615123297,-0.1376513199597582,lambda_row,255,-0.029422363065151558,0.5646965744604984,0.2524259092163845,0.2524259092163845,False
45,2,2,-y,False,0.22300354615123297,-0.1376513199597582,lambda_band,45,0.22945921079161735,-0.17285107330441463,-0.006455664640384384,-0.006455664640384384,True
45,2,2,-y,False,0.22300354615123297,-0.1376513199597582,d_cbrt_slot,45,-0.08044603500340486,-0.17285107330441463,0.3034495811546378,0.3034495811546378,True
45,2,2,-y,False,0.22300354615123297,-0.1376513199597582,d_true_oracle,45,-0.08044603500340486,-0.17285107330441463,0.3034495811546378,0.3034495811546378,True
46,0,2,y,False,-0.063790780271475,-0.05334960001736988,shared_d,46,0.6006873925704781,-0.17285107330441463,-0.6644781728419531,-0.6644781728419531,True
46,0,2,y,False,-0.063790780271475,-0.05334960001736988,lambda_row,256,0.5844899048505852,-0.07666453162940456,-0.6482806851220602,-0.6482806851220602,False
46,0,2,y,False,-0.063790780271475,-0.05334960001736988,lambda_band,46,0.7027313354290428,-0.17285107330441463,-0.7665221157005178,-0.7665221157005178,True
46,0,2,y,False,-0.063790780271475,-0.05334960001736988,d_cbrt_slot,46,0.6006873925704781,-0.17285107330441463,-0.6644781728419531,-0.6644781728419531,True
46,0,2,-y,False,-0.063790780271475,0.31533911207529286,shared_d,46,0.6006873925704781,-0.17285107330441463,-0.6644781728419531,-0.6644781728419531,True
46,0,2,-y,False,-0.063790780271475,0.31533911207529286,lambda_row,256,0.5844899048505852,-0.07666453162940456,-0.6482806851220602,-0.6482806851220602,False
46,0,2,-y,False,-0.063790780271475,0.31533911207529286,lambda_band,46,0.7027313354290428,-0.17285107330441463,-0.7665221157005178,-0.7665221157005178,True
46,0,2,-y,False,-0.063790780271475,0.31533911207529286,d_cbrt_slot,46,0.6006873925704781,-0.17285107330441463,-0.6644781728419531,-0.6644781728419531,True
46,1,2,y,False,0.5898071544996668,-0.05334960001736988,shared_d,46,0.6006873925704781,-0.17285107330441463,-0.010880238070811288,-0.010880238070811288,True
46,1,2,y,False,0.5898071544996668,-0.05334960001736988,lambda_row,256,0.3813030173544689,0.2685968969736763,0.2085041371451979,0.2085041371451979,False
46,1,2,y,False,0.5898071544996668,-0.05334960001736988,lambda_band,46,0.6170050833239351,-0.17285107330441463,-0.027197928824268303,-0.027197928824268303,True
46,1,2,y,False,0.5898071544996668,-0.05334960001736988,d_cbrt_slot,46,0.6006873925704781,-0.17285107330441463,-0.010880238070811288,-0.010880238070811288,True
46,1,2,-y,False,0.5898071544996668,0.31533911207529286,shared_d,46,0.6006873925704781,-0.17285107330441463,-0.010880238070811288,-0.010880238070811288,True
46,1,2,-y,False,0.5898071544996668,0.31533911207529286,lambda_row,256,0.3813030173544689,0.2685968969736763,0.2085041371451979,0.2085041371451979,False
46,1,2,-y,False,0.5898071544996668,0.31533911207529286,lambda_band,46,0.6170050833239351,-0.17285107330441463,-0.027197928824268303,-0.027197928824268303,True
46,1,2,-y,False,0.5898071544996668,0.31533911207529286,d_cbrt_slot,46,0.6006873925704781,-0.17285107330441463,-0.010880238070811288,-0.010880238070811288,True
46,2,2,y,False,0.8195865350010223,-0.05334960001736988,shared_d,46,0.6006873925704781,-0.17285107330441463,0.2188991424305442,0.2188991424305442,True
46,2,2,y,False,0.8195865350010223,-0.05334960001736988,lambda_row,256,0.45863205505627036,0.1662359880684221,0.36095447994475194,0.36095447994475194,False
46,2,2,y,False,0.8195865350010223,-0.05334960001736988,lambda_band,46,0.7671856883541217,-0.17285107330441463,0.05240084664690059,0.05240084664690059,True
46,2,2,y,False,0.8195865350010223,-0.05334960001736988,d_cbrt_slot,46,0.6006873925704781,-0.17285107330441463,0.2188991424305442,0.2188991424305442,True
46,2,2,y,False,0.8195865350010223,-0.05334960001736988,d_true_oracle,46,0.6006873925704781,-0.17285107330441463,0.2188991424305442,0.2188991424305442,True
46,2,2,-y,True,0.8195865350010223,0.31533911207529286,shared_d,46,0.6006873925704781,-0.17285107330441463,0.2188991424305442,0.2188991424305442,True
46,2,2,-y,True,0.8195865350010223,0.31533911207529286,lambda_row,256,0.45863205505627036,0.1662359880684221,0.36095447994475194,0.36095447994475194,False
46,2,2,-y,True,0.8195865350010223,0.31533911207529286,lambda_band,46,0.7671856883541217,-0.17285107330441463,0.05240084664690059,0.05240084664690059,True
46,2,2,-y,True,0.8195865350010223,0.31533911207529286,d_cbrt_slot,46,0.6006873925704781,-0.17285107330441463,0.2188991424305442,0.2188991424305442,True
46,2,2,-y,True,0.8195865350010223,0.31533911207529286,d_true_oracle,46,0.6006873925704781,-0.17285107330441463,0.2188991424305442,0.2188991424305442,True
47,0,0,y,True,0.7570492409233651,0.4480822962450901,shared_d,47,0.2101562170444531,-0.17285107330441463,0.546893023878912,0.546893023878912,True
47,0,0,y,True,0.7570492409233651,0.4480822962450901,lambda_row,255,-0.03958417774123291,0.5691111708554502,0.796633418664598,0.796633418664598,False
47,0,0,y,True,0.7570492409233651,0.4480822962450901,lambda_band,47,-0.050119440150051986,-0.17285107330441463,0.8071686810734171,0.8071686810734171,True
47,0,0,y,True,0.7570492409233651,0.4480822962450901,d_cbrt_slot,47,0.2101562170444531,-0.17285107330441463,0.546893023878912,0.546893023878912,True
47,0,0,y,True,0.7570492409233651,0.4480822962450901,d_true_oracle,47,0.2101562170444531,-0.17285107330441463,0.546893023878912,0.546893023878912,True
47,0,0,-y,False,0.7570492409233651,0.6503740899305512,shared_d,47,0.2101562170444531,-0.17285107330441463,0.546893023878912,0.546893023878912,True
47,0,0,-y,False,0.7570492409233651,0.6503740899305512,lambda_row,255,-0.03958417774123291,0.5691111708554502,0.796633418664598,0.796633418664598,False
47,0,0,-y,False,0.7570492409233651,0.6503740899305512,lambda_band,47,-0.050119440150051986,-0.17285107330441463,0.8071686810734171,0.8071686810734171,True
47,0,0,-y,False,0.7570492409233651,0.6503740899305512,d_cbrt_slot,47,0.2101562170444531,-0.17285107330441463,0.546893023878912,0.546893023878912,True
47,0,0,-y,False,0.7570492409233651,0.6503740899305512,d_true_oracle,47,0.2101562170444531,-0.17285107330441463,0.546893023878912,0.546893023878912,True
47,1,0,y,False,0.12302460304273666,0.4480822962450901,shared_d,47,0.2101562170444531,-0.17285107330441463,-0.08713161400171643,-0.08713161400171643,True
47,1,0,y,False,0.12302460304273666,0.4480822962450901,lambda_row,256,0.5077613302841684,0.0856446797740773,-0.3847367272414317,-0.3847367272414317,False
47,1,0,y,False,0.12302460304273666,0.4480822962450901,lambda_band,47,0.12595338873183337,-0.17285107330441463,-0.0029287856890967134,-0.0029287856890967134,True
47,1,0,y,False,0.12302460304273666,0.4480822962450901,d_cbrt_slot,47,0.2101562170444531,-0.17285107330441463,-0.08713161400171643,-0.08713161400171643,True
47,1,0,-y,False,0.12302460304273666,0.6503740899305512,shared_d,47,0.2101562170444531,-0.17285107330441463,-0.08713161400171643,-0.08713161400171643,True
47,1,0,-y,False,0.12302460304273666,0.6503740899305512,lambda_row,256,0.5077613302841684,0.0856446797740773,-0.3847367272414317,-0.3847367272414317,False
47,1,0,-y,False,0.12302460304273666,0.6503740899305512,lambda_band,47,0.12595338873183337,-0.17285107330441463,-0.0029287856890967134,-0.0029287856890967134,True
47,1,0,-y,False,0.12302460304273666,0.6503740899305512,d_cbrt_slot,47,0.2101562170444531,-0.17285107330441463,-0.08713161400171643,-0.08713161400171643,True
47,2,0,y,False,0.15963201722411213,0.4480822962450901,shared_d,47,0.2101562170444531,-0.17285107330441463,-0.050524199820340954,-0.050524199820340954,True
47,2,0,y,False,0.15963201722411213,0.4480822962450901,lambda_row,256,0.8074956321407853,0.21841889725408237,-0.6478636149166732,-0.6478636149166732,False
47,2,0,y,False,0.15963201722411213,0.4480822962450901,lambda_band,47,-0.010178294795796461,-0.17285107330441463,0.1698103120199086,0.1698103120199086,True
47,2,0,y,False,0.15963201722411213,0.4480822962450901,d_cbrt_slot,47,0.2101562170444531,-0.17285107330441463,-0.050524199820340954,-0.050524199820340954,True
47,2,0,-y,False,0.15963201722411213,0.6503740899305512,shared_d,47,0.2101562170444531,-0.17285107330441463,-0.050524199820340954,-0.050524199820340954,True
47,2,0,-y,False,0.15963201722411213,0.6503740899305512,lambda_row,256,0.8074956321407853,0.21841889725408237,-0.6478636149166732,-0.6478636149166732,False
47,2,0,-y,False,0.15963201722411213,0.6503740899305512,lambda_band,47,-0.010178294795796461,-0.17285107330441463,0.1698103120199086,0.1698103120199086,True
47,2,0,-y,False,0.15963201722411213,0.6503740899305512,d_cbrt_slot,47,0.2101562170444531,-0.17285107330441463,-0.050524199820340954,-0.050524199820340954,True
48,0,1,y,False,0.34435428009633995,-0.07949329883122402,shared_d,48,0.5482131658044622,-0.17285107330441463,-0.20385888570812227,-0.20385888570812227,True
48,0,1,y,False,0.34435428009633995,-0.07949329883122402,lambda_row,255,0.2619488775054606,0.38694118981426584,0.08240540259087936,0.08240540259087936,False
48,0,1,y,False,0.34435428009633995,-0.07949329883122402,lambda_band,48,0.5141335711684505,-0.17285107330441463,-0.16977929107211054,-0.16977929107211054,True
48,0,1,y,False,0.34435428009633995,-0.07949329883122402,d_cbrt_slot,48,0.5482131658044622,-0.17285107330441463,-0.20385888570812227,-0.20385888570812227,True
48,0,1,-y,False,0.34435428009633995,0.3305779766385939,shared_d,48,0.5482131658044622,-0.17285107330441463,-0.20385888570812227,-0.20385888570812227,True
48,0,1,-y,False,0.34435428009633995,0.3305779766385939,lambda_row,255,0.2619488775054606,0.38694118981426584,0.08240540259087936,0.08240540259087936,False
48,0,1,-y,False,0.34435428009633995,0.3305779766385939,lambda_band,48,0.5141335711684505,-0.17285107330441463,-0.16977929107211054,-0.16977929107211054,True
48,0,1,-y,False,0.34435428009633995,0.3305779766385939,d_cbrt_slot,48,0.5482131658044622,-0.17285107330441463,-0.20385888570812227,-0.20385888570812227,True
48,1,1,y,True,0.42080365226364336,-0.07949329883122402,shared_d,48,0.5482131658044622,-0.17285107330441463,-0.12740951354081886,-0.12740951354081886,True
48,1,1,y,True,0.42080365226364336,-0.07949329883122402,lambda_row,256,0.429972479881755,0.207192542104238,-0.009168827618111663,-0.009168827618111663,False
48,1,1,y,True,0.42080365226364336,-0.07949329883122402,lambda_band,48,0.5432580780201022,-0.17285107330441463,-0.12245442575645882,-0.12245442575645882,True
48,1,1,y,True,0.42080365226364336,-0.07949329883122402,d_cbrt_slot,48,0.5482131658044622,-0.17285107330441463,-0.12740951354081886,-0.12740951354081886,True
48,1,1,y,True,0.42080365226364336,-0.07949329883122402,d_true_oracle,48,0.5482131658044622,-0.17285107330441463,-0.12740951354081886,-0.12740951354081886,True
48,1,1,-y,False,0.42080365226364336,0.3305779766385939,shared_d,48,0.5482131658044622,-0.17285107330441463,-0.12740951354081886,-0.12740951354081886,True
48,1,1,-y,False,0.42080365226364336,0.3305779766385939,lambda_row,256,0.429972479881755,0.207192542104238,-0.009168827618111663,-0.009168827618111663,False
48,1,1,-y,False,0.42080365226364336,0.3305779766385939,lambda_band,48,0.5432580780201022,-0.17285107330441463,-0.12245442575645882,-0.12245442575645882,True
48,1,1,-y,False,0.42080365226364336,0.3305779766385939,d_cbrt_slot,48,0.5482131658044622,-0.17285107330441463,-0.12740951354081886,-0.12740951354081886,True
48,1,1,-y,False,0.42080365226364336,0.3305779766385939,d_true_oracle,48,0.5482131658044622,-0.17285107330441463,-0.12740951354081886,-0.12740951354081886,True
48,2,1,y,False,0.7659124404642057,-0.07949329883122402,shared_d,48,0.5482131658044622,-0.17285107330441463,0.21769927465974348,0.21769927465974348,True
48,2,1,y,False,0.7659124404642057,-0.07949329883122402,lambda_row,256,0.8256588398621574,0.3668268851527472,-0.05974639939795168,-0.05974639939795168,False
48,2,1,y,False,0.7659124404642057,-0.07949329883122402,lambda_band,48,0.5781965732476593,-0.17285107330441463,0.18771586721654643,0.18771586721654643,True
48,2,1,y,False,0.7659124404642057,-0.07949329883122402,d_cbrt_slot,48,0.5482131658044622,-0.17285107330441463,0.21769927465974348,0.21769927465974348,True
48,2,1,-y,False,0.7659124404642057,0.3305779766385939,shared_d,48,0.5482131658044622,-0.17285107330441463,0.21769927465974348,0.21769927465974348,True
48,2,1,-y,False,0.7659124404642057,0.3305779766385939,lambda_row,256,0.8256588398621574,0.3668268851527472,-0.05974639939795168,-0.05974639939795168,False
48,2,1,-y,False,0.7659124404642057,0.3305779766385939,lambda_band,48,0.5781965732476593,-0.17285107330441463,0.18771586721654643,0.18771586721654643,True
48,2,1,-y,False,0.7659124404642057,0.3305779766385939,d_cbrt_slot,48,0.5482131658044622,-0.17285107330441463,0.21769927465974348,0.21769927465974348,True
49,0,0,y,False,0.0659460729575585,-0.28923981540086174,shared_d,49,0.0969056931384138,-0.17285107330441463,-0.030959620180855296,-0.030959620180855296,True
49,0,0,y,False,0.0659460729575585,-0.28923981540086174,lambda_row,256,0.7548818859424813,0.13167467407104994,-0.6889358129849228,-0.6889358129849228,False
49,0,0,y,False,0.0659460729575585,-0.28923981540086174,lambda_band,49,-0.05447771074670271,-0.17285107330441463,0.12042378370426121,0.12042378370426121,True
49,0,0,y,False,0.0659460729575585,-0.28923981540086174,d_cbrt_slot,49,0.0969056931384138,-0.17285107330441463,-0.030959620180855296,-0.030959620180855296,True
49,0,0,y,False,0.0659460729575585,-0.28923981540086174,d_true_oracle,49,0.0969056931384138,-0.17285107330441463,-0.030959620180855296,-0.030959620180855296,True
49,0,0,-y,True,0.0659460729575585,0.4269315828953637,shared_d,49,0.0969056931384138,-0.17285107330441463,-0.030959620180855296,-0.030959620180855296,True
49,0,0,-y,True,0.0659460729575585,0.4269315828953637,lambda_row,256,0.7548818859424813,0.13167467407104994,-0.6889358129849228,-0.6889358129849228,False
49,0,0,-y,True,0.0659460729575585,0.4269315828953637,lambda_band,49,-0.05447771074670271,-0.17285107330441463,0.12042378370426121,0.12042378370426121,True
49,0,0,-y,True,0.0659460729575585,0.4269315828953637,d_cbrt_slot,49,0.0969056931384138,-0.17285107330441463,-0.030959620180855296,-0.030959620180855296,True
49,0,0,-y,True,0.0659460729575585,0.4269315828953637,d_true_oracle,49,0.0969056931384138,-0.17285107330441463,-0.030959620180855296,-0.030959620180855296,True
49,1,0,y,False,0.6832754244781967,-0.28923981540086174,shared_d,49,0.0969056931384138,-0.17285107330441463,0.5863697313397829,0.5863697313397829,True
49,1,0,y,False,0.6832754244781967,-0.28923981540086174,lambda_row,254,0.8110877935650223,0.6249053906629172,-0.12781236908682558,-0.12781236908682558,False
49,1,0,y,False,0.6832754244781967,-0.28923981540086174,lambda_band,49,0.0919866692581266,-0.17285107330441463,0.5912887552200701,0.5912887552200701,True
49,1,0,y,False,0.6832754244781967,-0.28923981540086174,d_cbrt_slot,49,0.0969056931384138,-0.17285107330441463,0.5863697313397829,0.5863697313397829,True
49,1,0,-y,False,0.6832754244781967,0.4269315828953637,shared_d,49,0.0969056931384138,-0.17285107330441463,0.5863697313397829,0.5863697313397829,True
49,1,0,-y,False,0.6832754244781967,0.4269315828953637,lambda_row,254,0.8110877935650223,0.6249053906629172,-0.12781236908682558,-0.12781236908682558,False
49,1,0,-y,False,0.6832754244781967,0.4269315828953637,lambda_band,49,0.0919866692581266,-0.17285107330441463,0.5912887552200701,0.5912887552200701,True
49,1,0,-y,False,0.6832754244781967,0.4269315828953637,d_cbrt_slot,49,0.0969056931384138,-0.17285107330441463,0.5863697313397829,0.5863697313397829,True
49,2,0,y,False,0.6950960224347824,-0.28923981540086174,shared_d,49,0.0969056931384138,-0.17285107330441463,0.5981903292963686,0.5981903292963686,True
49,2,0,y,False,0.6950960224347824,-0.28923981540086174,lambda_row,256,0.6632989339075124,0.6776145680165229,0.031797088527270034,0.031797088527270034,False
49,2,0,y,False,0.6950960224347824,-0.28923981540086174,lambda_band,49,0.16712865448874226,-0.17285107330441463,0.5279673679460402,0.5279673679460402,True
49,2,0,y,False,0.6950960224347824,-0.28923981540086174,d_cbrt_slot,49,0.0969056931384138,-0.17285107330441463,0.5981903292963686,0.5981903292963686,True
49,2,0,-y,False,0.6950960224347824,0.4269315828953637,shared_d,49,0.0969056931384138,-0.17285107330441463,0.5981903292963686,0.5981903292963686,True
49,2,0,-y,False,0.6950960224347824,0.4269315828953637,lambda_row,256,0.6632989339075124,0.6776145680165229,0.031797088527270034,0.031797088527270034,False
49,2,0,-y,False,0.6950960224347824,0.4269315828953637,lambda_band,49,0.16712865448874226,-0.17285107330441463,0.5279673679460402,0.5279673679460402,True
49,2,0,-y,False,0.6950960224347824,0.4269315828953637,d_cbrt_slot,49,0.0969056931384138,-0.17285107330441463,0.5981903292963686,0.5981903292963686,True
50,0,2,y,False,0.3839807966519828,0.5932992018622798,shared_d,50,0.3863976318489044,-0.17285107330441463,-0.002416835196921596,-0.002416835196921596,True
50,0,2,y,False,0.3839807966519828,0.5932992018622798,lambda_row,256,0.44716551859811204,0.1830991428480928,-0.06318472194612923,-0.06318472194612923,False
50,0,2,y,False,0.3839807966519828,0.5932992018622798,lambda_band,50,0.7350959524408864,-0.17285107330441463,-0.3511151557889036,-0.3511151557889036,True
50,0,2,y,False,0.3839807966519828,0.5932992018622798,d_cbrt_slot,50,0.3863976318489044,-0.17285107330441463,-0.002416835196921596,-0.002416835196921596,True
50,0,2,-y,False,0.3839807966519828,-0.15790916766030705,shared_d,50,0.3863976318489044,-0.17285107330441463,-0.002416835196921596,-0.002416835196921596,True
50,0,2,-y,False,0.3839807966519828,-0.15790916766030705,lambda_row,256,0.44716551859811204,0.1830991428480928,-0.06318472194612923,-0.06318472194612923,False
50,0,2,-y,False,0.3839807966519828,-0.15790916766030705,lambda_band,50,0.7350959524408864,-0.17285107330441463,-0.3511151557889036,-0.3511151557889036,True
50,0,2,-y,False,0.3839807966519828,-0.15790916766030705,d_cbrt_slot,50,0.3863976318489044,-0.17285107330441463,-0.002416835196921596,-0.002416835196921596,True
50,1,2,y,False,0.7590633318537527,0.5932992018622798,shared_d,50,0.3863976318489044,-0.17285107330441463,0.37266570000484833,0.37266570000484833,True
50,1,2,y,False,0.7590633318537527,0.5932992018622798,lambda_row,256,0.7381996510907669,0.2733113913351559,0.020863680762985837,0.020863680762985837,False
50,1,2,y,False,0.7590633318537527,0.5932992018622798,lambda_band,50,0.7894023759485087,-0.17285107330441463,-0.030339044094755963,-0.030339044094755963,True
50,1,2,y,False,0.7590633318537527,0.5932992018622798,d_cbrt_slot,50,0.3863976318489044,-0.17285107330441463,0.37266570000484833,0.37266570000484833,True
50,1,2,-y,False,0.7590633318537527,-0.15790916766030705,shared_d,50,0.3863976318489044,-0.17285107330441463,0.37266570000484833,0.37266570000484833,True
50,1,2,-y,False,0.7590633318537527,-0.15790916766030705,lambda_row,256,0.7381996510907669,0.2733113913351559,0.020863680762985837,0.020863680762985837,False
50,1,2,-y,False,0.7590633318537527,-0.15790916766030705,lambda_band,50,0.7894023759485087,-0.17285107330441463,-0.030339044094755963,-0.030339044094755963,True
50,1,2,-y,False,0.7590633318537527,-0.15790916766030705,d_cbrt_slot,50,0.3863976318489044,-0.17285107330441463,0.37266570000484833,0.37266570000484833,True
50,2,2,y,True,0.7938012368199452,0.5932992018622798,shared_d,50,0.3863976318489044,-0.17285107330441463,0.4074036049710408,0.4074036049710408,True
50,2,2,y,True,0.7938012368199452,0.5932992018622798,lambda_row,255,0.2980893702743259,0.3550830095158517,0.4957118665456193,0.4957118665456193,False
50,2,2,y,True,0.7938012368199452,0.5932992018622798,lambda_band,50,0.5813705888155276,-0.17285107330441463,0.21243064800441758,0.21243064800441758,True
50,2,2,y,True,0.7938012368199452,0.5932992018622798,d_cbrt_slot,50,0.3863976318489044,-0.17285107330441463,0.4074036049710408,0.4074036049710408,True
50,2,2,y,True,0.7938012368199452,0.5932992018622798,d_true_oracle,50,0.3863976318489044,-0.17285107330441463,0.4074036049710408,0.4074036049710408,True
50,2,2,-y,False,0.7938012368199452,-0.15790916766030705,shared_d,50,0.3863976318489044,-0.17285107330441463,0.4074036049710408,0.4074036049710408,True
50,2,2,-y,False,0.7938012368199452,-0.15790916766030705,lambda_row,255,0.2980893702743259,0.3550830095158517,0.4957118665456193,0.4957118665456193,False
50,2,2,-y,False,0.7938012368199452,-0.15790916766030705,lambda_band,50,0.5813705888155276,-0.17285107330441463,0.21243064800441758,0.21243064800441758,True
50,2,2,-y,False,0.7938012368199452,-0.15790916766030705,d_cbrt_slot,50,0.3863976318489044,-0.17285107330441463,0.4074036049710408,0.4074036049710408,True
50,2,2,-y,False,0.7938012368199452,-0.15790916766030705,d_true_oracle,50,0.3863976318489044,-0.17285107330441463,0.4074036049710408,0.4074036049710408,True
51,0,0,y,True,0.39396900211313834,0.16021405266840816,shared_d,51,0.26250080103937634,-0.17285107330441463,0.131468201073762,0.131468201073762,True
51,0,0,y,True,0.39396900211313834,0.16021405266840816,lambda_row,256,0.7203996594342215,0.39619824706231555,-0.3264306573210831,-0.3264306573210831,False
51,0,0,y,True,0.39396900211313834,0.16021405266840816,lambda_band,51,0.08211618997501446,-0.17285107330441463,0.3118528121381239,0.3118528121381239,True
51,0,0,y,True,0.39396900211313834,0.16021405266840816,d_cbrt_slot,51,0.26250080103937634,-0.17285107330441463,0.131468201073762,0.131468201073762,True
51,0,0,y,True,0.39396900211313834,0.16021405266840816,d_true_oracle,51,0.26250080103937634,-0.17285107330441463,0.131468201073762,0.131468201073762,True
51,0,0,-y,False,0.39396900211313834,0.1483327303216555,shared_d,51,0.26250080103937634,-0.17285107330441463,0.131468201073762,0.131468201073762,True
51,0,0,-y,False,0.39396900211313834,0.1483327303216555,lambda_row,256,0.7203996594342215,0.39619824706231555,-0.3264306573210831,-0.3264306573210831,False
51,0,0,-y,False,0.39396900211313834,0.1483327303216555,lambda_band,51,0.08211618997501446,-0.17285107330441463,0.3118528121381239,0.3118528121381239,True
51,0,0,-y,False,0.39396900211313834,0.1483327303216555,d_cbrt_slot,51,0.26250080103937634,-0.17285107330441463,0.131468201073762,0.131468201073762,True
51,0,0,-y,False,0.39396900211313834,0.1483327303216555,d_true_oracle,51,0.26250080103937634,-0.17285107330441463,0.131468201073762,0.131468201073762,True
51,1,0,y,False,0.5852081019660034,0.16021405266840816,shared_d,51,0.26250080103937634,-0.17285107330441463,0.322707300926627,0.322707300926627,True
51,1,0,y,False,0.5852081019660034,0.16021405266840816,lambda_row,256,0.7461725463651874,0.20947875040359065,-0.160964444399184,-0.160964444399184,False
51,1,0,y,False,0.5852081019660034,0.16021405266840816,lambda_band,51,0.049608313549370564,-0.17285107330441463,0.5355997884166328,0.5355997884166328,True
51,1,0,y,False,0.5852081019660034,0.16021405266840816,d_cbrt_slot,51,0.26250080103937634,-0.17285107330441463,0.322707300926627,0.322707300926627,True
51,1,0,-y,False,0.5852081019660034,0.1483327303216555,shared_d,51,0.26250080103937634,-0.17285107330441463,0.322707300926627,0.322707300926627,True
51,1,0,-y,False,0.5852081019660034,0.1483327303216555,lambda_row,256,0.7461725463651874,0.20947875040359065,-0.160964444399184,-0.160964444399184,False
51,1,0,-y,False,0.5852081019660034,0.1483327303216555,lambda_band,51,0.049608313549370564,-0.17285107330441463,0.5355997884166328,0.5355997884166328,True
51,1,0,-y,False,0.5852081019660034,0.1483327303216555,d_cbrt_slot,51,0.26250080103937634,-0.17285107330441463,0.322707300926627,0.322707300926627,True
51,2,0,y,False,0.6064490068099673,0.16021405266840816,shared_d,51,0.26250080103937634,-0.17285107330441463,0.34394820577059093,0.34394820577059093,True
51,2,0,y,False,0.6064490068099673,0.16021405266840816,lambda_row,254,0.7224254837559556,0.6514118476837609,-0.11597647694598834,-0.11597647694598834,False
51,2,0,y,False,0.6064490068099673,0.16021405266840816,lambda_band,51,0.2259259899340087,-0.17285107330441463,0.3805230168759586,0.3805230168759586,True
51,2,0,y,False,0.6064490068099673,0.16021405266840816,d_cbrt_slot,51,0.26250080103937634,-0.17285107330441463,0.34394820577059093,0.34394820577059093,True
51,2,0,-y,False,0.6064490068099673,0.1483327303216555,shared_d,51,0.26250080103937634,-0.17285107330441463,0.34394820577059093,0.34394820577059093,True
51,2,0,-y,False,0.6064490068099673,0.1483327303216555,lambda_row,254,0.7224254837559556,0.6514118476837609,-0.11597647694598834,-0.11597647694598834,False
51,2,0,-y,False,0.6064490068099673,0.1483327303216555,lambda_band,51,0.2259259899340087,-0.17285107330441463,0.3805230168759586,0.3805230168759586,True
51,2,0,-y,False,0.6064490068099673,0.1483327303216555,d_cbrt_slot,51,0.26250080103937634,-0.17285107330441463,0.34394820577059093,0.34394820577059093,True
53,0,0,y,True,0.8120149931891518,-0.014663640882616846,shared_d,53,0.12051426454107883,-0.17285107330441463,0.691500728648073,0.691500728648073,True
53,0,0,y,True,0.8120149931891518,-0.014663640882616846,lambda_row,255,0.15241258185577067,0.46770371533996524,0.6596024113333812,0.6596024113333812,False
53,0,0,y,True,0.8120149931891518,-0.014663640882616846,lambda_band,53,0.2540844395333295,-0.17285107330441463,0.5579305536558223,0.5579305536558223,True
53,0,0,y,True,0.8120149931891518,-0.014663640882616846,d_cbrt_slot,53,0.12051426454107883,-0.17285107330441463,0.691500728648073,0.691500728648073,True
53,0,0,y,True,0.8120149931891518,-0.014663640882616846,d_true_oracle,53,0.12051426454107883,-0.17285107330441463,0.691500728648073,0.691500728648073,True
53,0,0,-y,False,0.8120149931891518,0.2910978494517025,shared_d,53,0.12051426454107883,-0.17285107330441463,0.691500728648073,0.691500728648073,True
53,0,0,-y,False,0.8120149931891518,0.2910978494517025,lambda_row,255,0.15241258185577067,0.46770371533996524,0.6596024113333812,0.6596024113333812,False
53,0,0,-y,False,0.8120149931891518,0.2910978494517025,lambda_band,53,0.2540844395333295,-0.17285107330441463,0.5579305536558223,0.5579305536558223,True
53,0,0,-y,False,0.8120149931891518,0.2910978494517025,d_cbrt_slot,53,0.12051426454107883,-0.17285107330441463,0.691500728648073,0.691500728648073,True
53,0,0,-y,False,0.8120149931891518,0.2910978494517025,d_true_oracle,53,0.12051426454107883,-0.17285107330441463,0.691500728648073,0.691500728648073,True
53,1,0,y,False,-0.10287686826558229,-0.014663640882616846,shared_d,53,0.12051426454107883,-0.17285107330441463,-0.22339113280666112,-0.22339113280666112,True
53,1,0,y,False,-0.10287686826558229,-0.014663640882616846,lambda_row,252,0.6835634195888645,0.7892222744831088,-0.7864402878544468,-0.7864402878544468,False
53,1,0,y,False,-0.10287686826558229,-0.014663640882616846,lambda_band,53,-0.13556158355019576,-0.17285107330441463,0.032684715284613475,0.032684715284613475,True
53,1,0,y,False,-0.10287686826558229,-0.014663640882616846,d_cbrt_slot,53,0.12051426454107883,-0.17285107330441463,-0.22339113280666112,-0.22339113280666112,True
53,1,0,-y,False,-0.10287686826558229,0.2910978494517025,shared_d,53,0.12051426454107883,-0.17285107330441463,-0.22339113280666112,-0.22339113280666112,True
53,1,0,-y,False,-0.10287686826558229,0.2910978494517025,lambda_row,252,0.6835634195888645,0.7892222744831088,-0.7864402878544468,-0.7864402878544468,False
53,1,0,-y,False,-0.10287686826558229,0.2910978494517025,lambda_band,53,-0.13556158355019576,-0.17285107330441463,0.032684715284613475,0.032684715284613475,True
53,1,0,-y,False,-0.10287686826558229,0.2910978494517025,d_cbrt_slot,53,0.12051426454107883,-0.17285107330441463,-0.22339113280666112,-0.22339113280666112,True
53,2,0,y,False,0.5310495366870214,-0.014663640882616846,shared_d,53,0.12051426454107883,-0.17285107330441463,0.41053527214594254,0.41053527214594254,True
53,2,0,y,False,0.5310495366870214,-0.014663640882616846,lambda_row,253,0.009494063149148246,0.7666290253896193,0.5215554735378731,0.5215554735378731,False
53,2,0,y,False,0.5310495366870214,-0.014663640882616846,lambda_band,53,-0.03848767633950345,-0.17285107330441463,0.5695372130265248,0.5695372130265248,True
53,2,0,y,False,0.5310495366870214,-0.014663640882616846,d_cbrt_slot,53,0.12051426454107883,-0.17285107330441463,0.41053527214594254,0.41053527214594254,True
53,2,0,-y,False,0.5310495366870214,0.2910978494517025,shared_d,53,0.12051426454107883,-0.17285107330441463,0.41053527214594254,0.41053527214594254,True
53,2,0,-y,False,0.5310495366870214,0.2910978494517025,lambda_row,253,0.009494063149148246,0.7666290253896193,0.5215554735378731,0.5215554735378731,False
53,2,0,-y,False,0.5310495366870214,0.2910978494517025,lambda_band,53,-0.03848767633950345,-0.17285107330441463,0.5695372130265248,0.5695372130265248,True
53,2,0,-y,False,0.5310495366870214,0.2910978494517025,d_cbrt_slot,53,0.12051426454107883,-0.17285107330441463,0.41053527214594254,0.41053527214594254,True
54,0,1,y,False,-0.14331607631633858,-0.05694879750288351,shared_d,54,0.4007286636536769,-0.17285107330441463,-0.5440447399700155,-0.5440447399700155,True
54,0,1,y,False,-0.14331607631633858,-0.05694879750288351,lambda_row,255,-0.07065590441926872,0.5820730085688126,-0.07266017189706986,-0.07266017189706986,False
54,0,1,y,False,-0.14331607631633858,-0.05694879750288351,lambda_band,54,0.7137664769982841,-0.17285107330441463,-0.8570825533146227,-0.8570825533146227,True
54,0,1,y,False,-0.14331607631633858,-0.05694879750288351,d_cbrt_slot,54,0.4007286636536769,-0.17285107330441463,-0.5440447399700155,-0.5440447399700155,True
54,0,1,-y,False,-0.14331607631633858,0.653245871981909,shared_d,54,0.4007286636536769,-0.17285107330441463,-0.5440447399700155,-0.5440447399700155,True
54,0,1,-y,False,-0.14331607631633858,0.653245871981909,lambda_row,255,-0.07065590441926872,0.5820730085688126,-0.07266017189706986,-0.07266017189706986,False
54,0,1,-y,False,-0.14331607631633858,0.653245871981909,lambda_band,54,0.7137664769982841,-0.17285107330441463,-0.8570825533146227,-0.8570825533146227,True
54,0,1,-y,False,-0.14331607631633858,0.653245871981909,d_cbrt_slot,54,0.4007286636536769,-0.17285107330441463,-0.5440447399700155,-0.5440447399700155,True
54,1,1,y,True,-0.05886567315636171,-0.05694879750288351,shared_d,54,0.4007286636536769,-0.17285107330441463,-0.4595943368100386,-0.4595943368100386,True
54,1,1,y,True,-0.05886567315636171,-0.05694879750288351,lambda_row,255,0.32390371428296305,0.3303796048453904,-0.38276938743932476,-0.38276938743932476,False
54,1,1,y,True,-0.05886567315636171,-0.05694879750288351,lambda_band,54,0.3580135435029561,-0.17285107330441463,-0.4168792166593178,-0.4168792166593178,True
54,1,1,y,True,-0.05886567315636171,-0.05694879750288351,d_cbrt_slot,54,0.4007286636536769,-0.17285107330441463,-0.4595943368100386,-0.4595943368100386,True
54,1,1,y,True,-0.05886567315636171,-0.05694879750288351,d_true_oracle,54,0.4007286636536769,-0.17285107330441463,-0.4595943368100386,-0.4595943368100386,True
54,1,1,-y,False,-0.05886567315636171,0.653245871981909,shared_d,54,0.4007286636536769,-0.17285107330441463,-0.4595943368100386,-0.4595943368100386,True
54,1,1,-y,False,-0.05886567315636171,0.653245871981909,lambda_row,255,0.32390371428296305,0.3303796048453904,-0.38276938743932476,-0.38276938743932476,False
54,1,1,-y,False,-0.05886567315636171,0.653245871981909,lambda_band,54,0.3580135435029561,-0.17285107330441463,-0.4168792166593178,-0.4168792166593178,True
54,1,1,-y,False,-0.05886567315636171,0.653245871981909,d_cbrt_slot,54,0.4007286636536769,-0.17285107330441463,-0.4595943368100386,-0.4595943368100386,True
54,1,1,-y,False,-0.05886567315636171,0.653245871981909,d_true_oracle,54,0.4007286636536769,-0.17285107330441463,-0.4595943368100386,-0.4595943368100386,True
54,2,1,y,False,0.24592663623334943,-0.05694879750288351,shared_d,54,0.4007286636536769,-0.17285107330441463,-0.15480202742032745,-0.15480202742032745,True
54,2,1,y,False,0.24592663623334943,-0.05694879750288351,lambda_row,255,0.24539133579254724,0.4005762536641697,0.0005353004408021889,0.0005353004408021889,False
54,2,1,y,False,0.24592663623334943,-0.05694879750288351,lambda_band,54,0.8255292257056936,-0.17285107330441463,-0.5796025894723442,-0.5796025894723442,True
54,2,1,y,False,0.24592663623334943,-0.05694879750288351,d_cbrt_slot,54,0.4007286636536769,-0.17285107330441463,-0.15480202742032745,-0.15480202742032745,True
54,2,1,-y,False,0.24592663623334943,0.653245871981909,shared_d,54,0.4007286636536769,-0.17285107330441463,-0.15480202742032745,-0.15480202742032745,True
54,2,1,-y,False,0.24592663623334943,0.653245871981909,lambda_row,255,0.24539133579254724,0.4005762536641697,0.0005353004408021889,0.0005353004408021889,False
54,2,1,-y,False,0.24592663623334943,0.653245871981909,lambda_band,54,0.8255292257056936,-0.17285107330441463,-0.5796025894723442,-0.5796025894723442,True
54,2,1,-y,False,0.24592663623334943,0.653245871981909,d_cbrt_slot,54,0.4007286636536769,-0.17285107330441463,-0.15480202742032745,-0.15480202742032745,True
55,0,0,y,False,0.3582363673106954,0.6116305551041279,shared_d,55,0.19614552195125157,-0.17285107330441463,0.16209084535944385,0.16209084535944385,True
55,0,0,y,False,0.3582363673106954,0.6116305551041279,lambda_row,256,0.7963017309089935,0.5380386826823269,-0.43806536359829806,-0.43806536359829806,False
55,0,0,y,False,0.3582363673106954,0.6116305551041279,lambda_band,55,0.08648339704422625,-0.17285107330441463,0.27175297026646916,0.27175297026646916,True
55,0,0,y,False,0.3582363673106954,0.6116305551041279,d_cbrt_slot,55,0.19614552195125157,-0.17285107330441463,0.16209084535944385,0.16209084535944385,True
55,0,0,y,False,0.3582363673106954,0.6116305551041279,d_true_oracle,55,0.19614552195125157,-0.17285107330441463,0.16209084535944385,0.16209084535944385,True
55,0,0,-y,True,0.3582363673106954,0.5933234565887062,shared_d,55,0.19614552195125157,-0.17285107330441463,0.16209084535944385,0.16209084535944385,True
55,0,0,-y,True,0.3582363673106954,0.5933234565887062,lambda_row,256,0.7963017309089935,0.5380386826823269,-0.43806536359829806,-0.43806536359829806,False
55,0,0,-y,True,0.3582363673106954,0.5933234565887062,lambda_band,55,0.08648339704422625,-0.17285107330441463,0.27175297026646916,0.27175297026646916,True
55,0,0,-y,True,0.3582363673106954,0.5933234565887062,d_cbrt_slot,55,0.19614552195125157,-0.17285107330441463,0.16209084535944385,0.16209084535944385,True
55,0,0,-y,True,0.3582363673106954,0.5933234565887062,d_true_oracle,55,0.19614552195125157,-0.17285107330441463,0.16209084535944385,0.16209084535944385,True
55,1,0,y,False,0.5673549171643231,0.6116305551041279,shared_d,55,0.19614552195125157,-0.17285107330441463,0.3712093952130715,0.3712093952130715,True
55,1,0,y,False,0.5673549171643231,0.6116305551041279,lambda_row,252,0.6517719915531046,0.7908992901848961,-0.08441707438878154,-0.08441707438878154,False
55,1,0,y,False,0.5673549171643231,0.6116305551041279,lambda_band,55,0.04190547693004376,-0.17285107330441463,0.5254494402342793,0.5254494402342793,True
55,1,0,y,False,0.5673549171643231,0.6116305551041279,d_cbrt_slot,55,0.19614552195125157,-0.17285107330441463,0.3712093952130715,0.3712093952130715,True
55,1,0,-y,False,0.5673549171643231,0.5933234565887062,shared_d,55,0.19614552195125157,-0.17285107330441463,0.3712093952130715,0.3712093952130715,True
55,1,0,-y,False,0.5673549171643231,0.5933234565887062,lambda_row,252,0.6517719915531046,0.7908992901848961,-0.08441707438878154,-0.08441707438878154,False
55,1,0,-y,False,0.5673549171643231,0.5933234565887062,lambda_band,55,0.04190547693004376,-0.17285107330441463,0.5254494402342793,0.5254494402342793,True
55,1,0,-y,False,0.5673549171643231,0.5933234565887062,d_cbrt_slot,55,0.19614552195125157,-0.17285107330441463,0.3712093952130715,0.3712093952130715,True
55,2,0,y,False,0.6483007861864536,0.6116305551041279,shared_d,55,0.19614552195125157,-0.17285107330441463,0.452155264235202,0.452155264235202,True
55,2,0,y,False,0.6483007861864536,0.6116305551041279,lambda_row,255,0.1351073385296928,0.47866473048379987,0.5131934476567608,0.5131934476567608,False
55,2,0,y,False,0.6483007861864536,0.6116305551041279,lambda_band,55,-0.02105215877554656,-0.17285107330441463,0.6693529449620002,0.6693529449620002,True
55,2,0,y,False,0.6483007861864536,0.6116305551041279,d_cbrt_slot,55,0.19614552195125157,-0.17285107330441463,0.452155264235202,0.452155264235202,True
55,2,0,-y,False,0.6483007861864536,0.5933234565887062,shared_d,55,0.19614552195125157,-0.17285107330441463,0.452155264235202,0.452155264235202,True
55,2,0,-y,False,0.6483007861864536,0.5933234565887062,lambda_row,255,0.1351073385296928,0.47866473048379987,0.5131934476567608,0.5131934476567608,False
55,2,0,-y,False,0.6483007861864536,0.5933234565887062,lambda_band,55,-0.02105215877554656,-0.17285107330441463,0.6693529449620002,0.6693529449620002,True
55,2,0,-y,False,0.6483007861864536,0.5933234565887062,d_cbrt_slot,55,0.19614552195125157,-0.17285107330441463,0.452155264235202,0.452155264235202,True
56,0,0,y,False,0.8178297907779921,0.15326907682860735,shared_d,56,0.47490268147961956,-0.17285107330441463,0.34292710929837256,0.34292710929837256,True
56,0,0,y,False,0.8178297907779921,0.15326907682860735,lambda_row,256,0.7490484049437924,0.184805775218436,0.06878138583419968,0.06878138583419968,False
56,0,0,y,False,0.8178297907779921,0.15326907682860735,lambda_band,56,0.5768614577479063,-0.17285107330441463,0.2409683330300858,0.2409683330300858,True
56,0,0,y,False,0.8178297907779921,0.15326907682860735,d_cbrt_slot,56,0.47490268147961956,-0.17285107330441463,0.34292710929837256,0.34292710929837256,True
56,0,0,y,False,0.8178297907779921,0.15326907682860735,d_true_oracle,56,0.47490268147961956,-0.17285107330441463,0.34292710929837256,0.34292710929837256,True
56,0,0,-y,True,0.8178297907779921,0.5581221627998048,shared_d,56,0.47490268147961956,-0.17285107330441463,0.34292710929837256,0.34292710929837256,True
56,0,0,-y,True,0.8178297907779921,0.5581221627998048,lambda_row,256,0.7490484049437924,0.184805775218436,0.06878138583419968,0.06878138583419968,False
56,0,0,-y,True,0.8178297907779921,0.5581221627998048,lambda_band,56,0.5768614577479063,-0.17285107330441463,0.2409683330300858,0.2409683330300858,True
56,0,0,-y,True,0.8178297907779921,0.5581221627998048,d_cbrt_slot,56,0.47490268147961956,-0.17285107330441463,0.34292710929837256,0.34292710929837256,True
56,0,0,-y,True,0.8178297907779921,0.5581221627998048,d_true_oracle,56,0.47490268147961956,-0.17285107330441463,0.34292710929837256,0.34292710929837256,True
56,1,0,y,False,-0.025907456808766938,0.15326907682860735,shared_d,56,0.47490268147961956,-0.17285107330441463,-0.5008101382883865,-0.5008101382883865,True
56,1,0,y,False,-0.025907456808766938,0.15326907682860735,lambda_row,256,0.7732490883132499,-0.07080399761376555,-0.7991565451220168,-0.7991565451220168,False
56,1,0,y,False,-0.025907456808766938,0.15326907682860735,lambda_band,56,0.6687320217029828,-0.17285107330441463,-0.6946394785117498,-0.6946394785117498,True
56,1,0,y,False,-0.025907456808766938,0.15326907682860735,d_cbrt_slot,56,0.47490268147961956,-0.17285107330441463,-0.5008101382883865,-0.5008101382883865,True
56,1,0,-y,False,-0.025907456808766938,0.5581221627998048,shared_d,56,0.47490268147961956,-0.17285107330441463,-0.5008101382883865,-0.5008101382883865,True
56,1,0,-y,False,-0.025907456808766938,0.5581221627998048,lambda_row,256,0.7732490883132499,-0.07080399761376555,-0.7991565451220168,-0.7991565451220168,False
56,1,0,-y,False,-0.025907456808766938,0.5581221627998048,lambda_band,56,0.6687320217029828,-0.17285107330441463,-0.6946394785117498,-0.6946394785117498,True
56,1,0,-y,False,-0.025907456808766938,0.5581221627998048,d_cbrt_slot,56,0.47490268147961956,-0.17285107330441463,-0.5008101382883865,-0.5008101382883865,True
56,2,0,y,False,0.24587714140464811,0.15326907682860735,shared_d,56,0.47490268147961956,-0.17285107330441463,-0.22902554007497145,-0.22902554007497145,True
56,2,0,y,False,0.24587714140464811,0.15326907682860735,lambda_row,255,0.2568734319038839,0.39118169108778034,-0.010996290499235783,-0.010996290499235783,False
56,2,0,y,False,0.24587714140464811,0.15326907682860735,lambda_band,56,0.5727154426460359,-0.17285107330441463,-0.3268383012413878,-0.3268383012413878,True
56,2,0,y,False,0.24587714140464811,0.15326907682860735,d_cbrt_slot,56,0.47490268147961956,-0.17285107330441463,-0.22902554007497145,-0.22902554007497145,True
56,2,0,-y,False,0.24587714140464811,0.5581221627998048,shared_d,56,0.47490268147961956,-0.17285107330441463,-0.22902554007497145,-0.22902554007497145,True
56,2,0,-y,False,0.24587714140464811,0.5581221627998048,lambda_row,255,0.2568734319038839,0.39118169108778034,-0.010996290499235783,-0.010996290499235783,False
56,2,0,-y,False,0.24587714140464811,0.5581221627998048,lambda_band,56,0.5727154426460359,-0.17285107330441463,-0.3268383012413878,-0.3268383012413878,True
56,2,0,-y,False,0.24587714140464811,0.5581221627998048,d_cbrt_slot,56,0.47490268147961956,-0.17285107330441463,-0.22902554007497145,-0.22902554007497145,True
57,0,1,y,False,0.28045607124941796,0.05599415977881961,shared_d,57,0.29715534438265223,-0.17285107330441463,-0.01669927313323427,-0.01669927313323427,True
57,0,1,y,False,0.28045607124941796,0.05599415977881961,lambda_row,255,0.30839088558349204,0.3454315181411971,-0.027934814334074076,-0.027934814334074076,False
57,0,1,y,False,0.28045607124941796,0.05599415977881961,lambda_band,57,0.05495629261628565,-0.17285107330441463,0.2254997786331323,0.2254997786331323,True
57,0,1,y,False,0.28045607124941796,0.05599415977881961,d_cbrt_slot,57,0.29715534438265223,-0.17285107330441463,-0.01669927313323427,-0.01669927313323427,True
57,0,1,-y,False,0.28045607124941796,0.24079749914986337,shared_d,57,0.29715534438265223,-0.17285107330441463,-0.01669927313323427,-0.01669927313323427,True
57,0,1,-y,False,0.28045607124941796,0.24079749914986337,lambda_row,255,0.30839088558349204,0.3454315181411971,-0.027934814334074076,-0.027934814334074076,False
57,0,1,-y,False,0.28045607124941796,0.24079749914986337,lambda_band,57,0.05495629261628565,-0.17285107330441463,0.2254997786331323,0.2254997786331323,True
57,0,1,-y,False,0.28045607124941796,0.24079749914986337,d_cbrt_slot,57,0.29715534438265223,-0.17285107330441463,-0.01669927313323427,-0.01669927313323427,True
57,1,1,y,True,0.5108840644448094,0.05599415977881961,shared_d,57,0.29715534438265223,-0.17285107330441463,0.21372872006215715,0.21372872006215715,True
57,1,1,y,True,0.5108840644448094,0.05599415977881961,lambda_row,256,0.6917555086473044,0.5537423380250175,-0.180871444202495,-0.180871444202495,False
57,1,1,y,True,0.5108840644448094,0.05599415977881961,lambda_band,57,0.30981247203222395,-0.17285107330441463,0.20107159241258543,0.20107159241258543,True
57,1,1,y,True,0.5108840644448094,0.05599415977881961,d_cbrt_slot,57,0.29715534438265223,-0.17285107330441463,0.21372872006215715,0.21372872006215715,True
57,1,1,y,True,0.5108840644448094,0.05599415977881961,d_true_oracle,57,0.29715534438265223,-0.17285107330441463,0.21372872006215715,0.21372872006215715,True
57,1,1,-y,False,0.5108840644448094,0.24079749914986337,shared_d,57,0.29715534438265223,-0.17285107330441463,0.21372872006215715,0.21372872006215715,True
57,1,1,-y,False,0.5108840644448094,0.24079749914986337,lambda_row,256,0.6917555086473044,0.5537423380250175,-0.180871444202495,-0.180871444202495,False
57,1,1,-y,False,0.5108840644448094,0.24079749914986337,lambda_band,57,0.30981247203222395,-0.17285107330441463,0.20107159241258543,0.20107159241258543,True
57,1,1,-y,False,0.5108840644448094,0.24079749914986337,d_cbrt_slot,57,0.29715534438265223,-0.17285107330441463,0.21372872006215715,0.21372872006215715,True
57,1,1,-y,False,0.5108840644448094,0.24079749914986337,d_true_oracle,57,0.29715534438265223,-0.17285107330441463,0.21372872006215715,0.21372872006215715,True
57,2,1,y,False,0.7400787006753404,0.05599415977881961,shared_d,57,0.29715534438265223,-0.17285107330441463,0.4429233562926882,0.4429233562926882,True
57,2,1,y,False,0.7400787006753404,0.05599415977881961,lambda_row,255,0.22273328377023915,0.4183438824447876,0.5173454169051013,0.5173454169051013,False
57,2,1,y,False,0.7400787006753404,0.05599415977881961,lambda_band,57,0.3086971456492016,-0.17285107330441463,0.43138155502613884,0.43138155502613884,True
57,2,1,y,False,0.7400787006753404,0.05599415977881961,d_cbrt_slot,57,0.29715534438265223,-0.17285107330441463,0.4429233562926882,0.4429233562926882,True
57,2,1,-y,False,0.7400787006753404,0.24079749914986337,shared_d,57,0.29715534438265223,-0.17285107330441463,0.4429233562926882,0.4429233562926882,True
57,2,1,-y,False,0.7400787006753404,0.24079749914986337,lambda_row,255,0.22273328377023915,0.4183438824447876,0.5173454169051013,0.5173454169051013,False
57,2,1,-y,False,0.7400787006753404,0.24079749914986337,lambda_band,57,0.3086971456492016,-0.17285107330441463,0.43138155502613884,0.43138155502613884,True
57,2,1,-y,False,0.7400787006753404,0.24079749914986337,d_cbrt_slot,57,0.29715534438265223,-0.17285107330441463,0.4429233562926882,0.4429233562926882,True
58,0,0,y,True,-0.11490996961970268,-0.16431809144808085,shared_d,58,0.5634535758421002,-0.17285107330441463,-0.6783635454618029,-0.6783635454618029,True
58,0,0,y,True,-0.11490996961970268,-0.16431809144808085,lambda_row,255,-0.028964381322268196,0.5644955025872633,-0.08594558829743448,-0.08594558829743448,False
58,0,0,y,True,-0.11490996961970268,-0.16431809144808085,lambda_band,58,0.5307331610757728,-0.17285107330441463,-0.6456431306954755,-0.6456431306954755,True
58,0,0,y,True,-0.11490996961970268,-0.16431809144808085,d_cbrt_slot,58,0.5634535758421002,-0.17285107330441463,-0.6783635454618029,-0.6783635454618029,True
58,0,0,y,True,-0.11490996961970268,-0.16431809144808085,d_true_oracle,58,0.5634535758421002,-0.17285107330441463,-0.6783635454618029,-0.6783635454618029,True
58,0,0,-y,False,-0.11490996961970268,0.3745372422759772,shared_d,58,0.5634535758421002,-0.17285107330441463,-0.6783635454618029,-0.6783635454618029,True
58,0,0,-y,False,-0.11490996961970268,0.3745372422759772,lambda_row,255,-0.028964381322268196,0.5644955025872633,-0.08594558829743448,-0.08594558829743448,False
58,0,0,-y,False,-0.11490996961970268,0.3745372422759772,lambda_band,58,0.5307331610757728,-0.17285107330441463,-0.6456431306954755,-0.6456431306954755,True
58,0,0,-y,False,-0.11490996961970268,0.3745372422759772,d_cbrt_slot,58,0.5634535758421002,-0.17285107330441463,-0.6783635454618029,-0.6783635454618029,True
58,0,0,-y,False,-0.11490996961970268,0.3745372422759772,d_true_oracle,58,0.5634535758421002,-0.17285107330441463,-0.6783635454618029,-0.6783635454618029,True
58,1,0,y,False,0.1039277560366969,-0.16431809144808085,shared_d,58,0.5634535758421002,-0.17285107330441463,-0.4595258198054033,-0.4595258198054033,True
58,1,0,y,False,0.1039277560366969,-0.16431809144808085,lambda_row,256,0.45893015388395497,0.16578866156197591,-0.35500239784725807,-0.35500239784725807,False
58,1,0,y,False,0.1039277560366969,-0.16431809144808085,lambda_band,58,0.6418464183635493,-0.17285107330441463,-0.5379186623268524,-0.5379186623268524,True
58,1,0,y,False,0.1039277560366969,-0.16431809144808085,d_cbrt_slot,58,0.5634535758421002,-0.17285107330441463,-0.4595258198054033,-0.4595258198054033,True
58,1,0,-y,False,0.1039277560366969,0.3745372422759772,shared_d,58,0.5634535758421002,-0.17285107330441463,-0.4595258198054033,-0.4595258198054033,True
58,1,0,-y,False,0.1039277560366969,0.3745372422759772,lambda_row,256,0.45893015388395497,0.16578866156197591,-0.35500239784725807,-0.35500239784725807,False
58,1,0,-y,False,0.1039277560366969,0.3745372422759772,lambda_band,58,0.6418464183635493,-0.17285107330441463,-0.5379186623268524,-0.5379186623268524,True
58,1,0,-y,False,0.1039277560366969,0.3745372422759772,d_cbrt_slot,58,0.5634535758421002,-0.17285107330441463,-0.4595258198054033,-0.4595258198054033,True
58,2,0,y,False,0.4157538594364496,-0.16431809144808085,shared_d,58,0.5634535758421002,-0.17285107330441463,-0.1476997164056506,-0.1476997164056506,True
58,2,0,y,False,0.4157538594364496,-0.16431809144808085,lambda_row,253,-0.004121011302643751,0.7678084553858611,0.41987487073909335,0.41987487073909335,False
58,2,0,y,False,0.4157538594364496,-0.16431809144808085,lambda_band,58,0.5266008212500353,-0.17285107330441463,-0.11084696181358566,-0.11084696181358566,True
58,2,0,y,False,0.4157538594364496,-0.16431809144808085,d_cbrt_slot,58,0.5634535758421002,-0.17285107330441463,-0.1476997164056506,-0.1476997164056506,True
58,2,0,-y,False,0.4157538594364496,0.3745372422759772,shared_d,58,0.5634535758421002,-0.17285107330441463,-0.1476997164056506,-0.1476997164056506,True
58,2,0,-y,False,0.4157538594364496,0.3745372422759772,lambda_row,253,-0.004121011302643751,0.7678084553858611,0.41987487073909335,0.41987487073909335,False
58,2,0,-y,False,0.4157538594364496,0.3745372422759772,lambda_band,58,0.5266008212500353,-0.17285107330441463,-0.11084696181358566,-0.11084696181358566,True
58,2,0,-y,False,0.4157538594364496,0.3745372422759772,d_cbrt_slot,58,0.5634535758421002,-0.17285107330441463,-0.1476997164056506,-0.1476997164056506,True
59,0,0,y,True,-0.16000058824987207,0.5029374148167278,shared_d,59,0.2597931457839948,-0.17285107330441463,-0.4197937340338669,-0.4197937340338669,True
59,0,0,y,True,-0.16000058824987207,0.5029374148167278,lambda_row,256,0.6668841858906376,0.6633808535235346,-0.8268847741405096,-0.8268847741405096,False
59,0,0,y,True,-0.16000058824987207,0.5029374148167278,lambda_band,59,0.2713539864907659,-0.17285107330441463,-0.431354574740638,-0.431354574740638,True
59,0,0,y,True,-0.16000058824987207,0.5029374148167278,d_cbrt_slot,59,0.2597931457839948,-0.17285107330441463,-0.4197937340338669,-0.4197937340338669,True
59,0,0,y,True,-0.16000058824987207,0.5029374148167278,d_true_oracle,59,0.2597931457839948,-0.17285107330441463,-0.4197937340338669,-0.4197937340338669,True
59,0,0,-y,False,-0.16000058824987207,0.6167885503847401,shared_d,59,0.2597931457839948,-0.17285107330441463,-0.4197937340338669,-0.4197937340338669,True
59,0,0,-y,False,-0.16000058824987207,0.6167885503847401,lambda_row,256,0.6668841858906376,0.6633808535235346,-0.8268847741405096,-0.8268847741405096,False
59,0,0,-y,False,-0.16000058824987207,0.6167885503847401,lambda_band,59,0.2713539864907659,-0.17285107330441463,-0.431354574740638,-0.431354574740638,True
59,0,0,-y,False,-0.16000058824987207,0.6167885503847401,d_cbrt_slot,59,0.2597931457839948,-0.17285107330441463,-0.4197937340338669,-0.4197937340338669,True
59,0,0,-y,False,-0.16000058824987207,0.6167885503847401,d_true_oracle,59,0.2597931457839948,-0.17285107330441463,-0.4197937340338669,-0.4197937340338669,True
59,1,0,y,False,-0.02767895466830339,0.5029374148167278,shared_d,59,0.2597931457839948,-0.17285107330441463,-0.2874721004522982,-0.2874721004522982,True
59,1,0,y,False,-0.02767895466830339,0.5029374148167278,lambda_row,249,-0.16966866806140501,0.8243131374261168,0.14198971339310162,0.14198971339310162,False
59,1,0,y,False,-0.02767895466830339,0.5029374148167278,lambda_band,59,-0.0017531434235529275,-0.17285107330441463,-0.025925811244750463,-0.025925811244750463,True
59,1,0,y,False,-0.02767895466830339,0.5029374148167278,d_cbrt_slot,59,0.2597931457839948,-0.17285107330441463,-0.2874721004522982,-0.2874721004522982,True
59,1,0,-y,False,-0.02767895466830339,0.6167885503847401,shared_d,59,0.2597931457839948,-0.17285107330441463,-0.2874721004522982,-0.2874721004522982,True
59,1,0,-y,False,-0.02767895466830339,0.6167885503847401,lambda_row,249,-0.16966866806140501,0.8243131374261168,0.14198971339310162,0.14198971339310162,False
59,1,0,-y,False,-0.02767895466830339,0.6167885503847401,lambda_band,59,-0.0017531434235529275,-0.17285107330441463,-0.025925811244750463,-0.025925811244750463,True
59,1,0,-y,False,-0.02767895466830339,0.6167885503847401,d_cbrt_slot,59,0.2597931457839948,-0.17285107330441463,-0.2874721004522982,-0.2874721004522982,True
59,2,0,y,False,0.23456512372553107,0.5029374148167278,shared_d,59,0.2597931457839948,-0.17285107330441463,-0.02522802205846375,-0.02522802205846375,True
59,2,0,y,False,0.23456512372553107,0.5029374148167278,lambda_row,255,0.0036298057790986604,0.5496997580337961,0.2309353179464324,0.2309353179464324,False
59,2,0,y,False,0.23456512372553107,0.5029374148167278,lambda_band,59,0.18177663413647238,-0.17285107330441463,0.052788489589058685,0.052788489589058685,True
59,2,0,y,False,0.23456512372553107,0.5029374148167278,d_cbrt_slot,59,0.2597931457839948,-0.17285107330441463,-0.02522802205846375,-0.02522802205846375,True
59,2,0,-y,False,0.23456512372553107,0.6167885503847401,shared_d,59,0.2597931457839948,-0.17285107330441463,-0.02522802205846375,-0.02522802205846375,True
59,2,0,-y,False,0.23456512372553107,0.6167885503847401,lambda_row,255,0.0036298057790986604,0.5496997580337961,0.2309353179464324,0.2309353179464324,False
59,2,0,-y,False,0.23456512372553107,0.6167885503847401,lambda_band,59,0.18177663413647238,-0.17285107330441463,0.052788489589058685,0.052788489589058685,True
59,2,0,-y,False,0.23456512372553107,0.6167885503847401,d_cbrt_slot,59,0.2597931457839948,-0.17285107330441463,-0.02522802205846375,-0.02522802205846375,True
60,0,0,y,False,-0.07885553222838837,0.4379796050108098,shared_d,60,0.8158742090302269,-0.17285107330441463,-0.8947297412586153,-0.8947297412586153,True
60,0,0,y,False,-0.07885553222838837,0.4379796050108098,lambda_row,255,0.15700513571304953,0.46472169446461464,-0.2358606679414379,-0.2358606679414379,False
60,0,0,y,False,-0.07885553222838837,0.4379796050108098,lambda_band,60,0.37597553755032465,-0.17285107330441463,-0.454831069778713,-0.454831069778713,True
60,0,0,y,False,-0.07885553222838837,0.4379796050108098,d_cbrt_slot,60,0.8158742090302269,-0.17285107330441463,-0.8947297412586153,-0.8947297412586153,True
60,0,0,y,False,-0.07885553222838837,0.4379796050108098,d_true_oracle,60,0.8158742090302269,-0.17285107330441463,-0.8947297412586153,-0.8947297412586153,True
60,0,0,-y,True,-0.07885553222838837,0.5065332122109396,shared_d,60,0.8158742090302269,-0.17285107330441463,-0.8947297412586153,-0.8947297412586153,True
60,0,0,-y,True,-0.07885553222838837,0.5065332122109396,lambda_row,255,0.15700513571304953,0.46472169446461464,-0.2358606679414379,-0.2358606679414379,False
60,0,0,-y,True,-0.07885553222838837,0.5065332122109396,lambda_band,60,0.37597553755032465,-0.17285107330441463,-0.454831069778713,-0.454831069778713,True
60,0,0,-y,True,-0.07885553222838837,0.5065332122109396,d_cbrt_slot,60,0.8158742090302269,-0.17285107330441463,-0.8947297412586153,-0.8947297412586153,True
60,0,0,-y,True,-0.07885553222838837,0.5065332122109396,d_true_oracle,60,0.8158742090302269,-0.17285107330441463,-0.8947297412586153,-0.8947297412586153,True
60,1,0,y,False,-0.025314264020551036,0.4379796050108098,shared_d,60,0.8158742090302269,-0.17285107330441463,-0.8411884730507779,-0.8411884730507779,True
60,1,0,y,False,-0.025314264020551036,0.4379796050108098,lambda_row,254,0.4098676528070939,0.718195283010516,-0.43518191682764495,-0.43518191682764495,False
60,1,0,y,False,-0.025314264020551036,0.4379796050108098,lambda_band,60,0.5752428960018889,-0.17285107330441463,-0.60055716002244,-0.60055716002244,True
60,1,0,y,False,-0.025314264020551036,0.4379796050108098,d_cbrt_slot,60,0.8158742090302269,-0.17285107330441463,-0.8411884730507779,-0.8411884730507779,True
60,1,0,-y,False,-0.025314264020551036,0.5065332122109396,shared_d,60,0.8158742090302269,-0.17285107330441463,-0.8411884730507779,-0.8411884730507779,True
60,1,0,-y,False,-0.025314264020551036,0.5065332122109396,lambda_row,254,0.4098676528070939,0.718195283010516,-0.43518191682764495,-0.43518191682764495,False
60,1,0,-y,False,-0.025314264020551036,0.5065332122109396,lambda_band,60,0.5752428960018889,-0.17285107330441463,-0.60055716002244,-0.60055716002244,True
60,1,0,-y,False,-0.025314264020551036,0.5065332122109396,d_cbrt_slot,60,0.8158742090302269,-0.17285107330441463,-0.8411884730507779,-0.8411884730507779,True
60,2,0,y,False,0.18129821028881565,0.4379796050108098,shared_d,60,0.8158742090302269,-0.17285107330441463,-0.6345759987414112,-0.6345759987414112,True
60,2,0,y,False,0.18129821028881565,0.4379796050108098,lambda_row,256,0.6176174912164925,-0.16684649247869743,-0.4363192809276768,-0.4363192809276768,False
60,2,0,y,False,0.18129821028881565,0.4379796050108098,lambda_band,60,0.6916823085934567,-0.17285107330441463,-0.510384098304641,-0.510384098304641,True
60,2,0,y,False,0.18129821028881565,0.4379796050108098,d_cbrt_slot,60,0.8158742090302269,-0.17285107330441463,-0.6345759987414112,-0.6345759987414112,True
60,2,0,-y,False,0.18129821028881565,0.5065332122109396,shared_d,60,0.8158742090302269,-0.17285107330441463,-0.6345759987414112,-0.6345759987414112,True
60,2,0,-y,False,0.18129821028881565,0.5065332122109396,lambda_row,256,0.6176174912164925,-0.16684649247869743,-0.4363192809276768,-0.4363192809276768,False
60,2,0,-y,False,0.18129821028881565,0.5065332122109396,lambda_band,60,0.6916823085934567,-0.17285107330441463,-0.510384098304641,-0.510384098304641,True
60,2,0,-y,False,0.18129821028881565,0.5065332122109396,d_cbrt_slot,60,0.8158742090302269,-0.17285107330441463,-0.6345759987414112,-0.6345759987414112,True
61,0,1,y,False,0.10218358162119046,0.3899580303057206,shared_d,61,-0.019618708808049945,-0.17285107330441463,0.1218022904292404,0.1218022904292404,True
61,0,1,y,False,0.10218358162119046,0.3899580303057206,lambda_row,256,0.42676401280209575,0.21153914408482422,-0.3245804311809053,-0.3245804311809053,False
61,0,1,y,False,0.10218358162119046,0.3899580303057206,lambda_band,61,-0.019595277984418402,-0.17285107330441463,0.12177885960560886,0.12177885960560886,True
61,0,1,y,False,0.10218358162119046,0.3899580303057206,d_cbrt_slot,61,-0.019618708808049945,-0.17285107330441463,0.1218022904292404,0.1218022904292404,True
61,0,1,-y,False,0.10218358162119046,0.5170181816184254,shared_d,61,-0.019618708808049945,-0.17285107330441463,0.1218022904292404,0.1218022904292404,True
61,0,1,-y,False,0.10218358162119046,0.5170181816184254,lambda_row,256,0.42676401280209575,0.21153914408482422,-0.3245804311809053,-0.3245804311809053,False
61,0,1,-y,False,0.10218358162119046,0.5170181816184254,lambda_band,61,-0.019595277984418402,-0.17285107330441463,0.12177885960560886,0.12177885960560886,True
61,0,1,-y,False,0.10218358162119046,0.5170181816184254,d_cbrt_slot,61,-0.019618708808049945,-0.17285107330441463,0.1218022904292404,0.1218022904292404,True
61,1,1,y,False,-0.07162766363148876,0.3899580303057206,shared_d,61,-0.019618708808049945,-0.17285107330441463,-0.05200895482343881,-0.05200895482343881,True
61,1,1,y,False,-0.07162766363148876,0.3899580303057206,lambda_row,255,0.321513167309476,0.33274099602195406,-0.39314083094096475,-0.39314083094096475,False
61,1,1,y,False,-0.07162766363148876,0.3899580303057206,lambda_band,61,-0.04035325434633563,-0.17285107330441463,-0.031274409285153126,-0.031274409285153126,True
61,1,1,y,False,-0.07162766363148876,0.3899580303057206,d_cbrt_slot,61,-0.019618708808049945,-0.17285107330441463,-0.05200895482343881,-0.05200895482343881,True
61,1,1,y,False,-0.07162766363148876,0.3899580303057206,d_true_oracle,61,-0.019618708808049945,-0.17285107330441463,-0.05200895482343881,-0.05200895482343881,True
61,1,1,-y,True,-0.07162766363148876,0.5170181816184254,shared_d,61,-0.019618708808049945,-0.17285107330441463,-0.05200895482343881,-0.05200895482343881,True
61,1,1,-y,True,-0.07162766363148876,0.5170181816184254,lambda_row,255,0.321513167309476,0.33274099602195406,-0.39314083094096475,-0.39314083094096475,False
61,1,1,-y,True,-0.07162766363148876,0.5170181816184254,lambda_band,61,-0.04035325434633563,-0.17285107330441463,-0.031274409285153126,-0.031274409285153126,True
61,1,1,-y,True,-0.07162766363148876,0.5170181816184254,d_cbrt_slot,61,-0.019618708808049945,-0.17285107330441463,-0.05200895482343881,-0.05200895482343881,True
61,1,1,-y,True,-0.07162766363148876,0.5170181816184254,d_true_oracle,61,-0.019618708808049945,-0.17285107330441463,-0.05200895482343881,-0.05200895482343881,True
61,2,1,y,False,0.5589188400724083,0.3899580303057206,shared_d,61,-0.019618708808049945,-0.17285107330441463,0.5785375488804583,0.5785375488804583,True
61,2,1,y,False,0.5589188400724083,0.3899580303057206,lambda_row,256,0.6809432118017327,0.6039329977542138,-0.12202437172932434,-0.12202437172932434,False
61,2,1,y,False,0.5589188400724083,0.3899580303057206,lambda_band,61,0.16732288084363134,-0.17285107330441463,0.391595959228777,0.391595959228777,True
61,2,1,y,False,0.5589188400724083,0.3899580303057206,d_cbrt_slot,61,-0.019618708808049945,-0.17285107330441463,0.5785375488804583,0.5785375488804583,True
61,2,1,-y,False,0.5589188400724083,0.5170181816184254,shared_d,61,-0.019618708808049945,-0.17285107330441463,0.5785375488804583,0.5785375488804583,True
61,2,1,-y,False,0.5589188400724083,0.5170181816184254,lambda_row,256,0.6809432118017327,0.6039329977542138,-0.12202437172932434,-0.12202437172932434,False
61,2,1,-y,False,0.5589188400724083,0.5170181816184254,lambda_band,61,0.16732288084363134,-0.17285107330441463,0.391595959228777,0.391595959228777,True
61,2,1,-y,False,0.5589188400724083,0.5170181816184254,d_cbrt_slot,61,-0.019618708808049945,-0.17285107330441463,0.5785375488804583,0.5785375488804583,True
62,0,0,y,False,0.3939131766553885,0.4572680706363741,shared_d,62,0.7077857758002466,-0.17285107330441463,-0.3138725991448581,-0.3138725991448581,True
62,0,0,y,False,0.3939131766553885,0.4572680706363741,lambda_row,256,0.660953686480255,0.6867383429943317,-0.2670405098248665,-0.2670405098248665,False
62,0,0,y,False,0.3939131766553885,0.4572680706363741,lambda_band,62,0.6719271996993967,-0.17285107330441463,-0.27801402304400824,-0.27801402304400824,True
62,0,0,y,False,0.3939131766553885,0.4572680706363741,d_cbrt_slot,62,0.7077857758002466,-0.17285107330441463,-0.3138725991448581,-0.3138725991448581,True
62,0,0,y,False,0.3939131766553885,0.4572680706363741,d_true_oracle,62,0.7077857758002466,-0.17285107330441463,-0.3138725991448581,-0.3138725991448581,True
62,0,0,-y,True,0.3939131766553885,0.6218835702193246,shared_d,62,0.7077857758002466,-0.17285107330441463,-0.3138725991448581,-0.3138725991448581,True
62,0,0,-y,True,0.3939131766553885,0.6218835702193246,lambda_row,256,0.660953686480255,0.6867383429943317,-0.2670405098248665,-0.2670405098248665,False
62,0,0,-y,True,0.3939131766553885,0.6218835702193246,lambda_band,62,0.6719271996993967,-0.17285107330441463,-0.27801402304400824,-0.27801402304400824,True
62,0,0,-y,True,0.3939131766553885,0.6218835702193246,d_cbrt_slot,62,0.7077857758002466,-0.17285107330441463,-0.3138725991448581,-0.3138725991448581,True
62,0,0,-y,True,0.3939131766553885,0.6218835702193246,d_true_oracle,62,0.7077857758002466,-0.17285107330441463,-0.3138725991448581,-0.3138725991448581,True
62,1,0,y,False,0.5123329614699799,0.4572680706363741,shared_d,62,0.7077857758002466,-0.17285107330441463,-0.19545281433026673,-0.19545281433026673,True
62,1,0,y,False,0.5123329614699799,0.4572680706363741,lambda_row,256,0.46500915715529345,0.15656451542918148,0.04732380431468641,0.04732380431468641,False
62,1,0,y,False,0.5123329614699799,0.4572680706363741,lambda_band,62,0.6382767449988123,-0.17285107330441463,-0.1259437835288324,-0.1259437835288324,True
62,1,0,y,False,0.5123329614699799,0.4572680706363741,d_cbrt_slot,62,0.7077857758002466,-0.17285107330441463,-0.19545281433026673,-0.19545281433026673,True
62,1,0,-y,False,0.5123329614699799,0.6218835702193246,shared_d,62,0.7077857758002466,-0.17285107330441463,-0.19545281433026673,-0.19545281433026673,True
62,1,0,-y,False,0.5123329614699799,0.6218835702193246,lambda_row,256,0.46500915715529345,0.15656451542918148,0.04732380431468641,0.04732380431468641,False
62,1,0,-y,False,0.5123329614699799,0.6218835702193246,lambda_band,62,0.6382767449988123,-0.17285107330441463,-0.1259437835288324,-0.1259437835288324,True
62,1,0,-y,False,0.5123329614699799,0.6218835702193246,d_cbrt_slot,62,0.7077857758002466,-0.17285107330441463,-0.19545281433026673,-0.19545281433026673,True
62,2,0,y,False,0.571193549123592,0.4572680706363741,shared_d,62,0.7077857758002466,-0.17285107330441463,-0.1365922266766546,-0.1365922266766546,True
62,2,0,y,False,0.571193549123592,0.4572680706363741,lambda_row,256,0.39064606691155745,0.2575181449809065,0.18054748221203454,0.18054748221203454,False
62,2,0,y,False,0.571193549123592,0.4572680706363741,lambda_band,62,0.39633324407840576,-0.17285107330441463,0.17486030504518624,0.17486030504518624,True
62,2,0,y,False,0.571193549123592,0.4572680706363741,d_cbrt_slot,62,0.7077857758002466,-0.17285107330441463,-0.1365922266766546,-0.1365922266766546,True
62,2,0,-y,False,0.571193549123592,0.6218835702193246,shared_d,62,0.7077857758002466,-0.17285107330441463,-0.1365922266766546,-0.1365922266766546,True
62,2,0,-y,False,0.571193549123592,0.6218835702193246,lambda_row,256,0.39064606691155745,0.2575181449809065,0.18054748221203454,0.18054748221203454,False
62,2,0,-y,False,0.571193549123592,0.6218835702193246,lambda_band,62,0.39633324407840576,-0.17285107330441463,0.17486030504518624,0.17486030504518624,True
62,2,0,-y,False,0.571193549123592,0.6218835702193246,d_cbrt_slot,62,0.7077857758002466,-0.17285107330441463,-0.1365922266766546,-0.1365922266766546,True
63,0,1,y,False,0.07445231309668543,-0.09891626842433254,shared_d,63,0.30892145953411543,-0.17285107330441463,-0.23446914643743,-0.23446914643743,True
63,0,1,y,False,0.07445231309668543,-0.09891626842433254,lambda_row,256,0.7739406889651121,-0.07977813828414071,-0.6994883758684267,-0.6994883758684267,False
63,0,1,y,False,0.07445231309668543,-0.09891626842433254,lambda_band,63,0.18513463529295748,-0.17285107330441463,-0.11068232219627205,-0.11068232219627205,True
63,0,1,y,False,0.07445231309668543,-0.09891626842433254,d_cbrt_slot,63,0.30892145953411543,-0.17285107330441463,-0.23446914643743,-0.23446914643743,True
63,0,1,-y,False,0.07445231309668543,0.34135123892379227,shared_d,63,0.30892145953411543,-0.17285107330441463,-0.23446914643743,-0.23446914643743,True
63,0,1,-y,False,0.07445231309668543,0.34135123892379227,lambda_row,256,0.7739406889651121,-0.07977813828414071,-0.6994883758684267,-0.6994883758684267,False
63,0,1,-y,False,0.07445231309668543,0.34135123892379227,lambda_band,63,0.18513463529295748,-0.17285107330441463,-0.11068232219627205,-0.11068232219627205,True
63,0,1,-y,False,0.07445231309668543,0.34135123892379227,d_cbrt_slot,63,0.30892145953411543,-0.17285107330441463,-0.23446914643743,-0.23446914643743,True
63,1,1,y,True,0.1628133737407893,-0.09891626842433254,shared_d,63,0.30892145953411543,-0.17285107330441463,-0.14610808579332613,-0.14610808579332613,True
63,1,1,y,True,0.1628133737407893,-0.09891626842433254,lambda_row,254,0.7399489074605583,0.6465019052953949,-0.577135533719769,-0.577135533719769,False
63,1,1,y,True,0.1628133737407893,-0.09891626842433254,lambda_band,63,0.3012252931118802,-0.17285107330441463,-0.13841191937109087,-0.13841191937109087,True
63,1,1,y,True,0.1628133737407893,-0.09891626842433254,d_cbrt_slot,63,0.30892145953411543,-0.17285107330441463,-0.14610808579332613,-0.14610808579332613,True
63,1,1,y,True,0.1628133737407893,-0.09891626842433254,d_true_oracle,63,0.30892145953411543,-0.17285107330441463,-0.14610808579332613,-0.14610808579332613,True
63,1,1,-y,False,0.1628133737407893,0.34135123892379227,shared_d,63,0.30892145953411543,-0.17285107330441463,-0.14610808579332613,-0.14610808579332613,True
63,1,1,-y,False,0.1628133737407893,0.34135123892379227,lambda_row,254,0.7399489074605583,0.6465019052953949,-0.577135533719769,-0.577135533719769,False
63,1,1,-y,False,0.1628133737407893,0.34135123892379227,lambda_band,63,0.3012252931118802,-0.17285107330441463,-0.13841191937109087,-0.13841191937109087,True
63,1,1,-y,False,0.1628133737407893,0.34135123892379227,d_cbrt_slot,63,0.30892145953411543,-0.17285107330441463,-0.14610808579332613,-0.14610808579332613,True
63,1,1,-y,False,0.1628133737407893,0.34135123892379227,d_true_oracle,63,0.30892145953411543,-0.17285107330441463,-0.14610808579332613,-0.14610808579332613,True
63,2,1,y,False,0.3467976676504776,-0.09891626842433254,shared_d,63,0.30892145953411543,-0.17285107330441463,0.037876208116362164,0.037876208116362164,True
63,2,1,y,False,0.3467976676504776,-0.09891626842433254,lambda_row,255,0.08246375751501489,0.5095270617671019,0.2643339101354627,0.2643339101354627,False
63,2,1,y,False,0.3467976676504776,-0.09891626842433254,lambda_band,63,0.012651267629269825,-0.17285107330441463,0.33414640002120777,0.33414640002120777,True
63,2,1,y,False,0.3467976676504776,-0.09891626842433254,d_cbrt_slot,63,0.30892145953411543,-0.17285107330441463,0.037876208116362164,0.037876208116362164,True
63,2,1,-y,False,0.3467976676504776,0.34135123892379227,shared_d,63,0.30892145953411543,-0.17285107330441463,0.037876208116362164,0.037876208116362164,True
63,2,1,-y,False,0.3467976676504776,0.34135123892379227,lambda_row,255,0.08246375751501489,0.5095270617671019,0.2643339101354627,0.2643339101354627,False
63,2,1,-y,False,0.3467976676504776,0.34135123892379227,lambda_band,63,0.012651267629269825,-0.17285107330441463,0.33414640002120777,0.33414640002120777,True
63,2,1,-y,False,0.3467976676504776,0.34135123892379227,d_cbrt_slot,63,0.30892145953411543,-0.17285107330441463,0.037876208116362164,0.037876208116362164,True
64,0,0,y,False,-0.17178297802625764,0.37926291306156656,shared_d,64,0.8013909682141609,-0.17285107330441463,-0.9731739462404185,-0.9731739462404185,True
64,0,0,y,False,-0.17178297802625764,0.37926291306156656,lambda_row,256,0.6660070283613351,0.6668958446403082,-0.8377900063875927,-0.8377900063875927,False
64,0,0,y,False,-0.17178297802625764,0.37926291306156656,lambda_band,64,0.7893859066169,-0.17285107330441463,-0.9611688846431576,-0.9611688846431576,True
64,0,0,y,False,-0.17178297802625764,0.37926291306156656,d_cbrt_slot,64,0.8013909682141609,-0.17285107330441463,-0.9731739462404185,-0.9731739462404185,True
64,0,0,y,False,-0.17178297802625764,0.37926291306156656,d_true_oracle,64,0.8013909682141609,-0.17285107330441463,-0.9731739462404185,-0.9731739462404185,True
64,0,0,-y,True,-0.17178297802625764,-0.17439529555937838,shared_d,64,0.8013909682141609,-0.17285107330441463,-0.9731739462404185,-0.9731739462404185,True
64,0,0,-y,True,-0.17178297802625764,-0.17439529555937838,lambda_row,256,0.6660070283613351,0.6668958446403082,-0.8377900063875927,-0.8377900063875927,False
64,0,0,-y,True,-0.17178297802625764,-0.17439529555937838,lambda_band,64,0.7893859066169,-0.17285107330441463,-0.9611688846431576,-0.9611688846431576,True
64,0,0,-y,True,-0.17178297802625764,-0.17439529555937838,d_cbrt_slot,64,0.8013909682141609,-0.17285107330441463,-0.9731739462404185,-0.9731739462404185,True
64,0,0,-y,True,-0.17178297802625764,-0.17439529555937838,d_true_oracle,64,0.8013909682141609,-0.17285107330441463,-0.9731739462404185,-0.9731739462404185,True
64,1,0,y,False,0.2733717797965767,0.37926291306156656,shared_d,64,0.8013909682141609,-0.17285107330441463,-0.5280191884175842,-0.5280191884175842,True
64,1,0,y,False,0.2733717797965767,0.37926291306156656,lambda_row,251,-0.06753311937868034,0.8139867266236394,0.340904899175257,0.340904899175257,False
64,1,0,y,False,0.2733717797965767,0.37926291306156656,lambda_band,64,0.4929909073276306,-0.17285107330441463,-0.21961912753105395,-0.21961912753105395,True
64,1,0,y,False,0.2733717797965767,0.37926291306156656,d_cbrt_slot,64,0.8013909682141609,-0.17285107330441463,-0.5280191884175842,-0.5280191884175842,True
64,1,0,-y,False,0.2733717797965767,-0.17439529555937838,shared_d,64,0.8013909682141609,-0.17285107330441463,-0.5280191884175842,-0.5280191884175842,True
64,1,0,-y,False,0.2733717797965767,-0.17439529555937838,lambda_row,251,-0.06753311937868034,0.8139867266236394,0.340904899175257,0.340904899175257,False
64,1,0,-y,False,0.2733717797965767,-0.17439529555937838,lambda_band,64,0.4929909073276306,-0.17285107330441463,-0.21961912753105395,-0.21961912753105395,True
64,1,0,-y,False,0.2733717797965767,-0.17439529555937838,d_cbrt_slot,64,0.8013909682141609,-0.17285107330441463,-0.5280191884175842,-0.5280191884175842,True
64,2,0,y,False,0.28760394506113585,0.37926291306156656,shared_d,64,0.8013909682141609,-0.17285107330441463,-0.513787023153025,-0.513787023153025,True
64,2,0,y,False,0.28760394506113585,0.37926291306156656,lambda_row,256,0.4043733311070383,0.24065493287521633,-0.11676938604590248,-0.11676938604590248,False
64,2,0,y,False,0.28760394506113585,0.37926291306156656,lambda_band,64,0.40518537934347165,-0.17285107330441463,-0.1175814342823358,-0.1175814342823358,True
64,2,0,y,False,0.28760394506113585,0.37926291306156656,d_cbrt_slot,64,0.8013909682141609,-0.17285107330441463,-0.513787023153025,-0.513787023153025,True
64,2,0,-y,False,0.28760394506113585,-0.17439529555937838,shared_d,64,0.8013909682141609,-0.17285107330441463,-0.513787023153025,-0.513787023153025,True
64,2,0,-y,False,0.28760394506113585,-0.17439529555937838,lambda_row,256,0.4043733311070383,0.24065493287521633,-0.11676938604590248,-0.11676938604590248,False
64,2,0,-y,False,0.28760394506113585,-0.17439529555937838,lambda_band,64,0.40518537934347165,-0.17285107330441463,-0.1175814342823358,-0.1175814342823358,True
64,2,0,-y,False,0.28760394506113585,-0.17439529555937838,d_cbrt_slot,64,0.8013909682141609,-0.17285107330441463,-0.513787023153025,-0.513787023153025,True
65,0,1,y,False,0.44561477297567365,0.07037020617030976,shared_d,65,0.19148581333229941,-0.17285107330441463,0.25412895964337423,0.25412895964337423,True
65,0,1,y,False,0.44561477297567365,0.07037020617030976,lambda_row,256,0.6003012663718863,-0.11779025510259089,-0.15468649339621265,-0.15468649339621265,False
65,0,1,y,False,0.44561477297567365,0.07037020617030976,lambda_band,65,0.30645155428231874,-0.17285107330441463,0.1391632186933549,0.1391632186933549,True
65,0,1,y,False,0.44561477297567365,0.07037020617030976,d_cbrt_slot,65,0.19148581333229941,-0.17285107330441463,0.25412895964337423,0.25412895964337423,True
65,0,1,-y,False,0.44561477297567365,0.5692058915332154,shared_d,65,0.19148581333229941,-0.17285107330441463,0.25412895964337423,0.25412895964337423,True
65,0,1,-y,False,0.44561477297567365,0.5692058915332154,lambda_row,256,0.6003012663718863,-0.11779025510259089,-0.15468649339621265,-0.15468649339621265,False
65,0,1,-y,False,0.44561477297567365,0.5692058915332154,lambda_band,65,0.30645155428231874,-0.17285107330441463,0.1391632186933549,0.1391632186933549,True
65,0,1,-y,False,0.44561477297567365,0.5692058915332154,d_cbrt_slot,65,0.19148581333229941,-0.17285107330441463,0.25412895964337423,0.25412895964337423,True
65,1,1,y,False,0.6215675692795628,0.07037020617030976,shared_d,65,0.19148581333229941,-0.17285107330441463,0.4300817559472634,0.4300817559472634,True
65,1,1,y,False,0.6215675692795628,0.07037020617030976,lambda_row,254,0.5372024073328419,0.69512370701392,0.08436516194672095,0.08436516194672095,False
65,1,1,y,False,0.6215675692795628,0.07037020617030976,lambda_band,65,0.24544006562594944,-0.17285107330441463,0.37612750365361336,0.37612750365361336,True
65,1,1,y,False,0.6215675692795628,0.07037020617030976,d_cbrt_slot,65,0.19148581333229941,-0.17285107330441463,0.4300817559472634,0.4300817559472634,True
65,1,1,y,False,0.6215675692795628,0.07037020617030976,d_true_oracle,65,0.19148581333229941,-0.17285107330441463,0.4300817559472634,0.4300817559472634,True
65,1,1,-y,True,0.6215675692795628,0.5692058915332154,shared_d,65,0.19148581333229941,-0.17285107330441463,0.4300817559472634,0.4300817559472634,True
65,1,1,-y,True,0.6215675692795628,0.5692058915332154,lambda_row,254,0.5372024073328419,0.69512370701392,0.08436516194672095,0.08436516194672095,False
65,1,1,-y,True,0.6215675692795628,0.5692058915332154,lambda_band,65,0.24544006562594944,-0.17285107330441463,0.37612750365361336,0.37612750365361336,True
65,1,1,-y,True,0.6215675692795628,0.5692058915332154,d_cbrt_slot,65,0.19148581333229941,-0.17285107330441463,0.4300817559472634,0.4300817559472634,True
65,1,1,-y,True,0.6215675692795628,0.5692058915332154,d_true_oracle,65,0.19148581333229941,-0.17285107330441463,0.4300817559472634,0.4300817559472634,True
65,2,1,y,False,0.6434395020658883,0.07037020617030976,shared_d,65,0.19148581333229941,-0.17285107330441463,0.4519536887335889,0.4519536887335889,True
65,2,1,y,False,0.6434395020658883,0.07037020617030976,lambda_row,255,0.3115007587579868,0.34246483440040265,0.3319387433079015,0.3319387433079015,False
65,2,1,y,False,0.6434395020658883,0.07037020617030976,lambda_band,65,0.22245609489575457,-0.17285107330441463,0.4209834071701337,0.4209834071701337,True
65,2,1,y,False,0.6434395020658883,0.07037020617030976,d_cbrt_slot,65,0.19148581333229941,-0.17285107330441463,0.4519536887335889,0.4519536887335889,True
65,2,1,-y,False,0.6434395020658883,0.5692058915332154,shared_d,65,0.19148581333229941,-0.17285107330441463,0.4519536887335889,0.4519536887335889,True
65,2,1,-y,False,0.6434395020658883,0.5692058915332154,lambda_row,255,0.3115007587579868,0.34246483440040265,0.3319387433079015,0.3319387433079015,False
65,2,1,-y,False,0.6434395020658883,0.5692058915332154,lambda_band,65,0.22245609489575457,-0.17285107330441463,0.4209834071701337,0.4209834071701337,True
65,2,1,-y,False,0.6434395020658883,0.5692058915332154,d_cbrt_slot,65,0.19148581333229941,-0.17285107330441463,0.4519536887335889,0.4519536887335889,True
66,0,0,y,True,-0.022004994708140657,0.12730280625208934,shared_d,66,0.49169162868329863,-0.17285107330441463,-0.5136966233914393,-0.5136966233914393,True
66,0,0,y,True,-0.022004994708140657,0.12730280625208934,lambda_row,255,-0.03345945658431049,0.5664610984419767,0.01145446187616983,0.01145446187616983,False
66,0,0,y,True,-0.022004994708140657,0.12730280625208934,lambda_band,66,0.45492723003502533,-0.17285107330441463,-0.476932224743166,-0.476932224743166,True
66,0,0,y,True,-0.022004994708140657,0.12730280625208934,d_cbrt_slot,66,0.49169162868329863,-0.17285107330441463,-0.5136966233914393,-0.5136966233914393,True
66,0,0,y,True,-0.022004994708140657,0.12730280625208934,d_true_oracle,66,0.49169162868329863,-0.17285107330441463,-0.5136966233914393,-0.5136966233914393,True
66,0,0,-y,False,-0.022004994708140657,0.18031899950196362,shared_d,66,0.49169162868329863,-0.17285107330441463,-0.5136966233914393,-0.5136966233914393,True
66,0,0,-y,False,-0.022004994708140657,0.18031899950196362,lambda_row,255,-0.03345945658431049,0.5664610984419767,0.01145446187616983,0.01145446187616983,False
66,0,0,-y,False,-0.022004994708140657,0.18031899950196362,lambda_band,66,0.45492723003502533,-0.17285107330441463,-0.476932224743166,-0.476932224743166,True
66,0,0,-y,False,-0.022004994708140657,0.18031899950196362,d_cbrt_slot,66,0.49169162868329863,-0.17285107330441463,-0.5136966233914393,-0.5136966233914393,True
66,0,0,-y,False,-0.022004994708140657,0.18031899950196362,d_true_oracle,66,0.49169162868329863,-0.17285107330441463,-0.5136966233914393,-0.5136966233914393,True
66,1,0,y,False,0.023767694370278036,0.12730280625208934,shared_d,66,0.49169162868329863,-0.17285107330441463,-0.4679239343130206,-0.4679239343130206,True
66,1,0,y,False,0.023767694370278036,0.12730280625208934,lambda_row,255,0.32708605262845936,0.3272117952829632,-0.3033183582581813,-0.3033183582581813,False
66,1,0,y,False,0.023767694370278036,0.12730280625208934,lambda_band,66,0.7542149048968341,-0.17285107330441463,-0.730447210526556,-0.730447210526556,True
66,1,0,y,False,0.023767694370278036,0.12730280625208934,d_cbrt_slot,66,0.49169162868329863,-0.17285107330441463,-0.4679239343130206,-0.4679239343130206,True
66,1,0,-y,False,0.023767694370278036,0.18031899950196362,shared_d,66,0.49169162868329863,-0.17285107330441463,-0.4679239343130206,-0.4679239343130206,True
66,1,0,-y,False,0.023767694370278036,0.18031899950196362,lambda_row,255,0.32708605262845936,0.3272117952829632,-0.3033183582581813,-0.3033183582581813,False
66,1,0,-y,False,0.023767694370278036,0.18031899950196362,lambda_band,66,0.7542149048968341,-0.17285107330441463,-0.730447210526556,-0.730447210526556,True
66,1,0,-y,False,0.023767694370278036,0.18031899950196362,d_cbrt_slot,66,0.49169162868329863,-0.17285107330441463,-0.4679239343130206,-0.4679239343130206,True
66,2,0,y,False,0.09719895935383249,0.12730280625208934,shared_d,66,0.49169162868329863,-0.17285107330441463,-0.39449266932946614,-0.39449266932946614,True
66,2,0,y,False,0.09719895935383249,0.12730280625208934,lambda_row,255,0.18497116508450517,0.4458645031728281,-0.08777220573067268,-0.08777220573067268,False
66,2,0,y,False,0.09719895935383249,0.12730280625208934,lambda_band,66,0.46587844733758743,-0.17285107330441463,-0.36867948798375494,-0.36867948798375494,True
66,2,0,y,False,0.09719895935383249,0.12730280625208934,d_cbrt_slot,66,0.49169162868329863,-0.17285107330441463,-0.39449266932946614,-0.39449266932946614,True
66,2,0,-y,False,0.09719895935383249,0.18031899950196362,shared_d,66,0.49169162868329863,-0.17285107330441463,-0.39449266932946614,-0.39449266932946614,True
66,2,0,-y,False,0.09719895935383249,0.18031899950196362,lambda_row,255,0.18497116508450517,0.4458645031728281,-0.08777220573067268,-0.08777220573067268,False
66,2,0,-y,False,0.09719895935383249,0.18031899950196362,lambda_band,66,0.46587844733758743,-0.17285107330441463,-0.36867948798375494,-0.36867948798375494,True
66,2,0,-y,False,0.09719895935383249,0.18031899950196362,d_cbrt_slot,66,0.49169162868329863,-0.17285107330441463,-0.39449266932946614,-0.39449266932946614,True
67,0,0,y,True,-0.08279975298763986,0.6085786641708069,shared_d,67,0.2502799715076307,-0.17285107330441463,-0.33307972449527057,-0.33307972449527057,True
67,0,0,y,True,-0.08279975298763986,0.6085786641708069,lambda_row,255,0.256725339748769,0.3913046015478301,-0.33952509273640885,-0.33952509273640885,False
67,0,0,y,True,-0.08279975298763986,0.6085786641708069,lambda_band,67,0.032090029484848515,-0.17285107330441463,-0.11488978247248838,-0.11488978247248838,True
67,0,0,y,True,-0.08279975298763986,0.6085786641708069,d_cbrt_slot,67,0.2502799715076307,-0.17285107330441463,-0.33307972449527057,-0.33307972449527057,True
67,0,0,y,True,-0.08279975298763986,0.6085786641708069,d_true_oracle,67,0.2502799715076307,-0.17285107330441463,-0.33307972449527057,-0.33307972449527057,True
67,0,0,-y,False,-0.08279975298763986,0.6416476202059584,shared_d,67,0.2502799715076307,-0.17285107330441463,-0.33307972449527057,-0.33307972449527057,True
67,0,0,-y,False,-0.08279975298763986,0.6416476202059584,lambda_row,255,0.256725339748769,0.3913046015478301,-0.33952509273640885,-0.33952509273640885,False
67,0,0,-y,False,-0.08279975298763986,0.6416476202059584,lambda_band,67,0.032090029484848515,-0.17285107330441463,-0.11488978247248838,-0.11488978247248838,True
67,0,0,-y,False,-0.08279975298763986,0.6416476202059584,d_cbrt_slot,67,0.2502799715076307,-0.17285107330441463,-0.33307972449527057,-0.33307972449527057,True
67,0,0,-y,False,-0.08279975298763986,0.6416476202059584,d_true_oracle,67,0.2502799715076307,-0.17285107330441463,-0.33307972449527057,-0.33307972449527057,True
67,1,0,y,False,0.17991985719396553,0.6085786641708069,shared_d,67,0.2502799715076307,-0.17285107330441463,-0.07036011431366518,-0.07036011431366518,True
67,1,0,y,False,0.17991985719396553,0.6085786641708069,lambda_row,255,0.09075418738510166,0.5048995273136114,0.08916566980886387,0.08916566980886387,False
67,1,0,y,False,0.17991985719396553,0.6085786641708069,lambda_band,67,0.14058810797337884,-0.17285107330441463,0.03933174922058669,0.03933174922058669,True
67,1,0,y,False,0.17991985719396553,0.6085786641708069,d_cbrt_slot,67,0.2502799715076307,-0.17285107330441463,-0.07036011431366518,-0.07036011431366518,True
67,1,0,-y,False,0.17991985719396553,0.6416476202059584,shared_d,67,0.2502799715076307,-0.17285107330441463,-0.07036011431366518,-0.07036011431366518,True
67,1,0,-y,False,0.17991985719396553,0.6416476202059584,lambda_row,255,0.09075418738510166,0.5048995273136114,0.08916566980886387,0.08916566980886387,False
67,1,0,-y,False,0.17991985719396553,0.6416476202059584,lambda_band,67,0.14058810797337884,-0.17285107330441463,0.03933174922058669,0.03933174922058669,True
67,1,0,-y,False,0.17991985719396553,0.6416476202059584,d_cbrt_slot,67,0.2502799715076307,-0.17285107330441463,-0.07036011431366518,-0.07036011431366518,True
67,2,0,y,False,0.35751913958422676,0.6085786641708069,shared_d,67,0.2502799715076307,-0.17285107330441463,0.10723916807659606,0.10723916807659606,True
67,2,0,y,False,0.35751913958422676,0.6085786641708069,lambda_row,253,0.17197119945844008,0.7505015809786357,0.18554794012578668,0.18554794012578668,False
67,2,0,y,False,0.35751913958422676,0.6085786641708069,lambda_band,67,0.1367670482892933,-0.17285107330441463,0.22075209129493345,0.22075209129493345,True
67,2,0,y,False,0.35751913958422676,0.6085786641708069,d_cbrt_slot,67,0.2502799715076307,-0.17285107330441463,0.10723916807659606,0.10723916807659606,True
67,2,0,-y,False,0.35751913958422676,0.6416476202059584,shared_d,67,0.2502799715076307,-0.17285107330441463,0.10723916807659606,0.10723916807659606,True
67,2,0,-y,False,0.35751913958422676,0.6416476202059584,lambda_row,253,0.17197119945844008,0.7505015809786357,0.18554794012578668,0.18554794012578668,False
67,2,0,-y,False,0.35751913958422676,0.6416476202059584,lambda_band,67,0.1367670482892933,-0.17285107330441463,0.22075209129493345,0.22075209129493345,True
67,2,0,-y,False,0.35751913958422676,0.6416476202059584,d_cbrt_slot,67,0.2502799715076307,-0.17285107330441463,0.10723916807659606,0.10723916807659606,True
68,0,0,y,True,0.3243419144372126,0.6349546617976927,shared_d,68,0.6148479902274673,-0.17285107330441463,-0.29050607579025467,-0.29050607579025467,True
68,0,0,y,True,0.3243419144372126,0.6349546617976927,lambda_row,256,0.5755845872503897,-0.05486499825089197,-0.25124267281317714,-0.25124267281317714,False
68,0,0,y,True,0.3243419144372126,0.6349546617976927,lambda_band,68,0.6504446798708798,-0.17285107330441463,-0.32610276543366723,-0.32610276543366723,True
68,0,0,y,True,0.3243419144372126,0.6349546617976927,d_cbrt_slot,68,0.6148479902274673,-0.17285107330441463,-0.29050607579025467,-0.29050607579025467,True
68,0,0,y,True,0.3243419144372126,0.6349546617976927,d_true_oracle,68,0.6148479902274673,-0.17285107330441463,-0.29050607579025467,-0.29050607579025467,True
68,0,0,-y,False,0.3243419144372126,0.609014440089652,shared_d,68,0.6148479902274673,-0.17285107330441463,-0.29050607579025467,-0.29050607579025467,True
68,0,0,-y,False,0.3243419144372126,0.609014440089652,lambda_row,256,0.5755845872503897,-0.05486499825089197,-0.25124267281317714,-0.25124267281317714,False
68,0,0,-y,False,0.3243419144372126,0.609014440089652,lambda_band,68,0.6504446798708798,-0.17285107330441463,-0.32610276543366723,-0.32610276543366723,True
68,0,0,-y,False,0.3243419144372126,0.609014440089652,d_cbrt_slot,68,0.6148479902274673,-0.17285107330441463,-0.29050607579025467,-0.29050607579025467,True
68,0,0,-y,False,0.3243419144372126,0.609014440089652,d_true_oracle,68,0.6148479902274673,-0.17285107330441463,-0.29050607579025467,-0.29050607579025467,True
68,1,0,y,False,0.4047086804360589,0.6349546617976927,shared_d,68,0.6148479902274673,-0.17285107330441463,-0.21013930979140838,-0.21013930979140838,True
68,1,0,y,False,0.4047086804360589,0.6349546617976927,lambda_row,255,-0.0732375001222465,0.5831148837349645,0.4779461805583054,0.4779461805583054,False
68,1,0,y,False,0.4047086804360589,0.6349546617976927,lambda_band,68,0.7988257513730943,-0.17285107330441463,-0.3941170709370354,-0.3941170709370354,True
68,1,0,y,False,0.4047086804360589,0.6349546617976927,d_cbrt_slot,68,0.6148479902274673,-0.17285107330441463,-0.21013930979140838,-0.21013930979140838,True
68,1,0,-y,False,0.4047086804360589,0.609014440089652,shared_d,68,0.6148479902274673,-0.17285107330441463,-0.21013930979140838,-0.21013930979140838,True
68,1,0,-y,False,0.4047086804360589,0.609014440089652,lambda_row,255,-0.0732375001222465,0.5831148837349645,0.4779461805583054,0.4779461805583054,False
68,1,0,-y,False,0.4047086804360589,0.609014440089652,lambda_band,68,0.7988257513730943,-0.17285107330441463,-0.3941170709370354,-0.3941170709370354,True
68,1,0,-y,False,0.4047086804360589,0.609014440089652,d_cbrt_slot,68,0.6148479902274673,-0.17285107330441463,-0.21013930979140838,-0.21013930979140838,True
68,2,0,y,False,0.6063280475845687,0.6349546617976927,shared_d,68,0.6148479902274673,-0.17285107330441463,-0.00851994264289857,-0.00851994264289857,True
68,2,0,y,False,0.6063280475845687,0.6349546617976927,lambda_row,256,0.36289615611552506,0.2895374128553527,0.24343189146904365,0.24343189146904365,False
68,2,0,y,False,0.6063280475845687,0.6349546617976927,lambda_band,68,0.42913269767194606,-0.17285107330441463,0.17719534991262265,0.17719534991262265,True
68,2,0,y,False,0.6063280475845687,0.6349546617976927,d_cbrt_slot,68,0.6148479902274673,-0.17285107330441463,-0.00851994264289857,-0.00851994264289857,True
68,2,0,-y,False,0.6063280475845687,0.609014440089652,shared_d,68,0.6148479902274673,-0.17285107330441463,-0.00851994264289857,-0.00851994264289857,True
68,2,0,-y,False,0.6063280475845687,0.609014440089652,lambda_row,256,0.36289615611552506,0.2895374128553527,0.24343189146904365,0.24343189146904365,False
68,2,0,-y,False,0.6063280475845687,0.609014440089652,lambda_band,68,0.42913269767194606,-0.17285107330441463,0.17719534991262265,0.17719534991262265,True
68,2,0,-y,False,0.6063280475845687,0.609014440089652,d_cbrt_slot,68,0.6148479902274673,-0.17285107330441463,-0.00851994264289857,-0.00851994264289857,True
69,0,1,y,False,-0.08447418949386076,0.5141374283481355,shared_d,69,-0.16767228644875587,-0.17285107330441463,0.0831980969548951,0.0831980969548951,True
69,0,1,y,False,-0.08447418949386076,0.5141374283481355,lambda_row,256,0.36114062303103367,0.29147590188637196,-0.44561481252489443,-0.44561481252489443,False
69,0,1,y,False,-0.08447418949386076,0.5141374283481355,lambda_band,69,-0.14203108115682994,-0.17285107330441463,0.05755689166296918,0.05755689166296918,True
69,0,1,y,False,-0.08447418949386076,0.5141374283481355,d_cbrt_slot,69,-0.16767228644875587,-0.17285107330441463,0.0831980969548951,0.0831980969548951,True
69,0,1,-y,False,-0.08447418949386076,0.4035443142159352,shared_d,69,-0.16767228644875587,-0.17285107330441463,0.0831980969548951,0.0831980969548951,True
69,0,1,-y,False,-0.08447418949386076,0.4035443142159352,lambda_row,256,0.36114062303103367,0.29147590188637196,-0.44561481252489443,-0.44561481252489443,False
69,0,1,-y,False,-0.08447418949386076,0.4035443142159352,lambda_band,69,-0.14203108115682994,-0.17285107330441463,0.05755689166296918,0.05755689166296918,True
69,0,1,-y,False,-0.08447418949386076,0.4035443142159352,d_cbrt_slot,69,-0.16767228644875587,-0.17285107330441463,0.0831980969548951,0.0831980969548951,True
69,1,1,y,True,-0.052020386057265,0.5141374283481355,shared_d,69,-0.16767228644875587,-0.17285107330441463,0.11565190039149087,0.11565190039149087,True
69,1,1,y,True,-0.052020386057265,0.5141374283481355,lambda_row,256,0.7523882506383472,0.15491992856185277,-0.8044086366956122,-0.8044086366956122,False
69,1,1,y,True,-0.052020386057265,0.5141374283481355,lambda_band,69,0.22615964754285756,-0.17285107330441463,-0.27818003360012256,-0.27818003360012256,True
69,1,1,y,True,-0.052020386057265,0.5141374283481355,d_cbrt_slot,69,-0.16767228644875587,-0.17285107330441463,0.11565190039149087,0.11565190039149087,True
69,1,1,y,True,-0.052020386057265,0.5141374283481355,d_true_oracle,69,-0.16767228644875587,-0.17285107330441463,0.11565190039149087,0.11565190039149087,True
69,1,1,-y,False,-0.052020386057265,0.4035443142159352,shared_d,69,-0.16767228644875587,-0.17285107330441463,0.11565190039149087,0.11565190039149087,True
69,1,1,-y,False,-0.052020386057265,0.4035443142159352,lambda_row,256,0.7523882506383472,0.15491992856185277,-0.8044086366956122,-0.8044086366956122,False
69,1,1,-y,False,-0.052020386057265,0.4035443142159352,lambda_band,69,0.22615964754285756,-0.17285107330441463,-0.27818003360012256,-0.27818003360012256,True
69,1,1,-y,False,-0.052020386057265,0.4035443142159352,d_cbrt_slot,69,-0.16767228644875587,-0.17285107330441463,0.11565190039149087,0.11565190039149087,True
69,1,1,-y,False,-0.052020386057265,0.4035443142159352,d_true_oracle,69,-0.16767228644875587,-0.17285107330441463,0.11565190039149087,0.11565190039149087,True
69,2,1,y,False,0.20451099360894887,0.5141374283481355,shared_d,69,-0.16767228644875587,-0.17285107330441463,0.37218328005770474,0.37218328005770474,True
69,2,1,y,False,0.20451099360894887,0.5141374283481355,lambda_row,248,0.441289844354543,0.825496616578036,-0.23677885074559413,-0.23677885074559413,False
69,2,1,y,False,0.20451099360894887,0.5141374283481355,lambda_band,69,0.10667829485158364,-0.17285107330441463,0.09783269875736522,0.09783269875736522,True
69,2,1,y,False,0.20451099360894887,0.5141374283481355,d_cbrt_slot,69,-0.16767228644875587,-0.17285107330441463,0.37218328005770474,0.37218328005770474,True
69,2,1,-y,False,0.20451099360894887,0.4035443142159352,shared_d,69,-0.16767228644875587,-0.17285107330441463,0.37218328005770474,0.37218328005770474,True
69,2,1,-y,False,0.20451099360894887,0.4035443142159352,lambda_row,248,0.441289844354543,0.825496616578036,-0.23677885074559413,-0.23677885074559413,False
69,2,1,-y,False,0.20451099360894887,0.4035443142159352,lambda_band,69,0.10667829485158364,-0.17285107330441463,0.09783269875736522,0.09783269875736522,True
69,2,1,-y,False,0.20451099360894887,0.4035443142159352,d_cbrt_slot,69,-0.16767228644875587,-0.17285107330441463,0.37218328005770474,0.37218328005770474,True
70,0,2,y,False,0.6615889872604299,0.5290443168929642,shared_d,70,0.6857471349273894,-0.17285107330441463,-0.02415814766695945,-0.02415814766695945,True
70,0,2,y,False,0.6615889872604299,0.5290443168929642,lambda_row,256,0.39951735339602124,0.2467022440055615,0.2620716338644087,0.2620716338644087,False
70,0,2,y,False,0.6615889872604299,0.5290443168929642,lambda_band,70,0.49308149393292666,-0.17285107330441463,0.16850749332750325,0.16850749332750325,True
70,0,2,y,False,0.6615889872604299,0.5290443168929642,d_cbrt_slot,70,0.6857471349273894,-0.17285107330441463,-0.02415814766695945,-0.02415814766695945,True
70,0,2,-y,False,0.6615889872604299,0.32965549300624275,shared_d,70,0.6857471349273894,-0.17285107330441463,-0.02415814766695945,-0.02415814766695945,True
70,0,2,-y,False,0.6615889872604299,0.32965549300624275,lambda_row,256,0.39951735339602124,0.2467022440055615,0.2620716338644087,0.2620716338644087,False
70,0,2,-y,False,0.6615889872604299,0.32965549300624275,lambda_band,70,0.49308149393292666,-0.17285107330441463,0.16850749332750325,0.16850749332750325,True
70,0,2,-y,False,0.6615889872604299,0.32965549300624275,d_cbrt_slot,70,0.6857471349273894,-0.17285107330441463,-0.02415814766695945,-0.02415814766695945,True
70,1,2,y,False,0.7832886620914365,0.5290443168929642,shared_d,70,0.6857471349273894,-0.17285107330441463,0.09754152716404718,0.09754152716404718,True
70,1,2,y,False,0.7832886620914365,0.5290443168929642,lambda_row,255,-0.15858359761060115,0.614810945104793,0.9418722597020377,0.9418722597020377,False
70,1,2,y,False,0.7832886620914365,0.5290443168929642,lambda_band,70,0.810411760954473,-0.17285107330441463,-0.027123098863036432,-0.027123098863036432,True
70,1,2,y,False,0.7832886620914365,0.5290443168929642,d_cbrt_slot,70,0.6857471349273894,-0.17285107330441463,0.09754152716404718,0.09754152716404718,True
70,1,2,-y,False,0.7832886620914365,0.32965549300624275,shared_d,70,0.6857471349273894,-0.17285107330441463,0.09754152716404718,0.09754152716404718,True
70,1,2,-y,False,0.7832886620914365,0.32965549300624275,lambda_row,255,-0.15858359761060115,0.614810945104793,0.9418722597020377,0.9418722597020377,False
70,1,2,-y,False,0.7832886620914365,0.32965549300624275,lambda_band,70,0.810411760954473,-0.17285107330441463,-0.027123098863036432,-0.027123098863036432,True
70,1,2,-y,False,0.7832886620914365,0.32965549300624275,d_cbrt_slot,70,0.6857471349273894,-0.17285107330441463,0.09754152716404718,0.09754152716404718,True
70,2,2,y,True,0.4166089821116685,0.5290443168929642,shared_d,70,0.6857471349273894,-0.17285107330441463,-0.26913815281572084,-0.26913815281572084,True
70,2,2,y,True,0.4166089821116685,0.5290443168929642,lambda_row,256,0.6933410503841202,0.5460131852694445,-0.27673206827245167,-0.27673206827245167,False
70,2,2,y,True,0.4166089821116685,0.5290443168929642,lambda_band,70,0.6764604199108746,-0.17285107330441463,-0.25985143779920605,-0.25985143779920605,True
70,2,2,y,True,0.4166089821116685,0.5290443168929642,d_cbrt_slot,70,0.6857471349273894,-0.17285107330441463,-0.26913815281572084,-0.26913815281572084,True
70,2,2,y,True,0.4166089821116685,0.5290443168929642,d_true_oracle,70,0.6857471349273894,-0.17285107330441463,-0.26913815281572084,-0.26913815281572084,True
70,2,2,-y,False,0.4166089821116685,0.32965549300624275,shared_d,70,0.6857471349273894,-0.17285107330441463,-0.26913815281572084,-0.26913815281572084,True
70,2,2,-y,False,0.4166089821116685,0.32965549300624275,lambda_row,256,0.6933410503841202,0.5460131852694445,-0.27673206827245167,-0.27673206827245167,False
70,2,2,-y,False,0.4166089821116685,0.32965549300624275,lambda_band,70,0.6764604199108746,-0.17285107330441463,-0.25985143779920605,-0.25985143779920605,True
70,2,2,-y,False,0.4166089821116685,0.32965549300624275,d_cbrt_slot,70,0.6857471349273894,-0.17285107330441463,-0.26913815281572084,-0.26913815281572084,True
70,2,2,-y,False,0.4166089821116685,0.32965549300624275,d_true_oracle,70,0.6857471349273894,-0.17285107330441463,-0.26913815281572084,-0.26913815281572084,True
75,0,1,y,False,0.1243998453573738,-0.017187988127503218,shared_d,75,-0.04545193509559908,-0.17285107330441463,0.1698517804529729,0.1698517804529729,True
75,0,1,y,False,0.1243998453573738,-0.017187988127503218,lambda_row,256,0.8082015285694695,0.1923845579351564,-0.6838016832120957,-0.6838016832120957,False
75,0,1,y,False,0.1243998453573738,-0.017187988127503218,lambda_band,75,0.07136661366072161,-0.17285107330441463,0.053033231696652194,0.053033231696652194,True
75,0,1,y,False,0.1243998453573738,-0.017187988127503218,d_cbrt_slot,75,-0.04545193509559908,-0.17285107330441463,0.1698517804529729,0.1698517804529729,True
75,0,1,-y,False,0.1243998453573738,0.2927452781714095,shared_d,75,-0.04545193509559908,-0.17285107330441463,0.1698517804529729,0.1698517804529729,True
75,0,1,-y,False,0.1243998453573738,0.2927452781714095,lambda_row,256,0.8082015285694695,0.1923845579351564,-0.6838016832120957,-0.6838016832120957,False
75,0,1,-y,False,0.1243998453573738,0.2927452781714095,lambda_band,75,0.07136661366072161,-0.17285107330441463,0.053033231696652194,0.053033231696652194,True
75,0,1,-y,False,0.1243998453573738,0.2927452781714095,d_cbrt_slot,75,-0.04545193509559908,-0.17285107330441463,0.1698517804529729,0.1698517804529729,True
75,1,1,y,False,0.24624223941734158,-0.017187988127503218,shared_d,75,-0.04545193509559908,-0.17285107330441463,0.29169417451294066,0.29169417451294066,True
75,1,1,y,False,0.24624223941734158,-0.017187988127503218,lambda_row,254,0.687451283211459,0.6607688501629667,-0.4412090437941174,-0.4412090437941174,False
75,1,1,y,False,0.24624223941734158,-0.017187988127503218,lambda_band,75,0.2128991377760343,-0.17285107330441463,0.03334310164130727,0.03334310164130727,True
75,1,1,y,False,0.24624223941734158,-0.017187988127503218,d_cbrt_slot,75,-0.04545193509559908,-0.17285107330441463,0.29169417451294066,0.29169417451294066,True
75,1,1,y,False,0.24624223941734158,-0.017187988127503218,d_true_oracle,75,-0.04545193509559908,-0.17285107330441463,0.29169417451294066,0.29169417451294066,True
75,1,1,-y,True,0.24624223941734158,0.2927452781714095,shared_d,75,-0.04545193509559908,-0.17285107330441463,0.29169417451294066,0.29169417451294066,True
75,1,1,-y,True,0.24624223941734158,0.2927452781714095,lambda_row,254,0.687451283211459,0.6607688501629667,-0.4412090437941174,-0.4412090437941174,False
75,1,1,-y,True,0.24624223941734158,0.2927452781714095,lambda_band,75,0.2128991377760343,-0.17285107330441463,0.03334310164130727,0.03334310164130727,True
75,1,1,-y,True,0.24624223941734158,0.2927452781714095,d_cbrt_slot,75,-0.04545193509559908,-0.17285107330441463,0.29169417451294066,0.29169417451294066,True
75,1,1,-y,True,0.24624223941734158,0.2927452781714095,d_true_oracle,75,-0.04545193509559908,-0.17285107330441463,0.29169417451294066,0.29169417451294066,True
75,2,1,y,False,0.2649252023346804,-0.017187988127503218,shared_d,75,-0.04545193509559908,-0.17285107330441463,0.3103771374302795,0.3103771374302795,True
75,2,1,y,False,0.2649252023346804,-0.017187988127503218,lambda_row,256,0.42303880414276307,0.21652919467480558,-0.15811360180808265,-0.15811360180808265,False
75,2,1,y,False,0.2649252023346804,-0.017187988127503218,lambda_band,75,0.2672697083263458,-0.17285107330441463,-0.0023445059916653577,-0.0023445059916653577,True
75,2,1,y,False,0.2649252023346804,-0.017187988127503218,d_cbrt_slot,75,-0.04545193509559908,-0.17285107330441463,0.3103771374302795,0.3103771374302795,True
75,2,1,-y,False,0.2649252023346804,0.2927452781714095,shared_d,75,-0.04545193509559908,-0.17285107330441463,0.3103771374302795,0.3103771374302795,True
75,2,1,-y,False,0.2649252023346804,0.2927452781714095,lambda_row,256,0.42303880414276307,0.21652919467480558,-0.15811360180808265,-0.15811360180808265,False
75,2,1,-y,False,0.2649252023346804,0.2927452781714095,lambda_band,75,0.2672697083263458,-0.17285107330441463,-0.0023445059916653577,-0.0023445059916653577,True
75,2,1,-y,False,0.2649252023346804,0.2927452781714095,d_cbrt_slot,75,-0.04545193509559908,-0.17285107330441463,0.3103771374302795,0.3103771374302795,True
80,0,0,y,True,0.3161962875313975,-0.03569415926638442,shared_d,80,0.7626486479209831,-0.17285107330441463,-0.4464523603895856,-0.4464523603895856,True
80,0,0,y,True,0.3161962875313975,-0.03569415926638442,lambda_row,253,-0.02960148820186248,0.7699518715969162,0.34579777573326,0.34579777573326,False
80,0,0,y,True,0.3161962875313975,-0.03569415926638442,lambda_band,80,0.6868153717909848,-0.17285107330441463,-0.37061908425958734,-0.37061908425958734,True
80,0,0,y,True,0.3161962875313975,-0.03569415926638442,d_cbrt_slot,80,0.7626486479209831,-0.17285107330441463,-0.4464523603895856,-0.4464523603895856,True
80,0,0,y,True,0.3161962875313975,-0.03569415926638442,d_true_oracle,80,0.7626486479209831,-0.17285107330441463,-0.4464523603895856,-0.4464523603895856,True
80,0,0,-y,False,0.3161962875313975,0.3045377387064292,shared_d,80,0.7626486479209831,-0.17285107330441463,-0.4464523603895856,-0.4464523603895856,True
80,0,0,-y,False,0.3161962875313975,0.3045377387064292,lambda_row,253,-0.02960148820186248,0.7699518715969162,0.34579777573326,0.34579777573326,False
80,0,0,-y,False,0.3161962875313975,0.3045377387064292,lambda_band,80,0.6868153717909848,-0.17285107330441463,-0.37061908425958734,-0.37061908425958734,True
80,0,0,-y,False,0.3161962875313975,0.3045377387064292,d_cbrt_slot,80,0.7626486479209831,-0.17285107330441463,-0.4464523603895856,-0.4464523603895856,True
80,0,0,-y,False,0.3161962875313975,0.3045377387064292,d_true_oracle,80,0.7626486479209831,-0.17285107330441463,-0.4464523603895856,-0.4464523603895856,True
80,1,0,y,False,0.5855623893491355,-0.03569415926638442,shared_d,80,0.7626486479209831,-0.17285107330441463,-0.17708625857184757,-0.17708625857184757,True
80,1,0,y,False,0.5855623893491355,-0.03569415926638442,lambda_row,255,0.32218679351788637,0.3320771585457578,0.26337559583124914,0.26337559583124914,False
80,1,0,y,False,0.5855623893491355,-0.03569415926638442,lambda_band,80,0.6455670599409089,-0.17285107330441463,-0.06000467059177339,-0.06000467059177339,True
80,1,0,y,False,0.5855623893491355,-0.03569415926638442,d_cbrt_slot,80,0.7626486479209831,-0.17285107330441463,-0.17708625857184757,-0.17708625857184757,True
80,1,0,-y,False,0.5855623893491355,0.3045377387064292,shared_d,80,0.7626486479209831,-0.17285107330441463,-0.17708625857184757,-0.17708625857184757,True
80,1,0,-y,False,0.5855623893491355,0.3045377387064292,lambda_row,255,0.32218679351788637,0.3320771585457578,0.26337559583124914,0.26337559583124914,False
80,1,0,-y,False,0.5855623893491355,0.3045377387064292,lambda_band,80,0.6455670599409089,-0.17285107330441463,-0.06000467059177339,-0.06000467059177339,True
80,1,0,-y,False,0.5855623893491355,0.3045377387064292,d_cbrt_slot,80,0.7626486479209831,-0.17285107330441463,-0.17708625857184757,-0.17708625857184757,True
80,2,0,y,False,0.6590553231239795,-0.03569415926638442,shared_d,80,0.7626486479209831,-0.17285107330441463,-0.10359332479700356,-0.10359332479700356,True
80,2,0,y,False,0.6590553231239795,-0.03569415926638442,lambda_row,254,0.8100831852844976,0.6252302007999191,-0.1510278621605181,-0.1510278621605181,False
80,2,0,y,False,0.6590553231239795,-0.03569415926638442,lambda_band,80,0.7086952031431224,-0.17285107330441463,-0.04963988001914288,-0.04963988001914288,True
80,2,0,y,False,0.6590553231239795,-0.03569415926638442,d_cbrt_slot,80,0.7626486479209831,-0.17285107330441463,-0.10359332479700356,-0.10359332479700356,True
80,2,0,-y,False,0.6590553231239795,0.3045377387064292,shared_d,80,0.7626486479209831,-0.17285107330441463,-0.10359332479700356,-0.10359332479700356,True
80,2,0,-y,False,0.6590553231239795,0.3045377387064292,lambda_row,254,0.8100831852844976,0.6252302007999191,-0.1510278621605181,-0.1510278621605181,False
80,2,0,-y,False,0.6590553231239795,0.3045377387064292,lambda_band,80,0.7086952031431224,-0.17285107330441463,-0.04963988001914288,-0.04963988001914288,True
80,2,0,-y,False,0.6590553231239795,0.3045377387064292,d_cbrt_slot,80,0.7626486479209831,-0.17285107330441463,-0.10359332479700356,-0.10359332479700356,True
85,0,0,y,True,0.5192939918825346,0.5585314879141663,shared_d,85,-0.1104595394752792,-0.17285107330441463,0.6297535313578138,0.6297535313578138,True
85,0,0,y,True,0.5192939918825346,0.5585314879141663,lambda_row,256,0.5314755723205593,0.04100981731619413,-0.012181580438024753,-0.012181580438024753,False
85,0,0,y,True,0.5192939918825346,0.5585314879141663,lambda_band,85,0.12440850619280042,-0.17285107330441463,0.39488548568973414,0.39488548568973414,True
85,0,0,y,True,0.5192939918825346,0.5585314879141663,d_cbrt_slot,85,-0.1104595394752792,-0.17285107330441463,0.6297535313578138,0.6297535313578138,True
85,0,0,y,True,0.5192939918825346,0.5585314879141663,d_true_oracle,85,-0.1104595394752792,-0.17285107330441463,0.6297535313578138,0.6297535313578138,True
85,0,0,-y,False,0.5192939918825346,0.6136972835770962,shared_d,85,-0.1104595394752792,-0.17285107330441463,0.6297535313578138,0.6297535313578138,True
85,0,0,-y,False,0.5192939918825346,0.6136972835770962,lambda_row,256,0.5314755723205593,0.04100981731619413,-0.012181580438024753,-0.012181580438024753,False
85,0,0,-y,False,0.5192939918825346,0.6136972835770962,lambda_band,85,0.12440850619280042,-0.17285107330441463,0.39488548568973414,0.39488548568973414,True
85,0,0,-y,False,0.5192939918825346,0.6136972835770962,d_cbrt_slot,85,-0.1104595394752792,-0.17285107330441463,0.6297535313578138,0.6297535313578138,True
85,0,0,-y,False,0.5192939918825346,0.6136972835770962,d_true_oracle,85,-0.1104595394752792,-0.17285107330441463,0.6297535313578138,0.6297535313578138,True
85,1,0,y,False,0.6382484473551671,0.5585314879141663,shared_d,85,-0.1104595394752792,-0.17285107330441463,0.7487079868304463,0.7487079868304463,True
85,1,0,y,False,0.6382484473551671,0.5585314879141663,lambda_row,253,0.2239869726309962,0.7444294086206042,0.41426147472417085,0.41426147472417085,False
85,1,0,y,False,0.6382484473551671,0.5585314879141663,lambda_band,85,0.09622821800816439,-0.17285107330441463,0.5420202293470027,0.5420202293470027,True
85,1,0,y,False,0.6382484473551671,0.5585314879141663,d_cbrt_slot,85,-0.1104595394752792,-0.17285107330441463,0.7487079868304463,0.7487079868304463,True
85,1,0,-y,False,0.6382484473551671,0.6136972835770962,shared_d,85,-0.1104595394752792,-0.17285107330441463,0.7487079868304463,0.7487079868304463,True
85,1,0,-y,False,0.6382484473551671,0.6136972835770962,lambda_row,253,0.2239869726309962,0.7444294086206042,0.41426147472417085,0.41426147472417085,False
85,1,0,-y,False,0.6382484473551671,0.6136972835770962,lambda_band,85,0.09622821800816439,-0.17285107330441463,0.5420202293470027,0.5420202293470027,True
85,1,0,-y,False,0.6382484473551671,0.6136972835770962,d_cbrt_slot,85,-0.1104595394752792,-0.17285107330441463,0.7487079868304463,0.7487079868304463,True
85,2,0,y,False,0.5102139221258568,0.5585314879141663,shared_d,85,-0.1104595394752792,-0.17285107330441463,0.620673461601136,0.620673461601136,True
85,2,0,y,False,0.5102139221258568,0.5585314879141663,lambda_row,252,0.763777098066285,0.7846274557351336,-0.2535631759404282,-0.2535631759404282,False
85,2,0,y,False,0.5102139221258568,0.5585314879141663,lambda_band,85,-0.07567987072713578,-0.17285107330441463,0.5858937928529926,0.5858937928529926,True
85,2,0,y,False,0.5102139221258568,0.5585314879141663,d_cbrt_slot,85,-0.1104595394752792,-0.17285107330441463,0.620673461601136,0.620673461601136,True
85,2,0,-y,False,0.5102139221258568,0.6136972835770962,shared_d,85,-0.1104595394752792,-0.17285107330441463,0.620673461601136,0.620673461601136,True
85,2,0,-y,False,0.5102139221258568,0.6136972835770962,lambda_row,252,0.763777098066285,0.7846274557351336,-0.2535631759404282,-0.2535631759404282,False
85,2,0,-y,False,0.5102139221258568,0.6136972835770962,lambda_band,85,-0.07567987072713578,-0.17285107330441463,0.5858937928529926,0.5858937928529926,True
85,2,0,-y,False,0.5102139221258568,0.6136972835770962,d_cbrt_slot,85,-0.1104595394752792,-0.17285107330441463,0.620673461601136,0.620673461601136,True
90,0,2,y,False,-0.06929592498883608,-0.1183401345709143,shared_d,90,0.5710718122872009,-0.17285107330441463,-0.640367737276037,-0.640367737276037,True
90,0,2,y,False,-0.06929592498883608,-0.1183401345709143,lambda_row,256,0.4095848593664897,0.23406188302540443,-0.4788807843553258,-0.4788807843553258,False
90,0,2,y,False,-0.06929592498883608,-0.1183401345709143,lambda_band,90,0.4945968031099355,-0.17285107330441463,-0.5638927280987716,-0.5638927280987716,True
90,0,2,y,False,-0.06929592498883608,-0.1183401345709143,d_cbrt_slot,90,0.5710718122872009,-0.17285107330441463,-0.640367737276037,-0.640367737276037,True
90,0,2,-y,False,-0.06929592498883608,0.35168644776211977,shared_d,90,0.5710718122872009,-0.17285107330441463,-0.640367737276037,-0.640367737276037,True
90,0,2,-y,False,-0.06929592498883608,0.35168644776211977,lambda_row,256,0.4095848593664897,0.23406188302540443,-0.4788807843553258,-0.4788807843553258,False
90,0,2,-y,False,-0.06929592498883608,0.35168644776211977,lambda_band,90,0.4945968031099355,-0.17285107330441463,-0.5638927280987716,-0.5638927280987716,True
90,0,2,-y,False,-0.06929592498883608,0.35168644776211977,d_cbrt_slot,90,0.5710718122872009,-0.17285107330441463,-0.640367737276037,-0.640367737276037,True
90,1,2,y,False,0.07226103147741014,-0.1183401345709143,shared_d,90,0.5710718122872009,-0.17285107330441463,-0.4988107808097908,-0.4988107808097908,True
90,1,2,y,False,0.07226103147741014,-0.1183401345709143,lambda_row,255,-0.017764221731411567,0.5595204407064074,0.09002525320882171,0.09002525320882171,False
90,1,2,y,False,0.07226103147741014,-0.1183401345709143,lambda_band,90,0.36480684587338885,-0.17285107330441463,-0.2925458143959787,-0.2925458143959787,True
90,1,2,y,False,0.07226103147741014,-0.1183401345709143,d_cbrt_slot,90,0.5710718122872009,-0.17285107330441463,-0.4988107808097908,-0.4988107808097908,True
90,1,2,-y,False,0.07226103147741014,0.35168644776211977,shared_d,90,0.5710718122872009,-0.17285107330441463,-0.4988107808097908,-0.4988107808097908,True
90,1,2,-y,False,0.07226103147741014,0.35168644776211977,lambda_row,255,-0.017764221731411567,0.5595204407064074,0.09002525320882171,0.09002525320882171,False
90,1,2,-y,False,0.07226103147741014,0.35168644776211977,lambda_band,90,0.36480684587338885,-0.17285107330441463,-0.2925458143959787,-0.2925458143959787,True
90,1,2,-y,False,0.07226103147741014,0.35168644776211977,d_cbrt_slot,90,0.5710718122872009,-0.17285107330441463,-0.4988107808097908,-0.4988107808097908,True
90,2,2,y,False,0.09066565961586548,-0.1183401345709143,shared_d,90,0.5710718122872009,-0.17285107330441463,-0.48040615267133546,-0.48040615267133546,True
90,2,2,y,False,0.09066565961586548,-0.1183401345709143,lambda_row,256,0.7091039998632027,0.4632519645466715,-0.6184383402473372,-0.6184383402473372,False
90,2,2,y,False,0.09066565961586548,-0.1183401345709143,lambda_band,90,0.4651401619882449,-0.17285107330441463,-0.37447450237237945,-0.37447450237237945,True
90,2,2,y,False,0.09066565961586548,-0.1183401345709143,d_cbrt_slot,90,0.5710718122872009,-0.17285107330441463,-0.48040615267133546,-0.48040615267133546,True
90,2,2,y,False,0.09066565961586548,-0.1183401345709143,d_true_oracle,90,0.5710718122872009,-0.17285107330441463,-0.48040615267133546,-0.48040615267133546,True
90,2,2,-y,True,0.09066565961586548,0.35168644776211977,shared_d,90,0.5710718122872009,-0.17285107330441463,-0.48040615267133546,-0.48040615267133546,True
90,2,2,-y,True,0.09066565961586548,0.35168644776211977,lambda_row,256,0.7091039998632027,0.4632519645466715,-0.6184383402473372,-0.6184383402473372,False
90,2,2,-y,True,0.09066565961586548,0.35168644776211977,lambda_band,90,0.4651401619882449,-0.17285107330441463,-0.37447450237237945,-0.37447450237237945,True
90,2,2,-y,True,0.09066565961586548,0.35168644776211977,d_cbrt_slot,90,0.5710718122872009,-0.17285107330441463,-0.48040615267133546,-0.48040615267133546,True
90,2,2,-y,True,0.09066565961586548,0.35168644776211977,d_true_oracle,90,0.5710718122872009,-0.17285107330441463,-0.48040615267133546,-0.48040615267133546,True
95,0,1,y,False,0.1878865796489464,0.30464286563963583,shared_d,95,0.010121246741000789,-0.17285107330441463,0.1777653329079456,0.1777653329079456,True
95,0,1,y,False,0.1878865796489464,0.30464286563963583,lambda_row,254,0.34366179683803466,0.7284362430797842,-0.15577521718908827,-0.15577521718908827,False
95,0,1,y,False,0.1878865796489464,0.30464286563963583,lambda_band,95,-0.021095600353703503,-0.17285107330441463,0.2089821800026499,0.2089821800026499,True
95,0,1,y,False,0.1878865796489464,0.30464286563963583,d_cbrt_slot,95,0.010121246741000789,-0.17285107330441463,0.1777653329079456,0.1777653329079456,True
95,0,1,-y,False,0.1878865796489464,-0.03586267341960081,shared_d,95,0.010121246741000789,-0.17285107330441463,0.1777653329079456,0.1777653329079456,True
95,0,1,-y,False,0.1878865796489464,-0.03586267341960081,lambda_row,254,0.34366179683803466,0.7284362430797842,-0.15577521718908827,-0.15577521718908827,False
95,0,1,-y,False,0.1878865796489464,-0.03586267341960081,lambda_band,95,-0.021095600353703503,-0.17285107330441463,0.2089821800026499,0.2089821800026499,True
95,0,1,-y,False,0.1878865796489464,-0.03586267341960081,d_cbrt_slot,95,0.010121246741000789,-0.17285107330441463,0.1777653329079456,0.1777653329079456,True
95,1,1,y,True,0.4438529319416773,0.30464286563963583,shared_d,95,0.010121246741000789,-0.17285107330441463,0.4337316852006765,0.4337316852006765,True
95,1,1,y,True,0.4438529319416773,0.30464286563963583,lambda_row,256,0.7087971935201978,0.46497514521070116,-0.26494426157852047,-0.26494426157852047,False
95,1,1,y,True,0.4438529319416773,0.30464286563963583,lambda_band,95,0.16729977892275372,-0.17285107330441463,0.2765531530189236,0.2765531530189236,True
95,1,1,y,True,0.4438529319416773,0.30464286563963583,d_cbrt_slot,95,0.010121246741000789,-0.17285107330441463,0.4337316852006765,0.4337316852006765,True
95,1,1,y,True,0.4438529319416773,0.30464286563963583,d_true_oracle,95,0.010121246741000789,-0.17285107330441463,0.4337316852006765,0.4337316852006765,True
95,1,1,-y,False,0.4438529319416773,-0.03586267341960081,shared_d,95,0.010121246741000789,-0.17285107330441463,0.4337316852006765,0.4337316852006765,True
95,1,1,-y,False,0.4438529319416773,-0.03586267341960081,lambda_row,256,0.7087971935201978,0.46497514521070116,-0.26494426157852047,-0.26494426157852047,False
95,1,1,-y,False,0.4438529319416773,-0.03586267341960081,lambda_band,95,0.16729977892275372,-0.17285107330441463,0.2765531530189236,0.2765531530189236,True
95,1,1,-y,False,0.4438529319416773,-0.03586267341960081,d_cbrt_slot,95,0.010121246741000789,-0.17285107330441463,0.4337316852006765,0.4337316852006765,True
95,1,1,-y,False,0.4438529319416773,-0.03586267341960081,d_true_oracle,95,0.010121246741000789,-0.17285107330441463,0.4337316852006765,0.4337316852006765,True
95,2,1,y,False,0.8271336294612723,0.30464286563963583,shared_d,95,0.010121246741000789,-0.17285107330441463,0.8170123827202715,0.8170123827202715,True
95,2,1,y,False,0.8271336294612723,0.30464286563963583,lambda_row,256,0.7877109274587042,0.7110016658362923,0.039422702002568144,0.039422702002568144,False
95,2,1,y,False,0.8271336294612723,0.30464286563963583,lambda_band,95,0.16157461895583936,-0.17285107330441463,0.665559010505433,0.665559010505433,True
95,2,1,y,False,0.8271336294612723,0.30464286563963583,d_cbrt_slot,95,0.010121246741000789,-0.17285107330441463,0.8170123827202715,0.8170123827202715,True
95,2,1,-y,False,0.8271336294612723,-0.03586267341960081,shared_d,95,0.010121246741000789,-0.17285107330441463,0.8170123827202715,0.8170123827202715,True
95,2,1,-y,False,0.8271336294612723,-0.03586267341960081,lambda_row,256,0.7877109274587042,0.7110016658362923,0.039422702002568144,0.039422702002568144,False
95,2,1,-y,False,0.8271336294612723,-0.03586267341960081,lambda_band,95,0.16157461895583936,-0.17285107330441463,0.665559010505433,0.665559010505433,True
95,2,1,-y,False,0.8271336294612723,-0.03586267341960081,d_cbrt_slot,95,0.010121246741000789,-0.17285107330441463,0.8170123827202715,0.8170123827202715,True
100,0,2,y,False,0.3824831151099346,0.11173841369267734,shared_d,100,0.5541376557396163,-0.17285107330441463,-0.17165454062968166,-0.17165454062968166,True
100,0,2,y,False,0.3824831151099346,0.11173841369267734,lambda_row,255,0.1462055764267518,0.47168471226862607,0.2362775386831828,0.2362775386831828,False
100,0,2,y,False,0.3824831151099346,0.11173841369267734,lambda_band,100,0.5613595777987328,-0.17285107330441463,-0.1788764626887982,-0.1788764626887982,True
100,0,2,y,False,0.3824831151099346,0.11173841369267734,d_cbrt_slot,100,0.5541376557396163,-0.17285107330441463,-0.17165454062968166,-0.17165454062968166,True
100,0,2,-y,False,0.3824831151099346,0.1944855717260765,shared_d,100,0.5541376557396163,-0.17285107330441463,-0.17165454062968166,-0.17165454062968166,True
100,0,2,-y,False,0.3824831151099346,0.1944855717260765,lambda_row,255,0.1462055764267518,0.47168471226862607,0.2362775386831828,0.2362775386831828,False
100,0,2,-y,False,0.3824831151099346,0.1944855717260765,lambda_band,100,0.5613595777987328,-0.17285107330441463,-0.1788764626887982,-0.1788764626887982,True
100,0,2,-y,False,0.3824831151099346,0.1944855717260765,d_cbrt_slot,100,0.5541376557396163,-0.17285107330441463,-0.17165454062968166,-0.17165454062968166,True
100,1,2,y,False,0.5049143359406401,0.11173841369267734,shared_d,100,0.5541376557396163,-0.17285107330441463,-0.049223319798976206,-0.049223319798976206,True
100,1,2,y,False,0.5049143359406401,0.11173841369267734,lambda_row,255,0.20149646077052807,0.43412665309125487,0.303417875170112,0.303417875170112,False
100,1,2,y,False,0.5049143359406401,0.11173841369267734,lambda_band,100,0.5002077123074713,-0.17285107330441463,0.0047066236331687605,0.0047066236331687605,True
100,1,2,y,False,0.5049143359406401,0.11173841369267734,d_cbrt_slot,100,0.5541376557396163,-0.17285107330441463,-0.049223319798976206,-0.049223319798976206,True
100,1,2,-y,False,0.5049143359406401,0.1944855717260765,shared_d,100,0.5541376557396163,-0.17285107330441463,-0.049223319798976206,-0.049223319798976206,True
100,1,2,-y,False,0.5049143359406401,0.1944855717260765,lambda_row,255,0.20149646077052807,0.43412665309125487,0.303417875170112,0.303417875170112,False
100,1,2,-y,False,0.5049143359406401,0.1944855717260765,lambda_band,100,0.5002077123074713,-0.17285107330441463,0.0047066236331687605,0.0047066236331687605,True
100,1,2,-y,False,0.5049143359406401,0.1944855717260765,d_cbrt_slot,100,0.5541376557396163,-0.17285107330441463,-0.049223319798976206,-0.049223319798976206,True
100,2,2,y,False,0.6843553986008857,0.11173841369267734,shared_d,100,0.5541376557396163,-0.17285107330441463,0.13021774286126941,0.13021774286126941,True
100,2,2,y,False,0.6843553986008857,0.11173841369267734,lambda_row,252,0.5898388920539048,0.7939514719487732,0.09451650654698085,0.09451650654698085,False
100,2,2,y,False,0.6843553986008857,0.11173841369267734,lambda_band,100,0.6043876975006981,-0.17285107330441463,0.07996770110018758,0.07996770110018758,True
100,2,2,y,False,0.6843553986008857,0.11173841369267734,d_cbrt_slot,100,0.5541376557396163,-0.17285107330441463,0.13021774286126941,0.13021774286126941,True
100,2,2,y,False,0.6843553986008857,0.11173841369267734,d_true_oracle,100,0.5541376557396163,-0.17285107330441463,0.13021774286126941,0.13021774286126941,True
100,2,2,-y,True,0.6843553986008857,0.1944855717260765,shared_d,100,0.5541376557396163,-0.17285107330441463,0.13021774286126941,0.13021774286126941,True
100,2,2,-y,True,0.6843553986008857,0.1944855717260765,lambda_row,252,0.5898388920539048,0.7939514719487732,0.09451650654698085,0.09451650654698085,False
100,2,2,-y,True,0.6843553986008857,0.1944855717260765,lambda_band,100,0.6043876975006981,-0.17285107330441463,0.07996770110018758,0.07996770110018758,True
100,2,2,-y,True,0.6843553986008857,0.1944855717260765,d_cbrt_slot,100,0.5541376557396163,-0.17285107330441463,0.13021774286126941,0.13021774286126941,True
100,2,2,-y,True,0.6843553986008857,0.1944855717260765,d_true_oracle,100,0.5541376557396163,-0.17285107330441463,0.13021774286126941,0.13021774286126941,True
105,0,1,y,False,0.22288789642236395,-0.18094370898312206,shared_d,105,0.08712815338616053,-0.17285107330441463,0.13575974303620342,0.13575974303620342,True
105,0,1,y,False,0.22288789642236395,-0.18094370898312206,lambda_row,254,0.3387272906991683,0.7291570597292036,-0.11583939427680434,-0.11583939427680434,False
105,0,1,y,False,0.22288789642236395,-0.18094370898312206,lambda_band,105,0.21511892962774226,-0.17285107330441463,0.00776896679462169,0.00776896679462169,True
105,0,1,y,False,0.22288789642236395,-0.18094370898312206,d_cbrt_slot,105,0.08712815338616053,-0.17285107330441463,0.13575974303620342,0.13575974303620342,True
105,0,1,-y,False,0.22288789642236395,0.6399938417793862,shared_d,105,0.08712815338616053,-0.17285107330441463,0.13575974303620342,0.13575974303620342,True
105,0,1,-y,False,0.22288789642236395,0.6399938417793862,lambda_row,254,0.3387272906991683,0.7291570597292036,-0.11583939427680434,-0.11583939427680434,False
105,0,1,-y,False,0.22288789642236395,0.6399938417793862,lambda_band,105,0.21511892962774226,-0.17285107330441463,0.00776896679462169,0.00776896679462169,True
105,0,1,-y,False,0.22288789642236395,0.6399938417793862,d_cbrt_slot,105,0.08712815338616053,-0.17285107330441463,0.13575974303620342,0.13575974303620342,True
105,1,1,y,True,0.6081479772160492,-0.18094370898312206,shared_d,105,0.08712815338616053,-0.17285107330441463,0.5210198238298887,0.5210198238298887,True
105,1,1,y,True,0.6081479772160492,-0.18094370898312206,lambda_row,256,0.5095383108931486,0.08244342242868186,0.09860966632290058,0.09860966632290058,False
105,1,1,y,True,0.6081479772160492,-0.18094370898312206,lambda_band,105,0.0008857777504260866,-0.17285107330441463,0.6072621994656231,0.6072621994656231,True
105,1,1,y,True,0.6081479772160492,-0.18094370898312206,d_cbrt_slot,105,0.08712815338616053,-0.17285107330441463,0.5210198238298887,0.5210198238298887,True
105,1,1,y,True,0.6081479772160492,-0.18094370898312206,d_true_oracle,105,0.08712815338616053,-0.17285107330441463,0.5210198238298887,0.5210198238298887,True
105,1,1,-y,False,0.6081479772160492,0.6399938417793862,shared_d,105,0.08712815338616053,-0.17285107330441463,0.5210198238298887,0.5210198238298887,True
105,1,1,-y,False,0.6081479772160492,0.6399938417793862,lambda_row,256,0.5095383108931486,0.08244342242868186,0.09860966632290058,0.09860966632290058,False
105,1,1,-y,False,0.6081479772160492,0.6399938417793862,lambda_band,105,0.0008857777504260866,-0.17285107330441463,0.6072621994656231,0.6072621994656231,True
105,1,1,-y,False,0.6081479772160492,0.6399938417793862,d_cbrt_slot,105,0.08712815338616053,-0.17285107330441463,0.5210198238298887,0.5210198238298887,True
105,1,1,-y,False,0.6081479772160492,0.6399938417793862,d_true_oracle,105,0.08712815338616053,-0.17285107330441463,0.5210198238298887,0.5210198238298887,True
105,2,1,y,False,0.6919858644707944,-0.18094370898312206,shared_d,105,0.08712815338616053,-0.17285107330441463,0.6048577110846338,0.6048577110846338,True
105,2,1,y,False,0.6919858644707944,-0.18094370898312206,lambda_row,254,0.6738933338593398,0.6642448255396971,0.01809253061145455,0.01809253061145455,False
105,2,1,y,False,0.6919858644707944,-0.18094370898312206,lambda_band,105,0.12177180959197642,-0.17285107330441463,0.5702140548788179,0.5702140548788179,True
105,2,1,y,False,0.6919858644707944,-0.18094370898312206,d_cbrt_slot,105,0.08712815338616053,-0.17285107330441463,0.6048577110846338,0.6048577110846338,True
105,2,1,-y,False,0.6919858644707944,0.6399938417793862,shared_d,105,0.08712815338616053,-0.17285107330441463,0.6048577110846338,0.6048577110846338,True
105,2,1,-y,False,0.6919858644707944,0.6399938417793862,lambda_row,254,0.6738933338593398,0.6642448255396971,0.01809253061145455,0.01809253061145455,False
105,2,1,-y,False,0.6919858644707944,0.6399938417793862,lambda_band,105,0.12177180959197642,-0.17285107330441463,0.5702140548788179,0.5702140548788179,True
105,2,1,-y,False,0.6919858644707944,0.6399938417793862,d_cbrt_slot,105,0.08712815338616053,-0.17285107330441463,0.6048577110846338,0.6048577110846338,True
110,0,0,y,True,0.45802612289622857,0.4309661361010342,shared_d,110,0.7012894059444577,-0.17285107330441463,-0.24326328304822908,-0.24326328304822908,True
110,0,0,y,True,0.45802612289622857,0.4309661361010342,lambda_row,252,0.8252145888616695,0.7807229961138091,-0.36718846596544097,-0.36718846596544097,False
110,0,0,y,True,0.45802612289622857,0.4309661361010342,lambda_band,110,0.796484154070157,-0.17285107330441463,-0.3384580311739285,-0.3384580311739285,True
110,0,0,y,True,0.45802612289622857,0.4309661361010342,d_cbrt_slot,110,0.7012894059444577,-0.17285107330441463,-0.24326328304822908,-0.24326328304822908,True
110,0,0,y,True,0.45802612289622857,0.4309661361010342,d_true_oracle,110,0.7012894059444577,-0.17285107330441463,-0.24326328304822908,-0.24326328304822908,True
110,0,0,-y,False,0.45802612289622857,0.6459800821862558,shared_d,110,0.7012894059444577,-0.17285107330441463,-0.24326328304822908,-0.24326328304822908,True
110,0,0,-y,False,0.45802612289622857,0.6459800821862558,lambda_row,252,0.8252145888616695,0.7807229961138091,-0.36718846596544097,-0.36718846596544097,False
110,0,0,-y,False,0.45802612289622857,0.6459800821862558,lambda_band,110,0.796484154070157,-0.17285107330441463,-0.3384580311739285,-0.3384580311739285,True
110,0,0,-y,False,0.45802612289622857,0.6459800821862558,d_cbrt_slot,110,0.7012894059444577,-0.17285107330441463,-0.24326328304822908,-0.24326328304822908,True
110,0,0,-y,False,0.45802612289622857,0.6459800821862558,d_true_oracle,110,0.7012894059444577,-0.17285107330441463,-0.24326328304822908,-0.24326328304822908,True
110,1,0,y,False,-0.13746270550504391,0.4309661361010342,shared_d,110,0.7012894059444577,-0.17285107330441463,-0.8387521114495016,-0.8387521114495016,True
110,1,0,y,False,-0.13746270550504391,0.4309661361010342,lambda_row,256,0.5174000885122325,0.06801018106534684,-0.6548627940172764,-0.6548627940172764,False
110,1,0,y,False,-0.13746270550504391,0.4309661361010342,lambda_band,110,0.8114340373864195,-0.17285107330441463,-0.9488967428914634,-0.9488967428914634,True
110,1,0,y,False,-0.13746270550504391,0.4309661361010342,d_cbrt_slot,110,0.7012894059444577,-0.17285107330441463,-0.8387521114495016,-0.8387521114495016,True
110,1,0,-y,False,-0.13746270550504391,0.6459800821862558,shared_d,110,0.7012894059444577,-0.17285107330441463,-0.8387521114495016,-0.8387521114495016,True
110,1,0,-y,False,-0.13746270550504391,0.6459800821862558,lambda_row,256,0.5174000885122325,0.06801018106534684,-0.6548627940172764,-0.6548627940172764,False
110,1,0,-y,False,-0.13746270550504391,0.6459800821862558,lambda_band,110,0.8114340373864195,-0.17285107330441463,-0.9488967428914634,-0.9488967428914634,True
110,1,0,-y,False,-0.13746270550504391,0.6459800821862558,d_cbrt_slot,110,0.7012894059444577,-0.17285107330441463,-0.8387521114495016,-0.8387521114495016,True
110,2,0,y,False,0.5698239614295062,0.4309661361010342,shared_d,110,0.7012894059444577,-0.17285107330441463,-0.13146544451495146,-0.13146544451495146,True
110,2,0,y,False,0.5698239614295062,0.4309661361010342,lambda_row,254,0.6592383813587901,0.6679111016306933,-0.0894144199292839,-0.0894144199292839,False
110,2,0,y,False,0.5698239614295062,0.4309661361010342,lambda_band,110,0.5867445034842333,-0.17285107330441463,-0.01692054205472715,-0.01692054205472715,True
110,2,0,y,False,0.5698239614295062,0.4309661361010342,d_cbrt_slot,110,0.7012894059444577,-0.17285107330441463,-0.13146544451495146,-0.13146544451495146,True
110,2,0,-y,False,0.5698239614295062,0.6459800821862558,shared_d,110,0.7012894059444577,-0.17285107330441463,-0.13146544451495146,-0.13146544451495146,True
110,2,0,-y,False,0.5698239614295062,0.6459800821862558,lambda_row,254,0.6592383813587901,0.6679111016306933,-0.0894144199292839,-0.0894144199292839,False
110,2,0,-y,False,0.5698239614295062,0.6459800821862558,lambda_band,110,0.5867445034842333,-0.17285107330441463,-0.01692054205472715,-0.01692054205472715,True
110,2,0,-y,False,0.5698239614295062,0.6459800821862558,d_cbrt_slot,110,0.7012894059444577,-0.17285107330441463,-0.13146544451495146,-0.13146544451495146,True
115,0,0,y,True,-0.07967489041172371,-0.0028773047788632766,shared_d,115,0.12678041067118073,-0.17285107330441463,-0.20645530108290444,-0.20645530108290444,True
115,0,0,y,True,-0.07967489041172371,-0.0028773047788632766,lambda_row,256,0.7412488278125551,0.24964365935277044,-0.8209237182242788,-0.8209237182242788,False
115,0,0,y,True,-0.07967489041172371,-0.0028773047788632766,lambda_band,115,0.22519807805682746,-0.17285107330441463,-0.30487296846855116,-0.30487296846855116,True
115,0,0,y,True,-0.07967489041172371,-0.0028773047788632766,d_cbrt_slot,115,0.12678041067118073,-0.17285107330441463,-0.20645530108290444,-0.20645530108290444,True
115,0,0,y,True,-0.07967489041172371,-0.0028773047788632766,d_true_oracle,115,0.12678041067118073,-0.17285107330441463,-0.20645530108290444,-0.20645530108290444,True
115,0,0,-y,False,-0.07967489041172371,0.2832780285392573,shared_d,115,0.12678041067118073,-0.17285107330441463,-0.20645530108290444,-0.20645530108290444,True
115,0,0,-y,False,-0.07967489041172371,0.2832780285392573,lambda_row,256,0.7412488278125551,0.24964365935277044,-0.8209237182242788,-0.8209237182242788,False
115,0,0,-y,False,-0.07967489041172371,0.2832780285392573,lambda_band,115,0.22519807805682746,-0.17285107330441463,-0.30487296846855116,-0.30487296846855116,True
115,0,0,-y,False,-0.07967489041172371,0.2832780285392573,d_cbrt_slot,115,0.12678041067118073,-0.17285107330441463,-0.20645530108290444,-0.20645530108290444,True
115,0,0,-y,False,-0.07967489041172371,0.2832780285392573,d_true_oracle,115,0.12678041067118073,-0.17285107330441463,-0.20645530108290444,-0.20645530108290444,True
115,1,0,y,False,0.7342439400527923,-0.0028773047788632766,shared_d,115,0.12678041067118073,-0.17285107330441463,0.6074635293816115,0.6074635293816115,True
115,1,0,y,False,0.7342439400527923,-0.0028773047788632766,lambda_row,255,0.1622216435863919,0.4612962410439394,0.5720222964664003,0.5720222964664003,False
115,1,0,y,False,0.7342439400527923,-0.0028773047788632766,lambda_band,115,0.1358026007855102,-0.17285107330441463,0.598441339267282,0.598441339267282,True
115,1,0,y,False,0.7342439400527923,-0.0028773047788632766,d_cbrt_slot,115,0.12678041067118073,-0.17285107330441463,0.6074635293816115,0.6074635293816115,True
115,1,0,-y,False,0.7342439400527923,0.2832780285392573,shared_d,115,0.12678041067118073,-0.17285107330441463,0.6074635293816115,0.6074635293816115,True
115,1,0,-y,False,0.7342439400527923,0.2832780285392573,lambda_row,255,0.1622216435863919,0.4612962410439394,0.5720222964664003,0.5720222964664003,False
115,1,0,-y,False,0.7342439400527923,0.2832780285392573,lambda_band,115,0.1358026007855102,-0.17285107330441463,0.598441339267282,0.598441339267282,True
115,1,0,-y,False,0.7342439400527923,0.2832780285392573,d_cbrt_slot,115,0.12678041067118073,-0.17285107330441463,0.6074635293816115,0.6074635293816115,True
115,2,0,y,False,0.6982588737507456,-0.0028773047788632766,shared_d,115,0.12678041067118073,-0.17285107330441463,0.5714784630795648,0.5714784630795648,True
115,2,0,y,False,0.6982588737507456,-0.0028773047788632766,lambda_row,255,0.15196729104565065,0.46799118960674946,0.5462915827050949,0.5462915827050949,False
115,2,0,y,False,0.6982588737507456,-0.0028773047788632766,lambda_band,115,0.11561577558582314,-0.17285107330441463,0.5826430981649224,0.5826430981649224,True
115,2,0,y,False,0.6982588737507456,-0.0028773047788632766,d_cbrt_slot,115,0.12678041067118073,-0.17285107330441463,0.5714784630795648,0.5714784630795648,True
115,2,0,-y,False,0.6982588737507456,0.2832780285392573,shared_d,115,0.12678041067118073,-0.17285107330441463,0.5714784630795648,0.5714784630795648,True
115,2,0,-y,False,0.6982588737507456,0.2832780285392573,lambda_row,255,0.15196729104565065,0.46799118960674946,0.5462915827050949,0.5462915827050949,False
115,2,0,-y,False,0.6982588737507456,0.2832780285392573,lambda_band,115,0.11561577558582314,-0.17285107330441463,0.5826430981649224,0.5826430981649224,True
115,2,0,-y,False,0.6982588737507456,0.2832780285392573,d_cbrt_slot,115,0.12678041067118073,-0.17285107330441463,0.5714784630795648,0.5714784630795648,True
120,0,2,y,False,0.006728657656807968,0.5213175459591497,shared_d,120,0.5611925905426176,-0.17285107330441463,-0.5544639328858096,-0.5544639328858096,True
120,0,2,y,False,0.006728657656807968,0.5213175459591497,lambda_row,255,0.2867030833392903,0.36544687716703095,-0.2799744256824823,-0.2799744256824823,False
120,0,2,y,False,0.006728657656807968,0.5213175459591497,lambda_band,120,0.514304552108527,-0.17285107330441463,-0.507575894451719,-0.507575894451719,True
120,0,2,y,False,0.006728657656807968,0.5213175459591497,d_cbrt_slot,120,0.5611925905426176,-0.17285107330441463,-0.5544639328858096,-0.5544639328858096,True
120,0,2,-y,False,0.006728657656807968,0.3690879398414637,shared_d,120,0.5611925905426176,-0.17285107330441463,-0.5544639328858096,-0.5544639328858096,True
120,0,2,-y,False,0.006728657656807968,0.3690879398414637,lambda_row,255,0.2867030833392903,0.36544687716703095,-0.2799744256824823,-0.2799744256824823,False
120,0,2,-y,False,0.006728657656807968,0.3690879398414637,lambda_band,120,0.514304552108527,-0.17285107330441463,-0.507575894451719,-0.507575894451719,True
120,0,2,-y,False,0.006728657656807968,0.3690879398414637,d_cbrt_slot,120,0.5611925905426176,-0.17285107330441463,-0.5544639328858096,-0.5544639328858096,True
120,1,2,y,False,0.2502225555351174,0.5213175459591497,shared_d,120,0.5611925905426176,-0.17285107330441463,-0.3109700350075002,-0.3109700350075002,True
120,1,2,y,False,0.2502225555351174,0.5213175459591497,lambda_row,256,0.5043227018667267,0.09177725211162624,-0.25410014633160927,-0.25410014633160927,False
120,1,2,y,False,0.2502225555351174,0.5213175459591497,lambda_band,120,0.553602127640012,-0.17285107330441463,-0.30337957210489463,-0.30337957210489463,True
120,1,2,y,False,0.2502225555351174,0.5213175459591497,d_cbrt_slot,120,0.5611925905426176,-0.17285107330441463,-0.3109700350075002,-0.3109700350075002,True
120,1,2,-y,False,0.2502225555351174,0.3690879398414637,shared_d,120,0.5611925905426176,-0.17285107330441463,-0.3109700350075002,-0.3109700350075002,True
120,1,2,-y,False,0.2502225555351174,0.3690879398414637,lambda_row,256,0.5043227018667267,0.09177725211162624,-0.25410014633160927,-0.25410014633160927,False
120,1,2,-y,False,0.2502225555351174,0.3690879398414637,lambda_band,120,0.553602127640012,-0.17285107330441463,-0.30337957210489463,-0.30337957210489463,True
120,1,2,-y,False,0.2502225555351174,0.3690879398414637,d_cbrt_slot,120,0.5611925905426176,-0.17285107330441463,-0.3109700350075002,-0.3109700350075002,True
120,2,2,y,False,0.6728952334438958,0.5213175459591497,shared_d,120,0.5611925905426176,-0.17285107330441463,0.11170264290127818,0.11170264290127818,True
120,2,2,y,False,0.6728952334438958,0.5213175459591497,lambda_row,255,0.31466590760619795,0.33941959495629703,0.35822932583769784,0.35822932583769784,False
120,2,2,y,False,0.6728952334438958,0.5213175459591497,lambda_band,120,0.3677540579215872,-0.17285107330441463,0.30514117552230857,0.30514117552230857,True
120,2,2,y,False,0.6728952334438958,0.5213175459591497,d_cbrt_slot,120,0.5611925905426176,-0.17285107330441463,0.11170264290127818,0.11170264290127818,True
120,2,2,y,False,0.6728952334438958,0.5213175459591497,d_true_oracle,120,0.5611925905426176,-0.17285107330441463,0.11170264290127818,0.11170264290127818,True
120,2,2,-y,True,0.6728952334438958,0.3690879398414637,shared_d,120,0.5611925905426176,-0.17285107330441463,0.11170264290127818,0.11170264290127818,True
120,2,2,-y,True,0.6728952334438958,0.3690879398414637,lambda_row,255,0.31466590760619795,0.33941959495629703,0.35822932583769784,0.35822932583769784,False
120,2,2,-y,True,0.6728952334438958,0.3690879398414637,lambda_band,120,0.3677540579215872,-0.17285107330441463,0.30514117552230857,0.30514117552230857,True
120,2,2,-y,True,0.6728952334438958,0.3690879398414637,d_cbrt_slot,120,0.5611925905426176,-0.17285107330441463,0.11170264290127818,0.11170264290127818,True
120,2,2,-y,True,0.6728952334438958,0.3690879398414637,d_true_oracle,120,0.5611925905426176,-0.17285107330441463,0.11170264290127818,0.11170264290127818,True
125,0,1,y,False,-0.07140279141509609,0.35234525451707555,shared_d,125,0.23915414668882562,-0.17285107330441463,-0.3105569381039217,-0.3105569381039217,True
125,0,1,y,False,-0.07140279141509609,0.35234525451707555,lambda_row,255,0.3019256673420756,0.35151992481787886,-0.3733284587571717,-0.3733284587571717,False
125,0,1,y,False,-0.07140279141509609,0.35234525451707555,lambda_band,125,0.18617600050722416,-0.17285107330441463,-0.25757879192232025,-0.25757879192232025,True
125,0,1,y,False,-0.07140279141509609,0.35234525451707555,d_cbrt_slot,125,0.23915414668882562,-0.17285107330441463,-0.3105569381039217,-0.3105569381039217,True
125,0,1,-y,False,-0.07140279141509609,0.5246600879522418,shared_d,125,0.23915414668882562,-0.17285107330441463,-0.3105569381039217,-0.3105569381039217,True
125,0,1,-y,False,-0.07140279141509609,0.5246600879522418,lambda_row,255,0.3019256673420756,0.35151992481787886,-0.3733284587571717,-0.3733284587571717,False
125,0,1,-y,False,-0.07140279141509609,0.5246600879522418,lambda_band,125,0.18617600050722416,-0.17285107330441463,-0.25757879192232025,-0.25757879192232025,True
125,0,1,-y,False,-0.07140279141509609,0.5246600879522418,d_cbrt_slot,125,0.23915414668882562,-0.17285107330441463,-0.3105569381039217,-0.3105569381039217,True
125,1,1,y,True,0.6695571938975604,0.35234525451707555,shared_d,125,0.23915414668882562,-0.17285107330441463,0.4304030472087348,0.4304030472087348,True
125,1,1,y,True,0.6695571938975604,0.35234525451707555,lambda_row,254,0.6305729402770339,0.6748197832217642,0.03898425362052649,0.03898425362052649,False
125,1,1,y,True,0.6695571938975604,0.35234525451707555,lambda_band,125,0.28670685884829084,-0.17285107330441463,0.3828503350492696,0.3828503350492696,True
125,1,1,y,True,0.6695571938975604,0.35234525451707555,d_cbrt_slot,125,0.23915414668882562,-0.17285107330441463,0.4304030472087348,0.4304030472087348,True
125,1,1,y,True,0.6695571938975604,0.35234525451707555,d_true_oracle,125,0.23915414668882562,-0.17285107330441463,0.4304030472087348,0.4304030472087348,True
125,1,1,-y,False,0.6695571938975604,0.5246600879522418,shared_d,125,0.23915414668882562,-0.17285107330441463,0.4304030472087348,0.4304030472087348,True
125,1,1,-y,False,0.6695571938975604,0.5246600879522418,lambda_row,254,0.6305729402770339,0.6748197832217642,0.03898425362052649,0.03898425362052649,False
125,1,1,-y,False,0.6695571938975604,0.5246600879522418,lambda_band,125,0.28670685884829084,-0.17285107330441463,0.3828503350492696,0.3828503350492696,True
125,1,1,-y,False,0.6695571938975604,0.5246600879522418,d_cbrt_slot,125,0.23915414668882562,-0.17285107330441463,0.4304030472087348,0.4304030472087348,True
125,1,1,-y,False,0.6695571938975604,0.5246600879522418,d_true_oracle,125,0.23915414668882562,-0.17285107330441463,0.4304030472087348,0.4304030472087348,True
125,2,1,y,False,0.664323907823615,0.35234525451707555,shared_d,125,0.23915414668882562,-0.17285107330441463,0.4251697611347893,0.4251697611347893,True
125,2,1,y,False,0.664323907823615,0.35234525451707555,lambda_row,256,0.4587146807033946,0.16611204648788203,0.20560922712022034,0.20560922712022034,False
125,2,1,y,False,0.664323907823615,0.35234525451707555,lambda_band,125,-0.12773446090208296,-0.17285107330441463,0.7920583687256979,0.7920583687256979,True
125,2,1,y,False,0.664323907823615,0.35234525451707555,d_cbrt_slot,125,0.23915414668882562,-0.17285107330441463,0.4251697611347893,0.4251697611347893,True
125,2,1,-y,False,0.664323907823615,0.5246600879522418,shared_d,125,0.23915414668882562,-0.17285107330441463,0.4251697611347893,0.4251697611347893,True
125,2,1,-y,False,0.664323907823615,0.5246600879522418,lambda_row,256,0.4587146807033946,0.16611204648788203,0.20560922712022034,0.20560922712022034,False
125,2,1,-y,False,0.664323907823615,0.5246600879522418,lambda_band,125,-0.12773446090208296,-0.17285107330441463,0.7920583687256979,0.7920583687256979,True
125,2,1,-y,False,0.664323907823615,0.5246600879522418,d_cbrt_slot,125,0.23915414668882562,-0.17285107330441463,0.4251697611347893,0.4251697611347893,True
130,0,0,y,True,0.14355405538108812,0.38594238376435896,shared_d,130,0.6760345208202239,-0.17285107330441463,-0.5324804654391357,-0.5324804654391357,True
130,0,0,y,True,0.14355405538108812,0.38594238376435896,lambda_row,256,0.6054561210869451,-0.13192708244385187,-0.461902065705857,-0.461902065705857,False
130,0,0,y,True,0.14355405538108812,0.38594238376435896,lambda_band,130,0.693280981790636,-0.17285107330441463,-0.5497269264095479,-0.5497269264095479,True
130,0,0,y,True,0.14355405538108812,0.38594238376435896,d_cbrt_slot,130,0.6760345208202239,-0.17285107330441463,-0.5324804654391357,-0.5324804654391357,True
130,0,0,y,True,0.14355405538108812,0.38594238376435896,d_true_oracle,130,0.6760345208202239,-0.17285107330441463,-0.5324804654391357,-0.5324804654391357,True
130,0,0,-y,False,0.14355405538108812,-0.18899952584145296,shared_d,130,0.6760345208202239,-0.17285107330441463,-0.5324804654391357,-0.5324804654391357,True
130,0,0,-y,False,0.14355405538108812,-0.18899952584145296,lambda_row,256,0.6054561210869451,-0.13192708244385187,-0.461902065705857,-0.461902065705857,False
130,0,0,-y,False,0.14355405538108812,-0.18899952584145296,lambda_band,130,0.693280981790636,-0.17285107330441463,-0.5497269264095479,-0.5497269264095479,True
130,0,0,-y,False,0.14355405538108812,-0.18899952584145296,d_cbrt_slot,130,0.6760345208202239,-0.17285107330441463,-0.5324804654391357,-0.5324804654391357,True
130,0,0,-y,False,0.14355405538108812,-0.18899952584145296,d_true_oracle,130,0.6760345208202239,-0.17285107330441463,-0.5324804654391357,-0.5324804654391357,True
130,1,0,y,False,0.5238114283919231,0.38594238376435896,shared_d,130,0.6760345208202239,-0.17285107330441463,-0.1522230924283008,-0.1522230924283008,True
130,1,0,y,False,0.5238114283919231,0.38594238376435896,lambda_row,250,0.659363420599874,0.8181611888081477,-0.1355519922079509,-0.1355519922079509,False
130,1,0,y,False,0.5238114283919231,0.38594238376435896,lambda_band,130,0.7200682723412513,-0.17285107330441463,-0.19625684394932819,-0.19625684394932819,True
130,1,0,y,False,0.5238114283919231,0.38594238376435896,d_cbrt_slot,130,0.6760345208202239,-0.17285107330441463,-0.1522230924283008,-0.1522230924283008,True
130,1,0,-y,False,0.5238114283919231,-0.18899952584145296,shared_d,130,0.6760345208202239,-0.17285107330441463,-0.1522230924283008,-0.1522230924283008,True
130,1,0,-y,False,0.5238114283919231,-0.18899952584145296,lambda_row,250,0.659363420599874,0.8181611888081477,-0.1355519922079509,-0.1355519922079509,False
130,1,0,-y,False,0.5238114283919231,-0.18899952584145296,lambda_band,130,0.7200682723412513,-0.17285107330441463,-0.19625684394932819,-0.19625684394932819,True
130,1,0,-y,False,0.5238114283919231,-0.18899952584145296,d_cbrt_slot,130,0.6760345208202239,-0.17285107330441463,-0.1522230924283008,-0.1522230924283008,True
130,2,0,y,False,0.7944229512759904,0.38594238376435896,shared_d,130,0.6760345208202239,-0.17285107330441463,0.11838843045576652,0.11838843045576652,True
130,2,0,y,False,0.7944229512759904,0.38594238376435896,lambda_row,254,0.5578127017409287,0.6909122501663632,0.2366102495350617,0.2366102495350617,False
130,2,0,y,False,0.7944229512759904,0.38594238376435896,lambda_band,130,0.7232972935031796,-0.17285107330441463,0.07112565777281077,0.07112565777281077,True
130,2,0,y,False,0.7944229512759904,0.38594238376435896,d_cbrt_slot,130,0.6760345208202239,-0.17285107330441463,0.11838843045576652,0.11838843045576652,True
130,2,0,-y,False,0.7944229512759904,-0.18899952584145296,shared_d,130,0.6760345208202239,-0.17285107330441463,0.11838843045576652,0.11838843045576652,True
130,2,0,-y,False,0.7944229512759904,-0.18899952584145296,lambda_row,254,0.5578127017409287,0.6909122501663632,0.2366102495350617,0.2366102495350617,False
130,2,0,-y,False,0.7944229512759904,-0.18899952584145296,lambda_band,130,0.7232972935031796,-0.17285107330441463,0.07112565777281077,0.07112565777281077,True
130,2,0,-y,False,0.7944229512759904,-0.18899952584145296,d_cbrt_slot,130,0.6760345208202239,-0.17285107330441463,0.11838843045576652,0.11838843045576652,True
