d,d_bits,gap_target,gap_observed,offset,offset_bits,o_probe,direction,source,ec_hit,in_gap_tier
25069966527365095030859991720784391621953,135,1,1,10889035741470030830827987437816582766592,134,10889035741470030830827987437816582766592,+,sample:g1:+:o=10889035741470030830827987437816582766592,False,True
25112668628312036328235787749952299789665,135,1,1,10931737842416972128203783466984490934304,134,10931737842416972128203783466984490934304,+,sample:g1:+:o=10931737842416972128203783466984490934304,False,True
25155370729258977625611583779120207957377,135,1,1,10974439943363913425579579496152399102016,134,10974439943363913425579579496152399102016,+,sample:g1:+:o=10974439943363913425579579496152399102016,False,True
25198072830205918922987379808288116125089,135,1,1,11017142044310854722955375525320307269728,134,11017142044310854722955375525320307269728,+,sample:g1:+:o=11017142044310854722955375525320307269728,False,True
25240774931152860220363175837456024292801,135,1,1,11059844145257796020331171554488215437440,134,11059844145257796020331171554488215437440,+,sample:g1:+:o=11059844145257796020331171554488215437440,False,True
25283477032099801517738971866623932460513,135,1,1,11102546246204737317706967583656123605152,134,11102546246204737317706967583656123605152,+,sample:g1:+:o=11102546246204737317706967583656123605152,False,True
25326179133046742815114767895791840628225,135,1,1,11145248347151678615082763612824031772864,134,11145248347151678615082763612824031772864,+,sample:g1:+:o=11145248347151678615082763612824031772864,False,True
25368881233993684112490563924959748795937,135,1,1,11187950448098619912458559641991939940576,134,11187950448098619912458559641991939940576,+,sample:g1:+:o=11187950448098619912458559641991939940576,False,True
25411583334940625409866359954127656963649,135,1,1,11230652549045561209834355671159848108288,134,11230652549045561209834355671159848108288,+,sample:g1:+:o=11230652549045561209834355671159848108288,False,True
25440275560226469748751564095414928204833,135,1,1,11259344774331405548719559812447119349472,134,11259344774331405548719559812447119349472,+,bridge:cube lift - shelf (d3),False,True
25454285435887566707242155983295565131361,135,1,1,11273354649992502507210151700327756276000,134,11273354649992502507210151700327756276000,+,sample:g1:+:o=11273354649992502507210151700327756276000,False,True
25496987536834508004617952012463473299073,135,1,1,11316056750939443804585947729495664443712,134,11316056750939443804585947729495664443712,+,sample:g1:+:o=11316056750939443804585947729495664443712,False,True
25539689637781449301993748041631381466785,135,1,1,11358758851886385101961743758663572611424,134,11358758851886385101961743758663572611424,+,sample:g1:+:o=11358758851886385101961743758663572611424,False,True
25582391738728390599369544070799289634497,135,1,1,11401460952833326399337539787831480779136,134,11401460952833326399337539787831480779136,+,sample:g1:+:o=11401460952833326399337539787831480779136,False,True
25625093839675331896745340099967197802209,135,1,1,11444163053780267696713335816999388946848,134,11444163053780267696713335816999388946848,+,sample:g1:+:o=11444163053780267696713335816999388946848,False,True
25667795940622273194121136129135105969921,135,1,1,11486865154727208994089131846167297114560,134,11486865154727208994089131846167297114560,+,sample:g1:+:o=11486865154727208994089131846167297114560,False,True
25710498041569214491496932158303014137633,135,1,1,11529567255674150291464927875335205282272,134,11529567255674150291464927875335205282272,+,sample:g1:+:o=11529567255674150291464927875335205282272,False,True
25749439046503792163804304664890519054739,135,1,1,11568508260608727963772300381922710199378,134,11568508260608727963772300381922710199378,+,bridge:(N-GAP) mod LO,False,True
25753200142516155788872728187470922305345,135,1,1,11572269356621091588840723904503113449984,134,11572269356621091588840723904503113449984,+,sample:g1:+:o=11572269356621091588840723904503113449984,False,True
25795902243463097086248524216638830473057,135,1,1,11614971457568032886216519933671021617696,134,11614971457568032886216519933671021617696,+,sample:g1:+:o=11614971457568032886216519933671021617696,False,True
25838604344410038383624320245806738640769,135,1,1,11657673558514974183592315962838929785408,134,11657673558514974183592315962838929785408,+,sample:g1:+:o=11657673558514974183592315962838929785408,False,True
25881306445356979681000116274974646808481,135,1,1,11700375659461915480968111992006837953120,134,11700375659461915480968111992006837953120,+,sample:g1:+:o=11700375659461915480968111992006837953120,False,True
25924008546303920978375912304142554976193,135,1,1,11743077760408856778343908021174746120832,134,11743077760408856778343908021174746120832,+,sample:g1:+:o=11743077760408856778343908021174746120832,False,True
25966710647250862275751708333310463143905,135,1,1,11785779861355798075719704050342654288544,134,11785779861355798075719704050342654288544,+,sample:g1:+:o=11785779861355798075719704050342654288544,False,True
26009412748197803573127504362478371311617,135,1,1,11828481962302739373095500079510562456256,134,11828481962302739373095500079510562456256,+,sample:g1:+:o=11828481962302739373095500079510562456256,False,True
26052114849144744870503300391646279479329,135,1,1,11871184063249680670471296108678470623968,134,11871184063249680670471296108678470623968,+,sample:g1:+:o=11871184063249680670471296108678470623968,False,True
26094816950091686167879096420814187647041,135,1,1,11913886164196621967847092137846378791680,134,11913886164196621967847092137846378791680,+,sample:g1:+:o=11913886164196621967847092137846378791680,False,True
26137519051038627465254892449982095814753,135,1,1,11956588265143563265222888167014286959392,134,11956588265143563265222888167014286959392,+,sample:g1:+:o=11956588265143563265222888167014286959392,False,True
26180221151985568762630688479150003982465,135,1,1,11999290366090504562598684196182195127104,134,11999290366090504562598684196182195127104,+,sample:g1:+:o=11999290366090504562598684196182195127104,False,True
26222923252932510060006484508317912150177,135,1,1,12041992467037445859974480225350103294816,134,12041992467037445859974480225350103294816,+,sample:g1:+:o=12041992467037445859974480225350103294816,False,True
26265625353879451357382280537485820317889,135,1,1,12084694567984387157350276254518011462528,134,12084694567984387157350276254518011462528,+,sample:g1:+:o=12084694567984387157350276254518011462528,False,True
26308327454826392654758076566653728485601,135,1,1,12127396668931328454726072283685919630240,134,12127396668931328454726072283685919630240,+,sample:g1:+:o=12127396668931328454726072283685919630240,False,True
26351029555773333952133872595821636653313,135,1,1,12170098769878269752101868312853827797952,134,12170098769878269752101868312853827797952,+,sample:g1:+:o=12170098769878269752101868312853827797952,False,True
26393731656720275249509668624989544821025,135,1,1,12212800870825211049477664342021735965664,134,12212800870825211049477664342021735965664,+,sample:g1:+:o=12212800870825211049477664342021735965664,False,True
26436433757667216546885464654157452988737,135,1,1,12255502971772152346853460371189644133376,134,12255502971772152346853460371189644133376,+,sample:g1:+:o=12255502971772152346853460371189644133376,False,True
26479135858614157844261260683325361156449,135,1,1,12298205072719093644229256400357552301088,134,12298205072719093644229256400357552301088,+,sample:g1:+:o=12298205072719093644229256400357552301088,False,True
26506841348061473662726791019891557210049,135,1,1,12325910562166409462694786736923748354688,134,12325910562166409462694786736923748354688,+,bridge:cube lift - shelf (d2),False,True
26521837959561099141637056712493269324161,135,1,1,12340907173666034941605052429525460468800,134,12340907173666034941605052429525460468800,+,sample:g1:+:o=12340907173666034941605052429525460468800,False,True
26564540060508040439012852741661177491873,135,1,1,12383609274612976238980848458693368636512,134,12383609274612976238980848458693368636512,+,sample:g1:+:o=12383609274612976238980848458693368636512,False,True
26607242161454981736388648770829085659585,135,1,1,12426311375559917536356644487861276804224,134,12426311375559917536356644487861276804224,+,sample:g1:+:o=12426311375559917536356644487861276804224,False,True
26649944262401923033764444799996993827297,135,1,1,12469013476506858833732440517029184971936,134,12469013476506858833732440517029184971936,+,sample:g1:+:o=12469013476506858833732440517029184971936,False,True
26692646363348864331140240829164901995009,135,1,1,12511715577453800131108236546197093139648,134,12511715577453800131108236546197093139648,+,sample:g1:+:o=12511715577453800131108236546197093139648,False,True
26735348464295805628516036858332810162721,135,1,1,12554417678400741428484032575365001307360,134,12554417678400741428484032575365001307360,+,sample:g1:+:o=12554417678400741428484032575365001307360,False,True
26778050565242746925891832887500718330433,135,1,1,12597119779347682725859828604532909475072,134,12597119779347682725859828604532909475072,+,sample:g1:+:o=12597119779347682725859828604532909475072,False,True
26820752666189688223267628916668626498145,135,1,1,12639821880294624023235624633700817642784,134,12639821880294624023235624633700817642784,+,sample:g1:+:o=12639821880294624023235624633700817642784,False,True
26863454767136629520643424945836534665857,135,1,1,12682523981241565320611420662868725810496,134,12682523981241565320611420662868725810496,+,sample:g1:+:o=12682523981241565320611420662868725810496,False,True
26906156868083570818019220975004442833569,135,1,1,12725226082188506617987216692036633978208,134,12725226082188506617987216692036633978208,+,sample:g1:+:o=12725226082188506617987216692036633978208,False,True
26948858969030512115395017004172351001281,135,1,1,12767928183135447915363012721204542145920,134,12767928183135447915363012721204542145920,+,sample:g1:+:o=12767928183135447915363012721204542145920,False,True
26991561069977453412770813033340259168993,135,1,1,12810630284082389212738808750372450313632,134,12810630284082389212738808750372450313632,+,sample:g1:+:o=12810630284082389212738808750372450313632,False,True
27034263170924394710146609062508167336705,135,1,1,12853332385029330510114604779540358481344,134,12853332385029330510114604779540358481344,+,sample:g1:+:o=12853332385029330510114604779540358481344,False,True
27076965271871336007522405091676075504417,135,1,1,12896034485976271807490400808708266649056,134,12896034485976271807490400808708266649056,+,sample:g1:+:o=12896034485976271807490400808708266649056,False,True
27119667372818277304898201120843983672129,135,1,1,12938736586923213104866196837876174816768,134,12938736586923213104866196837876174816768,+,sample:g1:+:o=12938736586923213104866196837876174816768,False,True
27162369473765218602273997150011891839841,135,1,1,12981438687870154402241992867044082984480,134,12981438687870154402241992867044082984480,+,sample:g1:+:o=12981438687870154402241992867044082984480,False,True
27205071574712159899649793179179800007553,135,1,1,13024140788817095699617788896211991152192,134,13024140788817095699617788896211991152192,+,sample:g1:+:o=13024140788817095699617788896211991152192,False,True
27247773675659101197025589208347708175265,135,1,1,13066842889764036996993584925379899319904,134,13066842889764036996993584925379899319904,+,sample:g1:+:o=13066842889764036996993584925379899319904,False,True
27290475776606042494401385237515616342977,135,1,1,13109544990710978294369380954547807487616,134,13109544990710978294369380954547807487616,+,sample:g1:+:o=13109544990710978294369380954547807487616,False,True
27333177877552983791777181266683524510689,135,1,1,13152247091657919591745176983715715655328,134,13152247091657919591745176983715715655328,+,sample:g1:+:o=13152247091657919591745176983715715655328,False,True
27375879978499925089152977295851432678401,135,1,1,13194949192604860889120973012883623823040,134,13194949192604860889120973012883623823040,+,sample:g1:+:o=13194949192604860889120973012883623823040,False,True
27418582079446866386528773325019340846113,135,1,1,13237651293551802186496769042051531990752,134,13237651293551802186496769042051531990752,+,sample:g1:+:o=13237651293551802186496769042051531990752,False,True
27461284180393807683904569354187249013825,135,1,1,13280353394498743483872565071219440158464,134,13280353394498743483872565071219440158464,+,sample:g1:+:o=13280353394498743483872565071219440158464,False,True
27480144799013509077690748705992024324577,135,1,1,13299214013118444877658744423024215469216,134,13299214013118444877658744423024215469216,+,bridge:matrix t1 col2-col1,False,True
27503986281340748981280365383355157181537,135,1,1,13323055495445684781248361100387348326176,134,13323055495445684781248361100387348326176,+,sample:g1:+:o=13323055495445684781248361100387348326176,False,True
27546688382287690278656161412523065349249,135,1,1,13365757596392626078624157129555256493888,134,13365757596392626078624157129555256493888,+,sample:g1:+:o=13365757596392626078624157129555256493888,False,True
27589390483234631576031957441690973516961,135,1,1,13408459697339567375999953158723164661600,134,13408459697339567375999953158723164661600,+,sample:g1:+:o=13408459697339567375999953158723164661600,False,True
27632092584181572873407753470858881684673,135,1,1,13451161798286508673375749187891072829312,134,13451161798286508673375749187891072829312,+,sample:g1:+:o=13451161798286508673375749187891072829312,False,True
27674794685128514170783549500026789852385,135,1,1,13493863899233449970751545217058980997024,134,13493863899233449970751545217058980997024,+,sample:g1:+:o=13493863899233449970751545217058980997024,False,True
27717496786075455468159345529194698020097,135,1,1,13536566000180391268127341246226889164736,134,13536566000180391268127341246226889164736,+,sample:g1:+:o=13536566000180391268127341246226889164736,False,True
27760198887022396765535141558362606187809,135,1,1,13579268101127332565503137275394797332448,134,13579268101127332565503137275394797332448,+,sample:g1:+:o=13579268101127332565503137275394797332448,False,True
27802900987969338062910937587530514355521,135,1,1,13621970202074273862878933304562705500160,134,13621970202074273862878933304562705500160,+,sample:g1:+:o=13621970202074273862878933304562705500160,False,True
27845603088916279360286733616698422523233,135,1,1,13664672303021215160254729333730613667872,134,13664672303021215160254729333730613667872,+,sample:g1:+:o=13664672303021215160254729333730613667872,False,True
27888305189863220657662529645866330690945,135,1,1,13707374403968156457630525362898521835584,134,13707374403968156457630525362898521835584,+,sample:g1:+:o=13707374403968156457630525362898521835584,False,True
27931007290810161955038325675034238858657,135,1,1,13750076504915097755006321392066430003296,134,13750076504915097755006321392066430003296,+,sample:g1:+:o=13750076504915097755006321392066430003296,False,True
27973709391757103252414121704202147026369,135,1,1,13792778605862039052382117421234338171008,134,13792778605862039052382117421234338171008,+,sample:g1:+:o=13792778605862039052382117421234338171008,False,True
28016411492704044549789917733370055194081,135,1,1,13835480706808980349757913450402246338720,134,13835480706808980349757913450402246338720,+,sample:g1:+:o=13835480706808980349757913450402246338720,False,True
28059113593650985847165713762537963361793,135,1,1,13878182807755921647133709479570154506432,134,13878182807755921647133709479570154506432,+,sample:g1:+:o=13878182807755921647133709479570154506432,False,True
28101815694597927144541509791705871529505,135,1,1,13920884908702862944509505508738062674144,134,13920884908702862944509505508738062674144,+,sample:g1:+:o=13920884908702862944509505508738062674144,False,True
28144517795544868441917305820873779697217,135,1,1,13963587009649804241885301537905970841856,134,13963587009649804241885301537905970841856,+,sample:g1:+:o=13963587009649804241885301537905970841856,False,True
28187219896491809739293101850041687864929,135,1,1,14006289110596745539261097567073879009568,134,14006289110596745539261097567073879009568,+,sample:g1:+:o=14006289110596745539261097567073879009568,False,True
28229921997438751036668897879209596032641,135,1,1,14048991211543686836636893596241787177280,134,14048991211543686836636893596241787177280,+,sample:g1:+:o=14048991211543686836636893596241787177280,False,True
28272624098385692334044693908377504200353,135,1,1,14091693312490628134012689625409695344992,134,14091693312490628134012689625409695344992,+,sample:g1:+:o=14091693312490628134012689625409695344992,False,True
28315326199332633631420489937545412368065,135,1,1,14134395413437569431388485654577603512704,134,14134395413437569431388485654577603512704,+,sample:g1:+:o=14134395413437569431388485654577603512704,False,True
28358028300279574928796285966713320535777,135,1,1,14177097514384510728764281683745511680416,134,14177097514384510728764281683745511680416,+,sample:g1:+:o=14177097514384510728764281683745511680416,False,True
28361861571790128400064008565935617710722,135,1,1,14180930785895064200032004282967808855361,134,14180930785895064200032004282967808855361,+,bridge:L2-L1 mod LO,False,True
28400730401226516226172081995881228703489,135,1,1,14219799615331452026140077712913419848128,134,14219799615331452026140077712913419848128,+,sample:g1:+:o=14219799615331452026140077712913419848128,False,True
28443432502173457523547878025049136871201,135,1,1,14262501716278393323515873742081328015840,134,14262501716278393323515873742081328015840,+,sample:g1:+:o=14262501716278393323515873742081328015840,False,True
28486134603120398820923674054217045038913,135,1,1,14305203817225334620891669771249236183552,134,14305203817225334620891669771249236183552,+,sample:g1:+:o=14305203817225334620891669771249236183552,False,True
28528836704067340118299470083384953206625,135,1,1,14347905918172275918267465800417144351264,134,14347905918172275918267465800417144351264,+,sample:g1:+:o=14347905918172275918267465800417144351264,False,True
28571538805014281415675266112552861374337,135,1,1,14390608019119217215643261829585052518976,134,14390608019119217215643261829585052518976,+,sample:g1:+:o=14390608019119217215643261829585052518976,False,True
28614240905961222713051062141720769542049,135,1,1,14433310120066158513019057858752960686688,134,14433310120066158513019057858752960686688,+,sample:g1:+:o=14433310120066158513019057858752960686688,False,True
28656943006908164010426858170888677709761,135,1,1,14476012221013099810394853887920868854400,134,14476012221013099810394853887920868854400,+,sample:g1:+:o=14476012221013099810394853887920868854400,False,True
28699645107855105307802654200056585877473,135,1,1,14518714321960041107770649917088777022112,134,14518714321960041107770649917088777022112,+,sample:g1:+:o=14518714321960041107770649917088777022112,False,True
28742347208802046605178450229224494045185,135,1,1,14561416422906982405146445946256685189824,134,14561416422906982405146445946256685189824,+,sample:g1:+:o=14561416422906982405146445946256685189824,False,True
28785049309748987902554246258392402212897,135,1,1,14604118523853923702522241975424593357536,134,14604118523853923702522241975424593357536,+,sample:g1:+:o=14604118523853923702522241975424593357536,False,True
28827751410695929199930042287560310380609,135,1,1,14646820624800864999898038004592501525248,134,14646820624800864999898038004592501525248,+,sample:g1:+:o=14646820624800864999898038004592501525248,False,True
28870453511642870497305838316728218548321,135,1,1,14689522725747806297273834033760409692960,134,14689522725747806297273834033760409692960,+,sample:g1:+:o=14689522725747806297273834033760409692960,False,True
28913155612589811794681634345896126716033,135,1,1,14732224826694747594649630062928317860672,134,14732224826694747594649630062928317860672,+,sample:g1:+:o=14732224826694747594649630062928317860672,False,True
28955857713536753092057430375064034883745,135,1,1,14774926927641688892025426092096226028384,134,14774926927641688892025426092096226028384,+,sample:g1:+:o=14774926927641688892025426092096226028384,False,True
28998559814483694389433226404231943051457,135,1,1,14817629028588630189401222121264134196096,134,14817629028588630189401222121264134196096,+,sample:g1:+:o=14817629028588630189401222121264134196096,False,True
29041261915430635686809022433399851219169,135,1,1,14860331129535571486777018150432042363808,134,14860331129535571486777018150432042363808,+,sample:g1:+:o=14860331129535571486777018150432042363808,False,True
29083964016377576984184818462567759386881,135,1,1,14903033230482512784152814179599950531520,134,14903033230482512784152814179599950531520,+,sample:g1:+:o=14903033230482512784152814179599950531520,False,True
29126666117324518281560614491735667554593,135,1,1,14945735331429454081528610208767858699232,134,14945735331429454081528610208767858699232,+,sample:g1:+:o=14945735331429454081528610208767858699232,False,True
29169368218271459578936410520903575722305,135,1,1,14988437432376395378904406237935766866944,134,14988437432376395378904406237935766866944,+,sample:g1:+:o=14988437432376395378904406237935766866944,False,True
29212070319218400876312206550071483890017,135,1,1,15031139533323336676280202267103675034656,134,15031139533323336676280202267103675034656,+,sample:g1:+:o=15031139533323336676280202267103675034656,False,True
29254772420165342173688002579239392057729,135,1,1,15073841634270277973655998296271583202368,134,15073841634270277973655998296271583202368,+,sample:g1:+:o=15073841634270277973655998296271583202368,False,True
29297474521112283471063798608407300225441,135,1,1,15116543735217219271031794325439491370080,134,15116543735217219271031794325439491370080,+,sample:g1:+:o=15116543735217219271031794325439491370080,False,True
29340176622059224768439594637575208393153,135,1,1,15159245836164160568407590354607399537792,134,15159245836164160568407590354607399537792,+,sample:g1:+:o=15159245836164160568407590354607399537792,False,True
29382878723006166065815390666743116560865,135,1,1,15201947937111101865783386383775307705504,134,15201947937111101865783386383775307705504,+,sample:g1:+:o=15201947937111101865783386383775307705504,False,True
29425580823953107363191186695911024728577,135,1,1,15244650038058043163159182412943215873216,134,15244650038058043163159182412943215873216,+,sample:g1:+:o=15244650038058043163159182412943215873216,False,True
29468282924900048660566982725078932896289,135,1,1,15287352139004984460534978442111124040928,134,15287352139004984460534978442111124040928,+,sample:g1:+:o=15287352139004984460534978442111124040928,False,True
29510985025846989957942778754246841064001,135,1,1,15330054239951925757910774471279032208640,134,15330054239951925757910774471279032208640,+,sample:g1:+:o=15330054239951925757910774471279032208640,False,True
29553687126793931255318574783414749231713,135,1,1,15372756340898867055286570500446940376352,134,15372756340898867055286570500446940376352,+,sample:g1:+:o=15372756340898867055286570500446940376352,False,True
29596389227740872552694370812582657399425,135,1,1,15415458441845808352662366529614848544064,134,15415458441845808352662366529614848544064,+,sample:g1:+:o=15415458441845808352662366529614848544064,False,True
29639091328687813850070166841750565567137,135,1,1,15458160542792749650038162558782756711776,134,15458160542792749650038162558782756711776,+,sample:g1:+:o=15458160542792749650038162558782756711776,False,True
29681793429634755147445962870918473734849,135,1,1,15500862643739690947413958587950664879488,134,15500862643739690947413958587950664879488,+,sample:g1:+:o=15500862643739690947413958587950664879488,False,True
29724495530581696444821758900086381902561,135,1,1,15543564744686632244789754617118573047200,134,15543564744686632244789754617118573047200,+,sample:g1:+:o=15543564744686632244789754617118573047200,False,True
29767197631528637742197554929254290070273,135,1,1,15586266845633573542165550646286481214912,134,15586266845633573542165550646286481214912,+,sample:g1:+:o=15586266845633573542165550646286481214912,False,True
29809899732475579039573350958422198237985,135,1,1,15628968946580514839541346675454389382624,134,15628968946580514839541346675454389382624,+,sample:g1:+:o=15628968946580514839541346675454389382624,False,True
29852601833422520336949146987590106405697,135,1,1,15671671047527456136917142704622297550336,134,15671671047527456136917142704622297550336,+,sample:g1:+:o=15671671047527456136917142704622297550336,False,True
29895303934369461634324943016758014573409,135,1,1,15714373148474397434292938733790205718048,134,15714373148474397434292938733790205718048,+,sample:g1:+:o=15714373148474397434292938733790205718048,False,True
29938006035316402931700739045925922741121,135,1,1,15757075249421338731668734762958113885760,134,15757075249421338731668734762958113885760,+,sample:g1:+:o=15757075249421338731668734762958113885760,False,True
29980708136263344229076535075093830908833,135,1,1,15799777350368280029044530792126022053472,134,15799777350368280029044530792126022053472,+,sample:g1:+:o=15799777350368280029044530792126022053472,False,True
30023410237210285526452331104261739076545,135,1,1,15842479451315221326420326821293930221184,134,15842479451315221326420326821293930221184,+,sample:g1:+:o=15842479451315221326420326821293930221184,False,True
30066112338157226823828127133429647244257,135,1,1,15885181552262162623796122850461838388896,134,15885181552262162623796122850461838388896,+,sample:g1:+:o=15885181552262162623796122850461838388896,False,True
30108814439104168121203923162597555411969,135,1,1,15927883653209103921171918879629746556608,134,15927883653209103921171918879629746556608,+,sample:g1:+:o=15927883653209103921171918879629746556608,False,True
30151516540051109418579719191765463579681,135,1,1,15970585754156045218547714908797654724320,134,15970585754156045218547714908797654724320,+,sample:g1:+:o=15970585754156045218547714908797654724320,False,True
30194218640998050715955515220933371747393,135,1,1,16013287855102986515923510937965562892032,134,16013287855102986515923510937965562892032,+,sample:g1:+:o=16013287855102986515923510937965562892032,False,True
30236920741944992013331311250101279915105,135,1,1,16055989956049927813299306967133471059744,134,16055989956049927813299306967133471059744,+,sample:g1:+:o=16055989956049927813299306967133471059744,False,True
30279622842891933310707107279269188082817,135,1,1,16098692056996869110675102996301379227456,134,16098692056996869110675102996301379227456,+,sample:g1:+:o=16098692056996869110675102996301379227456,False,True
30322324943838874608082903308437096250529,135,1,1,16141394157943810408050899025469287395168,134,16141394157943810408050899025469287395168,+,sample:g1:+:o=16141394157943810408050899025469287395168,False,True
30365027044785815905458699337605004418241,135,1,1,16184096258890751705426695054637195562880,134,16184096258890751705426695054637195562880,+,sample:g1:+:o=16184096258890751705426695054637195562880,False,True
30407729145732757202834495366772912585953,135,1,1,16226798359837693002802491083805103730592,134,16226798359837693002802491083805103730592,+,sample:g1:+:o=16226798359837693002802491083805103730592,False,True
30450431246679698500210291395940820753665,135,1,1,16269500460784634300178287112973011898304,134,16269500460784634300178287112973011898304,+,sample:g1:+:o=16269500460784634300178287112973011898304,False,True
30493133347626639797586087425108728921377,135,1,1,16312202561731575597554083142140920066016,134,16312202561731575597554083142140920066016,+,sample:g1:+:o=16312202561731575597554083142140920066016,False,True
30514484398100110446273985439692683005248,135,1,1,16333553612205046246241981156724874149887,134,16333553612205046246241981156724874149887,+,sample:g1:+:o=16333553612205046246241981156724874149887,False,True
30535835448573581094961883454276637089089,135,1,1,16354904662678516894929879171308828233728,134,16354904662678516894929879171308828233728,+,sample:g1:+:o=16354904662678516894929879171308828233728,False,True
30578537549520522392337679483444545256801,135,1,1,16397606763625458192305675200476736401440,134,16397606763625458192305675200476736401440,+,sample:g1:+:o=16397606763625458192305675200476736401440,False,True
30589153469019228022882028317786154113192,135,1,1,16408222683124163822850024034818345257831,134,16408222683124163822850024034818345257831,+,bridge:dy residue (shelf_y^3 mod LO),False,True
30621239650467463689713475512612453424513,135,1,1,16440308864572399489681471229644644569152,134,16440308864572399489681471229644644569152,+,sample:g1:+:o=16440308864572399489681471229644644569152,False,True
30663941751414404987089271541780361592225,135,1,1,16483010965519340787057267258812552736864,134,16483010965519340787057267258812552736864,+,sample:g1:+:o=16483010965519340787057267258812552736864,False,True
30706643852361346284465067570948269759937,135,1,1,16525713066466282084433063287980460904576,134,16525713066466282084433063287980460904576,+,sample:g1:+:o=16525713066466282084433063287980460904576,False,True
30749345953308287581840863600116177927649,135,1,1,16568415167413223381808859317148369072288,134,16568415167413223381808859317148369072288,+,sample:g1:+:o=16568415167413223381808859317148369072288,False,True
30792048054255228879216659629284086095361,135,1,1,16611117268360164679184655346316277240000,134,16611117268360164679184655346316277240000,+,sample:g1:+:o=16611117268360164679184655346316277240000,False,True
30834750155202170176592455658451994263073,135,1,1,16653819369307105976560451375484185407712,134,16653819369307105976560451375484185407712,+,sample:g1:+:o=16653819369307105976560451375484185407712,False,True
30877452256149111473968251687619902430785,135,1,1,16696521470254047273936247404652093575424,134,16696521470254047273936247404652093575424,+,sample:g1:+:o=16696521470254047273936247404652093575424,False,True
30920154357096052771344047716787810598497,135,1,1,16739223571200988571312043433820001743136,134,16739223571200988571312043433820001743136,+,sample:g1:+:o=16739223571200988571312043433820001743136,False,True
30962856458042994068719843745955718766209,135,1,1,16781925672147929868687839462987909910848,134,16781925672147929868687839462987909910848,+,sample:g1:+:o=16781925672147929868687839462987909910848,False,True
31005558558989935366095639775123626933921,135,1,1,16824627773094871166063635492155818078560,134,16824627773094871166063635492155818078560,+,sample:g1:+:o=16824627773094871166063635492155818078560,False,True
31048260659936876663471435804291535101633,135,1,1,16867329874041812463439431521323726246272,134,16867329874041812463439431521323726246272,+,sample:g1:+:o=16867329874041812463439431521323726246272,False,True
31090962760883817960847231833459443269345,135,1,1,16910031974988753760815227550491634413984,134,16910031974988753760815227550491634413984,+,sample:g1:+:o=16910031974988753760815227550491634413984,False,True
31133664861830759258223027862627351437057,135,1,1,16952734075935695058191023579659542581696,134,16952734075935695058191023579659542581696,+,sample:g1:+:o=16952734075935695058191023579659542581696,False,True
31134337624412287880693950229388965314545,135,1,1,16953406838517223680661945946421156459184,134,16953406838517223680661945946421156459184,+,bridge:cube lift - shelf (dy),False,True
31176366962777700555598823891795259604769,135,1,1,16995436176882636355566819608827450749408,134,16995436176882636355566819608827450749408,+,sample:g1:+:o=16995436176882636355566819608827450749408,False,True
31219069063724641852974619920963167772481,135,1,1,17038138277829577652942615637995358917120,134,17038138277829577652942615637995358917120,+,sample:g1:+:o=17038138277829577652942615637995358917120,False,True
31261771164671583150350415950131075940193,135,1,1,17080840378776518950318411667163267084832,134,17080840378776518950318411667163267084832,+,sample:g1:+:o=17080840378776518950318411667163267084832,False,True
31304473265618524447726211979298984107905,135,1,1,17123542479723460247694207696331175252544,134,17123542479723460247694207696331175252544,+,sample:g1:+:o=17123542479723460247694207696331175252544,False,True
31347175366565465745102008008466892275617,135,1,1,17166244580670401545070003725499083420256,134,17166244580670401545070003725499083420256,+,sample:g1:+:o=17166244580670401545070003725499083420256,False,True
31389877467512407042477804037634800443329,135,1,1,17208946681617342842445799754666991587968,134,17208946681617342842445799754666991587968,+,sample:g1:+:o=17208946681617342842445799754666991587968,False,True
31432579568459348339853600066802708611041,135,1,1,17251648782564284139821595783834899755680,134,17251648782564284139821595783834899755680,+,sample:g1:+:o=17251648782564284139821595783834899755680,False,True
31475281669406289637229396095970616778753,135,1,1,17294350883511225437197391813002807923392,134,17294350883511225437197391813002807923392,+,sample:g1:+:o=17294350883511225437197391813002807923392,False,True
31517983770353230934605192125138524946465,135,1,1,17337052984458166734573187842170716091104,134,17337052984458166734573187842170716091104,+,sample:g1:+:o=17337052984458166734573187842170716091104,False,True
31555214318705735702687228502948652721391,135,1,1,17374283532810671502655224219980843866030,134,17374283532810671502655224219980843866030,+,bridge:L3-L2 mod LO,False,True
31560685871300172231980988154306433114177,135,1,1,17379755085405108031948983871338624258816,134,17379755085405108031948983871338624258816,+,sample:g1:+:o=17379755085405108031948983871338624258816,False,True
31603387972247113529356784183474341281889,135,1,1,17422457186352049329324779900506532426528,134,17422457186352049329324779900506532426528,+,sample:g1:+:o=17422457186352049329324779900506532426528,False,True
31646090073194054826732580212642249449601,135,1,1,17465159287298990626700575929674440594240,134,17465159287298990626700575929674440594240,+,sample:g1:+:o=17465159287298990626700575929674440594240,False,True
31688792174140996124108376241810157617313,135,1,1,17507861388245931924076371958842348761952,134,17507861388245931924076371958842348761952,+,sample:g1:+:o=17507861388245931924076371958842348761952,False,True
31731494275087937421484172270978065785025,135,1,1,17550563489192873221452167988010256929664,134,17550563489192873221452167988010256929664,+,sample:g1:+:o=17550563489192873221452167988010256929664,False,True
31774196376034878718859968300145973952737,135,1,1,17593265590139814518827964017178165097376,134,17593265590139814518827964017178165097376,+,sample:g1:+:o=17593265590139814518827964017178165097376,False,True
31816898476981820016235764329313882120449,135,1,1,17635967691086755816203760046346073265088,134,17635967691086755816203760046346073265088,+,sample:g1:+:o=17635967691086755816203760046346073265088,False,True
31859600577928761313611560358481790288161,135,1,1,17678669792033697113579556075513981432800,134,17678669792033697113579556075513981432800,+,sample:g1:+:o=17678669792033697113579556075513981432800,False,True
31902302678875702610987356387649698455873,135,1,1,17721371892980638410955352104681889600512,134,17721371892980638410955352104681889600512,+,sample:g1:+:o=17721371892980638410955352104681889600512,False,True
31945004779822643908363152416817606623585,135,1,1,17764073993927579708331148133849797768224,134,17764073993927579708331148133849797768224,+,sample:g1:+:o=17764073993927579708331148133849797768224,False,True
31987706880769585205738948445985514791297,135,1,1,17806776094874521005706944163017705935936,134,17806776094874521005706944163017705935936,+,sample:g1:+:o=17806776094874521005706944163017705935936,False,True
32030408981716526503114744475153422959009,135,1,1,17849478195821462303082740192185614103648,134,17849478195821462303082740192185614103648,+,sample:g1:+:o=17849478195821462303082740192185614103648,False,True
32073111082663467800490540504321331126721,135,1,1,17892180296768403600458536221353522271360,134,17892180296768403600458536221353522271360,+,sample:g1:+:o=17892180296768403600458536221353522271360,False,True
32115813183610409097866336533489239294433,135,1,1,17934882397715344897834332250521430439072,134,17934882397715344897834332250521430439072,+,sample:g1:+:o=17934882397715344897834332250521430439072,False,True
32158515284557350395242132562657147462145,135,1,1,17977584498662286195210128279689338606784,134,17977584498662286195210128279689338606784,+,sample:g1:+:o=17977584498662286195210128279689338606784,False,True
32201217385504291692617928591825055629857,135,1,1,18020286599609227492585924308857246774496,134,18020286599609227492585924308857246774496,+,sample:g1:+:o=18020286599609227492585924308857246774496,False,True
32243919486451232989993724620992963797569,135,1,1,18062988700556168789961720338025154942208,134,18062988700556168789961720338025154942208,+,sample:g1:+:o=18062988700556168789961720338025154942208,False,True
32286621587398174287369520650160871965281,135,1,1,18105690801503110087337516367193063109920,134,18105690801503110087337516367193063109920,+,sample:g1:+:o=18105690801503110087337516367193063109920,False,True
32329323688345115584745316679328780132993,135,1,1,18148392902450051384713312396360971277632,134,18148392902450051384713312396360971277632,+,sample:g1:+:o=18148392902450051384713312396360971277632,False,True
32372025789292056882121112708496688300705,135,1,1,18191095003396992682089108425528879445344,134,18191095003396992682089108425528879445344,+,sample:g1:+:o=18191095003396992682089108425528879445344,False,True
32414727890238998179496908737664596468417,135,1,1,18233797104343933979464904454696787613056,134,18233797104343933979464904454696787613056,+,sample:g1:+:o=18233797104343933979464904454696787613056,False,True
32457429991185939476872704766832504636129,135,1,1,18276499205290875276840700483864695780768,134,18276499205290875276840700483864695780768,+,sample:g1:+:o=18276499205290875276840700483864695780768,False,True
32500132092132880774248500796000412803841,135,1,1,18319201306237816574216496513032603948480,134,18319201306237816574216496513032603948480,+,sample:g1:+:o=18319201306237816574216496513032603948480,False,True
32542834193079822071624296825168320971553,135,1,1,18361903407184757871592292542200512116192,134,18361903407184757871592292542200512116192,+,sample:g1:+:o=18361903407184757871592292542200512116192,False,True
32585536294026763369000092854336229139265,135,1,1,18404605508131699168968088571368420283904,134,18404605508131699168968088571368420283904,+,sample:g1:+:o=18404605508131699168968088571368420283904,False,True
32628238394973704666375888883504137306977,135,1,1,18447307609078640466343884600536328451616,134,18447307609078640466343884600536328451616,+,sample:g1:+:o=18447307609078640466343884600536328451616,False,True
32670940495920645963751684912672045474689,135,1,1,18490009710025581763719680629704236619328,134,18490009710025581763719680629704236619328,+,sample:g1:+:o=18490009710025581763719680629704236619328,False,True
32713642596867587261127480941839953642401,135,1,1,18532711810972523061095476658872144787040,134,18532711810972523061095476658872144787040,+,sample:g1:+:o=18532711810972523061095476658872144787040,False,True
32756344697814528558503276971007861810113,135,1,1,18575413911919464358471272688040052954752,134,18575413911919464358471272688040052954752,+,sample:g1:+:o=18575413911919464358471272688040052954752,False,True
32799046798761469855879073000175769977825,135,1,1,18618116012866405655847068717207961122464,134,18618116012866405655847068717207961122464,+,sample:g1:+:o=18618116012866405655847068717207961122464,False,True
32841748899708411153254869029343678145537,135,1,1,18660818113813346953222864746375869290176,134,18660818113813346953222864746375869290176,+,sample:g1:+:o=18660818113813346953222864746375869290176,False,True
32884451000655352450630665058511586313249,135,1,1,18703520214760288250598660775543777457888,134,18703520214760288250598660775543777457888,+,sample:g1:+:o=18703520214760288250598660775543777457888,False,True
32927153101602293748006461087679494480961,135,1,1,18746222315707229547974456804711685625600,134,18746222315707229547974456804711685625600,+,sample:g1:+:o=18746222315707229547974456804711685625600,False,True
32969855202549235045382257116847402648673,135,1,1,18788924416654170845350252833879593793312,134,18788924416654170845350252833879593793312,+,sample:g1:+:o=18788924416654170845350252833879593793312,False,True
33012557303496176342758053146015310816385,135,1,1,18831626517601112142726048863047501961024,134,18831626517601112142726048863047501961024,+,sample:g1:+:o=18831626517601112142726048863047501961024,False,True
33055259404443117640133849175183218984097,135,1,1,18874328618548053440101844892215410128736,134,18874328618548053440101844892215410128736,+,sample:g1:+:o=18874328618548053440101844892215410128736,False,True
33097961505390058937509645204351127151809,135,1,1,18917030719494994737477640921383318296448,134,18917030719494994737477640921383318296448,+,sample:g1:+:o=18917030719494994737477640921383318296448,False,True
33140663606337000234885441233519035319521,135,1,1,18959732820441936034853436950551226464160,134,18959732820441936034853436950551226464160,+,sample:g1:+:o=18959732820441936034853436950551226464160,False,True
33183365707283941532261237262686943487233,135,1,1,19002434921388877332229232979719134631872,134,19002434921388877332229232979719134631872,+,sample:g1:+:o=19002434921388877332229232979719134631872,False,True
33226067808230882829637033291854851654945,135,1,1,19045137022335818629605029008887042799584,134,19045137022335818629605029008887042799584,+,sample:g1:+:o=19045137022335818629605029008887042799584,False,True
33268769909177824127012829321022759822657,135,1,1,19087839123282759926980825038054950967296,134,19087839123282759926980825038054950967296,+,sample:g1:+:o=19087839123282759926980825038054950967296,False,True
33311472010124765424388625350190667990369,135,1,1,19130541224229701224356621067222859135008,134,19130541224229701224356621067222859135008,+,sample:g1:+:o=19130541224229701224356621067222859135008,False,True
33354174111071706721764421379358576158081,135,1,1,19173243325176642521732417096390767302720,134,19173243325176642521732417096390767302720,+,sample:g1:+:o=19173243325176642521732417096390767302720,False,True
33396876212018648019140217408526484325793,135,1,1,19215945426123583819108213125558675470432,134,19215945426123583819108213125558675470432,+,sample:g1:+:o=19215945426123583819108213125558675470432,False,True
33439578312965589316516013437694392493505,135,1,1,19258647527070525116484009154726583638144,134,19258647527070525116484009154726583638144,+,sample:g1:+:o=19258647527070525116484009154726583638144,False,True
33482280413912530613891809466862300661217,135,1,1,19301349628017466413859805183894491805856,134,19301349628017466413859805183894491805856,+,sample:g1:+:o=19301349628017466413859805183894491805856,False,True
33524982514859471911267605496030208828929,135,1,1,19344051728964407711235601213062399973568,134,19344051728964407711235601213062399973568,+,sample:g1:+:o=19344051728964407711235601213062399973568,False,True
33567684615806413208643401525198116996641,135,1,1,19386753829911349008611397242230308141280,134,19386753829911349008611397242230308141280,+,sample:g1:+:o=19386753829911349008611397242230308141280,False,True
33610386716753354506019197554366025164353,135,1,1,19429455930858290305987193271398216308992,134,19429455930858290305987193271398216308992,+,sample:g1:+:o=19429455930858290305987193271398216308992,False,True
33653088817700295803394993583533933332065,135,1,1,19472158031805231603362989300566124476704,134,19472158031805231603362989300566124476704,+,sample:g1:+:o=19472158031805231603362989300566124476704,False,True
33695790918647237100770789612701841499777,135,1,1,19514860132752172900738785329734032644416,134,19514860132752172900738785329734032644416,+,sample:g1:+:o=19514860132752172900738785329734032644416,False,True
33738493019594178398146585641869749667489,135,1,1,19557562233699114198114581358901940812128,134,19557562233699114198114581358901940812128,+,sample:g1:+:o=19557562233699114198114581358901940812128,False,True
33781195120541119695522381671037657835201,135,1,1,19600264334646055495490377388069848979840,134,19600264334646055495490377388069848979840,+,sample:g1:+:o=19600264334646055495490377388069848979840,False,True
33823897221488060992898177700205566002913,135,1,1,19642966435592996792866173417237757147552,134,19642966435592996792866173417237757147552,+,sample:g1:+:o=19642966435592996792866173417237757147552,False,True
33866599322435002290273973729373474170625,135,1,1,19685668536539938090241969446405665315264,134,19685668536539938090241969446405665315264,+,sample:g1:+:o=19685668536539938090241969446405665315264,False,True
33909301423381943587649769758541382338337,135,1,1,19728370637486879387617765475573573482976,134,19728370637486879387617765475573573482976,+,sample:g1:+:o=19728370637486879387617765475573573482976,False,True
33952003524328884885025565787709290506049,135,1,1,19771072738433820684993561504741481650688,134,19771072738433820684993561504741481650688,+,sample:g1:+:o=19771072738433820684993561504741481650688,False,True
33994705625275826182401361816877198673761,135,1,1,19813774839380761982369357533909389818400,134,19813774839380761982369357533909389818400,+,sample:g1:+:o=19813774839380761982369357533909389818400,False,True
34037407726222767479777157846045106841473,135,1,1,19856476940327703279745153563077297986112,134,19856476940327703279745153563077297986112,+,sample:g1:+:o=19856476940327703279745153563077297986112,False,True
34080109827169708777152953875213015009185,135,1,1,19899179041274644577120949592245206153824,134,19899179041274644577120949592245206153824,+,sample:g1:+:o=19899179041274644577120949592245206153824,False,True
34122811928116650074528749904380923176897,135,1,1,19941881142221585874496745621413114321536,134,19941881142221585874496745621413114321536,+,sample:g1:+:o=19941881142221585874496745621413114321536,False,True
34165514029063591371904545933548831344609,135,1,1,19984583243168527171872541650581022489248,134,19984583243168527171872541650581022489248,+,sample:g1:+:o=19984583243168527171872541650581022489248,False,True
34208216130010532669280341962716739512321,135,1,1,20027285344115468469248337679748930656960,134,20027285344115468469248337679748930656960,+,sample:g1:+:o=20027285344115468469248337679748930656960,False,True
34250918230957473966656137991884647680033,135,1,1,20069987445062409766624133708916838824672,134,20069987445062409766624133708916838824672,+,sample:g1:+:o=20069987445062409766624133708916838824672,False,True
34293620331904415264031934021052555847745,135,1,1,20112689546009351063999929738084746992384,134,20112689546009351063999929738084746992384,+,sample:g1:+:o=20112689546009351063999929738084746992384,False,True
34336322432851356561407730050220464015457,135,1,1,20155391646956292361375725767252655160096,134,20155391646956292361375725767252655160096,+,sample:g1:+:o=20155391646956292361375725767252655160096,False,True
34379024533798297858783526079388372183169,135,1,1,20198093747903233658751521796420563327808,134,20198093747903233658751521796420563327808,+,sample:g1:+:o=20198093747903233658751521796420563327808,False,True
34421726634745239156159322108556280350881,135,1,1,20240795848850174956127317825588471495520,134,20240795848850174956127317825588471495520,+,sample:g1:+:o=20240795848850174956127317825588471495520,False,True
34464428735692180453535118137724188518593,135,1,1,20283497949797116253503113854756379663232,134,20283497949797116253503113854756379663232,+,sample:g1:+:o=20283497949797116253503113854756379663232,False,True
34507130836639121750910914166892096686305,135,1,1,20326200050744057550878909883924287830944,134,20326200050744057550878909883924287830944,+,sample:g1:+:o=20326200050744057550878909883924287830944,False,True
34549832937586063048286710196060004854017,135,1,1,20368902151690998848254705913092195998656,134,20368902151690998848254705913092195998656,+,sample:g1:+:o=20368902151690998848254705913092195998656,False,True
34592535038533004345662506225227913021729,135,1,1,20411604252637940145630501942260104166368,134,20411604252637940145630501942260104166368,+,sample:g1:+:o=20411604252637940145630501942260104166368,False,True
34635237139479945643038302254395821189441,135,1,1,20454306353584881443006297971428012334080,134,20454306353584881443006297971428012334080,+,sample:g1:+:o=20454306353584881443006297971428012334080,False,True
34677939240426886940414098283563729357153,135,1,1,20497008454531822740382094000595920501792,134,20497008454531822740382094000595920501792,+,sample:g1:+:o=20497008454531822740382094000595920501792,False,True
34720641341373828237789894312731637524865,135,1,1,20539710555478764037757890029763828669504,134,20539710555478764037757890029763828669504,+,sample:g1:+:o=20539710555478764037757890029763828669504,False,True
34763343442320769535165690341899545692577,135,1,1,20582412656425705335133686058931736837216,134,20582412656425705335133686058931736837216,+,sample:g1:+:o=20582412656425705335133686058931736837216,False,True
34806045543267710832541486371067453860289,135,1,1,20625114757372646632509482088099645004928,134,20625114757372646632509482088099645004928,+,sample:g1:+:o=20625114757372646632509482088099645004928,False,True
34848747644214652129917282400235362028001,135,1,1,20667816858319587929885278117267553172640,134,20667816858319587929885278117267553172640,+,sample:g1:+:o=20667816858319587929885278117267553172640,False,True
34891449745161593427293078429403270195713,135,1,1,20710518959266529227261074146435461340352,134,20710518959266529227261074146435461340352,+,sample:g1:+:o=20710518959266529227261074146435461340352,False,True
34934151846108534724668874458571178363425,135,1,1,20753221060213470524636870175603369508064,134,20753221060213470524636870175603369508064,+,sample:g1:+:o=20753221060213470524636870175603369508064,False,True
34976853947055476022044670487739086531137,135,1,1,20795923161160411822012666204771277675776,134,20795923161160411822012666204771277675776,+,sample:g1:+:o=20795923161160411822012666204771277675776,False,True
35019556048002417319420466516906994698849,135,1,1,20838625262107353119388462233939185843488,134,20838625262107353119388462233939185843488,+,sample:g1:+:o=20838625262107353119388462233939185843488,False,True
35062258148949358616796262546074902866561,135,1,1,20881327363054294416764258263107094011200,134,20881327363054294416764258263107094011200,+,sample:g1:+:o=20881327363054294416764258263107094011200,False,True
35104960249896299914172058575242811034273,135,1,1,20924029464001235714140054292275002178912,134,20924029464001235714140054292275002178912,+,sample:g1:+:o=20924029464001235714140054292275002178912,False,True
35147662350843241211547854604410719201985,135,1,1,20966731564948177011515850321442910346624,134,20966731564948177011515850321442910346624,+,sample:g1:+:o=20966731564948177011515850321442910346624,False,True
35190364451790182508923650633578627369697,135,1,1,21009433665895118308891646350610818514336,134,21009433665895118308891646350610818514336,+,sample:g1:+:o=21009433665895118308891646350610818514336,False,True
35217418395992143789782817722730415393040,135,1,1,21036487610097079589750813439762606537679,134,21036487610097079589750813439762606537679,+,bridge:d3 residue (shelf3^3 mod LO),False,True
35233066552737123806299446662746535537409,135,1,1,21052135766842059606267442379778726682048,134,21052135766842059606267442379778726682048,+,sample:g1:+:o=21052135766842059606267442379778726682048,False,True
35275768653684065103675242691914443705121,135,1,1,21094837867789000903643238408946634849760,134,21094837867789000903643238408946634849760,+,sample:g1:+:o=21094837867789000903643238408946634849760,False,True
35318470754631006401051038721082351872833,135,1,1,21137539968735942201019034438114543017472,134,21137539968735942201019034438114543017472,+,sample:g1:+:o=21137539968735942201019034438114543017472,False,True
35361172855577947698426834750250260040545,135,1,1,21180242069682883498394830467282451185184,134,21180242069682883498394830467282451185184,+,sample:g1:+:o=21180242069682883498394830467282451185184,False,True
35403874956524888995802630779418168208257,135,1,1,21222944170629824795770626496450359352896,134,21222944170629824795770626496450359352896,+,sample:g1:+:o=21222944170629824795770626496450359352896,False,True
35413818113442066003876057246998163187192,135,1,1,21232887327547001803844052964030354331831,134,21232887327547001803844052964030354331831,+,bridge:dy_mod mod LO,False,True
35446577057471830293178426808586076375969,135,1,1,21265646271576766093146422525618267520608,134,21265646271576766093146422525618267520608,+,sample:g1:+:o=21265646271576766093146422525618267520608,False,True
35489279158418771590554222837753984543681,135,1,1,21308348372523707390522218554786175688320,134,21308348372523707390522218554786175688320,+,sample:g1:+:o=21308348372523707390522218554786175688320,False,True
35531981259365712887930018866921892711393,135,1,1,21351050473470648687898014583954083856032,134,21351050473470648687898014583954083856032,+,sample:g1:+:o=21351050473470648687898014583954083856032,False,True
35574683360312654185305814896089800879105,135,1,1,21393752574417589985273810613121992023744,134,21393752574417589985273810613121992023744,+,sample:g1:+:o=21393752574417589985273810613121992023744,False,True
35617385461259595482681610925257709046817,135,1,1,21436454675364531282649606642289900191456,134,21436454675364531282649606642289900191456,+,sample:g1:+:o=21436454675364531282649606642289900191456,False,True
35660087562206536780057406954425617214529,135,1,1,21479156776311472580025402671457808359168,134,21479156776311472580025402671457808359168,+,sample:g1:+:o=21479156776311472580025402671457808359168,False,True
35702789663153478077433202983593525382241,135,1,1,21521858877258413877401198700625716526880,134,21521858877258413877401198700625716526880,+,sample:g1:+:o=21521858877258413877401198700625716526880,False,True
35745491764100419374808999012761433549953,135,1,1,21564560978205355174776994729793624694592,134,21564560978205355174776994729793624694592,+,sample:g1:+:o=21564560978205355174776994729793624694592,False,True
35788193865047360672184795041929341717665,135,1,1,21607263079152296472152790758961532862304,134,21607263079152296472152790758961532862304,+,sample:g1:+:o=21607263079152296472152790758961532862304,False,True
35830895965994301969560591071097249885377,135,1,1,21649965180099237769528586788129441030016,134,21649965180099237769528586788129441030016,+,sample:g1:+:o=21649965180099237769528586788129441030016,False,True
35873598066941243266936387100265158053089,135,1,1,21692667281046179066904382817297349197728,134,21692667281046179066904382817297349197728,+,sample:g1:+:o=21692667281046179066904382817297349197728,False,True
35916300167888184564312183129433066220801,135,1,1,21735369381993120364280178846465257365440,134,21735369381993120364280178846465257365440,+,sample:g1:+:o=21735369381993120364280178846465257365440,False,True
35959002268835125861687979158600974388513,135,1,1,21778071482940061661655974875633165533152,134,21778071482940061661655974875633165533152,+,sample:g1:+:o=21778071482940061661655974875633165533152,False,True
35959002268835125861687979158600974388544,135,1,1,21778071482940061661655974875633165533183,134,21778071482940061661655974875633165533183,+,bridge:C_minus1 - C_floor;sample:g1:+:o=21778071482940061661655974875633165533183,False,True
21778071482940061661655974875633165533184,135,1,2,7597140697044997461623970592665356677823,133,14180930785895064200032004282967808855361,-,bridge:L2-L1 mod LO,False,False
21781904754450615132923697474855462708129,135,1,2,7600973968555550932891693191887653852768,133,14177097514384510728764281683745511680416,-,sample:g1:-:o=14177097514384510728764281683745511680416,False,False
21824606855397556430299493504023370875841,135,1,2,7643676069502492230267489221055562020480,133,14134395413437569431388485654577603512704,-,sample:g1:-:o=14134395413437569431388485654577603512704,False,False
21867308956344497727675289533191279043553,135,1,2,7686378170449433527643285250223470188192,133,14091693312490628134012689625409695344992,-,sample:g1:-:o=14091693312490628134012689625409695344992,False,False
21910011057291439025051085562359187211265,135,1,2,7729080271396374825019081279391378355904,133,14048991211543686836636893596241787177280,-,sample:g1:-:o=14048991211543686836636893596241787177280,False,False
21952713158238380322426881591527095378977,135,1,2,7771782372343316122394877308559286523616,133,14006289110596745539261097567073879009568,-,sample:g1:-:o=14006289110596745539261097567073879009568,False,False
21995415259185321619802677620695003546689,135,1,2,7814484473290257419770673337727194691328,133,13963587009649804241885301537905970841856,-,sample:g1:-:o=13963587009649804241885301537905970841856,False,False
22038117360132262917178473649862911714401,135,1,2,7857186574237198717146469366895102859040,133,13920884908702862944509505508738062674144,-,sample:g1:-:o=13920884908702862944509505508738062674144,False,False
22080819461079204214554269679030819882113,135,1,2,7899888675184140014522265396063011026752,133,13878182807755921647133709479570154506432,-,sample:g1:-:o=13878182807755921647133709479570154506432,False,False
22123521562026145511930065708198728049825,135,1,2,7942590776131081311898061425230919194464,133,13835480706808980349757913450402246338720,-,sample:g1:-:o=13835480706808980349757913450402246338720,False,False
22166223662973086809305861737366636217537,135,1,2,7985292877078022609273857454398827362176,133,13792778605862039052382117421234338171008,-,sample:g1:-:o=13792778605862039052382117421234338171008,False,False
22208925763920028106681657766534544385249,135,1,2,8027994978024963906649653483566735529888,133,13750076504915097755006321392066430003296,-,sample:g1:-:o=13750076504915097755006321392066430003296,False,False
22251627864866969404057453795702452552961,135,1,2,8070697078971905204025449512734643697600,133,13707374403968156457630525362898521835584,-,sample:g1:-:o=13707374403968156457630525362898521835584,False,False
22294329965813910701433249824870360720673,135,1,2,8113399179918846501401245541902551865312,133,13664672303021215160254729333730613667872,-,sample:g1:-:o=13664672303021215160254729333730613667872,False,False
22337032066760851998809045854038268888385,135,1,2,8156101280865787798777041571070460033024,133,13621970202074273862878933304562705500160,-,sample:g1:-:o=13621970202074273862878933304562705500160,False,False
22379734167707793296184841883206177056097,135,1,2,8198803381812729096152837600238368200736,133,13579268101127332565503137275394797332448,-,sample:g1:-:o=13579268101127332565503137275394797332448,False,False
22422436268654734593560637912374085223809,135,1,2,8241505482759670393528633629406276368448,133,13536566000180391268127341246226889164736,-,sample:g1:-:o=13536566000180391268127341246226889164736,False,False
22465138369601675890936433941541993391521,135,1,2,8284207583706611690904429658574184536160,133,13493863899233449970751545217058980997024,-,sample:g1:-:o=13493863899233449970751545217058980997024,False,False
22507840470548617188312229970709901559233,135,1,2,8326909684653552988280225687742092703872,133,13451161798286508673375749187891072829312,-,sample:g1:-:o=13451161798286508673375749187891072829312,False,False
22550542571495558485688025999877809726945,135,1,2,8369611785600494285656021716910000871584,133,13408459697339567375999953158723164661600,-,sample:g1:-:o=13408459697339567375999953158723164661600,False,False
22593244672442499783063822029045717894657,135,1,2,8412313886547435583031817746077909039296,133,13365757596392626078624157129555256493888,-,sample:g1:-:o=13365757596392626078624157129555256493888,False,False
22635946773389441080439618058213626062369,135,1,2,8455015987494376880407613775245817207008,133,13323055495445684781248361100387348326176,-,sample:g1:-:o=13323055495445684781248361100387348326176,False,False
22659788255716680984029234735576758919329,135,1,2,8478857469821616783997230452608950063968,133,13299214013118444877658744423024215469216,-,bridge:matrix t1 col2-col1,False,False
22678648874336382377815414087381534230081,135,1,2,8497718088441318177783409804413725374720,133,13280353394498743483872565071219440158464,-,sample:g1:-:o=13280353394498743483872565071219440158464,False,False
22721350975283323675191210116549442397793,135,1,2,8540420189388259475159205833581633542432,133,13237651293551802186496769042051531990752,-,sample:g1:-:o=13237651293551802186496769042051531990752,False,False
22764053076230264972567006145717350565505,135,1,2,8583122290335200772535001862749541710144,133,13194949192604860889120973012883623823040,-,sample:g1:-:o=13194949192604860889120973012883623823040,False,False
22806755177177206269942802174885258733217,135,1,2,8625824391282142069910797891917449877856,133,13152247091657919591745176983715715655328,-,sample:g1:-:o=13152247091657919591745176983715715655328,False,False
22849457278124147567318598204053166900929,135,1,2,8668526492229083367286593921085358045568,133,13109544990710978294369380954547807487616,-,sample:g1:-:o=13109544990710978294369380954547807487616,False,False
22892159379071088864694394233221075068641,135,1,2,8711228593176024664662389950253266213280,133,13066842889764036996993584925379899319904,-,sample:g1:-:o=13066842889764036996993584925379899319904,False,False
22934861480018030162070190262388983236353,135,1,2,8753930694122965962038185979421174380992,133,13024140788817095699617788896211991152192,-,sample:g1:-:o=13024140788817095699617788896211991152192,False,False
22977563580964971459445986291556891404065,135,1,2,8796632795069907259413982008589082548704,133,12981438687870154402241992867044082984480,-,sample:g1:-:o=12981438687870154402241992867044082984480,False,False
23020265681911912756821782320724799571777,135,1,2,8839334896016848556789778037756990716416,133,12938736586923213104866196837876174816768,-,sample:g1:-:o=12938736586923213104866196837876174816768,False,False
23062967782858854054197578349892707739489,135,1,2,8882036996963789854165574066924898884128,133,12896034485976271807490400808708266649056,-,sample:g1:-:o=12896034485976271807490400808708266649056,False,False
23105669883805795351573374379060615907201,135,1,2,8924739097910731151541370096092807051840,133,12853332385029330510114604779540358481344,-,sample:g1:-:o=12853332385029330510114604779540358481344,False,False
23148371984752736648949170408228524074913,135,1,2,8967441198857672448917166125260715219552,133,12810630284082389212738808750372450313632,-,sample:g1:-:o=12810630284082389212738808750372450313632,False,False
23191074085699677946324966437396432242625,135,1,2,9010143299804613746292962154428623387264,133,12767928183135447915363012721204542145920,-,sample:g1:-:o=12767928183135447915363012721204542145920,False,False
23233776186646619243700762466564340410337,135,1,2,9052845400751555043668758183596531554976,133,12725226082188506617987216692036633978208,-,sample:g1:-:o=12725226082188506617987216692036633978208,False,False
23276478287593560541076558495732248578049,135,1,2,9095547501698496341044554212764439722688,133,12682523981241565320611420662868725810496,-,sample:g1:-:o=12682523981241565320611420662868725810496,False,False
23319180388540501838452354524900156745761,135,1,2,9138249602645437638420350241932347890400,133,12639821880294624023235624633700817642784,-,sample:g1:-:o=12639821880294624023235624633700817642784,False,False
23361882489487443135828150554068064913473,135,1,2,9180951703592378935796146271100256058112,133,12597119779347682725859828604532909475072,-,sample:g1:-:o=12597119779347682725859828604532909475072,False,False
23404584590434384433203946583235973081185,135,1,2,9223653804539320233171942300268164225824,133,12554417678400741428484032575365001307360,-,sample:g1:-:o=12554417678400741428484032575365001307360,False,False
23447286691381325730579742612403881248897,135,1,2,9266355905486261530547738329436072393536,133,12511715577453800131108236546197093139648,-,sample:g1:-:o=12511715577453800131108236546197093139648,False,False
23489988792328267027955538641571789416609,135,1,2,9309058006433202827923534358603980561248,133,12469013476506858833732440517029184971936,-,sample:g1:-:o=12469013476506858833732440517029184971936,False,False
23532690893275208325331334670739697584321,135,1,2,9351760107380144125299330387771888728960,133,12426311375559917536356644487861276804224,-,sample:g1:-:o=12426311375559917536356644487861276804224,False,False
23575392994222149622707130699907605752033,135,1,2,9394462208327085422675126416939796896672,133,12383609274612976238980848458693368636512,-,sample:g1:-:o=12383609274612976238980848458693368636512,False,False
23618095095169090920082926729075513919745,135,1,2,9437164309274026720050922446107705064384,133,12340907173666034941605052429525460468800,-,sample:g1:-:o=12340907173666034941605052429525460468800,False,False
23633091706668716398993192421677226033857,135,1,2,9452160920773652198961188138709417178496,133,12325910562166409462694786736923748354688,-,bridge:cube lift - shelf (d2),False,False
23660797196116032217458722758243422087457,135,1,2,9479866410220968017426718475275613232096,133,12298205072719093644229256400357552301088,-,sample:g1:-:o=12298205072719093644229256400357552301088,False,False
23703499297062973514834518787411330255169,135,1,2,9522568511167909314802514504443521399808,133,12255502971772152346853460371189644133376,-,sample:g1:-:o=12255502971772152346853460371189644133376,False,False
23746201398009914812210314816579238422881,135,1,2,9565270612114850612178310533611429567520,133,12212800870825211049477664342021735965664,-,sample:g1:-:o=12212800870825211049477664342021735965664,False,False
23788903498956856109586110845747146590593,135,1,2,9607972713061791909554106562779337735232,133,12170098769878269752101868312853827797952,-,sample:g1:-:o=12170098769878269752101868312853827797952,False,False
23831605599903797406961906874915054758305,135,1,2,9650674814008733206929902591947245902944,133,12127396668931328454726072283685919630240,-,sample:g1:-:o=12127396668931328454726072283685919630240,False,False
23874307700850738704337702904082962926017,135,1,2,9693376914955674504305698621115154070656,133,12084694567984387157350276254518011462528,-,sample:g1:-:o=12084694567984387157350276254518011462528,False,False
23917009801797680001713498933250871093729,135,1,2,9736079015902615801681494650283062238368,133,12041992467037445859974480225350103294816,-,sample:g1:-:o=12041992467037445859974480225350103294816,False,False
23959711902744621299089294962418779261441,135,1,2,9778781116849557099057290679450970406080,133,11999290366090504562598684196182195127104,-,sample:g1:-:o=11999290366090504562598684196182195127104,False,False
24002414003691562596465090991586687429153,135,1,2,9821483217796498396433086708618878573792,133,11956588265143563265222888167014286959392,-,sample:g1:-:o=11956588265143563265222888167014286959392,False,False
24045116104638503893840887020754595596865,135,1,2,9864185318743439693808882737786786741504,133,11913886164196621967847092137846378791680,-,sample:g1:-:o=11913886164196621967847092137846378791680,False,False
24087818205585445191216683049922503764577,135,1,2,9906887419690380991184678766954694909216,133,11871184063249680670471296108678470623968,-,sample:g1:-:o=11871184063249680670471296108678470623968,False,False
24130520306532386488592479079090411932289,135,1,2,9949589520637322288560474796122603076928,133,11828481962302739373095500079510562456256,-,sample:g1:-:o=11828481962302739373095500079510562456256,False,False
24173222407479327785968275108258320100001,135,1,2,9992291621584263585936270825290511244640,133,11785779861355798075719704050342654288544,-,sample:g1:-:o=11785779861355798075719704050342654288544,False,False
24215924508426269083344071137426228267713,135,1,2,10034993722531204883312066854458419412352,133,11743077760408856778343908021174746120832,-,sample:g1:-:o=11743077760408856778343908021174746120832,False,False
24258626609373210380719867166594136435425,135,1,2,10077695823478146180687862883626327580064,133,11700375659461915480968111992006837953120,-,sample:g1:-:o=11700375659461915480968111992006837953120,False,False
24301328710320151678095663195762044603137,135,1,2,10120397924425087478063658912794235747776,133,11657673558514974183592315962838929785408,-,sample:g1:-:o=11657673558514974183592315962838929785408,False,False
24344030811267092975471459224929952770849,135,1,2,10163100025372028775439454941962143915488,133,11614971457568032886216519933671021617696,-,sample:g1:-:o=11614971457568032886216519933671021617696,False,False
24386732912214034272847255254097860938561,135,1,2,10205802126318970072815250971130052083200,133,11572269356621091588840723904503113449984,-,sample:g1:-:o=11572269356621091588840723904503113449984,False,False
24390494008226397897915678776678264189167,135,1,2,10209563222331333697883674493710455333806,133,11568508260608727963772300381922710199378,-,bridge:(N-GAP) mod LO,False,False
24429435013160975570223051283265769106273,135,1,2,10248504227265911370191047000297960250912,133,11529567255674150291464927875335205282272,-,sample:g1:-:o=11529567255674150291464927875335205282272,False,False
24472137114107916867598847312433677273985,135,1,2,10291206328212852667566843029465868418624,133,11486865154727208994089131846167297114560,-,sample:g1:-:o=11486865154727208994089131846167297114560,False,False
24514839215054858164974643341601585441697,135,1,2,10333908429159793964942639058633776586336,133,11444163053780267696713335816999388946848,-,sample:g1:-:o=11444163053780267696713335816999388946848,False,False
24557541316001799462350439370769493609409,135,1,2,10376610530106735262318435087801684754048,133,11401460952833326399337539787831480779136,-,sample:g1:-:o=11401460952833326399337539787831480779136,False,False
24600243416948740759726235399937401777121,135,1,2,10419312631053676559694231116969592921760,133,11358758851886385101961743758663572611424,-,sample:g1:-:o=11358758851886385101961743758663572611424,False,False
24642945517895682057102031429105309944833,135,1,2,10462014732000617857070027146137501089472,133,11316056750939443804585947729495664443712,-,sample:g1:-:o=11316056750939443804585947729495664443712,False,False
24685647618842623354477827458273218112545,135,1,2,10504716832947559154445823175305409257184,133,11273354649992502507210151700327756276000,-,sample:g1:-:o=11273354649992502507210151700327756276000,False,False
24699657494503720312968419346153855039073,135,1,2,10518726708608656112936415063186046183712,133,11259344774331405548719559812447119349472,-,bridge:cube lift - shelf (d3),False,False
24728349719789564651853623487441126280257,135,1,2,10547418933894500451821619204473317424896,133,11230652549045561209834355671159848108288,-,sample:g1:-:o=11230652549045561209834355671159848108288,False,False
24771051820736505949229419516609034447969,135,1,2,10590121034841441749197415233641225592608,133,11187950448098619912458559641991939940576,-,sample:g1:-:o=11187950448098619912458559641991939940576,False,False
24813753921683447246605215545776942615681,135,1,2,10632823135788383046573211262809133760320,133,11145248347151678615082763612824031772864,-,sample:g1:-:o=11145248347151678615082763612824031772864,False,False
24856456022630388543981011574944850783393,135,1,2,10675525236735324343949007291977041928032,133,11102546246204737317706967583656123605152,-,sample:g1:-:o=11102546246204737317706967583656123605152,False,False
24899158123577329841356807604112758951105,135,1,2,10718227337682265641324803321144950095744,133,11059844145257796020331171554488215437440,-,sample:g1:-:o=11059844145257796020331171554488215437440,False,False
24941860224524271138732603633280667118817,135,1,2,10760929438629206938700599350312858263456,133,11017142044310854722955375525320307269728,-,sample:g1:-:o=11017142044310854722955375525320307269728,False,False
24984562325471212436108399662448575286529,135,1,2,10803631539576148236076395379480766431168,133,10974439943363913425579579496152399102016,-,sample:g1:-:o=10974439943363913425579579496152399102016,False,False
25027264426418153733484195691616483454241,135,1,2,10846333640523089533452191408648674598880,133,10931737842416972128203783466984490934304,-,sample:g1:-:o=10931737842416972128203783466984490934304,False,False
41403520139570141277101972877509265771842,135,1,2,5444517870735015415413993718908291383297,133,16333553612205046246241981156724874149887,-,sample:g1:-:o=16333553612205046246241981156724874149887,False,False
41424871190043611925789870892093219855713,135,1,2,5465868921208486064101891733492245467168,133,16312202561731575597554083142140920066016,-,sample:g1:-:o=16312202561731575597554083142140920066016,False,False
41467573290990553223165666921261128023425,135,1,2,5508571022155427361477687762660153634880,133,16269500460784634300178287112973011898304,-,sample:g1:-:o=16269500460784634300178287112973011898304,False,False
41510275391937494520541462950429036191137,135,1,2,5551273123102368658853483791828061802592,133,16226798359837693002802491083805103730592,-,sample:g1:-:o=16226798359837693002802491083805103730592,False,False
41552977492884435817917258979596944358849,135,1,2,5593975224049309956229279820995969970304,133,16184096258890751705426695054637195562880,-,sample:g1:-:o=16184096258890751705426695054637195562880,False,False
41595679593831377115293055008764852526561,135,1,2,5636677324996251253605075850163878138016,133,16141394157943810408050899025469287395168,-,sample:g1:-:o=16141394157943810408050899025469287395168,False,False
41638381694778318412668851037932760694273,135,1,2,5679379425943192550980871879331786305728,133,16098692056996869110675102996301379227456,-,sample:g1:-:o=16098692056996869110675102996301379227456,False,False
41681083795725259710044647067100668861985,135,1,2,5722081526890133848356667908499694473440,133,16055989956049927813299306967133471059744,-,sample:g1:-:o=16055989956049927813299306967133471059744,False,False
41723785896672201007420443096268577029697,135,1,2,5764783627837075145732463937667602641152,133,16013287855102986515923510937965562892032,-,sample:g1:-:o=16013287855102986515923510937965562892032,False,False
41766487997619142304796239125436485197409,135,1,2,5807485728784016443108259966835510808864,133,15970585754156045218547714908797654724320,-,sample:g1:-:o=15970585754156045218547714908797654724320,False,False
41809190098566083602172035154604393365121,135,1,2,5850187829730957740484055996003418976576,133,15927883653209103921171918879629746556608,-,sample:g1:-:o=15927883653209103921171918879629746556608,False,False
41851892199513024899547831183772301532833,135,1,2,5892889930677899037859852025171327144288,133,15885181552262162623796122850461838388896,-,sample:g1:-:o=15885181552262162623796122850461838388896,False,False
41894594300459966196923627212940209700545,135,1,2,5935592031624840335235648054339235312000,133,15842479451315221326420326821293930221184,-,sample:g1:-:o=15842479451315221326420326821293930221184,False,False
41937296401406907494299423242108117868257,135,1,2,5978294132571781632611444083507143479712,133,15799777350368280029044530792126022053472,-,sample:g1:-:o=15799777350368280029044530792126022053472,False,False
41979998502353848791675219271276026035969,135,1,2,6020996233518722929987240112675051647424,133,15757075249421338731668734762958113885760,-,sample:g1:-:o=15757075249421338731668734762958113885760,False,False
42022700603300790089051015300443934203681,135,1,2,6063698334465664227363036141842959815136,133,15714373148474397434292938733790205718048,-,sample:g1:-:o=15714373148474397434292938733790205718048,False,False
42065402704247731386426811329611842371393,135,1,2,6106400435412605524738832171010867982848,133,15671671047527456136917142704622297550336,-,sample:g1:-:o=15671671047527456136917142704622297550336,False,False
42108104805194672683802607358779750539105,135,1,2,6149102536359546822114628200178776150560,133,15628968946580514839541346675454389382624,-,sample:g1:-:o=15628968946580514839541346675454389382624,False,False
42150806906141613981178403387947658706817,135,1,2,6191804637306488119490424229346684318272,133,15586266845633573542165550646286481214912,-,sample:g1:-:o=15586266845633573542165550646286481214912,False,False
42193509007088555278554199417115566874529,135,1,2,6234506738253429416866220258514592485984,133,15543564744686632244789754617118573047200,-,sample:g1:-:o=15543564744686632244789754617118573047200,False,False
42236211108035496575929995446283475042241,135,1,2,6277208839200370714242016287682500653696,133,15500862643739690947413958587950664879488,-,sample:g1:-:o=15500862643739690947413958587950664879488,False,False
42278913208982437873305791475451383209953,135,1,2,6319910940147312011617812316850408821408,133,15458160542792749650038162558782756711776,-,sample:g1:-:o=15458160542792749650038162558782756711776,False,False
42321615309929379170681587504619291377665,135,1,2,6362613041094253308993608346018316989120,133,15415458441845808352662366529614848544064,-,sample:g1:-:o=15415458441845808352662366529614848544064,False,False
42364317410876320468057383533787199545377,135,1,2,6405315142041194606369404375186225156832,133,15372756340898867055286570500446940376352,-,sample:g1:-:o=15372756340898867055286570500446940376352,False,False
42407019511823261765433179562955107713089,135,1,2,6448017242988135903745200404354133324544,133,15330054239951925757910774471279032208640,-,sample:g1:-:o=15330054239951925757910774471279032208640,False,False
42449721612770203062808975592123015880801,135,1,2,6490719343935077201120996433522041492256,133,15287352139004984460534978442111124040928,-,sample:g1:-:o=15287352139004984460534978442111124040928,False,False
42492423713717144360184771621290924048513,135,1,2,6533421444882018498496792462689949659968,133,15244650038058043163159182412943215873216,-,sample:g1:-:o=15244650038058043163159182412943215873216,False,False
42535125814664085657560567650458832216225,135,1,2,6576123545828959795872588491857857827680,133,15201947937111101865783386383775307705504,-,sample:g1:-:o=15201947937111101865783386383775307705504,False,False
42577827915611026954936363679626740383937,135,1,2,6618825646775901093248384521025765995392,133,15159245836164160568407590354607399537792,-,sample:g1:-:o=15159245836164160568407590354607399537792,False,False
42620530016557968252312159708794648551649,135,1,2,6661527747722842390624180550193674163104,133,15116543735217219271031794325439491370080,-,sample:g1:-:o=15116543735217219271031794325439491370080,False,False
42663232117504909549687955737962556719361,135,1,2,6704229848669783687999976579361582330816,133,15073841634270277973655998296271583202368,-,sample:g1:-:o=15073841634270277973655998296271583202368,False,False
42705934218451850847063751767130464887073,135,1,2,6746931949616724985375772608529490498528,133,15031139533323336676280202267103675034656,-,sample:g1:-:o=15031139533323336676280202267103675034656,False,False
42748636319398792144439547796298373054785,135,1,2,6789634050563666282751568637697398666240,133,14988437432376395378904406237935766866944,-,sample:g1:-:o=14988437432376395378904406237935766866944,False,False
42791338420345733441815343825466281222497,135,1,2,6832336151510607580127364666865306833952,133,14945735331429454081528610208767858699232,-,sample:g1:-:o=14945735331429454081528610208767858699232,False,False
42834040521292674739191139854634189390209,135,1,2,6875038252457548877503160696033215001664,133,14903033230482512784152814179599950531520,-,sample:g1:-:o=14903033230482512784152814179599950531520,False,False
42876742622239616036566935883802097557921,135,1,2,6917740353404490174878956725201123169376,133,14860331129535571486777018150432042363808,-,sample:g1:-:o=14860331129535571486777018150432042363808,False,False
42919444723186557333942731912970005725633,135,1,2,6960442454351431472254752754369031337088,133,14817629028588630189401222121264134196096,-,sample:g1:-:o=14817629028588630189401222121264134196096,False,False
42962146824133498631318527942137913893345,135,1,2,7003144555298372769630548783536939504800,133,14774926927641688892025426092096226028384,-,sample:g1:-:o=14774926927641688892025426092096226028384,False,False
43004848925080439928694323971305822061057,135,1,2,7045846656245314067006344812704847672512,133,14732224826694747594649630062928317860672,-,sample:g1:-:o=14732224826694747594649630062928317860672,False,False
43047551026027381226070120000473730228769,135,1,2,7088548757192255364382140841872755840224,133,14689522725747806297273834033760409692960,-,sample:g1:-:o=14689522725747806297273834033760409692960,False,False
43090253126974322523445916029641638396481,135,1,2,7131250858139196661757936871040664007936,133,14646820624800864999898038004592501525248,-,sample:g1:-:o=14646820624800864999898038004592501525248,False,False
43132955227921263820821712058809546564193,135,1,2,7173952959086137959133732900208572175648,133,14604118523853923702522241975424593357536,-,sample:g1:-:o=14604118523853923702522241975424593357536,False,False
43175657328868205118197508087977454731905,135,1,2,7216655060033079256509528929376480343360,133,14561416422906982405146445946256685189824,-,sample:g1:-:o=14561416422906982405146445946256685189824,False,False
43218359429815146415573304117145362899617,135,1,2,7259357160980020553885324958544388511072,133,14518714321960041107770649917088777022112,-,sample:g1:-:o=14518714321960041107770649917088777022112,False,False
43261061530762087712949100146313271067329,135,1,2,7302059261926961851261120987712296678784,133,14476012221013099810394853887920868854400,-,sample:g1:-:o=14476012221013099810394853887920868854400,False,False
43303763631709029010324896175481179235041,135,1,2,7344761362873903148636917016880204846496,133,14433310120066158513019057858752960686688,-,sample:g1:-:o=14433310120066158513019057858752960686688,False,False
43346465732655970307700692204649087402753,135,1,2,7387463463820844446012713046048113014208,133,14390608019119217215643261829585052518976,-,sample:g1:-:o=14390608019119217215643261829585052518976,False,False
43389167833602911605076488233816995570465,135,1,2,7430165564767785743388509075216021181920,133,14347905918172275918267465800417144351264,-,sample:g1:-:o=14347905918172275918267465800417144351264,False,False
43431869934549852902452284262984903738177,135,1,2,7472867665714727040764305104383929349632,133,14305203817225334620891669771249236183552,-,sample:g1:-:o=14305203817225334620891669771249236183552,False,False
43474572035496794199828080292152811905889,135,1,2,7515569766661668338140101133551837517344,133,14262501716278393323515873742081328015840,-,sample:g1:-:o=14262501716278393323515873742081328015840,False,False
43517274136443735497203876321320720073601,135,1,2,7558271867608609635515897162719745685056,133,14219799615331452026140077712913419848128,-,sample:g1:-:o=14219799615331452026140077712913419848128,False,False
38691936729439368893738925025347097122145,135,1,3,2732934460604243032050945866746122733600,132,19045137022335818629605029008887042799584,-,sample:g1:-:o=19045137022335818629605029008887042799584,False,False
38734638830386310191114721054515005289857,135,1,3,2775636561551184329426741895914030901312,132,19002434921388877332229232979719134631872,-,sample:g1:-:o=19002434921388877332229232979719134631872,False,False
38777340931333251488490517083682913457569,135,1,3,2818338662498125626802537925081939069024,132,18959732820441936034853436950551226464160,-,sample:g1:-:o=18959732820441936034853436950551226464160,False,False
38820043032280192785866313112850821625281,135,1,3,2861040763445066924178333954249847236736,132,18917030719494994737477640921383318296448,-,sample:g1:-:o=18917030719494994737477640921383318296448,False,False
38862745133227134083242109142018729792993,135,1,3,2903742864392008221554129983417755404448,132,18874328618548053440101844892215410128736,-,sample:g1:-:o=18874328618548053440101844892215410128736,False,False
38905447234174075380617905171186637960705,135,1,3,2946444965338949518929926012585663572160,132,18831626517601112142726048863047501961024,-,sample:g1:-:o=18831626517601112142726048863047501961024,False,False
38948149335121016677993701200354546128417,135,1,3,2989147066285890816305722041753571739872,132,18788924416654170845350252833879593793312,-,sample:g1:-:o=18788924416654170845350252833879593793312,False,False
38990851436067957975369497229522454296129,135,1,3,3031849167232832113681518070921479907584,132,18746222315707229547974456804711685625600,-,sample:g1:-:o=18746222315707229547974456804711685625600,False,False
39033553537014899272745293258690362463841,135,1,3,3074551268179773411057314100089388075296,132,18703520214760288250598660775543777457888,-,sample:g1:-:o=18703520214760288250598660775543777457888,False,False
39076255637961840570121089287858270631553,135,1,3,3117253369126714708433110129257296243008,132,18660818113813346953222864746375869290176,-,sample:g1:-:o=18660818113813346953222864746375869290176,False,False
39118957738908781867496885317026178799265,135,1,3,3159955470073656005808906158425204410720,132,18618116012866405655847068717207961122464,-,sample:g1:-:o=18618116012866405655847068717207961122464,False,False
39161659839855723164872681346194086966977,135,1,3,3202657571020597303184702187593112578432,132,18575413911919464358471272688040052954752,-,sample:g1:-:o=18575413911919464358471272688040052954752,False,False
39204361940802664462248477375361995134689,135,1,3,3245359671967538600560498216761020746144,132,18532711810972523061095476658872144787040,-,sample:g1:-:o=18532711810972523061095476658872144787040,False,False
39247064041749605759624273404529903302401,135,1,3,3288061772914479897936294245928928913856,132,18490009710025581763719680629704236619328,-,sample:g1:-:o=18490009710025581763719680629704236619328,False,False
39289766142696547057000069433697811470113,135,1,3,3330763873861421195312090275096837081568,132,18447307609078640466343884600536328451616,-,sample:g1:-:o=18447307609078640466343884600536328451616,False,False
39332468243643488354375865462865719637825,135,1,3,3373465974808362492687886304264745249280,132,18404605508131699168968088571368420283904,-,sample:g1:-:o=18404605508131699168968088571368420283904,False,False
39375170344590429651751661492033627805537,135,1,3,3416168075755303790063682333432653416992,132,18361903407184757871592292542200512116192,-,sample:g1:-:o=18361903407184757871592292542200512116192,False,False
39417872445537370949127457521201535973249,135,1,3,3458870176702245087439478362600561584704,132,18319201306237816574216496513032603948480,-,sample:g1:-:o=18319201306237816574216496513032603948480,False,False
39460574546484312246503253550369444140961,135,1,3,3501572277649186384815274391768469752416,132,18276499205290875276840700483864695780768,-,sample:g1:-:o=18276499205290875276840700483864695780768,False,False
39503276647431253543879049579537352308673,135,1,3,3544274378596127682191070420936377920128,132,18233797104343933979464904454696787613056,-,sample:g1:-:o=18233797104343933979464904454696787613056,False,False
39545978748378194841254845608705260476385,135,1,3,3586976479543068979566866450104286087840,132,18191095003396992682089108425528879445344,-,sample:g1:-:o=18191095003396992682089108425528879445344,False,False
39588680849325136138630641637873168644097,135,1,3,3629678580490010276942662479272194255552,132,18148392902450051384713312396360971277632,-,sample:g1:-:o=18148392902450051384713312396360971277632,False,False
39631382950272077436006437667041076811809,135,1,3,3672380681436951574318458508440102423264,132,18105690801503110087337516367193063109920,-,sample:g1:-:o=18105690801503110087337516367193063109920,False,False
39674085051219018733382233696208984979521,135,1,3,3715082782383892871694254537608010590976,132,18062988700556168789961720338025154942208,-,sample:g1:-:o=18062988700556168789961720338025154942208,False,False
39716787152165960030758029725376893147233,135,1,3,3757784883330834169070050566775918758688,132,18020286599609227492585924308857246774496,-,sample:g1:-:o=18020286599609227492585924308857246774496,False,False
39759489253112901328133825754544801314945,135,1,3,3800486984277775466445846595943826926400,132,17977584498662286195210128279689338606784,-,sample:g1:-:o=17977584498662286195210128279689338606784,False,False
39802191354059842625509621783712709482657,135,1,3,3843189085224716763821642625111735094112,132,17934882397715344897834332250521430439072,-,sample:g1:-:o=17934882397715344897834332250521430439072,False,False
39844893455006783922885417812880617650369,135,1,3,3885891186171658061197438654279643261824,132,17892180296768403600458536221353522271360,-,sample:g1:-:o=17892180296768403600458536221353522271360,False,False
39887595555953725220261213842048525818081,135,1,3,3928593287118599358573234683447551429536,132,17849478195821462303082740192185614103648,-,sample:g1:-:o=17849478195821462303082740192185614103648,False,False
39930297656900666517637009871216433985793,135,1,3,3971295388065540655949030712615459597248,132,17806776094874521005706944163017705935936,-,sample:g1:-:o=17806776094874521005706944163017705935936,False,False
39972999757847607815012805900384342153505,135,1,3,4013997489012481953324826741783367764960,132,17764073993927579708331148133849797768224,-,sample:g1:-:o=17764073993927579708331148133849797768224,False,False
40015701858794549112388601929552250321217,135,1,3,4056699589959423250700622770951275932672,132,17721371892980638410955352104681889600512,-,sample:g1:-:o=17721371892980638410955352104681889600512,False,False
40058403959741490409764397958720158488929,135,1,3,4099401690906364548076418800119184100384,132,17678669792033697113579556075513981432800,-,sample:g1:-:o=17678669792033697113579556075513981432800,False,False
40101106060688431707140193987888066656641,135,1,3,4142103791853305845452214829287092268096,132,17635967691086755816203760046346073265088,-,sample:g1:-:o=17635967691086755816203760046346073265088,False,False
40143808161635373004515990017055974824353,135,1,3,4184805892800247142828010858455000435808,132,17593265590139814518827964017178165097376,-,sample:g1:-:o=17593265590139814518827964017178165097376,False,False
40186510262582314301891786046223882992065,135,1,3,4227507993747188440203806887622908603520,132,17550563489192873221452167988010256929664,-,sample:g1:-:o=17550563489192873221452167988010256929664,False,False
40229212363529255599267582075391791159777,135,1,3,4270210094694129737579602916790816771232,132,17507861388245931924076371958842348761952,-,sample:g1:-:o=17507861388245931924076371958842348761952,False,False
40271914464476196896643378104559699327489,135,1,3,4312912195641071034955398945958724938944,132,17465159287298990626700575929674440594240,-,sample:g1:-:o=17465159287298990626700575929674440594240,False,False
40314616565423138194019174133727607495201,135,1,3,4355614296588012332331194975126633106656,132,17422457186352049329324779900506532426528,-,sample:g1:-:o=17422457186352049329324779900506532426528,False,False
40357318666370079491394970162895515662913,135,1,3,4398316397534953629706991004294541274368,132,17379755085405108031948983871338624258816,-,sample:g1:-:o=17379755085405108031948983871338624258816,False,False
40362790218964516020688729814253296055699,135,1,3,4403787950129390159000750655652321667154,132,17374283532810671502655224219980843866030,-,bridge:L3-L2 mod LO,False,False
40400020767317020788770766192063423830625,135,1,3,4441018498481894927082787033462449442080,132,17337052984458166734573187842170716091104,-,sample:g1:-:o=17337052984458166734573187842170716091104,False,False
40442722868263962086146562221231331998337,135,1,3,4483720599428836224458583062630357609792,132,17294350883511225437197391813002807923392,-,sample:g1:-:o=17294350883511225437197391813002807923392,False,False
40485424969210903383522358250399240166049,135,1,3,4526422700375777521834379091798265777504,132,17251648782564284139821595783834899755680,-,sample:g1:-:o=17251648782564284139821595783834899755680,False,False
40528127070157844680898154279567148333761,135,1,3,4569124801322718819210175120966173945216,132,17208946681617342842445799754666991587968,-,sample:g1:-:o=17208946681617342842445799754666991587968,False,False
40570829171104785978273950308735056501473,135,1,3,4611826902269660116585971150134082112928,132,17166244580670401545070003725499083420256,-,sample:g1:-:o=17166244580670401545070003725499083420256,False,False
40613531272051727275649746337902964669185,135,1,3,4654529003216601413961767179301990280640,132,17123542479723460247694207696331175252544,-,sample:g1:-:o=17123542479723460247694207696331175252544,False,False
40656233372998668573025542367070872836897,135,1,3,4697231104163542711337563208469898448352,132,17080840378776518950318411667163267084832,-,sample:g1:-:o=17080840378776518950318411667163267084832,False,False
40698935473945609870401338396238781004609,135,1,3,4739933205110484008713359237637806616064,132,17038138277829577652942615637995358917120,-,sample:g1:-:o=17038138277829577652942615637995358917120,False,False
40741637574892551167777134425406689172321,135,1,3,4782635306057425306089155266805714783776,132,16995436176882636355566819608827450749408,-,sample:g1:-:o=16995436176882636355566819608827450749408,False,False
40783666913257963842682008087812983462545,135,1,3,4824664644422837980994028929212009074000,132,16953406838517223680661945946421156459184,-,bridge:cube lift - shelf (dy),False,False
40784339675839492465152930454574597340033,135,1,3,4825337407004366603464951295973622951488,132,16952734075935695058191023579659542581696,-,sample:g1:-:o=16952734075935695058191023579659542581696,False,False
40827041776786433762528726483742505507745,135,1,3,4868039507951307900840747325141531119200,132,16910031974988753760815227550491634413984,-,sample:g1:-:o=16910031974988753760815227550491634413984,False,False
40869743877733375059904522512910413675457,135,1,3,4910741608898249198216543354309439286912,132,16867329874041812463439431521323726246272,-,sample:g1:-:o=16867329874041812463439431521323726246272,False,False
40912445978680316357280318542078321843169,135,1,3,4953443709845190495592339383477347454624,132,16824627773094871166063635492155818078560,-,sample:g1:-:o=16824627773094871166063635492155818078560,False,False
40955148079627257654656114571246230010881,135,1,3,4996145810792131792968135412645255622336,132,16781925672147929868687839462987909910848,-,sample:g1:-:o=16781925672147929868687839462987909910848,False,False
40997850180574198952031910600414138178593,135,1,3,5038847911739073090343931441813163790048,132,16739223571200988571312043433820001743136,-,sample:g1:-:o=16739223571200988571312043433820001743136,False,False
41040552281521140249407706629582046346305,135,1,3,5081550012686014387719727470981071957760,132,16696521470254047273936247404652093575424,-,sample:g1:-:o=16696521470254047273936247404652093575424,False,False
41083254382468081546783502658749954514017,135,1,3,5124252113632955685095523500148980125472,132,16653819369307105976560451375484185407712,-,sample:g1:-:o=16653819369307105976560451375484185407712,False,False
41125956483415022844159298687917862681729,135,1,3,5166954214579896982471319529316888293184,132,16611117268360164679184655346316277240000,-,sample:g1:-:o=16611117268360164679184655346316277240000,False,False
41168658584361964141535094717085770849441,135,1,3,5209656315526838279847115558484796460896,132,16568415167413223381808859317148369072288,-,sample:g1:-:o=16568415167413223381808859317148369072288,False,False
41211360685308905438910890746253679017153,135,1,3,5252358416473779577222911587652704628608,132,16525713066466282084433063287980460904576,-,sample:g1:-:o=16525713066466282084433063287980460904576,False,False
41254062786255846736286686775421587184865,135,1,3,5295060517420720874598707616820612796320,132,16483010965519340787057267258812552736864,-,sample:g1:-:o=16483010965519340787057267258812552736864,False,False
41296764887202788033662482804589495352577,135,1,3,5337762618367662171974503645988520964032,132,16440308864572399489681471229644644569152,-,sample:g1:-:o=16440308864572399489681471229644644569152,False,False
41328851068651023700493929999415794663898,135,1,3,5369848799815897838805950840814820275353,132,16408222683124163822850024034818345257831,-,bridge:dy residue (shelf_y^3 mod LO),False,False
41339466988149729331038278833757403520289,135,1,3,5380464719314603469350299675156429131744,132,16397606763625458192305675200476736401440,-,sample:g1:-:o=16397606763625458192305675200476736401440,False,False
41382169089096670628414074862925311688001,135,1,3,5423166820261544766726095704324337299456,132,16354904662678516894929879171308828233728,-,sample:g1:-:o=16354904662678516894929879171308828233728,False,False
37325469499137247377713452091974035755361,135,1,4,1366467230302121516025472933373061366816,131,20411604252637940145630501942260104166368,-,sample:g1:-:o=20411604252637940145630501942260104166368,False,False
37368171600084188675089248121141943923073,135,1,4,1409169331249062813401268962540969534528,131,20368902151690998848254705913092195998656,-,sample:g1:-:o=20368902151690998848254705913092195998656,False,False
37410873701031129972465044150309852090785,135,1,4,1451871432196004110777064991708877702240,131,20326200050744057550878909883924287830944,-,sample:g1:-:o=20326200050744057550878909883924287830944,False,False
37453575801978071269840840179477760258497,135,1,4,1494573533142945408152861020876785869952,131,20283497949797116253503113854756379663232,-,sample:g1:-:o=20283497949797116253503113854756379663232,False,False
37496277902925012567216636208645668426209,135,1,4,1537275634089886705528657050044694037664,131,20240795848850174956127317825588471495520,-,sample:g1:-:o=20240795848850174956127317825588471495520,False,False
37538980003871953864592432237813576593921,135,1,4,1579977735036828002904453079212602205376,131,20198093747903233658751521796420563327808,-,sample:g1:-:o=20198093747903233658751521796420563327808,False,False
37581682104818895161968228266981484761633,135,1,4,1622679835983769300280249108380510373088,131,20155391646956292361375725767252655160096,-,sample:g1:-:o=20155391646956292361375725767252655160096,False,False
37624384205765836459344024296149392929345,135,1,4,1665381936930710597656045137548418540800,131,20112689546009351063999929738084746992384,-,sample:g1:-:o=20112689546009351063999929738084746992384,False,False
37667086306712777756719820325317301097057,135,1,4,1708084037877651895031841166716326708512,131,20069987445062409766624133708916838824672,-,sample:g1:-:o=20069987445062409766624133708916838824672,False,False
37709788407659719054095616354485209264769,135,1,4,1750786138824593192407637195884234876224,131,20027285344115468469248337679748930656960,-,sample:g1:-:o=20027285344115468469248337679748930656960,False,False
37752490508606660351471412383653117432481,135,1,4,1793488239771534489783433225052143043936,131,19984583243168527171872541650581022489248,-,sample:g1:-:o=19984583243168527171872541650581022489248,False,False
37795192609553601648847208412821025600193,135,1,4,1836190340718475787159229254220051211648,131,19941881142221585874496745621413114321536,-,sample:g1:-:o=19941881142221585874496745621413114321536,False,False
37837894710500542946223004441988933767905,135,1,4,1878892441665417084535025283387959379360,131,19899179041274644577120949592245206153824,-,sample:g1:-:o=19899179041274644577120949592245206153824,False,False
37880596811447484243598800471156841935617,135,1,4,1921594542612358381910821312555867547072,131,19856476940327703279745153563077297986112,-,sample:g1:-:o=19856476940327703279745153563077297986112,False,False
37923298912394425540974596500324750103329,135,1,4,1964296643559299679286617341723775714784,131,19813774839380761982369357533909389818400,-,sample:g1:-:o=19813774839380761982369357533909389818400,False,False
37966001013341366838350392529492658271041,135,1,4,2006998744506240976662413370891683882496,131,19771072738433820684993561504741481650688,-,sample:g1:-:o=19771072738433820684993561504741481650688,False,False
38008703114288308135726188558660566438753,135,1,4,2049700845453182274038209400059592050208,131,19728370637486879387617765475573573482976,-,sample:g1:-:o=19728370637486879387617765475573573482976,False,False
38051405215235249433101984587828474606465,135,1,4,2092402946400123571414005429227500217920,131,19685668536539938090241969446405665315264,-,sample:g1:-:o=19685668536539938090241969446405665315264,False,False
38094107316182190730477780616996382774177,135,1,4,2135105047347064868789801458395408385632,131,19642966435592996792866173417237757147552,-,sample:g1:-:o=19642966435592996792866173417237757147552,False,False
38136809417129132027853576646164290941889,135,1,4,2177807148294006166165597487563316553344,131,19600264334646055495490377388069848979840,-,sample:g1:-:o=19600264334646055495490377388069848979840,False,False
38179511518076073325229372675332199109601,135,1,4,2220509249240947463541393516731224721056,131,19557562233699114198114581358901940812128,-,sample:g1:-:o=19557562233699114198114581358901940812128,False,False
38222213619023014622605168704500107277313,135,1,4,2263211350187888760917189545899132888768,131,19514860132752172900738785329734032644416,-,sample:g1:-:o=19514860132752172900738785329734032644416,False,False
38264915719969955919980964733668015445025,135,1,4,2305913451134830058292985575067041056480,131,19472158031805231603362989300566124476704,-,sample:g1:-:o=19472158031805231603362989300566124476704,False,False
38307617820916897217356760762835923612737,135,1,4,2348615552081771355668781604234949224192,131,19429455930858290305987193271398216308992,-,sample:g1:-:o=19429455930858290305987193271398216308992,False,False
38350319921863838514732556792003831780449,135,1,4,2391317653028712653044577633402857391904,131,19386753829911349008611397242230308141280,-,sample:g1:-:o=19386753829911349008611397242230308141280,False,False
38393022022810779812108352821171739948161,135,1,4,2434019753975653950420373662570765559616,131,19344051728964407711235601213062399973568,-,sample:g1:-:o=19344051728964407711235601213062399973568,False,False
38435724123757721109484148850339648115873,135,1,4,2476721854922595247796169691738673727328,131,19301349628017466413859805183894491805856,-,sample:g1:-:o=19301349628017466413859805183894491805856,False,False
38478426224704662406859944879507556283585,135,1,4,2519423955869536545171965720906581895040,131,19258647527070525116484009154726583638144,-,sample:g1:-:o=19258647527070525116484009154726583638144,False,False
38521128325651603704235740908675464451297,135,1,4,2562126056816477842547761750074490062752,131,19215945426123583819108213125558675470432,-,sample:g1:-:o=19215945426123583819108213125558675470432,False,False
38563830426598545001611536937843372619009,135,1,4,2604828157763419139923557779242398230464,131,19173243325176642521732417096390767302720,-,sample:g1:-:o=19173243325176642521732417096390767302720,False,False
38606532527545486298987332967011280786721,135,1,4,2647530258710360437299353808410306398176,131,19130541224229701224356621067222859135008,-,sample:g1:-:o=19130541224229701224356621067222859135008,False,False
38649234628492427596363128996179188954433,135,1,4,2690232359657301734675149837578214565888,131,19087839123282759926980825038054950967296,-,sample:g1:-:o=19087839123282759926980825038054950967296,False,False
36642235883986186619700715625287505071969,135,1,5,683233615151060758012736466686530683424,130,21094837867789000903643238408946634849760,-,sample:g1:-:o=21094837867789000903643238408946634849760,False,False
36684937984933127917076511654455413239681,135,1,5,725935716098002055388532495854438851136,130,21052135766842059606267442379778726682048,-,sample:g1:-:o=21052135766842059606267442379778726682048,False,False
36700586141678107933593140594471533384050,135,1,5,741583872842982071905161435870558995505,130,21036487610097079589750813439762606537679,-,bridge:d3 residue (shelf3^3 mod LO),False,False
36727640085880069214452307683623321407393,135,1,5,768637817044943352764328525022347018848,130,21009433665895118308891646350610818514336,-,sample:g1:-:o=21009433665895118308891646350610818514336,False,False
36770342186827010511828103712791229575105,135,1,5,811339917991884650140124554190255186560,130,20966731564948177011515850321442910346624,-,sample:g1:-:o=20966731564948177011515850321442910346624,False,False
36813044287773951809203899741959137742817,135,1,5,854042018938825947515920583358163354272,130,20924029464001235714140054292275002178912,-,sample:g1:-:o=20924029464001235714140054292275002178912,False,False
36855746388720893106579695771127045910529,135,1,5,896744119885767244891716612526071521984,130,20881327363054294416764258263107094011200,-,sample:g1:-:o=20881327363054294416764258263107094011200,False,False
36898448489667834403955491800294954078241,135,1,5,939446220832708542267512641693979689696,130,20838625262107353119388462233939185843488,-,sample:g1:-:o=20838625262107353119388462233939185843488,False,False
36941150590614775701331287829462862245953,135,1,5,982148321779649839643308670861887857408,130,20795923161160411822012666204771277675776,-,sample:g1:-:o=20795923161160411822012666204771277675776,False,False
36983852691561716998707083858630770413665,135,1,5,1024850422726591137019104700029796025120,130,20753221060213470524636870175603369508064,-,sample:g1:-:o=20753221060213470524636870175603369508064,False,False
37026554792508658296082879887798678581377,135,1,5,1067552523673532434394900729197704192832,130,20710518959266529227261074146435461340352,-,sample:g1:-:o=20710518959266529227261074146435461340352,False,False
37069256893455599593458675916966586749089,135,1,5,1110254624620473731770696758365612360544,130,20667816858319587929885278117267553172640,-,sample:g1:-:o=20667816858319587929885278117267553172640,False,False
37111958994402540890834471946134494916801,135,1,5,1152956725567415029146492787533520528256,130,20625114757372646632509482088099645004928,-,sample:g1:-:o=20625114757372646632509482088099645004928,False,False
37154661095349482188210267975302403084513,135,1,5,1195658826514356326522288816701428695968,130,20582412656425705335133686058931736837216,-,sample:g1:-:o=20582412656425705335133686058931736837216,False,False
37197363196296423485586064004470311252225,135,1,5,1238360927461297623898084845869336863680,130,20539710555478764037757890029763828669504,-,sample:g1:-:o=20539710555478764037757890029763828669504,False,False
37240065297243364782961860033638219419937,135,1,5,1281063028408238921273880875037245031392,130,20497008454531822740382094000595920501792,-,sample:g1:-:o=20497008454531822740382094000595920501792,False,False
37282767398190306080337656062806127587649,135,1,5,1323765129355180218649676904205153199104,130,20454306353584881443006297971428012334080,-,sample:g1:-:o=20454306353584881443006297971428012334080,False,False
36300619076410656240694347391944239730273,135,1,6,341616807575530379006368233343265341728,129,21436454675364531282649606642289900191456,-,sample:g1:-:o=21436454675364531282649606642289900191456,False,False
36343321177357597538070143421112147897985,135,1,6,384318908522471676382164262511173509440,129,21393752574417589985273810613121992023744,-,sample:g1:-:o=21393752574417589985273810613121992023744,False,False
36386023278304538835445939450280056065697,135,1,6,427021009469412973757960291679081677152,129,21351050473470648687898014583954083856032,-,sample:g1:-:o=21351050473470648687898014583954083856032,False,False
36428725379251480132821735479447964233409,135,1,6,469723110416354271133756320846989844864,129,21308348372523707390522218554786175688320,-,sample:g1:-:o=21308348372523707390522218554786175688320,False,False
36471427480198421430197531508615872401121,135,1,6,512425211363295568509552350014898012576,129,21265646271576766093146422525618267520608,-,sample:g1:-:o=21265646271576766093146422525618267520608,False,False
36504186424228185719499901070203785589898,135,1,6,545184155393059857811921911602811201353,129,21232887327547001803844052964030354331831,-,bridge:dy_mod mod LO,False,False
36514129581145362727573327537783780568833,135,1,6,555127312310236865885348379182806180288,129,21222944170629824795770626496450359352896,-,sample:g1:-:o=21222944170629824795770626496450359352896,False,False
36556831682092304024949123566951688736545,135,1,6,597829413257178163261144408350714348000,129,21180242069682883498394830467282451185184,-,sample:g1:-:o=21180242069682883498394830467282451185184,False,False
36599533783039245322324919596119596904257,135,1,6,640531514204119460636940437518622515712,129,21137539968735942201019034438114543017472,-,sample:g1:-:o=21137539968735942201019034438114543017472,False,False
36129810672622891051191163275272607059425,135,1,7,170808403787765189503184116671632670880,128,21607263079152296472152790758961532862304,-,sample:g1:-:o=21607263079152296472152790758961532862304,False,False
36172512773569832348566959304440515227137,135,1,7,213510504734706486878980145839540838592,128,21564560978205355174776994729793624694592,-,sample:g1:-:o=21564560978205355174776994729793624694592,False,False
36215214874516773645942755333608423394849,135,1,7,256212605681647784254776175007449006304,128,21521858877258413877401198700625716526880,-,sample:g1:-:o=21521858877258413877401198700625716526880,False,False
36257916975463714943318551362776331562561,135,1,7,298914706628589081630572204175357174016,128,21479156776311472580025402671457808359168,-,sample:g1:-:o=21479156776311472580025402671457808359168,False,False
36044406470729008456439571216936790724001,135,1,8,85404201893882594751592058335816335456,127,21692667281046179066904382817297349197728,-,sample:g1:-:o=21692667281046179066904382817297349197728,False,False
36087108571675949753815367246104698891713,135,1,8,128106302840823892127388087503724503168,127,21649965180099237769528586788129441030016,-,sample:g1:-:o=21649965180099237769528586788129441030016,False,False
36001704369782067159063775187768882556289,135,1,9,42702100946941297375796029167908167744,126,21735369381993120364280178846465257365440,-,sample:g1:-:o=21735369381993120364280178846465257365440,False,False
35959002268835125861687979158600974388577,135,1,129,32,6,21778071482940061661655974875633165533152,-,sample:g1:-:o=21778071482940061661655974875633165533152,False,False
35959002268835125861687979158600974388546,135,1,134,1,1,21778071482940061661655974875633165533183,-,bridge:C_minus1 - C_floor;sample:g1:-:o=21778071482940061661655974875633165533183,False,False
25069966527365095030859991720784391621954,135,2,1,10889035741470030830827987437816582766593,134,10889035741470030830827987437816582766591,-,sample:g2:-:o=10889035741470030830827987437816582766591,False,False
25069966527365095030859991720784391621969,135,2,1,10889035741470030830827987437816582766608,134,10889035741470030830827987437816582766576,-,sample:g2:-:o=10889035741470030830827987437816582766576,False,False
25091317577838565679547889735368345705825,135,2,1,10910386791943501479515885452400536850464,134,10867684690996560182140089423232628682720,-,sample:g2:-:o=10867684690996560182140089423232628682720,False,False
25112668628312036328235787749952299789681,135,2,1,10931737842416972128203783466984490934320,134,10846333640523089533452191408648674598864,-,sample:g2:-:o=10846333640523089533452191408648674598864,False,False
25134019678785506976923685764536253873537,135,2,1,10953088892890442776891681481568445018176,134,10824982590049618884764293394064720515008,-,sample:g2:-:o=10824982590049618884764293394064720515008,False,False
25155370729258977625611583779120207957393,135,2,1,10974439943363913425579579496152399102032,134,10803631539576148236076395379480766431152,-,sample:g2:-:o=10803631539576148236076395379480766431152,False,False
25176721779732448274299481793704162041249,135,2,1,10995790993837384074267477510736353185888,134,10782280489102677587388497364896812347296,-,sample:g2:-:o=10782280489102677587388497364896812347296,False,False
25198072830205918922987379808288116125105,135,2,1,11017142044310854722955375525320307269744,134,10760929438629206938700599350312858263440,-,sample:g2:-:o=10760929438629206938700599350312858263440,False,False
25219423880679389571675277822872070208961,135,2,1,11038493094784325371643273539904261353600,134,10739578388155736290012701335728904179584,-,sample:g2:-:o=10739578388155736290012701335728904179584,False,False
25240774931152860220363175837456024292817,135,2,1,11059844145257796020331171554488215437456,134,10718227337682265641324803321144950095728,-,sample:g2:-:o=10718227337682265641324803321144950095728,False,False
25262125981626330869051073852039978376673,135,2,1,11081195195731266669019069569072169521312,134,10696876287208794992636905306560996011872,-,sample:g2:-:o=10696876287208794992636905306560996011872,False,False
25283477032099801517738971866623932460529,135,2,1,11102546246204737317706967583656123605168,134,10675525236735324343949007291977041928016,-,sample:g2:-:o=10675525236735324343949007291977041928016,False,False
25304828082573272166426869881207886544385,135,2,1,11123897296678207966394865598240077689024,134,10654174186261853695261109277393087844160,-,sample:g2:-:o=10654174186261853695261109277393087844160,False,False
25326179133046742815114767895791840628241,135,2,1,11145248347151678615082763612824031772880,134,10632823135788383046573211262809133760304,-,sample:g2:-:o=10632823135788383046573211262809133760304,False,False
25347530183520213463802665910375794712097,135,2,1,11166599397625149263770661627407985856736,134,10611472085314912397885313248225179676448,-,sample:g2:-:o=10611472085314912397885313248225179676448,False,False
25368881233993684112490563924959748795953,135,2,1,11187950448098619912458559641991939940592,134,10590121034841441749197415233641225592592,-,sample:g2:-:o=10590121034841441749197415233641225592592,False,False
25390232284467154761178461939543702879809,135,2,1,11209301498572090561146457656575894024448,134,10568769984367971100509517219057271508736,-,sample:g2:-:o=10568769984367971100509517219057271508736,False,False
25411583334940625409866359954127656963665,135,2,1,11230652549045561209834355671159848108304,134,10547418933894500451821619204473317424880,-,sample:g2:-:o=10547418933894500451821619204473317424880,False,False
25432934385414096058554257968711611047521,135,2,1,11252003599519031858522253685743802192160,134,10526067883421029803133721189889363341024,-,sample:g2:-:o=10526067883421029803133721189889363341024,False,False
25454285435887566707242155983295565131377,135,2,1,11273354649992502507210151700327756276016,134,10504716832947559154445823175305409257168,-,sample:g2:-:o=10504716832947559154445823175305409257168,False,False
25475636486361037355930053997879519215233,135,2,1,11294705700465973155898049714911710359872,134,10483365782474088505757925160721455173312,-,sample:g2:-:o=10483365782474088505757925160721455173312,False,False
25496987536834508004617952012463473299089,135,2,1,11316056750939443804585947729495664443728,134,10462014732000617857070027146137501089456,-,sample:g2:-:o=10462014732000617857070027146137501089456,False,False
25518338587307978653305850027047427382945,135,2,1,11337407801412914453273845744079618527584,134,10440663681527147208382129131553547005600,-,sample:g2:-:o=10440663681527147208382129131553547005600,False,False
25539689637781449301993748041631381466801,135,2,1,11358758851886385101961743758663572611440,134,10419312631053676559694231116969592921744,-,sample:g2:-:o=10419312631053676559694231116969592921744,False,False
25561040688254919950681646056215335550657,135,2,1,11380109902359855750649641773247526695296,134,10397961580580205911006333102385638837888,-,sample:g2:-:o=10397961580580205911006333102385638837888,False,False
25582391738728390599369544070799289634513,135,2,1,11401460952833326399337539787831480779152,134,10376610530106735262318435087801684754032,-,sample:g2:-:o=10376610530106735262318435087801684754032,False,False
25603742789201861248057442085383243718369,135,2,1,11422812003306797048025437802415434863008,134,10355259479633264613630537073217730670176,-,sample:g2:-:o=10355259479633264613630537073217730670176,False,False
25625093839675331896745340099967197802225,135,2,1,11444163053780267696713335816999388946864,134,10333908429159793964942639058633776586320,-,sample:g2:-:o=10333908429159793964942639058633776586320,False,False
25646444890148802545433238114551151886081,135,2,1,11465514104253738345401233831583343030720,134,10312557378686323316254741044049822502464,-,sample:g2:-:o=10312557378686323316254741044049822502464,False,False
25667795940622273194121136129135105969937,135,2,1,11486865154727208994089131846167297114576,134,10291206328212852667566843029465868418608,-,sample:g2:-:o=10291206328212852667566843029465868418608,False,False
25689146991095743842809034143719060053793,135,2,1,11508216205200679642777029860751251198432,134,10269855277739382018878945014881914334752,-,sample:g2:-:o=10269855277739382018878945014881914334752,False,False
25710498041569214491496932158303014137649,135,2,1,11529567255674150291464927875335205282288,134,10248504227265911370191047000297960250896,-,sample:g2:-:o=10248504227265911370191047000297960250896,False,False
25731849092042685140184830172886968221505,135,2,1,11550918306147620940152825889919159366144,134,10227153176792440721503148985714006167040,-,sample:g2:-:o=10227153176792440721503148985714006167040,False,False
25753200142516155788872728187470922305361,135,2,1,11572269356621091588840723904503113450000,134,10205802126318970072815250971130052083184,-,sample:g2:-:o=10205802126318970072815250971130052083184,False,False
25774551192989626437560626202054876389217,135,2,1,11593620407094562237528621919087067533856,134,10184451075845499424127352956546097999328,-,sample:g2:-:o=10184451075845499424127352956546097999328,False,False
25795902243463097086248524216638830473073,135,2,1,11614971457568032886216519933671021617712,134,10163100025372028775439454941962143915472,-,sample:g2:-:o=10163100025372028775439454941962143915472,False,False
25817253293936567734936422231222784556929,135,2,1,11636322508041503534904417948254975701568,134,10141748974898558126751556927378189831616,-,sample:g2:-:o=10141748974898558126751556927378189831616,False,False
25838604344410038383624320245806738640785,135,2,1,11657673558514974183592315962838929785424,134,10120397924425087478063658912794235747760,-,sample:g2:-:o=10120397924425087478063658912794235747760,False,False
25859955394883509032312218260390692724641,135,2,1,11679024608988444832280213977422883869280,134,10099046873951616829375760898210281663904,-,sample:g2:-:o=10099046873951616829375760898210281663904,False,False
25881306445356979681000116274974646808497,135,2,1,11700375659461915480968111992006837953136,134,10077695823478146180687862883626327580048,-,sample:g2:-:o=10077695823478146180687862883626327580048,False,False
25902657495830450329688014289558600892353,135,2,1,11721726709935386129656010006590792036992,134,10056344773004675531999964869042373496192,-,sample:g2:-:o=10056344773004675531999964869042373496192,False,False
25924008546303920978375912304142554976209,135,2,1,11743077760408856778343908021174746120848,134,10034993722531204883312066854458419412336,-,sample:g2:-:o=10034993722531204883312066854458419412336,False,False
25945359596777391627063810318726509060065,135,2,1,11764428810882327427031806035758700204704,134,10013642672057734234624168839874465328480,-,sample:g2:-:o=10013642672057734234624168839874465328480,False,False
25966710647250862275751708333310463143921,135,2,1,11785779861355798075719704050342654288560,134,9992291621584263585936270825290511244624,-,sample:g2:-:o=9992291621584263585936270825290511244624,False,False
25988061697724332924439606347894417227777,135,2,1,11807130911829268724407602064926608372416,134,9970940571110792937248372810706557160768,-,sample:g2:-:o=9970940571110792937248372810706557160768,False,False
26009412748197803573127504362478371311633,135,2,1,11828481962302739373095500079510562456272,134,9949589520637322288560474796122603076912,-,sample:g2:-:o=9949589520637322288560474796122603076912,False,False
26030763798671274221815402377062325395489,135,2,1,11849833012776210021783398094094516540128,134,9928238470163851639872576781538648993056,-,sample:g2:-:o=9928238470163851639872576781538648993056,False,False
26052114849144744870503300391646279479345,135,2,1,11871184063249680670471296108678470623984,134,9906887419690380991184678766954694909200,-,sample:g2:-:o=9906887419690380991184678766954694909200,False,False
26073465899618215519191198406230233563201,135,2,1,11892535113723151319159194123262424707840,134,9885536369216910342496780752370740825344,-,sample:g2:-:o=9885536369216910342496780752370740825344,False,False
26094816950091686167879096420814187647057,135,2,1,11913886164196621967847092137846378791696,134,9864185318743439693808882737786786741488,-,sample:g2:-:o=9864185318743439693808882737786786741488,False,False
26116168000565156816566994435398141730913,135,2,1,11935237214670092616534990152430332875552,134,9842834268269969045120984723202832657632,-,sample:g2:-:o=9842834268269969045120984723202832657632,False,False
26137519051038627465254892449982095814769,135,2,1,11956588265143563265222888167014286959408,134,9821483217796498396433086708618878573776,-,sample:g2:-:o=9821483217796498396433086708618878573776,False,False
26158870101512098113942790464566049898625,135,2,1,11977939315617033913910786181598241043264,134,9800132167323027747745188694034924489920,-,sample:g2:-:o=9800132167323027747745188694034924489920,False,False
26180221151985568762630688479150003982481,135,2,1,11999290366090504562598684196182195127120,134,9778781116849557099057290679450970406064,-,sample:g2:-:o=9778781116849557099057290679450970406064,False,False
26181859433069451820656725531285487200338,135,2,1,12000928647174387620624721248317678344977,134,9777142835765674041031253627315487188207,-,bridge:L3-L1 mod LO,False,False
26201572202459039411318586493733958066337,135,2,1,12020641416563975211286582210766149210976,134,9757430066376086450369392664867016322208,-,sample:g2:-:o=9757430066376086450369392664867016322208,False,False
26222923252932510060006484508317912150193,135,2,1,12041992467037445859974480225350103294832,134,9736079015902615801681494650283062238352,-,sample:g2:-:o=9736079015902615801681494650283062238352,False,False
26244274303405980708694382522901866234049,135,2,1,12063343517510916508662378239934057378688,134,9714727965429145152993596635699108154496,-,sample:g2:-:o=9714727965429145152993596635699108154496,False,False
26265625353879451357382280537485820317905,135,2,1,12084694567984387157350276254518011462544,134,9693376914955674504305698621115154070640,-,sample:g2:-:o=9693376914955674504305698621115154070640,False,False
26286976404352922006070178552069774401761,135,2,1,12106045618457857806038174269101965546400,134,9672025864482203855617800606531199986784,-,sample:g2:-:o=9672025864482203855617800606531199986784,False,False
26308327454826392654758076566653728485617,135,2,1,12127396668931328454726072283685919630256,134,9650674814008733206929902591947245902928,-,sample:g2:-:o=9650674814008733206929902591947245902928,False,False
26329678505299863303445974581237682569473,135,2,1,12148747719404799103413970298269873714112,134,9629323763535262558242004577363291819072,-,sample:g2:-:o=9629323763535262558242004577363291819072,False,False
26351029555773333952133872595821636653329,135,2,1,12170098769878269752101868312853827797968,134,9607972713061791909554106562779337735216,-,sample:g2:-:o=9607972713061791909554106562779337735216,False,False
26372380606246804600821770610405590737185,135,2,1,12191449820351740400789766327437781881824,134,9586621662588321260866208548195383651360,-,sample:g2:-:o=9586621662588321260866208548195383651360,False,False
26393731656720275249509668624989544821041,135,2,1,12212800870825211049477664342021735965680,134,9565270612114850612178310533611429567504,-,sample:g2:-:o=9565270612114850612178310533611429567504,False,False
26415082707193745898197566639573498904897,135,2,1,12234151921298681698165562356605690049536,134,9543919561641379963490412519027475483648,-,sample:g2:-:o=9543919561641379963490412519027475483648,False,False
26436433757667216546885464654157452988753,135,2,1,12255502971772152346853460371189644133392,134,9522568511167909314802514504443521399792,-,sample:g2:-:o=9522568511167909314802514504443521399792,False,False
26457784808140687195573362668741407072609,135,2,1,12276854022245622995541358385773598217248,134,9501217460694438666114616489859567315936,-,sample:g2:-:o=9501217460694438666114616489859567315936,False,False
26479135858614157844261260683325361156465,135,2,1,12298205072719093644229256400357552301104,134,9479866410220968017426718475275613232080,-,sample:g2:-:o=9479866410220968017426718475275613232080,False,False
26500486909087628492949158697909315240321,135,2,1,12319556123192564292917154414941506384960,134,9458515359747497368738820460691659148224,-,sample:g2:-:o=9458515359747497368738820460691659148224,False,False
26521837959561099141637056712493269324177,135,2,1,12340907173666034941605052429525460468816,134,9437164309274026720050922446107705064368,-,sample:g2:-:o=9437164309274026720050922446107705064368,False,False
26543189010034569790324954727077223408033,135,2,1,12362258224139505590292950444109414552672,134,9415813258800556071363024431523750980512,-,sample:g2:-:o=9415813258800556071363024431523750980512,False,False
26564540060508040439012852741661177491889,135,2,1,12383609274612976238980848458693368636528,134,9394462208327085422675126416939796896656,-,sample:g2:-:o=9394462208327085422675126416939796896656,False,False
26585891110981511087700750756245131575745,135,2,1,12404960325086446887668746473277322720384,134,9373111157853614773987228402355842812800,-,sample:g2:-:o=9373111157853614773987228402355842812800,False,False
26607242161454981736388648770829085659601,135,2,1,12426311375559917536356644487861276804240,134,9351760107380144125299330387771888728944,-,sample:g2:-:o=9351760107380144125299330387771888728944,False,False
26628593211928452385076546785413039743457,135,2,1,12447662426033388185044542502445230888096,134,9330409056906673476611432373187934645088,-,sample:g2:-:o=9330409056906673476611432373187934645088,False,False
26649944262401923033764444799996993827313,135,2,1,12469013476506858833732440517029184971952,134,9309058006433202827923534358603980561232,-,sample:g2:-:o=9309058006433202827923534358603980561232,False,False
26671295312875393682452342814580947911169,135,2,1,12490364526980329482420338531613139055808,134,9287706955959732179235636344020026477376,-,sample:g2:-:o=9287706955959732179235636344020026477376,False,False
26692646363348864331140240829164901995025,135,2,1,12511715577453800131108236546197093139664,134,9266355905486261530547738329436072393520,-,sample:g2:-:o=9266355905486261530547738329436072393520,False,False
26713997413822334979828138843748856078881,135,2,1,12533066627927270779796134560781047223520,134,9245004855012790881859840314852118309664,-,sample:g2:-:o=9245004855012790881859840314852118309664,False,False
26735348464295805628516036858332810162737,135,2,1,12554417678400741428484032575365001307376,134,9223653804539320233171942300268164225808,-,sample:g2:-:o=9223653804539320233171942300268164225808,False,False
26756699514769276277203934872916764246593,135,2,1,12575768728874212077171930589948955391232,134,9202302754065849584484044285684210141952,-,sample:g2:-:o=9202302754065849584484044285684210141952,False,False
26778050565242746925891832887500718330449,135,2,1,12597119779347682725859828604532909475088,134,9180951703592378935796146271100256058096,-,sample:g2:-:o=9180951703592378935796146271100256058096,False,False
26799401615716217574579730902084672414305,135,2,1,12618470829821153374547726619116863558944,134,9159600653118908287108248256516301974240,-,sample:g2:-:o=9159600653118908287108248256516301974240,False,False
26820752666189688223267628916668626498161,135,2,1,12639821880294624023235624633700817642800,134,9138249602645437638420350241932347890384,-,sample:g2:-:o=9138249602645437638420350241932347890384,False,False
26842103716663158871955526931252580582017,135,2,1,12661172930768094671923522648284771726656,134,9116898552171966989732452227348393806528,-,sample:g2:-:o=9116898552171966989732452227348393806528,False,False
26863454767136629520643424945836534665873,135,2,1,12682523981241565320611420662868725810512,134,9095547501698496341044554212764439722672,-,sample:g2:-:o=9095547501698496341044554212764439722672,False,False
26884805817610100169331322960420488749729,135,2,1,12703875031715035969299318677452679894368,134,9074196451225025692356656198180485638816,-,sample:g2:-:o=9074196451225025692356656198180485638816,False,False
26906156868083570818019220975004442833585,135,2,1,12725226082188506617987216692036633978224,134,9052845400751555043668758183596531554960,-,sample:g2:-:o=9052845400751555043668758183596531554960,False,False
26927507918557041466707118989588396917441,135,2,1,12746577132661977266675114706620588062080,134,9031494350278084394980860169012577471104,-,sample:g2:-:o=9031494350278084394980860169012577471104,False,False
26948858969030512115395017004172351001297,135,2,1,12767928183135447915363012721204542145936,134,9010143299804613746292962154428623387248,-,sample:g2:-:o=9010143299804613746292962154428623387248,False,False
26970210019503982764082915018756305085153,135,2,1,12789279233608918564050910735788496229792,134,8988792249331143097605064139844669303392,-,sample:g2:-:o=8988792249331143097605064139844669303392,False,False
26991561069977453412770813033340259169009,135,2,1,12810630284082389212738808750372450313648,134,8967441198857672448917166125260715219536,-,sample:g2:-:o=8967441198857672448917166125260715219536,False,False
27012912120450924061458711047924213252865,135,2,1,12831981334555859861426706764956404397504,134,8946090148384201800229268110676761135680,-,sample:g2:-:o=8946090148384201800229268110676761135680,False,False
27034263170924394710146609062508167336721,135,2,1,12853332385029330510114604779540358481360,134,8924739097910731151541370096092807051824,-,sample:g2:-:o=8924739097910731151541370096092807051824,False,False
27055614221397865358834507077092121420577,135,2,1,12874683435502801158802502794124312565216,134,8903388047437260502853472081508852967968,-,sample:g2:-:o=8903388047437260502853472081508852967968,False,False
27076965271871336007522405091676075504433,135,2,1,12896034485976271807490400808708266649072,134,8882036996963789854165574066924898884112,-,sample:g2:-:o=8882036996963789854165574066924898884112,False,False
27098316322344806656210303106260029588289,135,2,1,12917385536449742456178298823292220732928,134,8860685946490319205477676052340944800256,-,sample:g2:-:o=8860685946490319205477676052340944800256,False,False
27119667372818277304898201120843983672145,135,2,1,12938736586923213104866196837876174816784,134,8839334896016848556789778037756990716400,-,sample:g2:-:o=8839334896016848556789778037756990716400,False,False
27141018423291747953586099135427937756001,135,2,1,12960087637396683753554094852460128900640,134,8817983845543377908101880023173036632544,-,sample:g2:-:o=8817983845543377908101880023173036632544,False,False
27162369473765218602273997150011891839857,135,2,1,12981438687870154402241992867044082984496,134,8796632795069907259413982008589082548688,-,sample:g2:-:o=8796632795069907259413982008589082548688,False,False
27183720524238689250961895164595845923713,135,2,1,13002789738343625050929890881628037068352,134,8775281744596436610726083994005128464832,-,sample:g2:-:o=8775281744596436610726083994005128464832,False,False
27205071574712159899649793179179800007569,135,2,1,13024140788817095699617788896211991152208,134,8753930694122965962038185979421174380976,-,sample:g2:-:o=8753930694122965962038185979421174380976,False,False
27226422625185630548337691193763754091425,135,2,1,13045491839290566348305686910795945236064,134,8732579643649495313350287964837220297120,-,sample:g2:-:o=8732579643649495313350287964837220297120,False,False
27247773675659101197025589208347708175281,135,2,1,13066842889764036996993584925379899319920,134,8711228593176024664662389950253266213264,-,sample:g2:-:o=8711228593176024664662389950253266213264,False,False
27269124726132571845713487222931662259137,135,2,1,13088193940237507645681482939963853403776,134,8689877542702554015974491935669312129408,-,sample:g2:-:o=8689877542702554015974491935669312129408,False,False
27290475776606042494401385237515616342993,135,2,1,13109544990710978294369380954547807487632,134,8668526492229083367286593921085358045552,-,sample:g2:-:o=8668526492229083367286593921085358045552,False,False
27311826827079513143089283252099570426849,135,2,1,13130896041184448943057278969131761571488,134,8647175441755612718598695906501403961696,-,sample:g2:-:o=8647175441755612718598695906501403961696,False,False
27333177877552983791777181266683524510705,135,2,1,13152247091657919591745176983715715655344,134,8625824391282142069910797891917449877840,-,sample:g2:-:o=8625824391282142069910797891917449877840,False,False
27354528928026454440465079281267478594561,135,2,1,13173598142131390240433074998299669739200,134,8604473340808671421222899877333495793984,-,sample:g2:-:o=8604473340808671421222899877333495793984,False,False
27375879978499925089152977295851432678417,135,2,1,13194949192604860889120973012883623823056,134,8583122290335200772535001862749541710128,-,sample:g2:-:o=8583122290335200772535001862749541710128,False,False
27397231028973395737840875310435386762273,135,2,1,13216300243078331537808871027467577906912,134,8561771239861730123847103848165587626272,-,sample:g2:-:o=8561771239861730123847103848165587626272,False,False
27418582079446866386528773325019340846129,135,2,1,13237651293551802186496769042051531990768,134,8540420189388259475159205833581633542416,-,sample:g2:-:o=8540420189388259475159205833581633542416,False,False
27439933129920337035216671339603294929985,135,2,1,13259002344025272835184667056635486074624,134,8519069138914788826471307818997679458560,-,sample:g2:-:o=8519069138914788826471307818997679458560,False,False
27461284180393807683904569354187249013841,135,2,1,13280353394498743483872565071219440158480,134,8497718088441318177783409804413725374704,-,sample:g2:-:o=8497718088441318177783409804413725374704,False,False
27482635230867278332592467368771203097697,135,2,1,13301704444972214132560463085803394242336,134,8476367037967847529095511789829771290848,-,sample:g2:-:o=8476367037967847529095511789829771290848,False,False
27503986281340748981280365383355157181553,135,2,1,13323055495445684781248361100387348326192,134,8455015987494376880407613775245817206992,-,sample:g2:-:o=8455015987494376880407613775245817206992,False,False
27525337331814219629968263397939111265409,135,2,1,13344406545919155429936259114971302410048,134,8433664937020906231719715760661863123136,-,sample:g2:-:o=8433664937020906231719715760661863123136,False,False
27546688382287690278656161412523065349265,135,2,1,13365757596392626078624157129555256493904,134,8412313886547435583031817746077909039280,-,sample:g2:-:o=8412313886547435583031817746077909039280,False,False
27568039432761160927344059427107019433121,135,2,1,13387108646866096727312055144139210577760,134,8390962836073964934343919731493954955424,-,sample:g2:-:o=8390962836073964934343919731493954955424,False,False
27589390483234631576031957441690973516977,135,2,1,13408459697339567375999953158723164661616,134,8369611785600494285656021716910000871568,-,sample:g2:-:o=8369611785600494285656021716910000871568,False,False
27610741533708102224719855456274927600833,135,2,1,13429810747813038024687851173307118745472,134,8348260735127023636968123702326046787712,-,sample:g2:-:o=8348260735127023636968123702326046787712,False,False
27632092584181572873407753470858881684689,135,2,1,13451161798286508673375749187891072829328,134,8326909684653552988280225687742092703856,-,sample:g2:-:o=8326909684653552988280225687742092703856,False,False
27653443634655043522095651485442835768545,135,2,1,13472512848759979322063647202475026913184,134,8305558634180082339592327673158138620000,-,sample:g2:-:o=8305558634180082339592327673158138620000,False,False
27674794685128514170783549500026789852401,135,2,1,13493863899233449970751545217058980997040,134,8284207583706611690904429658574184536144,-,sample:g2:-:o=8284207583706611690904429658574184536144,False,False
27696145735601984819471447514610743936257,135,2,1,13515214949706920619439443231642935080896,134,8262856533233141042216531643990230452288,-,sample:g2:-:o=8262856533233141042216531643990230452288,False,False
27717496786075455468159345529194698020113,135,2,1,13536566000180391268127341246226889164752,134,8241505482759670393528633629406276368432,-,sample:g2:-:o=8241505482759670393528633629406276368432,False,False
27738847836548926116847243543778652103969,135,2,1,13557917050653861916815239260810843248608,134,8220154432286199744840735614822322284576,-,sample:g2:-:o=8220154432286199744840735614822322284576,False,False
27760198887022396765535141558362606187825,135,2,1,13579268101127332565503137275394797332464,134,8198803381812729096152837600238368200720,-,sample:g2:-:o=8198803381812729096152837600238368200720,False,False
27781549937495867414223039572946560271681,135,2,1,13600619151600803214191035289978751416320,134,8177452331339258447464939585654414116864,-,sample:g2:-:o=8177452331339258447464939585654414116864,False,False
27792225462732602738566988580238537313602,135,2,1,13611294676837538538534984297270728458241,134,8166776806102523123120990578362437074943,-,sample:g2:-:o=8166776806102523123120990578362437074943,False,False
27802900987969338062910937587530514355537,135,2,1,13621970202074273862878933304562705500176,134,8156101280865787798777041571070460033008,-,sample:g2:-:o=8156101280865787798777041571070460033008,False,False
27824252038442808711598835602114468439393,135,2,1,13643321252547744511566831319146659584032,134,8134750230392317150089143556486505949152,-,sample:g2:-:o=8134750230392317150089143556486505949152,False,False
27845603088916279360286733616698422523249,135,2,1,13664672303021215160254729333730613667888,134,8113399179918846501401245541902551865296,-,sample:g2:-:o=8113399179918846501401245541902551865296,False,False
27866954139389750008974631631282376607105,135,2,1,13686023353494685808942627348314567751744,134,8092048129445375852713347527318597781440,-,sample:g2:-:o=8092048129445375852713347527318597781440,False,False
27888305189863220657662529645866330690961,135,2,1,13707374403968156457630525362898521835600,134,8070697078971905204025449512734643697584,-,sample:g2:-:o=8070697078971905204025449512734643697584,False,False
27909656240336691306350427660450284774817,135,2,1,13728725454441627106318423377482475919456,134,8049346028498434555337551498150689613728,-,sample:g2:-:o=8049346028498434555337551498150689613728,False,False
27931007290810161955038325675034238858673,135,2,1,13750076504915097755006321392066430003312,134,8027994978024963906649653483566735529872,-,sample:g2:-:o=8027994978024963906649653483566735529872,False,False
27952358341283632603726223689618192942529,135,2,1,13771427555388568403694219406650384087168,134,8006643927551493257961755468982781446016,-,sample:g2:-:o=8006643927551493257961755468982781446016,False,False
27973709391757103252414121704202147026385,135,2,1,13792778605862039052382117421234338171024,134,7985292877078022609273857454398827362160,-,sample:g2:-:o=7985292877078022609273857454398827362160,False,False
27995060442230573901102019718786101110241,135,2,1,13814129656335509701070015435818292254880,134,7963941826604551960585959439814873278304,-,sample:g2:-:o=7963941826604551960585959439814873278304,False,False
28016411492704044549789917733370055194097,135,2,1,13835480706808980349757913450402246338736,134,7942590776131081311898061425230919194448,-,sample:g2:-:o=7942590776131081311898061425230919194448,False,False
28037762543177515198477815747954009277953,135,2,1,13856831757282450998445811464986200422592,134,7921239725657610663210163410646965110592,-,sample:g2:-:o=7921239725657610663210163410646965110592,False,False
28059113593650985847165713762537963361809,135,2,1,13878182807755921647133709479570154506448,134,7899888675184140014522265396063011026736,-,sample:g2:-:o=7899888675184140014522265396063011026736,False,False
28080464644124456495853611777121917445665,135,2,1,13899533858229392295821607494154108590304,134,7878537624710669365834367381479056942880,-,sample:g2:-:o=7878537624710669365834367381479056942880,False,False
28101815694597927144541509791705871529521,135,2,1,13920884908702862944509505508738062674160,134,7857186574237198717146469366895102859024,-,sample:g2:-:o=7857186574237198717146469366895102859024,False,False
28123166745071397793229407806289825613377,135,2,1,13942235959176333593197403523322016758016,134,7835835523763728068458571352311148775168,-,sample:g2:-:o=7835835523763728068458571352311148775168,False,False
28144517795544868441917305820873779697233,135,2,1,13963587009649804241885301537905970841872,134,7814484473290257419770673337727194691312,-,sample:g2:-:o=7814484473290257419770673337727194691312,False,False
28165868846018339090605203835457733781089,135,2,1,13984938060123274890573199552489924925728,134,7793133422816786771082775323143240607456,-,sample:g2:-:o=7793133422816786771082775323143240607456,False,False
28187219896491809739293101850041687864945,135,2,1,14006289110596745539261097567073879009584,134,7771782372343316122394877308559286523600,-,sample:g2:-:o=7771782372343316122394877308559286523600,False,False
28208570946965280387980999864625641948801,135,2,1,14027640161070216187948995581657833093440,134,7750431321869845473706979293975332439744,-,sample:g2:-:o=7750431321869845473706979293975332439744,False,False
28229921997438751036668897879209596032657,135,2,1,14048991211543686836636893596241787177296,134,7729080271396374825019081279391378355888,-,sample:g2:-:o=7729080271396374825019081279391378355888,False,False
28251273047912221685356795893793550116513,135,2,1,14070342262017157485324791610825741261152,134,7707729220922904176331183264807424272032,-,sample:g2:-:o=7707729220922904176331183264807424272032,False,False
28272624098385692334044693908377504200369,135,2,1,14091693312490628134012689625409695345008,134,7686378170449433527643285250223470188176,-,sample:g2:-:o=7686378170449433527643285250223470188176,False,False
28293975148859162982732591922961458284225,135,2,1,14113044362964098782700587639993649428864,134,7665027119975962878955387235639516104320,-,sample:g2:-:o=7665027119975962878955387235639516104320,False,False
28315326199332633631420489937545412368081,135,2,1,14134395413437569431388485654577603512720,134,7643676069502492230267489221055562020464,-,sample:g2:-:o=7643676069502492230267489221055562020464,False,False
28336677249806104280108387952129366451937,135,2,1,14155746463911040080076383669161557596576,134,7622325019029021581579591206471607936608,-,sample:g2:-:o=7622325019029021581579591206471607936608,False,False
28358028300279574928796285966713320535793,135,2,1,14177097514384510728764281683745511680432,134,7600973968555550932891693191887653852752,-,sample:g2:-:o=7600973968555550932891693191887653852752,False,False
28379379350753045577484183981297274619649,135,2,1,14198448564857981377452179698329465764288,134,7579622918082080284203795177303699768896,-,sample:g2:-:o=7579622918082080284203795177303699768896,False,False
28400730401226516226172081995881228703505,135,2,1,14219799615331452026140077712913419848144,134,7558271867608609635515897162719745685040,-,sample:g2:-:o=7558271867608609635515897162719745685040,False,False
28422081451699986874859980010465182787361,135,2,1,14241150665804922674827975727497373932000,134,7536920817135138986827999148135791601184,-,sample:g2:-:o=7536920817135138986827999148135791601184,False,False
28443432502173457523547878025049136871217,135,2,1,14262501716278393323515873742081328015856,134,7515569766661668338140101133551837517328,-,sample:g2:-:o=7515569766661668338140101133551837517328,False,False
28464783552646928172235776039633090955073,135,2,1,14283852766751863972203771756665282099712,134,7494218716188197689452203118967883433472,-,sample:g2:-:o=7494218716188197689452203118967883433472,False,False
28486134603120398820923674054217045038929,135,2,1,14305203817225334620891669771249236183568,134,7472867665714727040764305104383929349616,-,sample:g2:-:o=7472867665714727040764305104383929349616,False,False
28507485653593869469611572068800999122785,135,2,1,14326554867698805269579567785833190267424,134,7451516615241256392076407089799975265760,-,sample:g2:-:o=7451516615241256392076407089799975265760,False,False
28528836704067340118299470083384953206641,135,2,1,14347905918172275918267465800417144351280,134,7430165564767785743388509075216021181904,-,sample:g2:-:o=7430165564767785743388509075216021181904,False,False
28550187754540810766987368097968907290497,135,2,1,14369256968645746566955363815001098435136,134,7408814514294315094700611060632067098048,-,sample:g2:-:o=7408814514294315094700611060632067098048,False,False
28571538805014281415675266112552861374353,135,2,1,14390608019119217215643261829585052518992,134,7387463463820844446012713046048113014192,-,sample:g2:-:o=7387463463820844446012713046048113014192,False,False
28592889855487752064363164127136815458209,135,2,1,14411959069592687864331159844169006602848,134,7366112413347373797324815031464158930336,-,sample:g2:-:o=7366112413347373797324815031464158930336,False,False
28614240905961222713051062141720769542065,135,2,1,14433310120066158513019057858752960686704,134,7344761362873903148636917016880204846480,-,sample:g2:-:o=7344761362873903148636917016880204846480,False,False
28635591956434693361738960156304723625921,135,2,1,14454661170539629161706955873336914770560,134,7323410312400432499949019002296250762624,-,sample:g2:-:o=7323410312400432499949019002296250762624,False,False
28656943006908164010426858170888677709777,135,2,1,14476012221013099810394853887920868854416,134,7302059261926961851261120987712296678768,-,sample:g2:-:o=7302059261926961851261120987712296678768,False,False
28678294057381634659114756185472631793633,135,2,1,14497363271486570459082751902504822938272,134,7280708211453491202573222973128342594912,-,sample:g2:-:o=7280708211453491202573222973128342594912,False,False
28699645107855105307802654200056585877489,135,2,1,14518714321960041107770649917088777022128,134,7259357160980020553885324958544388511056,-,sample:g2:-:o=7259357160980020553885324958544388511056,False,False
28720996158328575956490552214640539961345,135,2,1,14540065372433511756458547931672731105984,134,7238006110506549905197426943960434427200,-,sample:g2:-:o=7238006110506549905197426943960434427200,False,False
28742347208802046605178450229224494045201,135,2,1,14561416422906982405146445946256685189840,134,7216655060033079256509528929376480343344,-,sample:g2:-:o=7216655060033079256509528929376480343344,False,False
28763698259275517253866348243808448129057,135,2,1,14582767473380453053834343960840639273696,134,7195304009559608607821630914792526259488,-,sample:g2:-:o=7195304009559608607821630914792526259488,False,False
28785049309748987902554246258392402212913,135,2,1,14604118523853923702522241975424593357552,134,7173952959086137959133732900208572175632,-,sample:g2:-:o=7173952959086137959133732900208572175632,False,False
28806400360222458551242144272976356296769,135,2,1,14625469574327394351210139990008547441408,134,7152601908612667310445834885624618091776,-,sample:g2:-:o=7152601908612667310445834885624618091776,False,False
28827751410695929199930042287560310380625,135,2,1,14646820624800864999898038004592501525264,134,7131250858139196661757936871040664007920,-,sample:g2:-:o=7131250858139196661757936871040664007920,False,False
28849102461169399848617940302144264464481,135,2,1,14668171675274335648585936019176455609120,134,7109899807665726013070038856456709924064,-,sample:g2:-:o=7109899807665726013070038856456709924064,False,False
28870453511642870497305838316728218548337,135,2,1,14689522725747806297273834033760409692976,134,7088548757192255364382140841872755840208,-,sample:g2:-:o=7088548757192255364382140841872755840208,False,False
28891804562116341145993736331312172632193,135,2,1,14710873776221276945961732048344363776832,134,7067197706718784715694242827288801756352,-,sample:g2:-:o=7067197706718784715694242827288801756352,False,False
28907045727183188257875930477538428912075,135,2,1,14726114941288124057843926194570620056714,134,7051956541651937603812048681062545476470,-,bridge:shelf_y - shelf2,False,False
28913155612589811794681634345896126716049,135,2,1,14732224826694747594649630062928317860688,134,7045846656245314067006344812704847672496,-,sample:g2:-:o=7045846656245314067006344812704847672496,False,False
28934506663063282443369532360480080799905,135,2,1,14753575877168218243337528077512271944544,134,7024495605771843418318446798120893588640,-,sample:g2:-:o=7024495605771843418318446798120893588640,False,False
28955857713536753092057430375064034883761,135,2,1,14774926927641688892025426092096226028400,134,7003144555298372769630548783536939504784,-,sample:g2:-:o=7003144555298372769630548783536939504784,False,False
28977208764010223740745328389647988967617,135,2,1,14796277978115159540713324106680180112256,134,6981793504824902120942650768952985420928,-,sample:g2:-:o=6981793504824902120942650768952985420928,False,False
28998559814483694389433226404231943051473,135,2,1,14817629028588630189401222121264134196112,134,6960442454351431472254752754369031337072,-,sample:g2:-:o=6960442454351431472254752754369031337072,False,False
29019910864957165038121124418815897135329,135,2,1,14838980079062100838089120135848088279968,134,6939091403877960823566854739785077253216,-,sample:g2:-:o=6939091403877960823566854739785077253216,False,False
29041261915430635686809022433399851219185,135,2,1,14860331129535571486777018150432042363824,134,6917740353404490174878956725201123169360,-,sample:g2:-:o=6917740353404490174878956725201123169360,False,False
29062612965904106335496920447983805303041,135,2,1,14881682180009042135464916165015996447680,134,6896389302931019526191058710617169085504,-,sample:g2:-:o=6896389302931019526191058710617169085504,False,False
29083964016377576984184818462567759386897,135,2,1,14903033230482512784152814179599950531536,134,6875038252457548877503160696033215001648,-,sample:g2:-:o=6875038252457548877503160696033215001648,False,False
29105315066851047632872716477151713470753,135,2,1,14924384280955983432840712194183904615392,134,6853687201984078228815262681449260917792,-,sample:g2:-:o=6853687201984078228815262681449260917792,False,False
29126666117324518281560614491735667554609,135,2,1,14945735331429454081528610208767858699248,134,6832336151510607580127364666865306833936,-,sample:g2:-:o=6832336151510607580127364666865306833936,False,False
29148017167797988930248512506319621638465,135,2,1,14967086381902924730216508223351812783104,134,6810985101037136931439466652281352750080,-,sample:g2:-:o=6810985101037136931439466652281352750080,False,False
29169368218271459578936410520903575722321,135,2,1,14988437432376395378904406237935766866960,134,6789634050563666282751568637697398666224,-,sample:g2:-:o=6789634050563666282751568637697398666224,False,False
29190719268744930227624308535487529806177,135,2,1,15009788482849866027592304252519720950816,134,6768283000090195634063670623113444582368,-,sample:g2:-:o=6768283000090195634063670623113444582368,False,False
29212070319218400876312206550071483890033,135,2,1,15031139533323336676280202267103675034672,134,6746931949616724985375772608529490498512,-,sample:g2:-:o=6746931949616724985375772608529490498512,False,False
29233421369691871525000104564655437973889,135,2,1,15052490583796807324968100281687629118528,134,6725580899143254336687874593945536414656,-,sample:g2:-:o=6725580899143254336687874593945536414656,False,False
29254772420165342173688002579239392057745,135,2,1,15073841634270277973655998296271583202384,134,6704229848669783687999976579361582330800,-,sample:g2:-:o=6704229848669783687999976579361582330800,False,False
29276123470638812822375900593823346141601,135,2,1,15095192684743748622343896310855537286240,134,6682878798196313039312078564777628246944,-,sample:g2:-:o=6682878798196313039312078564777628246944,False,False
29297474521112283471063798608407300225457,135,2,1,15116543735217219271031794325439491370096,134,6661527747722842390624180550193674163088,-,sample:g2:-:o=6661527747722842390624180550193674163088,False,False
29318825571585754119751696622991254309313,135,2,1,15137894785690689919719692340023445453952,134,6640176697249371741936282535609720079232,-,sample:g2:-:o=6640176697249371741936282535609720079232,False,False
29340176622059224768439594637575208393169,135,2,1,15159245836164160568407590354607399537808,134,6618825646775901093248384521025765995376,-,sample:g2:-:o=6618825646775901093248384521025765995376,False,False
29361527672532695417127492652159162477025,135,2,1,15180596886637631217095488369191353621664,134,6597474596302430444560486506441811911520,-,sample:g2:-:o=6597474596302430444560486506441811911520,False,False
29382878723006166065815390666743116560881,135,2,1,15201947937111101865783386383775307705520,134,6576123545828959795872588491857857827664,-,sample:g2:-:o=6576123545828959795872588491857857827664,False,False
29404229773479636714503288681327070644737,135,2,1,15223298987584572514471284398359261789376,134,6554772495355489147184690477273903743808,-,sample:g2:-:o=6554772495355489147184690477273903743808,False,False
29425580823953107363191186695911024728593,135,2,1,15244650038058043163159182412943215873232,134,6533421444882018498496792462689949659952,-,sample:g2:-:o=6533421444882018498496792462689949659952,False,False
29446931874426578011879084710494978812449,135,2,1,15266001088531513811847080427527169957088,134,6512070394408547849808894448105995576096,-,sample:g2:-:o=6512070394408547849808894448105995576096,False,False
29468282924900048660566982725078932896305,135,2,1,15287352139004984460534978442111124040944,134,6490719343935077201120996433522041492240,-,sample:g2:-:o=6490719343935077201120996433522041492240,False,False
29489633975373519309254880739662886980161,135,2,1,15308703189478455109222876456695078124800,134,6469368293461606552433098418938087408384,-,sample:g2:-:o=6469368293461606552433098418938087408384,False,False
29510985025846989957942778754246841064017,135,2,1,15330054239951925757910774471279032208656,134,6448017242988135903745200404354133324528,-,sample:g2:-:o=6448017242988135903745200404354133324528,False,False
29532336076320460606630676768830795147873,135,2,1,15351405290425396406598672485862986292512,134,6426666192514665255057302389770179240672,-,sample:g2:-:o=6426666192514665255057302389770179240672,False,False
29553687126793931255318574783414749231729,135,2,1,15372756340898867055286570500446940376368,134,6405315142041194606369404375186225156816,-,sample:g2:-:o=6405315142041194606369404375186225156816,False,False
29575038177267401904006472797998703315585,135,2,1,15394107391372337703974468515030894460224,134,6383964091567723957681506360602271072960,-,sample:g2:-:o=6383964091567723957681506360602271072960,False,False
29596389227740872552694370812582657399441,135,2,1,15415458441845808352662366529614848544080,134,6362613041094253308993608346018316989104,-,sample:g2:-:o=6362613041094253308993608346018316989104,False,False
29617740278214343201382268827166611483297,135,2,1,15436809492319279001350264544198802627936,134,6341261990620782660305710331434362905248,-,sample:g2:-:o=6341261990620782660305710331434362905248,False,False
29639091328687813850070166841750565567153,135,2,1,15458160542792749650038162558782756711792,134,6319910940147312011617812316850408821392,-,sample:g2:-:o=6319910940147312011617812316850408821392,False,False
29660442379161284498758064856334519651009,135,2,1,15479511593266220298726060573366710795648,134,6298559889673841362929914302266454737536,-,sample:g2:-:o=6298559889673841362929914302266454737536,False,False
29681793429634755147445962870918473734865,135,2,1,15500862643739690947413958587950664879504,134,6277208839200370714242016287682500653680,-,sample:g2:-:o=6277208839200370714242016287682500653680,False,False
29703144480108225796133860885502427818721,135,2,1,15522213694213161596101856602534618963360,134,6255857788726900065554118273098546569824,-,sample:g2:-:o=6255857788726900065554118273098546569824,False,False
29724495530581696444821758900086381902577,135,2,1,15543564744686632244789754617118573047216,134,6234506738253429416866220258514592485968,-,sample:g2:-:o=6234506738253429416866220258514592485968,False,False
29745846581055167093509656914670335986433,135,2,1,15564915795160102893477652631702527131072,134,6213155687779958768178322243930638402112,-,sample:g2:-:o=6213155687779958768178322243930638402112,False,False
29767197631528637742197554929254290070289,135,2,1,15586266845633573542165550646286481214928,134,6191804637306488119490424229346684318256,-,sample:g2:-:o=6191804637306488119490424229346684318256,False,False
29788548682002108390885452943838244154145,135,2,1,15607617896107044190853448660870435298784,134,6170453586833017470802526214762730234400,-,sample:g2:-:o=6170453586833017470802526214762730234400,False,False
29809899732475579039573350958422198238001,135,2,1,15628968946580514839541346675454389382640,134,6149102536359546822114628200178776150544,-,sample:g2:-:o=6149102536359546822114628200178776150544,False,False
29831250782949049688261248973006152321857,135,2,1,15650319997053985488229244690038343466496,134,6127751485886076173426730185594822066688,-,sample:g2:-:o=6127751485886076173426730185594822066688,False,False
29852601833422520336949146987590106405713,135,2,1,15671671047527456136917142704622297550352,134,6106400435412605524738832171010867982832,-,sample:g2:-:o=6106400435412605524738832171010867982832,False,False
29873952883895990985637045002174060489569,135,2,1,15693022098000926785605040719206251634208,134,6085049384939134876050934156426913898976,-,sample:g2:-:o=6085049384939134876050934156426913898976,False,False
29895303934369461634324943016758014573425,135,2,1,15714373148474397434292938733790205718064,134,6063698334465664227363036141842959815120,-,sample:g2:-:o=6063698334465664227363036141842959815120,False,False
29916654984842932283012841031341968657281,135,2,1,15735724198947868082980836748374159801920,134,6042347283992193578675138127259005731264,-,sample:g2:-:o=6042347283992193578675138127259005731264,False,False
29938006035316402931700739045925922741137,135,2,1,15757075249421338731668734762958113885776,134,6020996233518722929987240112675051647408,-,sample:g2:-:o=6020996233518722929987240112675051647408,False,False
29959357085789873580388637060509876824993,135,2,1,15778426299894809380356632777542067969632,134,5999645183045252281299342098091097563552,-,sample:g2:-:o=5999645183045252281299342098091097563552,False,False
29980708136263344229076535075093830908849,135,2,1,15799777350368280029044530792126022053488,134,5978294132571781632611444083507143479696,-,sample:g2:-:o=5978294132571781632611444083507143479696,False,False
30002059186736814877764433089677784992705,135,2,1,15821128400841750677732428806709976137344,134,5956943082098310983923546068923189395840,-,sample:g2:-:o=5956943082098310983923546068923189395840,False,False
30023410237210285526452331104261739076561,135,2,1,15842479451315221326420326821293930221200,134,5935592031624840335235648054339235311984,-,sample:g2:-:o=5935592031624840335235648054339235311984,False,False
30044761287683756175140229118845693160417,135,2,1,15863830501788691975108224835877884305056,134,5914240981151369686547750039755281228128,-,sample:g2:-:o=5914240981151369686547750039755281228128,False,False
30066112338157226823828127133429647244273,135,2,1,15885181552262162623796122850461838388912,134,5892889930677899037859852025171327144272,-,sample:g2:-:o=5892889930677899037859852025171327144272,False,False
30087463388630697472516025148013601328129,135,2,1,15906532602735633272484020865045792472768,134,5871538880204428389171954010587373060416,-,sample:g2:-:o=5871538880204428389171954010587373060416,False,False
30108814439104168121203923162597555411985,135,2,1,15927883653209103921171918879629746556624,134,5850187829730957740484055996003418976560,-,sample:g2:-:o=5850187829730957740484055996003418976560,False,False
30130165489577638769891821177181509495841,135,2,1,15949234703682574569859816894213700640480,134,5828836779257487091796157981419464892704,-,sample:g2:-:o=5828836779257487091796157981419464892704,False,False
30151516540051109418579719191765463579697,135,2,1,15970585754156045218547714908797654724336,134,5807485728784016443108259966835510808848,-,sample:g2:-:o=5807485728784016443108259966835510808848,False,False
30172867590524580067267617206349417663553,135,2,1,15991936804629515867235612923381608808192,134,5786134678310545794420361952251556724992,-,sample:g2:-:o=5786134678310545794420361952251556724992,False,False
30194218640998050715955515220933371747409,135,2,1,16013287855102986515923510937965562892048,134,5764783627837075145732463937667602641136,-,sample:g2:-:o=5764783627837075145732463937667602641136,False,False
30215569691471521364643413235517325831265,135,2,1,16034638905576457164611408952549516975904,134,5743432577363604497044565923083648557280,-,sample:g2:-:o=5743432577363604497044565923083648557280,False,False
30236920741944992013331311250101279915121,135,2,1,16055989956049927813299306967133471059760,134,5722081526890133848356667908499694473424,-,sample:g2:-:o=5722081526890133848356667908499694473424,False,False
30258271792418462662019209264685233998977,135,2,1,16077341006523398461987204981717425143616,134,5700730476416663199668769893915740389568,-,sample:g2:-:o=5700730476416663199668769893915740389568,False,False
30279622842891933310707107279269188082833,135,2,1,16098692056996869110675102996301379227472,134,5679379425943192550980871879331786305712,-,sample:g2:-:o=5679379425943192550980871879331786305712,False,False
30300973893365403959395005293853142166689,135,2,1,16120043107470339759363001010885333311328,134,5658028375469721902292973864747832221856,-,sample:g2:-:o=5658028375469721902292973864747832221856,False,False
30322324943838874608082903308437096250545,135,2,1,16141394157943810408050899025469287395184,134,5636677324996251253605075850163878138000,-,sample:g2:-:o=5636677324996251253605075850163878138000,False,False
30343675994312345256770801323021050334401,135,2,1,16162745208417281056738797040053241479040,134,5615326274522780604917177835579924054144,-,sample:g2:-:o=5615326274522780604917177835579924054144,False,False
30365027044785815905458699337605004418257,135,2,1,16184096258890751705426695054637195562896,134,5593975224049309956229279820995969970288,-,sample:g2:-:o=5593975224049309956229279820995969970288,False,False
30386378095259286554146597352188958502113,135,2,1,16205447309364222354114593069221149646752,134,5572624173575839307541381806412015886432,-,sample:g2:-:o=5572624173575839307541381806412015886432,False,False
30407729145732757202834495366772912585969,135,2,1,16226798359837693002802491083805103730608,134,5551273123102368658853483791828061802576,-,sample:g2:-:o=5551273123102368658853483791828061802576,False,False
30429080196206227851522393381356866669825,135,2,1,16248149410311163651490389098389057814464,134,5529922072628898010165585777244107718720,-,sample:g2:-:o=5529922072628898010165585777244107718720,False,False
30450431246679698500210291395940820753681,135,2,1,16269500460784634300178287112973011898320,134,5508571022155427361477687762660153634864,-,sample:g2:-:o=5508571022155427361477687762660153634864,False,False
30471782297153169148898189410524774837537,135,2,1,16290851511258104948866185127556965982176,134,5487219971681956712789789748076199551008,-,sample:g2:-:o=5487219971681956712789789748076199551008,False,False
30493133347626639797586087425108728921393,135,2,1,16312202561731575597554083142140920066032,134,5465868921208486064101891733492245467152,-,sample:g2:-:o=5465868921208486064101891733492245467152,False,False
30514484398100110446273985439692683005249,135,2,1,16333553612205046246241981156724874149888,134,5444517870735015415413993718908291383296,-,sample:g2:-:o=5444517870735015415413993718908291383296,False,False
21781904754450615132923697474855462708113,135,2,2,7600973968555550932891693191887653852752,133,7600973968555550932891693191887653852752,+,sample:g2:+:o=7600973968555550932891693191887653852752,False,True
21803255804924085781611595489439416791969,135,2,2,7622325019029021581579591206471607936608,133,7622325019029021581579591206471607936608,+,sample:g2:+:o=7622325019029021581579591206471607936608,False,True
21824606855397556430299493504023370875825,135,2,2,7643676069502492230267489221055562020464,133,7643676069502492230267489221055562020464,+,sample:g2:+:o=7643676069502492230267489221055562020464,False,True
21845957905871027078987391518607324959681,135,2,2,7665027119975962878955387235639516104320,133,7665027119975962878955387235639516104320,+,sample:g2:+:o=7665027119975962878955387235639516104320,False,True
21867308956344497727675289533191279043537,135,2,2,7686378170449433527643285250223470188176,133,7686378170449433527643285250223470188176,+,sample:g2:+:o=7686378170449433527643285250223470188176,False,True
21888660006817968376363187547775233127393,135,2,2,7707729220922904176331183264807424272032,133,7707729220922904176331183264807424272032,+,sample:g2:+:o=7707729220922904176331183264807424272032,False,True
21910011057291439025051085562359187211249,135,2,2,7729080271396374825019081279391378355888,133,7729080271396374825019081279391378355888,+,sample:g2:+:o=7729080271396374825019081279391378355888,False,True
21931362107764909673738983576943141295105,135,2,2,7750431321869845473706979293975332439744,133,7750431321869845473706979293975332439744,+,sample:g2:+:o=7750431321869845473706979293975332439744,False,True
21952713158238380322426881591527095378961,135,2,2,7771782372343316122394877308559286523600,133,7771782372343316122394877308559286523600,+,sample:g2:+:o=7771782372343316122394877308559286523600,False,True
21974064208711850971114779606111049462817,135,2,2,7793133422816786771082775323143240607456,133,7793133422816786771082775323143240607456,+,sample:g2:+:o=7793133422816786771082775323143240607456,False,True
21995415259185321619802677620695003546673,135,2,2,7814484473290257419770673337727194691312,133,7814484473290257419770673337727194691312,+,sample:g2:+:o=7814484473290257419770673337727194691312,False,True
22016766309658792268490575635278957630529,135,2,2,7835835523763728068458571352311148775168,133,7835835523763728068458571352311148775168,+,sample:g2:+:o=7835835523763728068458571352311148775168,False,True
22038117360132262917178473649862911714385,135,2,2,7857186574237198717146469366895102859024,133,7857186574237198717146469366895102859024,+,sample:g2:+:o=7857186574237198717146469366895102859024,False,True
22059468410605733565866371664446865798241,135,2,2,7878537624710669365834367381479056942880,133,7878537624710669365834367381479056942880,+,sample:g2:+:o=7878537624710669365834367381479056942880,False,True
22080819461079204214554269679030819882097,135,2,2,7899888675184140014522265396063011026736,133,7899888675184140014522265396063011026736,+,sample:g2:+:o=7899888675184140014522265396063011026736,False,True
22102170511552674863242167693614773965953,135,2,2,7921239725657610663210163410646965110592,133,7921239725657610663210163410646965110592,+,sample:g2:+:o=7921239725657610663210163410646965110592,False,True
22123521562026145511930065708198728049809,135,2,2,7942590776131081311898061425230919194448,133,7942590776131081311898061425230919194448,+,sample:g2:+:o=7942590776131081311898061425230919194448,False,True
22144872612499616160617963722782682133665,135,2,2,7963941826604551960585959439814873278304,133,7963941826604551960585959439814873278304,+,sample:g2:+:o=7963941826604551960585959439814873278304,False,True
22166223662973086809305861737366636217521,135,2,2,7985292877078022609273857454398827362160,133,7985292877078022609273857454398827362160,+,sample:g2:+:o=7985292877078022609273857454398827362160,False,True
22187574713446557457993759751950590301377,135,2,2,8006643927551493257961755468982781446016,133,8006643927551493257961755468982781446016,+,sample:g2:+:o=8006643927551493257961755468982781446016,False,True
22208925763920028106681657766534544385233,135,2,2,8027994978024963906649653483566735529872,133,8027994978024963906649653483566735529872,+,sample:g2:+:o=8027994978024963906649653483566735529872,False,True
22230276814393498755369555781118498469089,135,2,2,8049346028498434555337551498150689613728,133,8049346028498434555337551498150689613728,+,sample:g2:+:o=8049346028498434555337551498150689613728,False,True
22251627864866969404057453795702452552945,135,2,2,8070697078971905204025449512734643697584,133,8070697078971905204025449512734643697584,+,sample:g2:+:o=8070697078971905204025449512734643697584,False,True
22272978915340440052745351810286406636801,135,2,2,8092048129445375852713347527318597781440,133,8092048129445375852713347527318597781440,+,sample:g2:+:o=8092048129445375852713347527318597781440,False,True
22294329965813910701433249824870360720657,135,2,2,8113399179918846501401245541902551865296,133,8113399179918846501401245541902551865296,+,sample:g2:+:o=8113399179918846501401245541902551865296,False,True
22315681016287381350121147839454314804513,135,2,2,8134750230392317150089143556486505949152,133,8134750230392317150089143556486505949152,+,sample:g2:+:o=8134750230392317150089143556486505949152,False,True
22337032066760851998809045854038268888369,135,2,2,8156101280865787798777041571070460033008,133,8156101280865787798777041571070460033008,+,sample:g2:+:o=8156101280865787798777041571070460033008,False,True
22347707591997587323152994861330245930304,135,2,2,8166776806102523123120990578362437074943,133,8166776806102523123120990578362437074943,+,sample:g2:+:o=8166776806102523123120990578362437074943,False,True
22358383117234322647496943868622222972225,135,2,2,8177452331339258447464939585654414116864,133,8177452331339258447464939585654414116864,+,sample:g2:+:o=8177452331339258447464939585654414116864,False,True
22379734167707793296184841883206177056081,135,2,2,8198803381812729096152837600238368200720,133,8198803381812729096152837600238368200720,+,sample:g2:+:o=8198803381812729096152837600238368200720,False,True
22401085218181263944872739897790131139937,135,2,2,8220154432286199744840735614822322284576,133,8220154432286199744840735614822322284576,+,sample:g2:+:o=8220154432286199744840735614822322284576,False,True
22422436268654734593560637912374085223793,135,2,2,8241505482759670393528633629406276368432,133,8241505482759670393528633629406276368432,+,sample:g2:+:o=8241505482759670393528633629406276368432,False,True
22443787319128205242248535926958039307649,135,2,2,8262856533233141042216531643990230452288,133,8262856533233141042216531643990230452288,+,sample:g2:+:o=8262856533233141042216531643990230452288,False,True
22465138369601675890936433941541993391505,135,2,2,8284207583706611690904429658574184536144,133,8284207583706611690904429658574184536144,+,sample:g2:+:o=8284207583706611690904429658574184536144,False,True
22486489420075146539624331956125947475361,135,2,2,8305558634180082339592327673158138620000,133,8305558634180082339592327673158138620000,+,sample:g2:+:o=8305558634180082339592327673158138620000,False,True
22507840470548617188312229970709901559217,135,2,2,8326909684653552988280225687742092703856,133,8326909684653552988280225687742092703856,+,sample:g2:+:o=8326909684653552988280225687742092703856,False,True
22529191521022087837000127985293855643073,135,2,2,8348260735127023636968123702326046787712,133,8348260735127023636968123702326046787712,+,sample:g2:+:o=8348260735127023636968123702326046787712,False,True
22550542571495558485688025999877809726929,135,2,2,8369611785600494285656021716910000871568,133,8369611785600494285656021716910000871568,+,sample:g2:+:o=8369611785600494285656021716910000871568,False,True
22571893621969029134375924014461763810785,135,2,2,8390962836073964934343919731493954955424,133,8390962836073964934343919731493954955424,+,sample:g2:+:o=8390962836073964934343919731493954955424,False,True
22593244672442499783063822029045717894641,135,2,2,8412313886547435583031817746077909039280,133,8412313886547435583031817746077909039280,+,sample:g2:+:o=8412313886547435583031817746077909039280,False,True
22614595722915970431751720043629671978497,135,2,2,8433664937020906231719715760661863123136,133,8433664937020906231719715760661863123136,+,sample:g2:+:o=8433664937020906231719715760661863123136,False,True
22635946773389441080439618058213626062353,135,2,2,8455015987494376880407613775245817206992,133,8455015987494376880407613775245817206992,+,sample:g2:+:o=8455015987494376880407613775245817206992,False,True
22657297823862911729127516072797580146209,135,2,2,8476367037967847529095511789829771290848,133,8476367037967847529095511789829771290848,+,sample:g2:+:o=8476367037967847529095511789829771290848,False,True
22678648874336382377815414087381534230065,135,2,2,8497718088441318177783409804413725374704,133,8497718088441318177783409804413725374704,+,sample:g2:+:o=8497718088441318177783409804413725374704,False,True
22699999924809853026503312101965488313921,135,2,2,8519069138914788826471307818997679458560,133,8519069138914788826471307818997679458560,+,sample:g2:+:o=8519069138914788826471307818997679458560,False,True
22721350975283323675191210116549442397777,135,2,2,8540420189388259475159205833581633542416,133,8540420189388259475159205833581633542416,+,sample:g2:+:o=8540420189388259475159205833581633542416,False,True
22742702025756794323879108131133396481633,135,2,2,8561771239861730123847103848165587626272,133,8561771239861730123847103848165587626272,+,sample:g2:+:o=8561771239861730123847103848165587626272,False,True
22764053076230264972567006145717350565489,135,2,2,8583122290335200772535001862749541710128,133,8583122290335200772535001862749541710128,+,sample:g2:+:o=8583122290335200772535001862749541710128,False,True
22785404126703735621254904160301304649345,135,2,2,8604473340808671421222899877333495793984,133,8604473340808671421222899877333495793984,+,sample:g2:+:o=8604473340808671421222899877333495793984,False,True
22806755177177206269942802174885258733201,135,2,2,8625824391282142069910797891917449877840,133,8625824391282142069910797891917449877840,+,sample:g2:+:o=8625824391282142069910797891917449877840,False,True
22828106227650676918630700189469212817057,135,2,2,8647175441755612718598695906501403961696,133,8647175441755612718598695906501403961696,+,sample:g2:+:o=8647175441755612718598695906501403961696,False,True
22849457278124147567318598204053166900913,135,2,2,8668526492229083367286593921085358045552,133,8668526492229083367286593921085358045552,+,sample:g2:+:o=8668526492229083367286593921085358045552,False,True
22870808328597618216006496218637120984769,135,2,2,8689877542702554015974491935669312129408,133,8689877542702554015974491935669312129408,+,sample:g2:+:o=8689877542702554015974491935669312129408,False,True
22892159379071088864694394233221075068625,135,2,2,8711228593176024664662389950253266213264,133,8711228593176024664662389950253266213264,+,sample:g2:+:o=8711228593176024664662389950253266213264,False,True
22913510429544559513382292247805029152481,135,2,2,8732579643649495313350287964837220297120,133,8732579643649495313350287964837220297120,+,sample:g2:+:o=8732579643649495313350287964837220297120,False,True
22934861480018030162070190262388983236337,135,2,2,8753930694122965962038185979421174380976,133,8753930694122965962038185979421174380976,+,sample:g2:+:o=8753930694122965962038185979421174380976,False,True
22956212530491500810758088276972937320193,135,2,2,8775281744596436610726083994005128464832,133,8775281744596436610726083994005128464832,+,sample:g2:+:o=8775281744596436610726083994005128464832,False,True
22977563580964971459445986291556891404049,135,2,2,8796632795069907259413982008589082548688,133,8796632795069907259413982008589082548688,+,sample:g2:+:o=8796632795069907259413982008589082548688,False,True
22998914631438442108133884306140845487905,135,2,2,8817983845543377908101880023173036632544,133,8817983845543377908101880023173036632544,+,sample:g2:+:o=8817983845543377908101880023173036632544,False,True
23020265681911912756821782320724799571761,135,2,2,8839334896016848556789778037756990716400,133,8839334896016848556789778037756990716400,+,sample:g2:+:o=8839334896016848556789778037756990716400,False,True
23041616732385383405509680335308753655617,135,2,2,8860685946490319205477676052340944800256,133,8860685946490319205477676052340944800256,+,sample:g2:+:o=8860685946490319205477676052340944800256,False,True
23062967782858854054197578349892707739473,135,2,2,8882036996963789854165574066924898884112,133,8882036996963789854165574066924898884112,+,sample:g2:+:o=8882036996963789854165574066924898884112,False,True
23084318833332324702885476364476661823329,135,2,2,8903388047437260502853472081508852967968,133,8903388047437260502853472081508852967968,+,sample:g2:+:o=8903388047437260502853472081508852967968,False,True
23105669883805795351573374379060615907185,135,2,2,8924739097910731151541370096092807051824,133,8924739097910731151541370096092807051824,+,sample:g2:+:o=8924739097910731151541370096092807051824,False,True
23127020934279266000261272393644569991041,135,2,2,8946090148384201800229268110676761135680,133,8946090148384201800229268110676761135680,+,sample:g2:+:o=8946090148384201800229268110676761135680,False,True
23148371984752736648949170408228524074897,135,2,2,8967441198857672448917166125260715219536,133,8967441198857672448917166125260715219536,+,sample:g2:+:o=8967441198857672448917166125260715219536,False,True
23169723035226207297637068422812478158753,135,2,2,8988792249331143097605064139844669303392,133,8988792249331143097605064139844669303392,+,sample:g2:+:o=8988792249331143097605064139844669303392,False,True
23191074085699677946324966437396432242609,135,2,2,9010143299804613746292962154428623387248,133,9010143299804613746292962154428623387248,+,sample:g2:+:o=9010143299804613746292962154428623387248,False,True
23212425136173148595012864451980386326465,135,2,2,9031494350278084394980860169012577471104,133,9031494350278084394980860169012577471104,+,sample:g2:+:o=9031494350278084394980860169012577471104,False,True
23233776186646619243700762466564340410321,135,2,2,9052845400751555043668758183596531554960,133,9052845400751555043668758183596531554960,+,sample:g2:+:o=9052845400751555043668758183596531554960,False,True
23255127237120089892388660481148294494177,135,2,2,9074196451225025692356656198180485638816,133,9074196451225025692356656198180485638816,+,sample:g2:+:o=9074196451225025692356656198180485638816,False,True
23276478287593560541076558495732248578033,135,2,2,9095547501698496341044554212764439722672,133,9095547501698496341044554212764439722672,+,sample:g2:+:o=9095547501698496341044554212764439722672,False,True
23297829338067031189764456510316202661889,135,2,2,9116898552171966989732452227348393806528,133,9116898552171966989732452227348393806528,+,sample:g2:+:o=9116898552171966989732452227348393806528,False,True
23319180388540501838452354524900156745745,135,2,2,9138249602645437638420350241932347890384,133,9138249602645437638420350241932347890384,+,sample:g2:+:o=9138249602645437638420350241932347890384,False,True
23340531439013972487140252539484110829601,135,2,2,9159600653118908287108248256516301974240,133,9159600653118908287108248256516301974240,+,sample:g2:+:o=9159600653118908287108248256516301974240,False,True
23361882489487443135828150554068064913457,135,2,2,9180951703592378935796146271100256058096,133,9180951703592378935796146271100256058096,+,sample:g2:+:o=9180951703592378935796146271100256058096,False,True
23383233539960913784516048568652018997313,135,2,2,9202302754065849584484044285684210141952,133,9202302754065849584484044285684210141952,+,sample:g2:+:o=9202302754065849584484044285684210141952,False,True
23404584590434384433203946583235973081169,135,2,2,9223653804539320233171942300268164225808,133,9223653804539320233171942300268164225808,+,sample:g2:+:o=9223653804539320233171942300268164225808,False,True
23425935640907855081891844597819927165025,135,2,2,9245004855012790881859840314852118309664,133,9245004855012790881859840314852118309664,+,sample:g2:+:o=9245004855012790881859840314852118309664,False,True
23447286691381325730579742612403881248881,135,2,2,9266355905486261530547738329436072393520,133,9266355905486261530547738329436072393520,+,sample:g2:+:o=9266355905486261530547738329436072393520,False,True
23468637741854796379267640626987835332737,135,2,2,9287706955959732179235636344020026477376,133,9287706955959732179235636344020026477376,+,sample:g2:+:o=9287706955959732179235636344020026477376,False,True
23489988792328267027955538641571789416593,135,2,2,9309058006433202827923534358603980561232,133,9309058006433202827923534358603980561232,+,sample:g2:+:o=9309058006433202827923534358603980561232,False,True
23511339842801737676643436656155743500449,135,2,2,9330409056906673476611432373187934645088,133,9330409056906673476611432373187934645088,+,sample:g2:+:o=9330409056906673476611432373187934645088,False,True
23532690893275208325331334670739697584305,135,2,2,9351760107380144125299330387771888728944,133,9351760107380144125299330387771888728944,+,sample:g2:+:o=9351760107380144125299330387771888728944,False,True
23554041943748678974019232685323651668161,135,2,2,9373111157853614773987228402355842812800,133,9373111157853614773987228402355842812800,+,sample:g2:+:o=9373111157853614773987228402355842812800,False,True
23575392994222149622707130699907605752017,135,2,2,9394462208327085422675126416939796896656,133,9394462208327085422675126416939796896656,+,sample:g2:+:o=9394462208327085422675126416939796896656,False,True
23596744044695620271395028714491559835873,135,2,2,9415813258800556071363024431523750980512,133,9415813258800556071363024431523750980512,+,sample:g2:+:o=9415813258800556071363024431523750980512,False,True
23618095095169090920082926729075513919729,135,2,2,9437164309274026720050922446107705064368,133,9437164309274026720050922446107705064368,+,sample:g2:+:o=9437164309274026720050922446107705064368,False,True
23639446145642561568770824743659468003585,135,2,2,9458515359747497368738820460691659148224,133,9458515359747497368738820460691659148224,+,sample:g2:+:o=9458515359747497368738820460691659148224,False,True
23660797196116032217458722758243422087441,135,2,2,9479866410220968017426718475275613232080,133,9479866410220968017426718475275613232080,+,sample:g2:+:o=9479866410220968017426718475275613232080,False,True
23682148246589502866146620772827376171297,135,2,2,9501217460694438666114616489859567315936,133,9501217460694438666114616489859567315936,+,sample:g2:+:o=9501217460694438666114616489859567315936,False,True
23703499297062973514834518787411330255153,135,2,2,9522568511167909314802514504443521399792,133,9522568511167909314802514504443521399792,+,sample:g2:+:o=9522568511167909314802514504443521399792,False,True
23724850347536444163522416801995284339009,135,2,2,9543919561641379963490412519027475483648,133,9543919561641379963490412519027475483648,+,sample:g2:+:o=9543919561641379963490412519027475483648,False,True
23746201398009914812210314816579238422865,135,2,2,9565270612114850612178310533611429567504,133,9565270612114850612178310533611429567504,+,sample:g2:+:o=9565270612114850612178310533611429567504,False,True
23767552448483385460898212831163192506721,135,2,2,9586621662588321260866208548195383651360,133,9586621662588321260866208548195383651360,+,sample:g2:+:o=9586621662588321260866208548195383651360,False,True
23788903498956856109586110845747146590577,135,2,2,9607972713061791909554106562779337735216,133,9607972713061791909554106562779337735216,+,sample:g2:+:o=9607972713061791909554106562779337735216,False,True
23810254549430326758274008860331100674433,135,2,2,9629323763535262558242004577363291819072,133,9629323763535262558242004577363291819072,+,sample:g2:+:o=9629323763535262558242004577363291819072,False,True
23831605599903797406961906874915054758289,135,2,2,9650674814008733206929902591947245902928,133,9650674814008733206929902591947245902928,+,sample:g2:+:o=9650674814008733206929902591947245902928,False,True
23852956650377268055649804889499008842145,135,2,2,9672025864482203855617800606531199986784,133,9672025864482203855617800606531199986784,+,sample:g2:+:o=9672025864482203855617800606531199986784,False,True
23874307700850738704337702904082962926001,135,2,2,9693376914955674504305698621115154070640,133,9693376914955674504305698621115154070640,+,sample:g2:+:o=9693376914955674504305698621115154070640,False,True
23895658751324209353025600918666917009857,135,2,2,9714727965429145152993596635699108154496,133,9714727965429145152993596635699108154496,+,sample:g2:+:o=9714727965429145152993596635699108154496,False,True
23917009801797680001713498933250871093713,135,2,2,9736079015902615801681494650283062238352,133,9736079015902615801681494650283062238352,+,sample:g2:+:o=9736079015902615801681494650283062238352,False,True
23938360852271150650401396947834825177569,135,2,2,9757430066376086450369392664867016322208,133,9757430066376086450369392664867016322208,+,sample:g2:+:o=9757430066376086450369392664867016322208,False,True
23958073621660738241063257910283296043568,135,2,2,9777142835765674041031253627315487188207,133,9777142835765674041031253627315487188207,+,bridge:L3-L1 mod LO,False,True
23959711902744621299089294962418779261425,135,2,2,9778781116849557099057290679450970406064,133,9778781116849557099057290679450970406064,+,sample:g2:+:o=9778781116849557099057290679450970406064,False,True
23981062953218091947777192977002733345281,135,2,2,9800132167323027747745188694034924489920,133,9800132167323027747745188694034924489920,+,sample:g2:+:o=9800132167323027747745188694034924489920,False,True
24002414003691562596465090991586687429137,135,2,2,9821483217796498396433086708618878573776,133,9821483217796498396433086708618878573776,+,sample:g2:+:o=9821483217796498396433086708618878573776,False,True
24023765054165033245152989006170641512993,135,2,2,9842834268269969045120984723202832657632,133,9842834268269969045120984723202832657632,+,sample:g2:+:o=9842834268269969045120984723202832657632,False,True
24045116104638503893840887020754595596849,135,2,2,9864185318743439693808882737786786741488,133,9864185318743439693808882737786786741488,+,sample:g2:+:o=9864185318743439693808882737786786741488,False,True
24066467155111974542528785035338549680705,135,2,2,9885536369216910342496780752370740825344,133,9885536369216910342496780752370740825344,+,sample:g2:+:o=9885536369216910342496780752370740825344,False,True
24087818205585445191216683049922503764561,135,2,2,9906887419690380991184678766954694909200,133,9906887419690380991184678766954694909200,+,sample:g2:+:o=9906887419690380991184678766954694909200,False,True
24109169256058915839904581064506457848417,135,2,2,9928238470163851639872576781538648993056,133,9928238470163851639872576781538648993056,+,sample:g2:+:o=9928238470163851639872576781538648993056,False,True
24130520306532386488592479079090411932273,135,2,2,9949589520637322288560474796122603076912,133,9949589520637322288560474796122603076912,+,sample:g2:+:o=9949589520637322288560474796122603076912,False,True
24151871357005857137280377093674366016129,135,2,2,9970940571110792937248372810706557160768,133,9970940571110792937248372810706557160768,+,sample:g2:+:o=9970940571110792937248372810706557160768,False,True
24173222407479327785968275108258320099985,135,2,2,9992291621584263585936270825290511244624,133,9992291621584263585936270825290511244624,+,sample:g2:+:o=9992291621584263585936270825290511244624,False,True
24194573457952798434656173122842274183841,135,2,2,10013642672057734234624168839874465328480,133,10013642672057734234624168839874465328480,+,sample:g2:+:o=10013642672057734234624168839874465328480,False,True
24215924508426269083344071137426228267697,135,2,2,10034993722531204883312066854458419412336,133,10034993722531204883312066854458419412336,+,sample:g2:+:o=10034993722531204883312066854458419412336,False,True
24237275558899739732031969152010182351553,135,2,2,10056344773004675531999964869042373496192,133,10056344773004675531999964869042373496192,+,sample:g2:+:o=10056344773004675531999964869042373496192,False,True
24258626609373210380719867166594136435409,135,2,2,10077695823478146180687862883626327580048,133,10077695823478146180687862883626327580048,+,sample:g2:+:o=10077695823478146180687862883626327580048,False,True
24279977659846681029407765181178090519265,135,2,2,10099046873951616829375760898210281663904,133,10099046873951616829375760898210281663904,+,sample:g2:+:o=10099046873951616829375760898210281663904,False,True
24301328710320151678095663195762044603121,135,2,2,10120397924425087478063658912794235747760,133,10120397924425087478063658912794235747760,+,sample:g2:+:o=10120397924425087478063658912794235747760,False,True
24322679760793622326783561210345998686977,135,2,2,10141748974898558126751556927378189831616,133,10141748974898558126751556927378189831616,+,sample:g2:+:o=10141748974898558126751556927378189831616,False,True
24344030811267092975471459224929952770833,135,2,2,10163100025372028775439454941962143915472,133,10163100025372028775439454941962143915472,+,sample:g2:+:o=10163100025372028775439454941962143915472,False,True
24365381861740563624159357239513906854689,135,2,2,10184451075845499424127352956546097999328,133,10184451075845499424127352956546097999328,+,sample:g2:+:o=10184451075845499424127352956546097999328,False,True
24386732912214034272847255254097860938545,135,2,2,10205802126318970072815250971130052083184,133,10205802126318970072815250971130052083184,+,sample:g2:+:o=10205802126318970072815250971130052083184,False,True
24408083962687504921535153268681815022401,135,2,2,10227153176792440721503148985714006167040,133,10227153176792440721503148985714006167040,+,sample:g2:+:o=10227153176792440721503148985714006167040,False,True
24429435013160975570223051283265769106257,135,2,2,10248504227265911370191047000297960250896,133,10248504227265911370191047000297960250896,+,sample:g2:+:o=10248504227265911370191047000297960250896,False,True
24450786063634446218910949297849723190113,135,2,2,10269855277739382018878945014881914334752,133,10269855277739382018878945014881914334752,+,sample:g2:+:o=10269855277739382018878945014881914334752,False,True
24472137114107916867598847312433677273969,135,2,2,10291206328212852667566843029465868418608,133,10291206328212852667566843029465868418608,+,sample:g2:+:o=10291206328212852667566843029465868418608,False,True
24493488164581387516286745327017631357825,135,2,2,10312557378686323316254741044049822502464,133,10312557378686323316254741044049822502464,+,sample:g2:+:o=10312557378686323316254741044049822502464,False,True
24514839215054858164974643341601585441681,135,2,2,10333908429159793964942639058633776586320,133,10333908429159793964942639058633776586320,+,sample:g2:+:o=10333908429159793964942639058633776586320,False,True
24536190265528328813662541356185539525537,135,2,2,10355259479633264613630537073217730670176,133,10355259479633264613630537073217730670176,+,sample:g2:+:o=10355259479633264613630537073217730670176,False,True
24557541316001799462350439370769493609393,135,2,2,10376610530106735262318435087801684754032,133,10376610530106735262318435087801684754032,+,sample:g2:+:o=10376610530106735262318435087801684754032,False,True
24578892366475270111038337385353447693249,135,2,2,10397961580580205911006333102385638837888,133,10397961580580205911006333102385638837888,+,sample:g2:+:o=10397961580580205911006333102385638837888,False,True
24600243416948740759726235399937401777105,135,2,2,10419312631053676559694231116969592921744,133,10419312631053676559694231116969592921744,+,sample:g2:+:o=10419312631053676559694231116969592921744,False,True
24621594467422211408414133414521355860961,135,2,2,10440663681527147208382129131553547005600,133,10440663681527147208382129131553547005600,+,sample:g2:+:o=10440663681527147208382129131553547005600,False,True
24642945517895682057102031429105309944817,135,2,2,10462014732000617857070027146137501089456,133,10462014732000617857070027146137501089456,+,sample:g2:+:o=10462014732000617857070027146137501089456,False,True
24664296568369152705789929443689264028673,135,2,2,10483365782474088505757925160721455173312,133,10483365782474088505757925160721455173312,+,sample:g2:+:o=10483365782474088505757925160721455173312,False,True
24685647618842623354477827458273218112529,135,2,2,10504716832947559154445823175305409257168,133,10504716832947559154445823175305409257168,+,sample:g2:+:o=10504716832947559154445823175305409257168,False,True
24706998669316094003165725472857172196385,135,2,2,10526067883421029803133721189889363341024,133,10526067883421029803133721189889363341024,+,sample:g2:+:o=10526067883421029803133721189889363341024,False,True
24728349719789564651853623487441126280241,135,2,2,10547418933894500451821619204473317424880,133,10547418933894500451821619204473317424880,+,sample:g2:+:o=10547418933894500451821619204473317424880,False,True
24749700770263035300541521502025080364097,135,2,2,10568769984367971100509517219057271508736,133,10568769984367971100509517219057271508736,+,sample:g2:+:o=10568769984367971100509517219057271508736,False,True
24771051820736505949229419516609034447953,135,2,2,10590121034841441749197415233641225592592,133,10590121034841441749197415233641225592592,+,sample:g2:+:o=10590121034841441749197415233641225592592,False,True
24792402871209976597917317531192988531809,135,2,2,10611472085314912397885313248225179676448,133,10611472085314912397885313248225179676448,+,sample:g2:+:o=10611472085314912397885313248225179676448,False,True
24813753921683447246605215545776942615665,135,2,2,10632823135788383046573211262809133760304,133,10632823135788383046573211262809133760304,+,sample:g2:+:o=10632823135788383046573211262809133760304,False,True
24835104972156917895293113560360896699521,135,2,2,10654174186261853695261109277393087844160,133,10654174186261853695261109277393087844160,+,sample:g2:+:o=10654174186261853695261109277393087844160,False,True
24856456022630388543981011574944850783377,135,2,2,10675525236735324343949007291977041928016,133,10675525236735324343949007291977041928016,+,sample:g2:+:o=10675525236735324343949007291977041928016,False,True
24877807073103859192668909589528804867233,135,2,2,10696876287208794992636905306560996011872,133,10696876287208794992636905306560996011872,+,sample:g2:+:o=10696876287208794992636905306560996011872,False,True
24899158123577329841356807604112758951089,135,2,2,10718227337682265641324803321144950095728,133,10718227337682265641324803321144950095728,+,sample:g2:+:o=10718227337682265641324803321144950095728,False,True
24920509174050800490044705618696713034945,135,2,2,10739578388155736290012701335728904179584,133,10739578388155736290012701335728904179584,+,sample:g2:+:o=10739578388155736290012701335728904179584,False,True
24941860224524271138732603633280667118801,135,2,2,10760929438629206938700599350312858263440,133,10760929438629206938700599350312858263440,+,sample:g2:+:o=10760929438629206938700599350312858263440,False,True
24963211274997741787420501647864621202657,135,2,2,10782280489102677587388497364896812347296,133,10782280489102677587388497364896812347296,+,sample:g2:+:o=10782280489102677587388497364896812347296,False,True
24984562325471212436108399662448575286513,135,2,2,10803631539576148236076395379480766431152,133,10803631539576148236076395379480766431152,+,sample:g2:+:o=10803631539576148236076395379480766431152,False,True
25005913375944683084796297677032529370369,135,2,2,10824982590049618884764293394064720515008,133,10824982590049618884764293394064720515008,+,sample:g2:+:o=10824982590049618884764293394064720515008,False,True
25027264426418153733484195691616483454225,135,2,2,10846333640523089533452191408648674598864,133,10846333640523089533452191408648674598864,+,sample:g2:+:o=10846333640523089533452191408648674598864,False,True
25048615476891624382172093706200437538081,135,2,2,10867684690996560182140089423232628682720,133,10867684690996560182140089423232628682720,+,sample:g2:+:o=10867684690996560182140089423232628682720,False,True
25069966527365095030859991720784391621937,135,2,2,10889035741470030830827987437816582766576,133,10889035741470030830827987437816582766576,+,sample:g2:+:o=10889035741470030830827987437816582766576,False,True
25069966527365095030859991720784391621952,135,2,2,10889035741470030830827987437816582766591,133,10889035741470030830827987437816582766591,+,sample:g2:+:o=10889035741470030830827987437816582766591,False,True
41403520139570141277101972877509265771841,135,2,2,5444517870735015415413993718908291383296,133,5444517870735015415413993718908291383296,+,sample:g2:+:o=5444517870735015415413993718908291383296,False,True
41424871190043611925789870892093219855697,135,2,2,5465868921208486064101891733492245467152,133,5465868921208486064101891733492245467152,+,sample:g2:+:o=5465868921208486064101891733492245467152,False,True
41446222240517082574477768906677173939553,135,2,2,5487219971681956712789789748076199551008,133,5487219971681956712789789748076199551008,+,sample:g2:+:o=5487219971681956712789789748076199551008,False,True
41467573290990553223165666921261128023409,135,2,2,5508571022155427361477687762660153634864,133,5508571022155427361477687762660153634864,+,sample:g2:+:o=5508571022155427361477687762660153634864,False,True
41488924341464023871853564935845082107265,135,2,2,5529922072628898010165585777244107718720,133,5529922072628898010165585777244107718720,+,sample:g2:+:o=5529922072628898010165585777244107718720,False,True
41510275391937494520541462950429036191121,135,2,2,5551273123102368658853483791828061802576,133,5551273123102368658853483791828061802576,+,sample:g2:+:o=5551273123102368658853483791828061802576,False,True
41531626442410965169229360965012990274977,135,2,2,5572624173575839307541381806412015886432,133,5572624173575839307541381806412015886432,+,sample:g2:+:o=5572624173575839307541381806412015886432,False,True
41552977492884435817917258979596944358833,135,2,2,5593975224049309956229279820995969970288,133,5593975224049309956229279820995969970288,+,sample:g2:+:o=5593975224049309956229279820995969970288,False,True
41574328543357906466605156994180898442689,135,2,2,5615326274522780604917177835579924054144,133,5615326274522780604917177835579924054144,+,sample:g2:+:o=5615326274522780604917177835579924054144,False,True
41595679593831377115293055008764852526545,135,2,2,5636677324996251253605075850163878138000,133,5636677324996251253605075850163878138000,+,sample:g2:+:o=5636677324996251253605075850163878138000,False,True
41617030644304847763980953023348806610401,135,2,2,5658028375469721902292973864747832221856,133,5658028375469721902292973864747832221856,+,sample:g2:+:o=5658028375469721902292973864747832221856,False,True
41638381694778318412668851037932760694257,135,2,2,5679379425943192550980871879331786305712,133,5679379425943192550980871879331786305712,+,sample:g2:+:o=5679379425943192550980871879331786305712,False,True
41659732745251789061356749052516714778113,135,2,2,5700730476416663199668769893915740389568,133,5700730476416663199668769893915740389568,+,sample:g2:+:o=5700730476416663199668769893915740389568,False,True
41681083795725259710044647067100668861969,135,2,2,5722081526890133848356667908499694473424,133,5722081526890133848356667908499694473424,+,sample:g2:+:o=5722081526890133848356667908499694473424,False,True
41702434846198730358732545081684622945825,135,2,2,5743432577363604497044565923083648557280,133,5743432577363604497044565923083648557280,+,sample:g2:+:o=5743432577363604497044565923083648557280,False,True
41723785896672201007420443096268577029681,135,2,2,5764783627837075145732463937667602641136,133,5764783627837075145732463937667602641136,+,sample:g2:+:o=5764783627837075145732463937667602641136,False,True
41745136947145671656108341110852531113537,135,2,2,5786134678310545794420361952251556724992,133,5786134678310545794420361952251556724992,+,sample:g2:+:o=5786134678310545794420361952251556724992,False,True
41766487997619142304796239125436485197393,135,2,2,5807485728784016443108259966835510808848,133,5807485728784016443108259966835510808848,+,sample:g2:+:o=5807485728784016443108259966835510808848,False,True
41787839048092612953484137140020439281249,135,2,2,5828836779257487091796157981419464892704,133,5828836779257487091796157981419464892704,+,sample:g2:+:o=5828836779257487091796157981419464892704,False,True
41809190098566083602172035154604393365105,135,2,2,5850187829730957740484055996003418976560,133,5850187829730957740484055996003418976560,+,sample:g2:+:o=5850187829730957740484055996003418976560,False,True
41830541149039554250859933169188347448961,135,2,2,5871538880204428389171954010587373060416,133,5871538880204428389171954010587373060416,+,sample:g2:+:o=5871538880204428389171954010587373060416,False,True
41851892199513024899547831183772301532817,135,2,2,5892889930677899037859852025171327144272,133,5892889930677899037859852025171327144272,+,sample:g2:+:o=5892889930677899037859852025171327144272,False,True
41873243249986495548235729198356255616673,135,2,2,5914240981151369686547750039755281228128,133,5914240981151369686547750039755281228128,+,sample:g2:+:o=5914240981151369686547750039755281228128,False,True
41894594300459966196923627212940209700529,135,2,2,5935592031624840335235648054339235311984,133,5935592031624840335235648054339235311984,+,sample:g2:+:o=5935592031624840335235648054339235311984,False,True
41915945350933436845611525227524163784385,135,2,2,5956943082098310983923546068923189395840,133,5956943082098310983923546068923189395840,+,sample:g2:+:o=5956943082098310983923546068923189395840,False,True
41937296401406907494299423242108117868241,135,2,2,5978294132571781632611444083507143479696,133,5978294132571781632611444083507143479696,+,sample:g2:+:o=5978294132571781632611444083507143479696,False,True
41958647451880378142987321256692071952097,135,2,2,5999645183045252281299342098091097563552,133,5999645183045252281299342098091097563552,+,sample:g2:+:o=5999645183045252281299342098091097563552,False,True
41979998502353848791675219271276026035953,135,2,2,6020996233518722929987240112675051647408,133,6020996233518722929987240112675051647408,+,sample:g2:+:o=6020996233518722929987240112675051647408,False,True
42001349552827319440363117285859980119809,135,2,2,6042347283992193578675138127259005731264,133,6042347283992193578675138127259005731264,+,sample:g2:+:o=6042347283992193578675138127259005731264,False,True
42022700603300790089051015300443934203665,135,2,2,6063698334465664227363036141842959815120,133,6063698334465664227363036141842959815120,+,sample:g2:+:o=6063698334465664227363036141842959815120,False,True
42044051653774260737738913315027888287521,135,2,2,6085049384939134876050934156426913898976,133,6085049384939134876050934156426913898976,+,sample:g2:+:o=6085049384939134876050934156426913898976,False,True
42065402704247731386426811329611842371377,135,2,2,6106400435412605524738832171010867982832,133,6106400435412605524738832171010867982832,+,sample:g2:+:o=6106400435412605524738832171010867982832,False,True
42086753754721202035114709344195796455233,135,2,2,6127751485886076173426730185594822066688,133,6127751485886076173426730185594822066688,+,sample:g2:+:o=6127751485886076173426730185594822066688,False,True
42108104805194672683802607358779750539089,135,2,2,6149102536359546822114628200178776150544,133,6149102536359546822114628200178776150544,+,sample:g2:+:o=6149102536359546822114628200178776150544,False,True
42129455855668143332490505373363704622945,135,2,2,6170453586833017470802526214762730234400,133,6170453586833017470802526214762730234400,+,sample:g2:+:o=6170453586833017470802526214762730234400,False,True
42150806906141613981178403387947658706801,135,2,2,6191804637306488119490424229346684318256,133,6191804637306488119490424229346684318256,+,sample:g2:+:o=6191804637306488119490424229346684318256,False,True
42172157956615084629866301402531612790657,135,2,2,6213155687779958768178322243930638402112,133,6213155687779958768178322243930638402112,+,sample:g2:+:o=6213155687779958768178322243930638402112,False,True
42193509007088555278554199417115566874513,135,2,2,6234506738253429416866220258514592485968,133,6234506738253429416866220258514592485968,+,sample:g2:+:o=6234506738253429416866220258514592485968,False,True
42214860057562025927242097431699520958369,135,2,2,6255857788726900065554118273098546569824,133,6255857788726900065554118273098546569824,+,sample:g2:+:o=6255857788726900065554118273098546569824,False,True
42236211108035496575929995446283475042225,135,2,2,6277208839200370714242016287682500653680,133,6277208839200370714242016287682500653680,+,sample:g2:+:o=6277208839200370714242016287682500653680,False,True
42257562158508967224617893460867429126081,135,2,2,6298559889673841362929914302266454737536,133,6298559889673841362929914302266454737536,+,sample:g2:+:o=6298559889673841362929914302266454737536,False,True
42278913208982437873305791475451383209937,135,2,2,6319910940147312011617812316850408821392,133,6319910940147312011617812316850408821392,+,sample:g2:+:o=6319910940147312011617812316850408821392,False,True
42300264259455908521993689490035337293793,135,2,2,6341261990620782660305710331434362905248,133,6341261990620782660305710331434362905248,+,sample:g2:+:o=6341261990620782660305710331434362905248,False,True
42321615309929379170681587504619291377649,135,2,2,6362613041094253308993608346018316989104,133,6362613041094253308993608346018316989104,+,sample:g2:+:o=6362613041094253308993608346018316989104,False,True
42342966360402849819369485519203245461505,135,2,2,6383964091567723957681506360602271072960,133,6383964091567723957681506360602271072960,+,sample:g2:+:o=6383964091567723957681506360602271072960,False,True
42364317410876320468057383533787199545361,135,2,2,6405315142041194606369404375186225156816,133,6405315142041194606369404375186225156816,+,sample:g2:+:o=6405315142041194606369404375186225156816,False,True
42385668461349791116745281548371153629217,135,2,2,6426666192514665255057302389770179240672,133,6426666192514665255057302389770179240672,+,sample:g2:+:o=6426666192514665255057302389770179240672,False,True
42407019511823261765433179562955107713073,135,2,2,6448017242988135903745200404354133324528,133,6448017242988135903745200404354133324528,+,sample:g2:+:o=6448017242988135903745200404354133324528,False,True
42428370562296732414121077577539061796929,135,2,2,6469368293461606552433098418938087408384,133,6469368293461606552433098418938087408384,+,sample:g2:+:o=6469368293461606552433098418938087408384,False,True
42449721612770203062808975592123015880785,135,2,2,6490719343935077201120996433522041492240,133,6490719343935077201120996433522041492240,+,sample:g2:+:o=6490719343935077201120996433522041492240,False,True
42471072663243673711496873606706969964641,135,2,2,6512070394408547849808894448105995576096,133,6512070394408547849808894448105995576096,+,sample:g2:+:o=6512070394408547849808894448105995576096,False,True
42492423713717144360184771621290924048497,135,2,2,6533421444882018498496792462689949659952,133,6533421444882018498496792462689949659952,+,sample:g2:+:o=6533421444882018498496792462689949659952,False,True
42513774764190615008872669635874878132353,135,2,2,6554772495355489147184690477273903743808,133,6554772495355489147184690477273903743808,+,sample:g2:+:o=6554772495355489147184690477273903743808,False,True
42535125814664085657560567650458832216209,135,2,2,6576123545828959795872588491857857827664,133,6576123545828959795872588491857857827664,+,sample:g2:+:o=6576123545828959795872588491857857827664,False,True
42556476865137556306248465665042786300065,135,2,2,6597474596302430444560486506441811911520,133,6597474596302430444560486506441811911520,+,sample:g2:+:o=6597474596302430444560486506441811911520,False,True
42577827915611026954936363679626740383921,135,2,2,6618825646775901093248384521025765995376,133,6618825646775901093248384521025765995376,+,sample:g2:+:o=6618825646775901093248384521025765995376,False,True
42599178966084497603624261694210694467777,135,2,2,6640176697249371741936282535609720079232,133,6640176697249371741936282535609720079232,+,sample:g2:+:o=6640176697249371741936282535609720079232,False,True
42620530016557968252312159708794648551633,135,2,2,6661527747722842390624180550193674163088,133,6661527747722842390624180550193674163088,+,sample:g2:+:o=6661527747722842390624180550193674163088,False,True
42641881067031438901000057723378602635489,135,2,2,6682878798196313039312078564777628246944,133,6682878798196313039312078564777628246944,+,sample:g2:+:o=6682878798196313039312078564777628246944,False,True
42663232117504909549687955737962556719345,135,2,2,6704229848669783687999976579361582330800,133,6704229848669783687999976579361582330800,+,sample:g2:+:o=6704229848669783687999976579361582330800,False,True
42684583167978380198375853752546510803201,135,2,2,6725580899143254336687874593945536414656,133,6725580899143254336687874593945536414656,+,sample:g2:+:o=6725580899143254336687874593945536414656,False,True
42705934218451850847063751767130464887057,135,2,2,6746931949616724985375772608529490498512,133,6746931949616724985375772608529490498512,+,sample:g2:+:o=6746931949616724985375772608529490498512,False,True
42727285268925321495751649781714418970913,135,2,2,6768283000090195634063670623113444582368,133,6768283000090195634063670623113444582368,+,sample:g2:+:o=6768283000090195634063670623113444582368,False,True
42748636319398792144439547796298373054769,135,2,2,6789634050563666282751568637697398666224,133,6789634050563666282751568637697398666224,+,sample:g2:+:o=6789634050563666282751568637697398666224,False,True
42769987369872262793127445810882327138625,135,2,2,6810985101037136931439466652281352750080,133,6810985101037136931439466652281352750080,+,sample:g2:+:o=6810985101037136931439466652281352750080,False,True
42791338420345733441815343825466281222481,135,2,2,6832336151510607580127364666865306833936,133,6832336151510607580127364666865306833936,+,sample:g2:+:o=6832336151510607580127364666865306833936,False,True
42812689470819204090503241840050235306337,135,2,2,6853687201984078228815262681449260917792,133,6853687201984078228815262681449260917792,+,sample:g2:+:o=6853687201984078228815262681449260917792,False,True
42834040521292674739191139854634189390193,135,2,2,6875038252457548877503160696033215001648,133,6875038252457548877503160696033215001648,+,sample:g2:+:o=6875038252457548877503160696033215001648,False,True
42855391571766145387879037869218143474049,135,2,2,6896389302931019526191058710617169085504,133,6896389302931019526191058710617169085504,+,sample:g2:+:o=6896389302931019526191058710617169085504,False,True
42876742622239616036566935883802097557905,135,2,2,6917740353404490174878956725201123169360,133,6917740353404490174878956725201123169360,+,sample:g2:+:o=6917740353404490174878956725201123169360,False,True
42898093672713086685254833898386051641761,135,2,2,6939091403877960823566854739785077253216,133,6939091403877960823566854739785077253216,+,sample:g2:+:o=6939091403877960823566854739785077253216,False,True
42919444723186557333942731912970005725617,135,2,2,6960442454351431472254752754369031337072,133,6960442454351431472254752754369031337072,+,sample:g2:+:o=6960442454351431472254752754369031337072,False,True
42940795773660027982630629927553959809473,135,2,2,6981793504824902120942650768952985420928,133,6981793504824902120942650768952985420928,+,sample:g2:+:o=6981793504824902120942650768952985420928,False,True
42962146824133498631318527942137913893329,135,2,2,7003144555298372769630548783536939504784,133,7003144555298372769630548783536939504784,+,sample:g2:+:o=7003144555298372769630548783536939504784,False,True
42983497874606969280006425956721867977185,135,2,2,7024495605771843418318446798120893588640,133,7024495605771843418318446798120893588640,+,sample:g2:+:o=7024495605771843418318446798120893588640,False,True
43004848925080439928694323971305822061041,135,2,2,7045846656245314067006344812704847672496,133,7045846656245314067006344812704847672496,+,sample:g2:+:o=7045846656245314067006344812704847672496,False,True
43010958810487063465500027839663519865015,135,2,2,7051956541651937603812048681062545476470,133,7051956541651937603812048681062545476470,+,bridge:shelf_y - shelf2,False,True
43026199975553910577382221985889776144897,135,2,2,7067197706718784715694242827288801756352,133,7067197706718784715694242827288801756352,+,sample:g2:+:o=7067197706718784715694242827288801756352,False,True
43047551026027381226070120000473730228753,135,2,2,7088548757192255364382140841872755840208,133,7088548757192255364382140841872755840208,+,sample:g2:+:o=7088548757192255364382140841872755840208,False,True
43068902076500851874758018015057684312609,135,2,2,7109899807665726013070038856456709924064,133,7109899807665726013070038856456709924064,+,sample:g2:+:o=7109899807665726013070038856456709924064,False,True
43090253126974322523445916029641638396465,135,2,2,7131250858139196661757936871040664007920,133,7131250858139196661757936871040664007920,+,sample:g2:+:o=7131250858139196661757936871040664007920,False,True
43111604177447793172133814044225592480321,135,2,2,7152601908612667310445834885624618091776,133,7152601908612667310445834885624618091776,+,sample:g2:+:o=7152601908612667310445834885624618091776,False,True
43132955227921263820821712058809546564177,135,2,2,7173952959086137959133732900208572175632,133,7173952959086137959133732900208572175632,+,sample:g2:+:o=7173952959086137959133732900208572175632,False,True
43154306278394734469509610073393500648033,135,2,2,7195304009559608607821630914792526259488,133,7195304009559608607821630914792526259488,+,sample:g2:+:o=7195304009559608607821630914792526259488,False,True
43175657328868205118197508087977454731889,135,2,2,7216655060033079256509528929376480343344,133,7216655060033079256509528929376480343344,+,sample:g2:+:o=7216655060033079256509528929376480343344,False,True
43197008379341675766885406102561408815745,135,2,2,7238006110506549905197426943960434427200,133,7238006110506549905197426943960434427200,+,sample:g2:+:o=7238006110506549905197426943960434427200,False,True
43218359429815146415573304117145362899601,135,2,2,7259357160980020553885324958544388511056,133,7259357160980020553885324958544388511056,+,sample:g2:+:o=7259357160980020553885324958544388511056,False,True
43239710480288617064261202131729316983457,135,2,2,7280708211453491202573222973128342594912,133,7280708211453491202573222973128342594912,+,sample:g2:+:o=7280708211453491202573222973128342594912,False,True
43261061530762087712949100146313271067313,135,2,2,7302059261926961851261120987712296678768,133,7302059261926961851261120987712296678768,+,sample:g2:+:o=7302059261926961851261120987712296678768,False,True
43282412581235558361636998160897225151169,135,2,2,7323410312400432499949019002296250762624,133,7323410312400432499949019002296250762624,+,sample:g2:+:o=7323410312400432499949019002296250762624,False,True
43303763631709029010324896175481179235025,135,2,2,7344761362873903148636917016880204846480,133,7344761362873903148636917016880204846480,+,sample:g2:+:o=7344761362873903148636917016880204846480,False,True
43325114682182499659012794190065133318881,135,2,2,7366112413347373797324815031464158930336,133,7366112413347373797324815031464158930336,+,sample:g2:+:o=7366112413347373797324815031464158930336,False,True
43346465732655970307700692204649087402737,135,2,2,7387463463820844446012713046048113014192,133,7387463463820844446012713046048113014192,+,sample:g2:+:o=7387463463820844446012713046048113014192,False,True
43367816783129440956388590219233041486593,135,2,2,7408814514294315094700611060632067098048,133,7408814514294315094700611060632067098048,+,sample:g2:+:o=7408814514294315094700611060632067098048,False,True
43389167833602911605076488233816995570449,135,2,2,7430165564767785743388509075216021181904,133,7430165564767785743388509075216021181904,+,sample:g2:+:o=7430165564767785743388509075216021181904,False,True
43410518884076382253764386248400949654305,135,2,2,7451516615241256392076407089799975265760,133,7451516615241256392076407089799975265760,+,sample:g2:+:o=7451516615241256392076407089799975265760,False,True
43431869934549852902452284262984903738161,135,2,2,7472867665714727040764305104383929349616,133,7472867665714727040764305104383929349616,+,sample:g2:+:o=7472867665714727040764305104383929349616,False,True
43453220985023323551140182277568857822017,135,2,2,7494218716188197689452203118967883433472,133,7494218716188197689452203118967883433472,+,sample:g2:+:o=7494218716188197689452203118967883433472,False,True
43474572035496794199828080292152811905873,135,2,2,7515569766661668338140101133551837517328,133,7515569766661668338140101133551837517328,+,sample:g2:+:o=7515569766661668338140101133551837517328,False,True
43495923085970264848515978306736765989729,135,2,2,7536920817135138986827999148135791601184,133,7536920817135138986827999148135791601184,+,sample:g2:+:o=7536920817135138986827999148135791601184,False,True
43517274136443735497203876321320720073585,135,2,2,7558271867608609635515897162719745685040,133,7558271867608609635515897162719745685040,+,sample:g2:+:o=7558271867608609635515897162719745685040,False,True
43538625186917206145891774335904674157441,135,2,2,7579622918082080284203795177303699768896,133,7579622918082080284203795177303699768896,+,sample:g2:+:o=7579622918082080284203795177303699768896,False,True
