n,d,d_hex,offset_bits,gap_bits,row,ec_hit,source
135,28361861571790128400064008565935617710722,000000000000000000000000000000535917d91467feb4a1e614713530a99a82,134,133,2,False,align:shelf2 (LO+(L2-L1 mod LO)) + (L2-L1 mod LO)
135,31555214318705735702687228502948652721391,0000000000000000000000000000005cbb81373e5b184faaed491972f3af24ef,134,133,2,False,align:shelf2 (LO+(L2-L1 mod LO)) + (L3-L2 mod LO)
135,23958073621660738241063257910283296043568,00000000000000000000000000000046680d23c88f17a9fbe053520d8c03f230,133,133,2,False,align:shelf2 (LO+(L2-L1 mod LO)) + (L3-L1 mod LO)
135,35413818113442066003876057246998163187192,0000000000000000000000000000006812654664d5b312bef7b43300260965f8,134,133,2,False,align:shelf2 (LO+(L2-L1 mod LO)) + (dy_mod mod LO)
135,30589153469019228022882028317786154113192,00000000000000000000000000000059e4b8a9f83d487eb7c33b6af214d298a8,134,133,2,False,align:shelf2 (LO+(L2-L1 mod LO)) + (dy residue (shelf_y^3 mod LO))
135,40687772133956537862758795302859366065410,000000000000000000000000000000779213df504eb2fd5a3483daa63f35e502,132,133,2,False,align:shelf2 (LO+(L2-L1 mod LO)) + (d2 residue (shelf2^3 mod LO))
135,35217418395992143789782817722730415393040,000000000000000000000000000000677ea410b68d36db946ee799b2ccc40910,134,133,2,False,align:shelf2 (LO+(L2-L1 mod LO)) + (d3 residue (shelf3^3 mod LO))
135,35959002268835125861687979158600974388544,00000000000000000000000000000069ac8bec8a33ff5a50f30a389a9854cd40,134,133,2,False,align:shelf2 (LO+(L2-L1 mod LO)) + (C_minus1 - C_floor)
135,43010958810487063465500027839663519865015,0000000000000000000000000000007e65d959daa1b3b86e04a9fa658db498b7,133,133,2,False,align:shelf2 (LO+(L2-L1 mod LO)) + (shelf_y - shelf2)
135,25749439046503792163804304664890519054739,0000000000000000000000000000004babb99232882faae1c5937db474dbe993,134,133,2,False,align:shelf2 (LO+(L2-L1 mod LO)) + ((N-GAP) mod LO)
135,26506841348061473662726791019891557210049,0000000000000000000000000000004de587f2c61ab3a3094179a20ba6e117c1,134,133,2,False,align:shelf2 (LO+(L2-L1 mod LO)) + (cube lift - shelf (d2))
135,25440275560226469748751564095414928204833,0000000000000000000000000000004ac322d978321e8be9819e803fd914e421,134,133,2,False,align:shelf2 (LO+(L2-L1 mod LO)) + (cube lift - shelf (d3))
135,31134337624412287880693950229388965314545,0000000000000000000000000000005b7edf501d9b94c649be91708c871dfff1,134,133,2,False,align:shelf2 (LO+(L2-L1 mod LO)) + (cube lift - shelf (dy))
135,27480144799013509077690748705992024324577,00000000000000000000000000000050c1c35fdc118404bb18adbdadce78f9e1,134,133,2,False,align:shelf2 (LO+(L2-L1 mod LO)) + (matrix t1 col2-col1)
135,27151426368576345543686477847296331054237,0000000000000000000000000000004fca7681f282314504e787fa4b4f097c9d,134,133,2,False,align:shelf3 (LO+(L3-L1 mod LO)) + (L3-L2 mod LO)
135,41332357154471409743718482130264139909598,0000000000000000000000000000007977026e7cb6309f55da9232e5e75e49de,132,133,2,False,align:shelf3 (LO+(L3-L1 mod LO)) + (L3-L1 mod LO)
135,31010030163312675844875306591345841520038,0000000000000000000000000000005b215a9118fccc0818f1f313d88163bda6,134,133,2,False,align:shelf3 (LO+(L3-L1 mod LO)) + (dy_mod mod LO)
135,26185365518889837863881277662133832446038,0000000000000000000000000000004cf3adf4ac64617411bd7a4bca702cf056,134,133,2,False,align:shelf3 (LO+(L3-L1 mod LO)) + (dy residue (shelf_y^3 mod LO))
135,30813630445862753630782067067078093725886,0000000000000000000000000000005a8d995b6ab44fd0ee69267a8b281e60be,134,133,2,False,align:shelf3 (LO+(L3-L1 mod LO)) + (d3 residue (shelf3^3 mod LO))
135,31555214318705735702687228502948652721392,0000000000000000000000000000005cbb81373e5b184faaed491972f3af24f0,134,133,2,False,align:shelf3 (LO+(L3-L1 mod LO)) + (C_plus1 - C_floor)
135,31555214318705735702687228502948652721390,0000000000000000000000000000005cbb81373e5b184faaed491972f3af24ee,134,133,2,False,align:shelf3 (LO+(L3-L1 mod LO)) + (C_minus1 - C_floor)
135,43123722579314463666459528884871362920769,0000000000000000000000000000007ebaaedce6af48a03bbfd25e8cd0364141,133,133,2,False,align:shelf3 (LO+(L3-L1 mod LO)) + ((N-GAP) mod LO)
135,22103053397932083503726040364239235542895,00000000000000000000000000000040f47d3d7a41cc98633bb882e4023b6f6f,133,133,2,False,align:shelf3 (LO+(L3-L1 mod LO)) + (cube lift - shelf (d2))
135,42814559093037141251406788315395772070863,0000000000000000000000000000007dd218242c593781437bdd6118346f3bcf,133,133,2,False,align:shelf3 (LO+(L3-L1 mod LO)) + (cube lift - shelf (d3))
135,26730549674282897721693199573736643647391,0000000000000000000000000000004e8dd49ad1c2adbba3b8d05164e278579f,134,133,2,False,align:shelf3 (LO+(L3-L1 mod LO)) + (cube lift - shelf (dy))
135,32595485694239305325148191855805704275055,0000000000000000000000000000005fca1e31ee04bf1e3bd362ad0c0b09846f,134,133,2,False,align:shelf3 (LO+(L3-L1 mod LO)) + (matrix t0 col2-col1)
135,23076356848884118918689998050339702657423,00000000000000000000000000000043d0b8aa90389cfa1512ec9e8629d3518f,133,133,2,False,align:shelf3 (LO+(L3-L1 mod LO)) + (matrix t1 col2-col1)
135,31614012784428728684103933937895963612927,0000000000000000000000000000005ce7bd636cb07bd8c9a1b6d7da57ebd6ff,134,133,2,False,align:shelf3 (LO+(L3-L1 mod LO)) + (matrix t2 col2-col1)
135,42465774655094003607688105928060708663662,0000000000000000000000000000007ccbb2b3b5436770dc0953f4cb1b69316e,133,133,2,False,align:shelf_y (LO+(lambda_yN-L1 mod LO)) + (dy_mod mod LO)
135,25961657192668413804914869108288746008696,0000000000000000000000000000004c4b614ca0bc675b7746239c713495b078,134,133,2,False,align:shelf_y (LO+(lambda_yN-L1 mod LO)) + (d2 residue (shelf2^3 mod LO))
135,42269374937644081393594866403792960869510,0000000000000000000000000000007c37f17e06faeb39b180875b7dc223d486,133,133,2,False,align:shelf_y (LO+(lambda_yN-L1 mod LO)) + (d3 residue (shelf3^3 mod LO))
135,43010958810487063465500027839663519865016,0000000000000000000000000000007e65d959daa1b3b86e04a9fa658db498b8,133,133,2,False,align:shelf_y (LO+(lambda_yN-L1 mod LO)) + (C_plus1 - C_floor)
135,43010958810487063465500027839663519865014,0000000000000000000000000000007e65d959daa1b3b86e04a9fa658db498b6,133,133,2,False,align:shelf_y (LO+(lambda_yN-L1 mod LO)) + (C_minus1 - C_floor)
135,28284843869198939407656101645092899808301,000000000000000000000000000000531f26c72b0f68168b1649bc308314642d,134,133,2,False,align:shelf_y (LO+(lambda_yN-L1 mod LO)) + (shelf_y - shelf2)
135,32801395588155729767616353345953064531209,000000000000000000000000000000606506ff82f5e408fed7333f7f6a3bb509,134,133,2,False,align:shelf_y (LO+(lambda_yN-L1 mod LO)) + ((N-GAP) mod LO)
135,33558797889713411266538839700954102686519,000000000000000000000000000000629ed5601688680126531963d69c40e337,134,133,2,False,align:shelf_y (LO+(lambda_yN-L1 mod LO)) + (cube lift - shelf (d2))
135,32492232101878407352563612776477473681303,0000000000000000000000000000005f7c7046c89fd2ea06933e420ace74af97,134,133,2,False,align:shelf_y (LO+(lambda_yN-L1 mod LO)) + (cube lift - shelf (d3))
135,22273158703080571426305016316887405885495,000000000000000000000000000000417476548a4b5a86feeac38dfea50ef837,133,133,2,False,align:shelf_y (LO+(lambda_yN-L1 mod LO)) + (matrix t0 col2-col1)
135,34532101340665446681502797387054569801047,000000000000000000000000000000657b10cd2c7f3862d82a4d7f78c3d8c557,134,133,2,False,align:shelf_y (LO+(lambda_yN-L1 mod LO)) + (matrix t1 col2-col1)
135,43069757276210056446916733274610830756551,0000000000000000000000000000007e92158608f717418cb917b8ccf1f14ac7,133,133,2,False,align:shelf_y (LO+(lambda_yN-L1 mod LO)) + (matrix t2 col2-col1)
135,29244584435630977548334441241072358980494,00000000000000000000000000000055f12e166b444325c994b3fcc0f63cfb8e,134,133,2,False,align:C_floor (shelf v0) + (L2-L1 mod LO)
135,32437937182546584850957661178085393991163,0000000000000000000000000000005f53977495375cc0d29be8a4feb94285fb,134,133,2,False,align:C_floor (shelf v0) + (L3-L2 mod LO)
135,24840796485501587389333690585420037313340,000000000000000000000000000000490023611f6b5c1b238ef2dd995197533c,133,133,2,False,align:C_floor (shelf v0) + (L3-L1 mod LO)
135,31471876332860077171152460992922895382964,0000000000000000000000000000005c7ccee74f198cefdf71daf67dda65f9b4,134,133,2,False,align:C_floor (shelf v0) + (dy residue (shelf_y^3 mod LO))
135,41570494997797387011029227977996107335182,0000000000000000000000000000007a2a2a1ca72af76e81e323663204c9460e,133,133,2,False,align:C_floor (shelf v0) + (d2 residue (shelf2^3 mod LO))
135,22115610191387850952114485639167095601603,00000000000000000000000000000040fdef97317df82995b34985f15347f9c3,133,133,2,False,align:C_floor (shelf v0) + (shelf_y - shelf2)
135,26632161910344641312074737340027260324511,0000000000000000000000000000004e43cfcf8964741c09743309403a6f4a9f,134,133,2,False,align:C_floor (shelf v0) + ((N-GAP) mod LO)
135,27389564211902322810997223695028298479821,000000000000000000000000000000507d9e301cf6f81430f0192d976c7478cd,134,133,2,False,align:C_floor (shelf v0) + (cube lift - shelf (d2))
135,26322998424067318897021996770551669474605,0000000000000000000000000000004d5b3916cf0e62fd11303e0bcb9ea8452d,134,133,2,False,align:C_floor (shelf v0) + (cube lift - shelf (d3))
135,32017060488253137028964382904525706584317,0000000000000000000000000000005e16f58d7477d937716d30fc184cb160fd,134,133,2,False,align:C_floor (shelf v0) + (cube lift - shelf (dy))
135,28362867662854358225961181381128765594349,0000000000000000000000000000005359d99d32edc875e2c74d4939940c5aed,134,133,2,False,align:C_floor (shelf v0) + (matrix t1 col2-col1)
135,35835898202387613466213192748579613357309,000000000000000000000000000000694feef1757f116d912f2d67291d44b4fd,134,133,2,False,align:C_floor (cube1 v1)
135,28238757505342616004589222155914256679486,00000000000000000000000000000052fc7addffb310c7e222379fc3b599823e,134,133,2,False,align:C_floor (cube1 v1) + (L2-L1 mod LO)
135,31432110252258223307212442092927291690155,0000000000000000000000000000005c5ee43c29a62a62eb296c4801789f0cab,134,133,2,False,align:C_floor (cube1 v1) + (L3-L2 mod LO)
135,23834969555213225845588471500261935012332,000000000000000000000000000000460b7028b3da29bd3c1c76809c10f3d9ec,133,133,2,False,align:C_floor (cube1 v1) + (L3-L1 mod LO)
135,35290714046994553608401270836976802155956,00000000000000000000000000000067b5c84b5020c525ff33d7618eaaf94db4,134,133,2,False,align:C_floor (cube1 v1) + (dy_mod mod LO)
135,30466049402571715627407241907764793081956,00000000000000000000000000000059881baee3885a91f7ff5e998099c28064,134,133,2,False,align:C_floor (cube1 v1) + (dy residue (shelf_y^3 mod LO))
135,40564668067509025467284008892838005034174,000000000000000000000000000000773576e43b99c5109a70a70934c425ccbe,132,133,2,False,align:C_floor (cube1 v1) + (d2 residue (shelf2^3 mod LO))
135,35094314329544631394308031312709054361804,00000000000000000000000000000067220715a1d848eed4ab0ac84151b3f0cc,134,133,2,False,align:C_floor (cube1 v1) + (d3 residue (shelf3^3 mod LO))
135,35835898202387613466213192748579613357310,000000000000000000000000000000694feef1757f116d912f2d67291d44b4fe,134,133,2,False,align:C_floor (cube1 v1) + (C_plus1 - C_floor)
135,35835898202387613466213192748579613357308,000000000000000000000000000000694feef1757f116d912f2d67291d44b4fc,134,133,2,False,align:C_floor (cube1 v1) + (C_minus1 - C_floor)
135,42887854744039551070025241429642158833779,0000000000000000000000000000007e093c5ec5ecc5cbae40cd28f412a48073,133,133,2,False,align:C_floor (cube1 v1) + (shelf_y - shelf2)
135,25626334980056279768329518254869158023503,0000000000000000000000000000004b4f1c971dd341be2201b6ac42f9cbd14f,134,133,2,False,align:C_floor (cube1 v1) + ((N-GAP) mod LO)
135,26383737281613961267252004609870196178813,0000000000000000000000000000004d88eaf7b165c5b6497d9cd09a2bd0ff7d,134,133,2,False,align:C_floor (cube1 v1) + (cube lift - shelf (d2))
135,25317171493778957353276777685393567173597,0000000000000000000000000000004a6685de637d309f29bdc1aece5e04cbdd,134,133,2,False,align:C_floor (cube1 v1) + (cube lift - shelf (d3))
135,31011233557964775485219163819367604283309,0000000000000000000000000000005b22425508e6a6d989fab49f1b0c0de7ad,134,133,2,False,align:C_floor (cube1 v1) + (cube lift - shelf (dy))
135,27357040732565996682215962295970663293341,00000000000000000000000000000050652664c75c9617fb54d0ec3c5368e19d,134,133,2,False,align:C_floor (cube1 v1) + (matrix t1 col2-col1)
135,35894696668110606447629898183526924248845,000000000000000000000000000000697c2b1da3d474f6afe39b25908181670d,134,133,2,False,align:C_floor (cube1 v1) + (matrix t2 col2-col1)
135,42915064031185637485576815054709902467880,0000000000000000000000000000007e1db4b03423fcc77011aad463235ee328,133,133,2,False,align:d_cube_lift2 (1x cube on shelf2) + (dy residue (shelf_y^3 mod LO))
135,31235611213182885663797607164149948886914,0000000000000000000000000000005bcb0fe58c3567461282f344174dc22f82,134,133,2,False,align:d_cube_lift2 (1x cube on shelf2) + (d2 residue (shelf2^3 mod LO))
135,25765257475218491590821629584020998214544,0000000000000000000000000000004bb7a016f273eb244cbd570323db505390,134,133,2,False,align:d_cube_lift2 (1x cube on shelf2) + (d3 residue (shelf3^3 mod LO))
135,26506841348061473662726791019891557210050,0000000000000000000000000000004de587f2c61ab3a3094179a20ba6e117c2,134,133,2,False,align:d_cube_lift2 (1x cube on shelf2) + (C_plus1 - C_floor)
135,26506841348061473662726791019891557210048,0000000000000000000000000000004de587f2c61ab3a3094179a20ba6e117c0,134,133,2,False,align:d_cube_lift2 (1x cube on shelf2) + (C_minus1 - C_floor)
135,38832751910227883125421577756815305564737,000000000000000000000000000000721e83f9020167ebc18fe90b7cb56d6241,132,133,2,False,align:d_cube_lift2 (1x cube on shelf2) + (cube lift - shelf (d2))
135,43460248186578697343388736966312713669233,0000000000000000000000000000007fb7db565982490f020d00d9fd95aa4a71,133,133,2,False,align:d_cube_lift2 (1x cube on shelf2) + (cube lift - shelf (dy))
135,27547112723595043285187754372748608763713,00000000000000000000000000000050f424ed75c45a719a279335a4be3b7741,134,133,2,False,align:d_cube_lift2 (1x cube on shelf2) + (matrix t0 col2-col1)
135,39806055361179918540385535442915772679265,00000000000000000000000000000074fabf6617f8384d73671d271edd054461,132,133,2,False,align:d_cube_lift2 (1x cube on shelf2) + (matrix t1 col2-col1)
135,26565639813784466644143496454838868101585,0000000000000000000000000000004e11c41ef470172c27f5e760730b1dc9d1,134,133,2,False,align:d_cube_lift2 (1x cube on shelf2) + (matrix t2 col2-col1)
135,42072975220194159179501626879525213075358,0000000000000000000000000000007ba4304858b26f0286f7bac23068de779e,133,133,2,False,align:d_cube_lift3 (1x cube on shelf3) + (d3 residue (shelf3^3 mod LO))
135,42814559093037141251406788315395772070864,0000000000000000000000000000007dd218242c593781437bdd6118346f3bd0,133,133,2,False,align:d_cube_lift3 (1x cube on shelf3) + (C_plus1 - C_floor)
135,42814559093037141251406788315395772070862,0000000000000000000000000000007dd218242c593781437bdd6118346f3bce,133,133,2,False,align:d_cube_lift3 (1x cube on shelf3) + (C_minus1 - C_floor)
135,28088444151749017193562862120825152014149,000000000000000000000000000000528b65917cc6ebdf608d7d22e329cf0745,134,133,2,False,align:d_cube_lift3 (1x cube on shelf3) + (shelf_y - shelf2)
135,32604995870705807553523113821685316737057,0000000000000000000000000000005fd145c9d4ad67d1d44e66a63210f65821,134,133,2,False,align:d_cube_lift3 (1x cube on shelf3) + ((N-GAP) mod LO)
135,33362398172263489052445600176686354892367,000000000000000000000000000000620b142a683febc9fbca4cca8942fb864f,134,133,2,False,align:d_cube_lift3 (1x cube on shelf3) + (cube lift - shelf (d2))
135,32295832384428485138470373252209725887151,0000000000000000000000000000005ee8af111a5756b2dc0a71a8bd752f52af,134,133,2,False,align:d_cube_lift3 (1x cube on shelf3) + (cube lift - shelf (d3))
135,22076758985630649212211776792619658091343,00000000000000000000000000000040e0b51edc02de4fd461f6f4b14bc99b4f,133,133,2,False,align:d_cube_lift3 (1x cube on shelf3) + (matrix t0 col2-col1)
135,34335701623215524467409557862786822006895,00000000000000000000000000000064e74f977e36bc2bada180e62b6a93686f,134,133,2,False,align:d_cube_lift3 (1x cube on shelf3) + (matrix t1 col2-col1)
135,42873357558760134232823493750343082962399,0000000000000000000000000000007dfe54505aae9b0a62304b1f7f98abeddf,133,133,2,False,align:d_cube_lift3 (1x cube on shelf3) + (matrix t2 col2-col1)
135,41728043509490107485219758655716417619074,0000000000000000000000000000007aa0b0d9fff859cbeb1a9d6e3f56904482,133,133,2,False,align:matrix track0 col2 + (L2-L1 mod LO)
135,23143324773465653126187003717096287096559,00000000000000000000000000000044031a3829eb7366f421d2167d1995ceef,133,133,2,False,align:matrix track0 col2 + (L3-L2 mod LO)
135,27001928568201983427375832461145797562360,0000000000000000000000000000004f59fe4750660e2a082c3d300a4bf00ff8,134,133,2,False,align:matrix track0 col2 + (dy_mod mod LO)
135,22177263923779145446381803531933788488360,000000000000000000000000000000412c51aae3cda39600f7c467fc3ab942a8,133,133,2,False,align:matrix track0 col2 + (dy residue (shelf_y^3 mod LO))
135,32275882588716455286258570517007000440578,0000000000000000000000000000005ed9ace03bdf0e14a3690cd7b0651c8f02,134,133,2,False,align:matrix track0 col2 + (d2 residue (shelf2^3 mod LO))
135,26805528850752061213282592936878049768208,0000000000000000000000000000004ec63d11a21d91f2dda37096bcf2aab310,134,133,2,False,align:matrix track0 col2 + (d3 residue (shelf3^3 mod LO))
135,27547112723595043285187754372748608763714,00000000000000000000000000000050f424ed75c45a719a279335a4be3b7742,134,133,2,False,align:matrix track0 col2 + (C_plus1 - C_floor)
135,27547112723595043285187754372748608763712,00000000000000000000000000000050f424ed75c45a719a279335a4be3b7740,134,133,2,False,align:matrix track0 col2 + (C_minus1 - C_floor)
135,34599069265246980888999803053811154240183,00000000000000000000000000000065ad725ac6320ecfb73932f76fb39b42b7,134,133,2,False,align:matrix track0 col2 + (shelf_y - shelf2)
135,39115620984203771248960054754671318963091,00000000000000000000000000000072f352931e188ac22afa1c7abe9ac29393,132,133,2,False,align:matrix track0 col2 + ((N-GAP) mod LO)
135,39873023285761452747882541109672357118401,000000000000000000000000000000752d20f3b1ab0eba5276029f15ccc7c1c1,132,133,2,False,align:matrix track0 col2 + (cube lift - shelf (d2))
135,38806457497926448833907314185195728113185,000000000000000000000000000000720abbda63c279a332b6277d49fefb8e21,132,133,2,False,align:matrix track0 col2 + (cube lift - shelf (d3))
135,22722448079172205304193725443536599689713,00000000000000000000000000000042c67851092befdd92f31a6d96ad04a9f1,133,133,2,False,align:matrix track0 col2 + (cube lift - shelf (dy))
135,28587384099128612907648717725605660317377,0000000000000000000000000000005402c1e8256e01402b0dacc93dd595d6c1,134,133,2,False,align:matrix track0 col2 + (matrix t0 col2-col1)
135,40846326736713488162846498795772824232929,00000000000000000000000000000078095c60c7a1df1c044d36bab7f45fa3e1,132,133,2,False,align:matrix track0 col2 + (matrix t1 col2-col1)
135,27605911189318036266604459807695919655249,00000000000000000000000000000051206119a419bdfab8dc00f40c22782951,134,133,2,False,align:matrix track0 col2 + (matrix t2 col2-col1)
135,26738560926170527005785587270121465329072,0000000000000000000000000000004e93db84086abb85fe948b1ec602e835b0,134,133,2,False,align:matrix track1 col2 + (L2-L1 mod LO)
135,29931913673086134308408807207134500339741,00000000000000000000000000000057f644e2325dd521079bbfc703c5edc01d,134,133,2,False,align:matrix track1 col2 + (L3-L2 mod LO)
135,22334772976041136846784836614469143661918,00000000000000000000000000000041a2d0cebc91d47b588ec9ff9e5e428d5e,133,133,2,False,align:matrix track1 col2 + (L3-L1 mod LO)
135,33790517467822464609597635951184010805542,000000000000000000000000000000634d28f158d86fe41ba62ae090f8480126,134,133,2,False,align:matrix track1 col2 + (dy_mod mod LO)
135,28965852823399626628603607021972001731542,000000000000000000000000000000551f7c54ec4005501471b21882e71133d6,134,133,2,False,align:matrix track1 col2 + (dy residue (shelf_y^3 mod LO))
135,39064471488336936468480374007045213683760,00000000000000000000000000000072ccd78a44516fceb6e2fa883711748030,132,133,2,False,align:matrix track1 col2 + (d2 residue (shelf2^3 mod LO))
135,33594117750372542395504396426916263011390,00000000000000000000000000000062b967bbaa8ff3acf11d5e47439f02a43e,134,133,2,False,align:matrix track1 col2 + (d3 residue (shelf3^3 mod LO))
135,34335701623215524467409557862786822006896,00000000000000000000000000000064e74f977e36bc2bada180e62b6a936870,134,133,2,False,align:matrix track1 col2 + (C_plus1 - C_floor)
135,34335701623215524467409557862786822006894,00000000000000000000000000000064e74f977e36bc2bada180e62b6a93686e,134,133,2,False,align:matrix track1 col2 + (C_minus1 - C_floor)
135,41387658164867462071221606543849367483365,00000000000000000000000000000079a09d04cea47089cab320a7f65ff333e5,132,133,2,False,align:matrix track1 col2 + (shelf_y - shelf2)
135,24126138400884190769525883369076366673089,00000000000000000000000000000046e67d3d268aec7c3e740a2b45471a84c1,133,133,2,False,align:matrix track1 col2 + ((N-GAP) mod LO)
135,24883540702441872268448369724077404828399,00000000000000000000000000000049204b9dba1d707465eff04f9c791fb2ef,133,133,2,False,align:matrix track1 col2 + (cube lift - shelf (d2))
135,23816974914606868354473142799600775823183,00000000000000000000000000000045fde6846c34db5d4630152dd0ab537f4f,133,133,2,False,align:matrix track1 col2 + (cube lift - shelf (d3))
135,29511036978792686486415528933574812932895,00000000000000000000000000000056b9a2fb119e5197a66d081e1d595c9b1f,134,133,2,False,align:matrix track1 col2 + (cube lift - shelf (dy))
135,35375972998749094089870521215643873560559,00000000000000000000000000000067f5ec922de062fa3e879a79c481edc7ef,134,133,2,False,align:matrix track1 col2 + (matrix t0 col2-col1)
135,25856844153393907683412327410177871942927,0000000000000000000000000000004bfc870ad01440d617c7246b3ea0b7950f,134,133,2,False,align:matrix track1 col2 + (matrix t1 col2-col1)
135,34394500088938517448826263297734132898431,00000000000000000000000000000065138bc3ac8c1fb4cc55eea492ced01a7f,134,133,2,False,align:matrix track1 col2 + (matrix t2 col2-col1)
135,33782506215934835325505248254799189123861,0000000000000000000000000000006347220822306219c0ca70132fd7d82315,134,133,2,False,align:matrix track2 col1 + (L3-L2 mod LO)
135,32816445366248327645700048069636690515662,0000000000000000000000000000006070597adc129248cda06264aef8fb96ce,134,133,2,False,align:matrix track2 col1 + (dy residue (shelf_y^3 mod LO))
135,23460179224776101426662072715880890734301,00000000000000000000000000000044f17a2abe76fd8283e1d0f42271dd96dd,133,133,2,False,align:matrix track2 col1 + (shelf_y - shelf2)
135,27976730943732891786622324416741055457209,00000000000000000000000000000052375a63165d7974f7a2ba77715904e7b9,134,133,2,False,align:matrix track2 col1 + ((N-GAP) mod LO)
135,28734133245290573285544810771742093612519,000000000000000000000000000000547128c3a9effd6d1f1ea09bc88b0a15e7,134,133,2,False,align:matrix track2 col1 + (cube lift - shelf (d2))
135,27667567457455569371569583847265464607303,000000000000000000000000000000514ec3aa5c076855ff5ec579fcbd3de247,134,133,2,False,align:matrix track2 col1 + (cube lift - shelf (d3))
135,33361629521641387503511969981239501717015,000000000000000000000000000000620a80210170de905f9bb86a496b46fe17,134,133,2,False,align:matrix track2 col1 + (cube lift - shelf (dy))
135,39226565541597795106966962263308562344679,0000000000000000000000000000007346c9b81db2eff2f7b64ac5f093d82ae7,132,133,2,False,align:matrix track2 col1 + (matrix t0 col2-col1)
135,29707436696242608700508768457842560727047,000000000000000000000000000000574d6430bfe6cdced0f5d4b76ab2a1f807,134,133,2,False,align:matrix track2 col1 + (matrix t1 col2-col1)
135,30647951934742221004298733752733465004728,0000000000000000000000000000005a10f4d62692ac07d677a92959790f4ab8,134,133,2,False,align:matrix track2 col2 + (L2-L1 mod LO)
135,33841304681657828306921953689746500015397,00000000000000000000000000000063735e345085c5a2df7eddd1973c14d525,134,133,2,False,align:matrix track2 col2 + (L3-L2 mod LO)
135,26244163984612830845297983097081143337574,0000000000000000000000000000004d1fea20dab9c4fd3071e80a31d469a266,134,133,2,False,align:matrix track2 col2 + (L3-L1 mod LO)
135,32875243831971320627116753504584001407198,000000000000000000000000000000609c95a70a67f5d1ec54d023165d3848de,134,133,2,False,align:matrix track2 col2 + (dy residue (shelf_y^3 mod LO))
135,42973862496908630466993520489657213359416,0000000000000000000000000000007e49f0dc627960508ec61892ca879b9538,133,133,2,False,align:matrix track2 col2 + (d2 residue (shelf2^3 mod LO))
135,23518977690499094408078778150828201625837,000000000000000000000000000000451db656eccc610ba2963eb289d61a48ed,133,133,2,False,align:matrix track2 col2 + (shelf_y - shelf2)
135,28035529409455884768039029851688366348745,0000000000000000000000000000005263968f44b2dcfe16572835d8bd4199c9,134,133,2,False,align:matrix track2 col2 + ((N-GAP) mod LO)
135,28792931711013566266961516206689404504055,000000000000000000000000000000549d64efd84560f63dd30e5a2fef46c7f7,134,133,2,False,align:matrix track2 col2 + (cube lift - shelf (d2))
135,27726365923178562352986289282212775498839,000000000000000000000000000000517affd68a5ccbdf1e13333864217a9457,134,133,2,False,align:matrix track2 col2 + (cube lift - shelf (d3))
135,33420427987364380484928675416186812608551,0000000000000000000000000000006236bc4d2fc642197e502628b0cf83b027,134,133,2,False,align:matrix track2 col2 + (cube lift - shelf (dy))
135,39285364007320788088383667698255873236215,000000000000000000000000000000737305e44c08537c166ab88457f814dcf7,132,133,2,False,align:matrix track2 col2 + (matrix t0 col2-col1)
135,29766235161965601681925473892789871618583,0000000000000000000000000000005779a05cee3c3157efaa4275d216deaa17,134,133,2,False,align:matrix track2 col2 + (matrix t1 col2-col1)
135,21778071482940061661655974875633165533184,0000000000000000000000000000004000000000000000000000000000000000,133,133,2,False,shelf2-(L2-L1 mod LO)
135,40362790218964516020688729814253296055699,000000000000000000000000000000769d96a1d60ce664f6f8cb57c23cfa7593,132,133,2,False,shelf2-(L3-L2 mod LO)
135,26181859433069451820656725531285487200338,0000000000000000000000000000004cf10ab54bd8e70aa605c11f27a4a5a852,134,133,2,False,shelf2-(L3-L1 mod LO)
135,41328851068651023700493929999415794663898,00000000000000000000000000000079745f2f1c2ab635ea22d906431bd701da,132,133,2,False,shelf2-(dy residue (shelf_y^3 mod LO))
135,31230232403713713860617163014342582711680,0000000000000000000000000000005bc703f9c4194bb747b190968ef173b580,134,133,2,False,shelf2-(d2 residue (shelf2^3 mod LO))
135,28907045727183188257875930477538428912075,00000000000000000000000000000054f33e7f39c64afc33e16a76cfa2f501cb,134,133,2,False,shelf2-(shelf_y - shelf2)
135,24390494008226397897915678776678264189167,00000000000000000000000000000047ad5e46e1dfcf09c02080f380bbcdb0ef,133,133,2,False,shelf2-((N-GAP) mod LO)
135,23633091706668716398993192421677226033857,00000000000000000000000000000045738fe64e4d4b1198a49acf2989c882c1,133,133,2,False,shelf2-(cube lift - shelf (d2))
135,24699657494503720312968419346153855039073,0000000000000000000000000000004895f4ff9c35e028b86475f0f55794b661,133,133,2,False,shelf2-(cube lift - shelf (d3))
135,40783666913257963842682008087812983462545,00000000000000000000000000000077da3888f6cc69ee58278300a8a98b9a91,132,133,2,False,shelf2-(cube lift - shelf (dy))
135,22659788255716680984029234735576758919329,0000000000000000000000000000004297547938567aafe6cd66b3876230a0a1,133,133,2,False,shelf2-(matrix t1 col2-col1)
135,35559983554340937569996193027355838528656,00000000000000000000000000000068805bb705259f04f28b88cf897c603c90,134,133,2,False,lift68
140,731672169097426420405573756257706080629441,0000000000000000000000000000086630f5fe7378f08007f9980299cb8a72c1,134,134,1,False,align:shelf2 (LO+(L2-L1 mod LO)) + (L2-L1 mod LO)
140,1226589623871345795322800901067543804460204,00000000000000000000000000000e149f789bdd9a8ff320044b36a2b3d93cac,139,134,1,False,align:shelf2 (LO+(L2-L1 mod LO)) + (L3-L2 mod LO)
140,1244192774886300848767518391619463680316780,00000000000000000000000000000e485a9c2ca3ff63e306212e08a93183556c,139,134,1,False,align:shelf2 (LO+(L2-L1 mod LO)) + (L3-L1 mod LO)
140,1236303933481246466961816636621647230382670,00000000000000000000000000000e312bb495e504b8d4f26628660c6addb24e,139,134,1,False,align:shelf2 (LO+(L2-L1 mod LO)) + (dy_mod mod LO)
140,731239748710860760748721335391311112483842,00000000000000000000000000000864eba4db5a28392043b96a61269bc0b402,134,134,1,False,align:shelf2 (LO+(L2-L1 mod LO)) + (d2_mod mod LO)
140,1243760354499735189110665970753068712171181,00000000000000000000000000000e47154b098aaeac8341e100673601b996ad,139,134,1,False,align:shelf2 (LO+(L2-L1 mod LO)) + (d3_mod mod LO)
140,1275723745333865675264926337120060359350614,00000000000000000000000000000ea503e030c0347a406d4e58daa860189956,139,134,1,False,align:shelf2 (LO+(L2-L1 mod LO)) + (dy residue (shelf_y^3 mod LO))
140,1042210795762772337996352509715347183331330,00000000000000000000000000000bf6c841fe08819a779143b91c31be6d6802,138,134,1,False,align:shelf2 (LO+(L2-L1 mod LO)) + (d2 residue (shelf2^3 mod LO))
140,1354980734981038564024075138273148755984065,00000000000000000000000000000f8dee352822c89d25abbe26b80586df3ec1,139,134,1,False,align:shelf2 (LO+(L2-L1 mod LO)) + (d3 residue (shelf3^3 mod LO))
140,714069018082471366960856265705786204772864,0000000000000000000000000000083275d26dad141c9021dcb530934de05a00,139,134,1,False,align:shelf2 (LO+(L2-L1 mod LO)) + (C_minus1 - C_floor)
140,1219133202852857073173951566936122322671693,00000000000000000000000000000dfeb5e22837f09c44d0897335791cfd584d,139,134,1,False,align:shelf2 (LO+(L2-L1 mod LO)) + (shelf_y - shelf2)
140,1393364154521598286689129971174127625978177,00000000000000000000000000000ffebaaedce6af48a03bbfd25e8cd0364141,139,134,1,False,align:shelf2 (LO+(L2-L1 mod LO)) + ((N-GAP) mod LO)
140,1025040065134382944208487440029822275620353,00000000000000000000000000000bc4526f905b6d7de76f6703eb9e708d0e01,138,134,1,False,align:shelf2 (LO+(L2-L1 mod LO)) + (cube lift - shelf (d2))
140,753488829935090575263965966204199333740809,000000000000000000000000000008a64dfe088843ddfb9cc4e5a52f431b4109,135,134,1,False,align:shelf2 (LO+(L2-L1 mod LO)) + (cube lift - shelf (dy))
140,733087410841032099555057700133347429020993,0000000000000000000000000000086a59aba3a2f3291dd3e7ae308e5a0d7541,134,134,1,False,align:shelf2 (LO+(L2-L1 mod LO)) + (matrix t1 col2-col1)
140,1036920346123596436065364291638492287372953,00000000000000000000000000000be73c2a74525297ab4dcac59f6c7c6e8e99,138,134,1,False,align:shelf2 (LO+(L2-L1 mod LO)) + (matrix t2 col2-col1)
140,1042211942206138250511754340409040107085655,00000000000000000000000000000bf6c91eca0e2103561e2be13cb219d21f57,138,134,1,False,align:shelf3 (LO+(L3-L1 mod LO)) + (L3-L2 mod LO)
140,1059815093221093303956471830960959982942231,00000000000000000000000000000c2a84425ad485d7460448c40eb8977c3817,138,134,1,False,align:shelf3 (LO+(L3-L1 mod LO)) + (L3-L1 mod LO)
140,1051926251816038922150770075963143533008121,00000000000000000000000000000c13555ac4158b2c37f08dbe6c1bd0d694f9,138,134,1,False,align:shelf3 (LO+(L3-L1 mod LO)) + (dy_mod mod LO)
140,1059382672834527644299619410094565014796632,00000000000000000000000000000c293ef137bb351fe64008966d4567b27958,138,134,1,False,align:shelf3 (LO+(L3-L1 mod LO)) + (d3_mod mod LO)
140,1091346063668658130453879776461556661976065,00000000000000000000000000000c872d865ef0baeda36b75eee0b7c6117c01,139,134,1,False,align:shelf3 (LO+(L3-L1 mod LO)) + (dy residue (shelf_y^3 mod LO))
140,1170603053315831019213028577614645058609516,00000000000000000000000000000d7017db56534f1088a9e5bcbe14ecd8216c,139,134,1,False,align:shelf3 (LO+(L3-L1 mod LO)) + (d3 residue (shelf3^3 mod LO))
140,1226589623871345795322800901067543804460205,00000000000000000000000000000e149f789bdd9a8ff320044b36a2b3d93cad,139,134,1,False,align:shelf3 (LO+(L3-L1 mod LO)) + (C_plus1 - C_floor)
140,1226589623871345795322800901067543804460203,00000000000000000000000000000e149f789bdd9a8ff320044b36a2b3d93cab,139,134,1,False,align:shelf3 (LO+(L3-L1 mod LO)) + (C_minus1 - C_floor)
140,1034755521187649528362905006277618625297144,00000000000000000000000000000be0df885668770fa7ceb1093b8882f63af8,138,134,1,False,align:shelf3 (LO+(L3-L1 mod LO)) + (shelf_y - shelf2)
140,1208986472856390741878083410515623928603628,00000000000000000000000000000de0e4550b1735bc0339e768649c362f23ec,139,134,1,False,align:shelf3 (LO+(L3-L1 mod LO)) + ((N-GAP) mod LO)
140,1337810004352649170236210068587623848273088,00000000000000000000000000000f5b7862ba75b4809589e171877238fee4c0,139,134,1,False,align:shelf3 (LO+(L3-L1 mod LO)) + (cube lift - shelf (d3))
140,1266009435723965003625910601565956933428148,00000000000000000000000000000e8877a436b8ca515e9aec7bab3ea91423b4,139,134,1,False,align:shelf3 (LO+(L3-L1 mod LO)) + (cube lift - shelf (dy))
140,1363271812763495036451732377232413986609324,00000000000000000000000000000fa64bb8a76e681457681cb751af933f58ac,139,134,1,False,align:shelf3 (LO+(L3-L1 mod LO)) + (matrix t0 col2-col1)
140,1245608016629906527917002335495105028708332,00000000000000000000000000000e4c8351d1d3799c80d20f44369dc00657ec,139,134,1,False,align:shelf3 (LO+(L3-L1 mod LO)) + (matrix t1 col2-col1)
140,1236736353867812126618669057488042198528269,00000000000000000000000000000e327105b8fe557034b6a656077f9aa7710d,139,134,1,False,align:shelf_y (LO+(lambda_yN-L1 mod LO)) + (L2-L1 mod LO)
140,1052358672202604581807622496829538501153720,00000000000000000000000000000c149aabe72edbe397b4cdec0d8f00a053b8,138,134,1,False,align:shelf_y (LO+(lambda_yN-L1 mod LO)) + (L3-L1 mod LO)
140,1044469830797550200001920741831722051219610,00000000000000000000000000000bfd6bc4506fe13889a112e66af239fab09a,138,134,1,False,align:shelf_y (LO+(lambda_yN-L1 mod LO)) + (dy_mod mod LO)
140,1083889642650169408305030442330135180187554,00000000000000000000000000000c7143efeb4b10f9f51bfb16df8e2f3597a2,139,134,1,False,align:shelf_y (LO+(lambda_yN-L1 mod LO)) + (dy residue (shelf_y^3 mod LO))
140,1163146632297342297064179243483223576821005,00000000000000000000000000000d5a2e44e2ada51cda5a6ae4bceb55fc3d0d,139,134,1,False,align:shelf_y (LO+(lambda_yN-L1 mod LO)) + (d3 residue (shelf3^3 mod LO))
140,1219133202852857073173951566936122322671694,00000000000000000000000000000dfeb5e22837f09c44d0897335791cfd584e,139,134,1,False,align:shelf_y (LO+(lambda_yN-L1 mod LO)) + (C_plus1 - C_floor)
140,1219133202852857073173951566936122322671692,00000000000000000000000000000dfeb5e22837f09c44d0897335791cfd584c,139,134,1,False,align:shelf_y (LO+(lambda_yN-L1 mod LO)) + (C_minus1 - C_floor)
140,1027299100169160806214055672146197143508633,00000000000000000000000000000bcaf5f1e2c2cd1bf97f36313a5eec1a5699,138,134,1,False,align:shelf_y (LO+(lambda_yN-L1 mod LO)) + (shelf_y - shelf2)
140,1201530051837902019729234076384202446815117,00000000000000000000000000000dcafabe97718bc854ea6c9063729f533f8d,139,134,1,False,align:shelf_y (LO+(lambda_yN-L1 mod LO)) + ((N-GAP) mod LO)
140,1330353583334160448087360734456202366484577,00000000000000000000000000000f458ecc46d00a8ce73a66998648a2230061,139,134,1,False,align:shelf_y (LO+(lambda_yN-L1 mod LO)) + (cube lift - shelf (d3))
140,1258553014705476281477061267434535451639637,00000000000000000000000000000e728e0dc313205db04b71a3aa1512383f55,139,134,1,False,align:shelf_y (LO+(lambda_yN-L1 mod LO)) + (cube lift - shelf (dy))
140,1355815391745006314302883043100992504820813,00000000000000000000000000000f90622233c8be20a918a1df5085fc63744d,139,134,1,False,align:shelf_y (LO+(lambda_yN-L1 mod LO)) + (matrix t0 col2-col1)
140,1238151595611417805768153001363683546919821,00000000000000000000000000000e3699bb5e2dcfa8d282946c3574292a738d,139,134,1,False,align:shelf_y (LO+(lambda_yN-L1 mod LO)) + (matrix t1 col2-col1)
140,1053263948268891411819202911236484110634920,00000000000000000000000000000c1743b9bb40dfc2ed5b78d1343a5f924fa8,138,134,1,False,align:C_floor (shelf v0)
140,1070867099283846465263920401788403986491496,00000000000000000000000000000c4afedd4c074496dd4195b40640dd3c6868,139,134,1,False,align:C_floor (shelf v0) + (L2-L1 mod LO)
140,1070434678897280805607067980922009018345897,00000000000000000000000000000c49b98c28edf3df7d7d558664cdad72a9a9,139,134,1,False,align:C_floor (shelf v0) + (d2_mod mod LO)
140,918020388066203746950281786630496968150781,00000000000000000000000000000a89d1c77e5400209da6ea74de4f71ca8efd,138,134,1,False,align:C_floor (shelf v0) + (dy residue (shelf_y^3 mod LO))
140,1381405725949192382854699155246045089193385,00000000000000000000000000000fdb96294b9c4d40d4cadfd51fd8d01f5da9,139,134,1,False,align:C_floor (shelf v0) + (d2 residue (shelf2^3 mod LO))
140,997277377713376635709430587783585364784232,00000000000000000000000000000b72bc1c75b6944382e55a42bbac98913468,138,134,1,False,align:C_floor (shelf v0) + (d3 residue (shelf3^3 mod LO))
140,1053263948268891411819202911236484110634921,00000000000000000000000000000c1743b9bb40dfc2ed5b78d1343a5f924fa9,138,134,1,False,align:C_floor (shelf v0) + (C_plus1 - C_floor)
140,1053263948268891411819202911236484110634919,00000000000000000000000000000c1743b9bb40dfc2ed5b78d1343a5f924fa7,138,134,1,False,align:C_floor (shelf v0) + (C_minus1 - C_floor)
140,1035660797253936358374485420684564234778344,00000000000000000000000000000be388962a7a7aeefd755bee6233e1e836e8,138,134,1,False,align:C_floor (shelf v0) + ((N-GAP) mod LO)
140,1364234995320802989066834085560520181482408,00000000000000000000000000000fa92056ddef392444a9031fef45823f03a8,139,134,1,False,align:C_floor (shelf v0) + (cube lift - shelf (d2))
140,1164484328750194786732612078756564154447804,00000000000000000000000000000d5e1ca3d9d8f9b38fc555f78509e4b7f7bc,139,134,1,False,align:C_floor (shelf v0) + (cube lift - shelf (d3))
140,1092683760121510620122312611734897239602864,00000000000000000000000000000c8b1be5561c0f8458d66101a8d654cd36b0,139,134,1,False,align:C_floor (shelf v0) + (cube lift - shelf (dy))
140,1189946137161040652948134387401354292784040,00000000000000000000000000000da8eff9c6d1ad4751a3913d4f473ef86ba8,139,134,1,False,align:C_floor (shelf v0) + (matrix t0 col2-col1)
140,1072282341027452144413404345664045334883048,00000000000000000000000000000c4f2792f136becf7b0d83ca34356bbf6ae8,139,134,1,False,align:C_floor (shelf v0) + (matrix t1 col2-col1)
140,1376115276310016480923710937169190193235008,00000000000000000000000000000fcc0a11c1e61e3e088766e1a3138e208440,139,134,1,False,align:C_floor (shelf v0) + (matrix t2 col2-col1)
140,1207134361397502798640586258683993858511026,00000000000000000000000000000ddb72f559f6c0c9646c3e085f0c93ec10b2,139,134,1,False,align:C_floor (cube1 v1)
140,1224737512412457852085303749235913734367602,00000000000000000000000000000e0f2e18eabd259d54525aeb311311962972,139,134,1,False,align:C_floor (cube1 v1) + (L2-L1 mod LO)
140,1022756679732295253829539698025490161136477,00000000000000000000000000000bbd9c9b8827473cc76a659e651bf9e4f35d,138,134,1,False,align:C_floor (cube1 v1) + (L3-L2 mod LO)
140,1040359830747250307274257188577410036993053,00000000000000000000000000000bf157bf18edac10b75082813722778f0c1d,138,134,1,False,align:C_floor (cube1 v1) + (L3-L1 mod LO)
140,1032470989342195925468555433579593587058943,00000000000000000000000000000bda28d7822eb165a93cc77b9485b0e968ff,138,134,1,False,align:C_floor (cube1 v1) + (dy_mod mod LO)
140,1224305092025892192428451328369518766222003,00000000000000000000000000000e0de8c7c7a3d4e5f48e1abd8f9fe1cc6ab3,139,134,1,False,align:C_floor (cube1 v1) + (d2_mod mod LO)
140,1039927410360684647617404767711015068847454,00000000000000000000000000000bf0126df5d45b59578c425395af47c54d5e,138,134,1,False,align:C_floor (cube1 v1) + (d3_mod mod LO)
140,1071890801194815133771665134078006716026887,00000000000000000000000000000c4e01031d09e12714b7afac0921a6245007,139,134,1,False,align:C_floor (cube1 v1) + (dy residue (shelf_y^3 mod LO))
140,1151147790841988022530813935231095112660338,00000000000000000000000000000d36eb58146c7549f9f61f79e67ecceaf572,139,134,1,False,align:C_floor (cube1 v1) + (d3 residue (shelf3^3 mod LO))
140,1207134361397502798640586258683993858511027,00000000000000000000000000000ddb72f559f6c0c9646c3e085f0c93ec10b3,139,134,1,False,align:C_floor (cube1 v1) + (C_plus1 - C_floor)
140,1207134361397502798640586258683993858511025,00000000000000000000000000000ddb72f559f6c0c9646c3e085f0c93ec10b1,139,134,1,False,align:C_floor (cube1 v1) + (C_minus1 - C_floor)
140,1015300258713806531680690363894068679347966,00000000000000000000000000000ba7b30514819d49191aeac663f263090efe,138,134,1,False,align:C_floor (cube1 v1) + (shelf_y - shelf2)
140,1189531210382547745195868768132073982654450,00000000000000000000000000000da7b7d1c9305bf5748621258d061641f7f2,139,134,1,False,align:C_floor (cube1 v1) + ((N-GAP) mod LO)
140,1318354741878806173553995426204073902323910,00000000000000000000000000000f224bdf788edaba06d61b2eafdc1911b8c6,139,134,1,False,align:C_floor (cube1 v1) + (cube lift - shelf (d3))
140,1246554173250122006943695959182406987478970,00000000000000000000000000000e4f4b20f4d1f08acfe72638d3a88926f7ba,139,134,1,False,align:C_floor (cube1 v1) + (cube lift - shelf (dy))
140,1343816550289652039769517734848864040660146,00000000000000000000000000000f6d1f3565878e4dc8b456747a1973522cb2,139,134,1,False,align:C_floor (cube1 v1) + (matrix t0 col2-col1)
140,1226152754156063531234787693111555082759154,00000000000000000000000000000e1356ce8fec9fd5f21e49015f07a0192bf2,139,134,1,False,align:C_floor (cube1 v1) + (matrix t1 col2-col1)
140,1042643216149337997653204930581742151476929,00000000000000000000000000000bf80d932121d251d75583e6bda4ee3726c1,138,134,1,False,align:d_cube_lift2 (1x cube on shelf2) + (L2-L1 mod LO)
140,889796504931695279339566315423835133136214,00000000000000000000000000000a36e07d536e8ddb97bad8a795b382c54d56,138,134,1,False,align:d_cube_lift2 (1x cube on shelf2) + (dy residue (shelf_y^3 mod LO))
140,1353181842814683915243983684039383254178818,00000000000000000000000000000f88a4df20b6dafbcedece07d73ce11a1c02,139,134,1,False,align:d_cube_lift2 (1x cube on shelf2) + (d2 residue (shelf2^3 mod LO))
140,969053494578868168098715116576923529769665,00000000000000000000000000000b1fcad24ad121fe7cf948757310a98bf2c1,138,134,1,False,align:d_cube_lift2 (1x cube on shelf2) + (d3 residue (shelf3^3 mod LO))
140,1025040065134382944208487440029822275620354,00000000000000000000000000000bc4526f905b6d7de76f6703eb9e708d0e02,138,134,1,False,align:d_cube_lift2 (1x cube on shelf2) + (C_plus1 - C_floor)
140,1025040065134382944208487440029822275620352,00000000000000000000000000000bc4526f905b6d7de76f6703eb9e708d0e00,138,134,1,False,align:d_cube_lift2 (1x cube on shelf2) + (C_minus1 - C_floor)
140,1007436914119427890763769949477902399763777,00000000000000000000000000000b90974bff9508a9f7894a211997f2e2f541,138,134,1,False,align:d_cube_lift2 (1x cube on shelf2) + ((N-GAP) mod LO)
140,1336011112186294521456118614353858346467841,00000000000000000000000000000f562f0cb309c6df3ebcf152a6a99339c201,139,134,1,False,align:d_cube_lift2 (1x cube on shelf2) + (cube lift - shelf (d2))
140,1136260445615686319121896607549902319433237,00000000000000000000000000000d0b2b59aef3876e89d9442a3c6df5b2b615,139,134,1,False,align:d_cube_lift2 (1x cube on shelf2) + (cube lift - shelf (d3))
140,1064459876987002152511597140528235404588297,00000000000000000000000000000c382a9b2b369d3f52ea4f34603a65c7f509,139,134,1,False,align:d_cube_lift2 (1x cube on shelf2) + (cube lift - shelf (dy))
140,1161722254026532185337418916194692457769473,00000000000000000000000000000d55feaf9bec3b024bb77f7006ab4ff32a01,139,134,1,False,align:d_cube_lift2 (1x cube on shelf2) + (matrix t0 col2-col1)
140,1044058457892943676802688874457383499868481,00000000000000000000000000000bfc3648c6514c8a752171fceb997cba2941,138,134,1,False,align:d_cube_lift2 (1x cube on shelf2) + (matrix t1 col2-col1)
140,1347891393175508013312995465962528358220441,00000000000000000000000000000f7918c79700abf9029b55145a779f1b4299,139,134,1,False,align:d_cube_lift2 (1x cube on shelf2) + (matrix t2 col2-col1)
140,1355413155367604223680927559139543724129664,00000000000000000000000000000f8f33864b3c1954856ffe545978b6a8fd80,139,134,1,False,align:d_cube_lift3 (1x cube on shelf3) + (L2-L1 mod LO)
140,1153432322687441625425163507929120150898539,00000000000000000000000000000d3da208e8a63af3f88809078d819ef7c76b,139,134,1,False,align:d_cube_lift3 (1x cube on shelf3) + (L3-L2 mod LO)
140,1171035473702396678869880998481040026755115,00000000000000000000000000000d715d2c796c9fc7e86e25ea5f881ca1e02b,139,134,1,False,align:d_cube_lift3 (1x cube on shelf3) + (L3-L1 mod LO)
140,1202566444149961505367288943981636705788949,00000000000000000000000000000dce06707d88d4de45d5531531874b372415,139,134,1,False,align:d_cube_lift3 (1x cube on shelf3) + (dy residue (shelf_y^3 mod LO))
140,1281823433797134394126437745134725102422400,00000000000000000000000000000eb6f0c574eb69012b13c2e30ee471fdc980,139,134,1,False,align:d_cube_lift3 (1x cube on shelf3) + (d3 residue (shelf3^3 mod LO))
140,1337810004352649170236210068587623848273089,00000000000000000000000000000f5b7862ba75b4809589e171877238fee4c1,139,134,1,False,align:d_cube_lift3 (1x cube on shelf3) + (C_plus1 - C_floor)
140,1337810004352649170236210068587623848273087,00000000000000000000000000000f5b7862ba75b4809589e171877238fee4bf,139,134,1,False,align:d_cube_lift3 (1x cube on shelf3) + (C_minus1 - C_floor)
140,1145975901668952903276314173797698669110028,00000000000000000000000000000d27b872750091004a388e2f8c58081be30c,139,134,1,False,align:d_cube_lift3 (1x cube on shelf3) + (shelf_y - shelf2)
140,1320206853337694116791492578035703972416512,00000000000000000000000000000f27bd3f29af4faca5a3c48eb56bbb54cc00,139,134,1,False,align:d_cube_lift3 (1x cube on shelf3) + ((N-GAP) mod LO)
140,951882763950478774310850046891398622058688,00000000000000000000000000000aed54ffdd240de1ecd76bc0427d5bab98c0,138,134,1,False,align:d_cube_lift3 (1x cube on shelf3) + (cube lift - shelf (d2))
140,752132097379870571976628040087442595024084,000000000000000000000000000008a2514cd90dce7137f3be97d841be248cd4,135,134,1,False,align:d_cube_lift3 (1x cube on shelf3) + (cube lift - shelf (d3))
140,1377229816205268378539319769086036977241032,00000000000000000000000000000fcf508e5550e4420104c9a1fc0e2e39cbc8,139,134,1,False,align:d_cube_lift3 (1x cube on shelf3) + (cube lift - shelf (dy))
140,1356828397111209902830411503015185072521216,00000000000000000000000000000f935c3bf06b938d233bec6a876d452c0000,139,134,1,False,align:d_cube_lift3 (1x cube on shelf3) + (matrix t1 col2-col1)
140,963763044939692266167726898500068633811288,00000000000000000000000000000b103ebac11af2fbb0b5cf81f64b678d1958,138,134,1,False,align:d_cube_lift3 (1x cube on shelf3) + (matrix t2 col2-col1)
140,1179325405041487238782136406746612333626049,00000000000000000000000000000d89b9d32cb29fd63b9d9c52d8b1cd9d42c1,139,134,1,False,align:matrix track0 col2 + (L2-L1 mod LO)
140,977344572361324640526372355536188760394924,00000000000000000000000000000b382855ca1cc175aeb5a7060cbab5ec0cac,138,134,1,False,align:matrix track0 col2 + (L3-L2 mod LO)
140,994947723376279693971089846088108636251500,00000000000000000000000000000b6be3795ae326499e9bc3e8dec13396256c,138,134,1,False,align:matrix track0 col2 + (L3-L1 mod LO)
140,987058881971225312165388091090292186317390,00000000000000000000000000000b54b491c4242b9e908808e33c246cf0824e,138,134,1,False,align:matrix track0 col2 + (dy_mod mod LO)
140,1178892984654921579125283985880217365480450,00000000000000000000000000000d88748209994f1edbd95c25373e9dd38402,139,134,1,False,align:matrix track0 col2 + (d2_mod mod LO)
140,994515302989714034314237425221713668105901,00000000000000000000000000000b6a9e2837c9d5923ed783bb3d4e03cc66ad,138,134,1,False,align:matrix track0 col2 + (d3_mod mod LO)
140,1026478693823844520468497791588705315285334,00000000000000000000000000000bc88cbd5eff5b5ffc02f113b0c0622b6956,138,134,1,False,align:matrix track0 col2 + (dy residue (shelf_y^3 mod LO))
140,1105735683471017409227646592741793711918785,00000000000000000000000000000cb177125661ef82e14160e18e1d88f20ec1,139,134,1,False,align:matrix track0 col2 + (d3 residue (shelf3^3 mod LO))
140,1161722254026532185337418916194692457769474,00000000000000000000000000000d55feaf9bec3b024bb77f7006ab4ff32a02,139,134,1,False,align:matrix track0 col2 + (C_plus1 - C_floor)
140,1161722254026532185337418916194692457769472,00000000000000000000000000000d55feaf9bec3b024bb77f7006ab4ff32a00,139,134,1,False,align:matrix track0 col2 + (C_minus1 - C_floor)
140,969888151342835918377523021404767278606413,00000000000000000000000000000b223ebf5677178200662c2e0b911f10284d,138,134,1,False,align:matrix track0 col2 + (shelf_y - shelf2)
140,1144119103011577131892701425642772581912897,00000000000000000000000000000d22438c0b25d62e5bd1628d34a4d2491141,139,134,1,False,align:matrix track0 col2 + ((N-GAP) mod LO)
140,1272942634507835560250828083714772501582357,00000000000000000000000000000e9cd799ba8454f2ee215c96577ad518d215,139,134,1,False,align:matrix track0 col2 + (cube lift - shelf (d3))
140,1201142065879151393640528616693105586737417,00000000000000000000000000000dc9d6db36c76ac3b73267a07b47452e1109,139,134,1,False,align:matrix track0 col2 + (cube lift - shelf (dy))
140,1298404442918681426466350392359562639918593,00000000000000000000000000000ee7aaefa77d0886afff97dc21b82f594601,139,134,1,False,align:matrix track0 col2 + (matrix t0 col2-col1)
140,1180740646785092917931620350622253682017601,00000000000000000000000000000d8de288d1e21a0ed9698a6906a65c204541,139,134,1,False,align:matrix track0 col2 + (matrix t1 col2-col1)
140,1374431548126164956275128993567104948377792,00000000000000000000000000000fc7175f8131f8611322094d5973c2d618c0,139,134,1,False,align:matrix track1 col2 + (L2-L1 mod LO)
140,1172450715446002358019364942356681375146667,00000000000000000000000000000d7585e21e9c1a00863a14008d7cab24e2ab,139,134,1,False,align:matrix track1 col2 + (L3-L2 mod LO)
140,1190053866460957411464082432908601251003243,00000000000000000000000000000da94105af627ed4762030e35f8328cefb6b,139,134,1,False,align:matrix track1 col2 + (L3-L1 mod LO)
140,1182165025055903029658380677910784801069133,00000000000000000000000000000d92121e18a38429680c75ddbce66229584d,139,134,1,False,align:matrix track1 col2 + (dy_mod mod LO)
140,1373999127739599296618276572700709980232193,00000000000000000000000000000fc5d20e5e18a7a9b35dc91fb800930c5a01,139,134,1,False,align:matrix track1 col2 + (d2_mod mod LO)
140,1189621446074391751807230012042206282857644,00000000000000000000000000000da7fbb48c492e1d165bf0b5be0ff9053cac,139,134,1,False,align:matrix track1 col2 + (d3_mod mod LO)
140,1221584836908522237961490378409197930037077,00000000000000000000000000000e05ea49b37eb3ead3875e0e318257643f55,139,134,1,False,align:matrix track1 col2 + (dy residue (shelf_y^3 mod LO))
140,988071887337428900692916551004484754017793,00000000000000000000000000000b57aeab80c7010b0aab536e730bb5b90e01,138,134,1,False,align:matrix track1 col2 + (d2 residue (shelf2^3 mod LO))
140,1300841826555695126720639179562286326670528,00000000000000000000000000000eeed49eaae1480db8c5cddc0edf7e2ae4c0,139,134,1,False,align:matrix track1 col2 + (d3 residue (shelf3^3 mod LO))
140,1356828397111209902830411503015185072521217,00000000000000000000000000000f935c3bf06b938d233bec6a876d452c0001,139,134,1,False,align:matrix track1 col2 + (C_plus1 - C_floor)
140,1356828397111209902830411503015185072521215,00000000000000000000000000000f935c3bf06b938d233bec6a876d452bffff,139,134,1,False,align:matrix track1 col2 + (C_minus1 - C_floor)
140,1164994294427513635870515608225259893358156,00000000000000000000000000000d5f9c4baaf6700cd7ea99288c531448fe4c,139,134,1,False,align:matrix track1 col2 + (shelf_y - shelf2)
140,1339225246096254849385694012463265196664640,00000000000000000000000000000f5fa1185fa52eb93355cf87b566c781e740,139,134,1,False,align:matrix track1 col2 + ((N-GAP) mod LO)
140,970901156709039506905051481318959846306816,00000000000000000000000000000b2538d91319ecee7a8976b9427867d8b400,138,134,1,False,align:matrix track1 col2 + (cube lift - shelf (d2))
140,699349921509747137960530007493336904427272,0000000000000000000000000000080734678b46c34e8eb6d49afc093a66e708,139,134,1,False,align:matrix track1 col2 + (cube lift - shelf (dy))
140,1375846789869770635424612937442746296769344,00000000000000000000000000000fcb401526617299b0edf763876851591b40,139,134,1,False,align:matrix track1 col2 + (matrix t1 col2-col1)
140,982781437698252998761928332927629858059416,00000000000000000000000000000b482293f710d2083e67da7af64673ba3498,138,134,1,False,align:matrix track1 col2 + (matrix t2 col2-col1)
140,1276156165720431334921778757986455327496213,00000000000000000000000000000ea6493153d98531a0318e867c1b8fe25815,139,134,1,False,align:matrix track2 col1 + (L2-L1 mod LO)
140,1074175333040268736666014706776031754265088,00000000000000000000000000000c54b7b3f143a6d113499939b02478312200,139,134,1,False,align:matrix track2 col1 + (L3-L2 mod LO)
140,1091778484055223790110732197327951630121664,00000000000000000000000000000c8872d7820a0ba5032fb61c822af5db3ac0,139,134,1,False,align:matrix track2 col1 + (L3-L1 mod LO)
140,1123309454502788616608140142828548309155498,00000000000000000000000000000ce51c1b862640bb6096e347542a24707eaa,139,134,1,False,align:matrix track2 col1 + (dy residue (shelf_y^3 mod LO))
140,1258553014705476281477061267434535451639638,00000000000000000000000000000e728e0dc313205db04b71a3aa1512383f56,139,134,1,False,align:matrix track2 col1 + (C_plus1 - C_floor)
140,1258553014705476281477061267434535451639636,00000000000000000000000000000e728e0dc313205db04b71a3aa1512383f54,139,134,1,False,align:matrix track2 col1 + (C_minus1 - C_floor)
140,1066718912021780014517165372644610272476577,00000000000000000000000000000c3ece1d7d9dfcdd64fa1e61aefae1553da1,139,134,1,False,align:matrix track2 col1 + (shelf_y - shelf2)
140,1240949863690521228032343776882615575783061,00000000000000000000000000000e3ed2ea324cbb89c06554c0d80e948e2695,139,134,1,False,align:matrix track2 col1 + ((N-GAP) mod LO)
140,1369773395186779656390470434954615495452521,00000000000000000000000000000fb966f7e1ab3a4e52b54ec9fae4975de769,139,134,1,False,align:matrix track2 col1 + (cube lift - shelf (d3))
140,1297972826558095489780170967932948580607581,00000000000000000000000000000ee666395dee501f1bc659d41eb10773265d,139,134,1,False,align:matrix track2 col1 + (cube lift - shelf (dy))
140,698336916143543549433001547579144336726869,000000000000000000000000000008043a4dcea3ede214938a0fc521f19e5b55,139,134,1,False,align:matrix track2 col1 + (matrix t0 col2-col1)
140,1277571407464037014071262701862096675887765,00000000000000000000000000000eaa71e6f908ff6a3dfd7c9caa101e655a95,139,134,1,False,align:matrix track2 col1 + (matrix t1 col2-col1)
140,902109206307474430853295587898900113034413,00000000000000000000000000000a5b0f895a7ec3acbb5d7c96eaf4be708cad,138,134,1,False,align:matrix track2 col2 + (L2-L1 mod LO)
140,700128373627311832597531536688476539803288,000000000000000000000000000008097e0bf7e8e54c2e75874a1efda6bf5698,139,134,1,False,align:matrix track2 col2 + (L3-L2 mod LO)
140,709842683237212504236547272242579965725754,000000000000000000000000000008260a47f1f04f751047e9274e675dc3cc3a,139,134,1,False,align:matrix track2 col2 + (dy_mod mod LO)
140,901676785920908771196443167032505144888814,00000000000000000000000000000a59ca38376572f55b993c6949818ea6cdee,138,134,1,False,align:matrix track2 col2 + (d2_mod mod LO)
140,749262495089831712539656972740993094693698,00000000000000000000000000000899e2738ccb7f367bc2d157c30352feb342,135,134,1,False,align:matrix track2 col2 + (dy residue (shelf_y^3 mod LO))
140,1212647832972820348444074341356541215736302,00000000000000000000000000000deba6d55a13cc56b2e6c6b8048cb15381ee,139,134,1,False,align:matrix track2 col2 + (d2 residue (shelf2^3 mod LO))
140,1389570240062905083621673398577316355076665,00000000000000000000000000000ff3947584433b5880260c721dd40fe37239,139,134,1,False,align:matrix track2 col2 + (shelf_y - shelf2)
140,1195477102344430954656209271671016308025325,00000000000000000000000000000db93102ec66b83a22c4ea02d3f9637327ed,139,134,1,False,align:matrix track2 col2 + (cube lift - shelf (d2))
140,995726435773822752321987264867060280990721,00000000000000000000000000000b6e2d4fe85078c96de13cda69bdc5ec1c01,138,134,1,False,align:matrix track2 col2 + (cube lift - shelf (d3))
140,923925867145138585711687797845393366145781,00000000000000000000000000000a9b2c9164938e9a36f247e48d8a36015af5,138,134,1,False,align:matrix track2 col2 + (cube lift - shelf (dy))
140,1021188244184668618537509573511850419326957,00000000000000000000000000000bb900a5d5492c5d2fbf782033fb202c8fed,138,134,1,False,align:matrix track2 col2 + (matrix t0 col2-col1)
140,903524448051080110002779531774541461425965,00000000000000000000000000000a5f383effae3de559296aad18e94cf38f2d,138,134,1,False,align:matrix track2 col2 + (matrix t1 col2-col1)
140,1207357383333644446513086123279686319777925,00000000000000000000000000000ddc1abdd05d9d53e6a34dc487c76f54a885,139,134,1,False,align:matrix track2 col2 + (matrix t2 col2-col1)
140,898446699747678911771902826364289902147414,00000000000000000000000000000a504c2c3f7c8da92d23b51f2a83e7e77756,138,134,1,False,shelf2-(L3-L2 mod LO)
140,888732390137778240132887090810186476224948,00000000000000000000000000000a33bff0457523804b515341fb1a30e301b4,138,134,1,False,shelf2-(dy_mod mod LO)
140,696898287454081973172991196020261297061888,0000000000000000000000000000080000000000000000000000000000000000,139,134,1,False,shelf2-(d2_mod mod LO)
140,1082825527856252369098351217716486523276288,00000000000000000000000000000c6e2362dd51a69ea8b275b144f4dd534c00,139,134,1,False,shelf2-(d2 residue (shelf2^3 mod LO))
140,905903120766167633920752160495711383935925,00000000000000000000000000000a6635c2b322379cdb732ff72bad7ec35bb5,138,134,1,False,shelf2-(shelf_y - shelf2)
140,1099996258484641762886216287402011430987265,00000000000000000000000000000ca099354afebabb38d4526675882b33a601,139,134,1,False,shelf2-(cube lift - shelf (d2))
140,1371547493683934131830737761227634372866809,00000000000000000000000000000fbe9da6d2d1e45b24a6f484bbf758a572f9,139,134,1,False,shelf2-(cube lift - shelf (dy))
140,1391948912777992607539646027298486277586625,00000000000000000000000000000ffa91f937b73510026fd1bc309841b33ec1,139,134,1,False,shelf2-(matrix t1 col2-col1)
140,1088115977495428271029339435793341419234665,00000000000000000000000000000c7daf7a6707d5a174f5eea4c1ba1f522569,139,134,1,False,shelf2-(matrix t2 col2-col1)
145,36919982152557951740033039605068116693866736,0000000000000000000000000001a7d2137d62a773dbe8f768af10c3bf4fd8f0,143,143,1,False,align:shelf2 (LO+(L2-L1 mod LO)) + (L2-L1 mod LO)
145,44217952076571102954655990846117981000464357,0000000000000000000000000001fb98e1d65ff32f1407626b45a81b39b277e5,144,143,1,False,align:shelf2 (LO+(L2-L1 mod LO)) + (L3-L2 mod LO)
145,29226825355054144112368933239679497088427101,00000000000000000000000000014f81eb951146e901fbde1f9d307d195a645d,144,143,1,False,align:shelf2 (LO+(L2-L1 mod LO)) + (L3-L1 mod LO)
145,35537972925086798090455265742402040070036511,000000000000000000000000000197f4b74decbc7c1dfcaef76cbdd915ca5c1f,143,143,1,False,align:shelf2 (LO+(L2-L1 mod LO)) + (dy_mod mod LO)
145,29226392934667578452712080818813102120281502,00000000000000000000000000014f80a643ee2d984a9c19df6f8f09e990a59e,144,143,1,False,align:shelf2 (LO+(L2-L1 mod LO)) + (d3_mod mod LO)
145,24696043109264450270027711118035706481441455,00000000000000000000000000011b7f25dd3377c35f7218222f07e1833f7aaf,144,143,1,False,align:shelf2 (LO+(L2-L1 mod LO)) + (dy residue (shelf_y^3 mod LO))
145,42761762158115828218963113613589916488518264,0000000000000000000000000001eae1864d820dc0ecc179e5c89548c3134a78,144,143,1,False,align:shelf2 (LO+(L2-L1 mod LO)) + (d2 residue (shelf2^3 mod LO))
145,34928015594090281958410218073216697836588752,000000000000000000000000000190f43669117ad1f97b7cfc98b1af9f954ed0,142,143,1,False,align:shelf2 (LO+(L2-L1 mod LO)) + (d3 residue (shelf3^3 mod LO))
145,29610363675544287440784378938858239099923575,000000000000000000000000000153e909beb153b9edf47bb4578861dfa7ec77,144,143,1,False,align:shelf2 (LO+(L2-L1 mod LO)) + (C_minus1 - C_floor)
145,44217519656184537294999138425251586032318758,0000000000000000000000000001fb979c853cd9de5ca79e2b1806a809e8b926,144,143,1,False,align:shelf2 (LO+(L2-L1 mod LO)) + (shelf3 - shelf2)
145,28228354448073133791206605076192162476093351,0000000000000000000000000001440bad8f3b68c23008334315357736226fa7,144,143,1,False,align:shelf2 (LO+(L2-L1 mod LO)) + (shelf_y - shelf2)
145,44601057976674680623414584124430328043815233,0000000000000000000000000001fffebaaedce6af48a03bbfd25e8cd0364141,144,143,1,False,align:shelf2 (LO+(L2-L1 mod LO)) + ((N-GAP) mod LO)
145,35452143681102163919714452947380038894575104,000000000000000000000000000196f87c8ed0ba06feccfe31710ce6e36b5e00,143,143,1,False,align:shelf2 (LO+(L2-L1 mod LO)) + (cube lift - shelf (d2))
145,35311986334966990946482516193261834816230826,0000000000000000000000000001955c99e3d4a0f39cd3ded180ab0795ac95aa,143,143,1,False,align:shelf2 (LO+(L2-L1 mod LO)) + (cube lift - shelf (d3))
145,41069179058252562761892542587140267017308936,0000000000000000000000000001d773784df80f012f69e4df19d26a4d1d0b08,144,143,1,False,align:shelf2 (LO+(L2-L1 mod LO)) + (cube lift - shelf (dy))
145,34321810966131595320508774613617125850123896,000000000000000000000000000189febcbc86f05215bb05d3f5bdab743c8e78,142,143,1,False,align:shelf2 (LO+(L2-L1 mod LO)) + (matrix t0 col2-col1)
145,22603121879494377525320606690613378836230176,000000000000000000000000000103789aee6f6cad8dce3add7b96445e627020,144,143,1,False,align:shelf2 (LO+(L2-L1 mod LO)) + (matrix t1 col2-col1)
145,43443428473831349523311379178038303448740392,0000000000000000000000000001f2b4c30a75ae0b50cdcd841a03df01e5b228,144,143,1,False,align:shelf2 (LO+(L2-L1 mod LO)) + (matrix t2 col2-col1)
145,36524362858680729667335032059862966426879123,0000000000000000000000000001a347749ceb795382ba84e206266163f34493,143,143,1,False,align:shelf3 (LO+(L3-L1 mod LO)) + (L3-L2 mod LO)
145,43833981335694393966583692726072844020822283,0000000000000000000000000001f7307e5b9ccd0d70af00965daec3439b310b,144,143,1,False,align:shelf3 (LO+(L3-L1 mod LO)) + (L3-L1 mod LO)
145,27844383707196424803134306956147025496451277,00000000000000000000000000013fa34a147842a08cafd16e2d3c1f400b28cd,144,143,1,False,align:shelf3 (LO+(L3-L1 mod LO)) + (dy_mod mod LO)
145,43833548915307828306926840305206449052676684,0000000000000000000000000001f72f390a79b3bcb94f3c56300d5013d1724c,144,143,1,False,align:shelf3 (LO+(L3-L1 mod LO)) + (d3_mod mod LO)
145,39303199089904700124242470604429053413836637,0000000000000000000000000001c32db8a3befde7ce253a98ef8627ad80475d,143,143,1,False,align:shelf3 (LO+(L3-L1 mod LO)) + (dy residue (shelf_y^3 mod LO))
145,35068172940225454931642154827334901914933030,0000000000000000000000000001929019140d93e55b749c5c89138eed541726,142,143,1,False,align:shelf3 (LO+(L3-L1 mod LO)) + (d2 residue (shelf2^3 mod LO))
145,27234426376199908671089259286961683263003518,000000000000000000000000000138a2c92f9d00f6682e9f73592ff5c9d61b7e,144,143,1,False,align:shelf3 (LO+(L3-L1 mod LO)) + (d3 residue (shelf3^3 mod LO))
145,44217519656184537294999138425251586032318759,0000000000000000000000000001fb979c853cd9de5ca79e2b1806a809e8b927,144,143,1,False,align:shelf3 (LO+(L3-L1 mod LO)) + (C_plus1 - C_floor)
145,44217519656184537294999138425251586032318757,0000000000000000000000000001fb979c853cd9de5ca79e2b1806a809e8b925,144,143,1,False,align:shelf3 (LO+(L3-L1 mod LO)) + (C_minus1 - C_floor)
145,36523930438294164007678179638996571458733524,0000000000000000000000000001a3462f4bc86002cb5ac0a1d884ee342985d4,143,143,1,False,align:shelf3 (LO+(L3-L1 mod LO)) + (shelf3 - shelf2)
145,42835510428713383645421364562585509408488533,0000000000000000000000000001ebba4055c6eee69ebb55b9d5b3bd60633c55,144,143,1,False,align:shelf3 (LO+(L3-L1 mod LO)) + (shelf_y - shelf2)
145,36907468758784307336093625338175313470229999,0000000000000000000000000001a7ad4d75686cd3b7535e3692dcd2fa770def,143,143,1,False,align:shelf3 (LO+(L3-L1 mod LO)) + ((N-GAP) mod LO)
145,27758554463211790632393494161125024320989870,00000000000000000000000000013ea70f555c402b6d8020a8318b2d0dac2aae,144,143,1,False,align:shelf3 (LO+(L3-L1 mod LO)) + (cube lift - shelf (d2))
145,27618397117076617659161557407006820242645592,00000000000000000000000000013d0b2caa6027180b87014841294dbfed6258,144,143,1,False,align:shelf3 (LO+(L3-L1 mod LO)) + (cube lift - shelf (d3))
145,33375589840362189474571583800885252443723702,00000000000000000000000000017f220b148395259e1d0755da50b0775dd7b6,142,143,1,False,align:shelf3 (LO+(L3-L1 mod LO)) + (cube lift - shelf (dy))
145,26628221748241222033187815827362111276538662,000000000000000000000000000131ad4f83127676846e284ab63bf19e7d5b26,144,143,1,False,align:shelf3 (LO+(L3-L1 mod LO)) + (matrix t0 col2-col1)
145,37210277860134627379535366177006725768625358,0000000000000000000000000001ab272db4faf2d1fc815d543c148a88a33cce,143,143,1,False,align:shelf3 (LO+(L3-L1 mod LO)) + (matrix t1 col2-col1)
145,35749839255940976235990420391783288875155158,00000000000000000000000000019a6355d101342fbf80effada82252c267ed6,143,143,1,False,align:shelf3 (LO+(L3-L1 mod LO)) + (matrix t2 col2-col1)
145,42835942849099949305078216983451904376634132,0000000000000000000000000001ebbb85a6ea0837561b19fa035530902cfb14,144,143,1,False,align:shelf_y (LO+(lambda_yN-L1 mod LO)) + (L3-L2 mod LO)
145,27844816127582990462791159377013420464596876,00000000000000000000000000013fa48f659b5bf1440f95ae5add926fd4e78c,144,143,1,False,align:shelf_y (LO+(lambda_yN-L1 mod LO)) + (L3-L1 mod LO)
145,34155963697615644440877491879735963446206286,000000000000000000000000000188175b1e76d184601066862a6aee6c44df4e,142,143,1,False,align:shelf_y (LO+(lambda_yN-L1 mod LO)) + (dy_mod mod LO)
145,23314033881793296620449937255369629857611230,00000000000000000000000000010ba1c9adbd8ccba185cfb0ecb4f6d9b9fdde,144,143,1,False,align:shelf_y (LO+(lambda_yN-L1 mod LO)) + (dy residue (shelf_y^3 mod LO))
145,41379752930644674569385339750923839864688039,0000000000000000000000000001db042a1e0c22c92ed5317486425e198dcda7,144,143,1,False,align:shelf_y (LO+(lambda_yN-L1 mod LO)) + (d2 residue (shelf2^3 mod LO))
145,33546006366619128308832444210550621212758527,00000000000000000000000000018116da399b8fda3b8f348b565ec4f60fd1ff,142,143,1,False,align:shelf_y (LO+(lambda_yN-L1 mod LO)) + (d3 residue (shelf3^3 mod LO))
145,28228354448073133791206605076192162476093352,0000000000000000000000000001440bad8f3b68c23008334315357736226fa8,144,143,1,False,align:shelf_y (LO+(lambda_yN-L1 mod LO)) + (C_plus1 - C_floor)
145,28228354448073133791206605076192162476093350,0000000000000000000000000001440bad8f3b68c23008334315357736226fa6,144,143,1,False,align:shelf_y (LO+(lambda_yN-L1 mod LO)) + (C_minus1 - C_floor)
145,26846345220601980141628831213526085852263126,0000000000000000000000000001342e515fc57dca721bead1d2e28c8c9cf2d6,144,143,1,False,align:shelf_y (LO+(lambda_yN-L1 mod LO)) + (shelf_y - shelf2)
145,43219048749203526973836810261764251419985008,0000000000000000000000000001f0215e7f66fbb78ab3f34e900ba226b0c470,144,143,1,False,align:shelf_y (LO+(lambda_yN-L1 mod LO)) + ((N-GAP) mod LO)
145,34070134453631010270136679084713962270744879,0000000000000000000000000001871b205f5acf0f40e0b5c02eb9fc39e5e12f,142,143,1,False,align:shelf_y (LO+(lambda_yN-L1 mod LO)) + (cube lift - shelf (d2))
145,33929977107495837296904742330595758192400601,0000000000000000000000000001857f3db45eb5fbdee796603e581cec2718d9,142,143,1,False,align:shelf_y (LO+(lambda_yN-L1 mod LO)) + (cube lift - shelf (d3))
145,39687169830781409112314768724474190393478711,0000000000000000000000000001c7961c1e822409717d9c6dd77f7fa3978e37,143,143,1,False,align:shelf_y (LO+(lambda_yN-L1 mod LO)) + (cube lift - shelf (dy))
145,32939801738660441670931000750951049226293671,00000000000000000000000000017a21608d11055a57cebd62b36ac0cab711a7,142,143,1,False,align:shelf_y (LO+(lambda_yN-L1 mod LO)) + (matrix t0 col2-col1)
145,43521857850553847017278551100595663718380367,0000000000000000000000000001f39b3ebef981b5cfe1f26c394359b4dcf34f,144,143,1,False,align:shelf_y (LO+(lambda_yN-L1 mod LO)) + (matrix t1 col2-col1)
145,42061419246360195873733605315372226824910167,0000000000000000000000000001e2d766daffc31392e18512d7b0f458603557,144,143,1,False,align:shelf_y (LO+(lambda_yN-L1 mod LO)) + (matrix t2 col2-col1)
145,34018745926600652842330040813433995869445228,000000000000000000000000000186841bf10ddcc8d38c19b62c41805fe65c6c,142,143,1,False,align:C_floor (shelf v0)
145,41328364403614317141578701479643873463388388,0000000000000000000000000001da6d25afbf3082c180956a83c9e23f8e48e4,144,143,1,False,align:C_floor (shelf v0) + (L2-L1 mod LO)
145,26325589129096845214665934448045376264005593,00000000000000000000000000012e33f408bc7c3df99f006d1a6139b9f0e7d9,144,143,1,False,align:C_floor (shelf v0) + (L3-L2 mod LO)
145,33635207606110509513914595114255253857948753,0000000000000000000000000001821cfdc76dcff7e7937c2171e99b9998d451,142,143,1,False,align:C_floor (shelf v0) + (L3-L1 mod LO)
145,39946355176143163492000927616977796839558163,0000000000000000000000000001ca8fc98049458b03944cf94176f79608cc13,143,143,1,False,align:C_floor (shelf v0) + (dy_mod mod LO)
145,33634775185723943854257742693388858889803154,0000000000000000000000000001821bb8764ab6a73033b7e144482869cf1592,142,143,1,False,align:C_floor (shelf v0) + (d3_mod mod LO)
145,29104425360320815671573372992611463250963107,00000000000000000000000000014e1a380f9000d24509b62403c100037deaa3,144,143,1,False,align:C_floor (shelf v0) + (dy residue (shelf_y^3 mod LO))
145,24869399210641570478973057215517311752059500,00000000000000000000000000011d7c987fde96cfd25917e79d4e674351ba6c,144,143,1,False,align:C_floor (shelf v0) + (d2 residue (shelf2^3 mod LO))
145,39336397845146647359955879947792454606110404,0000000000000000000000000001c38f489b6e03e0df131afe6d6ace1fd3bec4,143,143,1,False,align:C_floor (shelf v0) + (d3 residue (shelf3^3 mod LO))
145,34018745926600652842330040813433995869445229,000000000000000000000000000186841bf10ddcc8d38c19b62c41805fe65c6d,142,143,1,False,align:C_floor (shelf v0) + (C_plus1 - C_floor)
145,34018745926600652842330040813433995869445227,000000000000000000000000000186841bf10ddcc8d38c19b62c41805fe65c6b,142,143,1,False,align:C_floor (shelf v0) + (C_minus1 - C_floor)
145,26325156708710279555009082027178981295859994,00000000000000000000000000012e32aeb79962ed423f3c2cecbfc68a27291a,144,143,1,False,align:C_floor (shelf v0) + (shelf3 - shelf2)
145,32636736699129499192752266950767919245615003,000000000000000000000000000176a6bfc197f1d1159fd144e9ee95b660df9b,142,143,1,False,align:C_floor (shelf v0) + (shelf_y - shelf2)
145,26708695029200422883424527726357723307356469,00000000000000000000000000013299cce1396fbe2e37d9c1a717ab5074b135,144,143,1,False,align:C_floor (shelf v0) + ((N-GAP) mod LO)
145,39860525932158529321260114821955795664096756,0000000000000000000000000001c9938ec12d4315e4649c3345c60563a9cdf4,143,143,1,False,align:C_floor (shelf v0) + (cube lift - shelf (d2))
145,39720368586023356348028178067837591585752478,0000000000000000000000000001c7f7ac16312a02826b7cd355642615eb059e,143,143,1,False,align:C_floor (shelf v0) + (cube lift - shelf (d3))
145,23176816110778305021902486189067662280850172,00000000000000000000000000010a0e8a80549810150182e0ee8b88cd5b7afc,144,143,1,False,align:C_floor (shelf v0) + (cube lift - shelf (dy))
145,38730193217187960722054436488192882619645548,0000000000000000000000000001bc99ceeee37960fb52a3d5ca76c9f47afe6c,143,143,1,False,align:C_floor (shelf v0) + (matrix t0 col2-col1)
145,27011504130550742926866268565189135605751828,00000000000000000000000000013613ad20cbf5bc7365d8df504f62dea0e014,144,143,1,False,align:C_floor (shelf v0) + (matrix t1 col2-col1)
145,25551065526357091783321322779965698712281628,0000000000000000000000000001254fd53cd2371a36656b85eebcfd8224221c,144,143,1,False,align:C_floor (shelf v0) + (matrix t2 col2-col1)
145,34252570209653396897063593026287016510233135,0000000000000000000000000001893341c7e6570d7e9b33f7d891e6c2501a2f,142,143,1,False,align:C_floor (cube1 v1)
145,41562188686667061196312253692496894104176295,0000000000000000000000000001dd1c4b8697aac76c8fafac301a48a1f806a7,144,143,1,False,align:C_floor (cube1 v1) + (L2-L1 mod LO)
145,26559413412149589269399486660898396904793500,000000000000000000000000000130e319df94f682a4ae1aaec6b1a01c5aa59c,144,143,1,False,align:C_floor (cube1 v1) + (L3-L2 mod LO)
145,33869031889163253568648147327108274498736660,000000000000000000000000000184cc239e464a3c92a296631e3a01fc029214,142,143,1,False,align:C_floor (cube1 v1) + (L3-L1 mod LO)
145,40180179459195907546734479829830817480346070,0000000000000000000000000001cd3eef5721bfcfaea3673aedc75df87289d6,143,143,1,False,align:C_floor (cube1 v1) + (dy_mod mod LO)
145,33868599468776687908991294906241879530591061,000000000000000000000000000184cade4d2330ebdb42d222f0988ecc38d355,142,143,1,False,align:C_floor (cube1 v1) + (d3_mod mod LO)
145,29338249643373559726306925205464483891751014,000000000000000000000000000150c95de6687b16f018d065b0116665e7a866,144,143,1,False,align:C_floor (cube1 v1) + (dy residue (shelf_y^3 mod LO))
145,25103223493694314533706609428370332392847407,0000000000000000000000000001202bbe56b711147d683229499ecda5bb782f,144,143,1,False,align:C_floor (cube1 v1) + (d2 residue (shelf2^3 mod LO))
145,39570222128199391414689432160645475246898311,0000000000000000000000000001c63e6e72467e258a22354019bb34823d7c87,143,143,1,False,align:C_floor (cube1 v1) + (d3 residue (shelf3^3 mod LO))
145,34252570209653396897063593026287016510233136,0000000000000000000000000001893341c7e6570d7e9b33f7d891e6c2501a30,142,143,1,False,align:C_floor (cube1 v1) + (C_plus1 - C_floor)
145,34252570209653396897063593026287016510233134,0000000000000000000000000001893341c7e6570d7e9b33f7d891e6c2501a2e,142,143,1,False,align:C_floor (cube1 v1) + (C_minus1 - C_floor)
145,26558980991763023609742634240032001936647901,000000000000000000000000000130e1d48e71dd31ed4e566e99102cec90e6dd,144,143,1,False,align:C_floor (cube1 v1) + (shelf3 - shelf2)
145,32870560982182243247485819163620939886402910,00000000000000000000000000017955e598706c15c0aeeb86963efc18ca9d5e,142,143,1,False,align:C_floor (cube1 v1) + (shelf_y - shelf2)
145,26942519312253166938158079939210743948144376,00000000000000000000000000013548f2b811ea02d946f403536811b2de6ef8,144,143,1,False,align:C_floor (cube1 v1) + ((N-GAP) mod LO)
145,40094350215211273375993667034808816304884663,0000000000000000000000000001cc42b49805bd5a8f73b674f2166bc6138bb7,143,143,1,False,align:C_floor (cube1 v1) + (cube lift - shelf (d2))
145,39954192869076100402761730280690612226540385,0000000000000000000000000001caa6d1ed09a4472d7a971501b48c7854c361,143,143,1,False,align:C_floor (cube1 v1) + (cube lift - shelf (d3))
145,23410640393831049076636038401920682921638079,00000000000000000000000000010cbdb0572d1254c0109d229adbef2fc538bf,144,143,1,False,align:C_floor (cube1 v1) + (cube lift - shelf (dy))
145,38964017500240704776787988701045903260433455,0000000000000000000000000001bf48f4c5bbf3a5a661be1776c73056e4bc2f,143,143,1,False,align:C_floor (cube1 v1) + (matrix t0 col2-col1)
145,27245328413603486981599820778042156246539735,000000000000000000000000000138c2d2f7a470011e74f320fc9fc9410a9dd7,144,143,1,False,align:C_floor (cube1 v1) + (matrix t1 col2-col1)
145,25784889809409835838054874992818719353069535,000000000000000000000000000127fefb13aab15ee17485c79b0d63e48ddfdf,144,143,1,False,align:C_floor (cube1 v1) + (matrix t2 col2-col1)
145,27758986883598356292050346581991419289135469,00000000000000000000000000013ea854a67f597c24dfe4e85f2ca03d75e96d,144,143,1,False,align:d_cube_lift2 (1x cube on shelf2) + (L3-L2 mod LO)
145,35068605360612020591299007248201296883078629,000000000000000000000000000192915e6530ad3612d4609cb6b5021d1dd5e5,142,143,1,False,align:d_cube_lift2 (1x cube on shelf2) + (L3-L1 mod LO)
145,26302796965143081556357469349463354777189376,00000000000000000000000000012df0f91da1740dfd99fc62e219cdc6d6bc00,144,143,1,False,align:d_cube_lift2 (1x cube on shelf2) + (d2 residue (shelf2^3 mod LO))
145,40769795599648158437340292081738497631240280,0000000000000000000000000001d403a93930e11f0a53ff79b23634a358c058,144,143,1,False,align:d_cube_lift2 (1x cube on shelf2) + (d3 residue (shelf3^3 mod LO))
145,35452143681102163919714452947380038894575105,000000000000000000000000000196f87c8ed0ba06feccfe31710ce6e36b5e01,143,143,1,False,align:d_cube_lift2 (1x cube on shelf2) + (C_plus1 - C_floor)
145,35452143681102163919714452947380038894575103,000000000000000000000000000196f87c8ed0ba06feccfe31710ce6e36b5dff,143,143,1,False,align:d_cube_lift2 (1x cube on shelf2) + (C_minus1 - C_floor)
145,28142092783701933960808939860303766332486345,0000000000000000000000000001430e2d7efc4cfc5978be3cebe311d3f9b2c9,144,143,1,False,align:d_cube_lift2 (1x cube on shelf2) + ((N-GAP) mod LO)
145,41293923686660040398644526955901838689226632,0000000000000000000000000001da07ef5ef020540fa580ae8a916be72ecf88,144,143,1,False,align:d_cube_lift2 (1x cube on shelf2) + (cube lift - shelf (d2))
145,41153766340524867425412590201783634610882354,0000000000000000000000000001d86c0cb3f40740adac614e9a2f8c99700732,144,143,1,False,align:d_cube_lift2 (1x cube on shelf2) + (cube lift - shelf (d3))
145,24610213865279816099286898323013705305980048,00000000000000000000000000011a82eb1e17754e4042675c3356ef50e07c90,144,143,1,False,align:d_cube_lift2 (1x cube on shelf2) + (cube lift - shelf (dy))
145,40163590971689471799438848622138925644775424,0000000000000000000000000001cd0e2f8ca6569f269388510f423078000000,143,143,1,False,align:d_cube_lift2 (1x cube on shelf2) + (matrix t0 col2-col1)
145,28444901885052254004250680699135178630881704,000000000000000000000000000146880dbe8ed2fa9ea6bd5a951ac96225e1a8,144,143,1,False,align:d_cube_lift2 (1x cube on shelf2) + (matrix t1 col2-col1)
145,26984463280858602860705734913911741737411504,000000000000000000000000000135c435da95145861a6500133886405a923b0,144,143,1,False,align:d_cube_lift2 (1x cube on shelf2) + (matrix t2 col2-col1)
145,42225985518103433173033169314266562143186373,0000000000000000000000000001e4bb04c20ec68d3199e7ff2f490719f7edc5,144,143,1,False,align:d_cube_lift3 (1x cube on shelf3) + (L3-L2 mod LO)
145,27234858796586474330746111707828078231149117,000000000000000000000000000138a40e80c01a471f8e63b386d168f99fda3d,144,143,1,False,align:d_cube_lift3 (1x cube on shelf3) + (L3-L1 mod LO)
145,22704076550796780488404889586184287624163471,000000000000000000000000000104a148c8e24b217d049db618a8cd6384f08f,144,143,1,False,align:d_cube_lift3 (1x cube on shelf3) + (dy residue (shelf_y^3 mod LO))
145,32936049035622612176787396541365278979310768,00000000000000000000000000017a165954c04e30170e029082529b7fdac4b0,142,143,1,False,align:d_cube_lift3 (1x cube on shelf3) + (d3 residue (shelf3^3 mod LO))
145,27618397117076617659161557407006820242645593,00000000000000000000000000013d0b2caa6027180b87014841294dbfed6259,144,143,1,False,align:d_cube_lift3 (1x cube on shelf3) + (C_plus1 - C_floor)
145,27618397117076617659161557407006820242645591,00000000000000000000000000013d0b2caa6027180b87014841294dbfed6257,144,143,1,False,align:d_cube_lift3 (1x cube on shelf3) + (C_minus1 - C_floor)
145,42225553097716867513376316893400167175040774,0000000000000000000000000001e4b9bf70ebad3c7a3a23bf01a793ea2e2f06,144,143,1,False,align:d_cube_lift3 (1x cube on shelf3) + (shelf3 - shelf2)
145,26236387889605464009583783544340743618815367,00000000000000000000000000012d2dd07aea3c204d9ab8d6fed6631667e587,144,143,1,False,align:d_cube_lift3 (1x cube on shelf3) + (shelf_y - shelf2)
145,42609091418207010841791762592578909186537249,0000000000000000000000000001e920dd9a8bba0d6632c153bbff78b07bb721,144,143,1,False,align:d_cube_lift3 (1x cube on shelf3) + ((N-GAP) mod LO)
145,33460177122634494138091631415528620037297120,0000000000000000000000000001801a9f7a7f8d651c5f83c55aadd2c3b0d3e0,142,143,1,False,align:d_cube_lift3 (1x cube on shelf3) + (cube lift - shelf (d2))
145,33320019776499321164859694661410415958952842,00000000000000000000000000017e7ebccf837451ba6664656a4bf375f20b8a,142,143,1,False,align:d_cube_lift3 (1x cube on shelf3) + (cube lift - shelf (d3))
145,39077212499784892980269721055288848160030952,0000000000000000000000000001c0959b39a6e25f4cfc6a730373562d6280e8,143,143,1,False,align:d_cube_lift3 (1x cube on shelf3) + (cube lift - shelf (dy))
145,42911900519557330885233503431410321484932608,0000000000000000000000000001ec9abdda1e400bab60c0716537303ea7e600,144,143,1,False,align:d_cube_lift3 (1x cube on shelf3) + (matrix t1 col2-col1)
145,41451461915363679741688557646186884591462408,0000000000000000000000000001dbd6e5f62481696e60531803a4cae22b2808,144,143,1,False,align:d_cube_lift3 (1x cube on shelf3) + (matrix t2 col2-col1)
145,25172464250172512957151791015700441732738168,000000000000000000000000000120f7394b57aa591488040566ca9257a7ec78,144,143,1,False,align:matrix track0 col2 + (L2-L1 mod LO)
145,32470434174185664171774742256750306039335789,000000000000000000000000000174be07a454f6144ca66f07fd61e9d20a8b6d,142,143,1,False,align:matrix track0 col2 + (L3-L2 mod LO)
145,39780052651199328471023402922960183633278949,0000000000000000000000000001c8a711630649ce3a9aeabc54ea4bb1b277e5,143,143,1,False,align:matrix track0 col2 + (L3-L1 mod LO)
145,23790455022701359307574017153034365108907943,00000000000000000000000000011119dd1be1bf61569bbb942477a7ae226fa7,144,143,1,False,align:matrix track0 col2 + (dy_mod mod LO)
145,39779620230812762811366550502093788665133350,0000000000000000000000000001c8a5cc11e3307d833b267c2748d881e8b926,143,143,1,False,align:matrix track0 col2 + (d3_mod mod LO)
145,35249270405409634628682180801316393026293303,000000000000000000000000000194a44bab287aa8981124bee6c1b01b978e37,143,143,1,False,align:matrix track0 col2 + (dy residue (shelf_y^3 mod LO))
145,23180497691704843175528969483849022875460184,00000000000000000000000000010a195c37067db7321a8999506b7e37ed6258,144,143,1,False,align:matrix track0 col2 + (d3 residue (shelf3^3 mod LO))
145,40163590971689471799438848622138925644775425,0000000000000000000000000001cd0e2f8ca6569f269388510f423078000001,143,143,1,False,align:matrix track0 col2 + (C_plus1 - C_floor)
145,40163590971689471799438848622138925644775423,0000000000000000000000000001cd0e2f8ca6569f269388510f423077ffffff,143,143,1,False,align:matrix track0 col2 + (C_minus1 - C_floor)
145,32470001753799098512117889835883911071190190,000000000000000000000000000174bcc25331dcc39546aac7cfc076a240ccae,142,143,1,False,align:matrix track0 col2 + (shelf3 - shelf2)
145,38781581744218318149861074759472849020945199,0000000000000000000000000001bd30d35d306ba768a73fdfccef45ce7a832f,143,143,1,False,align:matrix track0 col2 + (shelf_y - shelf2)
145,32853540074289241840533335535062653082686665,00000000000000000000000000017923e07cd1e994813f485c8a185b688e54c9,142,143,1,False,align:matrix track0 col2 + ((N-GAP) mod LO)
145,23704625778716725136833204358012363933446536,0000000000000000000000000001101da25cc5bcec376c0ace28c6b57bc37188,144,143,1,False,align:matrix track0 col2 + (cube lift - shelf (d2))
145,23564468432581552163601267603894159855102258,00000000000000000000000000010e81bfb1c9a3d8d572eb6e3864d62e04a932,144,143,1,False,align:matrix track0 col2 + (cube lift - shelf (d3))
145,29321661155867123979011293997772592056180368,000000000000000000000000000150989e1bed11e66808f17bd18c38e5751e90,144,143,1,False,align:matrix track0 col2 + (cube lift - shelf (dy))
145,22574293063746156537627526024249450888995328,00000000000000000000000000010323e28a7bf3374e5a1270ad777a0c94a200,144,143,1,False,align:matrix track0 col2 + (matrix t0 col2-col1)
145,33156349175639561883975076373894065381082024,00000000000000000000000000017c9dc0bc646f92c66d477a335012f6ba83a8,142,143,1,False,align:matrix track0 col2 + (matrix t1 col2-col1)
145,27920773798040372042946445824971837572895352,00000000000000000000000000014083c798cf93c599553c25bcbf921e4fd278,144,143,1,False,align:matrix track1 col2 + (L2-L1 mod LO)
145,35218743722053523257569397066021701879492973,0000000000000000000000000001944a95f1ccdf80d173a7285356e998b2716d,143,143,1,False,align:matrix track1 col2 + (L3-L2 mod LO)
145,42528362199067187556818057732231579473436133,0000000000000000000000000001e8339fb07e333abf6822dcaadf4b785a5de5,144,143,1,False,align:matrix track1 col2 + (L3-L1 mod LO)
145,26538764570569218393368671962305760949065127,000000000000000000000000000130a66b6959a8cddb68f3b47a6ca774ca55a7,144,143,1,False,align:matrix track1 col2 + (dy_mod mod LO)
145,42527929778680621897161205311365184505290534,0000000000000000000000000001e8325a5f5b19ea08085e9c7d3dd848909f26,144,143,1,False,align:matrix track1 col2 + (d3_mod mod LO)
145,37997579953277493714476835610587788866450487,0000000000000000000000000001b430d9f8a064151cde5cdf3cb6afe23f7437,143,143,1,False,align:matrix track1 col2 + (dy residue (shelf_y^3 mod LO))
145,33762553803598248521876519833493637367546880,000000000000000000000000000183933a68eefa12aa2dbea2d6441722134400,142,143,1,False,align:matrix track1 col2 + (d2 residue (shelf2^3 mod LO))
145,25928807239572702261323624293120418715617368,000000000000000000000000000129a5ea847e6723b6e7c1b9a6607dfe954858,144,143,1,False,align:matrix track1 col2 + (d3 residue (shelf3^3 mod LO))
145,42911900519557330885233503431410321484932609,0000000000000000000000000001ec9abdda1e400bab60c0716537303ea7e601,144,143,1,False,align:matrix track1 col2 + (C_plus1 - C_floor)
145,42911900519557330885233503431410321484932607,0000000000000000000000000001ec9abdda1e400bab60c0716537303ea7e5ff,144,143,1,False,align:matrix track1 col2 + (C_minus1 - C_floor)
145,35218311301666957597912544645155306911347374,0000000000000000000000000001944950a0a9c6301a13e2e825b57668e8b2ae,143,143,1,False,align:matrix track1 col2 + (shelf3 - shelf2)
145,41529891292086177235655729568744244861102383,0000000000000000000000000001dcbd61aaa85513ed74780022e4459522692f,144,143,1,False,align:matrix track1 col2 + (shelf_y - shelf2)
145,35601849622157100926327990344334048922843849,000000000000000000000000000198b06eca49d301060c807ce00d5b2f363ac9,143,143,1,False,align:matrix track1 col2 + ((N-GAP) mod LO)
145,26452935326584584222627859167283759773603720,00000000000000000000000000012faa30aa3da658bc3942ee7ebbb5426b5788,144,143,1,False,align:matrix track1 col2 + (cube lift - shelf (d2))
145,26312777980449411249395922413165555695259442,00000000000000000000000000012e0e4dff418d455a40238e8e59d5f4ac8f32,144,143,1,False,align:matrix track1 col2 + (cube lift - shelf (d3))
145,25322602611614015623422180833520846729152512,000000000000000000000000000122b070d7f3dca3d3274a91036c79d33c8800,144,143,1,False,align:matrix track1 col2 + (matrix t0 col2-col1)
145,35904658723507420969769731183165461221239208,00000000000000000000000000019c2a4f09dc58ff4b3a7f9a894512bd6269a8,143,143,1,False,align:matrix track1 col2 + (matrix t1 col2-col1)
145,34444220119313769826224785397942024327769008,00000000000000000000000000018b667725e29a5d0e3a124127b2ad60e5abb0,142,143,1,False,align:matrix track1 col2 + (matrix t2 col2-col1)
145,39303631510291265783899323025295448381982236,0000000000000000000000000001c32efdf4e217388584fed91d279add4a061c,143,143,1,False,align:matrix track2 col1 + (L3-L1 mod LO)
145,34772849264501571941558100903651657774996590,00000000000000000000000000018f2c383d044812e2fb38dbaefeff472f1c6e,142,143,1,False,align:matrix track2 col1 + (dy residue (shelf_y^3 mod LO))
145,39687169830781409112314768724474190393478712,0000000000000000000000000001c7961c1e822409717d9c6dd77f7fa3978e38,143,143,1,False,align:matrix track2 col1 + (C_plus1 - C_floor)
145,39687169830781409112314768724474190393478710,0000000000000000000000000001c7961c1e822409717d9c6dd77f7fa3978e36,143,143,1,False,align:matrix track2 col1 + (C_minus1 - C_floor)
145,38305160603310255462736994861808113769648486,0000000000000000000000000001b7b8bfef0c3911b39153fc952c94fa121166,143,143,1,False,align:matrix track2 col1 + (shelf_y - shelf2)
145,23228204637808662449709124460347628682149823,00000000000000000000000000010aa58eeea18a5682561eeaf10404a75affbf,144,143,1,False,align:matrix track2 col1 + (cube lift - shelf (d2))
145,23088047291673489476477187706229424603805545,00000000000000000000000000010909ac43a57143205cff8b00a225599c3769,144,143,1,False,align:matrix track2 col1 + (cube lift - shelf (d3))
145,28845240014959061291887214100107856804883655,00000000000000000000000000014b208aadc8df50b2f3059899c988110cacc7,144,143,1,False,align:matrix track2 col1 + (cube lift - shelf (dy))
145,44398617121368716992039164399233077143679031,0000000000000000000000000001fdabcf1c57c0a19944268d75b4c9382c3037,144,143,1,False,align:matrix track2 col1 + (matrix t0 col2-col1)
145,32679928034731499196850996476229330129785311,00000000000000000000000000017725ad4e403cfd11575b96fb8d62225211df,142,143,1,False,align:matrix track2 col1 + (matrix t1 col2-col1)
145,38529107907551512352554711357215770830258271,0000000000000000000000000001ba4adf28f7d214c24b69f1f1835ea57d405f,143,143,1,False,align:matrix track2 col2 + (L2-L1 mod LO)
145,23526332633034040425641944325617273630875476,00000000000000000000000000010e11ad81f51dcffa69d4f4881ab61fdfdf54,144,143,1,False,align:matrix track2 col2 + (L3-L2 mod LO)
145,37147098680080358702976937494549694206428046,0000000000000000000000000001aa6d82f981e71d045f2180af3073fbf7c38e,143,143,1,False,align:matrix track2 col2 + (dy_mod mod LO)
145,26305168864258010882549382870183360617832990,00000000000000000000000000012df7f188c8a26445d48aab717a7c696ce21e,144,143,1,False,align:matrix track2 col2 + (dy residue (shelf_y^3 mod LO))
145,44370887913109388831484785365737570624909799,0000000000000000000000000001fd5a51f9173861d323ec6f0b07e3a940b1e7,144,143,1,False,align:matrix track2 col2 + (d2 residue (shelf2^3 mod LO))
145,36537141349083842570931889825364351972980287,0000000000000000000000000001a36d0214a6a572dfddef85db244a85c2b63f,143,143,1,False,align:matrix track2 col2 + (d3 residue (shelf3^3 mod LO))
145,23525900212647474765985091904750878662729877,00000000000000000000000000010e106830d2047f430a10b45a7942f0162095,144,143,1,False,align:matrix track2 col2 + (shelf3 - shelf2)
145,23909438533137618094400537603929620674226352,00000000000000000000000000011277865a7211502f02ae4914d127b663a8b0,144,143,1,False,align:matrix track2 col2 + ((N-GAP) mod LO)
145,37061269436095724532236124699527693030966639,0000000000000000000000000001a971483a65e4a7e52f70bab37f81c998c56f,143,143,1,False,align:matrix track2 col2 + (cube lift - shelf (d2))
145,36921112089960551559004187945409488952622361,0000000000000000000000000001a7d5658f69cb948336515ac31da27bd9fd19,143,143,1,False,align:matrix track2 col2 + (cube lift - shelf (d3))
145,42678304813246123374414214339287921153700471,0000000000000000000000000001e9ec43f98d39a215cc57685c4505334a7277,144,143,1,False,align:matrix track2 col2 + (cube lift - shelf (dy))
145,35930936721125155933030446365764779986515431,00000000000000000000000000019c7788681c1af2fc1d785d3830465a69f5e7,143,143,1,False,align:matrix track2 col2 + (matrix t0 col2-col1)
145,24212247634487938137842278442761032972621711,000000000000000000000000000115f1669a04974e7430ad66be08df448fd78f,144,143,1,False,align:matrix track2 col2 + (matrix t1 col2-col1)
145,22751809030294286994297332657537596079151511,0000000000000000000000000001052d8eb60ad8ac3730400d5c7679e8131997,144,143,1,False,align:matrix track2 col2 + (matrix t2 col2-col1)
145,22300745198530623141535718272648361505980416,0000000000000000000000000001000000000000000000000000000000000000,144,143,1,False,shelf2-(L2-L1 mod LO)
145,37303520473048095068448485304246858705363211,0000000000000000000000000001ac3931a702b444c7e194fd6968a8859d610b,143,143,1,False,shelf2-(L3-L2 mod LO)
145,23682754426001776791113492135314438129810641,00000000000000000000000000010fdd5c2f75eaf7bdec48714252eaa9857cd1,144,143,1,False,shelf2-(dy_mod mod LO)
145,34524684241824124611541046759680771718405697,00000000000000000000000000018c52eda02f2fb07c76df468008e23c105e41,142,143,1,False,shelf2-(dy residue (shelf_y^3 mod LO))
145,38759710391503369804141362536774923217309304,0000000000000000000000000001bcf08d2fe099b2ef277d82e67b7afc3c8e78,143,143,1,False,shelf2-(d2 residue (shelf2^3 mod LO))
145,24292711756998292923158539804499780363258400,000000000000000000000000000116dddd14512ca1e26d7a6c165f141fba8a20,144,143,1,False,shelf2-(d3 residue (shelf3^3 mod LO))
145,37303952893434660728105337725113253673508810,0000000000000000000000000001ac3a76f825cd957f41593d970a1bb5671fca,143,143,1,False,shelf2-(shelf3 - shelf2)
145,36920414572944517399689892025934511662012335,0000000000000000000000000001a7d358ce85c0c49348bba8dcb236ef1997af,143,143,1,False,shelf2-((N-GAP) mod LO)
145,23768583669986410961854304930336439305272048,000000000000000000000000000110d996ee91ed6cdd1bf9373e03dcdbe47af0,144,143,1,False,shelf2-(cube lift - shelf (d2))
145,23908741016121583935086241684454643383616326,0000000000000000000000000001127579998e06803f1518972e65bc29a34346,144,143,1,False,shelf2-(cube lift - shelf (d3))
145,40452293491366635261211933563224572688518632,0000000000000000000000000001d05e9b2f6a9872ac7f1289953e597232cde8,143,143,1,False,shelf2-(cube lift - shelf (dy))
145,24898916384956979561059983264099352349723256,00000000000000000000000000011dd356c0dbb721c62df194b953184b134a78,144,143,1,False,shelf2-(matrix t0 col2-col1)
145,36617605471594197356248151187103099363616976,0000000000000000000000000001a459788ef33ac64e1abc8b337a7f60ed68d0,143,143,1,False,shelf2-(matrix t1 col2-col1)
145,38078044075787848499793096972326536257087176,0000000000000000000000000001b51d5072ecf9688b1b29e4950ce4bd6a26c8,143,143,1,False,shelf2-(matrix t2 col2-col1)
150,1174116034484472046875713595300999543143072052,0000000000000000000000000034a630ea13e2554f6bbb537fd1293972a50134,149,0,0,False,align:shelf2 (LO+(L2-L1 mod LO)) + (L2-L1 mod LO)
150,954842460285735532267847938834554784977965143,000000000000000000000000002ad10dcb83aaf58bb3c7a8fb57f0ef72fed057,149,0,0,False,align:shelf2 (LO+(L2-L1 mod LO)) + (L3-L2 mod LO)
150,828276631174991615176561751760306988358127857,00000000000000000000000000252426408d9c203369a552bb40858c2c5150f1,148,0,0,False,align:shelf2 (LO+(L2-L1 mod LO)) + (L3-L1 mod LO)
150,873122060335961350531170549295389474897343674,000000000000000000000000002726f31fae9c55ba0f402dabf74b2fc45934ba,148,0,0,False,align:shelf2 (LO+(L2-L1 mod LO)) + (dy_mod mod LO)
150,828276198754605049516904899339440593389982258,00000000000000000000000000252424fb3c7906e2b2458e7b12e418fc879232,148,0,0,False,align:shelf2 (LO+(L2-L1 mod LO)) + (d3_mod mod LO)
150,1291226098739990520017279457525525171182698650,0000000000000000000000000039e68c7635c407e1a58c6459119617bfc3009a,149,0,0,False,align:shelf2 (LO+(L2-L1 mod LO)) + (dy residue (shelf_y^3 mod LO))
150,714231682386611026681426489891913638495140674,000000000000000000000000002006fa4501d842b01e0d7abac0dac556183b42,147,0,0,False,align:shelf2 (LO+(L2-L1 mod LO)) + (d2 residue (shelf2^3 mod LO))
150,1211272903718142538913482726288400899191264922,000000000000000000000000003650bb239990966433ac29d4031a071d0ad69a,149,0,0,False,align:shelf2 (LO+(L2-L1 mod LO)) + (d3 residue (shelf3^3 mod LO))
150,1300681863595215963966999782375247339762909339,000000000000000000000000003a53187509f12aa7b5dda9bfe8949cb952809b,1,0,0,False,align:shelf2 (LO+(L2-L1 mod LO)) + (C_plus1 - C_floor)
150,1300681863595215963966999782375247339762909337,000000000000000000000000003a53187509f12aa7b5dda9bfe8949cb9528099,149,0,0,False,align:shelf2 (LO+(L2-L1 mod LO)) + (C_minus1 - C_floor)
150,954842027865348966608191086413688390009819544,000000000000000000000000002ad10c863287dc3afc67e4bb2a4f7c43351198,149,0,0,False,align:shelf2 (LO+(L2-L1 mod LO)) + (shelf3 - shelf2)
150,999687889446705267622456736369637271517180960,000000000000000000000000002cd3daaaa4ab2b12596283ec0eb6930b06b420,149,0,0,False,align:shelf2 (LO+(L2-L1 mod LO)) + (shelf_y - shelf2)
150,1300681431174829398307342929954380944794763739,000000000000000000000000003a53172fb8ce1156fe7de57fbaf3298988c1db,149,0,0,False,align:shelf2 (LO+(L2-L1 mod LO)) + ((N-GAP) mod LO)
150,840797511497354943772712676966161435114977960,0000000000000000000000000025b3e1cff7e71808682fd0fad846289cc5baa8,148,0,0,False,align:shelf2 (LO+(L2-L1 mod LO)) + (cube lift - shelf (d2))
150,970054722205773512834434624599460077372818690,000000000000000000000000002b7fae9d6708ba2937444518d8ca8ad9d5c502,149,0,0,False,align:shelf2 (LO+(L2-L1 mod LO)) + (cube lift - shelf (d3))
150,1005162055646265192923965705880635467856891002,000000000000000000000000002d12b1cb9118dccf4c29e06d02df84b4bc4c7a,149,0,0,False,align:shelf2 (LO+(L2-L1 mod LO)) + (cube lift - shelf (dy))
150,910955669432704467803234332057396632355119090,0000000000000000000000000028d9421bb0fa00a4bde8e951a127a4a9c49ff2,148,0,0,False,align:shelf2 (LO+(L2-L1 mod LO)) + (matrix t0 col2-col1)
150,890306307426744366265911912199629859973103770,0000000000000000000000000027ec371652ffdfc816f3810513b321b2e2009a,148,0,0,False,align:shelf2 (LO+(L2-L1 mod LO)) + (matrix t2 col2-col1)
150,1196060641798104558346896040523495606796411375,0000000000000000000000000035a21a51b632d1c6b02f8db682406bb633e1ef,149,0,0,False,align:shelf3 (LO+(L3-L1 mod LO)) + (L3-L1 mod LO)
150,1240906070959074293701504838058578093335627192,0000000000000000000000000037a4e730d733074d55ca68a739060f4e3bc5b8,149,0,0,False,align:shelf3 (LO+(L3-L1 mod LO)) + (dy_mod mod LO)
150,1196060209377717992687239188102629211828265776,0000000000000000000000000035a2190c650fb875f8cfc976549ef8866a2330,149,0,0,False,align:shelf3 (LO+(L3-L1 mod LO)) + (d3_mod mod LO)
150,945386263010123522658470761563966221429608856,000000000000000000000000002a6480875e5ab974ec169f545350f749a59198,149,0,0,False,align:shelf3 (LO+(L3-L1 mod LO)) + (dy residue (shelf_y^3 mod LO))
150,1082015693009723969851760778655102256933424192,000000000000000000000000003084ee562a6ef4436497b5b60295a4dffacc40,149,0,0,False,align:shelf3 (LO+(L3-L1 mod LO)) + (d2 residue (shelf2^3 mod LO))
150,865433067988275541554674030326841949438175128,0000000000000000000000000026ceaf34c22747f77a3664cf44d4e6a6ed6798,148,0,0,False,align:shelf3 (LO+(L3-L1 mod LO)) + (d3 residue (shelf3^3 mod LO))
150,954842027865348966608191086413688390009819545,000000000000000000000000002ad10c863287dc3afc67e4bb2a4f7c43351199,149,0,0,False,align:shelf3 (LO+(L3-L1 mod LO)) + (C_plus1 - C_floor)
150,954842027865348966608191086413688390009819543,000000000000000000000000002ad10c863287dc3afc67e4bb2a4f7c43351197,149,0,0,False,align:shelf3 (LO+(L3-L1 mod LO)) + (C_minus1 - C_floor)
150,954841595444962400948534233992821995041673945,000000000000000000000000002ad10b40e164c2ea4508207afcae09136b52d9,149,0,0,False,align:shelf3 (LO+(L3-L1 mod LO)) + ((N-GAP) mod LO)
150,1208581522120467886943046965729350053553261478,000000000000000000000000003631d5e1207dc99baeba0bf61a010826a84ba6,149,0,0,False,align:shelf3 (LO+(L3-L1 mod LO)) + (cube lift - shelf (d2))
150,1278739680055817410973568620820585250793402608,000000000000000000000000003957362cd990b2380473244ce2e28433a730f0,149,0,0,False,align:shelf3 (LO+(L3-L1 mod LO)) + (matrix t0 col2-col1)
150,1005853102356228283401630457205310466748627864,000000000000000000000000002d1aa099544414941e20cb99f32366777cbb98,149,0,0,False,align:shelf3 (LO+(L3-L1 mod LO)) + (matrix t1 col2-col1)
150,1258090318049857309436246200962818478411387288,00000000000000000000000000386a2b277b96915b5d7dbc00556e013cc49198,149,0,0,False,align:shelf3 (LO+(L3-L1 mod LO)) + (matrix t2 col2-col1)
150,1240906503379460859361161690479444488303772791,0000000000000000000000000037a4e8762856209e0d2a2ce766a7827e058477,149,0,0,False,align:shelf_y (LO+(lambda_yN-L1 mod LO)) + (L3-L1 mod LO)
150,1285751932540430594715770488014526974842988608,0000000000000000000000000039a7b55549565624b2c507d81d6d26160d6840,149,0,0,False,align:shelf_y (LO+(lambda_yN-L1 mod LO)) + (dy_mod mod LO)
150,990232124591479823672736411519915102936970272,000000000000000000000000002c674eabd07e084c49113e8537b80e11773420,149,0,0,False,align:shelf_y (LO+(lambda_yN-L1 mod LO)) + (dy residue (shelf_y^3 mod LO))
150,1126861554591080270866026428611051138440785608,000000000000000000000000003287bc7a9c92431ac19254e6e6fcbba7cc6ec8,149,0,0,False,align:shelf_y (LO+(lambda_yN-L1 mod LO)) + (d2 residue (shelf2^3 mod LO))
150,910278929569631842568939680282790830945536544,0000000000000000000000000028d17d59344a96ced7310400293bfd6ebf0a20,148,0,0,False,align:shelf_y (LO+(lambda_yN-L1 mod LO)) + (d3 residue (shelf3^3 mod LO))
150,999687889446705267622456736369637271517180961,000000000000000000000000002cd3daaaa4ab2b12596283ec0eb6930b06b421,149,0,0,False,align:shelf_y (LO+(lambda_yN-L1 mod LO)) + (C_plus1 - C_floor)
150,999687889446705267622456736369637271517180959,000000000000000000000000002cd3daaaa4ab2b12596283ec0eb6930b06b41f,149,0,0,False,align:shelf_y (LO+(lambda_yN-L1 mod LO)) + (C_minus1 - C_floor)
150,1412317761651174511807056675088774771462825894,000000000000000000000000003f549ce03f652b7cfce75e1834d8895cbae7a6,147,0,0,False,align:shelf_y (LO+(lambda_yN-L1 mod LO)) + (shelf_y - shelf2)
150,999687457026318701962799883948770876549035361,000000000000000000000000002cd3d965538811c1a202bfabe1151fdb3cf561,149,0,0,False,align:shelf_y (LO+(lambda_yN-L1 mod LO)) + ((N-GAP) mod LO)
150,1253427383701824187957312615685298935060622894,000000000000000000000000003834a40592a118730bb4ab26fe681eee79ee2e,149,0,0,False,align:shelf_y (LO+(lambda_yN-L1 mod LO)) + (cube lift - shelf (d2))
150,1417791927850734437108565644599772967802535936,000000000000000000000000003f9374012bd2dd39efaeba9929017b06708000,147,0,0,False,align:shelf_y (LO+(lambda_yN-L1 mod LO)) + (cube lift - shelf (dy))
150,1050698963937584584415896107161259348255989280,000000000000000000000000002f1d6ebdc667636b7b1b6acad78a7d3f4e5e20,149,0,0,False,align:shelf_y (LO+(lambda_yN-L1 mod LO)) + (matrix t1 col2-col1)
150,1085070593635756732732549201719524333763303280,0000000000000000000000000030a7ffe1f5b6bb51ae8d5b77b5de3957da1770,149,0,0,False,align:C_floor (shelf v0)
150,958504764525012815641263014645276537143465994,000000000000000000000000002afb1856ffa7e5f9646b05379e72d6112c980a,149,0,0,False,align:C_floor (shelf v0) + (L2-L1 mod LO)
150,739231190326276301033397358178831778978359085,000000000000000000000000002125f5386f708635ac775ab3253a8c1186672d,147,0,0,False,align:C_floor (shelf v0) + (L3-L2 mod LO)
150,1075614828780531288782828876869802165183092592,00000000000000000000000000303b73e32189988b9e3c1610dedfb45e4a9770,149,0,0,False,align:C_floor (shelf v0) + (dy residue (shelf_y^3 mod LO))
150,1212244258780131735976118893960938200686907928,00000000000000000000000000365be1b1ed9dd35a16bd2c728e2461f49fd218,149,0,0,False,align:C_floor (shelf v0) + (d2 residue (shelf2^3 mod LO))
150,995661633758683307679032145632677893191658864,000000000000000000000000002ca5a2908556270e2c5bdb8bd063a3bb926d70,149,0,0,False,align:C_floor (shelf v0) + (d3 residue (shelf3^3 mod LO))
150,1085070593635756732732549201719524333763303281,0000000000000000000000000030a7ffe1f5b6bb51ae8d5b77b5de3957da1771,149,0,0,False,align:C_floor (shelf v0) + (C_plus1 - C_floor)
150,1085070593635756732732549201719524333763303279,0000000000000000000000000030a7ffe1f5b6bb51ae8d5b77b5de3957da176f,149,0,0,False,align:C_floor (shelf v0) + (C_minus1 - C_floor)
150,739230757905889735373740505757965384010213486,000000000000000000000000002125f3f31e4d6ce4f5179672f79918e1bca86e,147,0,0,False,align:C_floor (shelf v0) + (shelf3 - shelf2)
150,784076619487246036388006155713914265517574902,000000000000000000000000002328c2179070bbbc521235a3dc002fa98e4af6,148,0,0,False,align:C_floor (shelf v0) + (shelf_y - shelf2)
150,1085070161215370167072892349298657938795157681,0000000000000000000000000030a7fe9ca493a200f72d9737883cc6281058b1,149,0,0,False,align:C_floor (shelf v0) + ((N-GAP) mod LO)
150,754443452246314281599984043943737071373212632,0000000000000000000000000021d4960a52ce4ad32ff3f6d0a61427785d5bd8,147,0,0,False,align:C_floor (shelf v0) + (cube lift - shelf (d3))
150,789550785686805961689515125224912461857284944,00000000000000000000000000236799387cde6d7944d99224d029215343e350,148,0,0,False,align:C_floor (shelf v0) + (cube lift - shelf (dy))
150,1408968245826225177097926736126421194546886344,000000000000000000000000003f2e29889cbf914eb6989b096e7141484c36c8,147,0,0,False,align:C_floor (shelf v0) + (matrix t0 col2-col1)
150,1136081668126636049525988572511146410502111600,0000000000000000000000000032f193f51772f3aad04642567eb2238c21c170,149,0,0,False,align:C_floor (shelf v0) + (matrix t1 col2-col1)
150,1198809390725658612295349078309527699576205368,0000000000000000000000000035c1a82a911dcaff9c8f03e2b3ef04acfa3038,149,0,0,False,align:C_floor (cube1 v1)
150,1072243561614914695204062891235279902956368082,000000000000000000000000003014c09f9b0ef5a7526cada29c83a1664cb0d2,149,0,0,False,align:C_floor (cube1 v1) + (L2-L1 mod LO)
150,852969987416178180596197234768835144791261173,00000000000000000000000000263f9d810ad795e39a79031e234b5766a67ff5,148,0,0,False,align:C_floor (cube1 v1) + (L3-L2 mod LO)
150,726404158305434263504911047694587348171423887,000000000000000000000000002092b5f614c8c08b5056acde0bdff41ff9008f,147,0,0,False,align:C_floor (cube1 v1) + (L3-L1 mod LO)
150,771249587466403998859519845229669834710639704,00000000000000000000000000229582d535c8f611f5f187cec2a597b800e458,148,0,0,False,align:C_floor (cube1 v1) + (dy_mod mod LO)
150,726403725885047697845254195273720953203278288,000000000000000000000000002092b4b0c3a5a73a98f6e89dde3e80f02f41d0,147,0,0,False,align:C_floor (cube1 v1) + (d3_mod mod LO)
150,1189353625870433168345628753459805530995994680,0000000000000000000000000035551c2bbcf0a8398c3dbe7bdcf07fb36ab038,149,0,0,False,align:C_floor (cube1 v1) + (dy residue (shelf_y^3 mod LO))
150,1109400430848585187241832022222681259004560952,0000000000000000000000000031bf4ad920bd36bc1a5d83f6ce746f10b28638,149,0,0,False,align:C_floor (cube1 v1) + (d3 residue (shelf3^3 mod LO))
150,1198809390725658612295349078309527699576205369,0000000000000000000000000035c1a82a911dcaff9c8f03e2b3ef04acfa3039,149,0,0,False,align:C_floor (cube1 v1) + (C_plus1 - C_floor)
150,1198809390725658612295349078309527699576205367,0000000000000000000000000035c1a82a911dcaff9c8f03e2b3ef04acfa3037,149,0,0,False,align:C_floor (cube1 v1) + (C_minus1 - C_floor)
150,852969554995791614936540382347968749823115574,00000000000000000000000000263f9c3bb9b47c92e3193eddf5a9e436dcc136,148,0,0,False,align:C_floor (cube1 v1) + (shelf3 - shelf2)
150,897815416577147915950806032303917631330476990,0000000000000000000000000028426a602bd7cb6a4013de0eda10fafeae63be,148,0,0,False,align:C_floor (cube1 v1) + (shelf_y - shelf2)
150,1198808958305272046635692225888661304608059769,0000000000000000000000000035c1a6e53ffab1aee52f3fa2864d917d307179,149,0,0,False,align:C_floor (cube1 v1) + ((N-GAP) mod LO)
150,738925038627797592101061972900441794928273990,00000000000000000000000000212271857f13b8604ee12b1da3a090906d6a46,147,0,0,False,align:C_floor (cube1 v1) + (cube lift - shelf (d2))
150,868182249336216161162783920533740437186114720,0000000000000000000000000026ee3e52ee355a811df59f3ba424f2cd7d74a0,148,0,0,False,align:C_floor (cube1 v1) + (cube lift - shelf (d3))
150,903289582776707841252315001814915827670187032,000000000000000000000000002881418118457d2732db3a8fce39eca863fc18,148,0,0,False,align:C_floor (cube1 v1) + (cube lift - shelf (dy))
150,809083196563147116131583627991676992168415120,000000000000000000000000002447d1d13826a0fca49a43746c820c9d6c4f90,148,0,0,False,align:C_floor (cube1 v1) + (matrix t0 col2-col1)
150,1249820465216537929088788449101149776315013688,00000000000000000000000000380b3c3db2da0358be47eac17cc2eee141da38,149,0,0,False,align:C_floor (cube1 v1) + (matrix t1 col2-col1)
150,788433834557187014594261208133910219786399800,00000000000000000000000000235ac6cbda2c801ffda4db27df0d89a689b038,148,0,0,False,align:C_floor (cube1 v1) + (matrix t2 col2-col1)
150,1208581954540854452602703818150216448521407077,000000000000000000000000003631d72671a0e2ec6619d03647a27b56720a65,149,0,0,False,align:d_cube_lift2 (1x cube on shelf2) + (L3-L2 mod LO)
150,1082016125430110535511417631075968651901569791,000000000000000000000000003084ef9b7b920d941bf779f63037180fc48aff,149,0,0,False,align:d_cube_lift2 (1x cube on shelf2) + (L3-L1 mod LO)
150,831341746642129499822992352116439266534767272,00000000000000000000000000254755d123b9f54257de8b940147a3a3363aa8,148,0,0,False,align:d_cube_lift2 (1x cube on shelf2) + (dy residue (shelf_y^3 mod LO))
150,967971176641729947016282369207575302038582608,000000000000000000000000002b67c39fefce3010d05fa1f5b08c51398b7550,149,0,0,False,align:d_cube_lift2 (1x cube on shelf2) + (d2 residue (shelf2^3 mod LO))
150,751388551620281518719195620879314994543333544,0000000000000000000000000021b1847e878683c4e5fe510ef2cb93007e10a8,147,0,0,False,align:d_cube_lift2 (1x cube on shelf2) + (d3 residue (shelf3^3 mod LO))
150,840797511497354943772712676966161435114977961,0000000000000000000000000025b3e1cff7e71808682fd0fad846289cc5baa9,148,0,0,False,align:d_cube_lift2 (1x cube on shelf2) + (C_plus1 - C_floor)
150,840797511497354943772712676966161435114977959,0000000000000000000000000025b3e1cff7e71808682fd0fad846289cc5baa7,148,0,0,False,align:d_cube_lift2 (1x cube on shelf2) + (C_minus1 - C_floor)
150,840797079076968378113055824545295040146832361,0000000000000000000000000025b3e08aa6c3feb7b0d00cbaaaa4b56cfbfbe9,148,0,0,False,align:d_cube_lift2 (1x cube on shelf2) + ((N-GAP) mod LO)
150,1094537005752473864107568556281823098658419894,000000000000000000000000003114ab2ae5dd05691a81f835c7f7b48038f4b6,149,0,0,False,align:d_cube_lift2 (1x cube on shelf2) + (cube lift - shelf (d2))
150,1223794216460892433169290503915121740916260624,0000000000000000000000000036e077f854fea789e9966c53c87c16bd48ff10,149,0,0,False,align:d_cube_lift2 (1x cube on shelf2) + (cube lift - shelf (d3))
150,1258901549901384113258821585196297131400332936,0000000000000000000000000038737b267f0eca2ffe7c07a7f29110982f8688,149,0,0,False,align:d_cube_lift2 (1x cube on shelf2) + (cube lift - shelf (dy))
150,1164695163687823388138090211373058295898561024,00000000000000000000000000343a0b769eefee05703b108c90d9308d37da00,149,0,0,False,align:d_cube_lift2 (1x cube on shelf2) + (matrix t0 col2-col1)
150,891808585988234260566152047757783511853786280,0000000000000000000000000027fd75e319a3506189e8b7d9a11a12d10d64a8,148,0,0,False,align:d_cube_lift2 (1x cube on shelf2) + (matrix t1 col2-col1)
150,1144045801681863286600767791515291523516545704,00000000000000000000000000334d007140f5cd28c945a8400364ad96553aa8,149,0,0,False,align:d_cube_lift2 (1x cube on shelf2) + (matrix t2 col2-col1)
150,991999329519406024305617069821956141026158013,000000000000000000000000002c7b9805095936a07bb87f4f89e1bd1d64a5bd,149,0,0,False,align:d_cube_lift3 (1x cube on shelf3) + (L3-L2 mod LO)
150,865433500408662107214330882747708344406320727,0000000000000000000000000026ceb07a134a61483196290f727659d6b72657,148,0,0,False,align:d_cube_lift3 (1x cube on shelf3) + (L3-L1 mod LO)
150,1248429772951813030951251857275802255239457792,0000000000000000000000000037fb455d1f3ed778fb9d0028350ad4c770ac00,149,0,0,False,align:d_cube_lift3 (1x cube on shelf3) + (d3 residue (shelf3^3 mod LO))
150,991998897099019458645960217401089746058012414,000000000000000000000000002c7b96bfb8361d4fc458bb0f5c4049ed9ae6fe,149,0,0,False,align:d_cube_lift3 (1x cube on shelf3) + (shelf3 - shelf2)
150,1036844758680375759660225867357038627565373830,000000000000000000000000002e7e64e42a596c2721535a4040a760b56c8986,149,0,0,False,align:d_cube_lift3 (1x cube on shelf3) + (shelf_y - shelf2)
150,877954380731025435810481807953562791163170830,00000000000000000000000000275e6c097d95591d3020a74f0a36f6472b900e,148,0,0,False,align:d_cube_lift3 (1x cube on shelf3) + (cube lift - shelf (d2))
150,1007211591439444004872203755586861433421011560,000000000000000000000000002d2a38d6ecb6fb3dff351b6d0abb58843b9a68,149,0,0,False,align:d_cube_lift3 (1x cube on shelf3) + (cube lift - shelf (d3))
150,1042318924879935684961734836868036823905083872,000000000000000000000000002ebd3c0516c71de4141ab6c134d0525f2221e0,149,0,0,False,align:d_cube_lift3 (1x cube on shelf3) + (cube lift - shelf (dy))
150,948112538666374959841003463044797988403311960,000000000000000000000000002a83cc5536a841b985d9bfa5d31872542a7558,149,0,0,False,align:d_cube_lift3 (1x cube on shelf3) + (matrix t0 col2-col1)
150,927463176660414858303681043187031216021296640,000000000000000000000000002996c14fd8ae20dcdee4575945a3ef5d47d600,148,0,0,False,align:d_cube_lift3 (1x cube on shelf3) + (matrix t2 col2-col1)
150,1038129334577079471046804024298810499278723738,000000000000000000000000002e8d23eba8e118ad2618ba4c796dcd468a5a9a,149,0,0,False,align:matrix track0 col2 + (L2-L1 mod LO)
150,818855760378342956438938367832365741113616829,0000000000000000000000000024b800cd18a9b8e96e250fc800358346e429bd,148,0,0,False,align:matrix track0 col2 + (L3-L2 mod LO)
150,1405913777620578979876795165482865512685152855,000000000000000000000000003f0b1942229ae3912402b987e8ca200036aa57,147,0,0,False,align:matrix track0 col2 + (L3-L1 mod LO)
150,737135360428568774702260978293200431032995360,00000000000000000000000000210de621439b1917c99d94789f8fc3983e8e20,147,0,0,False,align:matrix track0 col2 + (dy_mod mod LO)
150,1405913345200192414217138313061999117717007256,000000000000000000000000003f0b17fcd177ca406ca2f547bb28acd06ceb98,147,0,0,False,align:matrix track0 col2 + (d3_mod mod LO)
150,1155239398832597944188369886523336127318350336,0000000000000000000000000033cd7f77cac2cb3f5fe9cb25b9daab93a85a00,149,0,0,False,align:matrix track0 col2 + (dy residue (shelf_y^3 mod LO))
150,1291868828832198391381659903614472162822165672,0000000000000000000000000039eded4696d7060dd86ae187691f5929fd94a8,149,0,0,False,align:matrix track0 col2 + (d2 residue (shelf2^3 mod LO))
150,1075286203810749963084573155286211855326916608,000000000000000000000000003037ae252e8f59c1ee0990a0ab5e9af0f03000,149,0,0,False,align:matrix track0 col2 + (d3 residue (shelf3^3 mod LO))
150,1164695163687823388138090211373058295898561025,00000000000000000000000000343a0b769eefee05703b108c90d9308d37da01,149,0,0,False,align:matrix track0 col2 + (C_plus1 - C_floor)
150,1164695163687823388138090211373058295898561023,00000000000000000000000000343a0b769eefee05703b108c90d9308d37d9ff,149,0,0,False,align:matrix track0 col2 + (C_minus1 - C_floor)
150,818855327957956390779281515411499346145471230,0000000000000000000000000024b7ff87c7869f98b6c54b87d29410171a6afe,148,0,0,False,align:matrix track0 col2 + (shelf3 - shelf2)
150,863701189539312691793547165367448227652832646,0000000000000000000000000026bacdac39a9ee7013bfeab8b6fb26deec0d86,148,0,0,False,align:matrix track0 col2 + (shelf_y - shelf2)
150,1164694731267436822478433358952191900930415425,00000000000000000000000000343a0a314dccd4b4b8db4c4c6337bd5d6e1b41,149,0,0,False,align:matrix track0 col2 + ((N-GAP) mod LO)
150,1418434657942942308472946090688719959442002958,000000000000000000000000003f9ad4d18ce5db66228d37c7808abc70ab140e,147,0,0,False,align:matrix track0 col2 + (cube lift - shelf (d2))
150,834068022298380937005525053597271033508470376,000000000000000000000000002566a19efc077d86f1a1abe5810f1eadbb1e68,148,0,0,False,align:matrix track0 col2 + (cube lift - shelf (d3))
150,869175355738872617095056134878446423992542688,0000000000000000000000000026f9a4cd2617a02d06874739ab241888a1a5e0,148,0,0,False,align:matrix track0 col2 + (cube lift - shelf (dy))
150,774968969525311891974324761055207588490770776,0000000000000000000000000022c0351d45f8c4027846501e496c387da9f958,148,0,0,False,align:matrix track0 col2 + (matrix t0 col2-col1)
150,1215706238178702704931529582164680372637369344,0000000000000000000000000036839f89c0ac265e91f3f76b59ad1ac17f8400,149,0,0,False,align:matrix track0 col2 + (matrix t1 col2-col1)
150,754319607519351790437002341197440816108755456,0000000000000000000000000021d32a17e7fea325d150e7d1bbf7b586c75a00,147,0,0,False,align:matrix track0 col2 + (matrix t2 col2-col1)
150,1262283978209021855706922097080022975930073242,00000000000000000000000000389a4f36bb4ccebd556510b2cbedf15152809a,149,0,0,False,align:matrix track1 col2 + (L2-L1 mod LO)
150,1043010404010285341099056440613578217764966333,000000000000000000000000002ec52c182b156ef99d71662e52b5a751ac4fbd,149,0,0,False,align:matrix track1 col2 + (L3-L2 mod LO)
150,916444574899541424007770253539330421145129047,000000000000000000000000002918448d350699a1534f0fee3b4a440afed057,148,0,0,False,align:matrix track1 col2 + (L3-L1 mod LO)
150,961290004060511159362379051074412907684344864,000000000000000000000000002b1b116c5606cf27f8e9eadef20fe7a306b420,149,0,0,False,align:matrix track1 col2 + (dy_mod mod LO)
150,916444142479154858348113401118464026176983448,0000000000000000000000000029184347e3e380509bef4bae0da8d0db351198,148,0,0,False,align:matrix track1 col2 + (d3_mod mod LO)
150,802399626111160835512634991670937071282141864,0000000000000000000000000023fb1891a942bc1e07b737edbb9f7d34c5baa8,148,0,0,False,align:matrix track1 col2 + (d2 residue (shelf2^3 mod LO))
150,1299440847442692347744691228067424331978266112,000000000000000000000000003a44d97040fb0fd21d55e706fddebefbb85600,149,0,0,False,align:matrix track1 col2 + (d3 residue (shelf3^3 mod LO))
150,1043009971589898775439399588192711822796820734,000000000000000000000000002ec52ad2d9f255a8e611a1ee25143421e290fe,149,0,0,False,align:matrix track1 col2 + (shelf3 - shelf2)
150,1087855833171255076453665238148660704304182150,0000000000000000000000000030c7f8f74c15a480430c411f097b4ae9b43386,149,0,0,False,align:matrix track1 col2 + (shelf_y - shelf2)
150,928965455221904752603921178745184867901979150,0000000000000000000000000029a8001c9f51917651d98e2dd30ae07b733a0e,148,0,0,False,align:matrix track1 col2 + (cube lift - shelf (d2))
150,1058222665930323321665643126378483510159819880,000000000000000000000000002f73ccea0e73339720ee024bd38f42b8834468,149,0,0,False,align:matrix track1 col2 + (cube lift - shelf (d3))
150,1093329999370815001755174207659658900643892192,000000000000000000000000003106d0183883563d35d39d9ffda43c9369cbe0,149,0,0,False,align:matrix track1 col2 + (cube lift - shelf (dy))
150,999123613157254276634442833836420065142120280,000000000000000000000000002ccd606858647a12a792a6849bec5c88721f58,149,0,0,False,align:matrix track1 col2 + (matrix t0 col2-col1)
150,726237035457665149062504670221145281097345536,000000000000000000000000002090cad4d317dc6ec1404dd1ac2d3ecc47aa00,147,0,0,False,align:matrix track1 col2 + (matrix t1 col2-col1)
150,978474251151294175097120413978653292760104960,000000000000000000000000002be05562fa6a5936009d3e380e77d9918f8000,149,0,0,False,align:matrix track1 col2 + (matrix t2 col2-col1)
150,1071952524541254005409413801059080413017591741,0000000000000000000000000030116957a58ca81ded98b9d4985dcdc01ccfbd,149,0,0,False,align:matrix track2 col1 + (L3-L2 mod LO)
150,945386695430510088318127613984832616397754455,000000000000000000000000002a6481ccaf7dd2c5a376639480f26a796f5057,149,0,0,False,align:matrix track2 col1 + (L3-L1 mod LO)
150,1408336162995508993158845319750050799222325248,000000000000000000000000003f26e80257a5ba73df5d75325202f60ce10000,147,0,0,False,align:matrix track2 col1 + (dy residue (shelf_y^3 mod LO))
150,1417791927850734437108565644599772967802535937,000000000000000000000000003f9374012bd2dd39efaeba9929017b06708001,147,0,0,False,align:matrix track2 col1 + (C_plus1 - C_floor)
150,1417791927850734437108565644599772967802535935,000000000000000000000000003f9374012bd2dd39efaeba9929017b06707fff,147,0,0,False,align:matrix track2 col1 + (C_minus1 - C_floor)
150,1071952092120867439749756948638214018049446142,000000000000000000000000003011681254698ecd3638f5946abc5a905310fe,149,0,0,False,align:matrix track2 col1 + (shelf3 - shelf2)
150,1116797953702223740764022598594162899556807558,0000000000000000000000000032143636c68cdda4933394c54f23715824b386,149,0,0,False,align:matrix track2 col1 + (shelf_y - shelf2)
150,1417791495430347871448908792178906572834390337,000000000000000000000000003f9372bbdaafc3e9384ef658fb6007d6a6c141,147,0,0,False,align:matrix track2 col1 + ((N-GAP) mod LO)
150,957907575752873416914278539190687063154604558,000000000000000000000000002af43d5c19c8ca9aa200e1d418b306e9e3ba0e,149,0,0,False,align:matrix track2 col1 + (cube lift - shelf (d2))
150,1087164786461291985976000486823985705412445288,0000000000000000000000000030c00a2988ea6cbb711555f219376926f3c468,149,0,0,False,align:matrix track2 col1 + (cube lift - shelf (d3))
150,1122272119901783666065531568105161095896517600,0000000000000000000000000032530d57b2fa8f6185faf146434c6301da4be0,149,0,0,False,align:matrix track2 col1 + (cube lift - shelf (dy))
150,1028065733688222940944800194281922260394745688,000000000000000000000000002e199da7d2dbb336f7b9fa2ae19482f6e29f58,149,0,0,False,align:matrix track2 col1 + (matrix t0 col2-col1)
150,755179155988633813372862030666647476349970944,0000000000000000000000000021dd08144d8f15931167a177f1d5653ab82a00,147,0,0,False,align:matrix track2 col1 + (matrix t1 col2-col1)
150,1007416371682262839407477774424155488012730368,000000000000000000000000002d2c92a274e1925a50c491de54200000000000,149,0,0,False,align:matrix track2 col1 + (matrix t2 col2-col1)
150,880850542571518922316191587349907691392893082,00000000000000000000000000277fab177ed2bd0206a23b9e3cb49cb952809a,148,0,0,False,align:matrix track2 col2 + (L2-L1 mod LO)
150,1248634985615018431146182728533962704799322199,0000000000000000000000000037fda06df88c87e6048c3ad9ac10ef72fed057,149,0,0,False,align:matrix track2 col2 + (L3-L1 mod LO)
150,1293480414775988166500791526069045191338538016,000000000000000000000000003a006d4d198cbd6caa2715ca62d6930b06b420,149,0,0,False,align:matrix track2 col2 + (dy_mod mod LO)
150,1248634553194631865486525876113096309831176600,0000000000000000000000000037fd9f28a7696e954d2c76997e6f7c43351198,149,0,0,False,align:matrix track2 col2 + (d3_mod mod LO)
150,997960606827037395457757449574433319432519680,000000000000000000000000002cc006a3a0b46f9440734c777d217b06708000,149,0,0,False,align:matrix track2 col2 + (dy residue (shelf_y^3 mod LO))
150,1134590036826637842651047466665569354936335016,0000000000000000000000000032e074726cc8aa62b8f462d92c66289cc5baa8,149,0,0,False,align:matrix track2 col2 + (d2 residue (shelf2^3 mod LO))
150,918007411805189414353960718337309047441085952,00000000000000000000000000292a35510480fe16ce9311f26ea56a63b85600,148,0,0,False,align:matrix track2 col2 + (d3 residue (shelf3^3 mod LO))
150,1007416371682262839407477774424155488012730369,000000000000000000000000002d2c92a274e1925a50c491de54200000000001,149,0,0,False,align:matrix track2 col2 + (C_plus1 - C_floor)
150,1007416371682262839407477774424155488012730367,000000000000000000000000002d2c92a274e1925a50c491de541fffffffffff,149,0,0,False,align:matrix track2 col2 + (C_minus1 - C_floor)
150,1420046243886732083592077713143292987958375302,000000000000000000000000003fad54d80f9b92c4f4496c0a7a41f651b43386,147,0,0,False,align:matrix track2 col2 + (shelf_y - shelf2)
150,1007415939261876273747820922003289093044584769,000000000000000000000000002d2c915d23be79099964cd9e267e8cd0364141,149,0,0,False,align:matrix track2 col2 + ((N-GAP) mod LO)
150,1261155865937381759742333653739817151556172302,00000000000000000000000000388d5bfd62d77fbb0316b91943d18be3733a0e,149,0,0,False,align:matrix track2 col2 + (cube lift - shelf (d2))
150,1390413076645800328804055601373115793814013032,000000000000000000000000003e5928cad1f921dbd22b2d374455ee20834468,147,0,0,False,align:matrix track2 col2 + (cube lift - shelf (d3))
150,1425520410086292008893586682654291184298085344,000000000000000000000000003fec2bf8fc094481e710c88b6e6ae7fb69cbe0,147,0,0,False,align:matrix track2 col2 + (cube lift - shelf (dy))
150,1058427446173142156200917145215777564751538688,000000000000000000000000002f7626b5969dcab3727d78bd1cf3ea3447aa00,149,0,0,False,align:matrix track2 col2 + (matrix t1 col2-col1)
150,713623846352979940529142984724747568191373312,0000000000000000000000000020000000000000000000000000000000000000,147,0,0,False,shelf2-(L2-L1 mod LO)
150,932897420551716455137008641191192326356480221,0000000000000000000000000029d5231e90375fc3b7f3aa84793849ffa630dd,148,0,0,False,shelf2-(L3-L2 mod LO)
150,1059463249662460372228294828265440122976317507,000000000000000000000000002f820aa98646351c021600c490a3ad4653b043,149,0,0,False,shelf2-(L3-L1 mod LO)
150,1014617820501490636873686030730357636437101690,000000000000000000000000002d7f3dca6545ff955c7b25d3d9de09ae4bcc7a,149,0,0,False,shelf2-(dy_mod mod LO)
150,1059463682082846937887951680686306517944463106,000000000000000000000000002f820beed7694e6cb975c504be4520761d6f02,149,0,0,False,shelf2-(d3_mod mod LO)
150,1173508198450840960723430090133833472839304690,00000000000000000000000000349f36a5120a129f4dadd8c5104e741c8cc5f2,149,0,0,False,shelf2-(d2 residue (shelf2^3 mod LO))
150,1390090823472289389020516838462093780334553754,000000000000000000000000003e5575c67a51beeb380f29abce0f32559a2a9a,147,0,0,False,shelf2-(d3 residue (shelf3^3 mod LO))
150,932897852972103020796665493612058721324625820,0000000000000000000000000029d52463e15a79146f536ec4a6d9bd2f6fef9c,148,0,0,False,shelf2-(shelf3 - shelf2)
150,888051991390746719782399843656109839817264404,0000000000000000000000000027d2563f6f372a3d1258cf93c272a6679e4d14,148,0,0,False,shelf2-(shelf_y - shelf2)
150,1046942369340097043632143903059585676219467404,000000000000000000000000002ef24f1a1bfb3d47038b8284f8e310d5df468c,149,0,0,False,shelf2-(cube lift - shelf (d2))
150,917685158631678474570421955426287033961626674,000000000000000000000000002926824cacd99b2634770e66f85eae98cf3c32,148,0,0,False,shelf2-(cube lift - shelf (d3))
150,882577825191186794480890874145111643477554362,0000000000000000000000000027937f1e82c978801f917312ce49b4bde8b4ba,148,0,0,False,shelf2-(cube lift - shelf (dy))
150,976784211404747519601622247968350478979326274,000000000000000000000000002bcceece62e854aaadd26a2e300194c8e06142,149,0,0,False,shelf2-(matrix t0 col2-col1)
150,997433573410707621138944667826117251361341594,000000000000000000000000002cb9f9d3c0e2758754c7d27abd7617bfc3009a,149,0,0,False,shelf2-(matrix t2 col2-col1)
155,39947012586491981947763500648478431267545613116,00000000000000000000000006ff493711b1df106f0285e8d51504ecd01f033c,153,0,0,False,align:shelf2 (LO+(L2-L1 mod LO)) + (L2-L1 mod LO)
155,27776642839725295154150696916161364522798295430,00000000000000000000000004dd8c38db75a0044dbdd9c0f3a4e3878f8e2986,154,0,0,False,align:shelf2 (LO+(L2-L1 mod LO)) + (L3-L2 mod LO)
155,36332167591323607079566159484804619065509128996,000000000000000000000000065d30d4644e8f8c853f1cb55e2f65fdf79dab24,152,0,0,False,align:shelf2 (LO+(L2-L1 mod LO)) + (L3-L1 mod LO)
155,36506511293345108855394408744023952083731830072,000000000000000000000000066502327be06a104eb53c29e0c0a505fe175538,152,0,0,False,align:shelf2 (LO+(L2-L1 mod LO)) + (dy_mod mod LO)
155,42632589511094206343953986844280522353456889926,0000000000000000000000000777b62053fa8d4bbe59c6cad38579d2204ac046,153,0,0,False,align:shelf2 (LO+(L2-L1 mod LO)) + (dy residue (shelf_y^3 mod LO))
155,38701656011413790366553444595029779393125039382,00000000000000000000000006c7713905af9bfdd946a0c590c8790768c43d16,153,0,0,False,align:shelf2 (LO+(L2-L1 mod LO)) + (d2 residue (shelf2^3 mod LO))
155,23860308773051712626167315510833446684878537846,000000000000000000000000042deee96dd29378dbebdec7ad3b937bd6818476,154,0,0,False,align:shelf2 (LO+(L2-L1 mod LO)) + (d3 residue (shelf3^3 mod LO))
155,31391487834893670022348038079835176724834779551,000000000000000000000000057fa49b88d8ef88378142f46a8a8276680f819f,1,0,0,False,align:shelf2 (LO+(L2-L1 mod LO)) + (C_plus1 - C_floor)
155,31391487834893670022348038079835176724834779549,000000000000000000000000057fa49b88d8ef88378142f46a8a8276680f819d,154,0,0,False,align:shelf2 (LO+(L2-L1 mod LO)) + (C_minus1 - C_floor)
155,27950986541746796929978946175380697541020996506,00000000000000000000000004e55d96f3077a881733f9357636228f9607d39a,154,0,0,False,align:shelf2 (LO+(L2-L1 mod LO)) + (shelf_y - shelf2)
155,31391487402473283456688381227414310329866633951,000000000000000000000000057fa49a4387cc6ee6c9e3302a5ce1033845c2df,154,0,0,False,align:shelf2 (LO+(L2-L1 mod LO)) + ((N-GAP) mod LO)
155,30146131259815478441137982026386524850414205816,0000000000000000000000000547cc9d7cd6ac75a1c55dd1263df69100b4bb78,154,0,0,False,align:shelf2 (LO+(L2-L1 mod LO)) + (cube lift - shelf (d2))
155,41755592099917133665881769617055926526328134384,000000000000000000000000075062b0925cf3748e2e0506b996aff446f35af0,153,0,0,False,align:shelf2 (LO+(L2-L1 mod LO)) + (cube lift - shelf (d3))
155,37517566052642767510907616180091746994559839404,0000000000000000000000000692588960f312c3a725cd955d4f57428a42ecac,153,0,0,False,align:shelf2 (LO+(L2-L1 mod LO)) + (cube lift - shelf (dy))
155,43164084554401952868344742038144458528017966118,000000000000000000000000078f8b63e15a87a87a125b2743c214ad23e16426,154,0,0,False,align:shelf2 (LO+(L2-L1 mod LO)) + (matrix t0 col2-col1)
155,23720855804030942368271625069048930802415224006,0000000000000000000000000427ae11fc5b7ed03052d811ae10cecd4a1cc4c6,154,0,0,False,align:shelf2 (LO+(L2-L1 mod LO)) + (matrix t1 col2-col1)
155,38591436378176930943238610324725481695117516022,00000000000000000000000006c27ff6a1b495b05790efc06b73cf6122571cf6,153,0,0,False,align:shelf2 (LO+(L2-L1 mod LO)) + (matrix t2 col2-col1)
155,24161797844556920285953355752487552320761811310,000000000000000000000000043b73d62e12508063fa708d7cbf4498b70cd16e,154,0,0,False,align:shelf3 (LO+(L3-L1 mod LO)) + (L3-L2 mod LO)
155,39017744515925831475756645680606710151420405806,00000000000000000000000006d59dbda6973dc7d4965d975c9fdae347c9682e,153,0,0,False,align:shelf3 (LO+(L3-L1 mod LO)) + (dy residue (shelf_y^3 mod LO))
155,35086811016245415498356103431355967191088555262,000000000000000000000000062558d6584c4c79ef83379219e2da189042e4fe,152,0,0,False,align:shelf3 (LO+(L3-L1 mod LO)) + (d2 residue (shelf2^3 mod LO))
155,43081426861178695854902549858351556664965999710,000000000000000000000000078bd686c06f43f4f22875943655f48cfe002c5e,154,0,0,False,align:shelf3 (LO+(L3-L1 mod LO)) + (d3 residue (shelf3^3 mod LO))
155,27776642839725295154150696916161364522798295431,00000000000000000000000004dd8c38db75a0044dbdd9c0f3a4e3878f8e2987,154,0,0,False,align:shelf3 (LO+(L3-L1 mod LO)) + (C_plus1 - C_floor)
155,27776642839725295154150696916161364522798295429,00000000000000000000000004dd8c38db75a0044dbdd9c0f3a4e3878f8e2985,154,0,0,False,align:shelf3 (LO+(L3-L1 mod LO)) + (C_minus1 - C_floor)
155,24336141546578422061781605011706885338984512386,0000000000000000000000000443453445a42b042d709001ff5083a0bd867b82,154,0,0,False,align:shelf3 (LO+(L3-L1 mod LO)) + (shelf_y - shelf2)
155,27776642407304908588491040063740498127830149831,00000000000000000000000004dd8c3796247ceafd0679fcb37742145fc46ac7,154,0,0,False,align:shelf3 (LO+(L3-L1 mod LO)) + ((N-GAP) mod LO)
155,26531286264647103572940640862712712648377721696,00000000000000000000000004a5b43acf735cf1b801f49daf5857a228336360,154,0,0,False,align:shelf3 (LO+(L3-L1 mod LO)) + (cube lift - shelf (d2))
155,38140747104748758797684428453382114324291650264,00000000000000000000000006ae4a4de4f9a3f0a46a9bd342b111056e7202d8,153,0,0,False,align:shelf3 (LO+(L3-L1 mod LO)) + (cube lift - shelf (d3))
155,39549239559233578000147400874470646325981481998,00000000000000000000000006ed730133f73824904ef1f3ccdc75be4b600c0e,153,0,0,False,align:shelf3 (LO+(L3-L1 mod LO)) + (matrix t0 col2-col1)
155,42941973892157925597006859416567040782502685870,000000000000000000000000078595af4ef82f4c468f6ede372b2fde719b6cae,154,0,0,False,align:shelf3 (LO+(L3-L1 mod LO)) + (matrix t1 col2-col1)
155,34976591383008556075041269161051669493081031902,00000000000000000000000006206793f451462c6dcd868cf48e307249d5c4de,152,0,0,False,align:shelf3 (LO+(L3-L1 mod LO)) + (matrix t2 col2-col1)
155,39192088217947333251584894939826043169643106882,00000000000000000000000006dd6f1bbe29184b9e0c7d0bdf3119eb4e431242,153,0,0,False,align:shelf_y (LO+(lambda_yN-L1 mod LO)) + (dy residue (shelf_y^3 mod LO))
155,35261154718266917274184352690575300209311256338,000000000000000000000000062d2a346fde26fdb8f957069c74192096bc8f12,152,0,0,False,align:shelf_y (LO+(lambda_yN-L1 mod LO)) + (d2 residue (shelf2^3 mod LO))
155,43255770563200197630730799117570889683188700786,0000000000000000000000000793a7e4d8011e78bb9e9508b8e733950479d672,154,0,0,False,align:shelf_y (LO+(lambda_yN-L1 mod LO)) + (d3 residue (shelf3^3 mod LO))
155,27950986541746796929978946175380697541020996507,00000000000000000000000004e55d96f3077a881733f9357636228f9607d39b,154,0,0,False,align:shelf_y (LO+(lambda_yN-L1 mod LO)) + (C_plus1 - C_floor)
155,27950986541746796929978946175380697541020996505,00000000000000000000000004e55d96f3077a881733f9357636228f9607d399,154,0,0,False,align:shelf_y (LO+(lambda_yN-L1 mod LO)) + (C_minus1 - C_floor)
155,24510485248599923837609854270926218357207213462,000000000000000000000000044b16925d360587f6e6af7681e1c2a8c4002596,154,0,0,False,align:shelf_y (LO+(lambda_yN-L1 mod LO)) + (shelf_y - shelf2)
155,27950986109326410364319289322959831146052850907,00000000000000000000000004e55d95adb6576ec67c99713608811c663e14db,154,0,0,False,align:shelf_y (LO+(lambda_yN-L1 mod LO)) + ((N-GAP) mod LO)
155,26705629966668605348768890121932045666600422772,00000000000000000000000004ad8598e70537758178141231e996aa2ead0d74,154,0,0,False,align:shelf_y (LO+(lambda_yN-L1 mod LO)) + (cube lift - shelf (d2))
155,38315090806770260573512677712601447342514351340,00000000000000000000000006b61babfc8b7e746de0bb47c542500d74ebacec,153,0,0,False,align:shelf_y (LO+(lambda_yN-L1 mod LO)) + (cube lift - shelf (d3))
155,39723583261255079775975650133689979344204183074,00000000000000000000000006f5445f4b8912a859c511684f6db4c651d9b622,153,0,0,False,align:shelf_y (LO+(lambda_yN-L1 mod LO)) + (matrix t0 col2-col1)
155,43116317594179427372835108675786373800725386946,000000000000000000000000078d670d668a09d010058e52b9bc6ee6781516c2,154,0,0,False,align:shelf_y (LO+(lambda_yN-L1 mod LO)) + (matrix t1 col2-col1)
155,35150935085030057850869518420271002511303732978,000000000000000000000000062838f20be320b03743a601771f6f7a504f6ef2,152,0,0,False,align:shelf_y (LO+(lambda_yN-L1 mod LO)) + (matrix t2 col2-col1)
155,29039705738788587368825893723792412929551357162,00000000000000000000000005162f791d1cae06ded1074e46cc82d9d9e1d4ea,154,0,0,False,align:C_floor (shelf v0)
155,37595230490386899294241356292435667472262190728,0000000000000000000000000695d414a5f59d8f16524a42b157055041f15688,153,0,0,False,align:C_floor (shelf v0) + (L2-L1 mod LO)
155,25424860743620212500628552560118600727514873042,000000000000000000000000047417166fb95e82f50d9e1acfe6e3eb01607cd2,154,0,0,False,align:C_floor (shelf v0) + (L3-L2 mod LO)
155,40280807414989123690431842488237758558173467538,000000000000000000000000070e40fde83e4bca65a98b24afc77a35921d1392,153,0,0,False,align:C_floor (shelf v0) + (dy residue (shelf_y^3 mod LO))
155,36349873915308707713031300238987015597841616994,000000000000000000000000065dfc1699f35a7c8096651f6d0a796ada969062,152,0,0,False,align:C_floor (shelf v0) + (d2 residue (shelf2^3 mod LO))
155,44344489760241988069577746665982605071719061442,00000000000000000000000007c479c7021651f7833ba321897d93df4853d7c2,154,0,0,False,align:C_floor (shelf v0) + (d3 residue (shelf3^3 mod LO))
155,29039705738788587368825893723792412929551357163,00000000000000000000000005162f791d1cae06ded1074e46cc82d9d9e1d4eb,154,0,0,False,align:C_floor (shelf v0) + (C_plus1 - C_floor)
155,29039705738788587368825893723792412929551357161,00000000000000000000000005162f791d1cae06ded1074e46cc82d9d9e1d4e9,154,0,0,False,align:C_floor (shelf v0) + (C_minus1 - C_floor)
155,25599204445641714276456801819337933745737574118,000000000000000000000000047be874874b3906be83bd8f527822f307da26e6,154,0,0,False,align:C_floor (shelf v0) + (shelf_y - shelf2)
155,29039705306368200803166236871371546534583211563,00000000000000000000000005162f77d7cb8aed8e19a78a069ee166aa18162b,154,0,0,False,align:C_floor (shelf v0) + ((N-GAP) mod LO)
155,27794349163710395787615837670343761055130783428,00000000000000000000000004de577b111a6af44915222b027ff6f472870ec4,154,0,0,False,align:C_floor (shelf v0) + (cube lift - shelf (d2))
155,39403810003812051012359625261013162731044711996,00000000000000000000000006e6ed8e26a0b1f3357dc96095d8b057b8c5ae3c,153,0,0,False,align:C_floor (shelf v0) + (cube lift - shelf (d3))
155,35165783956537684857385471824048983199276417016,0000000000000000000000000628e366f536d1424e7591ef399157a5fc153ff8,152,0,0,False,align:C_floor (shelf v0) + (cube lift - shelf (dy))
155,40812302458296870214822597682101694732734543730,00000000000000000000000007261641759e462721621f812004151095b3b772,153,0,0,False,align:C_floor (shelf v0) + (matrix t0 col2-col1)
155,44205036791221217811682056224198089189255747602,00000000000000000000000007be38ef909f3d4ed7a29c6b8a52cf30bbef1812,154,0,0,False,align:C_floor (shelf v0) + (matrix t1 col2-col1)
155,36239654282071848289716465968682717899834093634,00000000000000000000000006590ad435f8542efee0b41a47b5cfc494297042,152,0,0,False,align:C_floor (shelf v0) + (matrix t2 col2-col1)
155,42676839126285022477869107487111890204528137712,0000000000000000000000000779b216427ee99626841772b0832cc71fdad5f0,153,0,0,False,align:C_floor (cube1 v1) + (L2-L1 mod LO)
155,30506469379518335684256303754794823459780820026,0000000000000000000000000557f5180c42aa8a053f6b4acf130b61df49fc3a,154,0,0,False,align:C_floor (cube1 v1) + (L3-L2 mod LO)
155,39061994131116647609671766323438078002491653592,00000000000000000000000006d799b3951b9a123cc0ae3f399d8dd847597dd8,153,0,0,False,align:C_floor (cube1 v1) + (L3-L1 mod LO)
155,39236337833138149385500015582657411020714354668,00000000000000000000000006df6b11acad74960636cdb3bc2ecce04dd327ec,153,0,0,False,align:C_floor (cube1 v1) + (dy_mod mod LO)
155,45362416050887246874059593682913981290439414522,00000000000000000000000007f21eff84c797d175db5854aef3a1ac700692fa,154,0,0,False,align:C_floor (cube1 v1) + (dy residue (shelf_y^3 mod LO))
155,41431482551206830896659051433663238330107563978,0000000000000000000000000741da18367ca68390c8324f6c36a0e1b8800fca,153,0,0,False,align:C_floor (cube1 v1) + (d2 residue (shelf2^3 mod LO))
155,26590135312844753156272922349466905621861062442,00000000000000000000000004a857c89e9f9dfe936d705188a9bb56263d572a,154,0,0,False,align:C_floor (cube1 v1) + (d3 residue (shelf3^3 mod LO))
155,30680813081539837460084553014014156478003521102,000000000000000000000000055fc67623d4850dceb58abf51a44a69e5c3a64e,154,0,0,False,align:C_floor (cube1 v1) + (shelf_y - shelf2)
155,44485418639710174195987376455689385463310658980,00000000000000000000000007cacb8fc329fdfa45af96909504d7ce96af2da4,154,0,0,False,align:C_floor (cube1 v1) + (cube lift - shelf (d3))
155,40247392592435808041013223018725205931542364000,000000000000000000000000070cc16891c01d495ea75f1f38bd7f1cd9febf60,153,0,0,False,align:C_floor (cube1 v1) + (cube lift - shelf (dy))
155,23057948010899635301517773365585995282876544730,0000000000000000000000000409f4431227922e3193ecb11f303c87739d36da,154,0,0,False,align:C_floor (cube1 v1) + (matrix t0 col2-col1)
155,26450682343823982898377231907682389739397748602,00000000000000000000000004a216f12d288955e7d4699b897ef6a799d8977a,154,0,0,False,align:C_floor (cube1 v1) + (matrix t1 col2-col1)
155,41321262917969971473344217163358940632100040618,000000000000000000000000073ce8d5d281a0360f12814a46e1f73b7212efaa,153,0,0,False,align:C_floor (cube1 v1) + (matrix t2 col2-col1)
155,41387232936016014762743930790831870479036316192,000000000000000000000000073fde2247f84a39289de1a78f38edecb8effa20,153,0,0,False,align:d_cube_lift2 (1x cube on shelf2) + (dy residue (shelf_y^3 mod LO))
155,37456299436335598785343388541581127518704465648,000000000000000000000000068f993af9ad58eb438abba24c7bed22016976f0,153,0,0,False,align:d_cube_lift2 (1x cube on shelf2) + (d2 residue (shelf2^3 mod LO))
155,45450915281268879141889834968576716992581910096,00000000000000000000000007f616eb61d05066462ff9a468ef07966f26be50,154,0,0,False,align:d_cube_lift2 (1x cube on shelf2) + (d3 residue (shelf3^3 mod LO))
155,30146131259815478441137982026386524850414205817,0000000000000000000000000547cc9d7cd6ac75a1c55dd1263df69100b4bb79,154,0,0,False,align:d_cube_lift2 (1x cube on shelf2) + (C_plus1 - C_floor)
155,30146131259815478441137982026386524850414205815,0000000000000000000000000547cc9d7cd6ac75a1c55dd1263df69100b4bb77,154,0,0,False,align:d_cube_lift2 (1x cube on shelf2) + (C_minus1 - C_floor)
155,30146130827395091875478325173965658455446060217,0000000000000000000000000547cc9c3785895c510dfe0ce610551dd0eafcb9,154,0,0,False,align:d_cube_lift2 (1x cube on shelf2) + ((N-GAP) mod LO)
155,28900774684737286859927925972937872975993632082,000000000000000000000000050ff49f70d469630c0978ade1f16aab9959f552,154,0,0,False,align:d_cube_lift2 (1x cube on shelf2) + (cube lift - shelf (d2))
155,40510235524838942084671713563607274651907560650,00000000000000000000000007188ab2865ab061f8721fe3754a240edf9894ca,153,0,0,False,align:d_cube_lift2 (1x cube on shelf2) + (cube lift - shelf (d3))
155,36272209477564575929697560126643095120139265670,000000000000000000000000065a808b54f0cfb11169e8721902cb5d22e82686,152,0,0,False,align:d_cube_lift2 (1x cube on shelf2) + (cube lift - shelf (dy))
155,41918727979323761287134685984695806653597392384,0000000000000000000000000757b365d5584495e4567603ff7588c7bc869e00,153,0,0,False,align:d_cube_lift2 (1x cube on shelf2) + (matrix t0 col2-col1)
155,45311462312248108883994144526792201110118596256,00000000000000000000000007efd613f0593bbd9a96f2ee69c442e7e2c1fea0,154,0,0,False,align:d_cube_lift2 (1x cube on shelf2) + (matrix t1 col2-col1)
155,37346079803098739362028554271276829820696942288,000000000000000000000000068aa7f895b2529dc1d50a9d2727437bbafc56d0,153,0,0,False,align:d_cube_lift2 (1x cube on shelf2) + (matrix t2 col2-col1)
155,34525902109580383929487087289708302122255166144,000000000000000000000000060c31eb3796546cbaa7329fcbcb721695f0aac0,152,0,0,False,align:d_cube_lift3 (1x cube on shelf3) + (L3-L2 mod LO)
155,26545885697653937022357801706635537770789814656,00000000000000000000000004a65bd2b01b41b42b431fa9abac086126ad4180,154,0,0,False,align:d_cube_lift3 (1x cube on shelf3) + (dy residue (shelf_y^3 mod LO))
155,30609568042906801401503705884380384284335408560,000000000000000000000000055c949bc9f347e148d537a68562220adce405b0,154,0,0,False,align:d_cube_lift3 (1x cube on shelf3) + (d3 residue (shelf3^3 mod LO))
155,38140747104748758797684428453382114324291650265,00000000000000000000000006ae4a4de4f9a3f0a46a9bd342b111056e7202d9,153,0,0,False,align:d_cube_lift3 (1x cube on shelf3) + (C_plus1 - C_floor)
155,38140747104748758797684428453382114324291650263,00000000000000000000000006ae4a4de4f9a3f0a46a9bd342b111056e7202d7,153,0,0,False,align:d_cube_lift3 (1x cube on shelf3) + (C_minus1 - C_floor)
155,34700245811601885705315336548927635140477867220,000000000000000000000000061403494f282ef0841d52144e5cb11e9c6a54d4,152,0,0,False,align:d_cube_lift3 (1x cube on shelf3) + (shelf_y - shelf2)
155,38140746672328372232024771600961247929323504665,00000000000000000000000006ae4a4c9fa880d753b33c0f02836f923ea84419,153,0,0,False,align:d_cube_lift3 (1x cube on shelf3) + ((N-GAP) mod LO)
155,36895390529670567216474372399933462449871076530,0000000000000000000000000676724fd8f760de0eaeb6affe64852007173cb2,152,0,0,False,align:d_cube_lift3 (1x cube on shelf3) + (cube lift - shelf (d2))
155,25668888286476864344285584479410941943661059114,000000000000000000000000047f0862ee7da7dcfb175de591bd3e834d55dc2a,154,0,0,False,align:d_cube_lift3 (1x cube on shelf3) + (cube lift - shelf (d3))
155,44266825322497856286244006553638684594016710118,00000000000000000000000007c0fe3bbd13c72c140f26743575e5d190a56de6,154,0,0,False,align:d_cube_lift3 (1x cube on shelf3) + (cube lift - shelf (dy))
155,27077380740961683546748556900499473945350890848,00000000000000000000000004be31163d7b3c10e6fbb4061be8a33c2a43e560,154,0,0,False,align:d_cube_lift3 (1x cube on shelf3) + (matrix t0 col2-col1)
155,30470115073886031143608015442595868401872094720,000000000000000000000000055653c4587c33389d3c30f086375d5c507f4600,154,0,0,False,align:d_cube_lift3 (1x cube on shelf3) + (matrix t1 col2-col1)
155,45340695648032019718575000698272419294574386736,00000000000000000000000007f125a8fdd54a18c47a489f439a5df028b99e30,154,0,0,False,align:d_cube_lift3 (1x cube on shelf3) + (matrix t2 col2-col1)
155,27638289647626715115617573042147139014184279966,00000000000000000000000004d758015e31341e1bd7b8f86a000b3e24961f9e,154,0,0,False,align:matrix track0 col2 + (L2-L1 mod LO)
155,38303882984155386418937344821021994451560908264,00000000000000000000000006b59b0327f4f511fa930cd0888fe9d8e40545e8,153,0,0,False,align:matrix track0 col2 + (L3-L2 mod LO)
155,24023444652458340247420231878473326812147795846,00000000000000000000000004353f9eb0cde49a32144fc4f31a6c4f4c14c786,154,0,0,False,align:matrix track0 col2 + (L3-L1 mod LO)
155,24197788354479842023248481137692659830370496922,000000000000000000000000043d10fcc85fbf1dfb8a6f3975abab57528e719a,154,0,0,False,align:matrix track0 col2 + (dy_mod mod LO)
155,30323866572228939511808059237949230100095556776,000000000000000000000000054fc4eaa079e2596b2ef9da6870802374c1dca8,154,0,0,False,align:matrix track0 col2 + (dy residue (shelf_y^3 mod LO))
155,26392933072548523534407516988698487139763706232,000000000000000000000000049f8003522ef10b861bd3d525b37f58bd3b5978,154,0,0,False,align:matrix track0 col2 + (d2 residue (shelf2^3 mod LO))
155,34387548917481803890953963415694076613641150680,0000000000000000000000000605fdb3ba51e88688c111d7422699cd2af8a0d8,152,0,0,False,align:matrix track0 col2 + (d3 residue (shelf3^3 mod LO))
155,41918727979323761287134685984695806653597392385,0000000000000000000000000757b365d5584495e4567603ff7588c7bc869e01,153,0,0,False,align:matrix track0 col2 + (C_plus1 - C_floor)
155,41918727979323761287134685984695806653597392383,0000000000000000000000000757b365d5584495e4567603ff7588c7bc869dff,153,0,0,False,align:matrix track0 col2 + (C_minus1 - C_floor)
155,38478226686176888194765594080241327469783609340,00000000000000000000000006bd6c613f86cf95c4092c450b2128e0ea7eeffc,153,0,0,False,align:matrix track0 col2 + (shelf_y - shelf2)
155,41918727546903374721475029132274940258629246785,0000000000000000000000000757b3649007217c939f163fbf47e7548cbcdf41,153,0,0,False,align:matrix track0 col2 + ((N-GAP) mod LO)
155,40673371404245569705924629931247154779176818650,000000000000000000000000071fdb67c95601834e9a90e0bb28fce2552bd7da,153,0,0,False,align:matrix track0 col2 + (cube lift - shelf (d2))
155,29446869161051866833735842010724634272966801234,0000000000000000000000000528717adedc48823b0338164e81b6459b6a7752,154,0,0,False,align:matrix track0 col2 + (cube lift - shelf (d3))
155,25208843113777500678761688573760454741198506254,000000000000000000000000046a6753ad7267d153fb00a4f23a5d93deba090e,154,0,0,False,align:matrix track0 col2 + (cube lift - shelf (dy))
155,30855361615536686036198814431813166274656632968,00000000000000000000000005679a2e2dd9dcb626e78e36d8ad1afe78588088,154,0,0,False,align:matrix track0 col2 + (matrix t0 col2-col1)
155,34248095948461033633058272973909560731177836840,00000000000000000000000005ffbcdc48dad3dddd280b2142fbd51e9e93e128,152,0,0,False,align:matrix track0 col2 + (matrix t1 col2-col1)
155,26282713439311664111092682718394189441756182872,000000000000000000000000049a8ec0ee33eabe046622d0005ed5b276ce3958,154,0,0,False,align:matrix track0 col2 + (matrix t2 col2-col1)
155,39025639825484343069023478011239122944582928286,00000000000000000000000006d5f85fe15522c0d4bd73e4f0c1dfd2b88ec79e,153,0,0,False,align:matrix track1 col2 + (L2-L1 mod LO)
155,26855270078717656275410674278922056199835610600,00000000000000000000000004b43b61ab18e3b4b378c7bd0f51be6d77fdede8,154,0,0,False,align:matrix track1 col2 + (L3-L2 mod LO)
155,35410794830315968200826136847565310742546444166,0000000000000000000000000633dffd33f1d33ceafa0ab179dc40e3e00d6f86,152,0,0,False,align:matrix track1 col2 + (L3-L1 mod LO)
155,35585138532337469976654386106784643760769145242,000000000000000000000000063bb15b4b83adc0b4702a25fc6d7febe687199a,152,0,0,False,align:matrix track1 col2 + (dy_mod mod LO)
155,41711216750086567465213964207041214030494205096,000000000000000000000000074e6549239dd0fc2414b4c6ef3254b808ba84a8,153,0,0,False,align:matrix track1 col2 + (dy residue (shelf_y^3 mod LO))
155,37780283250406151487813421957790471070162354552,000000000000000000000000069e2061d552dfae3f018ec1ac7553ed51340178,153,0,0,False,align:matrix track1 col2 + (d2 residue (shelf2^3 mod LO))
155,22938936012044073747427292873594138361915853016,00000000000000000000000004049e123d75d72941a6ccc3c8e86e61bef148d8,154,0,0,False,align:matrix track1 col2 + (d3 residue (shelf3^3 mod LO))
155,30470115073886031143608015442595868401872094721,000000000000000000000000055653c4587c33389d3c30f086375d5c507f4601,154,0,0,False,align:matrix track1 col2 + (C_plus1 - C_floor)
155,30470115073886031143608015442595868401872094719,000000000000000000000000055653c4587c33389d3c30f086375d5c507f45ff,154,0,0,False,align:matrix track1 col2 + (C_minus1 - C_floor)
155,27029613780739158051238923538141389218058311676,00000000000000000000000004bc0cbfc2aabe387ceee73191e2fd757e7797fc,154,0,0,False,align:matrix track1 col2 + (shelf_y - shelf2)
155,30470114641465644577948358590175002006903949121,000000000000000000000000055653c3132b101f4c84d12c4609bbe920b58741,154,0,0,False,align:matrix track1 col2 + ((N-GAP) mod LO)
155,29224758498807839562397959389147216527451520986,000000000000000000000000051e7bc64c79f02607804bcd41ead176e9247fda,154,0,0,False,align:matrix track1 col2 + (cube lift - shelf (d2))
155,40834219338909494787141746979816618203365449554,000000000000000000000000072711d962003724f3e8f302d5438ada2f631f52,153,0,0,False,align:matrix track1 col2 + (cube lift - shelf (d3))
155,36596193291635128632167593542852438671597154574,000000000000000000000000066907b2309656740ce0bb9178fc322872b2b10e,152,0,0,False,align:matrix track1 col2 + (cube lift - shelf (dy))
155,42242711793394313989604719400905150205055281288,00000000000000000000000007663a8cb0fdcb58dfcd49235f6eef930c512888,153,0,0,False,align:matrix track1 col2 + (matrix t0 col2-col1)
155,45635446126318661586464177943001544661576485160,00000000000000000000000007fe5d3acbfec280960dc60dc9bda9b3328c8928,154,0,0,False,align:matrix track1 col2 + (matrix t1 col2-col1)
155,37670063617169292064498587687486173372154831192,00000000000000000000000006992f1f7157d960bd4bddbc8720aa470ac6e158,153,0,0,False,align:matrix track1 col2 + (matrix t2 col2-col1)
155,30462219764327519550341183111963455608709572240,0000000000000000000000000555f9221dbe4e3f9d151aa2f215586cdfb9e690,154,0,0,False,align:matrix track2 col1 + (L3-L2 mod LO)
155,45318166435696430740144473040082613439368166736,00000000000000000000000007f0230996433b870db107acd1f5eeb770767d50,154,0,0,False,align:matrix track2 col1 + (dy residue (shelf_y^3 mod LO))
155,30636563466349021326169432371182788626932273316,000000000000000000000000055dca80355028c3668b3a1774a69774e63390a4,154,0,0,False,align:matrix track2 col1 + (shelf_y - shelf2)
155,44441169024519358062072255812858017612239411194,00000000000000000000000007c8cf99d4a5a1afdd8545e8b80724d9971f17fa,154,0,0,False,align:matrix track2 col1 + (cube lift - shelf (d3))
155,40203142977244991907098102375893838080471116214,000000000000000000000000070ac572a33bc0fef67d0e775bbfcc27da6ea9b6,153,0,0,False,align:matrix track2 col1 + (cube lift - shelf (dy))
155,23013698395708819167602652722754627431805296944,0000000000000000000000000407f84d23a335e3c9699c0942328992740d2130,154,0,0,False,align:matrix track2 col1 + (matrix t0 col2-col1)
155,26406432728633166764462111264851021888326500816,00000000000000000000000004a01afb3ea42d0b7faa18f3ac8143b29a4881d0,154,0,0,False,align:matrix track2 col1 + (matrix t1 col2-col1)
155,41277013302779155339429096520527572781028792832,000000000000000000000000073aecdfe3fd43eba6e830a269e444467282da00,153,0,0,False,align:matrix track2 col1 + (matrix t2 col2-col1)
155,26996574971082109167911983577978905141615680414,00000000000000000000000004ba917b6cd63373de697396d46ec6bcda925b9e,154,0,0,False,align:matrix track2 col2 + (L2-L1 mod LO)
155,37662168307610780471231755356853760578992308712,0000000000000000000000000698d47d3699f467bd24c76ef2fea5579a0181e8,153,0,0,False,align:matrix track2 col2 + (L3-L2 mod LO)
155,23381729975913734299714642414305092939579196294,00000000000000000000000004187918bf72e3eff4a60a635d8927ce02110386,154,0,0,False,align:matrix track2 col2 + (L3-L1 mod LO)
155,23556073677935236075542891673524425957801897370,00000000000000000000000004204a76d704be73be1c29d7e01a66d6088aad9a,154,0,0,False,align:matrix track2 col2 + (dy_mod mod LO)
155,29682151895684333564102469773780996227526957224,0000000000000000000000000532fe64af1ee1af2dc0b478d2df3ba22abe18a8,154,0,0,False,align:matrix track2 col2 + (dy residue (shelf_y^3 mod LO))
155,25751218396003917586701927524530253267195106680,0000000000000000000000000482b97d60d3f06148ad8e7390223ad773379578,154,0,0,False,align:matrix track2 col2 + (d2 residue (shelf2^3 mod LO))
155,41277013302779155339429096520527572781028792833,000000000000000000000000073aecdfe3fd43eba6e830a269e444467282da01,153,0,0,False,align:matrix track2 col2 + (C_plus1 - C_floor)
155,41277013302779155339429096520527572781028792831,000000000000000000000000073aecdfe3fd43eba6e830a269e444467282d9ff,153,0,0,False,align:matrix track2 col2 + (C_minus1 - C_floor)
155,37836512009632282247060004616073093597215009788,00000000000000000000000006a0a5db4e2bceeb869ae6e3758fe45fa07b2bfc,153,0,0,False,align:matrix track2 col2 + (shelf_y - shelf2)
155,41277012870358768773769439668106706386060647233,000000000000000000000000073aecde9eac20d25630d0de29b6a2d342b91b41,153,0,0,False,align:matrix track2 col2 + ((N-GAP) mod LO)
155,40031656727700963758219040467078920906608219098,000000000000000000000000070314e1d7fb00d9112c4b7f2597b8610b2813da,153,0,0,False,align:matrix track2 col2 + (cube lift - shelf (d2))
155,28805154484507260886030252546556400400398201682,000000000000000000000000050baaf4ed8147d7fd94f2b4b8f071c45166b352,154,0,0,False,align:matrix track2 col2 + (cube lift - shelf (d3))
155,24567128437232894731056099109592220868629906702,000000000000000000000000044da0cdbc176727168cbb435ca9191294b6450e,154,0,0,False,align:matrix track2 col2 + (cube lift - shelf (dy))
155,30213646938992080088493224967644932402088033416,000000000000000000000000054ad3a83c7edc0be97948d5431bd67d2e54bc88,154,0,0,False,align:matrix track2 col2 + (matrix t0 col2-col1)
155,25640998762767058163387093254225955569187583320,000000000000000000000000047dc83afcd8ea13c6f7dd6e6acd91312cca7558,154,0,0,False,align:matrix track2 col2 + (matrix t2 col2-col1)
155,22835963083295358096932575511191922182123945984,0000000000000000000000000400000000000000000000000000000000000000,154,0,0,False,shelf2-(L2-L1 mod LO)
155,35006332830062044890545379243508988926871263670,0000000000000000000000000621bcfe363c3f0c2144ac27e17021654090d9b6,152,0,0,False,shelf2-(L3-L2 mod LO)
155,26450808078463732965129916674865734384160430104,00000000000000000000000004a21862ad634f83e9c3693376e59eeed8815818,154,0,0,False,shelf2-(L3-L1 mod LO)
155,26276464376442231189301667415646401365937729028,000000000000000000000000049a470495d17500204d49bef4545fe6d207ae04,154,0,0,False,shelf2-(dy_mod mod LO)
155,42986349241988491797674664826581753278336615158,00000000000000000000000007879316bdb751c4b0a8bf1e018f8b1aafd442f6,154,0,0,False,shelf2-(dy residue (shelf_y^3 mod LO))
155,24081319658373549678142631564640574056544519718,0000000000000000000000000437d7fe0c02431295bbe523444c8be5675ac626,154,0,0,False,shelf2-(d2 residue (shelf2^3 mod LO))
155,38922666896735627418528760648836906764791021254,00000000000000000000000006d15a4da3df4b979316a72127d97170f99d7ec6,153,0,0,False,shelf2-(d3 residue (shelf3^3 mod LO))
155,34831989128040543114717129984289655908648562594,0000000000000000000000000619eba01eaa648857ce8cb35edee25d3a172fa2,152,0,0,False,shelf2-(shelf_y - shelf2)
155,43863346653165564475746882053806349105465370700,00000000000000000000000007aee6867f54eb9be0d480e21b7e54f8892ba84c,154,0,0,False,shelf2-(cube lift - shelf (d3))
155,25265409617144572533788459979578606455109719696,000000000000000000000000046cf0adb0becc4cc7dcb85377c5adaa45dc1690,154,0,0,False,shelf2-(cube lift - shelf (dy))
155,42454854198680745273283909632717817103775538966,000000000000000000000000076fbdd330575767f4f02ac19152f03fac3d9f16,153,0,0,False,shelf2-(matrix t0 col2-col1)
155,39062119865756397676424451090621422647254335094,00000000000000000000000006d79b25155660403eafadd72704361f86023e76,153,0,0,False,shelf2-(matrix t1 col2-col1)
155,24191539291610409101457465834944871754552043078,000000000000000000000000043cc9406ffd49601771962869a1358badc7e646,154,0,0,False,shelf2-(matrix t2 col2-col1)
160,1288991558795451094913277423977973234942570224577,000000000000000000000000e1c8616b0dddf542fb73ea66d6b0f842e6e95bc1,159,159,1,False,align:shelf2 (LO+(L2-L1 mod LO)) + (L2-L1 mod LO)
160,1297707250384492700302473989319259023362517739311,000000000000000000000000e34f34a69ec7e0bd47260045c6b807520621a72f,159,159,1,False,align:shelf2 (LO+(L2-L1 mod LO)) + (L3-L1 mod LO)
160,942097554445319887010819856953136269468220718406,000000000000000000000000a5051d8aef5695476bac6f56bd558b4b6c4afd46,158,159,1,False,align:shelf2 (LO+(L2-L1 mod LO)) + (dy_mod mod LO)
160,1288991558363030708347617767125552368547602078978,000000000000000000000000e1c86169c88cd229aabc8aa2968356cfb71f9d02,159,159,1,False,align:shelf2 (LO+(L2-L1 mod LO)) + (d2_mod mod LO)
160,867835969161556949016395505890595215201281636866,00000000000000000000000098031c59f97807c5b122358ab9f57e17b395fa02,158,159,1,False,align:shelf2 (LO+(L2-L1 mod LO)) + (d2 residue (shelf2^3 mod LO))
160,1230405208358139933880359670293574409283455963321,000000000000000000000000d78547191e47c74d8400ba0e9b0581d1f34850b9,159,159,1,False,align:shelf2 (LO+(L2-L1 mod LO)) + (d3 residue (shelf3^3 mod LO))
160,1375246597846966813275651299920917694101767310976,000000000000000000000000f0e430b4e4466914d55e45514b41ab67db8fce80,159,159,1,False,align:shelf2 (LO+(L2-L1 mod LO)) + (C_minus1 - C_floor)
160,1028352593929255991938853389748501595022385950405,000000000000000000000000b420ecd60b102c32964e2a057213dfe390bb2ec5,159,159,1,False,align:shelf2 (LO+(L2-L1 mod LO)) + (shelf_y - shelf2)
160,954091008645493053944429038685960540755446868865,000000000000000000000000a71eeba515319eb0dbc3f0396eb3d2afd8062b81,158,159,1,False,align:shelf2 (LO+(L2-L1 mod LO)) + (cube lift - shelf (d2))
160,1307944555820614046853536980895233080022705534987,000000000000000000000000e51a432763c64fa51238ff1a1f8f25e7c8b6780b,159,159,1,False,align:shelf2 (LO+(L2-L1 mod LO)) + (cube lift - shelf (d3))
160,1180783115313191811223329324033182280526321861241,000000000000000000000000ced42567fe1442ac159ef01cecd9f8d35c46c279,159,159,1,False,align:shelf2 (LO+(L2-L1 mod LO)) + (cube lift - shelf (dy))
160,1149988099080493871982424999895337109764572767617,000000000000000000000000c96f3ff4f477dd1adc54a79ecef8dabfc8a8e581,159,159,1,False,align:shelf2 (LO+(L2-L1 mod LO)) + (matrix t0 col2-col1)
160,1191079370412953410137499053320465234998052747849,000000000000000000000000d0a1d89e40e4534e33586e682857f739db237a49,159,159,1,False,align:shelf2 (LO+(L2-L1 mod LO)) + (matrix t1 col2-col1)
160,1297707250816913086868133646171679889757485884910,000000000000000000000000e34f34a7e41903d697dd600a06e5a8c535eb65ee,159,159,1,False,align:shelf3 (LO+(L3-L1 mod LO)) + (L2-L1 mod LO)
160,1306422942405954692257330211512965678177433399644,000000000000000000000000e4d607e37502ef50e38f75e8f6ecb7d45523b15c,159,159,1,False,align:shelf3 (LO+(L3-L1 mod LO)) + (L3-L1 mod LO)
160,950813246466781878965676079146842924283136378739,000000000000000000000000a68bf0c7c591a3db0815e4f9ed8a3bcdbb4d0773,158,159,1,False,align:shelf3 (LO+(L3-L1 mod LO)) + (dy_mod mod LO)
160,876551661183018940971251728084301870016197297199,0000000000000000000000009989ef96cfb316594d8bab2dea2a2e9a0298042f,158,159,1,False,align:shelf3 (LO+(L3-L1 mod LO)) + (d2 residue (shelf2^3 mod LO))
160,1239120900379601925835215892487281064098371623654,000000000000000000000000d90c1a55f482d5e1206a2fb1cb3a3254424a5ae6,159,159,1,False,align:shelf3 (LO+(L3-L1 mod LO)) + (d3 residue (shelf3^3 mod LO))
160,1037068285950717983893709611942208249837301610738,000000000000000000000000b5a7c012e14b3ac632b79fa8a2489065dfbd38f2,159,159,1,False,align:shelf3 (LO+(L3-L1 mod LO)) + (shelf_y - shelf2)
160,962806700666955045899285260879667195570362529198,000000000000000000000000a8a5bee1eb6cad44782d65dc9ee88332270835ae,158,159,1,False,align:shelf3 (LO+(L3-L1 mod LO)) + (cube lift - shelf (d2))
160,1316660247842076038808393203088939734837621195320,000000000000000000000000e6a116643a015e38aea274bd4fc3d66a17b88238,159,159,1,False,align:shelf3 (LO+(L3-L1 mod LO)) + (cube lift - shelf (d3))
160,1189498807334653803178185546226888935341237521574,000000000000000000000000d05af8a4d44f513fb20865c01d0ea955ab48cca6,159,159,1,False,align:shelf3 (LO+(L3-L1 mod LO)) + (cube lift - shelf (dy))
160,1158703791101955863937281222089043764579488427950,000000000000000000000000caf61331cab2ebae78be1d41ff2d8b4217aaefae,159,159,1,False,align:shelf3 (LO+(L3-L1 mod LO)) + (matrix t0 col2-col1)
160,1199795062434415402092355275514171889812968408182,000000000000000000000000d228abdb171f61e1cfc1e40b588ca7bc2a258476,159,159,1,False,align:shelf3 (LO+(L3-L1 mod LO)) + (matrix t1 col2-col1)
160,942097554877740273576479513805557135863188864005,000000000000000000000000a5051d8c34a7b860bc63cf1afd832cbe9c14bc05,158,159,1,False,align:shelf_y (LO+(lambda_yN-L1 mod LO)) + (L2-L1 mod LO)
160,1037068285518297597328049955089787383442333465139,000000000000000000000000b5a7c0119bfa17ace2003fe4621aeef2aff37a33,159,159,1,False,align:shelf_y (LO+(lambda_yN-L1 mod LO)) + (L3-L2 mod LO)
160,1325954369193060524775864363138861680216805629322,000000000000000000000000e841d9ac162058652c9c540ae427bfc721765d8a,159,159,1,False,align:shelf_y (LO+(lambda_yN-L1 mod LO)) + (dy_mod mod LO)
160,1131490886659285522723542387251126266641360179586,000000000000000000000000c631ce5f2fee31fc6cdcfed685c00d32a22d5182,159,159,1,False,align:shelf_y (LO+(lambda_yN-L1 mod LO)) + (dy residue (shelf_y^3 mod LO))
160,1251692783909297586781440012076320625949866547782,000000000000000000000000db3fd87b2041cae372121a3ee0c7b29368c15a46,159,159,1,False,align:shelf_y (LO+(lambda_yN-L1 mod LO)) + (d2 residue (shelf2^3 mod LO))
160,883511204440429112543561760121158310204074602749,0000000000000000000000009ac2033a45118a6b44f09ec2c1d7b64da873b0fd,158,159,1,False,align:shelf_y (LO+(lambda_yN-L1 mod LO)) + (d3 residue (shelf3^3 mod LO))
160,1028352593929255991938853389748501595022385950406,000000000000000000000000b420ecd60b102c32964e2a057213dfe390bb2ec6,159,159,1,False,align:shelf_y (LO+(lambda_yN-L1 mod LO)) + (C_plus1 - C_floor)
160,1028352593929255991938853389748501595022385950404,000000000000000000000000b420ecd60b102c32964e2a057213dfe390bb2ec4,159,159,1,False,align:shelf_y (LO+(lambda_yN-L1 mod LO)) + (C_minus1 - C_floor)
160,1114607632980771710301227265691446054181583036805,000000000000000000000000c33cbc1fe178a004703884efe6a493088561a185,159,159,1,False,align:shelf_y (LO+(lambda_yN-L1 mod LO)) + ((N-GAP) mod LO)
160,1337947823393233691709473544871685951504031779781,000000000000000000000000ea5ba7c63bfb61ce9cb3d4ed9586072b8d318bc5,159,159,1,False,align:shelf_y (LO+(lambda_yN-L1 mod LO)) + (cube lift - shelf (d2))
160,961050551902903225516739070722816980943324174415,000000000000000000000000a856ff488a9012c2d328e3ce46615a637de1d84f,158,159,1,False,align:shelf_y (LO+(lambda_yN-L1 mod LO)) + (cube lift - shelf (d3))
160,833889111395480989886531413860766181446940500669,0000000000000000000000009210e18924de05c9d68ed4d113ac2d4f117222bd,158,159,1,False,align:shelf_y (LO+(lambda_yN-L1 mod LO)) + (cube lift - shelf (dy))
160,844185366495242588800701143148049135918671387277,00000000000000000000000093de94bf67ae166bf448531c4f2a2bb5904eda8d,158,159,1,False,align:shelf_y (LO+(lambda_yN-L1 mod LO)) + (matrix t1 col2-col1)
160,1081960311681015391597122066314034641630824932909,000000000000000000000000bd84c7417cc56f300b07ae2814613c756baaa62d,159,159,1,False,align:shelf_y (LO+(lambda_yN-L1 mod LO)) + (matrix t2 col2-col1)
160,1262520493881550536815004070594681212680278744230,000000000000000000000000dd25607ee348044ff47c0e1912eea26732499ca6,159,159,1,False,align:C_floor (shelf v0)
160,1176265454830034818452630194651736753521081657830,000000000000000000000000ce0991350cdf907e1a91b32e9e5def423da329e6,159,159,1,False,align:C_floor (shelf v0) + (L2-L1 mod LO)
160,1271236185470592142204200635935967001100226258964,000000000000000000000000deac33ba7431efca402e23f802f5b1765181e814,159,159,1,False,align:C_floor (shelf v0) + (L3-L2 mod LO)
160,1184981146419076423841826759993022541941029172564,000000000000000000000000cf9064709dc97bf86643c90d8e64fe515cdb7554,159,159,1,False,align:C_floor (shelf v0) + (L3-L1 mod LO)
160,829371450479903610550172627626899788046732151659,00000000000000000000000091464d54ee5830828aca381e8502824ac304cb6b,158,159,1,False,align:C_floor (shelf v0) + (dy_mod mod LO)
160,1176265454397614431886970537799315887126113512231,000000000000000000000000ce099133c78e6d64c9da536a5e304dcf0dd96b27,159,159,1,False,align:C_floor (shelf v0) + (d2_mod mod LO)
160,1365658786611580067599693068097305884299252973411,000000000000000000000000ef36420808260a19cb0ae2ea269acfb643bbbf63,159,159,1,False,align:C_floor (shelf v0) + (dy residue (shelf_y^3 mod LO))
160,1117679104392723657419712440967337927861967396574,000000000000000000000000c3c676e31d496288a31e82d662b278d14a021ede,159,159,1,False,align:C_floor (shelf v0) + (d3 residue (shelf3^3 mod LO))
160,1262520493881550536815004070594681212680278744231,000000000000000000000000dd25607ee348044ff47c0e1912eea26732499ca7,159,159,1,False,align:C_floor (shelf v0) + (C_plus1 - C_floor)
160,1262520493881550536815004070594681212680278744229,000000000000000000000000dd25607ee348044ff47c0e1912eea26732499ca5,159,159,1,False,align:C_floor (shelf v0) + (C_minus1 - C_floor)
160,1271236185903012528769860292788387867495194404563,000000000000000000000000deac33bbb98312e390e583bc432352e9814ba6d3,159,159,1,False,align:C_floor (shelf v0) + (shelf3 - shelf2)
160,915626489963839715478206160422265113600897383658,000000000000000000000000a0621ca00a11c76db56bf2cd39c0d6e2e774fcea,158,159,1,False,align:C_floor (shelf v0) + (shelf_y - shelf2)
160,1348775532933066255177377946537625671839475830630,000000000000000000000000ec412fc8b9b07821ce666903877f558c26f00f66,159,159,1,False,align:C_floor (shelf v0) + ((N-GAP) mod LO)
160,841364904680076777483781809359724059333958302118,00000000000000000000000093601b6f143339ebfae1b9013660c9af2ebff9a6,158,159,1,False,align:C_floor (shelf v0) + (cube lift - shelf (d2))
160,1195218451855197770392889751568996598601216968240,000000000000000000000000d15b72f162c7eae03156c7e1e73c1ce71f704630,159,159,1,False,align:C_floor (shelf v0) + (cube lift - shelf (d3))
160,1068057011347775534762682094706945799104833294494,000000000000000000000000bb155531fd15dde734bcb8e4b486efd2b300909e,159,159,1,False,align:C_floor (shelf v0) + (cube lift - shelf (dy))
160,1037261995115077595521777770569100628343084200870,000000000000000000000000b5b06fbef3797855fb72706696a5d1bf1f62b3a6,159,159,1,False,align:C_floor (shelf v0) + (matrix t0 col2-col1)
160,1078353266447537133676851823994228753576564181102,000000000000000000000000bce308683fe5ee895276372ff004ee3931dd486e,159,159,1,False,align:C_floor (shelf v0) + (matrix t1 col2-col1)
160,1316128211633309936473272747160214259288717726734,000000000000000000000000e6893aea54fd474d6935923bb53bfef90d39140e,159,159,1,False,align:C_floor (shelf v0) + (matrix t2 col2-col1)
160,1034880122627683360879784551878555485680002854951,000000000000000000000000b545a130d15b00e675a713429b61477855baf027,159,159,1,False,align:C_floor (cube1 v1)
160,948625083576167642517410675935611026520805768551,000000000000000000000000a629d1e6faf28d149bbcb85826d0945361147d67,158,159,1,False,align:C_floor (cube1 v1) + (L2-L1 mod LO)
160,1043595814216724966268981117219841274099950369685,000000000000000000000000b6cc746c6244ec60c15929218b68568774f33b95,159,159,1,False,align:C_floor (cube1 v1) + (L3-L2 mod LO)
160,957340775165209247906607241276896814940753283285,000000000000000000000000a7b0a5228bdc788ee76ece3716d7a362804cc8d5,158,159,1,False,align:C_floor (cube1 v1) + (L3-L1 mod LO)
160,1332481897891487893716795525268915570874422533868,000000000000000000000000e9668e06dc6b2d190bf53d480d75275be6761eec,159,159,1,False,align:C_floor (cube1 v1) + (dy_mod mod LO)
160,948625083143747255951751019083190160125837622952,000000000000000000000000a629d1e5b5a169fb4b055893e6a2f2e0314abea8,158,159,1,False,align:C_floor (cube1 v1) + (d2_mod mod LO)
160,1138018415357712891664473549381180157298977084132,000000000000000000000000c75682b9f63906b04c35e813af0d74c7672d12e4,159,159,1,False,align:C_floor (cube1 v1) + (dy residue (shelf_y^3 mod LO))
160,1258220312607724955722371174206374516607483452328,000000000000000000000000dc648cd5e68c9f97516b037c0a151a282dc11ba8,159,159,1,False,align:C_floor (cube1 v1) + (d2 residue (shelf2^3 mod LO))
160,890038733138856481484492922251212200861691507295,0000000000000000000000009be6b7950b5c5f1f244987ffeb251de26d73725f,158,159,1,False,align:C_floor (cube1 v1) + (d3 residue (shelf3^3 mod LO))
160,1034880122627683360879784551878555485680002854952,000000000000000000000000b545a130d15b00e675a713429b61477855baf028,159,159,1,False,align:C_floor (cube1 v1) + (C_plus1 - C_floor)
160,1034880122627683360879784551878555485680002854950,000000000000000000000000b545a130d15b00e675a713429b61477855baf026,159,159,1,False,align:C_floor (cube1 v1) + (C_minus1 - C_floor)
160,1043595814649145352834640774072262140494918515284,000000000000000000000000b6cc746da7960f7a121088e5cb95f7faa4bcfa54,159,159,1,False,align:C_floor (cube1 v1) + (shelf3 - shelf2)
160,1121135161679199079242158427821499944839199941351,000000000000000000000000c461707aa7c374b84f916e2d0ff1fa9d4a6162e7,159,159,1,False,align:C_floor (cube1 v1) + ((N-GAP) mod LO)
160,1344475352091661060650404707001739842161648684327,000000000000000000000000eb805c21024636827c0cbe2abed36ec052314d27,159,159,1,False,align:C_floor (cube1 v1) + (cube lift - shelf (d2))
160,967578080601330594457670232852870871600941078961,000000000000000000000000a97bb3a350dae776b281cd0b6faec1f842e199b1,158,159,1,False,align:C_floor (cube1 v1) + (cube lift - shelf (d3))
160,840416640093908358827462575990820072104557405215,000000000000000000000000933595e3eb28da7db5e7be0e3cf994e3d671e41f,158,159,1,False,align:C_floor (cube1 v1) + (cube lift - shelf (dy))
160,850712895193669957741632305278103026576288291823,0000000000000000000000009503491a2df8eb1fd3a13c597877934a554e9bef,158,159,1,False,align:C_floor (cube1 v1) + (matrix t1 col2-col1)
160,1088487840379442760538053228444088532288441837455,000000000000000000000000bea97b9c431043e3ea6097653daea40a30aa678f,159,159,1,False,align:C_floor (cube1 v1) + (matrix t2 col2-col1)
160,867835969593977335582055162743016081596249782465,00000000000000000000000098031c5b3ec92adf01d9954efa231f8ae35fb8c1,158,159,1,False,align:d_cube_lift2 (1x cube on shelf2) + (L2-L1 mod LO)
160,962806700234534659333625604027246329175394383599,000000000000000000000000a8a5bee0a61b8a2b277606185ebae1bef73e76ef,158,159,1,False,align:d_cube_lift2 (1x cube on shelf2) + (L3-L2 mod LO)
160,1057229301375522584729118036188585212374421098046,000000000000000000000000b92fcd2e3a0fa47ab252c50a825ffffee9784e3e,159,159,1,False,align:d_cube_lift2 (1x cube on shelf2) + (dy residue (shelf_y^3 mod LO))
160,1177431198625534648787015661013779571682927466242,000000000000000000000000ce3dd74a2a633d61b787e072dd67a55fb00c5702,159,159,1,False,align:d_cube_lift2 (1x cube on shelf2) + (d2 residue (shelf2^3 mod LO))
160,954091008645493053944429038685960540755446868866,000000000000000000000000a71eeba515319eb0dbc3f0396eb3d2afd8062b82,158,159,1,False,align:d_cube_lift2 (1x cube on shelf2) + (C_plus1 - C_floor)
160,954091008645493053944429038685960540755446868864,000000000000000000000000a71eeba515319eb0dbc3f0396eb3d2afd8062b80,158,159,1,False,align:d_cube_lift2 (1x cube on shelf2) + (C_minus1 - C_floor)
160,1040346047697008772306802914628904999914643955265,000000000000000000000000b63abaeeeb9a1282b5ae4b23e34485d4ccac9e41,159,159,1,False,align:d_cube_lift2 (1x cube on shelf2) + ((N-GAP) mod LO)
160,1263686238109470753715049193809144897237092698241,000000000000000000000000dd59a695461cd44ce2299b219225f9f7d47c8881,159,159,1,False,align:d_cube_lift2 (1x cube on shelf2) + (cube lift - shelf (d2))
160,886788966619140287522314719660275926676385092875,0000000000000000000000009b54fe1794b18541189eaa0243014d2fc52cd50b,158,159,1,False,align:d_cube_lift2 (1x cube on shelf2) + (cube lift - shelf (d3))
160,1007698726397252453602697715251493587363885851369,000000000000000000000000b082c61086e6e1ae507d745c11012f41b2f5a2e9,158,159,1,False,align:d_cube_lift2 (1x cube on shelf2) + (matrix t2 col2-col1)
160,1230405208790560320446019327145995275678424108920,000000000000000000000000d785471a6398ea66d4b819d2db33234523120f78,159,159,1,False,align:d_cube_lift3 (1x cube on shelf3) + (L2-L1 mod LO)
160,1325375939431117644197589768430225523257568710054,000000000000000000000000e827e99fcaeb49b2fa548a9c3fcae57936f0cda6,159,159,1,False,align:d_cube_lift3 (1x cube on shelf3) + (L3-L2 mod LO)
160,1171818858353249159413101573461596450019309847664,000000000000000000000000cd422cc87402bc715d44e97a9f87acd42f710470,159,159,1,False,align:d_cube_lift3 (1x cube on shelf3) + (d3 residue (shelf3^3 mod LO))
160,1316660247842076038808393203088939734837621195321,000000000000000000000000e6a116643a015e38aea274bd4fc3d66a17b88239,159,159,1,False,align:d_cube_lift3 (1x cube on shelf3) + (C_plus1 - C_floor)
160,1316660247842076038808393203088939734837621195319,000000000000000000000000e6a116643a015e38aea274bd4fc3d66a17b88237,159,159,1,False,align:d_cube_lift3 (1x cube on shelf3) + (C_minus1 - C_floor)
160,1325375939863538030763249425282646389652536855653,000000000000000000000000e827e9a1103c6ccc4b0bea607ff886ec66ba8c65,159,159,1,False,align:d_cube_lift3 (1x cube on shelf3) + (shelf3 - shelf2)
160,969766243924365217471595292916523635758239834748,000000000000000000000000a9ddd28560cb21566f92597176960ae5cce3e27c,158,159,1,False,align:d_cube_lift3 (1x cube on shelf3) + (shelf_y - shelf2)
160,895504658640602279477170941853982581491300753208,0000000000000000000000009cdbd1546aec93d4b5081fa57335fdb2142edf38,158,159,1,False,align:d_cube_lift3 (1x cube on shelf3) + (cube lift - shelf (d2))
160,1249358205815723272386278884063255120758559419330,000000000000000000000000dad728d6b98144c8eb7d2e86241150ea04df2bc2,159,159,1,False,align:d_cube_lift3 (1x cube on shelf3) + (cube lift - shelf (d3))
160,1122196765308301036756071227201204321262175745584,000000000000000000000000c4910b1753cf37cfeee31f88f15c23d5986f7630,159,159,1,False,align:d_cube_lift3 (1x cube on shelf3) + (cube lift - shelf (dy))
160,1091401749075603097515166903063359150500426651960,000000000000000000000000bf2c25a44a32d23eb598d70ad37b05c204d19938,159,159,1,False,align:d_cube_lift3 (1x cube on shelf3) + (matrix t0 col2-col1)
160,1132493020408062635670240956488487275733906632192,000000000000000000000000c65ebe4d969f48720c9c9dd42cda223c174c2e00,159,159,1,False,align:d_cube_lift3 (1x cube on shelf3) + (matrix t1 col2-col1)
160,1370267965593835438466661879654472781446060177824,000000000000000000000000f004f0cfabb6a136235bf8dff21132fbf2a7f9a0,159,159,1,False,align:d_cube_lift3 (1x cube on shelf3) + (matrix t2 col2-col1)
160,1373328289492955853390671279075577007087021510593,000000000000000000000000f08e2b9b4efa9ee508cff79c7dda4ee2d078cfc1,159,159,1,False,align:matrix track0 col2 + (L2-L1 mod LO)
160,1026434285142824645488213712050740041612672004422,000000000000000000000000b3cae7bb30733ee979087c8c647ee1eb55da7146,159,159,1,False,align:matrix track0 col2 + (dy_mod mod LO)
160,1373328289060535466825011622223156140692053364994,000000000000000000000000f08e2b9a09a97bcbb81897d83dacad6fa0af1102,159,159,1,False,align:matrix track0 col2 + (d2_mod mod LO)
160,831970802609049643435891736163004628037226554686,00000000000000000000000091badc6e4a411880b949275806172f56d691653e,158,159,1,False,align:matrix track0 col2 + (dy residue (shelf_y^3 mod LO))
160,952172699859061707493789360988198987345732922882,000000000000000000000000a6c8e68a3a94b167be7e42c0611ed4b79d256e02,158,159,1,False,align:matrix track0 col2 + (d2 residue (shelf2^3 mod LO))
160,1314741939055644692357753525391178181427907249337,000000000000000000000000e64b11495f6470ef915cc744422ed871dcd7c4b9,159,159,1,False,align:matrix track0 col2 + (d3 residue (shelf3^3 mod LO))
160,1112689324626760750416247244846105367166837236421,000000000000000000000000c2e6b7064c2cd5d4a3aa373b193d36837a4aa2c5,159,159,1,False,align:matrix track0 col2 + (shelf_y - shelf2)
160,1038427739342997812421822893783564312899898154881,000000000000000000000000b5e4b5d5564e4852e91ffd6f15dd294fc1959f81,159,159,1,False,align:matrix track0 col2 + (cube lift - shelf (d2))
160,1265119846010696569700723179130786052670773147257,000000000000000000000000dd99ef983f30ec4e22fafd5294034f7345d63679,159,159,1,False,align:matrix track0 col2 + (cube lift - shelf (dy))
160,1234324829777998630459818854992940881909024053633,000000000000000000000000d8350a25359486bce9b0b4d47622315fb2385981,159,159,1,False,align:matrix track0 col2 + (matrix t0 col2-col1)
160,1275416101110458168614892908418069007142504033865,000000000000000000000000df67a2ce8200fcf040b47b9dcf814dd9c4b2ee49,159,159,1,False,align:matrix track0 col2 + (matrix t1 col2-col1)
160,1046237981356546917307867080545542816574709545792,000000000000000000000000b742ef03c036d4a032b242e9b8496f1722a5bb40,159,159,1,False,align:matrix track1 col2 + (L2-L1 mod LO)
160,1141208711997104241059437521829773064153854146926,000000000000000000000000c7e59189278933ec584eb3b31ce1314b3684796e,159,159,1,False,align:matrix track1 col2 + (L3-L2 mod LO)
160,1054953672945588522697063645886828604994657060526,000000000000000000000000b8c9c23f5120c01a7e6458c8a8507e2641de06ae,159,159,1,False,align:matrix track1 col2 + (L3-L1 mod LO)
160,1046237980924126530742207423693121950179741400193,000000000000000000000000b742ef027ae5b186e1fae325781bcda3f2dbfc81,159,159,1,False,align:matrix track1 col2 + (d2_mod mod LO)
160,1235631313138092166454929953991111947352880861373,000000000000000000000000d86f9fd6bb7d4e3be32b72a540864f8b28be50bd,159,159,1,False,align:matrix track1 col2 + (dy residue (shelf_y^3 mod LO))
160,1355833210388104230512827578816306306661387229569,000000000000000000000000ed7da9f2abd0e722e8608e0d9b8df4ebef525981,159,159,1,False,align:matrix track1 col2 + (d2 residue (shelf2^3 mod LO))
160,987651630919235756274949326861143990915595284536,000000000000000000000000acffd4b1d0a0a6aabb3f12917c9df8a62f04b038,158,159,1,False,align:matrix track1 col2 + (d3 residue (shelf3^3 mod LO))
160,1132493020408062635670240956488487275733906632193,000000000000000000000000c65ebe4d969f48720c9c9dd42cda223c174c2e01,159,159,1,False,align:matrix track1 col2 + (C_plus1 - C_floor)
160,1132493020408062635670240956488487275733906632191,000000000000000000000000c65ebe4d969f48720c9c9dd42cda223c174c2dff,159,159,1,False,align:matrix track1 col2 + (C_minus1 - C_floor)
160,1141208712429524627625097178682193930548822292525,000000000000000000000000c7e5918a6cda5705a90613775d0ed2be664e382d,159,159,1,False,align:matrix track1 col2 + (shelf3 - shelf2)
160,1218748059459578354032614832431431734893103718592,000000000000000000000000d57a8d976d07bc43e686f8bea16ad5610bf2a0c0,159,159,1,False,align:matrix track1 col2 + ((N-GAP) mod LO)
160,1065190978381709869248126637462802661654844856202,000000000000000000000000ba94d0c0161f2f024977579d01279cbc0472d78a,159,159,1,False,align:matrix track1 col2 + (cube lift - shelf (d3))
160,938029537874287633617918980600751862158461182456,000000000000000000000000a44eb300b06d22094cdd489fce726fa7980321f8,158,159,1,False,align:matrix track1 col2 + (cube lift - shelf (dy))
160,907234521641589694377014656462906691396712088832,0000000000000000000000009ee9cd8da6d0bc7813930021b091519404654500,158,159,1,False,align:matrix track1 col2 + (matrix t0 col2-col1)
160,948325792974049232532088709888034816630192069064,000000000000000000000000a61c6636f33d32ab6a96c6eb09f06e0e16dfd9c8,158,159,1,False,align:matrix track1 col2 + (matrix t1 col2-col1)
160,1186100738159822035328509633054020322342345614696,000000000000000000000000cfc298b908548b6f815621f6cf277ecdf23ba568,159,159,1,False,align:matrix track1 col2 + (matrix t2 col2-col1)
160,842604802984522595275727979202051969866888015403,0000000000000000000000009397b4c4b5c7f1442240eab003b33c5e30aa6e2b,158,159,1,False,align:matrix track2 col1 + (L3-L2 mod LO)
160,937027404125510520671220411363390853065914729850,000000000000000000000000a421c31249bc0b93ad1da9a227585a9e22e4457a,158,159,1,False,align:matrix track2 col1 + (dy residue (shelf_y^3 mod LO))
160,833889111395480989886531413860766181446940500670,0000000000000000000000009210e18924de05c9d68ed4d113ac2d4f117222be,158,159,1,False,align:matrix track2 col1 + (C_plus1 - C_floor)
160,833889111395480989886531413860766181446940500668,0000000000000000000000009210e18924de05c9d68ed4d113ac2d4f117222bc,158,159,1,False,align:matrix track2 col1 + (C_minus1 - C_floor)
160,842604803416942981841387636054472836261856161002,0000000000000000000000009397b4c5fb19145d72f84a7443e0ddd160742cea,158,159,1,False,align:matrix track2 col1 + (shelf3 - shelf2)
160,1217745926143221627651575920046491592195525411585,000000000000000000000000d54d9daa4ba7c8e7977eb9853a7e61cac69d8301,159,159,1,False,align:matrix track2 col1 + (shelf_y - shelf2)
160,920144150446996708248905289803710640606137587069,000000000000000000000000a12cb0d2fb46799bb0792fbb883ce0740618957d,158,159,1,False,align:matrix track2 col1 + ((N-GAP) mod LO)
160,1143484340859458689657151568983950537928586330045,000000000000000000000000c84b9c7955c93b65dcf47fb9371e54970de87fbd,159,159,1,False,align:matrix track2 col1 + (cube lift - shelf (d2))
160,1370176447527157446936051854331172277699461322421,000000000000000000000000f000d63c3eabdf6116cf7f9cb5447aba922916b5,159,159,1,False,align:matrix track2 col1 + (cube lift - shelf (dy))
160,1339381431294459507695147530193327106937712228797,000000000000000000000000ea9bf0c9350f79cfdd85371e97635ca6fe8b39bd,159,159,1,False,align:matrix track2 col1 + (matrix t0 col2-col1)
160,887496829147240389544800090426299228055379483173,0000000000000000000000009b74bbf4969348c74b4858f3b5f989e0ec619a25,158,159,1,False,align:matrix track2 col1 + (matrix t2 col2-col1)
160,896212520736281994933996655767585016475326997907,0000000000000000000000009cfb8f30277d344196fa6ed2a60098f00b99e593,158,159,1,False,align:matrix track2 col2 + (L3-L2 mod LO)
160,1185098604411044922381811063816659313249799162090,000000000000000000000000cf95a8caa1a374f9e19682f9280d69c47d1cc8ea,159,159,1,False,align:matrix track2 col2 + (dy_mod mod LO)
160,990635121877269920329489087928923899674353712354,000000000000000000000000ad859d7dbb714e9121d72dc4c9a5b72ffdd3bce2,158,159,1,False,align:matrix track2 col2 + (dy residue (shelf_y^3 mod LO))
160,1110837019127281984387386712754118258982860080550,000000000000000000000000c293a799abc4e778270c492d24ad5c90c467c5a6,159,159,1,False,align:matrix track2 col2 + (d2 residue (shelf2^3 mod LO))
160,887496829147240389544800090426299228055379483174,0000000000000000000000009b74bbf4969348c74b4858f3b5f989e0ec619a26,158,159,1,False,align:matrix track2 col2 + (C_plus1 - C_floor)
160,887496829147240389544800090426299228055379483172,0000000000000000000000009b74bbf4969348c74b4858f3b5f989e0ec619a24,158,159,1,False,align:matrix track2 col2 + (C_minus1 - C_floor)
160,896212521168702381499656312620005882870295143506,0000000000000000000000009cfb8f316cce575ae7b1ce96e62e3a633b63a452,158,159,1,False,align:matrix track2 col2 + (shelf3 - shelf2)
160,1271353643894981027309844596612024638803964394089,000000000000000000000000deb17815bd5d0be50c383da7dccbbe5ca18cfa69,159,159,1,False,align:matrix track2 col2 + (shelf_y - shelf2)
160,973751868198756107907173966369243687214576569573,000000000000000000000000aa908b3e6cfbbc992532b3de2a8a3d05e1080ce5,158,159,1,False,align:matrix track2 col2 + ((N-GAP) mod LO)
160,1197092058611218089315420245549483584537025312549,000000000000000000000000d1af76e4c77e7e6351ae03dbd96bb128e8d7f725,159,159,1,False,align:matrix track2 col2 + (cube lift - shelf (d2))
160,941104546898999789203068766991832274663818465677,000000000000000000000000a4d8966008488bc4c001dd165846e672c751118d,158,159,1,False,align:matrix track2 col2 + (matrix t2 col2-col1)
160,1077644822583162280438640326530557608907347632060,000000000000000000000000bcc343ded9363ce23f101b4bd92dcb844ad49fbc,159,159,1,False,shelf2-(dy_mod mod LO)
160,1151906407866925218433064677593098663174286713600,000000000000000000000000c9c5450fcf14ca63f99a5517dc8dd8b80389a300,159,159,1,False,shelf2-(d2 residue (shelf2^3 mod LO))
160,991389783099226175510606793735192283353182400061,000000000000000000000000ada77493bd7ca5f7146e609d246f76ec26646e3d,158,159,1,False,shelf2-(shelf_y - shelf2)
160,1065651368382989113505031144797733337620121481601,000000000000000000000000baa975c4b35b3378cef89a6927cf841fdf197181,159,159,1,False,shelf2-(cube lift - shelf (d2))
160,838959261715290356226130859450511597849246489225,00000000000000000000000092f43c01ca788f7d951d9a85a9a95dfc5ad8da89,158,159,1,False,shelf2-(cube lift - shelf (dy))
160,869754277947988295467035183588356768610995582849,00000000000000000000000098592174d414f50ece67e303c78a7c0fee76b781,158,159,1,False,shelf2-(matrix t0 col2-col1)
160,828663006615528757311961130163228643377515602617,000000000000000000000000912688cb87a87edb77641c3a6e2b5f95dbfc22b9,158,159,1,False,shelf2-(matrix t1 col2-col1)
