# offset_in_band	d	left5	hash160_decimal	dist_l5_P160
0	730750818665451459101842416358141509827966271488	27479	274791798091809663590095633913874831533136048269	14219
1	730750818665451459101842416358141509827966271489	88792	887922795179458224311755378260801985061974457627	75532
2	730750818665451459101842416358141509827966271490	90600	906006113655907062439575192806492894599241794753	77340
3	730750818665451459101842416358141509827966271491	52283	522838580053510608096656801177629666103428220635	39023
4	730750818665451459101842416358141509827966271492	29436	294365000037986231735059320920282620866158981928	16176
5	730750818665451459101842416358141509827966271493	13491	1349176395293453526411335924320549584358331101300	231
6	730750818665451459101842416358141509827966271494	64503	64503949127991569690056778194062134956423428886	51243
7	730750818665451459101842416358141509827966271495	12944	1294426530120876742496697909287462608689427139057	316
8	730750818665451459101842416358141509827966271496	14108	1410818796992848669184267757644767072255857324088	848
9	730750818665451459101842416358141509827966271497	65503	655034169935336989359810763935283329970084738154	52243
10	730750818665451459101842416358141509827966271498	25642	256426411226129008150607433706112158100338745732	12382
11	730750818665451459101842416358141509827966271499	52135	521352034247337887948602766579697511094687784490	38875
12	730750818665451459101842416358141509827966271500	93346	933468890422347115062723057584925589784091017736	80086
13	730750818665451459101842416358141509827966271501	11202	1120229463278756844624884736536073432433690099825	2058
14	730750818665451459101842416358141509827966271502	12565	1256590562254032275004179774762608137905595838523	695
15	730750818665451459101842416358141509827966271503	52586	525862934705302706966852444559492323179359681161	39326
16	730750818665451459101842416358141509827966271504	25426	254264941340812160075342694675176576793796918282	12166
17	730750818665451459101842416358141509827966271505	45314	453141020529830246342672781918452957088245403554	32054
18	730750818665451459101842416358141509827966271506	42816	428162128950308818904558989867753886445082601137	29556
19	730750818665451459101842416358141509827966271507	12645	1264546375951639087852349087898641288577749526525	615
20	730750818665451459101842416358141509827966271508	63612	636128728036179161086634051976834792796289625283	50352
21	730750818665451459101842416358141509827966271509	65235	652354471723664723579330985471274169912096267971	51975
22	730750818665451459101842416358141509827966271510	11048	1104876499530627403007532795377470715439113942653	2212
23	730750818665451459101842416358141509827966271511	72733	727335909041008165448090486917948298230693039341	59473
24	730750818665451459101842416358141509827966271512	10655	1065566078634392979099318311642875638818790549036	2605
25	730750818665451459101842416358141509827966271513	72115	721156159065991254211181109974743799971813590494	58855
26	730750818665451459101842416358141509827966271514	35789	357891747280386397432345196804584454010229559607	22529
27	730750818665451459101842416358141509827966271515	28429	284290247795302546021669869488797585921200579301	15169
28	730750818665451459101842416358141509827966271516	91600	916002511542660359277251452384321771364033382834	78340
29	730750818665451459101842416358141509827966271517	45209	452090215243842607026619085640422223065147181478	31949
30	730750818665451459101842416358141509827966271518	12821	1282119607801827711864366652786308710858733791411	439
31	730750818665451459101842416358141509827966271519	13607	1360749883211776087213845527209369370336113281183	347
32	730750818665451459101842416358141509827966271520	11930	1193077208891209740776184467584549647998224802823	1330
33	730750818665451459101842416358141509827966271521	35124	351246422042455806411176645012909453806768197449	21864
34	730750818665451459101842416358141509827966271522	14706	147061896159900380750801612830178658899925171650	1446
35	730750818665451459101842416358141509827966271523	10280	1028084998676775284712243258157083672750806759183	2980
36	730750818665451459101842416358141509827966271524	95554	955543159210859306602963750030236349772992333178	82294
37	730750818665451459101842416358141509827966271525	59636	596362462721308336082458949854086834874518169715	46376
38	730750818665451459101842416358141509827966271526	71685	716858730463190634576928900737373812736806304135	58425
39	730750818665451459101842416358141509827966271527	25944	259440119713088583021015427995832409935637815072	12684
40	730750818665451459101842416358141509827966271528	62315	623156569112608868916439747232029908753077424031	49055
41	730750818665451459101842416358141509827966271529	48150	481508936130985087056187056573109216544858994181	34890
42	730750818665451459101842416358141509827966271530	11966	119669301088864141666975796617828899078145337473	1294
43	730750818665451459101842416358141509827966271531	14356	1435694589733241976436446208168519804884078978545	1096
44	730750818665451459101842416358141509827966271532	97383	973830338216200725866473706411668730062155276605	84123
45	730750818665451459101842416358141509827966271533	12151	1215153719506416701878546836531155387082381227433	1109
46	730750818665451459101842416358141509827966271534	10416	1041631919952137896424825196250322350167300197117	2844
47	730750818665451459101842416358141509827966271535	13749	1374900281513751828059379183198250892617305315832	489
48	730750818665451459101842416358141509827966271536	13873	1387315038717563701976574674775344397433357074196	613
49	730750818665451459101842416358141509827966271537	71582	715827811330052572068285662490874502166229836558	58322
50	730750818665451459101842416358141509827966271538	10834	1083453977197322837883846708971587050819112488869	2426
51	730750818665451459101842416358141509827966271539	11128	1112810277239602642170521956725155813043716416757	2132
52	730750818665451459101842416358141509827966271540	13146	1314693707020543270948761959868205318945017740043	114
53	730750818665451459101842416358141509827966271541	13821	1382129399277377580558265987341287961838373891457	561
54	730750818665451459101842416358141509827966271542	28539	285399896963722003500730578202967278625525808776	15279
55	730750818665451459101842416358141509827966271543	36546	365462014007252182051075729432791587209244540236	23286
56	730750818665451459101842416358141509827966271544	54129	541294803064049578930605588546649616283573007766	40869
57	730750818665451459101842416358141509827966271545	32019	32019524294019235205838560539127101031694088806	18759
58	730750818665451459101842416358141509827966271546	10955	1095592365543715203540672271829702303159659914592	2305
59	730750818665451459101842416358141509827966271547	14631	146315554530251811317802654398137203118601206146	1371
60	730750818665451459101842416358141509827966271548	10831	1083115340709033473843105048780305497978741342424	2429
61	730750818665451459101842416358141509827966271549	68660	686603226053250792702392896423349197745986593677	55400
62	730750818665451459101842416358141509827966271550	12354	1235437665125768471296740873318981392686181298655	906
63	730750818665451459101842416358141509827966271551	61234	612341701672244265118703337891562246481689739699	47974
64	730750818665451459101842416358141509827966271552	72411	724117520505967109239287697814409124205839185356	59151
65	730750818665451459101842416358141509827966271553	12912	1291212223382179150206367341712960498689353930123	348
66	730750818665451459101842416358141509827966271554	13768	1376809182088387176418625902297736485440671409187	508
67	730750818665451459101842416358141509827966271555	99481	994810093328721417457748508510167506169205185696	86221
68	730750818665451459101842416358141509827966271556	69618	696187545920262728410200504445026323155429726560	56358
69	730750818665451459101842416358141509827966271557	64752	647521241585081182523866531352120777520117680808	51492
70	730750818665451459101842416358141509827966271558	13014	1301459107412015409622263004795797044448085674914	246
71	730750818665451459101842416358141509827966271559	78825	788256909749108366217117161528672569333959153610	65565
72	730750818665451459101842416358141509827966271560	64571	645713085913699276329097748801143322316826039866	51311
73	730750818665451459101842416358141509827966271561	30682	306820017941584390488244196153553711581443682191	17422
74	730750818665451459101842416358141509827966271562	12590	1259041566131568070277500154941871945549253199744	670
75	730750818665451459101842416358141509827966271563	16121	161219581101369945727457831620484140861984628748	2861
76	730750818665451459101842416358141509827966271564	16109	161094477041721658188593168476893094722090396147	2849
77	730750818665451459101842416358141509827966271565	43776	437765995197669150723907215630961251283211669234	30516
78	730750818665451459101842416358141509827966271566	69017	690170686228411187117292350301694601899168667561	55757
79	730750818665451459101842416358141509827966271567	63868	638688292286751438486095832473213932747509718637	50608
80	730750818665451459101842416358141509827966271568	86835	868352839600142886603536443930501652817214437047	73575
81	730750818665451459101842416358141509827966271569	87314	873147182044822856845721149692815204479116078198	74054
82	730750818665451459101842416358141509827966271570	72084	720843861988923982454297191732087718197186042966	58824
83	730750818665451459101842416358141509827966271571	14132	1413246618866556171371895007896066287492450124643	872
84	730750818665451459101842416358141509827966271572	12665	1266528239690203643906383241770122668503511576900	595
85	730750818665451459101842416358141509827966271573	17064	170646434372554482897907197430330019869192608094	3804
86	730750818665451459101842416358141509827966271574	72025	720250881410327741923358586843538712102134856762	58765
87	730750818665451459101842416358141509827966271575	14295	1429520532682784244164757809460998078658450899057	1035
88	730750818665451459101842416358141509827966271576	80899	808993604550793526566409822953226015218734440536	67639
89	730750818665451459101842416358141509827966271577	10305	1030530464173570741695890478489214314284178573891	2955
90	730750818665451459101842416358141509827966271578	84500	845001540146677239769643904058892065892454354093	71240
91	730750818665451459101842416358141509827966271579	13312	1331247186466439092177795402764890918169882220765	52
92	730750818665451459101842416358141509827966271580	30467	30467462194182843966410487422279950431376810300	17207
93	730750818665451459101842416358141509827966271581	47516	475162108717053684383248825067424730665085363489	34256
94	730750818665451459101842416358141509827966271582	61803	61803796715149400644556374628287999942225006964	48543
95	730750818665451459101842416358141509827966271583	13218	1321805604123789815744077188701725735337276421329	42
96	730750818665451459101842416358141509827966271584	34829	348296194739590903009016054108126028237662339395	21569
97	730750818665451459101842416358141509827966271585	86048	860489442671041602168179475635974577078651657715	72788
98	730750818665451459101842416358141509827966271586	93183	931837438358355521698364776660832963602640696302	79923
99	730750818665451459101842416358141509827966271587	11568	1156821093888529469169422943475431809553284285528	1692
100	730750818665451459101842416358141509827966271588	41225	412254506919261751603632436730803075256918616505	27965
101	730750818665451459101842416358141509827966271589	73718	737181667778796480651733680357128045068933284117	60458
102	730750818665451459101842416358141509827966271590	80653	806539692798013250047000653659698455840403521098	67393
103	730750818665451459101842416358141509827966271591	87445	874459906336912948149715146178877161265061318913	74185
104	730750818665451459101842416358141509827966271592	13735	1373535690487362174319044844767032052674250801353	475
105	730750818665451459101842416358141509827966271593	12643	1264305512004543035289241031456046591990137523863	617
106	730750818665451459101842416358141509827966271594	10020	1002044079449673146800584762034705135143073411567	3240
107	730750818665451459101842416358141509827966271595	34697	346973658836331954680899907380473029241880623524	21437
108	730750818665451459101842416358141509827966271596	76174	761744214280119717097313852324176332028096131704	62914
109	730750818665451459101842416358141509827966271597	66076	660760422724640036888021481676056570641414687233	52816
110	730750818665451459101842416358141509827966271598	14343	1434383339676345563728032356186217261686479381152	1083
111	730750818665451459101842416358141509827966271599	26305	263053282226354293260918985812828568511329948351	13045
112	730750818665451459101842416358141509827966271600	38856	388562001819180723356357803477372177085986979305	25596
113	730750818665451459101842416358141509827966271601	17841	178412204611407194644971265558217343385219170912	4581
114	730750818665451459101842416358141509827966271602	12532	1253259249996284533482807591886671505980462313659	728
115	730750818665451459101842416358141509827966271603	13587	1358736429115251555634812231299059210020095638852	327
116	730750818665451459101842416358141509827966271604	17706	177069415106138539630631800403279802814870466684	4446
117	730750818665451459101842416358141509827966271605	66059	660599290239403104750799620805235545841564374918	52799
118	730750818665451459101842416358141509827966271606	29840	298409483599391353391203206071228229419946025803	16580
119	730750818665451459101842416358141509827966271607	41436	414361754819036809601581975934106078723053929916	28176
120	730750818665451459101842416358141509827966271608	59682	596828953888307641215077479863014544158410428804	46422
121	730750818665451459101842416358141509827966271609	68187	681872323759835354431049052910637602766390814245	54927
122	730750818665451459101842416358141509827966271610	11254	1125451879768405622995616289898399847833902542004	2006
123	730750818665451459101842416358141509827966271611	56159	561594008934700161162211509822581322938977678314	42899
124	730750818665451459101842416358141509827966271612	14363	1436393846945131463270687097500731650398997850614	1103
125	730750818665451459101842416358141509827966271613	55718	557185499262447830618385862921175715033301656699	42458
126	730750818665451459101842416358141509827966271614	57804	578046100405116545751305045830590086211825741076	44544
127	730750818665451459101842416358141509827966271615	41922	419222537573723078931682868591517398017664706801	28662
128	730750818665451459101842416358141509827966271616	72133	721336065975899601975776742795766283695447676418	58873
129	730750818665451459101842416358141509827966271617	58316	583165192304230047516896135952726403890897169615	45056
130	730750818665451459101842416358141509827966271618	16127	161278534798417424798511847122115379077767772715	2867
131	730750818665451459101842416358141509827966271619	19349	193492394457451903128217223989476386656333913799	6089
132	730750818665451459101842416358141509827966271620	31813	318139181717287659584628182105183328754262806201	18553
133	730750818665451459101842416358141509827966271621	68331	683317854014800115695239651904504117940117008125	55071
134	730750818665451459101842416358141509827966271622	13184	131847741555207651934028035948955910230311771956	76
135	730750818665451459101842416358141509827966271623	10847	1084776141560206642771671311449203216548391232416	2413
136	730750818665451459101842416358141509827966271624	61855	618550870824775769472981497256997776203174832853	48595
137	730750818665451459101842416358141509827966271625	10498	1049849987147517303640947344808875417916983316584	2762
138	730750818665451459101842416358141509827966271626	30133	301336744392140927267445559537466435731494284760	16873
139	730750818665451459101842416358141509827966271627	89597	895971303612662915899443516770859814918108268677	76337
140	730750818665451459101842416358141509827966271628	76010	760104599634930427873830723908690778907182614403	62750
141	730750818665451459101842416358141509827966271629	39207	392077845921491382641305711002538957206096627260	25947
142	730750818665451459101842416358141509827966271630	10064	1006440512332491966389697631644867759042854021542	3196
143	730750818665451459101842416358141509827966271631	84273	842731899040671208941927797215762779892856357878	71013
144	730750818665451459101842416358141509827966271632	13919	139197548633282714226230314687296966940384498349	659
145	730750818665451459101842416358141509827966271633	13018	1301846624442319410628065355833714176800419824001	242
146	730750818665451459101842416358141509827966271634	11569	1156943599989630752513285067641329048206894222364	1691
147	730750818665451459101842416358141509827966271635	15303	15303809562093678191769563577577021979492589118	2043
148	730750818665451459101842416358141509827966271636	75989	759891637968910075034922621701896873061012563666	62729
149	730750818665451459101842416358141509827966271637	10691	1069109042300586479995550781566587366810127613162	2569
150	730750818665451459101842416358141509827966271638	10976	1097645668159131345391135177665946207069548797091	2284
151	730750818665451459101842416358141509827966271639	10040	1004042472289101997158380192465009315845696513656	3220
152	730750818665451459101842416358141509827966271640	11874	118740866705109218032648813072841586416094439853	1386
153	730750818665451459101842416358141509827966271641	14207	1420758916573731173383253370366352435112142241413	947
154	730750818665451459101842416358141509827966271642	55854	558548509278937674254526729104146641268624718771	42594
155	730750818665451459101842416358141509827966271643	61708	61708937349313684953211743156363773333129967273	48448
156	730750818665451459101842416358141509827966271644	11708	1170831659717674485138167724027096263957558935891	1552
157	730750818665451459101842416358141509827966271645	12037	1203741524810470582868276167679499546680993135532	1223
158	730750818665451459101842416358141509827966271646	96292	96292361330891871854522307974427939053896531906	83032
159	730750818665451459101842416358141509827966271647	43079	430796104245935237580541534081735177728589093519	29819
160	730750818665451459101842416358141509827966271648	13475	134757953202910028182644120316907710611047233873	215
161	730750818665451459101842416358141509827966271649	12907	1290717808182336673389573045691862186105668883420	353
162	730750818665451459101842416358141509827966271650	24764	247642657414473405436644270181021987843355745405	11504
163	730750818665451459101842416358141509827966271651	61242	612421298591497679350247546567885353852309474184	47982
164	730750818665451459101842416358141509827966271652	10680	1068058393141830220173578231594631893709169835842	2580
165	730750818665451459101842416358141509827966271653	88045	880453409447945483186261053371088929300881472558	74785
166	730750818665451459101842416358141509827966271654	11716	1171602492996469141571041292298253199559745595743	1544
167	730750818665451459101842416358141509827966271655	37437	374379841571708089738957666839720268583096806108	24177
168	730750818665451459101842416358141509827966271656	93017	930171156253172104506689972871687879157145270070	79757
169	730750818665451459101842416358141509827966271657	51166	511661030937434847094086100444933066572637441029	37906
170	730750818665451459101842416358141509827966271658	99074	990744789794631825978838050652997003049613488310	85814
171	730750818665451459101842416358141509827966271659	43830	438303680450483096766653028483745655737744523781	30570
172	730750818665451459101842416358141509827966271660	10339	1033916460692355809875478700019993794554417694535	2921
173	730750818665451459101842416358141509827966271661	24208	242084338270789499939131082294689701783069898250	10948
174	730750818665451459101842416358141509827966271662	42135	421355225752114475043959338526610821838884479390	28875
175	730750818665451459101842416358141509827966271663	10174	1017430776681019319246737049617530225209528920552	3086
176	730750818665451459101842416358141509827966271664	25530	25530834819417243624315538440686392164176281274	12270
177	730750818665451459101842416358141509827966271665	51976	51976267757923148464016382090203223818740797178	38716
178	730750818665451459101842416358141509827966271666	15787	157879354751232665924271733769664424761604747280	2527
179	730750818665451459101842416358141509827966271667	12122	1212247539163168994188584680002658608451850139205	1138
180	730750818665451459101842416358141509827966271668	14065	1406505179296935047687295059431947531004845733964	805
181	730750818665451459101842416358141509827966271669	14348	1434811774957447943658982416042155029498987701749	1088
182	730750818665451459101842416358141509827966271670	68377	683771885570056572478497130105430924491401570911	55117
183	730750818665451459101842416358141509827966271671	10292	1029285598795872579559655314374677309749348184066	2968
184	730750818665451459101842416358141509827966271672	28922	289225655408243052536586078627649235096173062679	15662
185	730750818665451459101842416358141509827966271673	51513	515136199733718438129878726765385513435386780153	38253
186	730750818665451459101842416358141509827966271674	11135	1113542297139661406764451462965955511234181768769	2125
187	730750818665451459101842416358141509827966271675	10312	1031213156330038080459736790629501052296698537177	2948
188	730750818665451459101842416358141509827966271676	32372	32372925216959973697822223832529615716123907170	19112
189	730750818665451459101842416358141509827966271677	42026	420264264152814236455369659658824674573452199070	28766
190	730750818665451459101842416358141509827966271678	84851	848518524861158710983950815532019186878030981690	71591
191	730750818665451459101842416358141509827966271679	14227	1422792208966562567587977147122555915348511414583	967
192	730750818665451459101842416358141509827966271680	61620	616209022851164803658651236896893947782236410879	48360
193	730750818665451459101842416358141509827966271681	11505	1150516447836081791192731007581659741454726888769	1755
194	730750818665451459101842416358141509827966271682	10851	1085117098359200598262120828231507454428719358570	2409
195	730750818665451459101842416358141509827966271683	52306	523060794337389054976932908938388783571635211752	39046
196	730750818665451459101842416358141509827966271684	10785	1078519264893557550955287207039948081387228831756	2475
197	730750818665451459101842416358141509827966271685	74334	743346416575463542786303240077732427015098438808	61074
198	730750818665451459101842416358141509827966271686	11098	1109879605480412785286233413476216495951668943660	2162
199	730750818665451459101842416358141509827966271687	52686	526867178688590767614148637662966353543365934587	39426
200	730750818665451459101842416358141509827966271688	36255	362553251160351989585650706144506728078577918731	22995
201	730750818665451459101842416358141509827966271689	91778	917785218306273423254261504668598615028882631563	78518
202	730750818665451459101842416358141509827966271690	12664	1266421278121662715915160829516368561147931336997	596
203	730750818665451459101842416358141509827966271691	11700	1170004965543276133131934800231121256701971818812	1560
204	730750818665451459101842416358141509827966271692	13886	1388647352029815326274093834856516560022998314052	626
205	730750818665451459101842416358141509827966271693	11387	1138719510420094809449143767042835161200521906453	1873
206	730750818665451459101842416358141509827966271694	52721	527216942168702153575404255598021631866841346647	39461
207	730750818665451459101842416358141509827966271695	10861	1086176960437622929327503271994078944864492252367	2399
208	730750818665451459101842416358141509827966271696	10831	108314947536330594379203475225153033075909799612	2429
209	730750818665451459101842416358141509827966271697	55231	552312026907629557290350030731921065543617995646	41971
210	730750818665451459101842416358141509827966271698	57768	577689775057813601842080695916075367906451162495	44508
211	730750818665451459101842416358141509827966271699	42914	429146847823197385990562446637835326453052016109	29654
212	730750818665451459101842416358141509827966271700	10216	1021675740530810021136970884104926462187002008144	3044
213	730750818665451459101842416358141509827966271701	58811	588111492792338561991586445563389860236508699685	45551
214	730750818665451459101842416358141509827966271702	46423	464230378682269392370695317155469462785566523219	33163
215	730750818665451459101842416358141509827966271703	72279	722793846997942512417860792358552630817413182794	59019
216	730750818665451459101842416358141509827966271704	83851	838512707912807328842379245222660815741223831549	70591
217	730750818665451459101842416358141509827966271705	55003	550037134417398632670094944430312524587816293439	41743
218	730750818665451459101842416358141509827966271706	90531	905319316232418261902075434916131050979330207953	77271
219	730750818665451459101842416358141509827966271707	57507	575077180166863306665374778103578186757812143091	44247
220	730750818665451459101842416358141509827966271708	26781	267815828026383320031767692386956026200130623836	13521
221	730750818665451459101842416358141509827966271709	30157	301570969866931640116134796483559401789218844155	16897
222	730750818665451459101842416358141509827966271710	12389	1238958100538238948427140675674366218882513688034	871
223	730750818665451459101842416358141509827966271711	53709	537097175677282489885014172906699287232356030245	40449
224	730750818665451459101842416358141509827966271712	27918	279186831170143332971279359619862418112601327738	14658
225	730750818665451459101842416358141509827966271713	13856	1385640039536193322296121352228354490111528007783	596
226	730750818665451459101842416358141509827966271714	14957	14957388131974169089500497572589003816338910047	1697
227	730750818665451459101842416358141509827966271715	42684	426847589262857983190327121074620663359302996669	29424
228	730750818665451459101842416358141509827966271716	10213	1021315493154364978314234406897598820316862667092	3047
229	730750818665451459101842416358141509827966271717	66346	663461548646660348558687263088696700532840907000	53086
230	730750818665451459101842416358141509827966271718	14306	1430684834561266650004832954799017700050545846390	1046
231	730750818665451459101842416358141509827966271719	72577	72577434550423965776889246871719978833908948360	59317
232	730750818665451459101842416358141509827966271720	11889	1188913482461202275338461046136089239400398812425	1371
233	730750818665451459101842416358141509827966271721	34781	347818185014453379073256328567436098079780807769	21521
234	730750818665451459101842416358141509827966271722	12423	1242382719509986600543485221702084328874624832458	837
235	730750818665451459101842416358141509827966271723	37342	373426987551495001853306866763373442890463912757	24082
236	730750818665451459101842416358141509827966271724	88498	884989353932795721545397494407136591255526139884	75238
237	730750818665451459101842416358141509827966271725	10705	1070532439274434300958436919050612632733768440282	2555
238	730750818665451459101842416358141509827966271726	97076	970769625924326361964250171675830654469181706848	83816
239	730750818665451459101842416358141509827966271727	14337	1433791179073874488623379610894084567336002909198	1077
240	730750818665451459101842416358141509827966271728	13374	1337480895627001690771872967014021484411035051219	114
241	730750818665451459101842416358141509827966271729	44292	44292688872285044771070641382560797233937866285	31032
242	730750818665451459101842416358141509827966271730	54551	545515310904809831540283231573392837400567931264	41291
243	730750818665451459101842416358141509827966271731	11040	110404654087000336040377211536958492017511524332	2220
244	730750818665451459101842416358141509827966271732	11562	1156296470641129203066154014742422749821783691211	1698
245	730750818665451459101842416358141509827966271733	15673	156736946621704538738072963717175184365830982908	2413
246	730750818665451459101842416358141509827966271734	48343	4834318013092031782384317047621618260937788401	35083
247	730750818665451459101842416358141509827966271735	14589	1458918579504293531943321412389574475674110019501	1329
248	730750818665451459101842416358141509827966271736	27682	276822179336998879626441369753051760406276363495	14422
249	730750818665451459101842416358141509827966271737	11391	1139190616771173302942948207164519482081147153816	1869
250	730750818665451459101842416358141509827966271738	88579	885799176832495911753134781139970294336573383227	75319
251	730750818665451459101842416358141509827966271739	34145	341459955489356856977372415897476393923101454077	20885
252	730750818665451459101842416358141509827966271740	11563	1156342289915914645516186488684488311404060154257	1697
253	730750818665451459101842416358141509827966271741	46352	463527741341814491314690807505555417173202689598	33092
254	730750818665451459101842416358141509827966271742	10470	1047036679708757997437863185056401819803954689729	2790
255	730750818665451459101842416358141509827966271743	32683	326834497976994606126983152306793792000491349129	19423
256	730750818665451459101842416358141509827966271744	76233	762337718149182279276576600391957645695489026439	62973
257	730750818665451459101842416358141509827966271745	61957	61957790533522845659908884428625533862965401231	48697
258	730750818665451459101842416358141509827966271746	85568	855687086312239586385764682471309847861091577662	72308
259	730750818665451459101842416358141509827966271747	13649	1364972478582628994207337808916635587295712027706	389
260	730750818665451459101842416358141509827966271748	29877	298779132470572269146268189406644788298922787679	16617
261	730750818665451459101842416358141509827966271749	68589	685899084828842118907115922001404945131232382643	55329
262	730750818665451459101842416358141509827966271750	10688	106887448642743348615471312846180329185872228526	2572
263	730750818665451459101842416358141509827966271751	34727	347275098311897673146522194890049961519528093115	21467
264	730750818665451459101842416358141509827966271752	12633	1263358814309723878589777555256879778391043342391	627
265	730750818665451459101842416358141509827966271753	73090	730909721073087308394674896542844755449049546325	59830
266	730750818665451459101842416358141509827966271754	58754	587548434650888451440509083198246280093880631790	45494
267	730750818665451459101842416358141509827966271755	61391	613917799246961039391704161148430002013174343756	48131
268	730750818665451459101842416358141509827966271756	11102	1110234525843593147131488283695935596882165812909	2158
269	730750818665451459101842416358141509827966271757	14319	1431951173172297010711735660981492048160419372203	1059
270	730750818665451459101842416358141509827966271758	79147	791478106367790016718705640839738255206128544220	65887
271	730750818665451459101842416358141509827966271759	14486	144862810240517148203342263460905801104926147770	1226
272	730750818665451459101842416358141509827966271760	60440	604402644378677758313802975841293852718165643885	47180
273	730750818665451459101842416358141509827966271761	87423	874235816403706809677373626823739790195694125554	74163
274	730750818665451459101842416358141509827966271762	32425	324259403811007372425160450966983364827011329972	19165
275	730750818665451459101842416358141509827966271763	10389	1038995629061334158560737423390303363310872943983	2871
276	730750818665451459101842416358141509827966271764	88783	88783875088374364521570248480903302527252252273	75523
277	730750818665451459101842416358141509827966271765	97606	976065316679609861741097101868297273632051765109	84346
278	730750818665451459101842416358141509827966271766	14228	1422830698815410393910895105670283288440046589195	968
279	730750818665451459101842416358141509827966271767	11895	1189522147080208885727676235516479961464264872796	1365
280	730750818665451459101842416358141509827966271768	12281	1228142296473895407388505846316807920739500540084	979
281	730750818665451459101842416358141509827966271769	11627	1162738774233720706509808411938409539880475898326	1633
282	730750818665451459101842416358141509827966271770	95368	953684046319822084289072352453694676671181085746	82108
283	730750818665451459101842416358141509827966271771	77362	773629543648192491124662296905566634207825255139	64102
284	730750818665451459101842416358141509827966271772	93390	933904201632229917424895309642674534844015539355	80130
285	730750818665451459101842416358141509827966271773	10214	1021475446297390105135248887004463316688172024694	3046
286	730750818665451459101842416358141509827966271774	14589	145890795958433820131089227731759012043819578941	1329
287	730750818665451459101842416358141509827966271775	89165	891652946259862929155622122826033209375114229239	75905
288	730750818665451459101842416358141509827966271776	12386	1238683668114317362950679358489426697970015817185	874
289	730750818665451459101842416358141509827966271777	13276	1327680450763202852860694236937226250233877027009	16
290	730750818665451459101842416358141509827966271778	19629	196291920083423705924506631732981838319143918656	6369
291	730750818665451459101842416358141509827966271779	53737	537370329824757385514646591617532403507127767129	40477
292	730750818665451459101842416358141509827966271780	26518	265186562863925985536523317948673762713243250376	13258
293	730750818665451459101842416358141509827966271781	10694	1069410210360277953317817995980809105288788244829	2566
294	730750818665451459101842416358141509827966271782	10238	1023840266017715186112528547344511223819337013901	3022
295	730750818665451459101842416358141509827966271783	10739	1073914837683704375113917704114968258537728065327	2521
296	730750818665451459101842416358141509827966271784	93694	936940932055716059093437781531523651777514726816	80434
297	730750818665451459101842416358141509827966271785	43553	435534203541216949676698659659851604254896113302	30293
298	730750818665451459101842416358141509827966271786	10075	1007566916954479431557390510828212007734669134876	3185
299	730750818665451459101842416358141509827966271787	37481	374810429021772939033503778393197178874114505059	24221
300	730750818665451459101842416358141509827966271788	35192	351921271236895582915203906386811305721195089725	21932
301	730750818665451459101842416358141509827966271789	87288	872889676035876395596477450931721772283445199865	74028
302	730750818665451459101842416358141509827966271790	96372	963728041821819493921356795719669733139040912305	83112
303	730750818665451459101842416358141509827966271791	10926	1092626696918729362820570669772878990843941430255	2334
304	730750818665451459101842416358141509827966271792	28141	281415056747683895777018892204917742307761024341	14881
305	730750818665451459101842416358141509827966271793	12013	120139683224960047071052067172351223597046451791	1247
306	730750818665451459101842416358141509827966271794	92484	924849650360588072095189896423706259036788895029	79224
307	730750818665451459101842416358141509827966271795	12873	1287370907734515347441416515902834083093300601147	387
308	730750818665451459101842416358141509827966271796	67474	674744388848992420091185175298257910369446494445	54214
309	730750818665451459101842416358141509827966271797	36479	364790288826748122241826366448422872006013519651	23219
310	730750818665451459101842416358141509827966271798	51451	514512710218974688605448889077334826102903446802	38191
311	730750818665451459101842416358141509827966271799	40455	404555514287016701359290797001534174730680833909	27195
312	730750818665451459101842416358141509827966271800	72679	726794835915400859795422853684260738941389302021	59419
313	730750818665451459101842416358141509827966271801	11761	1176184491279440762065244370191414914442251621191	1499
314	730750818665451459101842416358141509827966271802	11357	113571928826330716116210070035631700826048652973	1903
315	730750818665451459101842416358141509827966271803	14292	1429280061553750562651077350712059151097110756115	1032
316	730750818665451459101842416358141509827966271804	85205	852050932130062954426591942654165482309998329364	71945
317	730750818665451459101842416358141509827966271805	12033	1203380699208692640664966234941066597460224313248	1227
318	730750818665451459101842416358141509827966271806	11196	1119697823538962241392294320654208819933994693656	2064
319	730750818665451459101842416358141509827966271807	34315	343150066208789024398278476317462973195846438958	21055
320	730750818665451459101842416358141509827966271808	12000	1200065903610652540786445378455211493480443408307	1260
321	730750818665451459101842416358141509827966271809	78935	789358873836137034111520226234173186746054706128	65675
322	730750818665451459101842416358141509827966271810	13146	131466637959469700000534615087243818495522461226	114
323	730750818665451459101842416358141509827966271811	44312	443127321058119012039960402998409058526348378892	31052
324	730750818665451459101842416358141509827966271812	85550	855503429038020848855858638104839442388470535782	72290
325	730750818665451459101842416358141509827966271813	15217	152176788144669678494667168518507209783695462404	1957
326	730750818665451459101842416358141509827966271814	68618	686186605831722035815629572708344487702885717603	55358
327	730750818665451459101842416358141509827966271815	10418	1041830801247141765317682532196175869863019608274	2842
328	730750818665451459101842416358141509827966271816	63183	631830993422416774202687332480540296040762032714	49923
329	730750818665451459101842416358141509827966271817	75417	754174080114486660701958821342833266411181861636	62157
330	730750818665451459101842416358141509827966271818	12877	1287728599364173436191054122431166970226565468704	383
331	730750818665451459101842416358141509827966271819	13680	1368042119609406574346635891736008256902546786005	420
332	730750818665451459101842416358141509827966271820	53971	539719172202822433141876456281874902075662901692	40711
333	730750818665451459101842416358141509827966271821	33568	335683953062756765218667657475922776461895091570	20308
334	730750818665451459101842416358141509827966271822	86363	863636926281441433089638166395099437676073565080	73103
335	730750818665451459101842416358141509827966271823	96451	96451159599803022569972123326030355044184384977	83191
336	730750818665451459101842416358141509827966271824	98289	982894709139876718904394175132646788377128156302	85029
337	730750818665451459101842416358141509827966271825	40744	407449289928454326108402695709318585841097872783	27484
338	730750818665451459101842416358141509827966271826	13258	1325800209567815246470864767962622523172858275280	2
339	730750818665451459101842416358141509827966271827	65473	654734934199276307653560556168661829805080433918	52213
340	730750818665451459101842416358141509827966271828	11057	1105733925010299055412360217650169625293324856192	2203
341	730750818665451459101842416358141509827966271829	26304	26304244989683666196789773517894987027942697038	13044
342	730750818665451459101842416358141509827966271830	11763	1176359047292208727017323399613004310032971702669	1497
343	730750818665451459101842416358141509827966271831	20101	20101957881536425539290678554591485039055067382	6841
344	730750818665451459101842416358141509827966271832	63921	639212441939817065427518249849575957515960380700	50661
345	730750818665451459101842416358141509827966271833	11867	1186729882872104264560545428357968464261189204256	1393
346	730750818665451459101842416358141509827966271834	11276	1127696165365539377380043687387490248374660171477	1984
347	730750818665451459101842416358141509827966271835	13884	1388483652175477164509809490047479835845978181531	624
348	730750818665451459101842416358141509827966271836	11697	1169735606537528159893112703751116882602312006323	1563
349	730750818665451459101842416358141509827966271837	84797	847973152081386267686160592926257200917406693332	71537
350	730750818665451459101842416358141509827966271838	13712	1371223227259936627990583073636606630841970723845	452
351	730750818665451459101842416358141509827966271839	87306	873068478172813511666771130102197206179233685565	74046
352	730750818665451459101842416358141509827966271840	11059	110590190891646773448662104630385918366095423682	2201
353	730750818665451459101842416358141509827966271841	58393	583937745371385451598655316470963173757285950635	45133
354	730750818665451459101842416358141509827966271842	11102	1110288596023889945328761259920977645189003129191	2158
355	730750818665451459101842416358141509827966271843	12570	1257032532636936356529966882197504594038573083695	690
356	730750818665451459101842416358141509827966271844	15731	157317766765836984694517292737226923352374819951	2471
357	730750818665451459101842416358141509827966271845	10523	1052300723295006782921109965307031135816762478779	2737
358	730750818665451459101842416358141509827966271846	10064	1006455493131561940905705386954145288225033682972	3196
359	730750818665451459101842416358141509827966271847	68201	68201223223036595471379630421948263210541210734	54941
360	730750818665451459101842416358141509827966271848	75359	753599984106978526410838313555620445773614003747	62099
361	730750818665451459101842416358141509827966271849	55196	551964073935910092465528610012077450542069813469	41936
362	730750818665451459101842416358141509827966271850	23968	239686323566680474699661759579964054647254714166	10708
363	730750818665451459101842416358141509827966271851	34653	346532689936897674987274162070695118080336692399	21393
364	730750818665451459101842416358141509827966271852	10174	1017478177410739263749142501148389343933728533034	3086
365	730750818665451459101842416358141509827966271853	37198	371984194588279518410260224235432780428112539793	23938
366	730750818665451459101842416358141509827966271854	56107	561077814459030709500749737531578344965690762720	42847
367	730750818665451459101842416358141509827966271855	11272	1127241907661651990216322610843878763036194696767	1988
368	730750818665451459101842416358141509827966271856	50521	505212046735049833809329350298206423273794641321	37261
369	730750818665451459101842416358141509827966271857	85643	856432563833890386813540685733359953160491687711	72383
370	730750818665451459101842416358141509827966271858	20650	206502818729945076913428975789827659826266586131	7390
371	730750818665451459101842416358141509827966271859	62535	625359675940414815335378518008720536544457888974	49275
372	730750818665451459101842416358141509827966271860	70573	705739813273773308020045954003974110435282611988	57313
373	730750818665451459101842416358141509827966271861	51813	518138424991375109817276966686285289784646673844	38553
374	730750818665451459101842416358141509827966271862	55810	558108435248377084324820242200279073299382238913	42550
375	730750818665451459101842416358141509827966271863	11980	1198019067921988572561621157920367516153691500596	1280
376	730750818665451459101842416358141509827966271864	13928	13928343284037523080063489970344363827843990933	668
377	730750818665451459101842416358141509827966271865	44752	447528843718987530484773401816150368479898760783	31492
378	730750818665451459101842416358141509827966271866	12310	1231043682094206603344524886085096006664071028076	950
379	730750818665451459101842416358141509827966271867	38294	382943212025732259907500179650080851716232078257	25034
380	730750818665451459101842416358141509827966271868	32205	322054330479815411490664404865692693748919645078	18945
381	730750818665451459101842416358141509827966271869	57334	573344222576725215298219893383658714191506654689	44074
382	730750818665451459101842416358141509827966271870	97808	97808899398557577199923811139949486507783722449	84548
383	730750818665451459101842416358141509827966271871	16841	168415763560587722311705632485612963120812714610	3581
384	730750818665451459101842416358141509827966271872	86753	867536287259052969943817913403936937278838249443	73493
385	730750818665451459101842416358141509827966271873	59828	598282215996514789156646399246800030857614208978	46568
386	730750818665451459101842416358141509827966271874	92682	92682839114329517889218258699392380473677323507	79422
387	730750818665451459101842416358141509827966271875	23599	235991287018780111191349827054207157789484026522	10339
388	730750818665451459101842416358141509827966271876	14437	1443726740956306768040000488893606441231105376158	1177
389	730750818665451459101842416358141509827966271877	70075	700750248309332970799738481301682887863854528266	56815
390	730750818665451459101842416358141509827966271878	62957	629571867244549380039214355346189958355181938415	49697
391	730750818665451459101842416358141509827966271879	12577	1257712069398339396949386119183953814933391212731	683
392	730750818665451459101842416358141509827966271880	13844	1384457453339753892184415533906127274612843637326	584
393	730750818665451459101842416358141509827966271881	70414	704141107117029808064210021594511616097297742589	57154
394	730750818665451459101842416358141509827966271882	10735	1073585407917309627120617436065419332750727927213	2525
395	730750818665451459101842416358141509827966271883	14152	1415259796920991500557448741583314817914194739360	892
396	730750818665451459101842416358141509827966271884	12442	124429116359659894821466656398354950733175012031	818
397	730750818665451459101842416358141509827966271885	77903	779034734836977794319979184353831741143930374582	64643
398	730750818665451459101842416358141509827966271886	55539	555399309664149107221799126033245196435858563302	42279
399	730750818665451459101842416358141509827966271887	15498	154983655022986218054619573915502818949066675283	2238
400	730750818665451459101842416358141509827966271888	81179	811792614822017059936292717192316656930651754928	67919
401	730750818665451459101842416358141509827966271889	15238	152382689580941080704137607899885868511828003200	1978
402	730750818665451459101842416358141509827966271890	77607	776078941031441935353926952638408417986437822313	64347
403	730750818665451459101842416358141509827966271891	37988	379880860652365232496147973295694950290889983404	24728
404	730750818665451459101842416358141509827966271892	10402	1040280366367393828349827853634923899034377209353	2858
405	730750818665451459101842416358141509827966271893	25982	259823085764886820503587118967343440495828496656	12722
406	730750818665451459101842416358141509827966271894	45892	458928587551545237445048869528527533866071526228	32632
407	730750818665451459101842416358141509827966271895	56662	56662023193836549385622307188251623809054589097	43402
408	730750818665451459101842416358141509827966271896	97000	970001920038042994178559081611921045473591131835	83740
409	730750818665451459101842416358141509827966271897	12698	1269871892435017975944665600039262098039033117844	562
410	730750818665451459101842416358141509827966271898	65657	656571633202289725480173336818282910374379267126	52397
411	730750818665451459101842416358141509827966271899	27257	272571288864517226282447681913919606174275443019	13997
412	730750818665451459101842416358141509827966271900	12902	1290288468496732968289897967164519953909705975183	358
413	730750818665451459101842416358141509827966271901	89694	896943744394794763683289372525904567240158958449	76434
414	730750818665451459101842416358141509827966271902	33736	337362566685304678863763231658178727861287971158	20476
415	730750818665451459101842416358141509827966271903	69605	696053920358690072667809504806031220664963544849	56345
416	730750818665451459101842416358141509827966271904	42562	425624114534654752312198756400774000633445161979	29302
417	730750818665451459101842416358141509827966271905	73114	731140689962513649820217034331064705180787389909	59854
418	730750818665451459101842416358141509827966271906	14095	1409584987153953021381652768019102088124018046139	835
419	730750818665451459101842416358141509827966271907	52691	526918012142557464361203110298888399110578627305	39431
420	730750818665451459101842416358141509827966271908	12785	1278580059187725015074790500211553362661628551386	475
421	730750818665451459101842416358141509827966271909	12664	1266465381957089607791097413772394052018288601849	596
422	730750818665451459101842416358141509827966271910	10393	1039329002415965796277489361686560335002744396482	2867
423	730750818665451459101842416358141509827966271911	11269	1126956604381055707570548289200683417182342983694	1991
424	730750818665451459101842416358141509827966271912	13272	1327243973540378303850458915301311983809779184760	12
425	730750818665451459101842416358141509827966271913	54163	541637871513292356314701365863022916244587907261	40903
426	730750818665451459101842416358141509827966271914	13902	1390229676642059166242592108403985858627803555323	642
427	730750818665451459101842416358141509827966271915	53808	538083084062738540828230777478123951884577164039	40548
428	730750818665451459101842416358141509827966271916	53332	533329835918775755625349341987540997138582746271	40072
429	730750818665451459101842416358141509827966271917	75488	754888817088573733512922540733144739546287871183	62228
430	730750818665451459101842416358141509827966271918	21542	215428041623779693064679450484996602077219552116	8282
431	730750818665451459101842416358141509827966271919	96074	960744676304144312450069549570301166018954068826	82814
432	730750818665451459101842416358141509827966271920	36472	364726830327590425937489192490260649883510643647	23212
433	730750818665451459101842416358141509827966271921	83286	832860397661078235593504048199992818133919862127	70026
434	730750818665451459101842416358141509827966271922	14052	1405284485621582292765157916999685031090222774599	792
435	730750818665451459101842416358141509827966271923	37764	377643656237172481976738327381113380690978211858	24504
436	730750818665451459101842416358141509827966271924	47308	473086610251885115877787569254816246687980634267	34048
437	730750818665451459101842416358141509827966271925	14046	1404693022579833496727002282485178814752215982772	786
438	730750818665451459101842416358141509827966271926	80152	801527164703280153854043726706366014088943644499	66892
439	730750818665451459101842416358141509827966271927	83927	839275108255097365989758866291821165491315786200	70667
440	730750818665451459101842416358141509827966271928	74072	740723713056443203293168071939845368214624104507	60812
441	730750818665451459101842416358141509827966271929	29768	29768698739864300282219693958682575579035461498	16508
442	730750818665451459101842416358141509827966271930	68852	688523643053216765941679501356021118400481767496	55592
443	730750818665451459101842416358141509827966271931	93701	937013046041320265247335648031993072406843839964	80441
444	730750818665451459101842416358141509827966271932	11615	1161568162573812737598879863803335178436392036200	1645
445	730750818665451459101842416358141509827966271933	13883	1388397389353897229478541331088900652986348044372	623
446	730750818665451459101842416358141509827966271934	52921	529218225135053255441358036321130564969255204349	39661
447	730750818665451459101842416358141509827966271935	25729	257299234261129188642844628612099931228430807824	12469
448	730750818665451459101842416358141509827966271936	15237	152371942397210250181337135024569951014138424857	1977
449	730750818665451459101842416358141509827966271937	57923	579239698756271060399055781386940145366219147201	44663
450	730750818665451459101842416358141509827966271938	33309	333094078249142246226237279417177017037911807462	20049
451	730750818665451459101842416358141509827966271939	12257	122571302961407661683785853741040002598241215320	1003
452	730750818665451459101842416358141509827966271940	12918	1291850427435537773128060793886767440625565151255	342
453	730750818665451459101842416358141509827966271941	11630	1163002857612805334867346303240182198723928184677	1630
454	730750818665451459101842416358141509827966271942	11903	1190312837172255176257942451321852948165328088285	1357
455	730750818665451459101842416358141509827966271943	12084	120847150054267785982899447417400005275817227438	1176
456	730750818665451459101842416358141509827966271944	67091	67091549918006214834468544342420775360516182469	53831
457	730750818665451459101842416358141509827966271945	87536	875369171394953538183563893586562454737293023284	74276
458	730750818665451459101842416358141509827966271946	70800	708001428307284825071828820105839620192060556918	57540
459	730750818665451459101842416358141509827966271947	12761	1276199695656816304216439749041048534014388769454	499
460	730750818665451459101842416358141509827966271948	11719	1171992945267803410088101490772244101690142667445	1541
461	730750818665451459101842416358141509827966271949	10278	102782416584003923081569603264432779794510746218	2982
462	730750818665451459101842416358141509827966271950	44129	441299368589347043116810296574237872105992169077	30869
463	730750818665451459101842416358141509827966271951	12522	1252246654309369293775051756787636097151637628970	738
464	730750818665451459101842416358141509827966271952	11700	1170084185527569611305040120221791727780403640119	1560
465	730750818665451459101842416358141509827966271953	40897	408972871834940581831540708350645926491399219259	27637
466	730750818665451459101842416358141509827966271954	34352	343521548099611089536139864604841938694769233160	21092
467	730750818665451459101842416358141509827966271955	33491	334914296962723259792338269294772847990053899984	20231
468	730750818665451459101842416358141509827966271956	11658	1165884630801982468997864678069241353823069553969	1602
469	730750818665451459101842416358141509827966271957	10244	1024446358623447705418624881389138402130063540543	3016
470	730750818665451459101842416358141509827966271958	10644	1064482388598900880799722644257612731970326314668	2616
471	730750818665451459101842416358141509827966271959	11647	1164793363908901882082411681171124069087451117240	1613
472	730750818665451459101842416358141509827966271960	11166	1116669200803144209834369172568849770959274910861	2094
473	730750818665451459101842416358141509827966271961	13229	1322978677994259777860466551315929653146108311302	31
474	730750818665451459101842416358141509827966271962	62074	620747207033087981978197015989658131300375494246	48814
475	730750818665451459101842416358141509827966271963	13041	1304119781764719416989553484838864680130381169067	219
476	730750818665451459101842416358141509827966271964	72809	728096647312249666309408050728923511766703970470	59549
477	730750818665451459101842416358141509827966271965	95338	953388067389732196149961082018204668170702299770	82078
478	730750818665451459101842416358141509827966271966	56751	567515317826082236591103804564356636745794726012	43491
479	730750818665451459101842416358141509827966271967	14156	1415653837529813086691134982110429961767507077463	896
480	730750818665451459101842416358141509827966271968	99376	993760130005774231838630065299726660751132754175	86116
481	730750818665451459101842416358141509827966271969	11919	1191992154870501751304406469268830718796158116546	1341
482	730750818665451459101842416358141509827966271970	44423	444235944663496728069887765907832748696977495050	31163
483	730750818665451459101842416358141509827966271971	10624	1062492372576517848568243858460411848731379451700	2636
484	730750818665451459101842416358141509827966271972	51471	514718342590154843426292092543836729141086846710	38211
485	730750818665451459101842416358141509827966271973	12441	1244131582255871149630978303625068948296057193468	819
486	730750818665451459101842416358141509827966271974	65431	654318740050863556571396581146146670929173924257	52171
487	730750818665451459101842416358141509827966271975	97558	97558536098845499252664737508898515468085152961	84298
488	730750818665451459101842416358141509827966271976	44092	440926315750371041400409852365490861122830506617	30832
489	730750818665451459101842416358141509827966271977	36328	363286360910648129987737522169322908207555190040	23068
490	730750818665451459101842416358141509827966271978	13739	137397201146755755523256279840427605676307302026	479
491	730750818665451459101842416358141509827966271979	12894	1289413928895935713249450973153882378618235591324	366
492	730750818665451459101842416358141509827966271980	10845	1084593952997832027648597077171305297832041725532	2415
493	730750818665451459101842416358141509827966271981	62654	626548449033446076869625140103477145413612887313	49394
494	730750818665451459101842416358141509827966271982	10808	1080841521247230754527295416408824318319902861886	2452
495	730750818665451459101842416358141509827966271983	12152	1215239019108019728593105343555433633118829548109	1108
496	730750818665451459101842416358141509827966271984	10656	1065696216092424205630040014959402926499482324568	2604
497	730750818665451459101842416358141509827966271985	33767	337674923827583704615755046610045893689256786518	20507
498	730750818665451459101842416358141509827966271986	98940	989404336862201856405207671934603890911470081124	85680
499	730750818665451459101842416358141509827966271987	82579	825794894537093026446766624209869969457103203327	69319
500	730750818665451459101842416358141509827966271988	59939	599397707971647410665609931866670087844976240116	46679
501	730750818665451459101842416358141509827966271989	19359	193596952984846298802981763904111356494140820249	6099
502	730750818665451459101842416358141509827966271990	84275	842751491397774657785774201685139601974256418779	71015
503	730750818665451459101842416358141509827966271991	14466	1446698344823042122456869956074154142692090341074	1206
504	730750818665451459101842416358141509827966271992	12130	121302611539899308555956795341143676667537569747	1130
505	730750818665451459101842416358141509827966271993	12881	1288190132421068550163649944818428905789794884946	379
506	730750818665451459101842416358141509827966271994	13701	137013243109082146499816949046305272422983840711	441
507	730750818665451459101842416358141509827966271995	14024	1402484662946826827939520147065111259547752858648	764
508	730750818665451459101842416358141509827966271996	65344	65344672668444524504936480564366986786472350482	52084
509	730750818665451459101842416358141509827966271997	29819	298193140258990863318610217477951356533343031295	16559
510	730750818665451459101842416358141509827966271998	96037	960377132353029305847388850613973676452170446002	82777
511	730750818665451459101842416358141509827966271999	54456	544564531670024283180620943630160488843827202394	41196
512	730750818665451459101842416358141509827966272000	50577	505777648779814297829951098240975198179164146159	37317
513	730750818665451459101842416358141509827966272001	56120	561203488910454262985295433608433403850204787639	42860
514	730750818665451459101842416358141509827966272002	15199	151990664539032096056123639007579384232204140768	1939
515	730750818665451459101842416358141509827966272003	14434	1443435071167321226344933938408489867127198114224	1174
516	730750818665451459101842416358141509827966272004	84480	844808188326666550772335130601832672166261323898	71220
517	730750818665451459101842416358141509827966272005	13260	1326068131594664349954325656196903074847243027016	0
518	730750818665451459101842416358141509827966272006	10297	1029796455252068822456591956126204061936718939609	2963
519	730750818665451459101842416358141509827966272007	79166	791665671568238235651436628525962717825219906172	65906
520	730750818665451459101842416358141509827966272008	77906	779062967112749498853357075682914701457323551447	64646
521	730750818665451459101842416358141509827966272009	39956	399560253038410014617602133645814924523257688767	26696
522	730750818665451459101842416358141509827966272010	65637	656379945149260624872024028938887822321641006505	52377
523	730750818665451459101842416358141509827966272011	22931	229319044350593842008773688288886665797946872971	9671
524	730750818665451459101842416358141509827966272012	74701	747010618321039716951529297147582707785675394065	61441
525	730750818665451459101842416358141509827966272013	87769	877693175980062126326530465941066693085265168789	74509
526	730750818665451459101842416358141509827966272014	85220	852209270223495495648521608937162527787361107665	71960
527	730750818665451459101842416358141509827966272015	10550	10550140291715639870362962897194805889685990794	2710
528	730750818665451459101842416358141509827966272016	11121	1112181292982670919460869239212272241096349856577	2139
529	730750818665451459101842416358141509827966272017	11450	1145035189969288761990459367669019923737547419423	1810
530	730750818665451459101842416358141509827966272018	11613	1161342466487095913343740754644822265691984866938	1647
531	730750818665451459101842416358141509827966272019	53093	530938437613875988190440416212802682287200210719	39833
532	730750818665451459101842416358141509827966272020	62595	625959442671232303667417342526614334773998365	49335
533	730750818665451459101842416358141509827966272021	10228	1022802934372410572057943682594693063516153044690	3032
534	730750818665451459101842416358141509827966272022	48741	487413310311334653688779572168560637661783399685	35481
535	730750818665451459101842416358141509827966272023	59650	596505503100499066278901443781207694396829952755	46390
536	730750818665451459101842416358141509827966272024	11233	1123376278193792288498105142692696942662849404655	2027
537	730750818665451459101842416358141509827966272025	49146	491460581091658953424271289395468929143324728756	35886
538	730750818665451459101842416358141509827966272026	12604	1260414496252514952106201704997363785608899370660	656
539	730750818665451459101842416358141509827966272027	11115	1111595534814987862915450361035753921703300353896	2145
540	730750818665451459101842416358141509827966272028	14378	1437846309077685050273883205679462502233506353512	1118
541	730750818665451459101842416358141509827966272029	12863	128632779410075239774815521783153847287087657490	397
542	730750818665451459101842416358141509827966272030	54009	540097612708659238810744023023181421638403992946	40749
543	730750818665451459101842416358141509827966272031	95614	956146365581796377491164886150974373622940088174	82354
544	730750818665451459101842416358141509827966272032	76323	763237060364639834107545026651677571062611577152	63063
545	730750818665451459101842416358141509827966272033	73600	736005791226005080043342644850282010986570080410	60340
546	730750818665451459101842416358141509827966272034	10508	1050805964745619083894240806676797041465299409826	2752
547	730750818665451459101842416358141509827966272035	65015	650155477432089897112306636756197771222894257261	51755
548	730750818665451459101842416358141509827966272036	11673	1167335424309515684247132660661623797544637237165	1587
549	730750818665451459101842416358141509827966272037	11397	1139765169768507477633608619559984010521935243302	1863
550	730750818665451459101842416358141509827966272038	14411	1441160829525392361187024447160359650218738317737	1151
551	730750818665451459101842416358141509827966272039	52902	529026135458238098863129269671124446907692151466	39642
552	730750818665451459101842416358141509827966272040	91804	91804055790366035865383812105450932936623625009	78544
553	730750818665451459101842416358141509827966272041	74042	740424122252577969168282637207351916937816778580	60782
554	730750818665451459101842416358141509827966272042	11556	1155646284866818354313160612374966793716916693130	1704
555	730750818665451459101842416358141509827966272043	41042	410429589005668049082071708360324097784192641927	27782
556	730750818665451459101842416358141509827966272044	32024	320241645728044276985207166399346081348642833808	18764
557	730750818665451459101842416358141509827966272045	38624	386246272937531843455030995321138448485469587781	25364
558	730750818665451459101842416358141509827966272046	14886	148868684514470457734355597020424642832231071767	1626
559	730750818665451459101842416358141509827966272047	42738	42738415927092535351784039461131410303575761220	29478
560	730750818665451459101842416358141509827966272048	10510	1051086102831894791875807752870409597001979919968	2750
561	730750818665451459101842416358141509827966272049	46907	469075907443966357938963234988272992917486805879	33647
562	730750818665451459101842416358141509827966272050	48054	480548015242398166217814836311189745221151283115	34794
563	730750818665451459101842416358141509827966272051	88441	884416632253996081836594601531816059720561293679	75181
564	730750818665451459101842416358141509827966272052	76259	762593730806662281255416056700941401272064351772	62999
565	730750818665451459101842416358141509827966272053	69375	69375165811057706490869185382613656573281390460	56115
566	730750818665451459101842416358141509827966272054	11855	1185573730437416860557277068461287656860713726656	1405
567	730750818665451459101842416358141509827966272055	13448	1344824121649190825203950645263584404168415716352	188
568	730750818665451459101842416358141509827966272056	14271	1427155960889339192835033940793810138571193669848	1011
569	730750818665451459101842416358141509827966272057	32848	328485908059610526606790577501266129645568350999	19588
570	730750818665451459101842416358141509827966272058	11607	1160725431363490970520160953415984981002850131643	1653
571	730750818665451459101842416358141509827966272059	32907	32907804449085801479141547971492968478298475382	19647
572	730750818665451459101842416358141509827966272060	86671	866711265187094345361339024855915809235556579845	73411
573	730750818665451459101842416358141509827966272061	10052	1005290887414394157053961073140762429597271648233	3208
574	730750818665451459101842416358141509827966272062	94588	945880976910013960031021629770497282662175894743	81328
575	730750818665451459101842416358141509827966272063	13027	1302719404143117411333027127765398247096681793450	233
576	730750818665451459101842416358141509827966272064	85386	853865234043321602741476438027830767918043985676	72126
577	730750818665451459101842416358141509827966272065	10800	1080078209922417738910879275913200818026830049970	2460
578	730750818665451459101842416358141509827966272066	14383	143837161593851073161357714520919593035025006160	1123
579	730750818665451459101842416358141509827966272067	11082	1108296274490699393530274182958571136331816129757	2178
580	730750818665451459101842416358141509827966272068	10587	1058774063468328938344487538972260785144500561035	2673
581	730750818665451459101842416358141509827966272069	12932	1293270342224775665419380316712022842626715896756	328
582	730750818665451459101842416358141509827966272070	35770	357705014108817640156694476631896199612950368252	22510
583	730750818665451459101842416358141509827966272071	43307	433076308227735365967482256416002173287443854763	30047
584	730750818665451459101842416358141509827966272072	24535	245355350443925556751663526272509216129500094215	11275
585	730750818665451459101842416358141509827966272073	17154	171546057299545854174446190421491652349731534726	3894
586	730750818665451459101842416358141509827966272074	71460	714604502906030511394597420473935640695946356482	58200
587	730750818665451459101842416358141509827966272075	67433	674333980915429524075955448071220666566842643510	54173
588	730750818665451459101842416358141509827966272076	92960	929605131080944756861466760507584947265081716258	79700
589	730750818665451459101842416358141509827966272077	91093	910935319400706549509331392234535112267611556888	77833
590	730750818665451459101842416358141509827966272078	12998	1299811291614927795008598001853664925224697160520	262
591	730750818665451459101842416358141509827966272079	12978	1297890760060862258282200556278165750344768581816	282
592	730750818665451459101842416358141509827966272080	37125	3712535932368063088142572570711281676700226453	23865
593	730750818665451459101842416358141509827966272081	78167	781672060333510115406617211917984784887718390754	64907
594	730750818665451459101842416358141509827966272082	53320	533206272483119848716295450655235934496202318800	40060
595	730750818665451459101842416358141509827966272083	81893	818934143016088401094372822196851043298262511064	68633
596	730750818665451459101842416358141509827966272084	79334	793346257482311919138109863014994905863939060113	66074
597	730750818665451459101842416358141509827966272085	11153	1115335087762330733304920687030512965221009288564	2107
598	730750818665451459101842416358141509827966272086	10231	1023125066539563486850880431652608269461340748891	3029
599	730750818665451459101842416358141509827966272087	38762	387621810353423283668679718791516211877886005762	25502
600	730750818665451459101842416358141509827966272088	61308	613089123569996417851910351033771117095588130198	48048
601	730750818665451459101842416358141509827966272089	88465	884654247399435994408837595708753488176740533980	75205
602	730750818665451459101842416358141509827966272090	94529	945296464750672620310133167892258822199292926814	81269
603	730750818665451459101842416358141509827966272091	26414	26414145668250984402085483390873137398971105741	13154
604	730750818665451459101842416358141509827966272092	55361	553612730289523768510986444398664604403404470415	42101
605	730750818665451459101842416358141509827966272093	40136	401365608296366038281493548771824969858608095449	26876
606	730750818665451459101842416358141509827966272094	53126	531265574893155764270742036353896250271450110088	39866
607	730750818665451459101842416358141509827966272095	64174	641748307338687179823027879826951183563336257196	50914
608	730750818665451459101842416358141509827966272096	36667	366673119153971999755057092773445567147540631794	23407
609	730750818665451459101842416358141509827966272097	49758	497583707011189247277936803314463451126595273666	36498
610	730750818665451459101842416358141509827966272098	60787	607877341549499519576597511879806581946421138800	47527
611	730750818665451459101842416358141509827966272099	98874	988744662279650336577700093008300278401623053617	85614
612	730750818665451459101842416358141509827966272100	12333	1233340726369489113803016991553644614764855033104	927
613	730750818665451459101842416358141509827966272101	56887	568879981344125532277073070800895450718858520813	43627
614	730750818665451459101842416358141509827966272102	10125	101254558120426251560673213873681050828329432910	3135
615	730750818665451459101842416358141509827966272103	12706	12706928317496848624212679658529909625510881867	554
616	730750818665451459101842416358141509827966272104	72194	721943036039026563639111093964043307170741944029	58934
617	730750818665451459101842416358141509827966272105	12741	1274169324818540025082595452074902887403549031886	519
618	730750818665451459101842416358141509827966272106	27388	273880558018565795036987191157585825310658898721	14128
619	730750818665451459101842416358141509827966272107	66858	668582209648471890536475333417163337443013306507	53598
620	730750818665451459101842416358141509827966272108	97676	976766290486842462182477787043672557363969366309	84416
621	730750818665451459101842416358141509827966272109	13677	1367709092945318393586373647179295007096522877774	417
622	730750818665451459101842416358141509827966272110	43311	433111897160253231215971920348682604795304022026	30051
623	730750818665451459101842416358141509827966272111	22387	223874263758339121556400929827913228856477925507	9127
624	730750818665451459101842416358141509827966272112	70741	707415013037209015787350954958585512400111315184	57481
625	730750818665451459101842416358141509827966272113	13255	1325558312330702119099379506349982208635455639418	5
626	730750818665451459101842416358141509827966272114	51015	51015184685939521059650857393075054314212935682	37755
627	730750818665451459101842416358141509827966272115	99679	996796678283806308752769582683126586667643506017	86419
628	730750818665451459101842416358141509827966272116	13022	1302212192601121447426908398606407388198433838239	238
629	730750818665451459101842416358141509827966272117	69032	690324806934960563581443055661547805265176776360	55772
630	730750818665451459101842416358141509827966272118	45206	45206478719296969625010632768900170513878985749	31946
631	730750818665451459101842416358141509827966272119	10657	1065739796332839747736844929870520959380551191716	2603
632	730750818665451459101842416358141509827966272120	10889	1088974929952378709420570074526259587311603816788	2371
633	730750818665451459101842416358141509827966272121	42546	425464554564470198198032868479544621554479316528	29286
634	730750818665451459101842416358141509827966272122	97117	971178729204864522749645242594787576233268752808	83857
635	730750818665451459101842416358141509827966272123	47735	477353658297435344300586444244224257600411875132	34475
636	730750818665451459101842416358141509827966272124	13545	1354561718406474699913394885551720535507809959794	285
637	730750818665451459101842416358141509827966272125	70792	70792761650791719882608128895845029293013198716	57532
638	730750818665451459101842416358141509827966272126	28086	28086559978863013630881342112409576970716258972	14826
639	730750818665451459101842416358141509827966272127	62182	62182523617642523426198342625105521932925138881	48922
640	730750818665451459101842416358141509827966272128	18318	183182446921131127572743104275743587037915752087	5058
641	730750818665451459101842416358141509827966272129	15449	154490879123483016944741593672460171449528875742	2189
642	730750818665451459101842416358141509827966272130	91972	919723447550953848879019633186860097565273659917	78712
643	730750818665451459101842416358141509827966272131	96464	964649469704781725790938096829070059281917163974	83204
644	730750818665451459101842416358141509827966272132	88096	880964356683088321985232048730008438443997274712	74836
645	730750818665451459101842416358141509827966272133	10447	1044772215750162441906119089372244732447189347993	2813
646	730750818665451459101842416358141509827966272134	53790	537902071281472823217220485401783072292773499775	40530
647	730750818665451459101842416358141509827966272135	97452	974524985943635365510213781433919503965179694761	84192
648	730750818665451459101842416358141509827966272136	35718	357180497514531680468849338107734327606027479283	22458
649	730750818665451459101842416358141509827966272137	11503	1150378589017828565739224949771050422145317074991	1757
650	730750818665451459101842416358141509827966272138	11809	11809269828881766607773621863175221355436399756	1451
651	730750818665451459101842416358141509827966272139	13395	1339507672972395806822357836545553076448978512257	135
652	730750818665451459101842416358141509827966272140	70267	702671639391677720216350976246483995128061720508	57007
653	730750818665451459101842416358141509827966272141	26844	268446591038714815336956408295251130893529349340	13584
654	730750818665451459101842416358141509827966272142	77959	779598240906948773051208572423746188546036183182	64699
655	730750818665451459101842416358141509827966272143	88337	883372777750077484710802604039894055844887929164	75077
656	730750818665451459101842416358141509827966272144	12607	1260764685545209434503834014050651247379229563049	653
657	730750818665451459101842416358141509827966272145	47814	478143178902584960011239915251518571804752443392	34554
658	730750818665451459101842416358141509827966272146	14323	1432305334529247994198155384992223629399989281327	1063
659	730750818665451459101842416358141509827966272147	82191	821915820312644671859311136395809854749585319102	68931
660	730750818665451459101842416358141509827966272148	11246	1124645499036078715690196947874171660814213865945	2014
661	730750818665451459101842416358141509827966272149	24907	249075874581049221045835623039622418414495483438	11647
662	730750818665451459101842416358141509827966272150	11115	1111571315480416256829149064003277718825746955053	2145
663	730750818665451459101842416358141509827966272151	86553	865531536026538698762985864506913542968606879596	73293
664	730750818665451459101842416358141509827966272152	75292	752926918787992046688291577088278997109606128336	62032
665	730750818665451459101842416358141509827966272153	14875	148755005480621592886004050203915872133601015437	1615
666	730750818665451459101842416358141509827966272154	96522	965229513386063398276819640968141942010914265483	83262
667	730750818665451459101842416358141509827966272155	63057	630570089412544766205970806530190694977928991050	49797
668	730750818665451459101842416358141509827966272156	11439	1143972047549911926369239200805103883926494281023	1821
669	730750818665451459101842416358141509827966272157	73143	731432749465162496877337455005786758030470929752	59883
670	730750818665451459101842416358141509827966272158	96861	968614710227712030086555300857404323356929837815	83601
671	730750818665451459101842416358141509827966272159	13946	1394642210518587245571404174378196803490215347521	686
672	730750818665451459101842416358141509827966272160	92388	923884539223297834917003631597667871717441792461	79128
673	730750818665451459101842416358141509827966272161	49276	492764119669494530922910427356785229542384817129	36016
674	730750818665451459101842416358141509827966272162	14189	1418996778147538639660336608910914088274839636185	929
675	730750818665451459101842416358141509827966272163	13211	1321196567508829691974212140370655311376123993278	49
676	730750818665451459101842416358141509827966272164	11039	1103980866311135555606310234193595581190449966339	2221
677	730750818665451459101842416358141509827966272165	22114	221142297380084741595877855666870670569539457085	8854
678	730750818665451459101842416358141509827966272166	49092	490923345330595656966593869130742350697077129971	35832
679	730750818665451459101842416358141509827966272167	91946	919468609773234544330578148922187065431586105890	78686
680	730750818665451459101842416358141509827966272168	97392	973924087970062069837523751529339623225655673210	84132
681	730750818665451459101842416358141509827966272169	12166	1216692906865667017855479916182625638184141261242	1094
682	730750818665451459101842416358141509827966272170	30874	308747094959696659591114466185321676423384684515	17614
683	730750818665451459101842416358141509827966272171	14252	1425202442052777085358179166794433374560645512453	992
684	730750818665451459101842416358141509827966272172	11525	1152502235879960313037856705217775381960560123925	1735
685	730750818665451459101842416358141509827966272173	10364	103649439072223032593292241407011552855381796636	2896
686	730750818665451459101842416358141509827966272174	21681	21681699616444655364968224191601633202794496125	8421
687	730750818665451459101842416358141509827966272175	11118	111185687588754472697430492609727374620051655682	2142
688	730750818665451459101842416358141509827966272176	12775	1277518249774551613613862812734999914044611520552	485
689	730750818665451459101842416358141509827966272177	67044	670444313995671017819370668195611384752910125067	53784
690	730750818665451459101842416358141509827966272178	86256	862568379061480783888866748892750397554277724582	72996
691	730750818665451459101842416358141509827966272179	99081	990817521779256888171271269541991048738853953268	85821
692	730750818665451459101842416358141509827966272180	89088	890884622021903273607837724929082090299984246557	75828
693	730750818665451459101842416358141509827966272181	18511	185111448975115597906591020936706383682101730306	5251
694	730750818665451459101842416358141509827966272182	12951	1295189794427795579643975405306566702043478739951	309
695	730750818665451459101842416358141509827966272183	10810	108107434868994294715420803652976237324277888215	2450
696	730750818665451459101842416358141509827966272184	79093	790930534301443623217587268383491085891994415615	65833
697	730750818665451459101842416358141509827966272185	29165	291651738886660774032201891104195578962021179157	15905
698	730750818665451459101842416358141509827966272186	34859	348592717041218047258531369531644165982475574985	21599
699	730750818665451459101842416358141509827966272187	37414	374147827067112026307968964766298499775901426164	24154
700	730750818665451459101842416358141509827966272188	96473	964734518745446940568004300664939464337655527603	83213
701	730750818665451459101842416358141509827966272189	22703	227034793316800473444784240061840625683991262657	9443
702	730750818665451459101842416358141509827966272190	57373	573734150198323168496600334695726222297569912262	44113
703	730750818665451459101842416358141509827966272191	11693	1169319181046990754255212570707807461307040635680	1567
704	730750818665451459101842416358141509827966272192	42699	42699315160277702460895990479831624289984737347	29439
705	730750818665451459101842416358141509827966272193	39239	392393644025935965106286024006646359216571114165	25979
706	730750818665451459101842416358141509827966272194	28246	282466772936070608308970114090290124027693539504	14986
707	730750818665451459101842416358141509827966272195	66238	66238721986370378928489884167416001080901340231	52978
708	730750818665451459101842416358141509827966272196	62204	62204602526988063454954506230474563366354765945	48944
709	730750818665451459101842416358141509827966272197	10718	1071840140260900971840540400330435378469313337335	2542
710	730750818665451459101842416358141509827966272198	11788	1178853705199661506259887390663639841159327766963	1472
711	730750818665451459101842416358141509827966272199	18893	188932900023584031110432088616075036025079471343	5633
712	730750818665451459101842416358141509827966272200	63519	635192682361767026369503765861414862747152997421	50259
713	730750818665451459101842416358141509827966272201	10120	1012093910395693405345452679453120340087087980191	3140
714	730750818665451459101842416358141509827966272202	10988	1098866987816298271345522213379365655231793362199	2272
715	730750818665451459101842416358141509827966272203	35063	350634662864219363081878423402984324455113788666	21803
716	730750818665451459101842416358141509827966272204	10926	1092649560283225076148494132812511141443749337600	2334
717	730750818665451459101842416358141509827966272205	40373	403738454761850292554834031105606719532807324682	27113
718	730750818665451459101842416358141509827966272206	12436	124364546391172859272620658178444425594002406721	824
719	730750818665451459101842416358141509827966272207	14401	1440139459951591421724016282984978629464802667594	1141
720	730750818665451459101842416358141509827966272208	45537	45537553468947186133333934303701919238509242278	32277
721	730750818665451459101842416358141509827966272209	89906	899060690941254786063719022968531756376634762811	76646
722	730750818665451459101842416358141509827966272210	39574	395743463412527934463039712341270298856621408074	26314
723	730750818665451459101842416358141509827966272211	58790	587909821100604713590072757115142597040876215554	45530
724	730750818665451459101842416358141509827966272212	14358	1435804408140153570274293604035590734892304941141	1098
725	730750818665451459101842416358141509827966272213	86686	866868262663757717480122421281365671460141169643	73426
726	730750818665451459101842416358141509827966272214	44786	447863675573302275123844019766348788308110194397	31526
727	730750818665451459101842416358141509827966272215	58214	582147065030427176380275243037170797643873972690	44954
728	730750818665451459101842416358141509827966272216	13419	1341991716908076329151354744056610387710207154504	159
729	730750818665451459101842416358141509827966272217	74298	742980823710653967515650681016467760851110536804	61038
730	730750818665451459101842416358141509827966272218	91274	912749864167875385296838844407860428715672172061	78014
731	730750818665451459101842416358141509827966272219	43625	436253501376674778387040348302418091907419625650	30365
732	730750818665451459101842416358141509827966272220	16595	165951656175163214204407414692574954179326852472	3335
733	730750818665451459101842416358141509827966272221	14559	14559536250303079053773837195175751277791274255	1299
734	730750818665451459101842416358141509827966272222	45391	453917641020262299179558297564132471942177218493	32131
735	730750818665451459101842416358141509827966272223	17476	174761344276581352752344086801578331736511352400	4216
736	730750818665451459101842416358141509827966272224	33248	332488566483366886929370340684573891734335266539	19988
737	730750818665451459101842416358141509827966272225	12496	1249681858636256954860698315351642562087335740832	764
738	730750818665451459101842416358141509827966272226	11609	1160955042188405179982268349152235065681939867064	1651
739	730750818665451459101842416358141509827966272227	14230	1423064106341535508647013516452233697532375189906	970
740	730750818665451459101842416358141509827966272228	10645	1064581412478671339242088954634111911864926389461	2615
741	730750818665451459101842416358141509827966272229	80089	800893025875497315884681968909915634485345006707	66829
742	730750818665451459101842416358141509827966272230	13481	1348153638857579966417061987987141694979077161872	221
743	730750818665451459101842416358141509827966272231	85997	859979701318850722411762155803820790523055586084	72737
744	730750818665451459101842416358141509827966272232	33065	330650440429392795956810814692382903964927822934	19805
745	730750818665451459101842416358141509827966272233	29778	297789157677549114876967483947675666296929792418	16518
746	730750818665451459101842416358141509827966272234	85191	851918307318835100934376268023115282767366372648	71931
747	730750818665451459101842416358141509827966272235	17650	176500331533105913822491139752365600829575556621	4390
748	730750818665451459101842416358141509827966272236	45691	456919445286402513082560791771516771563495859671	32431
749	730750818665451459101842416358141509827966272237	52089	520893706286150013997180415940582355572177348423	38829
750	730750818665451459101842416358141509827966272238	47823	478232905559677320301554571314329210853710610919	34563
751	730750818665451459101842416358141509827966272239	62241	622419816259402851311574048300526668351351192621	48981
752	730750818665451459101842416358141509827966272240	12808	1280827051928486793826561357391986377511899216947	452
753	730750818665451459101842416358141509827966272241	97239	972397885661415599327598087730520305928680278820	83979
754	730750818665451459101842416358141509827966272242	82730	827301579456765751868245549127422725083070928522	69470
755	730750818665451459101842416358141509827966272243	10712	1071247370404754796526137583921075862148308975846	2548
756	730750818665451459101842416358141509827966272244	68638	686388142493941489858444953084565446449593208731	55378
757	730750818665451459101842416358141509827966272245	10671	1067141692402328619271236043283112154863244987543	2589
758	730750818665451459101842416358141509827966272246	11043	1104385840852983743776561283297370609968534176827	2217
759	730750818665451459101842416358141509827966272247	69957	699571519741452725762762305259385612629201473974	56697
760	730750818665451459101842416358141509827966272248	71745	71745494947309887497965248066010123305676648652	58485
761	730750818665451459101842416358141509827966272249	12517	1251759524717116181053497361505922115137915538867	743
762	730750818665451459101842416358141509827966272250	13113	1311300522951798519245303438243556786630287279991	147
763	730750818665451459101842416358141509827966272251	11252	1125292001107130780338143433702937123499609797462	2008
764	730750818665451459101842416358141509827966272252	40389	403899826983212076923650467543735785814394516373	27129
765	730750818665451459101842416358141509827966272253	13833	1383384180552575472807053328682852187863269377956	573
766	730750818665451459101842416358141509827966272254	46060	460600396872995442515330540669239069088593538649	32800
767	730750818665451459101842416358141509827966272255	15568	155684225192467801995973040021502468058867126310	2308
768	730750818665451459101842416358141509827966272256	81635	816356490222548923903890778171154983388926112140	68375
769	730750818665451459101842416358141509827966272257	98872	988729332741277284734899997511261725072115938051	85612
770	730750818665451459101842416358141509827966272258	12996	1299669967717333011651749722564151837990983680574	264
771	730750818665451459101842416358141509827966272259	96551	965510182786673736496839942840515380460055666811	83291
772	730750818665451459101842416358141509827966272260	11608	1160880896369527054142403592106851017378081579925	1652
773	730750818665451459101842416358141509827966272261	13060	1306043087319465647743244501391946203082158786733	200
774	730750818665451459101842416358141509827966272262	31067	310677321917506768937210168733500857953284770112	17807
775	730750818665451459101842416358141509827966272263	42170	421702494429629980872187685700012449728030614087	28910
776	730750818665451459101842416358141509827966272264	92378	923788919094408859894545969980879491934818286154	79118
777	730750818665451459101842416358141509827966272265	91419	914190148537118676976970494889256156558163577056	78159
778	730750818665451459101842416358141509827966272266	75403	754039219577916169026651178645748421680176321082	62143
779	730750818665451459101842416358141509827966272267	52901	529014486691799141576712918396624875668117438640	39641
780	730750818665451459101842416358141509827966272268	12991	1299194981147803803530304895075158383539927327568	269
781	730750818665451459101842416358141509827966272269	12596	1259661971322498267960808080880227804422563256010	664
782	730750818665451459101842416358141509827966272270	61844	618448473063561127746627506621978672085489740266	48584
783	730750818665451459101842416358141509827966272271	95423	954239978981033675000268682822627354294596251186	82163
784	730750818665451459101842416358141509827966272272	58738	58738717871724900051198689476041506786467774655	45478
785	730750818665451459101842416358141509827966272273	69466	694667262997374012852288356841674234656486282903	56206
786	730750818665451459101842416358141509827966272274	27161	271617306079019536262875131923830828952422084587	13901
787	730750818665451459101842416358141509827966272275	10644	1064445785518553650615982772369995986151016234871	2616
788	730750818665451459101842416358141509827966272276	10050	1005066282247913568945081258777051254929100179061	3210
789	730750818665451459101842416358141509827966272277	11202	1120293796170675947667106078053344604124768578742	2058
790	730750818665451459101842416358141509827966272278	81353	813535539633810618243429286382464017764035691671	68093
791	730750818665451459101842416358141509827966272279	12921	1292141757165138175055786619779998722746120545154	339
792	730750818665451459101842416358141509827966272280	66500	665003955840201554916941251056437401985598263290	53240
793	730750818665451459101842416358141509827966272281	43350	433508283892948311260187693376429403439584404229	30090
794	730750818665451459101842416358141509827966272282	13586	1358631912488893818505485651219181401339436383333	326
795	730750818665451459101842416358141509827966272283	99539	995399725366391432654461460159694618669913466858	86279
796	730750818665451459101842416358141509827966272284	25670	256702256087529214358486705714241161287308917035	12410
797	730750818665451459101842416358141509827966272285	85182	851829940209880122311357336862905628310841418990	71922
798	730750818665451459101842416358141509827966272286	18346	183469011791155379912906961210975041258383060443	5086
799	730750818665451459101842416358141509827966272287	12411	1241166694756046702292707298918441013786027880758	849
800	730750818665451459101842416358141509827966272288	41727	417278835862052370031394279570715658414460593643	28467
801	730750818665451459101842416358141509827966272289	92006	920068732157742476932457033892841317830508222325	78746
802	730750818665451459101842416358141509827966272290	53679	536797314104320111805736938905197473107295602609	40419
803	730750818665451459101842416358141509827966272291	18401	184019889595327728701500954123266620490311883631	5141
804	730750818665451459101842416358141509827966272292	10189	1018968260094404725950710863816849939390136018275	3071
805	730750818665451459101842416358141509827966272293	94946	949469234951356408940130663810674428603150456026	81686
806	730750818665451459101842416358141509827966272294	20380	203804522657072951524706540620783183480101084090	7120
807	730750818665451459101842416358141509827966272295	62619	626190770529557932627885243468991166525380041550	49359
808	730750818665451459101842416358141509827966272296	43883	438832626449367960782035259226237597054051058661	30623
809	730750818665451459101842416358141509827966272297	70994	709940854600693120930347990617455472418824594172	57734
810	730750818665451459101842416358141509827966272298	17977	179778449447309173583629101720678423435168975106	4717
811	730750818665451459101842416358141509827966272299	14370	143709195297586325303122447799585501065591931313	1110
812	730750818665451459101842416358141509827966272300	12692	1269291636879411136630851136291213819693419271461	568
813	730750818665451459101842416358141509827966272301	27927	279271077874545511571004519875286910481630117859	14667
814	730750818665451459101842416358141509827966272302	12279	1227995276997358260865113327728787059747629014974	981
815	730750818665451459101842416358141509827966272303	49984	499845881768058400836748640726857469835706695637	36724
816	730750818665451459101842416358141509827966272304	50717	507174557829745130402214712004366487915371168136	37457
817	730750818665451459101842416358141509827966272305	79561	79561769792280440625111650311786577011786157017	66301
818	730750818665451459101842416358141509827966272306	62502	625024966645882583461788906306251742649245575393	49242
819	730750818665451459101842416358141509827966272307	58071	580717145394356887059732343535238365924708558493	44811
820	730750818665451459101842416358141509827966272308	38159	381590735005343737990467077068149514910955426732	24899
821	730750818665451459101842416358141509827966272309	12348	1234897753068399982965762227383940385012619902221	912
822	730750818665451459101842416358141509827966272310	87139	871392475966221201903680494351087938979358368766	73879
823	730750818665451459101842416358141509827966272311	14374	1437459737165508419962787957518623468439894916278	1114
824	730750818665451459101842416358141509827966272312	77932	779323122556393621791971073850723339403382094989	64672
825	730750818665451459101842416358141509827966272313	58552	585528938604876069833568446626640921714273523823	45292
826	730750818665451459101842416358141509827966272314	11060	1106084170300197254455707324928996551511675516862	2200
827	730750818665451459101842416358141509827966272315	10001	1000148675747313686096887691160964988022025959526	3259
828	730750818665451459101842416358141509827966272316	11392	1139253302121736520271819023851109993239427333311	1868
829	730750818665451459101842416358141509827966272317	12748	127482730561834212659277833681554475685760727012	512
830	730750818665451459101842416358141509827966272318	12338	1233848884561191003341076029995895193798148996363	922
831	730750818665451459101842416358141509827966272319	10855	1085512494747182648852309629000701869561491488777	2405
832	730750818665451459101842416358141509827966272320	22113	221135242976987053238337779879238175906650982298	8853
833	730750818665451459101842416358141509827966272321	35675	356759807032499000876053547977166117662784742210	22415
834	730750818665451459101842416358141509827966272322	76772	767720612071775458236365305138530842290970522189	63512
835	730750818665451459101842416358141509827966272323	85502	85502826467734942621295770156980364825599400685	72242
836	730750818665451459101842416358141509827966272324	36251	362516447857534853304816005644367846995131883399	22991
837	730750818665451459101842416358141509827966272325	44871	448712854160309449484036457968638809856388483601	31611
838	730750818665451459101842416358141509827966272326	12899	1289961480227135820154643387480107886022851218173	361
839	730750818665451459101842416358141509827966272327	96531	965313120287488798855707538410686996017487399837	83271
840	730750818665451459101842416358141509827966272328	10664	1066483269194982555366026599294341929780745610804	2596
841	730750818665451459101842416358141509827966272329	76541	765419388446231475103434764967901097099645755482	63281
842	730750818665451459101842416358141509827966272330	10099	1009991197299732542754646596813745856937792067006	3161
843	730750818665451459101842416358141509827966272331	66924	669244002180643902912617024658610722123746898018	53664
844	730750818665451459101842416358141509827966272332	11695	116956121602164276206918510730677987844325918948	1565
845	730750818665451459101842416358141509827966272333	10410	1041093552439199964982963991082917087902290480626	2850
846	730750818665451459101842416358141509827966272334	10435	1043517431373903814963013809500758730520182116009	2825
847	730750818665451459101842416358141509827966272335	10455	1045572999722273611040819218880544289527136874575	2805
848	730750818665451459101842416358141509827966272336	11616	1161669928797667301267959903274840238157504692526	1644
849	730750818665451459101842416358141509827966272337	16914	169144487774813689161113238763639170619554185765	3654
850	730750818665451459101842416358141509827966272338	94244	942443274315650658145714670318180679471858810220	80984
851	730750818665451459101842416358141509827966272339	14239	1423943767304716763394396338136015029971965583868	979
852	730750818665451459101842416358141509827966272340	31010	310107331887693586201060535933027393973022990980	17750
853	730750818665451459101842416358141509827966272341	81590	815909608589069087800789564588498929264859198088	68330
854	730750818665451459101842416358141509827966272342	13503	1350311163572476882341485889261445065285297592466	243
855	730750818665451459101842416358141509827966272343	81449	814497510277388456828004877271384283372664629312	68189
856	730750818665451459101842416358141509827966272344	44993	449939794737849314978916643297706600632896743255	31733
857	730750818665451459101842416358141509827966272345	14245	1424584961069756378892776159705863906686724621958	985
858	730750818665451459101842416358141509827966272346	63297	632970263448759397795909931412835303446552545227	50037
859	730750818665451459101842416358141509827966272347	14030	1403007581145061477519398013252860356240210605281	770
860	730750818665451459101842416358141509827966272348	11982	1198289811872427747298184912265398887819845487344	1278
861	730750818665451459101842416358141509827966272349	41627	416273527288594522749222383638603131409545895433	28367
862	730750818665451459101842416358141509827966272350	15055	150554067718850676120065604037194513639740979826	1795
863	730750818665451459101842416358141509827966272351	51323	513232776236631789932085618530892594514613803750	38063
864	730750818665451459101842416358141509827966272352	13225	1322578085328598427341501852339942717237934969737	35
865	730750818665451459101842416358141509827966272353	94993	949936496670488172385957685910988652836118198712	81733
866	730750818665451459101842416358141509827966272354	12150	1215072879471577049426613493821247972665593993698	1110
867	730750818665451459101842416358141509827966272355	86120	861203236237236586166811734294914340314120019013	72860
868	730750818665451459101842416358141509827966272356	57997	579971232214557425245659608089967416145249033930	44737
869	730750818665451459101842416358141509827966272357	28540	28540021829658797796413497263660521975775797853	15280
870	730750818665451459101842416358141509827966272358	68136	681369307768935991862658608212364786706008756751	54876
871	730750818665451459101842416358141509827966272359	10658	106588995533302513273313111705115035082084290877	2602
872	730750818665451459101842416358141509827966272360	10956	1095689341857367335155623244693665760467125530692	2304
873	730750818665451459101842416358141509827966272361	35771	357717250251575913276944961645911178967360056635	22511
874	730750818665451459101842416358141509827966272362	59817	598172696173783338431760394263828383736681589076	46557
875	730750818665451459101842416358141509827966272363	40911	409113495822085139464982779700773060376741706242	27651
876	730750818665451459101842416358141509827966272364	13233	1323368671042324429560783965642348134177207778917	27
877	730750818665451459101842416358141509827966272365	73364	733649992514949546476894846913172756430068366475	60104
878	730750818665451459101842416358141509827966272366	41877	418779435845470748591883573479692823550502322182	28617
879	730750818665451459101842416358141509827966272367	34559	345598068338527707186565707880417764971534847447	21299
880	730750818665451459101842416358141509827966272368	64462	644628000671625366667905356246634992294594674240	51202
881	730750818665451459101842416358141509827966272369	49479	494791354256908687231254076304541953479432407971	36219
882	730750818665451459101842416358141509827966272370	27476	274763081665545166438291441177603160306651474452	14216
883	730750818665451459101842416358141509827966272371	12300	1230065083262415272020618586409320106440554547432	960
884	730750818665451459101842416358141509827966272372	19597	195972533368555947067245429629425036228938944788	6337
885	730750818665451459101842416358141509827966272373	11699	1169949123185810129920505175390239613642622474320	1561
886	730750818665451459101842416358141509827966272374	11845	1184586913189773349059060683044181951019724031399	1415
887	730750818665451459101842416358141509827966272375	49275	492751288843308175985776416831405161166318015297	36015
888	730750818665451459101842416358141509827966272376	32590	32590319184946726171798831630461496604272087030	19330
889	730750818665451459101842416358141509827966272377	21288	212884347635109342029070936804531665215049756792	8028
890	730750818665451459101842416358141509827966272378	81690	816909892935867007366267383782934923341158370335	68430
891	730750818665451459101842416358141509827966272379	11433	1143318518606280547068113688924747365340029535451	1827
892	730750818665451459101842416358141509827966272380	52570	525700826659161189651680925542501791469916408275	39310
893	730750818665451459101842416358141509827966272381	94894	948946863651306750122930069431822211956458098246	81634
894	730750818665451459101842416358141509827966272382	13742	1374234997383481856275167771389438637973526675055	482
895	730750818665451459101842416358141509827966272383	12833	128337680447805436669205482609331268786509069580	427
896	730750818665451459101842416358141509827966272384	23895	238955408724512566068177538769303164965064825984	10635
897	730750818665451459101842416358141509827966272385	13511	1351180334041495278593228292447691718569048177593	251
898	730750818665451459101842416358141509827966272386	12766	1276633277456376257811762161494006395086724058325	494
899	730750818665451459101842416358141509827966272387	97197	971978826466887452117397349154829557594535047271	83937
900	730750818665451459101842416358141509827966272388	78238	782386017548910669030263029566427820500491813602	64978
901	730750818665451459101842416358141509827966272389	11668	1166855507822181461867564665814836258816969581196	1592
902	730750818665451459101842416358141509827966272390	55706	557060934846289837040560096188036654555373101709	42446
903	730750818665451459101842416358141509827966272391	11092	1109270605689719970180827867274540660778438620825	2168
904	730750818665451459101842416358141509827966272392	67237	672372971128145025025426799275108361579844049774	53977
905	730750818665451459101842416358141509827966272393	46082	460823877268289808536037454448113561269498757725	32822
906	730750818665451459101842416358141509827966272394	24304	24304549804872161263661499200212678995954640575	11044
907	730750818665451459101842416358141509827966272395	79627	796274002885359631343882033524911809457094377239	66367
908	730750818665451459101842416358141509827966272396	37086	370867270293074500369850190128953511819219932864	23826
909	730750818665451459101842416358141509827966272397	11628	1162838096830930582579334063757453657266905272046	1632
910	730750818665451459101842416358141509827966272398	70017	70017302841802510559397900035813380969521695678	56757
911	730750818665451459101842416358141509827966272399	97005	97005942062638918880060499559930615909512319073	83745
912	730750818665451459101842416358141509827966272400	62411	624111589513850522041104426007056652003336435068	49151
913	730750818665451459101842416358141509827966272401	99249	992499506291810691937089702128910982695842311513	85989
914	730750818665451459101842416358141509827966272402	80812	80812577852247701749005436235131167137453218275	67552
915	730750818665451459101842416358141509827966272403	67197	671971436003594743198124109912285643705705134366	53937
916	730750818665451459101842416358141509827966272404	98650	986503844171714971295064071918370398759605063834	85390
917	730750818665451459101842416358141509827966272405	42176	421765132349355790923352651948124203544330572714	28916
918	730750818665451459101842416358141509827966272406	12275	1227519686718034503950009507366328370009825126025	985
919	730750818665451459101842416358141509827966272407	84409	84409929330917372338415258294231333880299305144	71149
920	730750818665451459101842416358141509827966272408	13244	1324484140692507898102358097633524740079402938472	16
921	730750818665451459101842416358141509827966272409	11329	1132988953246661805788822481257800413439349866740	1931
922	730750818665451459101842416358141509827966272410	10101	1010172129021659655098441857065652597786987337273	3159
923	730750818665451459101842416358141509827966272411	42410	424100406037350629594509771677722890083423876992	29150
924	730750818665451459101842416358141509827966272412	13948	1394817600686365555509955545760527966099972153762	688
925	730750818665451459101842416358141509827966272413	71519	715193723316084341612534413512160848346056400013	58259
926	730750818665451459101842416358141509827966272414	33303	333038759654378548992385783803882309820463820725	20043
927	730750818665451459101842416358141509827966272415	32374	323749204554007911707947719739320933466574831163	19114
928	730750818665451459101842416358141509827966272416	71325	713250795726231490856042128819142313672525096343	58065
929	730750818665451459101842416358141509827966272417	88356	883563806572740433900641248083185141125217471751	75096
930	730750818665451459101842416358141509827966272418	12879	1287973680128130675366118408803015919648784327781	381
931	730750818665451459101842416358141509827966272419	11089	1108946278619914038132259188955437900756238077586	2171
932	730750818665451459101842416358141509827966272420	79984	799840800418041639358955370699443610090761447821	66724
933	730750818665451459101842416358141509827966272421	22783	227832939847943325205048001956212387217675864500	9523
934	730750818665451459101842416358141509827966272422	95048	950483739763879361820546300184191777698239413070	81788
935	730750818665451459101842416358141509827966272423	37920	379204903674754052614566325328674798065144988666	24660
936	730750818665451459101842416358141509827966272424	67315	673151953713320157452073236636014680613433594524	54055
937	730750818665451459101842416358141509827966272425	19151	191514334902796690279774741052863596210888055439	5891
938	730750818665451459101842416358141509827966272426	98554	985549312173851295499258343253179794757653485757	85294
939	730750818665451459101842416358141509827966272427	12467	1246723757232175041068687972786096184976285009931	793
940	730750818665451459101842416358141509827966272428	98339	98339329767258383529264683047886771573080594945	85079
941	730750818665451459101842416358141509827966272429	11279	1127907518378092429349283951440330471951301140495	1981
942	730750818665451459101842416358141509827966272430	11215	1121593589419129562956390786318474249206619631209	2045
943	730750818665451459101842416358141509827966272431	13414	1341461717890203764927417859357818278134117529063	154
944	730750818665451459101842416358141509827966272432	10645	1064533258990920950259426974699740884747216085502	2615
945	730750818665451459101842416358141509827966272433	14572	145724927728003565071656837469509039026793448884	1312
946	730750818665451459101842416358141509827966272434	16498	164987968367784963578300459620247813050216199111	3238
947	730750818665451459101842416358141509827966272435	12148	1214876172143575103884080869488027600111145366528	1112
948	730750818665451459101842416358141509827966272436	10455	1045596329993233491050719892623569575424874930251	2805
949	730750818665451459101842416358141509827966272437	10011	1001186155491551957534803893149223464146109828389	3249
950	730750818665451459101842416358141509827966272438	10298	1029879863399376174219173287931466061369042420289	2962
951	730750818665451459101842416358141509827966272439	10010	1001068483061356751472055930728997998764753571042	3250
952	730750818665451459101842416358141509827966272440	11264	1126493267499856691810655358842468948362194089617	1996
953	730750818665451459101842416358141509827966272441	12583	1258387667017534619179954873105125912793017614548	677
954	730750818665451459101842416358141509827966272442	22479	224794409416452276940281860359816216531719534698	9219
955	730750818665451459101842416358141509827966272443	71908	71908235458779428422788370713299742345542572475	58648
956	730750818665451459101842416358141509827966272444	44838	44838755626845878367921077961177874011633930317	31578
957	730750818665451459101842416358141509827966272445	98806	988062370706460266656482809558564324687859794027	85546
958	730750818665451459101842416358141509827966272446	92384	923843459822890741083428794602344945693459724668	79124
959	730750818665451459101842416358141509827966272447	72998	729987182660846724934082017324361514917542862557	59738
960	730750818665451459101842416358141509827966272448	90227	902279121254892896687092582607086479464439935234	76967
961	730750818665451459101842416358141509827966272449	50029	500298492219899400777396714698702624598173433546	36769
962	730750818665451459101842416358141509827966272450	62275	622756013313119182245204333715854020800795259923	49015
963	730750818665451459101842416358141509827966272451	53384	533840893154926467988757160196965698699477402413	40124
964	730750818665451459101842416358141509827966272452	19939	199395734351217234848937210464442402360411678173	6679
965	730750818665451459101842416358141509827966272453	11267	112679017336156734280046217000909074158290521353	1993
966	730750818665451459101842416358141509827966272454	49348	493480101564201447717673643544680826381435097912	36088
967	730750818665451459101842416358141509827966272455	10958	1095808240752145207409515928074526784496148318527	2302
968	730750818665451459101842416358141509827966272456	11099	1109904350453286658006106930664221133460925155624	2161
969	730750818665451459101842416358141509827966272457	55970	559703452301125517363755241413825675059537346190	42710
970	730750818665451459101842416358141509827966272458	11411	1141168123396488577088217573097790843784572068255	1849
971	730750818665451459101842416358141509827966272459	12793	1279369743182799190786233764583310162353338222885	467
972	730750818665451459101842416358141509827966272460	31537	31537852920511551105807154338236549382756319849	18277
973	730750818665451459101842416358141509827966272461	94570	945707718930736779967659517369766695488265691758	81310
974	730750818665451459101842416358141509827966272462	14023	140230916256943622273284236995135432258268588035	763
975	730750818665451459101842416358141509827966272463	14135	141356033523826034387418239536010754959331815368	875
976	730750818665451459101842416358141509827966272464	36791	36791417688750524510945446281695515050440266022	23531
977	730750818665451459101842416358141509827966272465	48893	488936174306543863169610014897580016528127193318	35633
978	730750818665451459101842416358141509827966272466	10126	1012621940606757867529909128809162308170973030364	3134
979	730750818665451459101842416358141509827966272467	58428	584282455114184622683681551398731344799040817935	45168
980	730750818665451459101842416358141509827966272468	14512	1451224958968840960134042899139516018424514316503	1252
981	730750818665451459101842416358141509827966272469	58242	582429813562652808527654856335432563286320151006	44982
982	730750818665451459101842416358141509827966272470	13966	1396651540158727505456314766583184073407555453228	706
983	730750818665451459101842416358141509827966272471	95578	955781619419145556420962897262784413174447551765	82318
984	730750818665451459101842416358141509827966272472	62344	623441139022868930588145123394340068541340296400	49084
985	730750818665451459101842416358141509827966272473	12376	1237615741949488040420651464002174990144848917461	884
986	730750818665451459101842416358141509827966272474	78578	785788505253397563821292001008897463188688783962	65318
987	730750818665451459101842416358141509827966272475	91451	914511879827076059620149365976793449212791118592	78191
988	730750818665451459101842416358141509827966272476	95124	951247237216226986530847000899185731784644246806	81864
989	730750818665451459101842416358141509827966272477	66608	666085846356494978319673372671975659496344204320	53348
990	730750818665451459101842416358141509827966272478	32470	324700751687793890405397890764291957311713236840	19210
991	730750818665451459101842416358141509827966272479	19019	190197571074652781168292724491900848103008377052	5759
992	730750818665451459101842416358141509827966272480	11061	1106137880330431236021537035704968828009321798930	2199
993	730750818665451459101842416358141509827966272481	13895	1389598713529330165177335609906184022756436899246	635
994	730750818665451459101842416358141509827966272482	10076	1007654115962611358282379298167570879838642994533	3184
995	730750818665451459101842416358141509827966272483	44654	446541752239531706685767796759478807486872403216	31394
996	730750818665451459101842416358141509827966272484	61749	617496010237554965568764031246140855656259729334	48489
997	730750818665451459101842416358141509827966272485	29574	295745374284945327430248470431959616118823195672	16314
998	730750818665451459101842416358141509827966272486	17075	170753198149136910628717519853421244533890479973	3815
999	730750818665451459101842416358141509827966272487	77073	770738866453602600387705239648367786784350688757	63813
1000	730750818665451459101842416358141509827966272488	10406	1040662282867684780360598088525756369889862642371	2854
1001	730750818665451459101842416358141509827966272489	36431	364314805982879988872356804780306911622133080623	23171
1002	730750818665451459101842416358141509827966272490	46676	46676868871229061065086016811472317679552814427	33416
1003	730750818665451459101842416358141509827966272491	14266	1426610816297331591382596186283142858231111042398	1006
1004	730750818665451459101842416358141509827966272492	82155	821550979143620033995390899440201783681338830350	68895
1005	730750818665451459101842416358141509827966272493	55848	558483012611651352656831751192661791636140826325	42588
1006	730750818665451459101842416358141509827966272494	48562	485629718721178805628827711383531656237931616299	35302
1007	730750818665451459101842416358141509827966272495	72808	728085044792233970411638180721668940371730268842	59548
1008	730750818665451459101842416358141509827966272496	13951	1395116760219679383396231896977248528585953043970	691
1009	730750818665451459101842416358141509827966272497	28953	289535745581250987225046942343217988348442030090	15693
1010	730750818665451459101842416358141509827966272498	36896	368967938303799947783778160684430230679900549543	23636
1011	730750818665451459101842416358141509827966272499	10599	1059958807666254330971422317260602204871959944188	2661
1012	730750818665451459101842416358141509827966272500	56517	565175905549351924048141093228462344433349101052	43257
1013	730750818665451459101842416358141509827966272501	12681	1268123857677355268001676320687219568901733512494	579
1014	730750818665451459101842416358141509827966272502	43270	432700921443281842811707350443200575469983481537	30010
1015	730750818665451459101842416358141509827966272503	11017	1101714001863171586293158485219283546127891902873	2243
1016	730750818665451459101842416358141509827966272504	41208	412084807003277554253944634898421007068532929276	27948
1017	730750818665451459101842416358141509827966272505	98910	989103115499441556077516527073744371688665066020	85650
1018	730750818665451459101842416358141509827966272506	13117	1311794654017664495473331965571386077721677846755	143
1019	730750818665451459101842416358141509827966272507	10037	10037763468525190900014713973520252843468415137	3223
1020	730750818665451459101842416358141509827966272508	14084	1408464869424071676641444774614011699620279127582	824
1021	730750818665451459101842416358141509827966272509	83500	83500072913171375594096587626975234965991205500	70240
1022	730750818665451459101842416358141509827966272510	48812	488125957071851725322159367381791221724426218496	35552
1023	730750818665451459101842416358141509827966272511	77439	774390550259658787016043519208358581430817743867	64179
1024	730750818665451459101842416358141509827966272512	13716	1371650990688809941596736418119358802961909242890	456
1025	730750818665451459101842416358141509827966272513	10961	1096177178094652678319983252867088223806453290920	2299
1026	730750818665451459101842416358141509827966272514	11161	1116114892254492388167217705956471974392950156124	2099
1027	730750818665451459101842416358141509827966272515	65608	656081240570299991927847884595690854818649472233	52348
1028	730750818665451459101842416358141509827966272516	55827	558274540681223399969943552983420701582102230924	42567
1029	730750818665451459101842416358141509827966272517	12063	1206323205032625843355579677323811045495759518854	1197
1030	730750818665451459101842416358141509827966272518	13630	1363086949605103790488014894973721196101438271864	370
1031	730750818665451459101842416358141509827966272519	51328	513285448687934287640224722604257896210737854219	38068
1032	730750818665451459101842416358141509827966272520	26285	262854304101817848958240856284797449388282970830	13025
1033	730750818665451459101842416358141509827966272521	11285	112858521050085517863491323876247680195324051775	1975
1034	730750818665451459101842416358141509827966272522	37946	379464697260325197952772141687074722174220533672	24686
1035	730750818665451459101842416358141509827966272523	96049	960498325418436333921184807892996444333808276074	82789
1036	730750818665451459101842416358141509827966272524	26831	268319145330851068342373138639758483607349004021	13571
1037	730750818665451459101842416358141509827966272525	12904	1290491373322108967503479588035880521091168747135	356
1038	730750818665451459101842416358141509827966272526	12667	1266777379849633848144869256996138692192447001291	593
1039	730750818665451459101842416358141509827966272527	18047	180477748262051009025507791393781761536624358696	4787
1040	730750818665451459101842416358141509827966272528	71169	711695939433761425580780671160557064058062300646	57909
1041	730750818665451459101842416358141509827966272529	95051	950519567073226158581087994786368996784614675648	81791
1042	730750818665451459101842416358141509827966272530	36544	36544234274794700505466628037500510906029771279	23284
1043	730750818665451459101842416358141509827966272531	30109	301096644329151760745420341730864125048231209352	16849
1044	730750818665451459101842416358141509827966272532	82039	820391154104341387275349156187890194747158010223	68779
1045	730750818665451459101842416358141509827966272533	72030	720300089951994716657121121703919544438414697620	58770
1046	730750818665451459101842416358141509827966272534	13074	1307416590061115975212513467705070235872303624252	186
1047	730750818665451459101842416358141509827966272535	46276	462764094077822679133835774411020428115948221255	33016
1048	730750818665451459101842416358141509827966272536	97419	974192710005129543494440740593334422843944498648	84159
1049	730750818665451459101842416358141509827966272537	23156	23156305966970880904343154682878315304113075716	9896
1050	730750818665451459101842416358141509827966272538	10462	1046269109640937426403074776108667860574571088842	2798
1051	730750818665451459101842416358141509827966272539	12206	1220696096940995885526366093953616912125399317520	1054
1052	730750818665451459101842416358141509827966272540	12329	1232930871715904445226256230827865403701119263806	931
1053	730750818665451459101842416358141509827966272541	25703	257033786521845106733743438973946108027360378282	12443
1054	730750818665451459101842416358141509827966272542	47382	473828414440287584076358473621330198893820868287	34122
1055	730750818665451459101842416358141509827966272543	57347	573473213361376113793520158791949787119649631612	44087
1056	730750818665451459101842416358141509827966272544	12971	1297180995831641138740227274630630825692701629957	289
1057	730750818665451459101842416358141509827966272545	13782	137826967430508372869150764421991966776838661084	522
1058	730750818665451459101842416358141509827966272546	51446	514469670386853813306126731983507150967810438042	38186
1059	730750818665451459101842416358141509827966272547	87039	870399680878785268206006927928282818405595808601	73779
1060	730750818665451459101842416358141509827966272548	43125	431253216968757305960118056126416286326211438469	29865
1061	730750818665451459101842416358141509827966272549	16871	168713435890074026388661349419786769364495757736	3611
1062	730750818665451459101842416358141509827966272550	11296	1129624514708400481626894194539764806063438668276	1964
1063	730750818665451459101842416358141509827966272551	83478	834789833799929187274551779529044657195209750630	70218
1064	730750818665451459101842416358141509827966272552	32376	323760683247839468624615330002846605711521666812	19116
1065	730750818665451459101842416358141509827966272553	10492	1049217767990213494234657728828521381084993984410	2768
1066	730750818665451459101842416358141509827966272554	11480	1148089228085470682071414584510281787955652875627	1780
1067	730750818665451459101842416358141509827966272555	95235	952351844017528620825155014604911916940960153729	81975
1068	730750818665451459101842416358141509827966272556	12318	1231867086828516681703253527663560419153126443932	942
1069	730750818665451459101842416358141509827966272557	15186	151861714877398208838767991456447309745568380178	1926
1070	730750818665451459101842416358141509827966272558	12906	129068635700663603365251219647754862865584838148	354
1071	730750818665451459101842416358141509827966272559	36913	369134905162748843703784576995206931916079370955	23653
1072	730750818665451459101842416358141509827966272560	81906	819068343900438172439777546521178940191335056982	68646
1073	730750818665451459101842416358141509827966272561	13566	1356633824142990545128567505807065719449742903602	306
1074	730750818665451459101842416358141509827966272562	14354	143548294426174620520797386883420446998984673276	1094
1075	730750818665451459101842416358141509827966272563	70914	709147090989822105342292749907878491625230269185	57654
1076	730750818665451459101842416358141509827966272564	22315	223154694325905718013260324679116371356167696688	9055
1077	730750818665451459101842416358141509827966272565	28970	289705952081810911317308449740281037834932590690	15710
1078	730750818665451459101842416358141509827966272566	93442	934422355603962539470741386966423144192903132240	80182
1079	730750818665451459101842416358141509827966272567	19670	196709172896540601071071236012197242403413146287	6410
1080	730750818665451459101842416358141509827966272568	13924	1392482682090243882007044431847904808488008089460	664
1081	730750818665451459101842416358141509827966272569	16308	163086188816265397945994421805096854456506156879	3048
1082	730750818665451459101842416358141509827966272570	10525	1052526698587648050214215379638857119063594923848	2735
1083	730750818665451459101842416358141509827966272571	15494	154949472440028648982787692754296854050836446934	2234
1084	730750818665451459101842416358141509827966272572	63474	634742537936170619717011139967358853815151373603	50214
1085	730750818665451459101842416358141509827966272573	15807	158078595619196303500514124033562685035270627317	2547
1086	730750818665451459101842416358141509827966272574	11490	1149091839837446799739195946669333362267950888886	1770
1087	730750818665451459101842416358141509827966272575	12325	1232509434581195207484565903128135715494655843602	935
1088	730750818665451459101842416358141509827966272576	89686	896864716455934791014877163708703741799402360500	76426
1089	730750818665451459101842416358141509827966272577	98302	983021571392988920215260263190506399818509826898	85042
1090	730750818665451459101842416358141509827966272578	95453	954535814852363464437553228384070578103582081119	82193
1091	730750818665451459101842416358141509827966272579	50161	501615876721861173350570109580418786586198368289	36901
1092	730750818665451459101842416358141509827966272580	20586	205867483523035196766880260306426848819123449484	7326
1093	730750818665451459101842416358141509827966272581	87967	87967224687415840169403300950051193007661607992	74707
1094	730750818665451459101842416358141509827966272582	82231	822314342012574042544089786683958069918063545227	68971
1095	730750818665451459101842416358141509827966272583	70577	705776707544417549586858345925654510199681114047	57317
1096	730750818665451459101842416358141509827966272584	20543	20543524655399534005361529977188512293236750748	7283
1097	730750818665451459101842416358141509827966272585	97920	979207765550935947235119146252480984075784452212	84660
1098	730750818665451459101842416358141509827966272586	10692	1069259128370573494864637372401526876577413325589	2568
1099	730750818665451459101842416358141509827966272587	60408	604080464309332370019477695965011268269725666403	47148
1100	730750818665451459101842416358141509827966272588	96876	968762736573368370315569052522470320049674652555	83616
1101	730750818665451459101842416358141509827966272589	31210	31210746488207350558314211576144569551829060799	17950
1102	730750818665451459101842416358141509827966272590	74717	747175545469045999699034613162527675473515435591	61457
1103	730750818665451459101842416358141509827966272591	10180	1018009454463804150592986510890555790093034458890	3080
1104	730750818665451459101842416358141509827966272592	72657	726578991637957193623759360510966865646878112623	59397
1105	730750818665451459101842416358141509827966272593	35508	355087903387839678171781437145285214700214956305	22248
1106	730750818665451459101842416358141509827966272594	89170	891701463705128713085696838873992026899449152033	75910
1107	730750818665451459101842416358141509827966272595	13520	1352067697788927904969605949004064937173789034757	260
1108	730750818665451459101842416358141509827966272596	12864	1286430202028811827857778634434739625759008109100	396
1109	730750818665451459101842416358141509827966272597	12061	1206114722704608664740676623875844386296166292915	1199
1110	730750818665451459101842416358141509827966272598	87721	877214826880850669330202776911293877069001297044	74461
1111	730750818665451459101842416358141509827966272599	13737	1373748358710530039318027523457734896675291723936	477
1112	730750818665451459101842416358141509827966272600	86664	866640963720215454565542513905295521372772840191	73404
1113	730750818665451459101842416358141509827966272601	10911	1091103579280516790742280438169763219167815293745	2349
1114	730750818665451459101842416358141509827966272602	93844	938443151781216014389705596015427900257303465315	80584
1115	730750818665451459101842416358141509827966272603	44167	441677222775212242582420651207807425289065059063	30907
1116	730750818665451459101842416358141509827966272604	64916	649163441245856857899639656819102515553250848668	51656
1117	730750818665451459101842416358141509827966272605	34639	346395508001987766197908617911910746564985661540	21379
1118	730750818665451459101842416358141509827966272606	20857	208575993327191002178585888730381695712832002622	7597
1119	730750818665451459101842416358141509827966272607	22589	225894021855162769621418042659239640294818041119	9329
1120	730750818665451459101842416358141509827966272608	68926	689265657498020609645001349345053629658984457765	55666
1121	730750818665451459101842416358141509827966272609	57370	573707384736175273999700725296826242472823110820	44110
1122	730750818665451459101842416358141509827966272610	11471	1147139035285272162136766644773810639816855732088	1789
1123	730750818665451459101842416358141509827966272611	76264	762645926202359182421161236756894812860722542385	63004
1124	730750818665451459101842416358141509827966272612	56422	56422907440897910161765351194078009870816600710	43162
1125	730750818665451459101842416358141509827966272613	36105	361054713814054415431120200173363227159102920142	22845
1126	730750818665451459101842416358141509827966272614	64753	647532820833349716493594413665023320775364302117	51493
1127	730750818665451459101842416358141509827966272615	59557	595578323734131780748371203544088743163343591012	46297
1128	730750818665451459101842416358141509827966272616	80448	804484264636787864608460006343461938665727243541	67188
1129	730750818665451459101842416358141509827966272617	11131	1113102304664152861774594298876468890478682320644	2129
1130	730750818665451459101842416358141509827966272618	72204	722049351563995873813464849765633250123124026206	58944
1131	730750818665451459101842416358141509827966272619	13110	1311029796774692921310001258711048861610532491431	150
1132	730750818665451459101842416358141509827966272620	11868	1186840666447277946528997283351133635955003896722	1392
1133	730750818665451459101842416358141509827966272621	77424	774247984919593474515838367392522489014792219398	64164
1134	730750818665451459101842416358141509827966272622	10410	104108515339122471946175231069315911958163844830	2850
1135	730750818665451459101842416358141509827966272623	48047	480478498522028591371778912710810593195085163260	34787
1136	730750818665451459101842416358141509827966272624	11090	1109031784094200740707502385487107007305529306733	2170
1137	730750818665451459101842416358141509827966272625	12680	1268088420790947710848249079527035642192774333264	580
1138	730750818665451459101842416358141509827966272626	26214	26214135662293819836470754537884941607309405004	12954
1139	730750818665451459101842416358141509827966272627	62859	628590963621401839133437190160207439705962911392	49599
1140	730750818665451459101842416358141509827966272628	12015	1201546891327040225607575504796757870771077601108	1245
1141	730750818665451459101842416358141509827966272629	82155	821559955758083169704912063162165180339969581406	68895
1142	730750818665451459101842416358141509827966272630	11917	1191735306010855782786222544134148879029426525530	1343
1143	730750818665451459101842416358141509827966272631	34237	342376492893697526880863030161786871799533810640	20977
1144	730750818665451459101842416358141509827966272632	30722	307220270858028608087825086246036005948264471780	17462
1145	730750818665451459101842416358141509827966272633	62256	622565706222290455954641802115698380569214020841	48996
1146	730750818665451459101842416358141509827966272634	40897	408979018774879528096652889604720608826563112610	27637
1147	730750818665451459101842416358141509827966272635	14304	1430483652263000345208813029593824641992960920155	1044
1148	730750818665451459101842416358141509827966272636	11246	1124695359993068441630401997455751401553123690176	2014
1149	730750818665451459101842416358141509827966272637	43840	438405269724774216953338215886524793655658096654	30580
1150	730750818665451459101842416358141509827966272638	45347	453478719893067593289099648015788635172529425521	32087
1151	730750818665451459101842416358141509827966272639	66386	663868995881706504596568499583675367102255312992	53126
1152	730750818665451459101842416358141509827966272640	14614	1461463843811894167854287433937819570974581758351	1354
1153	730750818665451459101842416358141509827966272641	71271	712717304297403481451875588260542932604190247351	58011
1154	730750818665451459101842416358141509827966272642	29213	292134958419487806600480486766016534936161523458	15953
1155	730750818665451459101842416358141509827966272643	60628	606284160896773376399175029930380742742138205637	47368
1156	730750818665451459101842416358141509827966272644	71512	715128869407575657756282665011887622311112233694	58252
1157	730750818665451459101842416358141509827966272645	91853	918532273151656695210381145883543670968149253583	78593
1158	730750818665451459101842416358141509827966272646	90037	900376580702372094856726514725666164754638070184	76777
1159	730750818665451459101842416358141509827966272647	13917	1391727530415987062923725486021831429844091434065	657
1160	730750818665451459101842416358141509827966272648	71373	713732633603614272017721268158611667508141497462	58113
1161	730750818665451459101842416358141509827966272649	10367	1036720505195415703515724384921342577289797637950	2893
1162	730750818665451459101842416358141509827966272650	99901	999013094983414140543013747037108601784659805606	86641
1163	730750818665451459101842416358141509827966272651	63964	639640270734638899124447077454992800738610544860	50704
1164	730750818665451459101842416358141509827966272652	32297	322978539434760432947384214509158233675514741674	19037
1165	730750818665451459101842416358141509827966272653	80677	806774122698025252686681941320659439621981700824	67417
1166	730750818665451459101842416358141509827966272654	11744	1174416170324909086555716908541303906067913393491	1516
1167	730750818665451459101842416358141509827966272655	50066	500664569252649754987053855078412167252454264945	36806
1168	730750818665451459101842416358141509827966272656	10136	1013629426772130051977420549065737748334471844432	3124
1169	730750818665451459101842416358141509827966272657	54028	540284495085421589070649159017384011260218022021	40768
1170	730750818665451459101842416358141509827966272658	13187	1318711226531963883828047076979736593308635072515	73
1171	730750818665451459101842416358141509827966272659	96748	967481382914393185635329748159944517999108858793	83488
1172	730750818665451459101842416358141509827966272660	61461	614612926171455658521362211441889080136061623389	48201
1173	730750818665451459101842416358141509827966272661	13348	1334820581520571939579812155237329764162531438066	88
1174	730750818665451459101842416358141509827966272662	29177	291773870461888722195547779992631906553391606212	15917
1175	730750818665451459101842416358141509827966272663	30943	309439570591486130221380292814228439506110598797	17683
1176	730750818665451459101842416358141509827966272664	13912	1391295107187499974610103509057793617621097744784	652
1177	730750818665451459101842416358141509827966272665	13847	1384719578063427278664873409934611532976372160047	587
1178	730750818665451459101842416358141509827966272666	38780	387801560552133724494849900905448808243032080150	25520
1179	730750818665451459101842416358141509827966272667	83996	839968743837114147337886555802731565825104215499	70736
1180	730750818665451459101842416358141509827966272668	63282	632821412372338311807287643325100388897747981629	50022
1181	730750818665451459101842416358141509827966272669	25047	250476428073620539584782873578134667637342005178	11787
1182	730750818665451459101842416358141509827966272670	87023	870237329644319505116956385203722390591670210765	73763
1183	730750818665451459101842416358141509827966272671	62426	624261019075284573726305231757228579856476192271	49166
1184	730750818665451459101842416358141509827966272672	27759	277591545994276005983218506064677282513880918783	14499
1185	730750818665451459101842416358141509827966272673	48553	485530424632289092988572845261581155164219692190	35293
1186	730750818665451459101842416358141509827966272674	82656	826561149445373902520384314443346186557310210557	69396
1187	730750818665451459101842416358141509827966272675	97788	977887469766926726049500006925154475452359769377	84528
1188	730750818665451459101842416358141509827966272676	14000	1400044809584908654892622720770593037771874753017	740
1189	730750818665451459101842416358141509827966272677	43563	435631846882513317751430820536337973124371620862	30303
1190	730750818665451459101842416358141509827966272678	10111	1011130863667075220615144984257776302287952948051	3149
1191	730750818665451459101842416358141509827966272679	21790	217906651957842220524231935832667854020078946275	8530
1192	730750818665451459101842416358141509827966272680	15124	151242401477747305690879370499514705407175597301	1864
1193	730750818665451459101842416358141509827966272681	74480	744803388475218824969359590247085101637436264905	61220
1194	730750818665451459101842416358141509827966272682	14532	1453255513792089503724595590157577719963163281686	1272
1195	730750818665451459101842416358141509827966272683	20936	209369171700269437152817354650025602372170788039	7676
1196	730750818665451459101842416358141509827966272684	61380	613801866689051697069864219973251386723835549657	48120
1197	730750818665451459101842416358141509827966272685	91714	917148689031083453002805055293882398935326214690	78454
1198	730750818665451459101842416358141509827966272686	76390	763908492702568457746028070134290437602567644669	63130
1199	730750818665451459101842416358141509827966272687	51013	510131613468870062097249540584726821274711889685	37753
1200	730750818665451459101842416358141509827966272688	11339	1133967790912670459351833117463898256733917938615	1921
1201	730750818665451459101842416358141509827966272689	13242	1324289550819107023314742030053918280387482191306	18
1202	730750818665451459101842416358141509827966272690	26368	263687747141780404063976731632654261605090508581	13108
1203	730750818665451459101842416358141509827966272691	84633	846335905014548167159042358322446755618741225298	71373
1204	730750818665451459101842416358141509827966272692	12768	1276839479248716940697352554494771990296129983797	492
1205	730750818665451459101842416358141509827966272693	21351	213513401915491571922164654127499203441843225877	8091
1206	730750818665451459101842416358141509827966272694	14610	146106247863796209959314035167463760913894633323	1350
1207	730750818665451459101842416358141509827966272695	38007	380071751476589112761622922177290479384590251912	24747
1208	730750818665451459101842416358141509827966272696	13289	1328990843425643691930129768860787587362291499013	29
1209	730750818665451459101842416358141509827966272697	26699	266995223488024475346564365374052214133627851693	13439
1210	730750818665451459101842416358141509827966272698	13124	131241220766736375239861571012829193448243615090	136
1211	730750818665451459101842416358141509827966272699	83981	839818173063212445564650544737736719121851089593	70721
1212	730750818665451459101842416358141509827966272700	10313	1031337136670235012167464623184497661512359669018	2947
1213	730750818665451459101842416358141509827966272701	14478	1447826785422239730044004879281544117441234996936	1218
1214	730750818665451459101842416358141509827966272702	18829	188296008803276226561150923853800088191425515116	5569
1215	730750818665451459101842416358141509827966272703	46248	462487702262880244361898226961110019519819337484	32988
1216	730750818665451459101842416358141509827966272704	94603	946034786032992996391761008219076456569788089192	81343
1217	730750818665451459101842416358141509827966272705	13128	1312890661880041496121696042128778880826043707301	132
1218	730750818665451459101842416358141509827966272706	25561	255619714550723384569188093197167152248489754351	12301
1219	730750818665451459101842416358141509827966272707	91158	911586216257022425421799341303095359141178721481	77898
1220	730750818665451459101842416358141509827966272708	83828	838280278926973809675658278327132608803378366480	70568
1221	730750818665451459101842416358141509827966272709	56402	564024530973876641758769648039397751104769554284	43142
1222	730750818665451459101842416358141509827966272710	81107	811071892988833765066889538649538376482993832460	67847
1223	730750818665451459101842416358141509827966272711	97115	971157606907027449379218803411262454951291773051	83855
1224	730750818665451459101842416358141509827966272712	12302	1230215242210791459735852481012769244163234263731	958
1225	730750818665451459101842416358141509827966272713	19873	198737114985396123279216864885905384247178209001	6613
1226	730750818665451459101842416358141509827966272714	65287	652873275127855380952953273629268542985122971848	52027
1227	730750818665451459101842416358141509827966272715	13013	1301375729097630339603193992521481025273376489945	247
1228	730750818665451459101842416358141509827966272716	69893	698938386622105916259429423627230536093577466173	56633
1229	730750818665451459101842416358141509827966272717	30247	302476686026009632333915678114321548252024789735	16987
1230	730750818665451459101842416358141509827966272718	12392	1239212099713675630718979936846028554644645630523	868
1231	730750818665451459101842416358141509827966272719	34555	345551779855530039450922393139972779343862782957	21295
1232	730750818665451459101842416358141509827966272720	54217	542177143108446165275597662326700818616411499497	40957
1233	730750818665451459101842416358141509827966272721	16910	169100940109093823111410222682587696688349895148	3650
1234	730750818665451459101842416358141509827966272722	10243	1024326675093758960139751157257086049153818937873	3017
1235	730750818665451459101842416358141509827966272723	47632	476328374926881788865043915927070650063054687860	34372
1236	730750818665451459101842416358141509827966272724	59220	592203747715268201716311720042871969422660971233	45960
1237	730750818665451459101842416358141509827966272725	77597	775979268174632667429786444153322528311671976354	64337
1238	730750818665451459101842416358141509827966272726	24883	248832936543878219995560296116402452948181977134	11623
1239	730750818665451459101842416358141509827966272727	10921	1092159591338155451436476263328207135470759123499	2339
1240	730750818665451459101842416358141509827966272728	49128	491284143665010925799131648992300280800163145183	35868
1241	730750818665451459101842416358141509827966272729	10338	1033885936112194617660880011181070739824113648254	2922
1242	730750818665451459101842416358141509827966272730	13795	1379576296168951293064512190207834665463724509775	535
1243	730750818665451459101842416358141509827966272731	90528	90528881374574870162236593544359628369977056500	77268
1244	730750818665451459101842416358141509827966272732	11707	117073262854408470938349513124766610362970233663	1553
1245	730750818665451459101842416358141509827966272733	40759	407594106198480644487435154114054480672960655605	27499
1246	730750818665451459101842416358141509827966272734	12583	1258352791414482804867892451449761218318626589348	677
1247	730750818665451459101842416358141509827966272735	30198	301986519992273444381902580470428378714399500037	16938
1248	730750818665451459101842416358141509827966272736	90880	908808110251443323914678488133801397770141591256	77620
1249	730750818665451459101842416358141509827966272737	56374	563748405396076597712466622437818014177755105127	43114
1250	730750818665451459101842416358141509827966272738	81292	812928055382214889183219573396966063668722220306	68032
1251	730750818665451459101842416358141509827966272739	90791	90791495851855628728737256668019769619219864393	77531
1252	730750818665451459101842416358141509827966272740	12325	1232534975893246925856224400631890803730163736495	935
1253	730750818665451459101842416358141509827966272741	11866	1186690648735541221981528596751804096424341046787	1394
1254	730750818665451459101842416358141509827966272742	54478	544788160657484709496379926511394696651244799570	41218
1255	730750818665451459101842416358141509827966272743	12080	1208031908003214424635748985213237276472369850593	1180
1256	730750818665451459101842416358141509827966272744	11744	1174435584458311033515423330857740267606506511302	1516
1257	730750818665451459101842416358141509827966272745	10822	108222208454055957025473629966215341842425150440	2438
1258	730750818665451459101842416358141509827966272746	84420	844207368070087409785893071012274482521858972874	71160
1259	730750818665451459101842416358141509827966272747	35596	355960549588868904434869622104622809224967255104	22336
1260	730750818665451459101842416358141509827966272748	10474	104743384337534048534413856484511594695328802786	2786
1261	730750818665451459101842416358141509827966272749	28867	288677704385325388844222383535724452971709432075	15607
1262	730750818665451459101842416358141509827966272750	65174	651742932233177106457728593391765870098078941762	51914
1263	730750818665451459101842416358141509827966272751	35652	35652215897075640147633875473785398205872602940	22392
1264	730750818665451459101842416358141509827966272752	62856	628561246533663856442218132346570174999936643482	49596
1265	730750818665451459101842416358141509827966272753	11043	1104325723820083204140730806904377390048071074265	2217
1266	730750818665451459101842416358141509827966272754	88616	88616858495982010536701810785717624780355567450	75356
1267	730750818665451459101842416358141509827966272755	60161	601619159476777960851141051999397792277325497846	46901
1268	730750818665451459101842416358141509827966272756	36317	363175065745902342960888242507516537167989041494	23057
1269	730750818665451459101842416358141509827966272757	87369	873694513929347973326166079583919688309308770543	74109
1270	730750818665451459101842416358141509827966272758	89450	894502312217773640016918558955496993815134905954	76190
1271	730750818665451459101842416358141509827966272759	13753	1375373837163335217284207692206350531469131364302	493
1272	730750818665451459101842416358141509827966272760	78140	781401823743070334498958397646630761439493885760	64880
1273	730750818665451459101842416358141509827966272761	43557	435570189597164435163541079131789392277252260230	30297
1274	730750818665451459101842416358141509827966272762	46715	467153554199796757878887350988320156850454502235	33455
1275	730750818665451459101842416358141509827966272763	75806	758062098606654014999348228852155288573148812177	62546
1276	730750818665451459101842416358141509827966272764	10117	101173351759330374908019806566928353652995876180	3143
1277	730750818665451459101842416358141509827966272765	65884	658841131197443172950409658375272468215238819929	52624
1278	730750818665451459101842416358141509827966272766	71319	713197786606808129662693065782273534118304579620	58059
1279	730750818665451459101842416358141509827966272767	11001	1100146845320031830489708508374124021214405540359	2259
1280	730750818665451459101842416358141509827966272768	13436	1343676011180265905696866827801839313564116472668	176
1281	730750818665451459101842416358141509827966272769	66177	661773282203256322583975831518408706938818576769	52917
1282	730750818665451459101842416358141509827966272770	58730	587300001117888596917481952428477115476349860243	45470
1283	730750818665451459101842416358141509827966272771	87828	878283615197978649754540587827852135537731667235	74568
1284	730750818665451459101842416358141509827966272772	33494	334944972127124717110428351967285422699823427686	20234
1285	730750818665451459101842416358141509827966272773	37581	375811991066863951448196515962445927992995717142	24321
1286	730750818665451459101842416358141509827966272774	12822	1282299842644704176604357811259180162045434397845	438
1287	730750818665451459101842416358141509827966272775	91098	91098966667357446021301473413356533083740918086	77838
1288	730750818665451459101842416358141509827966272776	32429	324293708136264205352939341211463619502208586005	19169
1289	730750818665451459101842416358141509827966272777	14464	1446492488763434374550852033846698054726636564064	1204
1290	730750818665451459101842416358141509827966272778	12012	1201281310476417904762067364704051419615230589084	1248
1291	730750818665451459101842416358141509827966272779	28186	281861044901686776977613128483200778083255258293	14926
1292	730750818665451459101842416358141509827966272780	49216	492160865778004861675755901926891830749839802239	35956
1293	730750818665451459101842416358141509827966272781	12982	1298297325705812195849789387198445696009459862681	278
1294	730750818665451459101842416358141509827966272782	15454	154540211025170439201246126627436035157694846604	2194
1295	730750818665451459101842416358141509827966272783	11019	1101977896865726044224100800669568687934863409555	2241
1296	730750818665451459101842416358141509827966272784	11004	1100424680171437012204523897443032076024813917006	2256
1297	730750818665451459101842416358141509827966272785	13159	1315984867281845942839612167230315782716317946655	101
1298	730750818665451459101842416358141509827966272786	94475	944758443154602818637787033432776926065256472249	81215
1299	730750818665451459101842416358141509827966272787	15710	157109684053787571829342993303634605148100237672	2450
1300	730750818665451459101842416358141509827966272788	66672	666727683612864930856792013831742897369714336481	53412
1301	730750818665451459101842416358141509827966272789	65545	655450840751411570751655117895788564103049295481	52285
1302	730750818665451459101842416358141509827966272790	13301	1330111774301574325535873522245934809404570181727	41
1303	730750818665451459101842416358141509827966272791	53975	539756132220455239356225617273461508885680819493	40715
1304	730750818665451459101842416358141509827966272792	12565	1256560542794316606447325525409566487161843130062	695
1305	730750818665451459101842416358141509827966272793	11329	113298904765628128132497806558058375387076203720	1931
1306	730750818665451459101842416358141509827966272794	63786	6378631019575909945392500637697580199917598761	50526
1307	730750818665451459101842416358141509827966272795	51839	518394807264730360902613029420867749844554542960	38579
1308	730750818665451459101842416358141509827966272796	88734	887345638410478068782063099492448214470879448969	75474
1309	730750818665451459101842416358141509827966272797	50087	500873214167133063540618597833361441261535393075	36827
1310	730750818665451459101842416358141509827966272798	12792	1279230358072303697113123039209520146054243148871	468
1311	730750818665451459101842416358141509827966272799	11127	1112719160366487694544039347376243403188737097485	2133
1312	730750818665451459101842416358141509827966272800	77886	778861233595175971018646689529933149707794373269	64626
1313	730750818665451459101842416358141509827966272801	10740	1074070403367612693225457640729437437817119312296	2520
1314	730750818665451459101842416358141509827966272802	25091	250919642018622677960887774391416178908715236743	11831
1315	730750818665451459101842416358141509827966272803	12177	1217799819969975086768735380994526553411418229343	1083
1316	730750818665451459101842416358141509827966272804	14185	1418574925733636206979610310911878990639674672943	925
1317	730750818665451459101842416358141509827966272805	32272	3227216203566305008693310197500267119212625072	19012
1318	730750818665451459101842416358141509827966272806	19607	196075257577301942874699644000525925615182935912	6347
1319	730750818665451459101842416358141509827966272807	39565	395653164068391843557405887203109954671507315785	26305
1320	730750818665451459101842416358141509827966272808	19381	193816783248544220732676614251178103381902042793	6121
1321	730750818665451459101842416358141509827966272809	52091	520911462876733384181064141869138052403716894438	38831
1322	730750818665451459101842416358141509827966272810	54871	548719668296353314673097371008255530660279583814	41611
1323	730750818665451459101842416358141509827966272811	35958	359584758660551758477578705694156071947848137361	22698
1324	730750818665451459101842416358141509827966272812	57151	571515874456736676842298249576964414343234597108	43891
1325	730750818665451459101842416358141509827966272813	26298	262989953091388443563441560139217697928473728038	13038
1326	730750818665451459101842416358141509827966272814	11517	115172781545527329684331360544087392422701334537	1743
1327	730750818665451459101842416358141509827966272815	73629	736290863152742889096405741839771223114737024905	60369
1328	730750818665451459101842416358141509827966272816	72239	722395230581645406529033855749982127763986492010	58979
1329	730750818665451459101842416358141509827966272817	14698	146986748296921354909102202749060082712597056086	1438
1330	730750818665451459101842416358141509827966272818	11274	1127486962902837295950622005879426329082863450167	1986
1331	730750818665451459101842416358141509827966272819	59845	598457153633900436901687413315933651348446272086	46585
1332	730750818665451459101842416358141509827966272820	58012	580121863044272648824881710117857092278656329218	44752
1333	730750818665451459101842416358141509827966272821	13509	1350975064774661468067254538256526678489886728931	249
1334	730750818665451459101842416358141509827966272822	14243	1424370016817515173614003503034976686665939166371	983
1335	730750818665451459101842416358141509827966272823	85116	851165244926447254336666569754315624555817692837	71856
1336	730750818665451459101842416358141509827966272824	87218	872186926162079087139451904759487675698881741883	73958
1337	730750818665451459101842416358141509827966272825	13456	1345695282920920607221574243940781125242194469716	196
1338	730750818665451459101842416358141509827966272826	13449	1344997545470998273935625063625005664334699540161	189
1339	730750818665451459101842416358141509827966272827	13912	1391295407598444681012728431491496425608864024377	652
1340	730750818665451459101842416358141509827966272828	57850	578509421329682504429400548321471564332560065446	44590
1341	730750818665451459101842416358141509827966272829	13865	1386560985489600456243393130525584655933294077453	605
1342	730750818665451459101842416358141509827966272830	17628	17628840448133240002499068159172426070544682827	4368
1343	730750818665451459101842416358141509827966272831	64258	6425882684530768822522035185931699920934550107	50998
1344	730750818665451459101842416358141509827966272832	12999	129998411714519811510434861212173477027947228941	261
1345	730750818665451459101842416358141509827966272833	12040	120400260082886843963559528278700206191088065812	1220
1346	730750818665451459101842416358141509827966272834	11109	1110919718798804698960969185254738128500927149953	2151
1347	730750818665451459101842416358141509827966272835	58871	588711254548950671507983902818898551050337838627	45611
1348	730750818665451459101842416358141509827966272836	42404	424044567886432256116211069830229288207336422112	29144
1349	730750818665451459101842416358141509827966272837	51039	510396735704495224217442957439795787602157870721	37779
1350	730750818665451459101842416358141509827966272838	47446	474462816532590365075708938073751698141922766176	34186
1351	730750818665451459101842416358141509827966272839	95642	956428441748761792791213155864542851258713672555	82382
1352	730750818665451459101842416358141509827966272840	52712	527121076104495894181890188213934162453121830447	39452
1353	730750818665451459101842416358141509827966272841	10818	1081809305089426732838502779971586206898426824905	2442
1354	730750818665451459101842416358141509827966272842	43502	435029516537531538594306930072475566031512105194	30242
1355	730750818665451459101842416358141509827966272843	96921	969213086059474952031551681696036593304999720534	83661
1356	730750818665451459101842416358141509827966272844	12278	1227806427407138997633917924432878300723826175258	982
1357	730750818665451459101842416358141509827966272845	69312	693125704444304756883044950700412333837224184248	56052
1358	730750818665451459101842416358141509827966272846	12925	1292560419078499887424376448946701702471672697362	335
1359	730750818665451459101842416358141509827966272847	55809	558098433227316435382282304167854452167636115805	42549
1360	730750818665451459101842416358141509827966272848	30764	307647350192863116283802573662545245763902019968	17504
1361	730750818665451459101842416358141509827966272849	63962	639626069695487865350083519326048475554112328521	50702
1362	730750818665451459101842416358141509827966272850	13367	1336714214739924383461045242169127141660949725421	107
1363	730750818665451459101842416358141509827966272851	90265	902657615419761230739042566997617554024530065391	77005
1364	730750818665451459101842416358141509827966272852	35063	350632485872112981540493045958328656680820037880	21803
1365	730750818665451459101842416358141509827966272853	13487	1348744965460912835124777607386309279501848588759	227
1366	730750818665451459101842416358141509827966272854	12916	129163353277973139931705073684885723675293489309	344
1367	730750818665451459101842416358141509827966272855	69266	6926683552215258498285362490688527416778970243	56006
1368	730750818665451459101842416358141509827966272856	18693	18693466364733181071116067244097136212808165112	5433
1369	730750818665451459101842416358141509827966272857	43097	430975607931323517592681365348225211237262007384	29837
1370	730750818665451459101842416358141509827966272858	20628	206289261037481366100911950504307007474230075681	7368
1371	730750818665451459101842416358141509827966272859	11833	118333547153775915303538489831950409332476441367	1427
1372	730750818665451459101842416358141509827966272860	13481	1348180241437455478766327135218177504333926638168	221
1373	730750818665451459101842416358141509827966272861	10660	1066032845623389351658559902694702154992398845985	2600
1374	730750818665451459101842416358141509827966272862	13002	1300225512079362564020438436782637508025528610929	258
1375	730750818665451459101842416358141509827966272863	15051	150519459679662479752919852013255581083150338108	1791
1376	730750818665451459101842416358141509827966272864	10727	1072731427953777848874446240113318248305355858470	2533
1377	730750818665451459101842416358141509827966272865	59299	592998210102768124562358500772442356772320816756	46039
1378	730750818665451459101842416358141509827966272866	49019	490192515833891058448798924307137782200375393237	35759
1379	730750818665451459101842416358141509827966272867	78609	786090010791136384594983589747544803606094191359	65349
1380	730750818665451459101842416358141509827966272868	45972	459722256883723504331555929661010055425722584373	32712
1381	730750818665451459101842416358141509827966272869	29103	291032892387655037248954061947685376403332535863	15843
1382	730750818665451459101842416358141509827966272870	10112	1011277369487461741178260838207946520446941793281	3148
1383	730750818665451459101842416358141509827966272871	35626	356263651332045828460762948850166955245472176340	22366
1384	730750818665451459101842416358141509827966272872	12537	1253750301330283053534198403813950730452389862783	723
1385	730750818665451459101842416358141509827966272873	12232	1223219364257999050455704504901909713699033715432	1028
1386	730750818665451459101842416358141509827966272874	11407	1140748853020347252362583748272901772342918922995	1853
1387	730750818665451459101842416358141509827966272875	11452	1145288382279025400434434920111884709092315914449	1808
1388	730750818665451459101842416358141509827966272876	75648	756484531663085666532423752151327680902559336027	62388
1389	730750818665451459101842416358141509827966272877	12256	1225686133863207319528676323385014344083850913943	1004
1390	730750818665451459101842416358141509827966272878	12989	1298940190398904648348792725015594831132824212312	271
1391	730750818665451459101842416358141509827966272879	12731	12731070607982048314458615685652033634878254059	529
1392	730750818665451459101842416358141509827966272880	14363	1436369343669904381876841982685931197687136467403	1103
1393	730750818665451459101842416358141509827966272881	38581	385811202175083296869352997063054578618931308496	25321
1394	730750818665451459101842416358141509827966272882	13079	1307940680443898514421122636541849194994535870270	181
1395	730750818665451459101842416358141509827966272883	32684	326842665682693219771579804276842896029176435061	19424
1396	730750818665451459101842416358141509827966272884	77077	770773156031228483138642580338011092715126555636	63817
1397	730750818665451459101842416358141509827966272885	31140	311404475277573392359359539421949275527106171622	17880
1398	730750818665451459101842416358141509827966272886	13894	1389406158790596105483924654173355444442494782244	634
1399	730750818665451459101842416358141509827966272887	13390	1339022610549894031277675509876258716649656380170	130
1400	730750818665451459101842416358141509827966272888	51092	51092010858536016067192034106542305858831387419	37832
1401	730750818665451459101842416358141509827966272889	10669	1066956351913256812513179923036905184023048770300	2591
1402	730750818665451459101842416358141509827966272890	23699	236990513580777160936892606712833762480440675305	10439
1403	730750818665451459101842416358141509827966272891	10726	1072679594344173258851948342534230029520974697516	2534
1404	730750818665451459101842416358141509827966272892	56076	560765684993357911029700713536601818737498615522	42816
1405	730750818665451459101842416358141509827966272893	39297	392970691768054397299367335922524863038007136112	26037
1406	730750818665451459101842416358141509827966272894	89312	893122251491510124269766261470424311616460432294	76052
1407	730750818665451459101842416358141509827966272895	14395	1439518066548111434716712467859696765684475242523	1135
1408	730750818665451459101842416358141509827966272896	34159	341596815607663227689687330539689269030790784193	20899
1409	730750818665451459101842416358141509827966272897	88955	889550702789946881336703425018654645850339317185	75695
1410	730750818665451459101842416358141509827966272898	86719	867197954083697210650055164514540174808750123122	73459
1411	730750818665451459101842416358141509827966272899	99126	991263145964117516840947038297839499395134012993	85866
1412	730750818665451459101842416358141509827966272900	28784	287843792083739661268180272446584317655031508296	15524
1413	730750818665451459101842416358141509827966272901	58943	589434058350514362729172907429369558868503876714	45683
1414	730750818665451459101842416358141509827966272902	27449	274495520825971617901637147280359090922354847189	14189
1415	730750818665451459101842416358141509827966272903	98897	988976334595042025011289937009216870946339054920	85637
1416	730750818665451459101842416358141509827966272904	53319	533197524655742315015227488835418534121643393641	40059
1417	730750818665451459101842416358141509827966272905	19770	197702041417241621206621137936766127135819672961	6510
1418	730750818665451459101842416358141509827966272906	77368	773680905216061460407191213633571432791237724577	64108
1419	730750818665451459101842416358141509827966272907	13249	1324986672968128241096201833917421856883168228352	11
1420	730750818665451459101842416358141509827966272908	43100	43100271606322661817807340526484463612623906431	29840
1421	730750818665451459101842416358141509827966272909	66129	661291880594333751964645783112392553130009521099	52869
1422	730750818665451459101842416358141509827966272910	11850	118506983259368912453936652056966664971442910562	1410
1423	730750818665451459101842416358141509827966272911	34059	340593563545818870063067794963808819495546609753	20799
1424	730750818665451459101842416358141509827966272912	33618	336185789218943876446677422820691745339370586299	20358
1425	730750818665451459101842416358141509827966272913	10698	1069855907012095898626118613202616838713811776917	2562
1426	730750818665451459101842416358141509827966272914	67402	674023571247622301554857029662787523752858759982	54142
1427	730750818665451459101842416358141509827966272915	13941	1394142071537242883787209314808535993985402001250	681
1428	730750818665451459101842416358141509827966272916	22044	220440040722507768695396840822762016828254162525	8784
1429	730750818665451459101842416358141509827966272917	49465	494653125782416028454588578410670077536420886040	36205
1430	730750818665451459101842416358141509827966272918	10297	1029761091670722464909416312647480901163670564276	2963
1431	730750818665451459101842416358141509827966272919	29195	291956542816854295936932606499586989591190007227	15935
1432	730750818665451459101842416358141509827966272920	12360	1236024791239587758374216766109922516150962831030	900
1433	730750818665451459101842416358141509827966272921	14548	1454861276271802932245934070532798841719995764546	1288
1434	730750818665451459101842416358141509827966272922	95435	954358000817883659736652192493645775730661564717	82175
1435	730750818665451459101842416358141509827966272923	91647	916475362677947821345609652259711591368197148684	78387
1436	730750818665451459101842416358141509827966272924	75651	75651661459404904951009052410354441370920909382	62391
1437	730750818665451459101842416358141509827966272925	10569	1056981449213270707053237696543529660245091886155	2691
1438	730750818665451459101842416358141509827966272926	18147	181478526564218867940544410141048806467531013492	4887
1439	730750818665451459101842416358141509827966272927	60211	602113155469633216283739530951644223100659510657	46951
1440	730750818665451459101842416358141509827966272928	58776	587760997696041073536308636845521289946931262857	45516
1441	730750818665451459101842416358141509827966272929	13308	1330877353949248337215400552294701815561912305676	48
1442	730750818665451459101842416358141509827966272930	11887	1188753718412244383509613318915707650555009011455	1373
1443	730750818665451459101842416358141509827966272931	86009	860097750709803408161494629786429917945535695983	72749
1444	730750818665451459101842416358141509827966272932	33091	330912426795545559158187523463728705482279781746	19831
1445	730750818665451459101842416358141509827966272933	70761	707612568909381960870747043281354072768896227478	57501
1446	730750818665451459101842416358141509827966272934	11848	1184808194866090491164861608871069538672347391144	1412
1447	730750818665451459101842416358141509827966272935	69785	697855281367518911534523510243677986735749348004	56525
1448	730750818665451459101842416358141509827966272936	86127	861279353466693258371125667819186644095718704279	72867
1449	730750818665451459101842416358141509827966272937	74543	745435599970563505734613602599834846043805818390	61283
1450	730750818665451459101842416358141509827966272938	13043	1304386493143246310209698379482306934670557565147	217
1451	730750818665451459101842416358141509827966272939	90422	904228973362751217406344883908662974103148135036	77162
1452	730750818665451459101842416358141509827966272940	61056	610564505420823117754536238928830893650753734309	47796
1453	730750818665451459101842416358141509827966272941	65408	654088661257377338774861402839535312371293372333	52148
1454	730750818665451459101842416358141509827966272942	74284	74284282126261400209205882108241699902025987852	61024
1455	730750818665451459101842416358141509827966272943	13676	1367631319315487022215789885600758322273464953112	416
1456	730750818665451459101842416358141509827966272944	59828	598285566340620023007632920203188001747334940024	46568
1457	730750818665451459101842416358141509827966272945	63459	634591501158929271008622087075375207234917027661	50199
1458	730750818665451459101842416358141509827966272946	85071	850711876084901076367928575298246631107987305667	71811
1459	730750818665451459101842416358141509827966272947	13644	1364465361987710963944686820185534752082350581307	384
1460	730750818665451459101842416358141509827966272948	13306	1330628262640038595503331539057671420599617519494	46
1461	730750818665451459101842416358141509827966272949	92572	925725936173973505919773144022006233670454670628	79312
1462	730750818665451459101842416358141509827966272950	44196	441968648513692303111859692914964384547308811991	30936
1463	730750818665451459101842416358141509827966272951	51473	514731333950665657709348010483980460297176212540	38213
1464	730750818665451459101842416358141509827966272952	54065	540659534887137262536249218623912809084035198656	40805
1465	730750818665451459101842416358141509827966272953	46911	469112898229830683544863251425607487130305508038	33651
1466	730750818665451459101842416358141509827966272954	80887	808874326027347620381558008449477866933434018103	67627
1467	730750818665451459101842416358141509827966272955	19869	198695806705879760559106441857038981523059586541	6609
1468	730750818665451459101842416358141509827966272956	85704	857042081985825814449073972175595490393187233832	72444
1469	730750818665451459101842416358141509827966272957	68310	68310881703637295652515350735666932923652079912	55050
1470	730750818665451459101842416358141509827966272958	13724	1372408269860929472885425059947681212139147970392	464
1471	730750818665451459101842416358141509827966272959	23425	234251762905065876604056078750139369397925182124	10165
1472	730750818665451459101842416358141509827966272960	96155	961554081079965488636699093954903946958512742498	82895
1473	730750818665451459101842416358141509827966272961	91157	911577922233805159578847205387570098324964376633	77897
1474	730750818665451459101842416358141509827966272962	20592	205924818387428305354060126219675193216959131995	7332
1475	730750818665451459101842416358141509827966272963	14393	1439339054375882340725424698787423602621788819871	1133
1476	730750818665451459101842416358141509827966272964	35104	351041446726651837597233945405898910322827406842	21844
1477	730750818665451459101842416358141509827966272965	95826	958260142440602149406073786706525311595612937751	82566
1478	730750818665451459101842416358141509827966272966	21313	213136839894836098995770446236159249170882679828	8053
1479	730750818665451459101842416358141509827966272967	12721	1272161722141543316970370439471715168232404147761	539
1480	730750818665451459101842416358141509827966272968	12205	1220514033645704157328937826272084046900343628103	1055
1481	730750818665451459101842416358141509827966272969	32902	329020358567345523592400756874247050325712954751	19642
1482	730750818665451459101842416358141509827966272970	41348	413480045062186083102129396181005137606332451532	28088
1483	730750818665451459101842416358141509827966272971	21570	215705341187873890225443399296126496289273994761	8310
1484	730750818665451459101842416358141509827966272972	14417	1441715842523034830293775259626450010111385647952	1157
1485	730750818665451459101842416358141509827966272973	29368	29368923678271507630883630160801224194399302345	16108
1486	730750818665451459101842416358141509827966272974	65100	651002808151335530092761649057011638211754512143	51840
1487	730750818665451459101842416358141509827966272975	66977	669773137341671207272791069687438950813759287092	53717
1488	730750818665451459101842416358141509827966272976	54170	541704034735999828539875956732348886554147176250	40910
1489	730750818665451459101842416358141509827966272977	44162	441623846056313548456612568388099199679408628582	30902
1490	730750818665451459101842416358141509827966272978	85885	858852418743817171546871618201177803814293879151	72625
1491	730750818665451459101842416358141509827966272979	11622	1162267112622897840573367579121295191316016513684	1638
1492	730750818665451459101842416358141509827966272980	46053	460534164579926343387848338327829017150115463196	32793
1493	730750818665451459101842416358141509827966272981	83645	836456219887844855736596717093643907125320923395	70385
1494	730750818665451459101842416358141509827966272982	81086	810863109037243702944062511774473747267191490990	67826
1495	730750818665451459101842416358141509827966272983	14150	1415075970308966464184129293316011640288634997490	890
1496	730750818665451459101842416358141509827966272984	78322	783221964171641623701082696101234030024088721521	65062
1497	730750818665451459101842416358141509827966272985	84499	844990474280972672206700647409917018516815932775	71239
1498	730750818665451459101842416358141509827966272986	44853	448532005120698857857127594714523111140140340054	31593
1499	730750818665451459101842416358141509827966272987	55049	550493994012080405541724709979869589546970717520	41789
1500	730750818665451459101842416358141509827966272988	43295	432954641176521190579826178697526158763013386351	30035
1501	730750818665451459101842416358141509827966272989	31107	311072230025926292814249211458441547300472444425	17847
1502	730750818665451459101842416358141509827966272990	34442	344422082440758826688889952461001238246504293767	21182
1503	730750818665451459101842416358141509827966272991	19536	195361962298040607827112525679408912630014200311	6276
1504	730750818665451459101842416358141509827966272992	80316	803169464851524004002222195935961081697128983686	67056
1505	730750818665451459101842416358141509827966272993	38734	387340516358046458370468823791051427811955263132	25474
1506	730750818665451459101842416358141509827966272994	31782	317820465651393953794826165240577617335478953979	18522
1507	730750818665451459101842416358141509827966272995	11214	1121482101762044737096440624216834501559069838744	2046
1508	730750818665451459101842416358141509827966272996	71384	713846405316199956168811283777753128486091760970	58124
1509	730750818665451459101842416358141509827966272997	11888	1188836422602300807146934604387246684324349798410	1372
1510	730750818665451459101842416358141509827966272998	10609	106096655173556217599867174406096068698215613780	2651
1511	730750818665451459101842416358141509827966272999	74010	740107256304662587550615496647663955789549480671	60750
1512	730750818665451459101842416358141509827966273000	13463	1346382925710022743258755614475566652194998801945	203
1513	730750818665451459101842416358141509827966273001	98071	980717947220349524911906024760661792663605169554	84811
1514	730750818665451459101842416358141509827966273002	34508	345083822530799243786047377552978933014780382589	21248
1515	730750818665451459101842416358141509827966273003	12287	1228708961369384590100882670930234372546410040007	973
1516	730750818665451459101842416358141509827966273004	63427	634275906235886708218932178397523198009684946338	50167
1517	730750818665451459101842416358141509827966273005	12382	1238281325623026425301277226129408142589237413028	878
1518	730750818665451459101842416358141509827966273006	26210	262109991696866848329390373445252411242972872146	12950
1519	730750818665451459101842416358141509827966273007	62118	621186380755127043878651549666588092484953271504	48858
1520	730750818665451459101842416358141509827966273008	59821	598213527891957163801206953863886363685892338108	46561
1521	730750818665451459101842416358141509827966273009	11600	1160018300879479958532940700573209265536943044545	1660
1522	730750818665451459101842416358141509827966273010	33659	336592492015083982408427164960518256339596210900	20399
1523	730750818665451459101842416358141509827966273011	13970	1397035052359240387868386221756226988493052072868	710
1524	730750818665451459101842416358141509827966273012	21365	213650496579761242250359935469622988472583133298	8105
1525	730750818665451459101842416358141509827966273013	57999	579998253879900208425967357109149664734280775904	44739
1526	730750818665451459101842416358141509827966273014	69580	695806833717549747941666084534563023348701705421	56320
1527	730750818665451459101842416358141509827966273015	68676	686764607204295953284411097275638421058460194809	55416
1528	730750818665451459101842416358141509827966273016	13093	1309327572333754316201121440650747135235535837532	167
1529	730750818665451459101842416358141509827966273017	10755	1075577095792905373805711395598002736479090640507	2505
1530	730750818665451459101842416358141509827966273018	98516	985167095907018681695981881358204409632261597193	85256
1531	730750818665451459101842416358141509827966273019	37243	372436824054953879651633204053416272574625777972	23983
1532	730750818665451459101842416358141509827966273020	11539	1153921116150332116238803765070498267737420676089	1721
1533	730750818665451459101842416358141509827966273021	34123	341237589863512257798767120783473901364596024165	20863
1534	730750818665451459101842416358141509827966273022	90332	90332859982015760722612698253577950377242584114	77072
1535	730750818665451459101842416358141509827966273023	57521	575210984887054262986871504234915555419419717340	44261
1536	730750818665451459101842416358141509827966273024	19226	192267203922300402422439360780177372506625669586	5966
1537	730750818665451459101842416358141509827966273025	79058	790582163050952431145130782565888968508540562112	65798
1538	730750818665451459101842416358141509827966273026	37379	373796682858395113650881547833374095744783102056	24119
1539	730750818665451459101842416358141509827966273027	49703	497039053117839559286833797754434732655497109304	36443
1540	730750818665451459101842416358141509827966273028	74253	742534564332624274509415818996356271505586940669	60993
1541	730750818665451459101842416358141509827966273029	66394	66394867990137220646462082633327267089642817919	53134
1542	730750818665451459101842416358141509827966273030	89079	890793713215278868655426257063265458823817252397	75819
1543	730750818665451459101842416358141509827966273031	66802	668020550334058220250097699227819059132094724974	53542
1544	730750818665451459101842416358141509827966273032	93307	933073371497931831832730216952874127797616661450	80047
1545	730750818665451459101842416358141509827966273033	14353	1435347484770737289581853382560385956131714599853	1093
1546	730750818665451459101842416358141509827966273034	80499	804997113831676197148691846666047983329324839980	67239
1547	730750818665451459101842416358141509827966273035	85130	851308522020992554918221503131445474113640853698	71870
1548	730750818665451459101842416358141509827966273036	65991	659917953664079655445435945306191409899777035365	52731
1549	730750818665451459101842416358141509827966273037	14499	1449912896731298154796190831346415362312979478950	1239
1550	730750818665451459101842416358141509827966273038	10821	1082187846622073490628771337950962962792815248051	2439
1551	730750818665451459101842416358141509827966273039	90526	905264189985779508752578275126417964123402549058	77266
1552	730750818665451459101842416358141509827966273040	12697	1269777798342004874342911562465419070872568681590	563
1553	730750818665451459101842416358141509827966273041	11355	1135523574452537389574003854333414865567641741984	1905
1554	730750818665451459101842416358141509827966273042	68814	688144496546930866685127174649538674040132815705	55554
1555	730750818665451459101842416358141509827966273043	19511	195118732611532869186137444092334653855209201173	6251
1556	730750818665451459101842416358141509827966273044	27053	270532994482962242719827210409844569740030831060	13793
1557	730750818665451459101842416358141509827966273045	11666	116665483205566191855425868926761291175107944853	1594
1558	730750818665451459101842416358141509827966273046	81988	81988583323513933493866693096126117130698058687	68728
1559	730750818665451459101842416358141509827966273047	97854	978544903266889821338675487829315016276468723218	84594
1560	730750818665451459101842416358141509827966273048	85451	854519425066169835030899453370834497503275530728	72191
1561	730750818665451459101842416358141509827966273049	78289	782896288352563687950764655264494988712141360422	65029
1562	730750818665451459101842416358141509827966273050	14480	144807528734257488132520464513534037924087873544	1220
1563	730750818665451459101842416358141509827966273051	12199	1219999624702157502378587268192932013410139675980	1061
1564	730750818665451459101842416358141509827966273052	93528	935289825972573877739008728320228589026827572052	80268
1565	730750818665451459101842416358141509827966273053	67325	673256710490566571229375617671164983601002049474	54065
1566	730750818665451459101842416358141509827966273054	11749	1174968917504982266496632875201907811766828532435	1511
1567	730750818665451459101842416358141509827966273055	61189	611891760652131852632649137610588100955996895485	47929
1568	730750818665451459101842416358141509827966273056	55919	559196554104041639636944132439906458446173573720	42659
1569	730750818665451459101842416358141509827966273057	10161	1016123244523989869572793752932838035203250891265	3099
1570	730750818665451459101842416358141509827966273058	36170	36170285266117187597496720247869224819829324916	22910
1571	730750818665451459101842416358141509827966273059	89476	894760128532446042525580821442078251190918079383	76216
1572	730750818665451459101842416358141509827966273060	69536	695367399304716861540883666176764371123369748362	56276
1573	730750818665451459101842416358141509827966273061	85924	859248695654159095217471938250734013111149492397	72664
1574	730750818665451459101842416358141509827966273062	17513	175133100704235536539982151696533915053894356546	4253
1575	730750818665451459101842416358141509827966273063	69881	698816067182290131320365180891129894417619645728	56621
1576	730750818665451459101842416358141509827966273064	10428	1042898817667925230297073390701797283870526603268	2832
1577	730750818665451459101842416358141509827966273065	89172	891728547234482255775848419872873565969846043472	75912
1578	730750818665451459101842416358141509827966273066	34891	348916102467457277249653415912282394530388822081	21631
1579	730750818665451459101842416358141509827966273067	43002	430023622240041149148641904991630048701023688165	29742
1580	730750818665451459101842416358141509827966273068	11780	117808499029903006267067067940097628890446296259	1480
1581	730750818665451459101842416358141509827966273069	16716	167166646503259732390646178078151873594398540834	3456
1582	730750818665451459101842416358141509827966273070	11231	1123116533836948149088236996726707133986167647306	2029
1583	730750818665451459101842416358141509827966273071	13874	1387418608737894045044636277871904437687115674927	614
1584	730750818665451459101842416358141509827966273072	33277	332770663121630106845304508009124452823103886742	20017
1585	730750818665451459101842416358141509827966273073	76233	762337794127126272987223370576343312943014998527	62973
1586	730750818665451459101842416358141509827966273074	14204	1420499860309855285548254863591476443814110047750	944
1587	730750818665451459101842416358141509827966273075	33035	330351346606012769299959971052644143381810578652	19775
1588	730750818665451459101842416358141509827966273076	64746	647469987697171492266426197531897653264743576123	51486
1589	730750818665451459101842416358141509827966273077	88092	880923179983131485137708334709184290490047563799	74832
1590	730750818665451459101842416358141509827966273078	12885	1288525939997962592125078626232493356866528647748	375
1591	730750818665451459101842416358141509827966273079	78848	788481796840364964479480097645060981830655575101	65588
1592	730750818665451459101842416358141509827966273080	50450	504505296025939257693994043113937945337952351697	37190
1593	730750818665451459101842416358141509827966273081	54889	548897103112746702124201340024863675477987383688	41629
1594	730750818665451459101842416358141509827966273082	35035	350359352398245225800423092385002814291247776042	21775
1595	730750818665451459101842416358141509827966273083	86762	867628614230344116014346633735462863117886880639	73502
1596	730750818665451459101842416358141509827966273084	21107	211073071916688615469597872896330244401077314864	7847
1597	730750818665451459101842416358141509827966273085	80044	800443007134316369260801901104716191708000223694	66784
1598	730750818665451459101842416358141509827966273086	60437	604373425216495656379621118674507969437358957774	47177
1599	730750818665451459101842416358141509827966273087	65925	659256215141426142590199162767459467913692331910	52665
1600	730750818665451459101842416358141509827966273088	12755	1275539407513163010263064300639411652503402365133	505
1601	730750818665451459101842416358141509827966273089	76489	764898005218044912859366233167472617744263116051	63229
1602	730750818665451459101842416358141509827966273090	13746	1374646844198110286974368500300500251165002185833	486
1603	730750818665451459101842416358141509827966273091	30669	306691203480668054637906828670807803648953074552	17409
1604	730750818665451459101842416358141509827966273092	94698	946989885234812135616657979159000478182242426906	81438
1605	730750818665451459101842416358141509827966273093	52980	529809669156264620019706003724669579064739612144	39720
1606	730750818665451459101842416358141509827966273094	64516	64516106927000343384807443317901691570435493955	51256
1607	730750818665451459101842416358141509827966273095	11434	1143419204498616265422137045532416473485861499103	1826
1608	730750818665451459101842416358141509827966273096	77763	777633568421786104115286664591222662767076215131	64503
1609	730750818665451459101842416358141509827966273097	76737	76737803391808183743254678441389432599765630055	63477
1610	730750818665451459101842416358141509827966273098	59321	593213658663668704967755738632673257551983918285	46061
1611	730750818665451459101842416358141509827966273099	18652	186526559668641479937235620800160798558968945088	5392
1612	730750818665451459101842416358141509827966273100	66777	667779595511356321133274378451590312693577206296	53517
1613	730750818665451459101842416358141509827966273101	35129	351299810111694674160317482363851030464268654528	21869
1614	730750818665451459101842416358141509827966273102	18109	181096020627833254371746358434002429963182052592	4849
1615	730750818665451459101842416358141509827966273103	62342	623423588431933268926504807587447622103441302209	49082
1616	730750818665451459101842416358141509827966273104	59320	593206681564936214295664836264607905254812750448	46060
1617	730750818665451459101842416358141509827966273105	14431	144313681053391351031712270729076996296380289378	1171
1618	730750818665451459101842416358141509827966273106	35150	351500643872012614089198922509432654370968415922	21890
1619	730750818665451459101842416358141509827966273107	82481	824818501562430701044577761510607656735897497889	69221
1620	730750818665451459101842416358141509827966273108	11231	1123131382190878106741678370501121448921799497130	2029
1621	730750818665451459101842416358141509827966273109	70966	709664904462477820410857710342832096800820172056	57706
1622	730750818665451459101842416358141509827966273110	10517	1051737241954228690959515818181268465795916012486	2743
1623	730750818665451459101842416358141509827966273111	13586	1358624022817366966141032874984832232955351638466	326
1624	730750818665451459101842416358141509827966273112	10366	1036671501228708764570826879171413905702991702657	2894
1625	730750818665451459101842416358141509827966273113	70827	708274191486152265896843437242370724874216668232	57567
1626	730750818665451459101842416358141509827966273114	37821	378217755070401756057992231264406083204640309142	24561
1627	730750818665451459101842416358141509827966273115	14207	1420754918137120963061904933486228106292220573329	947
1628	730750818665451459101842416358141509827966273116	20334	203349420904604740898753498536686881521474224988	7074
1629	730750818665451459101842416358141509827966273117	10343	1034390524959288376479798832930094554222111414551	2917
1630	730750818665451459101842416358141509827966273118	13163	1316367270013724232058539313473213827846475174543	97
1631	730750818665451459101842416358141509827966273119	66519	665197774379809712079713847663985430591622857612	53259
1632	730750818665451459101842416358141509827966273120	98994	989940319042021730794915304883654009898237027830	85734
1633	730750818665451459101842416358141509827966273121	43339	433391879816436402720619426512234709677752197692	30079
1634	730750818665451459101842416358141509827966273122	12691	1269105279537493750526399928180348989700715588612	569
1635	730750818665451459101842416358141509827966273123	66526	665262437401534489877487240716154500593022600299	53266
1636	730750818665451459101842416358141509827966273124	22897	228972107786110763574994000846695206930493928266	9637
1637	730750818665451459101842416358141509827966273125	79208	792088272782240926033500702053562886339358300561	65948
1638	730750818665451459101842416358141509827966273126	13716	1371622651570022948300798020390204087748970533835	456
1639	730750818665451459101842416358141509827966273127	13141	1314153598249866980674783154163364584028669856168	119
1640	730750818665451459101842416358141509827966273128	10925	1092577199569661112761481289773860328522169195679	2335
1641	730750818665451459101842416358141509827966273129	65488	654888002718642148015327605143025012217359843179	52228
1642	730750818665451459101842416358141509827966273130	40118	401181939893597862113190196792044576139218347071	26858
1643	730750818665451459101842416358141509827966273131	13723	1372378257756886191275739709709152963106314169972	463
1644	730750818665451459101842416358141509827966273132	89328	893289663225023343117708419651059335386206744961	76068
1645	730750818665451459101842416358141509827966273133	59885	59885850318154529313096045714003748907100369776	46625
1646	730750818665451459101842416358141509827966273134	92737	927371582455759404698289734659615840781136122501	79477
1647	730750818665451459101842416358141509827966273135	18340	183404126756916249651379357782375605307415387192	5080
1648	730750818665451459101842416358141509827966273136	41803	418039277190954369299320032277368666157605802984	28543
1649	730750818665451459101842416358141509827966273137	11064	1106494372198312083191903497710915984123849849453	2196
1650	730750818665451459101842416358141509827966273138	11196	1119662966559942938794430138283925740574931228501	2064
1651	730750818665451459101842416358141509827966273139	90130	901306755289809497666807566987742578441967424841	76870
1652	730750818665451459101842416358141509827966273140	44725	447251660831785370559840072272096463846610270524	31465
1653	730750818665451459101842416358141509827966273141	13445	1344539626524551880259267665144905243207323181247	185
1654	730750818665451459101842416358141509827966273142	69237	692379771064071964349601702298158523795255889384	55977
1655	730750818665451459101842416358141509827966273143	12674	126740661955315598149886924693262856128228506196	586
1656	730750818665451459101842416358141509827966273144	11184	1118419452048668134877513753844176338735940623687	2076
1657	730750818665451459101842416358141509827966273145	84982	849822272503805544030942382413085211861670471192	71722
1658	730750818665451459101842416358141509827966273146	57050	570503963682022592923725374275450522879157780028	43790
1659	730750818665451459101842416358141509827966273147	13175	1317564343632021787284081315129570000214917327298	85
1660	730750818665451459101842416358141509827966273148	81137	811374388836445932933945453055169462815680139243	67877
1661	730750818665451459101842416358141509827966273149	97010	97010461708479756551063240650014515724250715707	83750
1662	730750818665451459101842416358141509827966273150	21406	214061386519146134270501433719100064983850071407	8146
1663	730750818665451459101842416358141509827966273151	40956	409568919229861217090005949367647642727940424476	27696
1664	730750818665451459101842416358141509827966273152	92028	920283170940239467711491142531536758614619563839	78768
1665	730750818665451459101842416358141509827966273153	30958	309587608836330070455397517579147612867029635572	17698
1666	730750818665451459101842416358141509827966273154	44406	44406729897740409476004562196291267764567754901	31146
1667	730750818665451459101842416358141509827966273155	42500	425000257444722008768650337083577790551348731553	29240
1668	730750818665451459101842416358141509827966273156	77493	774932569238672662438791983945751228899088327438	64233
1669	730750818665451459101842416358141509827966273157	30834	308341121412581126209848115167164417013016945227	17574
1670	730750818665451459101842416358141509827966273158	99834	998344596499112914015868433605930439434592567135	86574
1671	730750818665451459101842416358141509827966273159	29615	296150289070923453021421983420961252782941282561	16355
1672	730750818665451459101842416358141509827966273160	13582	1358240234267059314303954105935086168936028215268	322
1673	730750818665451459101842416358141509827966273161	49437	494376239793844787339245308174934934021362062589	36177
1674	730750818665451459101842416358141509827966273162	81571	815714033174364536671675834196457811454204844223	68311
1675	730750818665451459101842416358141509827966273163	28662	286625638093677611784091726925309126516987631247	15402
1676	730750818665451459101842416358141509827966273164	93284	932840433168818291406108217596709024822666802507	80024
1677	730750818665451459101842416358141509827966273165	63528	635283546874881063417263539812202163001870822113	50268
1678	730750818665451459101842416358141509827966273166	22122	22122460431523573834320227811818426086584475662	8862
1679	730750818665451459101842416358141509827966273167	14276	1427671308170128150027215456698543323441910493959	1016
1680	730750818665451459101842416358141509827966273168	88636	886361276601054029464292294414038808912830027472	75376
1681	730750818665451459101842416358141509827966273169	76423	764238020113832413602811110902930965143736507192	63163
1682	730750818665451459101842416358141509827966273170	57085	570850623091785269949351921850631279387666154635	43825
1683	730750818665451459101842416358141509827966273171	10168	101681610127190942789705495197954110641412399731	3092
1684	730750818665451459101842416358141509827966273172	13115	1311591970195232449602662048346179221477852901972	145
1685	730750818665451459101842416358141509827966273173	42705	427057680644728834402968594811195122124758477386	29445
1686	730750818665451459101842416358141509827966273174	10738	1073833822368973837368164221343283675040572980767	2522
1687	730750818665451459101842416358141509827966273175	90778	907782721979843030114155577669884849481399590736	77518
1688	730750818665451459101842416358141509827966273176	11875	1187576342399485577510373605645654212742522888768	1385
1689	730750818665451459101842416358141509827966273177	10330	1033053795307751219508211811612131701937247647550	2930
1690	730750818665451459101842416358141509827966273178	13428	134281694066932150242491565451670838713734859524	168
1691	730750818665451459101842416358141509827966273179	77944	779446628488151329164061872452703266421650879095	64684
1692	730750818665451459101842416358141509827966273180	70331	703313914439418095709973392335472583806582226661	57071
1693	730750818665451459101842416358141509827966273181	40201	402015773132570668640190594395358920236491937076	26941
1694	730750818665451459101842416358141509827966273182	22145	221450213591959600849450529300298110257552678273	8885
1695	730750818665451459101842416358141509827966273183	92801	928012230521285862410024909940083959546347543230	79541
1696	730750818665451459101842416358141509827966273184	10286	1028667820695501611704674149868754148585648621721	2974
1697	730750818665451459101842416358141509827966273185	94683	946831038879012606450779303604838418656426161710	81423
1698	730750818665451459101842416358141509827966273186	94881	948814838577538384445735139389874459473876176224	81621
1699	730750818665451459101842416358141509827966273187	11417	1141730489709690892747563001770830512147309756804	1843
1700	730750818665451459101842416358141509827966273188	33063	330632884204611725784855931506330121699640878398	19803
1701	730750818665451459101842416358141509827966273189	20440	204405725702200540949363701243011893953871521144	7180
1702	730750818665451459101842416358141509827966273190	74962	749623171454330927713912963696872768686071775029	61702
1703	730750818665451459101842416358141509827966273191	26510	265103976579613848916535199709796887035609122215	13250
1704	730750818665451459101842416358141509827966273192	77692	776922238712441365608436786743497386537454037202	64432
1705	730750818665451459101842416358141509827966273193	74899	748999311345015922110951696240082844004254637668	61639
1706	730750818665451459101842416358141509827966273194	65114	651145098039427980370138766170717199415013341761	51854
1707	730750818665451459101842416358141509827966273195	63150	631503627529225939519126357295912284192978045879	49890
1708	730750818665451459101842416358141509827966273196	26088	260882367384653176360536895655337524169683572362	12828
1709	730750818665451459101842416358141509827966273197	14515	1451573206405232349756109504090953655849325336292	1255
1710	730750818665451459101842416358141509827966273198	12765	1276594776124770645454935426440935473615996346870	495
1711	730750818665451459101842416358141509827966273199	76692	766929759894544840386756114570895882371217224460	63432
1712	730750818665451459101842416358141509827966273200	95621	956213948060672523287626409064821185694319826495	82361
1713	730750818665451459101842416358141509827966273201	31700	317002020652749325418913331090553050046661372027	18440
1714	730750818665451459101842416358141509827966273202	10979	109795612389347975536069681052587341524477149344	2281
1715	730750818665451459101842416358141509827966273203	18007	18007206883239560938606816261659862165750260145	4747
1716	730750818665451459101842416358141509827966273204	13357	1335725012927475573185102960978036205500304376961	97
1717	730750818665451459101842416358141509827966273205	13046	130465927279764983547947442962632432695367698064	214
1718	730750818665451459101842416358141509827966273206	44104	441046843266479784110472745684089624256218142910	30844
1719	730750818665451459101842416358141509827966273207	13776	1377680139168279137234140747611516161068584827670	516
1720	730750818665451459101842416358141509827966273208	10172	1017247928096911664997767563433379896536628291863	3088
1721	730750818665451459101842416358141509827966273209	93727	937271156489031263678939866589986499936831845834	80467
1722	730750818665451459101842416358141509827966273210	14302	1430274185580056105085449484778077508272622677647	1042
1723	730750818665451459101842416358141509827966273211	12078	1207810871063979689825361750040263145347664784530	1182
1724	730750818665451459101842416358141509827966273212	54439	544390159650548527726883558948818232708721705052	41179
1725	730750818665451459101842416358141509827966273213	12392	1239265427298829041789155953098034091571372028255	868
1726	730750818665451459101842416358141509827966273214	21861	218611411842267169993770399294832922082031454870	8601
1727	730750818665451459101842416358141509827966273215	12088	1208890738131638449878555367905392273897880629897	1172
1728	730750818665451459101842416358141509827966273216	10710	1071065808157602297275876304544888109696413913304	2550
1729	730750818665451459101842416358141509827966273217	40762	407627715571348919296912233110424017835911911706	27502
1730	730750818665451459101842416358141509827966273218	47675	476756914624082353262965510707093532166157633905	34415
1731	730750818665451459101842416358141509827966273219	28857	288577310086882914059672034909937037527727947913	15597
1732	730750818665451459101842416358141509827966273220	10144	1014498505396334078837911577014778939356559911878	3116
1733	730750818665451459101842416358141509827966273221	10402	1040213949169611543944517554468653078340076549827	2858
1734	730750818665451459101842416358141509827966273222	11907	1190727208237872175685219347650631053344759792817	1353
1735	730750818665451459101842416358141509827966273223	85743	85743454712048801074204523297662610279179242538	72483
1736	730750818665451459101842416358141509827966273224	14032	1403222935550631144859349498505145810084414040996	772
1737	730750818665451459101842416358141509827966273225	13207	1320785110465339449801147301083364931548017977966	53
1738	730750818665451459101842416358141509827966273226	53516	535161853428846192574626575883046507365363497059	40256
1739	730750818665451459101842416358141509827966273227	89848	89848303459728235621592896678992755935532807395	76588
1740	730750818665451459101842416358141509827966273228	10257	1025781260185737221510325061070148817460095499888	3003
1741	730750818665451459101842416358141509827966273229	84753	84753263044348309701433168725586470464857635140	71493
1742	730750818665451459101842416358141509827966273230	22835	228357439297571768841768917877159774957096731781	9575
1743	730750818665451459101842416358141509827966273231	12817	1281745804241649094187473057391564156811463967602	443
1744	730750818665451459101842416358141509827966273232	91450	914507622838605699584536189139261359551674399549	78190
1745	730750818665451459101842416358141509827966273233	40046	400464386821759541135552779098739248751976411698	26786
1746	730750818665451459101842416358141509827966273234	28078	280789446930849608845425392458732154600609628926	14818
1747	730750818665451459101842416358141509827966273235	12219	1221992508297056413503423390867488071813273210252	1041
1748	730750818665451459101842416358141509827966273236	11099	1109990689019211991391915336324525443662417839802	2161
1749	730750818665451459101842416358141509827966273237	17397	173978880650183921730879241834067216734771022910	4137
1750	730750818665451459101842416358141509827966273238	46593	46593200713469913708151523619321797529600316332	33333
1751	730750818665451459101842416358141509827966273239	89568	895683183244338735389106304787418929137908657782	76308
1752	730750818665451459101842416358141509827966273240	12241	1224145221392019380467329904000296089604112405500	1019
1753	730750818665451459101842416358141509827966273241	62763	627636251218701837234307158102413274906287048564	49503
1754	730750818665451459101842416358141509827966273242	58364	583640447622864737595059095526352449664482055875	45104
1755	730750818665451459101842416358141509827966273243	19909	199099235716076226985276392919578208917390024147	6649
1756	730750818665451459101842416358141509827966273244	10461	1046160451417714608124698334856267241867707089133	2799
1757	730750818665451459101842416358141509827966273245	11411	1141143936564980953562197049288709761101180215664	1849
1758	730750818665451459101842416358141509827966273246	11024	1102429491616292642361083756643528048253021760722	2236
1759	730750818665451459101842416358141509827966273247	21796	217962477677152668256434233221818946490449653836	8536
1760	730750818665451459101842416358141509827966273248	87464	874643823055176872212581193322569676953900998124	74204
1761	730750818665451459101842416358141509827966273249	12388	1238808241624893027427589804233760830398787594897	872
1762	730750818665451459101842416358141509827966273250	58490	58490565941012850144252402571667167847775472579	45230
1763	730750818665451459101842416358141509827966273251	23483	234837573577283571436315741124144415329493948459	10223
1764	730750818665451459101842416358141509827966273252	13246	1324686076032143476229786802322755152983276783713	14
1765	730750818665451459101842416358141509827966273253	14524	1452437761972473659542051386381460503705331416793	1264
1766	730750818665451459101842416358141509827966273254	14531	1453135885476125292549833156146521751442933113148	1271
1767	730750818665451459101842416358141509827966273255	82898	828982240061231957883858132789496685523815055644	69638
1768	730750818665451459101842416358141509827966273256	46415	464152883283813897121687598248304701968967633161	33155
1769	730750818665451459101842416358141509827966273257	39329	393296053462097204712847051208344333964200592577	26069
1770	730750818665451459101842416358141509827966273258	12043	1204377679400997911471741438986899617590900516715	1217
1771	730750818665451459101842416358141509827966273259	36132	36132539404597843906334148823043097768139969595	22872
1772	730750818665451459101842416358141509827966273260	45238	452386117489058086900756209721291636935374107917	31978
1773	730750818665451459101842416358141509827966273261	19701	197013295010340237406109270053916766011134564631	6441
1774	730750818665451459101842416358141509827966273262	14400	144003506721683249228906989877369413374655206016	1140
1775	730750818665451459101842416358141509827966273263	30900	309008977915956758228049886500509678867140118662	17640
1776	730750818665451459101842416358141509827966273264	11925	1192563304117974789977368349145504378361374206981	1335
1777	730750818665451459101842416358141509827966273265	11736	1173691262698653293219345273768259608920555126459	1524
1778	730750818665451459101842416358141509827966273266	12492	1249242377147602524608473650615854611164024390554	768
1779	730750818665451459101842416358141509827966273267	72724	727244254410567295866976154647523257216236879967	59464
1780	730750818665451459101842416358141509827966273268	43423	434239762680601752110159708474282299176548790099	30163
1781	730750818665451459101842416358141509827966273269	82978	829789954316342729213364298017924435983332909507	69718
1782	730750818665451459101842416358141509827966273270	61627	616279048936240131294940284007382507648525693203	48367
1783	730750818665451459101842416358141509827966273271	53760	537606362173111228390466038665572492489261473544	40500
1784	730750818665451459101842416358141509827966273272	39879	398797784843317401066238094442923404610640291576	26619
1785	730750818665451459101842416358141509827966273273	11373	1137303943758941265446709441599246497132548279870	1887
1786	730750818665451459101842416358141509827966273274	27570	275703895521136364890866563548527094773581467791	14310
1787	730750818665451459101842416358141509827966273275	25578	255784454025485860318556759476905348863766670816	12318
1788	730750818665451459101842416358141509827966273276	10032	1003279586479439526718920681873755724825267105139	3228
1789	730750818665451459101842416358141509827966273277	54821	548213031690367022767663319496256828173547898977	41561
1790	730750818665451459101842416358141509827966273278	13714	1371433885929516650372806715621966294644722831112	454
1791	730750818665451459101842416358141509827966273279	46199	461990311265712109844802818568942859456736297825	32939
1792	730750818665451459101842416358141509827966273280	18892	188927676853457126491631652264901697740353089648	5632
1793	730750818665451459101842416358141509827966273281	11632	1163243314830545965090460012295551861210158432589	1628
1794	730750818665451459101842416358141509827966273282	12865	1286508547653811789924423684317930053729242487146	395
1795	730750818665451459101842416358141509827966273283	24589	245898127150518697551119009465995798319381829759	11329
1796	730750818665451459101842416358141509827966273284	74079	740791958013598298664769484433581392900281039081	60819
1797	730750818665451459101842416358141509827966273285	47096	470961706418121013854022076822876552272561488970	33836
1798	730750818665451459101842416358141509827966273286	16448	164482007577557406458458836027424512398991554117	3188
1799	730750818665451459101842416358141509827966273287	10694	1069471347479345646473439568612791815922858385483	2566
1800	730750818665451459101842416358141509827966273288	12284	1228466044761585804394464036894502743025176003830	976
1801	730750818665451459101842416358141509827966273289	19556	195565312705731068294222334202830665040301191731	6296
1802	730750818665451459101842416358141509827966273290	61415	614151603172761310311688851596797473021129930474	48155
1803	730750818665451459101842416358141509827966273291	23111	231110563387666897867142102685306584630579024907	9851
1804	730750818665451459101842416358141509827966273292	97961	97961949717722815675966345340937491452247900403	84701
1805	730750818665451459101842416358141509827966273293	10161	1016199172834422152411477153445563733358489741747	3099
1806	730750818665451459101842416358141509827966273294	12040	1204068312198161244037651504398059217031515581647	1220
1807	730750818665451459101842416358141509827966273295	13590	1359078827630433119410626426558254831176836825235	330
1808	730750818665451459101842416358141509827966273296	22878	228787662320659201643266781932580061627569312089	9618
1809	730750818665451459101842416358141509827966273297	81219	812195880116449206175315868259867240522801649807	67959
1810	730750818665451459101842416358141509827966273298	14378	143788252527119628441998660679641066182024515128	1118
1811	730750818665451459101842416358141509827966273299	25050	250508782719300076888455869802902608039627609932	11790
1812	730750818665451459101842416358141509827966273300	82179	821791611074874556555819796385954138959068504954	68919
1813	730750818665451459101842416358141509827966273301	67435	674354346042154414574012629759931242998859021554	54175
1814	730750818665451459101842416358141509827966273302	13570	1357000498609929193841707739192744192990115768791	310
1815	730750818665451459101842416358141509827966273303	89299	892997867750891359359223048029895345024769125611	76039
1816	730750818665451459101842416358141509827966273304	44006	440067737875305666653595558028400406546910279487	30746
1817	730750818665451459101842416358141509827966273305	75918	759181502627898026103780101979675520740793060443	62658
1818	730750818665451459101842416358141509827966273306	27481	274813225340064959735684816973812374785263882292	14221
1819	730750818665451459101842416358141509827966273307	12523	1252347810497836151872911058624812291964648836828	737
1820	730750818665451459101842416358141509827966273308	77159	771599731646919259227299030599361975892302826060	63899
1821	730750818665451459101842416358141509827966273309	34412	344124940744040212650110106223748993598916851849	21152
1822	730750818665451459101842416358141509827966273310	43757	437575031571930485231792507567984823451728069112	30497
1823	730750818665451459101842416358141509827966273311	59633	596337848513240487284550890838609868706824299682	46373
1824	730750818665451459101842416358141509827966273312	60577	605774864287749293774325074494820054402662671220	47317
1825	730750818665451459101842416358141509827966273313	11266	1126631008240677776605863177614526009708882342706	1994
1826	730750818665451459101842416358141509827966273314	20475	204758234754245235822521363114694853757724141672	7215
1827	730750818665451459101842416358141509827966273315	15535	155356082869932329598476673574848782305803707892	2275
1828	730750818665451459101842416358141509827966273316	10926	109266296237963308563711378047186495934292693902	2334
1829	730750818665451459101842416358141509827966273317	12820	1282012989248586415015332541906377294871659348764	440
1830	730750818665451459101842416358141509827966273318	32244	322444460492157782535133111636931452287412754743	18984
1831	730750818665451459101842416358141509827966273319	12819	1281921559269469966550668075668438870639478318765	441
1832	730750818665451459101842416358141509827966273320	64256	642566574414974303776518648967223439439247052172	50996
1833	730750818665451459101842416358141509827966273321	70809	708090166431963812986025649502497071575845238267	57549
1834	730750818665451459101842416358141509827966273322	12655	1265596189856661873358727666999555724205777387663	605
1835	730750818665451459101842416358141509827966273323	13040	1304041443793481195350814566128484055068647908003	220
1836	730750818665451459101842416358141509827966273324	11161	1116152649912015581447346284842432406184788939400	2099
1837	730750818665451459101842416358141509827966273325	32290	322906445650151412256646156314281400996390242466	19030
1838	730750818665451459101842416358141509827966273326	11442	1144205166456918000588290911752308848544830905879	1818
1839	730750818665451459101842416358141509827966273327	65787	65787464375845006656494703897377543174714198582	52527
1840	730750818665451459101842416358141509827966273328	42157	42157283837640445501121356173618664034947295872	28897
1841	730750818665451459101842416358141509827966273329	14085	1408561182400769037815699238887524591433515045667	825
1842	730750818665451459101842416358141509827966273330	11049	1104971125807557375887414229658881973770863370889	2211
1843	730750818665451459101842416358141509827966273331	39125	391255957855455870191941276876702905170321055229	25865
1844	730750818665451459101842416358141509827966273332	14077	140775272123610364967990824294498074111341515070	817
1845	730750818665451459101842416358141509827966273333	11629	116294356541417841717191644154645523833605	1631
1846	730750818665451459101842416358141509827966273334	95165	951652201784290562972841805875579103983431281777	81905
1847	730750818665451459101842416358141509827966273335	43202	432025558821894261448207025506021084619519744702	29942
1848	730750818665451459101842416358141509827966273336	46147	461478246847662716273084581653124789261780186903	32887
1849	730750818665451459101842416358141509827966273337	50047	500470654427220359817795271461448989993405257898	36787
1850	730750818665451459101842416358141509827966273338	13813	1381332320734908995148060502519476769611646658508	553
1851	730750818665451459101842416358141509827966273339	10155	1015514765241499951214444617272989642207517091	3105
1852	730750818665451459101842416358141509827966273340	73078	7307815104243165048693809149518617766731162879	59818
1853	730750818665451459101842416358141509827966273341	14570	1457076479881119164018386881294906475746691926971	1310
1854	730750818665451459101842416358141509827966273342	14594	1459414068925302371574099464595569260883106338699	1334
1855	730750818665451459101842416358141509827966273343	18475	184751109939042592015611421686490455835644895353	5215
1856	730750818665451459101842416358141509827966273344	19135	191356048272638835461325294894778540480156078459	5875
1857	730750818665451459101842416358141509827966273345	10172	1017224261045539024788115665177592126263860157312	3088
1858	730750818665451459101842416358141509827966273346	88702	887023185764316562834212920672591533825294459300	75442
1859	730750818665451459101842416358141509827966273347	86875	868758909471415183861275597247783135345576591739	73615
1860	730750818665451459101842416358141509827966273348	55281	55281400801463536452103472770062823547701916470	42021
1861	730750818665451459101842416358141509827966273349	16519	165192294642307455607617532697442501006805321986	3259
1862	730750818665451459101842416358141509827966273350	92347	923476723720444920937267404038664202892820248561	79087
1863	730750818665451459101842416358141509827966273351	51336	513369779683733718902073794823569119156283919648	38076
1864	730750818665451459101842416358141509827966273352	45715	457158268923045387372012919268625607838931126037	32455
1865	730750818665451459101842416358141509827966273353	10675	1067552100062707519020277071790866189883837001678	2585
1866	730750818665451459101842416358141509827966273354	12349	1234978395813374282325265443072178224732688558317	911
1867	730750818665451459101842416358141509827966273355	88390	883901935529499375932922199576051865585842290138	75130
1868	730750818665451459101842416358141509827966273356	12367	1236740428367119522655821887420902429883778903096	893
1869	730750818665451459101842416358141509827966273357	11559	1155949883098209108913247405787902857383243942615	1701
1870	730750818665451459101842416358141509827966273358	42048	420486833419641307228112264996776240337041198302	28788
1871	730750818665451459101842416358141509827966273359	81966	819660744707179375445137603319503972885860261401	68706
1872	730750818665451459101842416358141509827966273360	67241	672410938491653590721227452015880449397548670728	53981
1873	730750818665451459101842416358141509827966273361	47945	47945546337887624707843725016785792567067872760	34685
1874	730750818665451459101842416358141509827966273362	74857	748579496571323111148458766978158045737237984260	61597
1875	730750818665451459101842416358141509827966273363	72351	723510043828114125868616402540421670718408308347	59091
1876	730750818665451459101842416358141509827966273364	12308	1230803702825961147607040454783118833757112412158	952
1877	730750818665451459101842416358141509827966273365	59131	591316657316572066266164316172787096056267854410	45871
1878	730750818665451459101842416358141509827966273366	10654	1065494649689647651002228075688173949265960110916	2606
1879	730750818665451459101842416358141509827966273367	66406	664068504408071659543109028570649777255816461384	53146
1880	730750818665451459101842416358141509827966273368	32573	325730081885094536360007789940956151511735657477	19313
1881	730750818665451459101842416358141509827966273369	75362	75362972900098122767238091614981260800668899998	62102
1882	730750818665451459101842416358141509827966273370	77443	774435364441886126642855416064121989260298627155	64183
1883	730750818665451459101842416358141509827966273371	30530	305306360344524072538372790029732272516172648740	17270
1884	730750818665451459101842416358141509827966273372	11995	1199572461796444831585559361086014679842049933239	1265
1885	730750818665451459101842416358141509827966273373	20833	208336746627199471469183268334704006818074020689	7573
1886	730750818665451459101842416358141509827966273374	11200	1120051835332163310655074500347854081230860272533	2060
1887	730750818665451459101842416358141509827966273375	12302	123026109137952008693881050003316891207194283824	958
1888	730750818665451459101842416358141509827966273376	10765	1076524741071142600276122714563107743706955141514	2495
1889	730750818665451459101842416358141509827966273377	87677	876775174722543157203913977177731249175975135368	74417
1890	730750818665451459101842416358141509827966273378	13259	1325953744319739618355804233514159386849809234761	1
1891	730750818665451459101842416358141509827966273379	12599	1259923517789672944352529353482120118537078510209	661
1892	730750818665451459101842416358141509827966273380	75887	758872349820542213447282142189317020521287575696	62627
1893	730750818665451459101842416358141509827966273381	31321	313211170704478402902587488302295278508347455492	18061
1894	730750818665451459101842416358141509827966273382	34963	349632587154181812025851547416280392107890935279	21703
1895	730750818665451459101842416358141509827966273383	65922	659223344621925676091039489711228798445406041015	52662
1896	730750818665451459101842416358141509827966273384	96284	962843513481867216559133134957206427627596114937	83024
1897	730750818665451459101842416358141509827966273385	97484	974849777067986764895159912962152521708539342129	84224
1898	730750818665451459101842416358141509827966273386	45347	453478777391746819175529523020919408046396484780	32087
1899	730750818665451459101842416358141509827966273387	44581	4458179291255397237629934350557864596246840797	31321
1900	730750818665451459101842416358141509827966273388	13821	138211076438412196908746618082809357030573040713	561
1901	730750818665451459101842416358141509827966273389	12633	1263319640775338137076921547517738161168984150888	627
1902	730750818665451459101842416358141509827966273390	42975	429759197976264370824418795438985306989227147603	29715
1903	730750818665451459101842416358141509827966273391	96906	969068838425044748859469615747780161896719341358	83646
1904	730750818665451459101842416358141509827966273392	24555	245558738271321095554806023480474807595127617435	11295
1905	730750818665451459101842416358141509827966273393	52884	528844453992695696486518912895352485464071400716	39624
1906	730750818665451459101842416358141509827966273394	57349	573494418466013203363957948965196447237164262127	44089
1907	730750818665451459101842416358141509827966273395	13716	1371657607753437044562361089061669847506052834129	456
1908	730750818665451459101842416358141509827966273396	29025	290250925275368764428524195125623945976887563803	15765
1909	730750818665451459101842416358141509827966273397	17101	171013088454156933886870769500685975485866908743	3841
1910	730750818665451459101842416358141509827966273398	28015	2801577309094133693027450215071490992345269772	14755
1911	730750818665451459101842416358141509827966273399	12047	1204754328180780319922711628410162696092566314826	1213
1912	730750818665451459101842416358141509827966273400	23447	234473462613725606743885283990137318666358022705	10187
1913	730750818665451459101842416358141509827966273401	11465	1146546569840680971387399322236533575280397887740	1795
1914	730750818665451459101842416358141509827966273402	14053	1405353919667778122754079930830980085448221895728	793
1915	730750818665451459101842416358141509827966273403	88374	883745434564469702789342948675402551193595842544	75114
1916	730750818665451459101842416358141509827966273404	77770	777704116875415544748295843612290010601871129132	64510
1917	730750818665451459101842416358141509827966273405	13692	1369246673871056836460784939434056210061103632647	432
1918	730750818665451459101842416358141509827966273406	17939	179394622448206199681055039699410463866053882608	4679
1919	730750818665451459101842416358141509827966273407	13835	1383557760245522970805080943578699094829112918318	575
1920	730750818665451459101842416358141509827966273408	66243	66243109376831629016489913841227286409870850216	52983
1921	730750818665451459101842416358141509827966273409	16132	161327190254341771000621963747762227528006232362	2872
1922	730750818665451459101842416358141509827966273410	49961	499614399622592023151131312583959861543534878447	36701
1923	730750818665451459101842416358141509827966273411	96909	969090342630725934139638336125132900727290302713	83649
1924	730750818665451459101842416358141509827966273412	14083	1408342802282406874521819325681577885742853443232	823
1925	730750818665451459101842416358141509827966273413	84375	843755263361724503219762782667092773939633931622	71115
1926	730750818665451459101842416358141509827966273414	47607	476076240992900037475366915692201535763776149490	34347
1927	730750818665451459101842416358141509827966273415	11956	1195674429966557342412904364973019088172129802537	1304
1928	730750818665451459101842416358141509827966273416	84705	847052309514983055769041764402752421576540591199	71445
1929	730750818665451459101842416358141509827966273417	42673	426731785237365783363745444769306336434907194850	29413
1930	730750818665451459101842416358141509827966273418	10856	1085690344684532586666846690477956469794023051111	2404
1931	730750818665451459101842416358141509827966273419	74203	74203281962307473990694839863047077544705510355	60943
1932	730750818665451459101842416358141509827966273420	11154	1115485866262031017108436012173316311093353841537	2106
1933	730750818665451459101842416358141509827966273421	10485	1048536875380153624794003561985521342342273131302	2775
1934	730750818665451459101842416358141509827966273422	80365	803651300166910462028867676527711694283844727676	67105
1935	730750818665451459101842416358141509827966273423	12070	1207040957751981814994300280973967260713159089541	1190
1936	730750818665451459101842416358141509827966273424	44188	441888811381880972018408137976093577976960462786	30928
1937	730750818665451459101842416358141509827966273425	31373	313730689121387805991989515858742181668656640075	18113
1938	730750818665451459101842416358141509827966273426	11361	1136184353627458926594256472470471050892387069495	1899
1939	730750818665451459101842416358141509827966273427	10571	1057121411043528629798474332130613161525485726209	2689
1940	730750818665451459101842416358141509827966273428	32431	324310777479432128323700507405653716853056939151	19171
1941	730750818665451459101842416358141509827966273429	10573	1057352081536907910768354967768315211854570311185	2687
1942	730750818665451459101842416358141509827966273430	67411	674118888010941044146822059489918862932126981027	54151
1943	730750818665451459101842416358141509827966273431	35492	354927233935132561712903414129412444186023075158	22232
1944	730750818665451459101842416358141509827966273432	31959	319594959231918316928449628373366012206085911724	18699
1945	730750818665451459101842416358141509827966273433	19445	194452442877796900771488797457022703463299167237	6185
1946	730750818665451459101842416358141509827966273434	31596	315968992735760160346589248758543747836696165173	18336
1947	730750818665451459101842416358141509827966273435	13546	1354693445790105911174249264556816226298481091178	286
1948	730750818665451459101842416358141509827966273436	83051	830515224887777640400799439320070921978535679676	69791
1949	730750818665451459101842416358141509827966273437	14582	1458242152881422135531657694243613592157115147448	1322
1950	730750818665451459101842416358141509827966273438	14419	1441981877422352719533385564342866093548351521183	1159
1951	730750818665451459101842416358141509827966273439	37453	374539082911908416541414916691528159158009161194	24193
1952	730750818665451459101842416358141509827966273440	38528	385286233127958301739276343788914650130158605908	25268
1953	730750818665451459101842416358141509827966273441	51029	51029515289253175222124458812008641822798454878	37769
1954	730750818665451459101842416358141509827966273442	24778	247782736556240371662146302666599822932079334131	11518
1955	730750818665451459101842416358141509827966273443	12194	121942545091824920042790987850082491642660230310	1066
1956	730750818665451459101842416358141509827966273444	71149	71149410767323653129322862490643396295291128977	57889
1957	730750818665451459101842416358141509827966273445	63375	633753725555375526158831321344763743004642151265	50115
1958	730750818665451459101842416358141509827966273446	10789	1078906469326724752874768649130998275340075168834	2471
1959	730750818665451459101842416358141509827966273447	23732	237329311707860706284112059884849710146606664318	10472
1960	730750818665451459101842416358141509827966273448	10948	1094851525775972049249719345682802343938837761489	2312
1961	730750818665451459101842416358141509827966273449	69790	697902705195191188099176945616485792764764948794	56530
1962	730750818665451459101842416358141509827966273450	91210	912100231880003707347729848137596791512598359463	77950
1963	730750818665451459101842416358141509827966273451	11549	1154948204292012685683374810435460624075812972212	1711
1964	730750818665451459101842416358141509827966273452	14007	1400758168727524964322656427441222358987784010606	747
1965	730750818665451459101842416358141509827966273453	66858	668580705213939311806732618669167007572532312224	53598
1966	730750818665451459101842416358141509827966273454	11074	1107429646184470323432317109383307109075901570131	2186
1967	730750818665451459101842416358141509827966273455	24917	249174439579481636480373902116668208995357792931	11657
1968	730750818665451459101842416358141509827966273456	12056	120562565513908429850494221084581226155158198628	1204
1969	730750818665451459101842416358141509827966273457	10030	1003032666496654286105409854594257160830338955807	3230
1970	730750818665451459101842416358141509827966273458	11120	1112089228238807168788496866556940639177352481902	2140
1971	730750818665451459101842416358141509827966273459	10257	1025726041969548629300361896733129287669956295370	3003
1972	730750818665451459101842416358141509827966273460	80436	804369476134191944014711081622348472263906739766	67176
1973	730750818665451459101842416358141509827966273461	31188	311888140564038731425618193240237395348089361451	17928
1974	730750818665451459101842416358141509827966273462	78559	785591793526616704581299355739754869790791982867	65299
1975	730750818665451459101842416358141509827966273463	63588	635880187075049383487479308938896315866670342804	50328
1976	730750818665451459101842416358141509827966273464	79203	792035225862992858779273225134311778964409901270	65943
1977	730750818665451459101842416358141509827966273465	10923	1092357271165972166088861320055954645093736005416	2337
1978	730750818665451459101842416358141509827966273466	16189	161895516659929548735124860766909406697849198844	2929
1979	730750818665451459101842416358141509827966273467	54645	546453423241292897496517268345008280668985637003	41385
1980	730750818665451459101842416358141509827966273468	78973	789731046606697548415615961389196298704427393529	65713
1981	730750818665451459101842416358141509827966273469	22948	229482603949724265796129811798291330657732905648	9688
1982	730750818665451459101842416358141509827966273470	48520	485200984769132307008694100919176433165997566580	35260
1983	730750818665451459101842416358141509827966273471	89329	893294937638700834611757571392701249190667311635	76069
1984	730750818665451459101842416358141509827966273472	52307	523076443547020843085498060266738789228923359724	39047
1985	730750818665451459101842416358141509827966273473	90454	904541196218226713384064901013580784744546019562	77194
1986	730750818665451459101842416358141509827966273474	49629	496292009753864450786812368320722984535275568184	36369
1987	730750818665451459101842416358141509827966273475	10548	1054870152136482765963424108425508026006733916303	2712
1988	730750818665451459101842416358141509827966273476	90442	904424005437168050576458334353886901197395007989	77182
1989	730750818665451459101842416358141509827966273477	68846	688463028485344661023822436555572364488634028128	55586
1990	730750818665451459101842416358141509827966273478	45333	453332627090973269665991538441535245163371486702	32073
1991	730750818665451459101842416358141509827966273479	13241	1324159939866223768603462411460375124555140934104	19
1992	730750818665451459101842416358141509827966273480	28044	280445729332138281349501783040884878475123696491	14784
1993	730750818665451459101842416358141509827966273481	11356	1135671360028708837373303889288895558940678986587	1904
1994	730750818665451459101842416358141509827966273482	35478	354780484635668597977422694570969309702721814123	22218
1995	730750818665451459101842416358141509827966273483	19180	191804637194622869273116259109070668042500904940	5920
1996	730750818665451459101842416358141509827966273484	12316	1231699506136505125204583345498227185566800481095	944
1997	730750818665451459101842416358141509827966273485	79322	793222232317759517385942756823616974589437463061	66062
1998	730750818665451459101842416358141509827966273486	14154	1415459999345811793400772162582298484751930692230	894
1999	730750818665451459101842416358141509827966273487	63379	633790646505556303599523420926658602786307345389	50119
