puzzle,d,x,y,y_over_p,x_dot_y_over_p,x_dot_y_over_p__over_p,y_over_N,x_dot_y_over_N,x_dot_y_over_N__over_N,y_over_p_digits,nested_p_frac_digits
1,1,55066263022277343669578718895168534326250603453777594175500187360389116729240,32670510020758816978083085130507043184471273380659243275938904335757337482424,0.282148031320175246505212885071570977550907651627602429753671258322280125106404508771731396770462118762648692837735596666835002450904764093369905557992909847,55066263022277343669578718895168534326250603453777594175500187360389116729240.282148031320175246505212885071570977550907651627602429753671258322280125106404508771731396770462118762648692837735596666835002450904764093369905557992909847,0.475561529159551572470709345884621936100985485829132436550464858155768637484948207099828506631441898832019256820875428694573342539094874985122282636430258328,0.282148031320175246505212885071570977551961320851258609381509162545846277909393492360483899368001184307073624725659099330656547172388131964106708724906783276,55066263022277343669578718895168534326250603453777594175500187360389116729240.282148031320175246505212885071570977551961320851258609381509162545846277909393492360483899368001184307073624725659099330656547172388131964106708724906783276,0.475561529159551572470709345884621936102761449123597783537139123641550837324692502929861443999331537668850316656015794330888003530446349598268716916363092829,156,156
2,3,112711660439710606056748659173929673102114977341539408544630613555209775888121,25583027980570883691656905877401976406448868254816295069919888960541586679410,0.220939341789907596180323261299559091201231792535464013095513200023333844114295095880677291538930471036967336492161784296132941802283416338810533587720639803,112711660439710606056748659173929673102114977341539408544630613555209775888121.220939341789907596180323261299559091201231792535464013095513200023333844114295095880677291538930471036967336492161784296132941802283416338810533587720639803,0.973396897681911219874187479164064370527739225341089540308236126418910194056434798769185005885149815534871068998350300876839250866270924559700152781533302982,0.220939341789907596180323261299559091202056880641340982598418907582038794669615675698281182863422529511021039328545004217513038975145365487521270815881434388,112711660439710606056748659173929673102114977341539408544630613555209775888121.220939341789907596180323261299559091202056880641340982598418907582038794669615675698281182863422529511021039328545004217513038975145365487521270815881434388,0.973396897681911219874187479164064370531374332588483238232898025646293040244785947328088283320511425926638960901130287836630121174238152794745956691751680938,156,156
3,7,41948375291644419605210209193538855353224492619856392092318293986323063962044,48361766907851246668144012348516735800090617714386977531302791340517493990618,0.417660370638392028051607918936314344360951243480469738197990241306346337520704035201045044632074912064741855509748206938687191395271978563116658097295431159,41948375291644419605210209193538855353224492619856392092318293986323063962044.417660370638392028051607918936314344360951243480469738197990241306346337520704035201045044632074912064741855509748206938687191395271978563116658097295431159,0.362273239631000289425727378580545974174493600017426021792629067243388265731024404039021754996428687772470035064639795416864041323770714100633891839969616240,0.417660370638392028051607918936314344362510977484011724814469783526271807671317358677115864454467806801431071839474531215881141669736391330147455748023293104,41948375291644419605210209193538855353224492619856392092318293986323063962044.417660370638392028051607918936314344362510977484011724814469783526271807671317358677115864454467806801431071839474531215881141669736391330147455748023293104,0.362273239631000289425727378580545974175846493253531016180711581252793165703167874029028400665489442318829954935258165994487333719131614858480179886216741333,156,156
4,8,21262057306151627953595685090280431278183829487175876377991189246716355947009,41749993296225487051377864631615517161996906063147759678534462689479575333124,0.360559979280266413939413901676515237545485709671163346656466754396809422686186465380825347519967207618187686067764283761896579522656557091093688883409717020,21262057306151627953595685090280431278183829487175876377991189246716355947009.360559979280266413939413901676515237545485709671163346656466754396809422686186465380825347519967207618187686067764283761896579522656557091093688883409717020,0.183622710724002784432124690902779585679549799804520186859146846942513299663074517108663358557978668655170305037068910019120906807536341381527521281884081802,0.360559979280266413939413901676515237546832204812994097588314207278711649746254366445369316545395068091231651248808888465514354020661802328722180070309126771,21262057306151627953595685090280431278183829487175876377991189246716355947009.360559979280266413939413901676515237546832204812994097588314207278711649746254366445369316545395068091231651248808888465514354020661802328722180070309126771,0.183622710724002784432124690902779585680235530618054197419186603548439314321612143100059877855679114104541928588605596712768455697817100980341268185155240285,156,156
5,21,24049875635381557237058143631624836741422505207761609709712554171343558302165,22669890352939653242079781319904043788036611953081321775127194249638113810828,0.195780994213496334443786267801649000465876728641501444277063068452748856151665369372199527521912998039398686754302220512577544871085705175876957410523214162,24049875635381557237058143631624836741422505207761609709712554171343558302165.195780994213496334443786267801649000465876728641501444277063068452748856151665369372199527521912998039398686754302220512577544871085705175876957410523214162,0.207698779716214231532586182895129518964716185657870912377650994773187063968942752531850411704110078521674980426770499744988065965252915779610830087075574548,0.195780994213496334443786267801649000466607864021799307238693761091347189273476718480650989941442685783145766927985876731338835041498178844371785736968655059,24049875635381557237058143631624836741422505207761609709712554171343558302165.195780994213496334443786267801649000466607864021799307238693761091347189273476718480650989941442685783145766927985876731338835041498178844371785736968655059,0.207698779716214231532586182895129518965491827475940442012316038212715114021982726928122705514827804007635923316120255915778917799706981243788469421398369722,156,156
6,49,109846273198995465046214558810696509369395695668678477567979041624391316796720,101711840700253487202274292900077312932162220876743713596510869779955653950519,0.878400600336304483397667909955668974080215869418931287744582187854406447717725835455792052697198366001770436522387626432722049146045815471843474335460988126,109846273198995465046214558810696509369395695668678477567979041624391316796720.878400600336304483397667909955668974080215869418931287744582187854406447717725835455792052697198366001770436522387626432722049146045815471843474335460988126,0.948650930495478282942085783929239237947982550527399861880358191985084504596420883284658341560314347639774434210075211821654571589872760397411345061183663656,0.878400600336304483397667909955668974083496217235943662684032078802681437310690151719797943958868248382517426176393223621725793669207151079230360332604370609,109846273198995465046214558810696509369395695668678477567979041624391316796720.878400600336304483397667909955668974083496217235943662684032078802681437310690151719797943958868248382517426176393223621725793669207151079230360332604370609,0.948650930495478282942085783929239237951525245065365997553782712217977743716892546025258266963520194620344418663257753975282702751197015286100727615098904470,156,156
7,76,67990777350807742601404023085488753338978132210207570380931332031538910989091,85792528080009126161701413187313528408286619337671538805045464108358228475888,0.740918733266631982646178124822326111845952961151252933959521611518453090246634996065290810216330520948445695391868980359624511325752243758137476187193154023,67990777350807742601404023085488753338978132210207570380931332031538910989091.740918733266631982646178124822326111845952961151252933959521611518453090246634996065290810216330520948445695391868980359624511325752243758137476187193154023,0.587179813393473394001403217201209963415533686243256090381644053278908729880760419400920187306415287912070964315499374448860873827651361359793910969936502091,0.740918733266631982646178124822326111848719889074940873222885938064298679835080852415885669289964062180289599782941534810937987891176984840077400525995389273,67990777350807742601404023085488753338978132210207570380931332031538910989091.740918733266631982646178124822326111848719889074940873222885938064298679835080852415885669289964062180289599782941534810937987891176984840077400525995389273,0.587179813393473394001403217201209963417726483035883015650315961296668953964957855474847939279289958183998207119475295224994792839140595973903265995246124685,156,156
8,224,3951620832557057103848397037937330228967155552456836977045923180329637950740,95473263819178136898129622939316779429655166328021079992747693728567241822551,0.824523198847422368458926908214250223048352172807543035949970661305427104018637059879440206778237899435299273721691283441765903070587069670824488812902742435,3951620832557057103848397037937330228967155552456836977045923180329637950740.824523198847422368458926908214250223048352172807543035949970661305427104018637059879440206778237899435299273721691283441765903070587069670824488812902742435,0.034126863575785386152794651105205346152060077193853107535598482031109317894681140358215020933100747193355827096403129966858936944891102885281547053218840381,0.824523198847422368458926908214250223051431317874588381793351022417165668717344323496336890952470967094832179393069272223375291389171481464972793275526162696,3951620832557057103848397037937330228967155552456836977045923180329637950740.824523198847422368458926908214250223051431317874588381793351022417165668717344323496336890952470967094832179393069272223375291389171481464972793275526162696,0.034126863575785386152794651105205346152187522441943154736245631006813276973754976324517374918573326620345480940944858158963623979728544960852241352228484570,156,156
9,467,30474780960141219921807662305060768687772753653098971817340717083315339616503,61319752531495161980867220483083814171916864550579329528527835522023988931626,0.529567718618671486090417863045860280296736623666205417918686108162566359949610249255689499769753416158915566969688647027928885610803214546593513267341275268,30474780960141219921807662305060768687772753653098971817340717083315339616503.529567718618671486090417863045860280296736623666205417918686108162566359949610249255689499769753416158915566969688647027928885610803214546593513267341275268,0.263185345051362491119566557811966991604092738945334335622807367120464004257125376084806776031387252771251753813257944143721549672391288742065681658553115215,0.529567718618671486090417863045860280298714270663561625418431147692998889703027151658824683967565696902590173922771991108102852047894375106194515633156798386,30474780960141219921807662305060768687772753653098971817340717083315339616503.529567718618671486090417863045860280298714270663561625418431147692998889703027151658824683967565696902590173922771991108102852047894375106194515633156798386,0.263185345051362491119566557811966991605075592863897628298143722311379102725876401544133128605576624301084133273709172273331094944488543252270233617710676063,156,156
10,514,75827354541827746090915769557428734838962266972502112805530189196736906960333,96570036462163023759491147881411408314153451204876534252590428078766327205003,0.833995112258856273992650661079990497697438488198129759636840612321592720163907596833428131791547942131856542254197000397850829115316805598337412979701557146,75827354541827746090915769557428734838962266972502112805530189196736906960333.833995112258856273992650661079990497697438488198129759636840612321592720163907596833428131791547942131856542254197000397850829115316805598337412979701557146,0.654857814910130699110631948178105550871745050827360574597826485914776085988975622664674705700811665933597394459806495202037201779825170632083699527112751260,0.833995112258856273992650661079990497700553005702842192160075393207000159966716587529424093658942810837693336679757993415962973943019036816850897575844365692,75827354541827746090915769557428734838962266972502112805530189196736906960333.833995112258856273992650661079990497700553005702842192160075393207000159966716587529424093658942810837693336679757993415962973943019036816850897575844365692,0.654857814910130699110631948178105550874190588094493015045348181759409963461628845141873388231257796879499686662630816210259837813647777934678273343841904761,156,156
11,1155,62881537490095887219700399231850374465934748632261627566823792868512270937739,13147057280235047456932561657169493651618639731944681771959256397716727593785,0.113540202675591408756258414778735436206563654898403927508967741387013996408662950918152718095697176593059504635457752731982038072501741826077944154559024925,62881537490095887219700399231850374465934748632261627566823792868512270937739.113540202675591408756258414778735436206563654898403927508967741387013996408662950918152718095697176593059504635457752731982038072501741826077944154559024925,0.543055556767958548393572910794610963469543689962358066889768090866543490762656423422357961318586404962621257331115492284668935831116322036443596470293233803,0.113540202675591408756258414778735436206987665715162729986272166575021144118019400984422798298669337308471534564338025546823888669592419518380642734997401118,62881537490095887219700399231850374465934748632261627566823792868512270937739.113540202675591408756258414778735436206987665715162729986272166575021144118019400984422798298669337308471534564338025546823888669592419518380642734997401118,0.543055556767958548393572910794610963471571706688983915690227175787523365818109301979819820942470056176239209625640525108572892770470261688635804396591124606,156,156
12,2683,62873230362895154212630786022242768049765907075202803363316800197224716728348,44287605905639058437764882210076840571916049925678373415089141948008474303433,0.382475229502695060009048965526065932119414705536522395310794883281934985673401156371900700941876491744162022493806043695963638930475482034640219790068025083,62873230362895154212630786022242768049765907075202803363316800197224716728348.382475229502695060009048965526065932119414705536522395310794883281934985673401156371900700941876491744162022493806043695963638930475482034640219790068025083,0.542983815017244408261451214495138794014838783164708293857423809602787249691187142352603730709899697890269697605456825581320346794829026714862593513915898577,0.382475229502695060009048965526065932120843042201684186888838389496923680314655841845066145056653911421734786604986579754464483750595303924644603713926326505,62873230362895154212630786022242768049765907075202803363316800197224716728348.382475229502695060009048965526065932120843042201684186888838389496923680314655841845066145056653911421734786604986579754464483750595303924644603713926326505,0.542983815017244408261451214495138794016866531974969725700405031247640678278129783053633796423549774116243731610480812405142583392676975388914111032858401733,156,156
13,5216,77279535011188034078516592160190105278519663645387310740933932046966334391965,21187662028949108981404481381270595331275020854904259675645205037069861834225,0.182980220570378855483610192276114741322588904246939883084725951920321391087217167091279168854463608730573378529812201745975843586318409647634567340848929078,77279535011188034078516592160190105278519663645387310740933932046966334391965.182980220570378855483610192276114741322588904246939883084725951920321391087217167091279168854463608730573378529812201745975843586318409647634567340848929078,0.667399090215942309835316511250547224608691307025737162728933565442213599787819507981978514545011381745531712207231056642180697091096925047721135280494931886,0.182980220570378855483610192276114741323272235709685557106386056256617863094936408151910169157100571672108293319134494691559384696525943173492213139920909334,77279535011188034078516592160190105278519663645387310740933932046966334391965.182980220570378855483610192276114741323272235709685557106386056256617863094936408151910169157100571672108293319134494691559384696525943173492213139920909334,0.667399090215942309835316511250547224611183679125469011189148042300372250010129859080594228416463888741604046910701957223252833838813329887837905228682014352,156,156
14,10544,81843657467215387495831064399406566332608612828066495589872347702422424340313,54485907183099442435241830545487744604431707282385107218140713089194934994051,0.470549478310477933290011485692645399818082652475285453586771390015736138594106350292114870742122368456985611006751940074657712209663665188522856028556430778,81843657467215387495831064399406566332608612828066495589872347702422424340313.470549478310477933290011485692645399818082652475285453586771390015736138594106350292114870742122368456985611006751940074657712209663665188522856028556430778,0.706815621052286166473376488545464900012138862385148090455126664569420504086833794908495501339826938699272095062880027236072949273587588096713063683345577817,0.470549478310477933290011485692645399819839898489667864578894281439845730188996377222302232837034552519989290819762554409501854577505737620391027294244615874,81843657467215387495831064399406566332608612828066495589872347702422424340313.470549478310477933290011485692645399819839898489667864578894281439845730188996377222302232837034552519989290819762554409501854577505737620391027294244615874,0.706815621052286166473376488545464900014778433759144662500090896860610540558396483232784493224886444351730455290787024041002605344100634066005600744650594881,156,156
15,26867,115179987075229906903259602194857104773352008368264866291918996865985783521068,90040672269639781867601170828097460642155183514693739441068299505511569496110,0.777606422534627422904077814329541603562988885785196140333430198592517107917059272874892800457593588289623463121504100010354592507247661426843494343401639059,115179987075229906903259602194857104773352008368264866291918996865985783521068.777606422534627422904077814329541603562988885785196140333430198592517107917059272874892800457593588289623463121504100010354592507247661426843494343401639059,0.994713782555285072124832941387138196235226956670604940829053645026164296327722846868148508104777744429133763955682580392223980015845172733371324158005212833,0.777606422534627422904077814329541603565892822246168116735426744638545079122649064991195860021657937424910079053180353784269634547172569227544614423180675469,115179987075229906903259602194857104773352008368264866291918996865985783521068.777606422534627422904077814329541603565892822246168116735426744638545079122649064991195860021657937424910079053180353784269634547172569227544614423180675469,0.994713782555285072124832941387138196238941670872653614919550073900312274557122849394247483521824137147680683191131486414414216812597532883274552897301536444,156,156
16,51510,71261119111627271268814301300816751730184609798722377831958734823956300761978,59596021694081902311438976720015207351957060174440251698640379092733344351048,0.514681288563156478280045571530864427764171507680954769599020774780540453270142660138954365842231082796696344147410771046429045760746764512375862698630006483,71261119111627271268814301300816751730184609798722377831958734823956300761978.514681288563156478280045571530864427764171507680954769599020774780540453270142660138954365842231082796696344147410771046429045760746764512375862698630006483,0.615423036072675204711298857917184019269333014461891651695858827954910805324518973344066942400314415686029203638711429405817372206657761079964859987342368789,0.514681288563156478280045571530864427766093561970021592976862759880251263539840216902984368986034123957527044398847669805548775468408439461657893724789323802,71261119111627271268814301300816751730184609798722377831958734823956300761978.514681288563156478280045571530864427766093561970021592976862759880251263539840216902984368986034123957527044398847669805548775468408439461657893724789323802,0.615423036072675204711298857917184019271631284308414080904683413984290554839205238640861584940761469472615919865583708691065819434589019951291916100239600568,156,156
17,95823,28680425603065441115290152280488699295594719576682295038107311098738046478531,25891784853872784916698406928566284655180782352356802345945352320731968056623,0.223605818190286754988977110613762437908876610557765544182651535865085764240851948277279531318581427906835969230533995497282601921418295110654677949830579342,28680425603065441115290152280488699295594719576682295038107311098738046478531.223605818190286754988977110613762437908876610557765544182651535865085764240851948277279531318581427906835969230533995497282601921418295110654677949830579342,0.247688989739919386219075593120163811522651059433474356234742639956179312182646051510931477451499027146216097885733836912337315897441931779539282036577120304,0.223605818190286754988977110613762437909711656500688333011968007262572554741436610608670213525247763935467511859899510067846456750869040612188106003766762579,28680425603065441115290152280488699295594719576682295038107311098738046478531.223605818190286754988977110613762437909711656500688333011968007262572554741436610608670213525247763935467511859899510067846456750869040612188106003766762579,0.247688989739919386219075593120163811523576042905116189134228674744913593776597100233406846520550921521349661095883196350216304762153736299209506144548869946,156,156
18,198669,5831721406635063654683117253506846208566679410118154188144422804291796683505,61770026510604113021686089777374557608174938587526483912023179154647723408296,0.533456360598229461945450470401661829027195260911347040047257639962501113476296597308318315097503801165160746642482042284541722846520789009652676241214574090,5831721406635063654683117253506846208566679410118154188144422804291796683505.533456360598229461945450470401661829027195260911347040047257639962501113476296597308318315097503801165160746642482042284541722846520789009652676241214574090,0.050363729034052879838604933241617888516697063049612390003220740892482537378377874752144702300680935187976016541281910367077985095904724292125774226793163356,0.533456360598229461945450470401661829029187429868528755278023121863901597645693816074352339059769303069353900553534811970351422255460828939411439386896922205,5831721406635063654683117253506846208566679410118154188144422804291796683505.533456360598229461945450470401661829029187429868528755278023121863901597645693816074352339059769303069353900553534811970351422255460828939411439386896922205,0.050363729034052879838604933241617888516885144146699761772941256723851033931713978500547125830308257594025053006667289443701100235541391450183965257224251581,156,156
19,357535,60338245119404298188752055094151291956247541820833238489095541627141964729881,31432635976074881250581475377260990518299484384225785790788933914681598133873,0.271457542420308265311296771712322212993130046928364567721066935761977886399002397098160825972917629557767420202312319788294723234951391537636180749819815919,60338245119404298188752055094151291956247541820833238489095541627141964729881.271457542420308265311296771712322212993130046928364567721066935761977886399002397098160825972917629557767420202312319788294723234951391537636180749819815919,0.521091255169780243306315965461550787518006801342282507716165160872576890917895449841580665503481552084690654718020791196068093120813859428722273494021974308,0.271457542420308265311296771712322212994143792998607546877481623591527230174350334853112023687993905818579912757460850938530602124119873923257596619070808322,60338245119404298188752055094151291956247541820833238489095541627141964729881.271457542420308265311296771712322212994143792998607546877481623591527230174350334853112023687993905818579912757460850938530602124119873923257596619070808322,0.521091255169780243306315965461550787519952793365404965984292499571477314595195426346895237378000296688430055634320622546185534214190376708273685298406409273,156,156
20,863317,27269999313721489064003814688126459473916071371077568700989584042678664122236,61518159794260916008520957000838288631389138584881336375456078921081169337009,0.531281197182471451854511505906293346035891855464889380063536168711922741132968281146681967027397816433108144851245663542364543942851367182795310287231465017,27269999313721489064003814688126459473916071371077568700989584042678664122236.531281197182471451854511505906293346035891855464889380063536168711922741132968281146681967027397816433108144851245663542364543942851367182795310287231465017,0.235508310570608608751796625232158217653232228800366823647640347645956181731233932363379735215119766683081402174531782447109804801312739933109887415003947475,0.531281197182471451854511505906293346037875901371426782037950174573952908408282132517111834739603964853131443934769533337023802253083872091842739147137657089,27269999313721489064003814688126459473916071371077568700989584042678664122236.531281197182471451854511505906293346037875901371426782037950174573952908408282132517111834739603964853131443934769533337023802253083872091842739147137657089,0.235508310570608608751796625232158217654111724069578604893009100346657348773054581800081437479550681487089303490428145308249685825191852864654348628418312971,156,156
21,1811764,11965836972506588223997128401045962469020054936532040942669396711946779550878,20508170458539512907339144104761652653989862605562274795589281214845594026553,0.177112016836555759071695157241657381084727088177269777691133543630928814295183272783389650542505146727754828207153080385406026170692142240538197371026030790,11965836972506588223997128401045962469020054936532040942669396711946779550878.177112016836555759071695157241657381084727088177269777691133543630928814295183272783389650542505146727754828207153080385406026170692142240538197371026030790,0.103338984997347905740719840146549208926021612739555243923646082424597529533844148047254069480103970473618218866634850955209279713385824946176534954761685696,0.177112016836555759071695157241657381085388505095215891577728643934118281947476549712088061581441737077562387813616078192213083544962955303410609728277383758,11965836972506588223997128401045962469020054936532040942669396711946779550878.177112016836555759071695157241657381085388505095215891577728643934118281947476549712088061581441737077562387813616078192213083544962955303410609728277383758,0.103338984997347905740719840146549208926407527564429612043673973585756245411714895071697493300416133572262145423705320276572910818497659792850127153527108874,156,156
22,3007503,28427543130978074585626614985345471977959286787477589552057226505098203151171,50682816582500312841297567883708830117558309276952202558634043072443816047348,0.437705346853408484663336185362563105886684935573930810544605849633156274920655344319254544467880766473154335350893041346913157855201834777592515061081828239,28427543130978074585626614985345471977959286787477589552057226505098203151171.437705346853408484663336185362563105886684935573930810544605849633156274920655344319254544467880766473154335350893041346913157855201834777592515061081828239,0.245505054086343922792492811688485969277244153428955735192946029925293723585863483704172064430395985255773571662937110868963202611885072447050436272904641768,0.437705346853408484663336185362563105888319526646040167724879496736584602137572703772630817572864653513694572064446799231867249622764781316633518367012269569,28427543130978074585626614985345471977959286787477589552057226505098203151171.437705346853408484663336185362563105888319526646040167724879496736584602137572703772630817572864653513694572064446799231867249622764781316633518367012269569,0.245505054086343922792492811688485969278160981090422849484270672934424507765936151156988888217000978735047739246971098010667916713737475522743979992587958671,156,156
23,5598802,112242605370855911626219397372182973708357660307191681275644769547017645510731,68390115887979834732633364824402183781075100352900279452463611034517340924735,0.590628568311036430067234543809686981639498435664300426589353196285547371143933709304045074537035722847926152423256148129812898369056621594241725449824525193,112242605370855911626219397372182973708357660307191681275644769547017645510731.590628568311036430067234543809686981639498435664300426589353196285547371143933709304045074537035722847926152423256148129812898369056621594241725449824525193,0.969346059045660648238853485289867975589324835913608853759449832811541454241864209341909383662209120430912439618259617526129131755207592065487107436481173328,0.590628568311036430067234543809686981641704111678162978585292267709235753507786136809155514139585531551579909378205236601177079801114843693632881571870734593,112242605370855911626219397372182973708357660307191681275644769547017645510731.590628568311036430067234543809686981641704111678162978585292267709235753507786136809155514139585531551579909378205236601177079801114843693632881571870734593,0.969346059045660648238853485289867975592944815485005510649132221915155729776284152582253428813124278394745831412199817666803759968712956869642245264424745582,156,156
24,14428676,50051642716414720463187965900760752759743717926024251995580996834432353782028,95977329040668870486165415718601595529707258475317259821694622043699258647209,0.828876391062977358346817926841198593100776291453402677777244838560506537280845984205661861635189329520132756793882264720010501348268471232764430063705840951,50051642716414720463187965900760752759743717926024251995580996834432353782028.828876391062977358346817926841198593100776291453402677777244838560506537280845984205661861635189329520132756793882264720010501348268471232764430063705840951,0.432254422958322699849622261184894755884870101914942821387558927926774477041442180932760921526047010027006087686724502411298739876651368231959151344488312465,0.828876391062977358346817926841198593103871693322385390056434826147097463339275380942289266240854652414785582490864694773337846347545399953872316650788646149,50051642716414720463187965900760752759743717926024251995580996834432353782028.828876391062977358346817926841198593103871693322385390056434826147097463339275380942289266240854652414785582490864694773337846347545399953872316650788646149,0.432254422958322699849622261184894755886484336755176768471289195005154755720335736507829475170673030071663552274815203586412933041185700106177035082808939400,156,156
25,33185509,2487269563521372588638256629682732896198248350279877738175192749508256023898,83166736743316151169117427554752633507423263386878521247276704816202397537877,0.718241956692444702446686253768266472805950977093376581192896932223024348391176361584918537699219707313089194987580090899741021022463279379539940905943673631,2487269563521372588638256629682732896198248350279877738175192749508256023898.718241956692444702446686253768266472805950977093376581192896932223024348391176361584918537699219707313089194987580090899741021022463279379539940905943673631,0.021480479192526762262598313118058735940964079564533051219215052513230437198277806110136058215520937469624395150496175735166980585730453472125863071314312446,0.718241956692444702446686253768266472808633219607578765865474130329417854242050173994774928849458758087634375329475751558085952584878222695078725643409608225,2487269563521372588638256629682732896198248350279877738175192749508256023898.718241956692444702446686253768266472808633219607578765865474130329417854242050173994774928849458758087634375329475751558085952584878222695078725643409608225,0.021480479192526762262598313118058735941044297454867606171435418980699773020089402638211057112693567147991758487826836187827718567237324867910165158423557465,156,156
26,54538862,35420539632094692837984746081431277047695579008914218444685265805648713712655,3358784347258280833624896144913156994018140069677567813380874750873563501770,0.029007027763135384528140865452624181290594607188120637968855956444563054437629992275428663069103395820849797117639468530366423419333908481745408688972070999,35420539632094692837984746081431277047695579008914218444685265805648713712655.029007027763135384528140865452624181290594607188120637968855956444563054437629992275428663069103395820849797117639468530366423419333908481745408688972070999,0.305897750575172734666323186375945083600682147534254427419234925733891650808142231177235238195467998322859452594930330432930369533336643090323975595381712806,0.029007027763135384528140865452624181290702932637994406472049049530042428586419601100088487341606305360605207585430575349533843693236988913517515580126780134,35420539632094692837984746081431277047695579008914218444685265805648713712655.029007027763135384528140865452624181290702932637994406472049049530042428586419601100088487341606305360605207585430575349533843693236988913517515580126780134,0.305897750575172734666323186375945083601824509023925635009558239811513494007402742340797979214010098264843905325123336237887680128062422533309734670567875702,156,156
27,111949941,11997413897869137388527643229179287173219648582998689290732186100840539639502,1470943697971973524954639516409046856461552667680474329056749594236581993569,0.012703317710739897754025143730832466350605773119194883771270273881192817350633397252860159503027101927912561501023193913035204955776259144038838046513872467,11997413897869137388527643229179287173219648582998689290732186100840539639502.012703317710739897754025143730832466350605773119194883771270273881192817350633397252860159503027101927912561501023193913035204955776259144038838046513872467,0.103611688647230517080966512392058934910335066199914051218872127206301148369770310579584951308036143646389909736512069488039000250650941468174795780617195386,0.012703317710739897754025143730832466350653213091919499383236102919986272723308998447219957977976322303016666060685360863685923005371490140090326725030597322,11997413897869137388527643229179287173219648582998689290732186100840539639502.012703317710739897754025143730832466350653213091919499383236102919986272723308998447219957977976322303016666060685360863685923005371490140090326725030597322,0.103611688647230517080966512392058934910721999424391335410172102650684479010879943539402006703456176507968562129013715598998527277201505349758535505394741883,156,156
28,227634408,105795941560543818913296116066690952042698430189737497838953392383707833745575,4504033619411268082483771859364632124471726090349020722551531509720449239959,0.038897593515047812794534328543438536479066412897023689190720407908907402267905649889454957787006881674930425883737764637717500376502415708894855155156566810,105795941560543818913296116066690952042698430189737497838953392383707833745575.038897593515047812794534328543438536479066412897023689190720407908907402267905649889454957787006881674930425883737764637717500376502415708894855155156566810,0.913671583761778015666704123850759158550655784070579973710316349176408589690103066565641262367220960838457681188800763509703419361105011617132697109903138913,0.038897593515047812794534328543438536479211674223035157955101629095320867694585381479182199990727139676696640267234520209121599400269567951930417783310169054,105795941560543818913296116066690952042698430189737497838953392383707833745575.038897593515047812794534328543438536479211674223035157955101629095320867694585381479182199990727139676696640267234520209121599400269567951930417783310169054,0.913671583761778015666704123850759158554067849800170430262541151050538825608812943218844588982773814303182553822374078488579760229325698727141390094674058828,156,156
29,400708894,49151630029556619633156338398973320854679402706053926415074712059863391894326,111171837080378547467348261794472043463254055018894513032574226962726028294900,0.960098723605647801640656840863872527111706947821888687187869080112055913657869194906420036327222406361176191523599342537895798396232148080937993382086635915,49151630029556619633156338398973320854679402706053926415074712059863391894326.960098723605647801640656840863872527111706947821888687187869080112055913657869194906420036327222406361176191523599342537895798396232148080937993382086635915,0.424481761692892706353230442759268784420577268877529495016470544947002071584932638048335388419209531917339266529825606863300434314140821230540689442098868249,0.960098723605647801640656840863872527115292393632024009041731000112449585480119354656698279361599895344932519710365755465482688244310542932924641797199398926,49151630029556619633156338398973320854679402706053926415074712059863391894326.960098723605647801640656840863872527115292393632024009041731000112449585480119354656698279361599895344932519710365755465482688244310542932924641797199398926,0.424481761692892706353230442759268784422162477061355570648090321103295573588920210602201763362253668540607471431612224291793974304657611219462545840727565703,156,156
30,1033162084,5951051142208904686425222322481077221567316087439359378589043642169505163867,79964921717795829095410138525196146121807237625496125940956045028689169447181,0.690590542449817180219621312529331678252640875832467884172533484275489733710524437917886778438511228409183990336671537238851217094867355170037619308417428301,5951051142208904686425222322481077221567316087439359378589043642169505163867.690590542449817180219621312529331678252640875832467884172533484275489733710524437917886778438511228409183990336671537238851217094867355170037619308417428301,0.051394280744103420689678581749478177296709079590600740671997938576601467087609847773526333976070612885928065325070794232128959588067573915663452069736652069,0.690590542449817180219621312529331678255219855374953769601802481298869263368508630395499919753563024310775853752702045361736056244909966323842502955549824359,5951051142208904686425222322481077221567316087439359378589043642169505163867.690590542449817180219621312529331678255219855374953769601802481298869263368508630395499919753563024310775853752702045361736056244909966323842502955549824359,0.051394280744103420689678581749478177296901009237030050934539645061056738878113446404244335457900667548242945182454892289843873462029329555353289534399424256,156,156
31,2102388551,61451719815341661281682897810187322803922811401468501217986913974289877761320,30947091983295757773862695542244568955870624650687256254668336429089021717649,0.267264302657754195060689152872516145681545696221507319674199975873333051031398945354724321554835080039644361862702706713665392176434622171591077848863107752,61451719815341661281682897810187322803922811401468501217986913974289877761320.267264302657754195060689152872516145681545696221507319674199975873333051031398945354724321554835080039644361862702706713665392176434622171591077848863107752,0.530707410325727846399637838419189153698360658219151972719082361522428978501392353861706819216206596864480975317779474859723083575061962902363031089078451362,0.267264302657754195060689152872516145682543782825105993959990588690501567577129042125168301027191557243282187608554389828351175115529194146750028141405121138,61451719815341661281682897810187322803922811401468501217986913974289877761320.267264302657754195060689152872516145682543782825105993959990588690501567577129042125168301027191557243282187608554389828351175115529194146750028141405121138,0.530707410325727846399637838419189153700342561344295294758361483272043179816565041605599472664223899068595070894033990460267719085624813349547376341538478800,156,156
32,3093472814,4419783485594778575869456570338791525369265264676694041444820246718062386793,36101104813710326932550768335617430651283103709568167696655528050073806182880,0.311775226196333813653828847220850555458150832706723007276583522303119531081740053695412732154714558541394227526395940840567495850711699472503143141673573275,4419783485594778575869456570338791525369265264676694041444820246718062386793.311775226196333813653828847220850555458150832706723007276583522303119531081740053695412732154714558541394227526395940840567495850711699472503143141673573275,0.038169995158619347004697265965088027629394481492724177965988515761955613796746894446047349100938720250750524382446913258118195364007682108901290063668034776,0.311775226196333813653828847220850555459315143366643002940942114485169972422826547297278311055023943839307720228140113179288602607769227095145950553750891770,4419783485594778575869456570338791525369265264676694041444820246718062386793.311775226196333813653828847220850555459315143366643002940942114485169972422826547297278311055023943839307720228140113179288602607769227095145950553750891770,0.038169995158619347004697265965088027629537025635164440029647145762107640165502003045306996493482303613228981812435308074042554582036183083472815958927276670,156,156
33,7137437912,73878352155540948447620718403427774498001293452248256430485902449521386501497,1848435387922639343210666794185885301104293211960891296513791058289918232927,0.015963399573301299456205042965700668097543258394517178706732551557899207506189805155125941118314520142217000375751502996817319653179207057977923752897131270,73878352155540948447620718403427774498001293452248256430485902449521386501497.015963399573301299456205042965700668097543258394517178706732551557899207506189805155125941118314520142217000375751502996817319653179207057977923752897131270,0.638025901787876621291709158366389781655148105948027492927303298730332588304125073745748355216690137527608750194572542841230916843635066617448538818438425483,0.015963399573301299456205042965700668097602872997378705141299259203234915775383118753600152254019611132136343257721297247143547771917010277782010305281735748,73878352155540948447620718403427774498001293452248256430485902449521386501497.015963399573301299456205042965700668097602872997378705141299259203234915775383118753600152254019611132136343257721297247143547771917010277782010305281735748,0.638025901787876621291709158366389781657530785187233280460893587853213198710119071539487908830046203252824362887113850039956490672966797535608551720880806800,156,156
34,14133072157,27530330645108713416987374469727331790531665526622602610141848066918764259216,90457806451997906746295114102505195833866791735127929013755472762572742813627,0.781208863643563692811806291993198625555107479724903140133266754908018083616806660420569641655233796641876050770499251341868752978019984833763887097849484348,27530330645108713416987374469727331790531665526622602610141848066918764259216.781208863643563692811806291993198625555107479724903140133266754908018083616806660420569641655233796641876050770499251341868752978019984833763887097849484348,0.237756575828640827132832661278617500907073538668075969982755819941648929445023500570013847073135815149846971796234881060193709042155054875656461767638838784,0.781208863643563692811806291993198625558024869341329575896606353672477077409456448072680642311726632470677966599707576784968412446127810892622855073480920812,27530330645108713416987374469727331790531665526622602610141848066918764259216.781208863643563692811806291993198625558024869341329575896606353672477077409456448072680642311726632470677966599707576784968412446127810892622855073480920812,0.237756575828640827132832661278617500907961429983497677682461149841128042992301890456370819490688823833237629823926555681916452397097882922799885053164119761,156,156
35,20112871792,111565932824107072002273648098027536630611694584547792392039443258564110295357,65073319313695146178520529869101114308349376191091055110226007524833442301678,0.561984154032554027548295810058071202699725739744991530809294491627866146856732663691793454370064614319267289990657172943530122652583151677428318441385701231,111565932824107072002273648098027536630611694584547792392039443258564110295357.561984154032554027548295810058071202699725739744991530809294491627866146856732663691793454370064614319267289990657172943530122652583151677428318441385701231,0.963502200875332643910608257556081713754417841054249062854428506432394713427510527821938262124631336230653899989997173846073523057801792246165295692629141113,0.561984154032554027548295810058071202701824444472846260259359909453313195245582063621278285060601654519331275864356172339659692068574548156386228669626914438,111565932824107072002273648098027536630611694584547792392039443258564110295357.561984154032554027548295810058071202701824444472846260259359909453313195245582063621278285060601654519331275864356172339659692068574548156386228669626914438,0.963502200875332643910608257556081713758015996998265881869647583732133187437219673702250030998093171174789028060813010143138487549770214079330661181058319655,156,156
36,42387769980,81372929267933625950466299134420767116313809747786657449875828371774815844854,49801825835509570606281703408037944345584045565504136549095842398335950992396,0.430096962266917870856113373706565115688999364896384187122694007021511259329934088135352886446017747842156702708758648467268603082530293154185117918320860876,81372929267933625950466299134420767116313809747786657449875828371774815844854.430096962266917870856113373706565115688999364896384187122694007021511259329934088135352886446017747842156702708758648467268603082530293154185117918320860876,0.702750332979652786081849138803881716270656427354988394227673313276041633255347007640676733239244261047947609401093660990048116155047436297044086549871703098,0.430096962266917870856113373706565115690605542796007403459373692228753581649536748853023628781160788857455431518868106209602735047421281463787759179404628933,81372929267933625950466299134420767116313809747786657449875828371774815844854.430096962266917870856113373706565115690605542796007403459373692228753581649536748853023628781160788857455431518868106209602735047421281463787759179404628933,0.702750332979652786081849138803881716273280817092212992640116469286274136836454221115507697470787089582771545777052414498752918049197503617736723610707514661,156,156
37,100251560595,56616873331361319339778585167167551785831939866134116855199265267823699497557,43995996907931450546017529821179402661741047506605583961822715323191270746432,0.379956845046310008747522852254108936671142942291971327176014255168714696035943778922072501171340596149032640841918823738231621949480891849372803480107002875,56616873331361319339778585167167551785831939866134116855199265267823699497557.379956845046310008747522852254108936671142942291971327176014255168714696035943778922072501171340596149032640841918823738231621949480891849372803480107002875,0.488952861152067880817836132905138175062330181159433588544124889015880599845179681388780343802408329526865512669424722073639534554669904386501005368022942416,0.379956845046310008747522852254108936672561874162839105606769576281237821973797136313715249446298038543337927628905627512224688387985355933047283134199218867,56616873331361319339778585167167551785831939866134116855199265267823699497557.379956845046310008747522852254108936672561874162839105606769576281237821973797136313715249446298038543337927628905627512224688387985355933047283134199218867,0.488952861152067880817836132905138175064156153785235595008269592181301654694640334758395344739293036111363696182309283176831093928866078522014948149112731090,156,156
38,146971536592,87015243271585780626985033128071698022561841908393138262300130220799103430854,25209357855024485003220583383100568569907435221588726049011254238934071668031,0.217712263601685594498730950161126535527810796933504032659475349966777494260252172058706243970548027370884300061095916595908753771773573703856164353835271603,87015243271585780626985033128071698022561841908393138262300130220799103430854.217712263601685594498730950161126535527810796933504032659475349966777494260252172058706243970548027370884300061095916595908753771773573703856164353835271603,0.751478307755962565689583521092941054015388458354716854739295412473768120709347603873522181589372304958910753135496017931918804427213744970183192809536274959,0.217712263601685594498730950161126535528623833659992134076105662912342646900303871754608484104153070757508997196069377812591721300272229455924240671848271617,87015243271585780626985033128071698022561841908393138262300130220799103430854.217712263601685594498730950161126535528623833659992134076105662912342646900303871754608484104153070757508997196069377812591721300272229455924240671848271617,0.751478307755962565689583521092941054018194820537797824043553781653212660182935813961121494228112962701310964558282711234570826826767504199447538520326246359,156,156
39,323724968937,20565748395003466184666204343636157310765094829742621599321518588759629653315,24311842649879211620913578563307151382181113982951839068539255115674165497966,0.209961171009290844820244201693679158573071912576265768847735387654643350209597369010734092170555293843123137477015164202843786764566644126026308768738385058,20565748395003466184666204343636157310765094829742621599321518588759629653315.209961171009290844820244201693679158573071912576265768847735387654643350209597369010734092170555293843123137477015164202843786764566644126026308768738385058,0.177609269600912978182976166563519893399611134056953950258496602671050571598809997178136513191029239574302990946305298149465924643899530210561593597968598364,0.209961171009290844820244201693679158573856003193592300701544781891294010685865335538537718310614049148622009238090517489791770178786599540354907743966897537,20565748395003466184666204343636157310765094829742621599321518588759629653315.209961171009290844820244201693679158573856003193592300701544781891294010685865335538537718310614049148622009238090517489791770178786599540354907743966897537,0.177609269600912978182976166563519893400274407943143753944309567326634913823557047763047505925429282622260700614001482767268890150569441178743645809766778707,156,156
40,1003651412950,73698089885969865917178217585365130397293864653143545863290470632977971667156,55920112788027504860697624221258924004816541552996850637631037640326076931751,0.482935519657297872056894279592759818463939160835672292075997837464468861830468809049649673116829427373454381593280100042835821658883907317959409830217046292,73698089885969865917178217585365130397293864653143545863290470632977971667156.482935519657297872056894279592759818463939160835672292075997837464468861830468809049649673116829427373454381593280100042835821658883907317959409830217046292,0.636469126443736880202470868101802290058393013274367049380930771928677392828953351351628691882390469942162075029283184466396695560235511606279420918761240901,0.482935519657297872056894279592759818465742661968366222890476786824231979874175285321123485400852587508239608144532799145585687926765686939102044950524601675,73698089885969865917178217585365130397293864653143545863290470632977971667156.482935519657297872056894279592759818465742661968366222890476786824231979874175285321123485400852587508239608144532799145585687926765686939102044950524601675,0.636469126443736880202470868101802290060769878805567887564123964940440101907573581365609904850796972238171729975272784175353505990946353650149296210108781130,156,156
41,1458252205147,81119306557295043947776230900539651493257160932663731932698523086255548483211,69833235478127881789123626297864036834549011744885041054439092651501655231589,0.603091592336713776740235286551156227669915841698079731332407859786305459919093898157438830180570877810429242901865246841638765005981943886894998536498639903,81119306557295043947776230900539651493257160932663731932698523086255548483211.603091592336713776740235286551156227669915841698079731332407859786305459919093898157438830180570877810429242901865246841638765005981943886894998536498639903,0.700560004501178046918532514117153724558322654245612684845327415546092799008024469113675086401688406400132299726770606662359062271461507097387291995830515023,0.603091592336713776740235286551156227672168060318630337705785429682992989842124379869695267798451526577714764111203652056599423880586071458947755166374844552,81119306557295043947776230900539651493257160932663731932698523086255548483211.603091592336713776740235286551156227672168060318630337705785429682992989842124379869695267798451526577714764111203652056599423880586071458947755166374844552,0.700560004501178046918532514117153724560938864298943449643676894190140257172885161269360912090729936876713339040918121196970300621267856648774038480866662162,156,156
42,2895374552463,108004735110291605052926238280029015934272711127582669764909355573652864904374,18403329601810133637568039936681058795765401650711307099623243826143290446421,0.158934256416191442771217391240138231301638665344227297206668131419686894440537893830944780856415238705905719602977791179452139192552362204986395979949750808,108004735110291605052926238280029015934272711127582669764909355573652864904374.158934256416191442771217391240138231301638665344227297206668131419686894440537893830944780856415238705905719602977791179452139192552362204986395979949750808,0.932747097160805283186004344649420476262119207744705799526370144343000098458197513696442474043121654800504405955544453109753585718205268476973642646101611018,0.158934256416191442771217391240138231302232198227610722576394103908635869759849053836124252284564076470876743670596621031661139316625788273588766367703911443,108004735110291605052926238280029015934272711127582669764909355573652864904374.158934256416191442771217391240138231302232198227610722576394103908635869759849053836124252284564076470876743670596621031661139316625788273588766367703911443,0.932747097160805283186004344649420476265602510127268638155151865841430009912694085386799861274095566937377420901894970040710548351165792433711086700722013807,156,156
43,7409811047825,75172231921983061963707078453586218075235954430194816683547821744757539658477,89836151575228064517341400809867031783033609174401477513286549833346046540900,0.775840147344682869419848996224549721204738551058437526098669590261328478533520323028365146038333458851109543396942919518220231908941959527664183663630541296,75172231921983061963707078453586218075235954430194816683547821744757539658477.775840147344682869419848996224549721204738551058437526098669590261328478533520323028365146038333458851109543396942919518220231908941959527664183663630541296,0.649200065540896946256911273549215219069447264873324679211811542438778710365722643513649334749407385839258043351284893920898359331806007432063937823933661450,0.775840147344682869419848996224549721207635891443585602284695030928990908941007861572212765077268166848673335782096004540371355762944603970041631972330401008,75172231921983061963707078453586218075235954430194816683547821744757539658477.775840147344682869419848996224549721207635891443585602284695030928990908941007861572212765077268166848673335782096004540371355762944603970041631972330401008,0.649200065540896946256911273549215219071871673528084287223456791847665442835641168741269156402950883132936750201973462948080423869445197038978174834085878660,156,156
44,15404761757071,42641850349376588048456683523298482342861890575005255055023690152751482106678,53863954730306949225788464513829000943283845993231532239006941853900022216012,0.465178192094907541428067187518437496383459849434795587772537286480308805208917120309939136288443131881060019854473615134770533940144040948654151529102290788,42641850349376588048456683523298482342861890575005255055023690152751482106678.465178192094907541428067187518437496383459849434795587772537286480308805208917120309939136288443131881060019854473615134770533940144040948654151529102290788,0.368262207118329147139298175681250450455710069297416568004266017443622045314818918223563242816678687236114228989515634045960247247137304531423414978628237232,0.465178192094907541428067187518437496385197036620660521520526104375866209730837622292902883076281130084475203351415032914491505408623406461946759655888543735,42641850349376588048456683523298482342861890575005255055023690152751482106678.465178192094907541428067187518437496385197036620660521520526104375866209730837622292902883076281130084475203351415032914491505408623406461946759655888543735,0.368262207118329147139298175681250450457085328065165889226945729024928842401056094663539662408813723011903856148207169539036037250734575783487350463601267913,156,156
45,19996463086597,50112622098186670293522308964212376217170487478698098151184560544369839286042,77166245647879752064031295604889546052840057843077005375531342667030458077622,0.666420704178912654359268629619008782054661334844335637266268439418964183115423303287484554325879723913780705436782179909835071482568350734450752093745159093,50112622098186670293522308964212376217170487478698098151184560544369839286042.666420704178912654359268629619008782054661334844335637266268439418964183115423303287484554325879723913780705436782179909835071482568350734450752093745159093,0.432781051177690712330261043021042786354186035143707077601552853857994566984562959230655596741007626230049040209502306458994587954218897660562753506085278417,0.666420704178912654359268629619008782057150053205101987694972212755307708358890547790509981247475172658389018021596882475409976509538680925793166898711592484,50112622098186670293522308964212376217170487478698098151184560544369839286042.666420704178912654359268629619008782057150053205101987694972212755307708358890547790509981247475172658389018021596882475409976509538680925793166898711592484,0.432781051177690712330261043021042786355802236653509692527790872766978679461614708373391250656761887446175567909087608319271394133081204652167758643336363393,156,156
46,51408670348612,114584500658952982261284867257664334263474393257290087756987875227521301436489,72377802498278766546639322951454786203104057764824801286631323494589545738903,0.625066902022471219717509761872412927306197464262841562579564531896830332680612613567199600476123478166535131856543627024592189158380995832989565604472635833,114584500658952982261284867257664334263474393257290087756987875227521301436489.625066902022471219717509761872412927306197464262841562579564531896830332680612613567199600476123478166535131856543627024592189158380995832989565604472635833,0.989571061492048414868198167087928604468618933645413508094818728194972244272697586396259023032276311377027468984676858396662570558556383505059502269396554732,0.625066902022471219717509761872412927308531748696107058066677984494588750954071037091403141949253446806442956455394429996865350438703512790319550180704162516,114584500658952982261284867257664334263474393257290087756987875227521301436489.625066902022471219717509761872412927308531748696107058066677984494588750954071037091403141949253446806442956455394429996865350438703512790319550180704162516,0.989571061492048414868198167087928604472314442585299527568870432436742594360290863638403215966217062214531534335926227065633003325617572726256926521000889535,156,156
47,119666659114170,26267254531086005924446289926216963278177394500745127274874595717966452048278,87001101956910744728114859046409945791202748241449154110581074788749206277690,0.751356180978838325045097809375920348987250454560386595973326443128707005603779810813085546874607732908834550914326747612063483505010647648749630281488047215,26267254531086005924446289926216963278177394500745127274874595717966452048278.751356180978838325045097809375920348987250454560386595973326443128707005603779810813085546874607732908834550914326747612063483505010647648749630281488047215,0.226848437610027035379363126238227631087437082700973802385974179699262858272090650669096581259669684023814263364437870441183831923973703373193051137640160298,0.751356180978838325045097809375920348990056360666471961131926217257488332926406538753356505555990012068214613112331295431781941684405756917542239686915411181,26267254531086005924446289926216963278177394500745127274874595717966452048278.751356180978838325045097809375920348990056360666471961131926217257488332926406538753356505555990012068214613112331295431781941684405756917542239686915411181,0.226848437610027035379363126238227631088284238061320571243689459884746374249044608196097182451846227023708715020855670563360512693759073659158549834281333551,156,156
48,191206974700443,65922650075410856534993974163056939852640429077251888193523115047858400845499,41869000666969933530739468879784369787478474775480842047778880811132270629206,0.361587746993314069171905218696855470544679737523257619640893729082592604548641002142497539743929793506137980746936693953423684144080396114963399688040085615,65922650075410856534993974163056939852640429077251888193523115047858400845499.361587746993314069171905218696855470544679737523257619640893729082592604548641002142497539743929793506137980746936693953423684144080396114963399688040085615,0.569319117649757657903978955505224977581488017586082378834050003793405478036974059328209099595335247203271900162954474443921373461104722444256416348438110780,0.361587746993314069171905218696855470546030070817717821063650273202404083953367634335134270244301758779349620835954714886744767357159380178190458140097321945,65922650075410856534993974163056939852640429077251888193523115047858400845499.361587746993314069171905218696855470546030070817717821063650273202404083953367634335134270244301758779349620835954714886744767357159380178190458140097321945,0.569319117649757657903978955505224977583614114408023049298000905623163409259393308971301450644515071825870487362586769038664175067088575521612340188307653492,156,156
49,409118905032525,40307801063138778132376559836123589321449883390877564180282544683931835372676,84487168443727713049778009853790282775917750548090902002744386003675529530292,0.729645427422688921396177470801843015692774890924353725475257706105542100592363896330194303110868805553787732592306643580661293088826998168312852608483348439,40307801063138778132376559836123589321449883390877564180282544683931835372676.729645427422688921396177470801843015692774890924353725475257706105542100592363896330194303110868805553787732592306643580661293088826998168312852608483348439,0.348104964066481540479507810725608592923565931717240304142607268025225466741635884403896028891679983877341370559638037977817208644770671062893328969154858766,0.729645427422688921396177470801843015695499719190776479393082459022250742154190841875171066394574668401598017534892720949812305917885638001279042820211032857,40307801063138778132376559836123589321449883390877564180282544683931835372676.729645427422688921396177470801843015695499719190776479393082459022250742154190841875171066394574668401598017534892720949812305917885638001279042820211032857,0.348104964066481540479507810725608592924865914160933379964599012995780060420832779184917835799467547811953915878834667242704264597745837466798918875170260862,156,156
50,611140496167764,110560903758971929709743161563183868968201998016819862389797221564458485814982,106403041512432555215316396882584033752066537554388330180776939978150437217531,0.918914601276078870304426859944331173443426816801697713238429140217706176716580720828074319238795601663415309210705679237331984474708139847509718358769597336,110560903758971929709743161563183868968201998016819862389797221564458485814982.918914601276078870304426859944331173443426816801697713238429140217706176716580720828074319238795601663415309210705679237331984474708139847509718358769597336,0.954822600466056561624846774425390730806546619552651907090277409981316325379548616151109636567933498974033308153582220635031482511297757040432613867524662951,0.918914601276078870304426859944331173446858462346068589655259693919545456655295239541392453426565292802805900211991917633665529747176284327635125395458803968,110560903758971929709743161563183868968201998016819862389797221564458485814982.918914601276078870304426859944331173446858462346068589655259693919545456655295239541392453426565292802805900211991917633665529747176284327635125395458803968,0.954822600466056561624846774425390730810112361916527492504015047471491510860240899851433381641391242943077522439636693661924541783270757140706430755726477122,156,156
51,2058769515153876,63515334313235940978997497997309110945131154723579807607384497547958713837455,58372837009371438499600708449369979083506963697147052846447906363256905894908,0.504117659451986858209456679676491934902289950852560835190036858752518086448022794349082431085679142252052170079168240366487794634679617179670083306461904119,63515334313235940978997497997309110945131154723579807607384497547958713837455.504117659451986858209456679676491934902289950852560835190036858752518086448022794349082431085679142252052170079168240366487794634679617179670083306461904119,0.548529132962279435734156576338628813519803333720516139581733190238781441516378641156760185407261227862870700832273359031025761463721496085849151990459182255,0.504117659451986858209456679676491934904172555740430429618700170632999829348317599945829036714524734182464648864230107501532404915588600700159496165348191100,63515334313235940978997497997309110945131154723579807607384497547958713837455.504117659451986858209456679676491934904172555740430429618700170632999829348317599945829036714524734182464648864230107501532404915588600700159496165348191100,0.548529132962279435734156576338628813521851791273017354455909584753953416194890085914682873526358970157015997892564556697203122415620045150279960475461827072,156,156
52,4216495639600700,52813238566474594496574906867435567565233423293475819066208762163447782904999,98011757932358350962613998289386682535741825041444942664745561971592823444973,0.846446061884961691336360377705416013998173261127627773862455207301455414662639974710093842567242436215534056727735410727804937070608696928737839551734909681,52813238566474594496574906867435567565233423293475819066208762163447782904999.846446061884961691336360377705416013998173261127627773862455207301455414662639974710093842567242436215534056727735410727804937070608696928737839551734909681,0.456104030200489096729546989640536046816251621601420198120519178872192125718287260454869567942678797151155460888818418504234520088562219086770081208672772263,0.846446061884961691336360377705416014001334276147722241221336956622272580722386239270978645788589049569607614147103684801727710396573360799577712677583565331,52813238566474594496574906867435567565233423293475819066208762163447782904999.846446061884961691336360377705416014001334276147722241221336956622272580722386239270978645788589049569607614147103684801727710396573360799577712677583565331,0.456104030200489096729546989640536046817954921734896761398237385328370259087714143409549387755535985619593174721605826127309055491007904886545310343624961965,156,156
53,6763683971478124,7086754227407391658152234626386289704606906620229921345536119461826835276617,45806165569194256586261502717728099690457099843611552664107027616191159246392,0.395589766718125261564440995288735429510602631353796466927888550424147000693704855908895775221545383647030186164879395468380852491954615009147059778368582936,7086754227407391658152234626386289704606906620229921345536119461826835276617.395589766718125261564440995288735429510602631353796466927888550424147000693704855908895775221545383647030186164879395468380852491954615009147059778368582936,0.061202404016418340860916274607729216666159235951572793427189302002200213817599821248848369082627764332476354744075307807504733389638705159571880381071107972,0.395589766718125261564440995288735429512079943672560149579444993024301592547573074149646267965219701930847422147320832729262299218766933627345901309105117567,7086754227407391658152234626386289704606906620229921345536119461826835276617.395589766718125261564440995288735429512079943672560149579444993024301592547573074149646267965219701930847422147320832729262299218766933627345901309105117567,0.061202404016418340860916274607729216666387793596381212674605431307679562195908978964052939013890640073453625177971389724550641681235573618712184780263529968,156,156
54,9974455244496707,33903532250825920011423262729318037347523984276123141340942803818961706296726,168743002427289881765681417490337978467882455308235152692948563217619698893,0.001457293011454786420425259391849853777516496842650552005970824381990889762644636646249032311658799998624483838545232551669605169995169830730172088648221390,33903532250825920011423262729318037347523984276123141340942803818961706296726.001457293011454786420425259391849853777516496842650552005970824381990889762644636646249032311658799998624483838545232551669605169995169830730172088648221390,0.292796619131213189584302175174818794406904150351975754266849115339357099074718980608146133261499389498444191495739227817357448559805961427874978523028507271,0.001457293011454786420425259391849853777521939038326468966564752107577914864717051863354931422259276840547144816069832431111176798115793283354251164479476429,33903532250825920011423262729318037347523984276123141340942803818961706296726.001457293011454786420425259391849853777521939038326468966564752107577914864717051863354931422259276840547144816069832431111176798115793283354251164479476429,0.292796619131213189584302175174818794407997586251299993763266412345628787689355878130660333325640192289724499154591238945707395738863573280007112678797406038,156,156
55,30045390491869460,60445698216621826856287952149610390835450647855250491824511024996101472713059,6650413705544923593404974197957088657590778889830546541291909209606529242729,0.057434093722196194108326094001946728797915249990997339067970282703920960854760327939957321069551382277800100730917204127022063276524772612330634510471917277,60445698216621826856287952149610390835450647855250491824511024996101472713059.057434093722196194108326094001946728797915249990997339067970282703920960854760327939957321069551382277800100730917204127022063276524772612330634510471917277,0.522019238229117770747213841688329590451326716548361710615010608938179062447486176603598131551813801108028767432291356630156962212980503072420207329288789778,0.057434093722196194108326094001946728798129735049285730658887833397748128109171399154826661375968089644350480228103127254524346630484033413633004867508935679,60445698216621826856287952149610390835450647855250491824511024996101472713059.057434093722196194108326094001946728798129735049285730658887833397748128109171399154826661375968089644350480228103127254524346630484033413633004867508935679,0.522019238229117770747213841688329590453276174082780218608462554639636040213656390710137734361381410174359394118030292382411657523555294327649120831016649958,156,156
56,44218742292676575,28576446286465130798687394270835338936156158272521290958787272130765482596762,101338706018188911277721114497155019368847601339832684197459624859833147765647,0.875178146328243229753365453828576805321232671965344617302106039084660421035155218035577392349430723289148739721700261741386873072513634892254658976382828744,28576446286465130798687394270835338936156158272521290958787272130765482596762.875178146328243229753365453828576805321232671965344617302106039084660421035155218035577392349430723289148739721700261741386873072513634892254658976382828744,0.246791006835515576471984514785524653181187692579042079097512679025328205605439704706970351722935945306129026400589807269689766470620699238541628347954420818,0.875178146328243229753365453828576805324500985671762441889335143737449698971213729731232502958192964630463055421560981136483985032001647987003916129484765874,28576446286465130798687394270835338936156158272521290958787272130765482596762.875178146328243229753365453828576805324500985671762441889335143737449698971213729731232502958192964630463055421560981136483985032001647987003916129484765874,0.246791006835515576471984514785524653182109322573626806525867265602261541435944993629921114957723099515695478660480915530124067952581154807789743262660037153,156,156
57,138245758910846492,74691033661854708945097969794875545130743253282866857528646094060486887766762,50520096726607883683128959576900318161316692878968149241991939304173485276380,0.436300070750660788489162647283570690045711245184558585952405241276574303807750457399674109878918507935500922148557968923218779533111354264151581122061204077,74691033661854708945097969794875545130743253282866857528646094060486887766762.436300070750660788489162647283570690045711245184558585952405241276574303807750457399674109878918507935500922148557968923218779533111354264151581122061204077,0.645044356258010307064245572917392822825712507192992807032047273491276582281414616411219180178223001259116385125387535009043699929056691172257802295866209126,0.436300070750660788489162647283570690047340588315814779829949032892907331386464976164791510660814598285492820636231069138331687952373010741532566428512379401,74691033661854708945097969794875545130743253282866857528646094060486887766762.436300070750660788489162647283570690047340588315814779829949032892907331386464976164791510660814598285492820636231069138331687952373010741532566428512379401,0.645044356258010307064245572917392822828121396537008506131059202202018746645258841523464340228315395765278649847602059694092288262388944665886770465444209226,156,156
58,199976667976342049,7842290535780881515467118634686610054213231290193967407475681065888263921474,37223995011863042135269033180096052877832679834151924259363842760832235837987,0.321472695216444062719529316194727934916627537976157124442005567070591981743229463543286222444970875916217524962664343218654953939980868969465886266959826601,7842290535780881515467118634686610054213231290193967407475681065888263921474.321472695216444062719529316194727934916627537976157124442005567070591981743229463543286222444970875916217524962664343218654953939980868969465886266959826601,0.067727342925025613505880634083353644927934831571840183331843277373848576966687978220248184720882524398787293415787530001820430347756445121729171325299590674,0.321472695216444062719529316194727934917828063401092631938179880049190944649870420259959761384740837644008930431624081219539211011124613201622660012557483519,7842290535780881515467118634686610054213231290193967407475681065888263921474.321472695216444062719529316194727934917828063401092631938179880049190944649870420259959761384740837644008930431624081219539211011124613201622660012557483519,0.067727342925025613505880634083353644928187756309631911347989171107016428204433055341751115061121141025142510595588076971020677366088554172117411630786431813,156,156
59,525070384258266191,29468339291227022490967140728449087203757816877061952957844349023051015394437,5867199329528628582491486657327247741547599271992614464633076311922995064508,0.050670122356146350579131586768833968375450724963052758018241822511689816285094881114218263719129998447331010159953585877895595298410036954977865860121253084,29468339291227022490967140728449087203757816877061952957844349023051015394437.050670122356146350579131586768833968375450724963052758018241822511689816285094881114218263719129998447331010159953585877895595298410036954977865860121253084,0.254493545157748925267886042005117524855266660785426061050630198366568251051118711325744228185755102565576686872917662148634605516198582410011506626880578635,0.050670122356146350579131586768833968375639950272319506353195292627771175865512078410681128069625509120642356307705231637908237407283827341563161571295825077,29468339291227022490967140728449087203757816877061952957844349023051015394437.050670122356146350579131586768833968375639950272319506353195292627771175865512078410681128069625509120642356307705231637908237407283827341563161571295825077,0.254493545157748925267886042005117524856217055565418629275582549767805222075837101963614180600583021959797765546993645291232894457099369750530852827463413393,156,156
60,1135041350219496382,32976901974812130467888454680865813064186458215596336709018932995219129999629,94344309747317421167124060163550008068954848013402657284162153757492808086031,0.814773361191873021278627546581968811277672599754329884364312674847336861153038878992098461716817493944692822268329122807847773998690640983454615149505960488,32976901974812130467888454680865813064186458215596336709018932995219129999629.814773361191873021278627546581968811277672599754329884364312674847336861153038878992098461716817493944692822268329122807847773998690640983454615149505960488,0.284794083879304414332749288177281536507428803841928490121034450998674432072759234679882568541848018693098863979626651358239272050095704317162186724350491673,0.814773361191873021278627546581968811280715334488029190377730457381655630768235320141688262451598368501270470684099640258531552413721893056678921391320790488,32976901974812130467888454680865813064186458215596336709018932995219129999629.814773361191873021278627546581968811280715334488029190377730457381655630768235320141688262451598368501270470684099640258531552413721893056678921391320790488,0.284794083879304414332749288177281536508492354630707366795288918555354957930170441666558413261748338309705445778929565013669685133870669785745554919975414501,156,156
61,1425787542618654982,33308989973171342073697220435010985741081235541259067848310503357357122078015,95725642944317286839874181564660753559887752233498128945789602194633150111324,0.826702787511911341037180449490996160908371641925938721900214511321589963105556521159461039286057651868811963741381697776372246809402631486977403531750225546,33308989973171342073697220435010985741081235541259067848310503357357122078015.826702787511911341037180449490996160908371641925938721900214511321589963105556521159461039286057651868811963741381697776372246809402631486977403531750225546,0.287662051808258493124026345498776931828251448521631499391172212282543873125303113367226410271520307560941613540169081645424681177108528560468527462090272377,0.826702787511911341037180449490996160911458926569522157474877703456253751324644545931954496328753778230875108370466203766727932378814615372079490901346062689,33308989973171342073697220435010985741081235541259067848310503357357122078015.826702787511911341037180449490996160911458926569522157474877703456253751324644545931954496328753778230875108370466203766727932378814615372079490901346062689,0.287662051808258493124026345498776931829325709608572062308691285811900759389632244923607140866685311179882463515523055760822817208286089102209862611691891867,156,156
62,3908372542507822062,15877604754714859824235961000680666017735583517798512888980505728230641434280,27676014891220873617147919511945292449354083613136393884603452417089983439557,0.239014729533887305150630422381791592783611523682306067564879618537562439505580893933025187684440402097525820214140658032745066834443531003304567104561482489,15877604754714859824235961000680666017735583517798512888980505728230641434280.239014729533887305150630422381791592783611523682306067564879618537562439505580893933025187684440402097525820214140658032745066834443531003304567104561482489,0.137121670912886514838391037386104800115234727156321195392206400610672521191100198638266123924565316201542213185309129817948974468619296071802314008771197860,0.239014729533887305150630422381791592784504113516557215023893939688065747886842793694401358607951774123677217136027678560212244656781335015027305301052541462,15877604754714859824235961000680666017735583517798512888980505728230641434280.239014729533887305150630422381791592784504113516557215023893939688065747886842793694401358607951774123677217136027678560212244656781335015027305301052541462,0.137121670912886514838391037386104800115746801913182658729010118825759790838927554079992572812214241278877554308587278122596652194160379976661721132867437492,156,156
63,8993229949524469768,46100860595331327753782525134281403195505409441031099411610412192590360561017,40756680259664337787317293734418135936366600101587916741588241469787632977445,0.351981560468551638252843210304958528157200973942697829606077830178627743850654853752132651738860362177719108743003595895686585930285793198940791165065029663,46100860595331327753782525134281403195505409441031099411610412192590360561017.351981560468551638252843210304958528157200973942697829606077830178627743850654853752132651738860362177719108743003595895686585930285793198940791165065029663,0.398134802636192971062529923241344085749348488211870202528448204837687629031174485986873253989360515382485956812141016668947842894495306305542876082340511150,0.351981560468551638252843210304958528158515433362545179457676068060010418208872815007673041318032440097773497262151502915237384167002008553602298892347980765,46100860595331327753782525134281403195505409441031099411610412192590360561017.351981560468551638252843210304958528158515433362545179457676068060010418208872815007673041318032440097773497262151502915237384167002008553602298892347980765,0.398134802636192971062529923241344085750835304853621432262672007255986796234803661220664578048470799734500196426683245897693727456133176597650675993967326692,156,156
64,17799667357578236628,7247729308732252718492345551507130715155957421128527268563563649761751702861,36707592335952288811734416422045697926733415491378770888054924918276179427221,0.317012954664976987423183016727975455254430317572018804566254619610149005089298844412945136110483170625221466315567857490118935261319078936423845219784810381,7247729308732252718492345551507130715155957421128527268563563649761751702861.317012954664976987423183016727975455254430317572018804566254619610149005089298844412945136110483170625221466315567857490118935261319078936423845219784810381,0.062592611951909876921221762213025013409005290953953479104646798604237058198568693985547709444387297645090727227379078919877928157710861318734941386336215324,0.317012954664976987423183016727975455255614188295014393607588414007219028974089883726355808860422668029935279653482075143837243985952851094386794396401204166,7247729308732252718492345551507130715155957421128527268563563649761751702861.317012954664976987423183016727975455255614188295014393607588414007219028974089883726355808860422668029935279653482075143837243985952851094386794396401204166,0.062592611951909876921221762213025013409239040268217311928923246581425655945066713282842912683776455965459183117493889507506614744857315681152875650216853958,156,156
65,30568377312064202855,21769406468394979245979020739332080729679479243955596515614749275274212371227,102907830890434238525231690377346540046672568029169549965500018466490455252476,0.888729373208944912584744608432280103276883322829007886158430418677191770576072502567460280723330699250289562599123103537229423848225775612248009663334682040,21769406468394979245979020739332080729679479243955596515614749275274212371227.888729373208944912584744608432280103276883322829007886158430418677191770576072502567460280723330699250289562599123103537229423848225775612248009663334682040,0.188004263605422324522792418006605306655861391196917237826299162417992729262961936586201005754994649843898050294548618642096529199197131445043986570329607916,0.888729373208944912584744608432280103280202242987082198689469371790260145985276446546912391655666102252517719041025108289872733540452002464503480450905647629,21769406468394979245979020739332080729679479243955596515614749275274212371227.888729373208944912584744608432280103280202242987082198689469371790260145985276446546912391655666102252517719041025108289872733540452002464503480450905647629,0.188004263605422324522792418006605306656563484724028841588930621982920176404724336405192162925736079684437563810610099035256664604969943557617611285571924204,156,156
66,46346217550346335726,35681022179418186873973468373280332442853574053612577039287936543695937260509,55769436514148338618765508764324988000805241152238207056637568135859289137720,0.481634253958823818124461492428832526648359328261361311836727592951766415447036546598881258258453432633386991168188605966780904134428828543954080699539834478,35681022179418186873973468373280332442853574053612577039287936543695937260509.481634253958823818124461492428832526648359328261361311836727592951766415447036546598881258258453432633386991168188605966780904134428828543954080699539834478,0.308147321759518794449260678232743545148192613953026173110346773348261988910934206720353115349505817127540655326025510911125783030183793932946011004284891253,0.481634253958823818124461492428832526650157969875412258836958427058088530750812411310082986859826473070610478045902522471217235672612911634937561356617351593,35681022179418186873973468373280332442853574053612577039287936543695937260509.481634253958823818124461492428832526650157969875412258836958427058088530750812411310082986859826473070610478045902522471217235672612911634937561356617351593,0.308147321759518794449260678232743545149343376365830810108589723981945345814916782340164252203645071871190704291075146115954016276737183185083604302822592878,156,156
67,132656943602386256302,8199270313230837952220440610769591593514599319024034412022685032436710272885,108680892268991160269437367347039106826837182347366220564480894908240312674034,0.938586504353068386048879653863379097045537770557540501785087286069240551408782980543335137333052856535919160582412585894642142756684731874000198112895691156,8199270313230837952220440610769591593514599319024034412022685032436710272885.938586504353068386048879653863379097045537770557540501785087286069240551408782980543335137333052856535919160582412585894642142756684731874000198112895691156,0.070810280453843540192441284018927318621756780541637786397406249067084276297775656631112209885755722919317316755836360732015615801384553854914190945796352728,0.938586504353068386048879653863379097049042879945504353160661836760621143842925190198547173949603617812059689283857268384534061059341986461625209018423782689,8199270313230837952220440610769591593514599319024034412022685032436710272885.938586504353068386048879653863379097049042879945504353160661836760621143842925190198547173949603617812059689283857268384534061059341986461625209018423782689,0.070810280453843540192441284018927318622021218371962433342484317187664072225119908862584084965131411347418159094972614273384051663815635113012113971641234089,156,156
68,219898266213316039825,14417797224727152153976629935434818279260229220775673176904981236836807719451,7045521516762001123429259792443693948241323099305435512759425298741909160811,0.060846311377301311161336515959181207184158279028347872076505071083690823765459538599020722968951532606060451263181726643432383462034465487243787406968015519,14417797224727152153976629935434818279260229220775673176904981236836807719451.060846311377301311161336515959181207184158279028347872076505071083690823765459538599020722968951532606060451263181726643432383462034465487243787406968015519,0.124514527025916583344659229081025889340257570471454457384425106769190869215812561482925251205362733340642035995984803186444638009176745581229548465806919530,0.060846311377301311161336515959181207184385506861096811284802706129461402971198292597232409046642230764403443260128956113629888942261523461803834890273132967,14417797224727152153976629935434818279260229220775673176904981236836807719451.060846311377301311161336515959181207184385506861096811284802706129461402971198292597232409046642230764403443260128956113629888942261523461803834890273132967,0.124514527025916583344659229081025889340722564412441535807669152710230300415371947379236212372527578445218666858488818354871770597887685182437420812074304401,156,156
69,297274491920375905804,34226794014706530115784623034813193918417475105517896498394700850822182845011,95344118026279051459253088692659149181807495503617143902697063322064304017214,0.823407874011764547377412431121107931878193124226774432255383668401058769785797171788351826755717188386704474895179989416916964290584300346507004260321696826,34226794014706530115784623034813193918417475105517896498394700850822182845011.823407874011764547377412431121107931878193124226774432255383668401058769785797171788351826755717188386704474895179989416916964290584300346507004260321696826,0.295588362211503279677994458952886295464482787588678436601242410245883561431120463732146082778196609998149555283473042728564136862587759028661647175755400710,0.823407874011764547377412431121107931881268104163025799739617783245830199924377974361869325884208912533537269899725033258752339982409131450937724751692077004,34226794014706530115784623034813193918417475105517896498394700850822182845011.823407874011764547377412431121107931881268104163025799739617783245830199924377974361869325884208912533537269899725033258752339982409131450937724751692077004,0.295588362211503279677994458952886295465586649127870844233003877822097658789241802909755917509636715070545664324242953139051129429837569280405271037578773954,156,156
70,970436974005023690481,65540419151317157747671900246361345335112119010416684680126380557251106866307,97334935826427332895556897785451550753483104566423636378820548368192638516448,0.840600912096327431896257108185234404232695761273784340545078513704434464783522174158089643621275179114921913198459563577484372812833479205574526905349582215,65540419151317157747671900246361345335112119010416684680126380557251106866307.840600912096327431896257108185234404232695761273784340545078513704434464783522174158089643621275179114921913198459563577484372812833479205574526905349582215,0.566018106962314964906829319612097688020234138950143759016285922456278468973540755578771274538019656568526892398167949912801351360838039357270431150131494835,0.840600912096327431896257108185234404235834947843008082483409532974029457691956903476912597168710578908793415122652693805881639640993656243567269676248431020,65540419151317157747671900246361345335112119010416684680126380557251106866307.840600912096327431896257108185234404235834947843008082483409532974029457691956903476912597168710578908793415122652693805881639640993656243567269676248431020,0.566018106962314964906829319612097688022347908295078674507725233918869591437130640437376088799071295072319741118091772015906038021603437775081972362149322893,156,156
75,22538323240989823823367,51753319958850014318422825155241699590216770953661144053284309216551720208213,70145941657091582687860683718295708577963266312639151937200559702470585069731,0.605792175606463826346261725293462851032314196948240170957262946695388560824072499211126751347962179312269594739669172097072145430319455351632092390109070967,51753319958850014318422825155241699590216770953661144053284309216551720208213.605792175606463826346261725293462851032314196948240170957262946695388560824072499211126751347962179312269594739669172097072145430319455351632092390109070967,0.446950394450362210534076556405716235248555844537658044140881186206773447416504901689090587344113925597483432782564433125243980236673724582679279621161626556,0.605792175606463826346261725293462851034576500776417221365827245291862579000971192404492734709320219439089338824184847030769699278032046279663289733321154874,51753319958850014318422825155241699590216770953661144053284309216551720208213.605792175606463826346261725293462851034576500776417221365827245291862579000971192404492734709320219439089338824184847030769699278032046279663289733321154874,0.446950394450362210534076556405716235250224960827180995610603010220332119308478839438311665591275643096095134376707206176560223241171986644988423807509367101,156,156
80,1105520030589234487939456,57023615344285030823290121311389598839835447585845466159247235392572779796956,44489989660955945872089157326859328201485774189878427594519890127683524442731,0.384223049726424691387790084493560992583634668321799631129816312749270677233360736533759313955339747579461325503471499175702682709497949398434057412696851730,57023615344285030823290121311389598839835447585845466159247235392572779796956.384223049726424691387790084493560992583634668321799631129816312749270677233360736533759313955339747579461325503471499175702682709497949398434057412696851730,0.492465553734115456142670332952655263610465120175513805844854040798356443307391997592265866173970146971952398694320209247988291508668874703692308737222873833,0.384223049726424691387790084493560992585069532143538099072880893908130425547330261321590969151017987948730469189385616096441700008568381547522980557019230501,57023615344285030823290121311389598839835447585845466159247235392572779796956.384223049726424691387790084493560992585069532143538099072880893908130425547330261321590969151017987948730469189385616096441700008568381547522980557019230501,0.492465553734115456142670332952655263612304210794904322706655546503224810039665039745077430446607026539609517185206983797475498135684154303592927406035288973,156,156
85,21090315766411506144426920,18891731271987559180564311775835658084708517714299226869460971567942463645498,6337264155528691980680833078963835238690084422326491171223553853162872183891,0.054729681425304039622979740930153925648701036464938514635583321056747527034285793739808194331122024840576702601236883136445886921528008468419891584468907794,18891731271987559180564311775835658084708517714299226869460971567942463645498.054729681425304039622979740930153925648701036464938514635583321056747527034285793739808194331122024840576702601236883136445886921528008468419891584468907794,0.163152175562433333429273570113618778450926900277516241484249724020089932967559425610876254525773720382090740727284120926698957693965159579267896664724065108,0.054729681425304039622979740930153925648905422016269585053998255974930494825794577177377532051094009970823747384344995433441328104770943417921756903894361895,18891731271987559180564311775835658084708517714299226869460971567942463645498.054729681425304039622979740930153925648905422016269585053998255974930494825794577177377532051094009970823747384344995433441328104770943417921756903894361895,0.163152175562433333429273570113618778451536184791600297001817922813583969984522367924636198417770499487929454133626477289431227563761085700377356239033578506,156,156
90,868012190417726402719548863,41713034111263466851930038147996148669581275117010008356397839417328763635925,76118228033078757471841976306410062476790021765122360602050786936435027981363,0.657369847408783222648450003745013262622835900350060209616260710601511707376705351579809301604665316468971865636067803024339676435642683591552498115144349093,41713034111263466851930038147996148669581275117010008356397839417328763635925.657369847408783222648450003745013262622835900350060209616260710601511707376705351579809301604665316468971865636067803024339676435642683591552498115144349093,0.360240793529275495627289431348648488583886904771985097836578227118391422902711124763823417241835244273077522820814671254093854457315650076399601821811313743,0.657369847408783222648450003745013262625290818690384157503901987349615717170379350390559846498296307475124834383642202906409002209569061756617739595657415836,41713034111263466851930038147996148669581275117010008356397839417328763635925.657369847408783222648450003745013262625290818690384157503901987349615717170379350390559846498296307475124834383642202906409002209569061756617739595657415836,0.360240793529275495627289431348648488585232207928882000084238819442180278924017086907117787780872874641678630347916174460540730571900840446176517494398554496,156,156
95,25525831956644113617013748212,68063097042254603112450010924849517033325884137594647726407681444771642515525,71312491678750984954701657627055428744583136893281915291066395899455670806806,0.615866698221463499503039526248602887633946257518882468361653740807383588429834529934940056325741933888423884495213374690018999317525657063338153340105463361,68063097042254603112450010924849517033325884137594647726407681444771642515525.615866698221463499503039526248602887633946257518882468361653740807383588429834529934940056325741933888423884495213374690018999317525657063338153340105463361,0.587804378438660903406536562834310473495202557842591491728411182130665067024890457814072499054313261096679153769213747164632711660570296633938736108827608745,0.615866698221463499503039526248602887636246184201887832009241231551531889038347986444950878449985040797169068390426043632090709378665028501780151373547165441,68063097042254603112450010924849517033325884137594647726407681444771642515525.615866698221463499503039526248602887636246184201887832009241231551531889038347986444950878449985040797169068390426043632090709378665028501780151373547165441,0.587804378438660903406536562834310473497397687045489742724497259992541925888074189728853456149699458730901969523835544390693876085539005064097151294405801056,156,156
100,868221233689326498340379183142,94996722023597679036042775432142722866975674982521337987691298170952592385559,61213091224897107699092739640017491283561943079669346364651076989993654499173,0.528646573596584082090829109930656294789659594259513041194113911925549165279376574551191872274354184990804020423135336040748677101682284859497160252750480643,94996722023597679036042775432142722866975674982521337987691298170952592385559.528646573596584082090829109930656294789659594259513041194113911925549165279376574551191872274354184990804020423135336040748677101682284859497160252750480643,0.820407703577242173486505413283175647705069684593491371691518162092518515031943989700748496743308146973127715200354628021823762838900520381267428974315738648,0.528646573596584082090829109930656294791633801281917957275560482674196394450365890589018472383905834815644815360032012723012972068507419100306583718366595516,94996722023597679036042775432142722866975674982521337987691298170952592385559.528646573596584082090829109930656294791633801281917957275560482674196394450365890589018472383905834815644815360032012723012972068507419100306583718366595516,0.820407703577242173486505413283175647708133460527227505714754766873522899680583599756382135905318986599759032958005742390798794073765292321442230219889389964,156,156
105,29083230144918045706788529192435,85472652198433121950841823744746716770135193065697857406943610820940839638907,2273491733972386163740165494026048845412452493532013887904800652580241064735,0.019634257823199465700743887968074973776917627857301929418924020573544867702842516116080640925862065221005234505331017587632672345910196635409621979676976551,85472652198433121950841823744746716770135193065697857406943610820940839638907.019634257823199465700743887968074973776917627857301929418924020573544867702842516116080640925862065221005234505331017587632672345910196635409621979676976551,0.738156231236632180679999374188815770597575164395427469792529665772250843068686401509536730900643268995540704204905436566203699201118705438390429828580077639,0.019634257823199465700743887968074973776990951116375672732914105072511131917109079618025904740928408024162264987076913643281019480720358351409247306854365284,85472652198433121950841823744746716770135193065697857406943610820940839638907.019634257823199465700743887968074973776990951116375672732914105072511131917109079618025904740928408024162264987076913643281019480720358351409247306854365284,0.738156231236632180679999374188815770600331775878643792074413983904624868604882663366146592304747723105508947439611013463153730201355619127063707280019026786,156,156
110,1090246098153987172547740458951748,4338352488447277069681865763767263000525504203189618609162334752999592040061,1327516183598579617836816008839248279861745347961002707181648029680335235001,0.011464653521173036806880514889828347923437019411136662715125262640810847457686608650873727740286874203117928730262906363804519990494040759800009162799852960,4338352488447277069681865763767263000525504203189618609162334752999592040061.011464653521173036806880514889828347923437019411136662715125262640810847457686608650873727740286874203117928730262906363804519990494040759800009162799852960,0.037466743341644109080124423443291452200717371694337490008265156135557870992180300956619224179011186155082499258859395934112538036868775711767523920085514148,0.011464653521173036806880514889828347923479833647757840557254353757028354813089082019428227122227272614939530615771983676825940167282958399012654683561375792,4338352488447277069681865763767263000525504203189618609162334752999592040061.011464653521173036806880514889828347923479833647757840557254353757028354813089082019428227122227272614939530615771983676825940167282958399012654683561375792,0.037466743341644109080124423443291452200857289574270939708507867438926419883616057370159870659838806378897764688158715581350216966344855807977589084208860057,156,156
115,31464123230573852164273674364426950,32939465712855543687621080654651021859979376333843015892822995152318610898773,46560755643746305144975040470607841658328142774650200719470619734417618747604,0.402106533791958036014947248833024184694151664552785721924583273995645873972512690318820309948921981279689809288294075039518140116866227225377070750217074134,32939465712855543687621080654651021859979376333843015892822995152318610898773.402106533791958036014947248833024184694151664552785721924583273995645873972512690318820309948921981279689809288294075039518140116866227225377070750217074134,0.284470778010974661152139142945376090460389300349226701358219047937737013221950967549655665526061680705377564489781242468533201576143230024147499976328473546,0.402106533791958036014947248833024184695653313447180660935247828934635776181876182841503255384866839507116048385322615563411229248538430333082725144727330814,32939465712855543687621080654651021859979376333843015892822995152318610898773.402106533791958036014947248833024184695653313447180660935247828934635776181876182841503255384866839507116048385322615563411229248538430333082725144727330814,0.284470778010974661152139142945376090461451643766677511143878547571399507451042793091259461895746921530094387499025797913628412713654986206576736586064010967,156,156
120,919343500840980333540511050618764323,93499419120076195219278579763555015417347613618260420189054155605804414805552,19494200143356336257404688340550956357466777176798681646526975620299854296492,0.168355198284771605775950611314635326809635424867515919763405039002718799508310858315059298876199763888065386352492494180697210494202143290669722277638175321,93499419120076195219278579763555015417347613618260420189054155605804414805552.168355198284771605775950611314635326809635424867515919763405039002718799508310858315059298876199763888065386352492494180697210494202143290669722277638175321,0.807476743324398323969412101315781451964287132753968309044577785287333590235184816167632157146995172231622600264458863335114615195422296943151483797885835238,0.168355198284771605775950611314635326810264139837615776711945101468989171355931258149177523648389026013251246852975288279985511695450600135167426593029556807,93499419120076195219278579763555015417347613618260420189054155605804414805552.168355198284771605775950611314635326810264139837615776711945101468989171355931258149177523648389026013251246852975288279985511695450600135167426593029556807,0.807476743324398323969412101315781451967302618594071708829400789555372112600081636031450828113951401061245396129743972128239786910042592275811655001846881452,156,156
125,37650549717742544505774009877315221420,23266937399999944120243183575366069139753606644194491618844068395400303144974,19046944643243374794723275227850600835724258179117516648603681200280499231816,0.164492624398603008165854431309169080777632101602472104550477758694371309878873882175960708536817866959447158766815130094214217218875932740433324560802084418,23266937399999944120243183575366069139753606644194491618844068395400303144974.164492624398603008165854431309169080777632101602472104550477758694371309878873882175960708536817866959447158766815130094214217218875932740433324560802084418,0.200937193147230411599632015275276505227172295544792897280002089008794447664713599980897406561178727873763471495574117096197792312787914311519058208968979595,0.164492624398603008165854431309169080778246391962877146736971250590347856640015819859323807422905622231515813547480963126319233267800778653019882970769761280,23266937399999944120243183575366069139753606644194491618844068395400303144974.164492624398603008165854431309169080778246391962877146736971250590347856640015819859323807422905622231515813547480963126319233267800778653019882970769761280,0.200937193147230411599632015275276505227922686519758933706551737477145322060814424171144006725710394111993972133432688105620306190235233462291664810932334873,156,156
130,1103873984953507439627945351144005829577,44886295857190546091508615621464465421050773292389158775895365558788257183826,79820197542983972470655013754473404410649480536210503962616926227235987362275,0.689340680082145032575268214710304776713453536239369435889636066545491584126275062561428125000518955556135425876181119568670363259973605441609612728108829041,44886295857190546091508615621464465421050773292389158775895365558788257183826.689340680082145032575268214710304776713453536239369435889636066545491584126275062561428125000518955556135425876181119568670363259973605441609612728108829041,0.387645616836535034195978177439466371730134269822604837990463785590279402960197363021156818199426992092610551288151735235289460078800441845360924466012768463,0.689340680082145032575268214710304776716027848226655803549759787376151954600657806719352070291500929022119746288311140050894855051735232766633606069344065373,44886295857190546091508615621464465421050773292389158775895365558788257183826.689340680082145032575268214710304776716027848226655803549759787376151954600657806719352070291500929022119746288311140050894855051735232766633606069344065373,0.387645616836535034195978177439466371731581915068381416068599414174087512400207394172688986034340693166607231051019197203765197030582754105254544869764017132,156,156
