max_k,n0,n1,da,k_factorial,k_fact_over_N,k_fact_over_p,Delta_lead,Delta_lead_over_N,Delta_lead_over_p,rem0_over_N,rem1_over_N,P0_x_over_p,P0_y_over_p,P1_x_over_p,P1_y_over_p,P0_x_dot,P0_y_dot,P1_x_dot,P1_y_dot,T_x_over_p,T_y_over_p
3,3,4,0,6,0.000000000000000000000000000000000000000000000000000000000000000000000000000051817011330566667752318111176802397426889510501545128196256990309822900928550059,0.000000000000000000000000000000000000000000000000000000000000000000000000000051817011330566667752318111176802397426696002186617688310142220821013472819183146,0,0.000000000000000000000000000000000000000000000000000000000000000000000000000000000000000000000000000000000000000000000000000000000000000000000000000000000000,0.000000000000000000000000000000000000000000000000000000000000000000000000000000000000000000000000000000000000000000000000000000000000000000000000000000000000,0.000000000000000000000000000000000000000000000000000000000000000000000000000008636168555094444625386351862800399571148251750257521366042831718303816821425009,0.000000000000000000000000000000000000000000000000000000000000000000000000000017272337110188889250772703725600799142296503500515042732085663436607633642850019,0.362273239631000289425727378580545974174493600017426021792629067243388265731020797053662138624143022130435421905990624143875909888473087431060230232532116934,0.417660370638392028051607918936314344360951243480469738197990241306346337520704035201045044632074912064741855509748206938687191395271978563116658097295431159,0.183622710724002784432124690902779585679549799804520186859146846942513299663071403251908072816690410039606505647272118640168344207073616638226179137973512415,0.360559979280266413939413901676515237545485709671163346656466754396809422686186465380825347519967207618187686067764283761896579522656557091093688883409717020,x.362273239631000289425727378580545974174493600017426021792629067243388265731020797053662138624143022130435421905990624143875909888473087431060230232532116934,y.417660370638392028051607918936314344360951243480469738197990241306346337520704035201045044632074912064741855509748206938687191395271978563116658097295431159,x.183622710724002784432124690902779585679549799804520186859146846942513299663071403251908072816690410039606505647272118640168344207073616638226179137973512415,y.360559979280266413939413901676515237545485709671163346656466754396809422686186465380825347519967207618187686067764283761896579522656557091093688883409717020,0.999900569547545118325135408879985635590189926257714631088624966168819282158741321539276427081131339035347350990527830621377008502209399670950421093295646689,0.679969279718519144638511707982212321852404194252103160006027059468944021514666122208404894382205738581541654348184559064044533966431269227220839627727745687
3,4,5,2,6,0.000000000000000000000000000000000000000000000000000000000000000000000000000051817011330566667752318111176802397426889510501545128196256990309822900928550059,0.000000000000000000000000000000000000000000000000000000000000000000000000000051817011330566667752318111176802397426696002186617688310142220821013472819183146,12,0.000000000000000000000000000000000000000000000000000000000000000000000000000103634022661133335504636222353604794853779021003090256392513980619645801857100119,0.000000000000000000000000000000000000000000000000000000000000000000000000000103634022661133335504636222353604794853392004373235376620284441642026945638366292,0.000000000000000000000000000000000000000000000000000000000000000000000000000017272337110188889250772703725600799142296503500515042732085663436607633642850019,0.000000000000000000000000000000000000000000000000000000000000000000000000000025908505665283333876159055588401198713444755250772564098128495154911450464275029,0.183622710724002784432124690902779585679549799804520186859146846942513299663071403251908072816690410039606505647272118640168344207073616638226179137973512415,0.360559979280266413939413901676515237545485709671163346656466754396809422686186465380825347519967207618187686067764283761896579522656557091093688883409717020,0.207698779716214231532586182895129518964716185657870912377650994773187063968941061734184499979647291070110790300159742805545362798196740861353283629324550242,0.195780994213496334443786267801649000465876728641501444277063068452748856151665369372199527521912998039398686754302220512577544871085705175876957410523214162,x.183622710724002784432124690902779585679549799804520186859146846942513299663071403251908072816690410039606505647272118640168344207073616638226179137973512415,y.360559979280266413939413901676515237545485709671163346656466754396809422686186465380825347519967207618187686067764283761896579522656557091093688883409717020,x.207698779716214231532586182895129518964716185657870912377650994773187063968941061734184499979647291070110790300159742805545362798196740861353283629324550242,y.195780994213496334443786267801649000465876728641501444277063068452748856151665369372199527521912998039398686754302220512577544871085705175876957410523214162,0.999900569547545118325135408879985635590189926257714631088624966168819282158741321539276427081131339035347350990527830621377008502209399670950421093295646689,0.679969279718519144638511707982212321852404194252103160006027059468944021514666122208404894382205738581541654348184559064044533966431269227220839627727745687
4,6,7,1,24,0.000000000000000000000000000000000000000000000000000000000000000000000000000207268045322266671009272444707209589707558042006180512785027961239291603714200239,0.000000000000000000000000000000000000000000000000000000000000000000000000000207268045322266671009272444707209589706784008746470753240568883284053891276732584,24,0.000000000000000000000000000000000000000000000000000000000000000000000000000207268045322266671009272444707209589707558042006180512785027961239291603714200239,0.000000000000000000000000000000000000000000000000000000000000000000000000000207268045322266671009272444707209589706784008746470753240568883284053891276732584,0.000000000000000000000000000000000000000000000000000000000000000000000000000008636168555094444625386351862800399571148251750257521366042831718303816821425009,0.000000000000000000000000000000000000000000000000000000000000000000000000000034544674220377778501545407451201598284593007001030085464171326873215267285700039,0.948650930495478282942085783929239237947982550527399861880358191985084504596413297269014941084894285271751097258238504001955136737919998817738697314286892601,0.878400600336304483397667909955668974080215869418931287744582187854406447717725835455792052697198366001770436522387626432722049146045815471843474335460988126,0.587179813393473394001403217201209963415533686243256090381644053278908729880754020701854069611063796585443049577324310443996198989580504227036741652168644129,0.740918733266631982646178124822326111845952961151252933959521611518453090246634996065290810216330520948445695391868980359624511325752243758137476187193154023,x.948650930495478282942085783929239237947982550527399861880358191985084504596413297269014941084894285271751097258238504001955136737919998817738697314286892601,y.878400600336304483397667909955668974080215869418931287744582187854406447717725835455792052697198366001770436522387626432722049146045815471843474335460988126,x.587179813393473394001403217201209963415533686243256090381644053278908729880754020701854069611063796585443049577324310443996198989580504227036741652168644129,y.740918733266631982646178124822326111845952961151252933959521611518453090246634996065290810216330520948445695391868980359624511325752243758137476187193154023,0.993938696862859680656340686192104766268208791260181254788338032755618742047817048993589278282529331358238194589690969424974383231172618084752653456390974097,0.407499195658553115116371124172861146400821937836367541423368144490707958369229634240811678085345521693344352661982284250752227655612506676130566227800380127
5,8,9,2,120,0.000000000000000000000000000000000000000000000000000000000000000000000000001036340226611333355046362223536047948537790210030902563925139806196458018571001199,0.000000000000000000000000000000000000000000000000000000000000000000000000001036340226611333355046362223536047948533920043732353766202844416420269456383662921,240,0.000000000000000000000000000000000000000000000000000000000000000000000000002072680453222666710092724447072095897075580420061805127850279612392916037142002398,0.000000000000000000000000000000000000000000000000000000000000000000000000002072680453222666710092724447072095897067840087464707532405688832840538912767325842,0.000000000000000000000000000000000000000000000000000000000000000000000000000898161529729822241040180593731241555399418182026782222068454498703596949428201039,0.000000000000000000000000000000000000000000000000000000000000000000000000000924070035395105574916339649319642754112862937277554786166582993858508399892476069,0.034126863575785386152794651105205346152060077193853107535598482031109317894674019636892188940014821083670461256343502121266365270483949776535355472054630874,0.824523198847422368458926908214250223048352172807543035949970661305427104018637059879440206778237899435299273721691283441765903070587069670824488812902742435,0.263185345051362491119566557811966991604092738945334335622807367120464004257120802648727448357838401939195037574379676709730995712122939994942374341843743838,0.529567718618671486090417863045860280296736623666205417918686108162566359949610249255689499769753416158915566969688647027928885610803214546593513267341275268,x.034126863575785386152794651105205346152060077193853107535598482031109317894674019636892188940014821083670461256343502121266365270483949776535355472054630874,y.824523198847422368458926908214250223048352172807543035949970661305427104018637059879440206778237899435299273721691283441765903070587069670824488812902742435,x.263185345051362491119566557811966991604092738945334335622807367120464004257120802648727448357838401939195037574379676709730995712122939994942374341843743838,y.529567718618671486090417863045860280296736623666205417918686108162566359949610249255689499769753416158915566969688647027928885610803214546593513267341275268,0.864679723275459612745651486694072091033751419277685183419259390034121203439237851208112505811788703531616955233249549572303918328810716408878174361147554505,0.838748399502636571735304599764222351222442426397940376575095309175984037837662763154214493055088364983646375631308480070180902063321294030390831485209368934
5,9,10,1,120,0.000000000000000000000000000000000000000000000000000000000000000000000000001036340226611333355046362223536047948537790210030902563925139806196458018571001199,0.000000000000000000000000000000000000000000000000000000000000000000000000001036340226611333355046362223536047948533920043732353766202844416420269456383662921,120,0.000000000000000000000000000000000000000000000000000000000000000000000000001036340226611333355046362223536047948537790210030902563925139806196458018571001199,0.000000000000000000000000000000000000000000000000000000000000000000000000001036340226611333355046362223536047948533920043732353766202844416420269456383662921,0.000000000000000000000000000000000000000000000000000000000000000000000000000924070035395105574916339649319642754112862937277554786166582993858508399892476069,0.000000000000000000000000000000000000000000000000000000000000000000000000000293629730873211117263135963335213585419040559508755726445456278422329771928450339,0.263185345051362491119566557811966991604092738945334335622807367120464004257120802648727448357838401939195037574379676709730995712122939994942374341843743838,0.529567718618671486090417863045860280296736623666205417918686108162566359949610249255689499769753416158915566969688647027928885610803214546593513267341275268,0.654857814910130699110631948178105550871745050827360574597826485914776085988968420142311113304881994803508161712908527810166981489005011674731575663286954204,0.833995112258856273992650661079990497697438488198129759636840612321592720163907596833428131791547942131856542254197000397850829115316805598337412979701557146,x.263185345051362491119566557811966991604092738945334335622807367120464004257120802648727448357838401939195037574379676709730995712122939994942374341843743838,y.529567718618671486090417863045860280296736623666205417918686108162566359949610249255689499769753416158915566969688647027928885610803214546593513267341275268,x.654857814910130699110631948178105550871745050827360574597826485914776085988968420142311113304881994803508161712908527810166981489005011674731575663286954204,y.833995112258856273992650661079990497697438488198129759636840612321592720163907596833428131791547942131856542254197000397850829115316805598337412979701557146,0.864679723275459612745651486694072091033751419277685183419259390034121203439237851208112505811788703531616955233249549572303918328810716408878174361147554505,0.838748399502636571735304599764222351222442426397940376575095309175984037837662763154214493055088364983646375631308480070180902063321294030390831485209368934
6,11,12,2,720,0.000000000000000000000000000000000000000000000000000000000000000000000000006218041359668000130278173341216287691226741260185415383550838837178748111426007195,0.000000000000000000000000000000000000000000000000000000000000000000000000006218041359668000130278173341216287691203520262394122597217066498521616738301977527,1440,0.000000000000000000000000000000000000000000000000000000000000000000000000012436082719336000260556346682432575382453482520370830767101677674357496222852014390,0.000000000000000000000000000000000000000000000000000000000000000000000000012436082719336000260556346682432575382407040524788245194434132997043233476603955054,0.000000000000000000000000000000000000000000000000000000000000000000000000003756733321466083412043063060318173813449489511362021794228631797462160317319879347,0.000000000000000000000000000000000000000000000000000000000000000000000000004516716154314394539077062024244608975710535665384683674440400988672896197605280226,0.543055556767958548393572910794610963469543689962358066889768090866543490762655442870029875325934168025344031412664023928358318357584207074809428930137062968,0.113540202675591408756258414778735436206563654898403927508967741387013996408662950918152718095697176593059504635457752731982038072501741826077944154559024925,0.542983815017244408261451214495138794014838783164708293857423809602787249691183839232053597003804923962589340832114734231570638007718165561743388512174066787,0.382475229502695060009048965526065932119414705536522395310794883281934985673401156371900700941876491744162022493806043695963638930475482034640219790068025083,x.543055556767958548393572910794610963469543689962358066889768090866543490762655442870029875325934168025344031412664023928358318357584207074809428930137062968,y.113540202675591408756258414778735436206563654898403927508967741387013996408662950918152718095697176593059504635457752731982038072501741826077944154559024925,x.542983815017244408261451214495138794014838783164708293857423809602787249691183839232053597003804923962589340832114734231570638007718165561743388512174066787,y.382475229502695060009048965526065932119414705536522395310794883281934985673401156371900700941876491744162022493806043695963638930475482034640219790068025083,0.603093980550478859402868652743891710849304827571008932172167529169880219046332482298240326598325872924170746007072471166383371279792756085775608741991361047,0.939479247869944577422905902161061323327434131608743487571811961531529867377891851900365059005889162653181738972387800821164308540583581053286835255555824293
7,13,14,1,5040,0.000000000000000000000000000000000000000000000000000000000000000000000000043526289517676000911947213388514013838587188821297907684855871860251236779982050366,0.000000000000000000000000000000000000000000000000000000000000000000000000043526289517676000911947213388514013838424641836758858180519465489651317168113842689,5040,0.000000000000000000000000000000000000000000000000000000000000000000000000043526289517676000911947213388514013838587188821297907684855871860251236779982050366,0.000000000000000000000000000000000000000000000000000000000000000000000000043526289517676000911947213388514013838424641836758858180519465489651317168113842689,0.000000000000000000000000000000000000000000000000000000000000000000000000001519965665696622254067997927852870324522092308045323760423538382421471760570801758,0.000000000000000000000000000000000000000000000000000000000000000000000000004007182209563822306179267264339385401012788812119489913843873917292971005141204636,0.667399090215942309835316511250547224608691307025737162728933565442213599787817927733951420393476832420405112648603290081129671176367781547769812322646698778,0.182980220570378855483610192276114741322588904246939883084725951920321391087217167091279168854463608730573378529812201745975843586318409647634567340848929078,0.706815621052286166473376488545464900012138862385148090455126664569420504086829731163887300294903233337994302046768075901212129077309287073826106581086077118,0.470549478310477933290011485692645399818082652475285453586771390015736138594106350292114870742122368456985611006751940074657712209663665188522856028556430778,x.667399090215942309835316511250547224608691307025737162728933565442213599787817927733951420393476832420405112648603290081129671176367781547769812322646698778,y.182980220570378855483610192276114741322588904246939883084725951920321391087217167091279168854463608730573378529812201745975843586318409647634567340848929078,x.706815621052286166473376488545464900012138862385148090455126664569420504086829731163887300294903233337994302046768075901212129077309287073826106581086077118,y.470549478310477933290011485692645399818082652475285453586771390015736138594106350292114870742122368456985611006751940074657712209663665188522856028556430778,0.826714816535371195082927708016609990268090484503414898163839979101669026227470530836148021195290963272286742981237331554055763156898301480421272011211574914,0.304777209451325664146852528403870513931716960955851796887381782656191525764160512193784233287008067961897103501344682437753037732732981109575527215301699525
7,14,15,3,5040,0.000000000000000000000000000000000000000000000000000000000000000000000000043526289517676000911947213388514013838587188821297907684855871860251236779982050366,0.000000000000000000000000000000000000000000000000000000000000000000000000043526289517676000911947213388514013838424641836758858180519465489651317168113842689,15120,0.000000000000000000000000000000000000000000000000000000000000000000000000130578868553028002735841640165542041515761566463893723054567615580753710339946151100,0.000000000000000000000000000000000000000000000000000000000000000000000000130578868553028002735841640165542041515273925510276574541558396468953951504341528067,0.000000000000000000000000000000000000000000000000000000000000000000000000004007182209563822306179267264339385401012788812119489913843873917292971005141204636,0.000000000000000000000000000000000000000000000000000000000000000000000000014396492981342439190519048555288266085104135667679288117193400474412462641315491658,0.706815621052286166473376488545464900012138862385148090455126664569420504086829731163887300294903233337994302046768075901212129077309287073826106581086077118,0.470549478310477933290011485692645399818082652475285453586771390015736138594106350292114870742122368456985611006751940074657712209663665188522856028556430778,0.994713782555285072124832941387138196235226956670604940829053645026164296327716131328013975071282145241406035340126771243402278635376749646855790107012696884,0.777606422534627422904077814329541603562988885785196140333430198592517107917059272874892800457593588289623463121504100010354592507247661426843494343401639059,x.706815621052286166473376488545464900012138862385148090455126664569420504086829731163887300294903233337994302046768075901212129077309287073826106581086077118,y.470549478310477933290011485692645399818082652475285453586771390015736138594106350292114870742122368456985611006751940074657712209663665188522856028556430778,x.994713782555285072124832941387138196235226956670604940829053645026164296327716131328013975071282145241406035340126771243402278635376749646855790107012696884,y.777606422534627422904077814329541603562988885785196140333430198592517107917059272874892800457593588289623463121504100010354592507247661426843494343401639059,0.826714816535371195082927708016609990268090484503414898163839979101669026227470530836148021195290963272286742981237331554055763156898301480421272011211574914,0.304777209451325664146852528403870513931716960955851796887381782656191525764160512193784233287008067961897103501344682437753037732732981109575527215301699525
8,16,17,1,40320,0.000000000000000000000000000000000000000000000000000000000000000000000000348210316141408007295577707108112110708697510570383261478846974882009894239856402933,0.000000000000000000000000000000000000000000000000000000000000000000000000348210316141408007295577707108112110707397134694070865444155723917210537344910741512,40320,0.000000000000000000000000000000000000000000000000000000000000000000000000348210316141408007295577707108112110708697510570383261478846974882009894239856402933,0.000000000000000000000000000000000000000000000000000000000000000000000000348210316141408007295577707108112110707397134694070865444155723917210537344910741512,0.000000000000000000000000000000000000000000000000000000000000000000000000096638726131506835358073277344736471201148937085381664086019286927819710231745861826,0.000000000000000000000000000000000000000000000000000000000000000000000000131122947171998952747240980332898466688743906324159946900628313979006850799695926729,0.615423036072675204711298857917184019269333014461891651695858827954910805324514528469706757778323657303803389419086810016687636093328354566856810455345962156,0.514681288563156478280045571530864427764171507680954769599020774780540453270142660138954365842231082796696344147410771046429045760746764512375862698630006483,0.247688989739919386219075593120163811522651059433474356234742639956179312182644120413395686331651425162386192328235900154916933239391865356200574176216419799,0.223605818190286754988977110613762437908876610557765544182651535865085764240851948277279531318581427906835969230533995497282601921418295110654677949830579342,x.615423036072675204711298857917184019269333014461891651695858827954910805324514528469706757778323657303803389419086810016687636093328354566856810455345962156,y.514681288563156478280045571530864427764171507680954769599020774780540453270142660138954365842231082796696344147410771046429045760746764512375862698630006483,x.247688989739919386219075593120163811522651059433474356234742639956179312182644120413395686331651425162386192328235900154916933239391865356200574176216419799,y.223605818190286754988977110613762437908876610557765544182651535865085764240851948277279531318581427906835969230533995497282601921418295110654677949830579342,0.099937896506151073966958604214381177854359733812368798547323595744213098927359077754163130974937769924750515235260975130158195375962755373697393121381525975,0.697634665964742086205025646636073445137086283871383478570856098541970741657689722376615762076125412012942076910082688141318220595927414486861729733277122251
8,17,18,2,40320,0.000000000000000000000000000000000000000000000000000000000000000000000000348210316141408007295577707108112110708697510570383261478846974882009894239856402933,0.000000000000000000000000000000000000000000000000000000000000000000000000348210316141408007295577707108112110707397134694070865444155723917210537344910741512,80640,0.000000000000000000000000000000000000000000000000000000000000000000000000696420632282816014591155414216224221417395021140766522957693949764019788479712805867,0.000000000000000000000000000000000000000000000000000000000000000000000000696420632282816014591155414216224221414794269388141730888311447834421074689821483024,0.000000000000000000000000000000000000000000000000000000000000000000000000131122947171998952747240980332898466688743906324159946900628313979006850799695926729,0.000000000000000000000000000000000000000000000000000000000000000000000000322897706106426190098570309798244139565661984690378466354975435115661407136259698643,0.247688989739919386219075593120163811522651059433474356234742639956179312182644120413395686331651425162386192328235900154916933239391865356200574176216419799,0.223605818190286754988977110613762437908876610557765544182651535865085764240851948277279531318581427906835969230533995497282601921418295110654677949830579342,0.050363729034052879838604933241617888516697063049612390003220740892482537378373267733097788748326870653082386513705430950346428808110914373640927536395938527,0.533456360598229461945450470401661829027195260911347040047257639962501113476296597308318315097503801165160746642482042284541722846520789009652676241214574090,x.247688989739919386219075593120163811522651059433474356234742639956179312182644120413395686331651425162386192328235900154916933239391865356200574176216419799,y.223605818190286754988977110613762437908876610557765544182651535865085764240851948277279531318581427906835969230533995497282601921418295110654677949830579342,x.050363729034052879838604933241617888516697063049612390003220740892482537378373267733097788748326870653082386513705430950346428808110914373640927536395938527,y.533456360598229461945450470401661829027195260911347040047257639962501113476296597308318315097503801165160746642482042284541722846520789009652676241214574090,0.099937896506151073966958604214381177854359733812368798547323595744213098927359077754163130974937769924750515235260975130158195375962755373697393121381525975,0.697634665964742086205025646636073445137086283871383478570856098541970741657689722376615762076125412012942076910082688141318220595927414486861729733277122251
8,18,19,4,40320,0.000000000000000000000000000000000000000000000000000000000000000000000000348210316141408007295577707108112110708697510570383261478846974882009894239856402933,0.000000000000000000000000000000000000000000000000000000000000000000000000348210316141408007295577707108112110707397134694070865444155723917210537344910741512,161280,0.000000000000000000000000000000000000000000000000000000000000000000000001392841264565632029182310828432448442834790042281533045915387899528039576959425611735,0.000000000000000000000000000000000000000000000000000000000000000000000001392841264565632029182310828432448442829588538776283461776622895668842149379642966049,0.000000000000000000000000000000000000000000000000000000000000000000000000322897706106426190098570309798244139565661984690378466354975435115661407136259698643,0.000000000000000000000000000000000000000000000000000000000000000000000000302049995214428200772887656401443975000910104965256809777348039347675993329339724519,0.050363729034052879838604933241617888516697063049612390003220740892482537378373267733097788748326870653082386513705430950346428808110914373640927536395938527,0.533456360598229461945450470401661829027195260911347040047257639962501113476296597308318315097503801165160746642482042284541722846520789009652676241214574090,0.521091255169780243306315965461550787518006801342282507716165160872576890917893105488488772020941361880490832716901597405318021104296455534798895099147113142,0.271457542420308265311296771712322212993130046928364567721066935761977886399002397098160825972917629557767420202312319788294723234951391537636180749819815919,x.050363729034052879838604933241617888516697063049612390003220740892482537378373267733097788748326870653082386513705430950346428808110914373640927536395938527,y.533456360598229461945450470401661829027195260911347040047257639962501113476296597308318315097503801165160746642482042284541722846520789009652676241214574090,x.521091255169780243306315965461550787518006801342282507716165160872576890917893105488488772020941361880490832716901597405318021104296455534798895099147113142,y.271457542420308265311296771712322212993130046928364567721066935761977886399002397098160825972917629557767420202312319788294723234951391537636180749819815919,0.099937896506151073966958604214381177854359733812368798547323595744213098927359077754163130974937769924750515235260975130158195375962755373697393121381525975,0.697634665964742086205025646636073445137086283871383478570856098541970741657689722376615762076125412012942076910082688141318220595927414486861729733277122251
9,20,21,2,362880,0.000000000000000000000000000000000000000000000000000000000000000000000003133892845272672065660199363973008996378277595133449353309622773938089048158707626404,0.000000000000000000000000000000000000000000000000000000000000000000000003133892845272672065660199363973008996366574212246637788997401515254894836104196673610,725760,0.000000000000000000000000000000000000000000000000000000000000000000000006267785690545344131320398727946017992756555190266898706619245547876178096317415252808,0.000000000000000000000000000000000000000000000000000000000000000000000006267785690545344131320398727946017992733148424493275577994803030509789672208393347221,0.000000000000000000000000000000000000000000000000000000000000000000000001187965437933126519334270403191234563808440066010173866548753802674718130504760099661,0.000000000000000000000000000000000000000000000000000000000000000000000003111127904961443109627680940462667143108730803519770526988733869528640187017431300061,0.235508310570608608751796625232158217653232228800366823647640347645956181731229344129410715023916432843326162668024855359561369234544372152411354888629403880,0.531281197182471451854511505906293346035891855464889380063536168711922741132968281146681967027397816433108144851245663542364543942851367182795310287231465017,0.103338984997347905740719840146549208926021612739555243923646082424597529533842618478023536259404889794158116428977503737093197088175091159010675372762980720,0.177112016836555759071695157241657381084727088177269777691133543630928814295183272783389650542505146727754828207153080385406026170692142240538197371026030790,x.235508310570608608751796625232158217653232228800366823647640347645956181731229344129410715023916432843326162668024855359561369234544372152411354888629403880,y.531281197182471451854511505906293346035891855464889380063536168711922741132968281146681967027397816433108144851245663542364543942851367182795310287231465017,x.103338984997347905740719840146549208926021612739555243923646082424597529533842618478023536259404889794158116428977503737093197088175091159010675372762980720,y.177112016836555759071695157241657381084727088177269777691133543630928814295183272783389650542505146727754828207153080385406026170692142240538197371026030790,0.424602756099195275593917668773739078074611983865438230961281599522510874170963474182867114717608533569061695099484916960237653798178929357507134634362409579,0.915060496471339032564479754398870137669089615469688336661500923149435559421411706591684531081876728440162220834794568363844724915124410121321748077911616396
9,21,22,4,362880,0.000000000000000000000000000000000000000000000000000000000000000000000003133892845272672065660199363973008996378277595133449353309622773938089048158707626404,0.000000000000000000000000000000000000000000000000000000000000000000000003133892845272672065660199363973008996366574212246637788997401515254894836104196673610,1451520,0.000000000000000000000000000000000000000000000000000000000000000000000012535571381090688262640797455892035985513110380533797413238491095752356192634830505617,0.000000000000000000000000000000000000000000000000000000000000000000000012535571381090688262640797455892035985466296848986551155989606061019579344416786694443,0.000000000000000000000000000000000000000000000000000000000000000000000003111127904961443109627680940462667143108730803519770526988733869528640187017431300061,0.000000000000000000000000000000000000000000000000000000000000000000000000902160075770830968901734474643718140400859822587151454460932329789171616616520818940,0.103338984997347905740719840146549208926021612739555243923646082424597529533842618478023536259404889794158116428977503737093197088175091159010675372762980720,0.177112016836555759071695157241657381084727088177269777691133543630928814295183272783389650542505146727754828207153080385406026170692142240538197371026030790,0.245505054086343922792492811688485969277244153428955735192946029925293723585859703607019172316928652378677729487749580720658722724393004113660261037178522817,0.437705346853408484663336185362563105886684935573930810544605849633156274920655344319254544467880766473154335350893041346913157855201834777592515061081828239,x.103338984997347905740719840146549208926021612739555243923646082424597529533842618478023536259404889794158116428977503737093197088175091159010675372762980720,y.177112016836555759071695157241657381084727088177269777691133543630928814295183272783389650542505146727754828207153080385406026170692142240538197371026030790,x.245505054086343922792492811688485969277244153428955735192946029925293723585859703607019172316928652378677729487749580720658722724393004113660261037178522817,y.437705346853408484663336185362563105886684935573930810544605849633156274920655344319254544467880766473154335350893041346913157855201834777592515061081828239,0.424602756099195275593917668773739078074611983865438230961281599522510874170963474182867114717608533569061695099484916960237653798178929357507134634362409579,0.915060496471339032564479754398870137669089615469688336661500923149435559421411706591684531081876728440162220834794568363844724915124410121321748077911616396
10,23,24,2,3628800,0.000000000000000000000000000000000000000000000000000000000000000000000031338928452726720656601993639730089963782775951334493533096227739380890481587076264044,0.000000000000000000000000000000000000000000000000000000000000000000000031338928452726720656601993639730089963665742122466377889974015152548948361041966736107,7257600,0.000000000000000000000000000000000000000000000000000000000000000000000062677856905453441313203987279460179927565551902668987066192455478761780963174152528089,0.000000000000000000000000000000000000000000000000000000000000000000000062677856905453441313203987279460179927331484244932755779948030305097896722083933472215,0.000000000000000000000000000000000000000000000000000000000000000000000017013269325873166100900363942420512755961198244510817606147110570721955745840912537015,0.000000000000000000000000000000000000000000000000000000000000000000000030591692604665728929835064931153148191288744616895211754420737767786371034930098699376,0.969346059045660648238853485289867975589324835913608853759449832811541454241859108574039995438238437710242791488980441155701174370502526006054066994578072601,0.590628568311036430067234543809686981639498435664300426589353196285547371143933709304045074537035722847926152423256148129812898369056621594241725449824525193,0.432254422958322699849622261184894755884870101914942821387558927926774477041435022616536363275039932737056280427347635333085875036540726921507382464753103861,0.828876391062977358346817926841198593100776291453402677777244838560506537280845984205661861635189329520132756793882264720010501348268471232764430063705840951,x.969346059045660648238853485289867975589324835913608853759449832811541454241859108574039995438238437710242791488980441155701174370502526006054066994578072601,y.590628568311036430067234543809686981639498435664300426589353196285547371143933709304045074537035722847926152423256148129812898369056621594241725449824525193,x.432254422958322699849622261184894755884870101914942821387558927926774477041435022616536363275039932737056280427347635333085875036540726921507382464753103861,y.828876391062977358346817926841198593100776291453402677777244838560506537280845984205661861635189329520132756793882264720010501348268471232764430063705840951,0.691361536109873400217792981217702227218760888685144272964293480788782984771460078768865543148290786114475674730988027481884168016410393659473499168016796384,0.747427469183420303348821646186215085408335605497499261620378654351724320879749902850734626448016244361466759535678678210639947945718638667142236241821157377
10,24,25,6,3628800,0.000000000000000000000000000000000000000000000000000000000000000000000031338928452726720656601993639730089963782775951334493533096227739380890481587076264044,0.000000000000000000000000000000000000000000000000000000000000000000000031338928452726720656601993639730089963665742122466377889974015152548948361041966736107,21772800,0.000000000000000000000000000000000000000000000000000000000000000000000188033570716360323939611961838380539782696655708006961198577366436285342889522457584269,0.000000000000000000000000000000000000000000000000000000000000000000000188033570716360323939611961838380539781994452734798267339844090915293690166251800416647,0.000000000000000000000000000000000000000000000000000000000000000000000030591692604665728929835064931153148191288744616895211754420737767786371034930098699376,0.000000000000000000000000000000000000000000000000000000000000000000000004545293236063202056342465462558615497891465230426285812640636718828763527467375584615,0.432254422958322699849622261184894755884870101914942821387558927926774477041435022616536363275039932737056280427347635333085875036540726921507382464753103861,0.828876391062977358346817926841198593100776291453402677777244838560506537280845984205661861635189329520132756793882264720010501348268471232764430063705840951,0.021480479192526762262598313118058735940964079564533051219215052513230437198271603251534721418683054487937485553534921957120428534850031932649674976372355254,0.718241956692444702446686253768266472805950977093376581192896932223024348391176361584918537699219707313089194987580090899741021022463279379539940905943673631,x.432254422958322699849622261184894755884870101914942821387558927926774477041435022616536363275039932737056280427347635333085875036540726921507382464753103861,y.828876391062977358346817926841198593100776291453402677777244838560506537280845984205661861635189329520132756793882264720010501348268471232764430063705840951,x.021480479192526762262598313118058735940964079564533051219215052513230437198271603251534721418683054487937485553534921957120428534850031932649674976372355254,y.718241956692444702446686253768266472805950977093376581192896932223024348391176361584918537699219707313089194987580090899741021022463279379539940905943673631,0.691361536109873400217792981217702227218760888685144272964293480788782984771460078768865543148290786114475674730988027481884168016410393659473499168016796384,0.747427469183420303348821646186215085408335605497499261620378654351724320879749902850734626448016244361466759535678678210639947945718638667142236241821157377
11,26,27,1,39916800,0.000000000000000000000000000000000000000000000000000000000000000000000344728212979993927222621930037030989601610535464679428864058505133189795297457838904494,0.000000000000000000000000000000000000000000000000000000000000000000000344728212979993927222621930037030989600323163347130156789714166678038431971461634097186,39916800,0.000000000000000000000000000000000000000000000000000000000000000000000344728212979993927222621930037030989601610535464679428864058505133189795297457838904494,0.000000000000000000000000000000000000000000000000000000000000000000000344728212979993927222621930037030989600323163347130156789714166678038431971461634097186,0.000000000000000000000000000000000000000000000000000000000000000000000126278592055041385167966010891682936154103148283873993380602980040604944399519424474094,0.000000000000000000000000000000000000000000000000000000000000000000000277362134248890470794525333171682847563251014765117394006617404070661322638421726876398,0.305897750575172734666323186375945083600682147534254427419234925733891650808141980667654193454114057898375193574804299635228502092841768851147035877241323536,0.029007027763135384528140865452624181290594607188120637968855956444563054437629992275428663069103395820849797117639468530366423419333908481745408688972070999,0.103611688647230517080966512392058934910335066199914051218872127206301148369770200871591992441785294064680364958868316677544750361413390058607367425808097837,0.012703317710739897754025143730832466350605773119194883771270273881192817350633397252860159503027101927912561501023193913035204955776259144038838046513872467,x.305897750575172734666323186375945083600682147534254427419234925733891650808141980667654193454114057898375193574804299635228502092841768851147035877241323536,y.029007027763135384528140865452624181290594607188120637968855956444563054437629992275428663069103395820849797117639468530366423419333908481745408688972070999,x.103611688647230517080966512392058934910335066199914051218872127206301148369770200871591992441785294064680364958868316677544750361413390058607367425808097837,y.012703317710739897754025143730832466350605773119194883771270273881192817350633397252860159503027101927912561501023193913035204955776259144038838046513872467,0.928251109886666350199317584952628906111699908019029070604296705960579112174177509723505072519114880224805363252346139142569550122222348756347533557483503712,0.636309986308256905678170437644174468785695939294759208188769209647099753089828130207144307602974533391070255758455996967211905765633951518634201024065357939
11,27,28,3,39916800,0.000000000000000000000000000000000000000000000000000000000000000000000344728212979993927222621930037030989601610535464679428864058505133189795297457838904494,0.000000000000000000000000000000000000000000000000000000000000000000000344728212979993927222621930037030989600323163347130156789714166678038431971461634097186,119750400,0.000000000000000000000000000000000000000000000000000000000000000000001034184638939981781667865790111092968804831606394038286592175515399569385892373516713484,0.000000000000000000000000000000000000000000000000000000000000000000001034184638939981781667865790111092968800969490041390470369142500034115295914384902291560,0.000000000000000000000000000000000000000000000000000000000000000000000277362134248890470794525333171682847563251014765117394006617404070661322638421726876398,0.000000000000000000000000000000000000000000000000000000000000000000000242248051527169650275494327383111230533733490081437579386218775173763129798234671718909,0.103611688647230517080966512392058934910335066199914051218872127206301148369770200871591992441785294064680364958868316677544750361413390058607367425808097837,0.012703317710739897754025143730832466350605773119194883771270273881192817350633397252860159503027101927912561501023193913035204955776259144038838046513872467,0.913671583761778015666704123850759158550655784070579973710316349176408589690102730639467278865712135195133396864499079779536128773723719882164692276801585217,0.038897593515047812794534328543438536479066412897023689190720407908907402267905649889454957787006881674930425883737764637717500376502415708894855155156566810,x.103611688647230517080966512392058934910335066199914051218872127206301148369770200871591992441785294064680364958868316677544750361413390058607367425808097837,y.012703317710739897754025143730832466350605773119194883771270273881192817350633397252860159503027101927912561501023193913035204955776259144038838046513872467,x.913671583761778015666704123850759158550655784070579973710316349176408589690102730639467278865712135195133396864499079779536128773723719882164692276801585217,y.038897593515047812794534328543438536479066412897023689190720407908907402267905649889454957787006881674930425883737764637717500376502415708894855155156566810,0.928251109886666350199317584952628906111699908019029070604296705960579112174177509723505072519114880224805363252346139142569550122222348756347533557483503712,0.636309986308256905678170437644174468785695939294759208188769209647099753089828130207144307602974533391070255758455996967211905765633951518634201024065357939
11,28,29,5,39916800,0.000000000000000000000000000000000000000000000000000000000000000000000344728212979993927222621930037030989601610535464679428864058505133189795297457838904494,0.000000000000000000000000000000000000000000000000000000000000000000000344728212979993927222621930037030989600323163347130156789714166678038431971461634097186,199584000,0.000000000000000000000000000000000000000000000000000000000000000000001723641064899969636113109650185154948008052677323397144320292525665948976487289194522474,0.000000000000000000000000000000000000000000000000000000000000000000001723641064899969636113109650185154948001615816735650783948570833390192159857308170485934,0.000000000000000000000000000000000000000000000000000000000000000000000242248051527169650275494327383111230533733490081437579386218775173763129798234671718909,0.000000000000000000000000000000000000000000000000000000000000000000000013307420309533699156590077267277958896784914232461313127807203137744041517232869348768,0.913671583761778015666704123850759158550655784070579973710316349176408589690102730639467278865712135195133396864499079779536128773723719882164692276801585217,0.038897593515047812794534328543438536479066412897023689190720407908907402267905649889454957787006881674930425883737764637717500376502415708894855155156566810,0.424481761692892706353230442759268784420577268877529495016470544947002071584924346473928799011280313149335806960662864227367594892414716001189412021274730370,0.960098723605647801640656840863872527111706947821888687187869080112055913657869194906420036327222406361176191523599342537895798396232148080937993382086635915,x.913671583761778015666704123850759158550655784070579973710316349176408589690102730639467278865712135195133396864499079779536128773723719882164692276801585217,y.038897593515047812794534328543438536479066412897023689190720407908907402267905649889454957787006881674930425883737764637717500376502415708894855155156566810,x.424481761692892706353230442759268784420577268877529495016470544947002071584924346473928799011280313149335806960662864227367594892414716001189412021274730370,y.960098723605647801640656840863872527111706947821888687187869080112055913657869194906420036327222406361176191523599342537895798396232148080937993382086635915,0.928251109886666350199317584952628906111699908019029070604296705960579112174177509723505072519114880224805363252346139142569550122222348756347533557483503712,0.636309986308256905678170437644174468785695939294759208188769209647099753089828130207144307602974533391070255758455996967211905765633951518634201024065357939
12,30,31,2,479001600,0.000000000000000000000000000000000000000000000000000000000000000000004136738555759927126671463160444371875219326425576153146368702061598277543569494066853939,0.000000000000000000000000000000000000000000000000000000000000000000004136738555759927126671463160444371875203877960165561881476570000136461183657539609166241,958003200,0.000000000000000000000000000000000000000000000000000000000000000000008273477111519854253342926320888743750438652851152306292737404123196555087138988133707878,0.000000000000000000000000000000000000000000000000000000000000000000008273477111519854253342926320888743750407755920331123762953140000272922367315079218332483,0.000000000000000000000000000000000000000000000000000000000000000000000649084790636790972643836274839399146521581200100402018477934728147517245238731040792689,0.000000000000000000000000000000000000000000000000000000000000000000001609627671697064597429897466231595355730088701102511636131521333788491450687176247766134,0.051394280744103420689678581749478177296709079590600740671997938576601467087603883717199183249708224393847379458480268517141827144304635397493836508109405298,0.690590542449817180219621312529331678252640875832467884172533484275489733710524437917886778438511228409183990336671537238851217094867355170037619308417428301,0.530707410325727846399637838419189153698360658219151972719082361522428978501390045722140307074823350748342821549163903591446119839007777109514943353863545179,0.267264302657754195060689152872516145681545696221507319674199975873333051031398945354724321554835080039644361862702706713665392176434622171591077848863107752,x.051394280744103420689678581749478177296709079590600740671997938576601467087603883717199183249708224393847379458480268517141827144304635397493836508109405298,y.690590542449817180219621312529331678252640875832467884172533484275489733710524437917886778438511228409183990336671537238851217094867355170037619308417428301,x.530707410325727846399637838419189153698360658219151972719082361522428978501390045722140307074823350748342821549163903591446119839007777109514943353863545179,y.267264302657754195060689152872516145681545696221507319674199975873333051031398945354724321554835080039644361862702706713665392176434622171591077848863107752,0.465944037411805262542075045312900892602967765497702800217841709711766749036669101364518297619420999128738155426613553344467177258926456975168146603236176832,0.496654741963289119361401533919948552525109210942101920757201766956661432650642534907118183627668762185153027276130495337222245848028220603237397991645629634
12,31,32,2,479001600,0.000000000000000000000000000000000000000000000000000000000000000000004136738555759927126671463160444371875219326425576153146368702061598277543569494066853939,0.000000000000000000000000000000000000000000000000000000000000000000004136738555759927126671463160444371875203877960165561881476570000136461183657539609166241,958003200,0.000000000000000000000000000000000000000000000000000000000000000000008273477111519854253342926320888743750438652851152306292737404123196555087138988133707878,0.000000000000000000000000000000000000000000000000000000000000000000008273477111519854253342926320888743750407755920331123762953140000272922367315079218332483,0.000000000000000000000000000000000000000000000000000000000000000000001609627671697064597429897466231595355730088701102511636131521333788491450687176247766134,0.000000000000000000000000000000000000000000000000000000000000000000001895321307746762891032314771545062730368416999592640966665430310560098268097196753133384,0.530707410325727846399637838419189153698360658219151972719082361522428978501390045722140307074823350748342821549163903591446119839007777109514943353863545179,0.267264302657754195060689152872516145681545696221507319674199975873333051031398945354724321554835080039644361862702706713665392176434622171591077848863107752,0.038169995158619347004697265965088027629394481492724177965988515761955613796744201902642614865106516966541982448490410479370799824002058266475418609779446656,0.311775226196333813653828847220850555458150832706723007276583522303119531081740053695412732154714558541394227526395940840567495850711699472503143141673573275,x.530707410325727846399637838419189153698360658219151972719082361522428978501390045722140307074823350748342821549163903591446119839007777109514943353863545179,y.267264302657754195060689152872516145681545696221507319674199975873333051031398945354724321554835080039644361862702706713665392176434622171591077848863107752,x.038169995158619347004697265965088027629394481492724177965988515761955613796744201902642614865106516966541982448490410479370799824002058266475418609779446656,y.311775226196333813653828847220850555458150832706723007276583522303119531081740053695412732154714558541394227526395940840567495850711699472503143141673573275,0.465944037411805262542075045312900892602967765497702800217841709711766749036669101364518297619420999128738155426613553344467177258926456975168146603236176832,0.496654741963289119361401533919948552525109210942101920757201766956661432650642534907118183627668762185153027276130495337222245848028220603237397991645629634
13,33,34,1,6227020800,0.000000000000000000000000000000000000000000000000000000000000000000053777601224879052646729021085776834377851243532489990902793126800777608066403422869101208,0.000000000000000000000000000000000000000000000000000000000000000000053777601224879052646729021085776834377650413482152304459195410001773995387548014919161145,6227020800,0.000000000000000000000000000000000000000000000000000000000000000000053777601224879052646729021085776834377851243532489990902793126800777608066403422869101208,0.000000000000000000000000000000000000000000000000000000000000000000053777601224879052646729021085776834377650413482152304459195410001773995387548014919161145,0.000000000000000000000000000000000000000000000000000000000000000000007862515634674297163088164347146560010010829882318397858351009721280158449138777322761131,0.000000000000000000000000000000000000000000000000000000000000000000014500390899406110546968102708395742471767610265811110992666296625840924652903204062946688,0.638025901787876621291709158366389781655148105948027492927303298730332588304124935883138927863932940617926656460469266393873446930221025837250057311875052424,0.015963399573301299456205042965700668097543258394517178706732551557899207506189805155125941118314520142217000375751502996817319653179207057977923752897131270,0.237756575828640827132832661278617500907073538668075969982755819941648929445016753918590687464665338834808972885573727119644906325903245810556253684199021394,0.781208863643563692811806291993198625555107479724903140133266754908018083616806660420569641655233796641876050770499251341868752978019984833763887097849484348,x.638025901787876621291709158366389781655148105948027492927303298730332588304124935883138927863932940617926656460469266393873446930221025837250057311875052424,y.015963399573301299456205042965700668097543258394517178706732551557899207506189805155125941118314520142217000375751502996817319653179207057977923752897131270,x.237756575828640827132832661278617500907073538668075969982755819941648929445016753918590687464665338834808972885573727119644906325903245810556253684199021394,y.781208863643563692811806291993198625555107479724903140133266754908018083616806660420569641655233796641876050770499251341868752978019984833763887097849484348,0.405701667359777540840361799062043890048624180693351941524589571497007980724152791205137668228452806472843421671393866594727989528520503072211602342639593427,0.077108349466758937087621362867365228396020228073277706776256065614922863239229318947967163073724162046785194290918328491716913535107147475838381628205054435
13,34,35,1,6227020800,0.000000000000000000000000000000000000000000000000000000000000000000053777601224879052646729021085776834377851243532489990902793126800777608066403422869101208,0.000000000000000000000000000000000000000000000000000000000000000000053777601224879052646729021085776834377650413482152304459195410001773995387548014919161145,6227020800,0.000000000000000000000000000000000000000000000000000000000000000000053777601224879052646729021085776834377851243532489990902793126800777608066403422869101208,0.000000000000000000000000000000000000000000000000000000000000000000053777601224879052646729021085776834377650413482152304459195410001773995387548014919161145,0.000000000000000000000000000000000000000000000000000000000000000000014500390899406110546968102708395742471767610265811110992666296625840924652903204062946688,0.000000000000000000000000000000000000000000000000000000000000000000012365347248079295261652100225774307527322839080399157510540796328542903234363916132242034,0.237756575828640827132832661278617500907073538668075969982755819941648929445016753918590687464665338834808972885573727119644906325903245810556253684199021394,0.781208863643563692811806291993198625555107479724903140133266754908018083616806660420569641655233796641876050770499251341868752978019984833763887097849484348,0.963502200875332643910608257556081713754417841054249062854428506432394713427505674432058744828709384364207539400352276909858349069794011478589637803339497451,0.561984154032554027548295810058071202699725739744991530809294491627866146856732663691793454370064614319267289990657172943530122652583151677428318441385701231,x.237756575828640827132832661278617500907073538668075969982755819941648929445016753918590687464665338834808972885573727119644906325903245810556253684199021394,y.781208863643563692811806291993198625555107479724903140133266754908018083616806660420569641655233796641876050770499251341868752978019984833763887097849484348,x.963502200875332643910608257556081713754417841054249062854428506432394713427505674432058744828709384364207539400352276909858349069794011478589637803339497451,y.561984154032554027548295810058071202699725739744991530809294491627866146856732663691793454370064614319267289990657172943530122652583151677428318441385701231,0.405701667359777540840361799062043890048624180693351941524589571497007980724152791205137668228452806472843421671393866594727989528520503072211602342639593427,0.077108349466758937087621362867365228396020228073277706776256065614922863239229318947967163073724162046785194290918328491716913535107147475838381628205054435
13,35,36,3,6227020800,0.000000000000000000000000000000000000000000000000000000000000000000053777601224879052646729021085776834377851243532489990902793126800777608066403422869101208,0.000000000000000000000000000000000000000000000000000000000000000000053777601224879052646729021085776834377650413482152304459195410001773995387548014919161145,18681062400,0.000000000000000000000000000000000000000000000000000000000000000000161332803674637157940187063257330503133553730597469972708379380402332824199210268607303626,0.000000000000000000000000000000000000000000000000000000000000000000161332803674637157940187063257330503132951240446456913377586230005321986162644044757483435,0.000000000000000000000000000000000000000000000000000000000000000000012365347248079295261652100225774307527322839080399157510540796328542903234363916132242034,0.000000000000000000000000000000000000000000000000000000000000000000043402318872577960076349824877066849406815278474108276012000172898644694784197522204775718,0.963502200875332643910608257556081713754417841054249062854428506432394713427505674432058744828709384364207539400352276909858349069794011478589637803339497451,0.561984154032554027548295810058071202699725739744991530809294491627866146856732663691793454370064614319267289990657172943530122652583151677428318441385701231,0.702750332979652786081849138803881716270656427354988394227673313276041633255343293250815562041264724823729314378703407444579487702078082673647457697054408585,0.430096962266917870856113373706565115688999364896384187122694007021511259329934088135352886446017747842156702708758648467268603082530293154185117918320860876,x.963502200875332643910608257556081713754417841054249062854428506432394713427505674432058744828709384364207539400352276909858349069794011478589637803339497451,y.561984154032554027548295810058071202699725739744991530809294491627866146856732663691793454370064614319267289990657172943530122652583151677428318441385701231,x.702750332979652786081849138803881716270656427354988394227673313276041633255343293250815562041264724823729314378703407444579487702078082673647457697054408585,y.430096962266917870856113373706565115688999364896384187122694007021511259329934088135352886446017747842156702708758648467268603082530293154185117918320860876,0.405701667359777540840361799062043890048624180693351941524589571497007980724152791205137668228452806472843421671393866594727989528520503072211602342639593427,0.077108349466758937087621362867365228396020228073277706776256065614922863239229318947967163073724162046785194290918328491716913535107147475838381628205054435
14,37,38,0,87178291200,0.000000000000000000000000000000000000000000000000000000000000000000752886417148306737054206295200875681289917409454859872639103775210886512929647920167416923,0.000000000000000000000000000000000000000000000000000000000000000000752886417148306737054206295200875681287105788750132262428735740024835935425672208868256033,0,0.000000000000000000000000000000000000000000000000000000000000000000000000000000000000000000000000000000000000000000000000000000000000000000000000000000000000,0.000000000000000000000000000000000000000000000000000000000000000000000000000000000000000000000000000000000000000000000000000000000000000000000000000000000000,0.000000000000000000000000000000000000000000000000000000000000000000112902958061377574255585633858649702707263564614396837443246344162036549763221763434267623,0.000000000000000000000000000000000000000000000000000000000000000000516384545661436199221681649740080607873318980114941474233482092915101137213683065661337324,0.488952861152067880817836132905138175062330181159433588544124889015880599845176400017422861967510109016183454511796911695981683516342110895384000610898111821,0.379956845046310008747522852254108936671142942291971327176014255168714696035943778922072501171340596149032640841918823738231621949480891849372803480107002875,0.751478307755962565689583521092941054015388458354716854739295412473768120709345723673717206279442920661807629004760766056275246848055689815087214554203418841,0.217712263601685594498730950161126535527810796933504032659475349966777494260252172058706243970548027370884300061095916595908753771773573703856164353835271603,x.488952861152067880817836132905138175062330181159433588544124889015880599845176400017422861967510109016183454511796911695981683516342110895384000610898111821,y.379956845046310008747522852254108936671142942291971327176014255168714696035943778922072501171340596149032640841918823738231621949480891849372803480107002875,x.751478307755962565689583521092941054015388458354716854739295412473768120709345723673717206279442920661807629004760766056275246848055689815087214554203418841,y.217712263601685594498730950161126535527810796933504032659475349966777494260252172058706243970548027370884300061095916595908753771773573703856164353835271603,0.395821789413088194166816914894929057135917089936046730555460419024902030266874386859081714268170242367162454739583578487086878413430351745912227784174521706,0.895557914776722569637617537538538496485416042238689871641273492789333367449527877423489169222335779448758394147066641816611975316577255384306819448415024709
14,38,39,2,87178291200,0.000000000000000000000000000000000000000000000000000000000000000000752886417148306737054206295200875681289917409454859872639103775210886512929647920167416923,0.000000000000000000000000000000000000000000000000000000000000000000752886417148306737054206295200875681287105788750132262428735740024835935425672208868256033,174356582400,0.000000000000000000000000000000000000000000000000000000000000000001505772834296613474108412590401751362579834818909719745278207550421773025859295840334833846,0.000000000000000000000000000000000000000000000000000000000000000001505772834296613474108412590401751362574211577500264524857471480049671870851344417736512066,0.000000000000000000000000000000000000000000000000000000000000000000516384545661436199221681649740080607873318980114941474233482092915101137213683065661337324,0.000000000000000000000000000000000000000000000000000000000000000000537084145787725048291844472806184393131403690909392368055518178986761896055405675685639310,0.751478307755962565689583521092941054015388458354716854739295412473768120709345723673717206279442920661807629004760766056275246848055689815087214554203418841,0.217712263601685594498730950161126535527810796933504032659475349966777494260252172058706243970548027370884300061095916595908753771773573703856164353835271603,0.177609269600912978182976166563519893399611134056953950258496602671050571598808183918073651946118211944466012742689310439247596085451836895642948400588720808,0.209961171009290844820244201693679158573071912576265768847735387654643350209597369010734092170555293843123137477015164202843786764566644126026308768738385058,x.751478307755962565689583521092941054015388458354716854739295412473768120709345723673717206279442920661807629004760766056275246848055689815087214554203418841,y.217712263601685594498730950161126535527810796933504032659475349966777494260252172058706243970548027370884300061095916595908753771773573703856164353835271603,x.177609269600912978182976166563519893399611134056953950258496602671050571598808183918073651946118211944466012742689310439247596085451836895642948400588720808,y.209961171009290844820244201693679158573071912576265768847735387654643350209597369010734092170555293843123137477015164202843786764566644126026308768738385058,0.395821789413088194166816914894929057135917089936046730555460419024902030266874386859081714268170242367162454739583578487086878413430351745912227784174521706,0.895557914776722569637617537538538496485416042238689871641273492789333367449527877423489169222335779448758394147066641816611975316577255384306819448415024709
14,39,40,8,87178291200,0.000000000000000000000000000000000000000000000000000000000000000000752886417148306737054206295200875681289917409454859872639103775210886512929647920167416923,0.000000000000000000000000000000000000000000000000000000000000000000752886417148306737054206295200875681287105788750132262428735740024835935425672208868256033,697426329600,0.000000000000000000000000000000000000000000000000000000000000000006023091337186453896433650361607005450319339275638878981112830201687092103437183361339335387,0.000000000000000000000000000000000000000000000000000000000000000006023091337186453896433650361607005450296846310001058099429885920198687483405377670946048267,0.000000000000000000000000000000000000000000000000000000000000000000537084145787725048291844472806184393131403690909392368055518178986761896055405675685639310,0.000000000000000000000000000000000000000000000000000000000000000000385952184163525161368276239535853079218425419064813246363560676974950487975061990500831443,0.177609269600912978182976166563519893399611134056953950258496602671050571598808183918073651946118211944466012742689310439247596085451836895642948400588720808,0.209961171009290844820244201693679158573071912576265768847735387654643350209597369010734092170555293843123137477015164202843786764566644126026308768738385058,0.636469126443736880202470868101802290058393013274367049380930771928677392828949180639079689331467303981950024871356829700405732710941963181387161592123666627,0.482935519657297872056894279592759818463939160835672292075997837464468861830468809049649673116829427373454381593280100042835821658883907317959409830217046292,x.177609269600912978182976166563519893399611134056953950258496602671050571598808183918073651946118211944466012742689310439247596085451836895642948400588720808,y.209961171009290844820244201693679158573071912576265768847735387654643350209597369010734092170555293843123137477015164202843786764566644126026308768738385058,x.636469126443736880202470868101802290058393013274367049380930771928677392828949180639079689331467303981950024871356829700405732710941963181387161592123666627,y.482935519657297872056894279592759818463939160835672292075997837464468861830468809049649673116829427373454381593280100042835821658883907317959409830217046292,0.395821789413088194166816914894929057135917089936046730555460419024902030266874386859081714268170242367162454739583578487086878413430351745912227784174521706,0.895557914776722569637617537538538496485416042238689871641273492789333367449527877423489169222335779448758394147066641816611975316577255384306819448415024709
15,41,42,1,1307674368000,0.000000000000000000000000000000000000000000000000000000000000000011293296257224601055813094428013135219348761141822898089586556628163297693944718802511253852,0.000000000000000000000000000000000000000000000000000000000000000011293296257224601055813094428013135219306586831251983936431036100372539031385083133023840502,1307674368000,0.000000000000000000000000000000000000000000000000000000000000000011293296257224601055813094428013135219348761141822898089586556628163297693944718802511253852,0.000000000000000000000000000000000000000000000000000000000000000011293296257224601055813094428013135219306586831251983936431036100372539031385083133023840502,0.000000000000000000000000000000000000000000000000000000000000000001300415582263053580005835512753198653990890091844034767567870490305478308405054335258828318,0.000000000000000000000000000000000000000000000000000000000000000002418350150752408854299355357197682847513424254780931191032811035346539526908731894529389073,0.700560004501178046918532514117153724558322654245612684845327415546092799008019260713029506236438175190380770103163806609122024924743966304188602072194582652,0.603091592336713776740235286551156227669915841698079731332407859786305459919093898157438830180570877810429242901865246841638765005981943886894998536498639903,0.932747097160805283186004344649420476262119207744705799526370144343000098458196141113414885213104425645220338812788589141712738236698456438878844283036136327,0.158934256416191442771217391240138231301638665344227297206668131419686894440537893830944780856415238705905719602977791179452139192552362204986395979949750808,x.700560004501178046918532514117153724558322654245612684845327415546092799008019260713029506236438175190380770103163806609122024924743966304188602072194582652,y.603091592336713776740235286551156227669915841698079731332407859786305459919093898157438830180570877810429242901865246841638765005981943886894998536498639903,x.932747097160805283186004344649420476262119207744705799526370144343000098458196141113414885213104425645220338812788589141712738236698456438878844283036136327,y.158934256416191442771217391240138231301638665344227297206668131419686894440537893830944780856415238705905719602977791179452139192552362204986395979949750808,0.491641792847317318014419215088977096913156095488374348486768629364782816293842444065948509572562076630664017802900138210343438092976449005064276911349009442,0.852414808363752855029525155715265942741195544932213773708909476677803962173048124800354445543249489206567280049459855606799766543962273027814709078782099677
15,42,43,3,1307674368000,0.000000000000000000000000000000000000000000000000000000000000000011293296257224601055813094428013135219348761141822898089586556628163297693944718802511253852,0.000000000000000000000000000000000000000000000000000000000000000011293296257224601055813094428013135219306586831251983936431036100372539031385083133023840502,3923023104000,0.000000000000000000000000000000000000000000000000000000000000000033879888771673803167439283284039405658046283425468694268759669884489893081834156407533761557,0.000000000000000000000000000000000000000000000000000000000000000033879888771673803167439283284039405657919760493755951809293108301117617094155249399071521507,0.000000000000000000000000000000000000000000000000000000000000000002418350150752408854299355357197682847513424254780931191032811035346539526908731894529389073,0.000000000000000000000000000000000000000000000000000000000000000007525895884294677692405011351885493288374902230878084158972377127618461683536520196290021399,0.932747097160805283186004344649420476262119207744705799526370144343000098458196141113414885213104425645220338812788589141712738236698456438878844283036136327,0.158934256416191442771217391240138231301638665344227297206668131419686894440537893830944780856415238705905719602977791179452139192552362204986395979949750808,0.649200065540896946256911273549215219069447264873324679211811542438778710365715943227365056758531979307658492344953997366875397992224284611226173059037011396,0.775840147344682869419848996224549721204738551058437526098669590261328478533520323028365146038333458851109543396942919518220231908941959527664183663630541296,x.932747097160805283186004344649420476262119207744705799526370144343000098458196141113414885213104425645220338812788589141712738236698456438878844283036136327,y.158934256416191442771217391240138231301638665344227297206668131419686894440537893830944780856415238705905719602977791179452139192552362204986395979949750808,x.649200065540896946256911273549215219069447264873324679211811542438778710365715943227365056758531979307658492344953997366875397992224284611226173059037011396,y.775840147344682869419848996224549721204738551058437526098669590261328478533520323028365146038333458851109543396942919518220231908941959527664183663630541296,0.491641792847317318014419215088977096913156095488374348486768629364782816293842444065948509572562076630664017802900138210343438092976449005064276911349009442,0.852414808363752855029525155715265942741195544932213773708909476677803962173048124800354445543249489206567280049459855606799766543962273027814709078782099677
15,43,44,6,1307674368000,0.000000000000000000000000000000000000000000000000000000000000000011293296257224601055813094428013135219348761141822898089586556628163297693944718802511253852,0.000000000000000000000000000000000000000000000000000000000000000011293296257224601055813094428013135219306586831251983936431036100372539031385083133023840502,7846046208000,0.000000000000000000000000000000000000000000000000000000000000000067759777543347606334878566568078811316092566850937388537519339768979786163668312815067523114,0.000000000000000000000000000000000000000000000000000000000000000067759777543347606334878566568078811315839520987511903618586216602235234188310498798143043014,0.000000000000000000000000000000000000000000000000000000000000000007525895884294677692405011351885493288374902230878084158972377127618461683536520196290021399,0.000000000000000000000000000000000000000000000000000000000000000008811860255667404441773531386071249807366244949275026930043173585306000696428956356347611995,0.649200065540896946256911273549215219069447264873324679211811542438778710365715943227365056758531979307658492344953997366875397992224284611226173059037011396,0.775840147344682869419848996224549721204738551058437526098669590261328478533520323028365146038333458851109543396942919518220231908941959527664183663630541296,0.368262207118329147139298175681250450455710069297416568004266017443622045314814900866288157093013683498506745135721840443952308195264058885255993541833683072,0.465178192094907541428067187518437496383459849434795587772537286480308805208917120309939136288443131881060019854473615134770533940144040948654151529102290788,x.649200065540896946256911273549215219069447264873324679211811542438778710365715943227365056758531979307658492344953997366875397992224284611226173059037011396,y.775840147344682869419848996224549721204738551058437526098669590261328478533520323028365146038333458851109543396942919518220231908941959527664183663630541296,x.368262207118329147139298175681250450455710069297416568004266017443622045314814900866288157093013683498506745135721840443952308195264058885255993541833683072,y.465178192094907541428067187518437496383459849434795587772537286480308805208917120309939136288443131881060019854473615134770533940144040948654151529102290788,0.491641792847317318014419215088977096913156095488374348486768629364782816293842444065948509572562076630664017802900138210343438092976449005064276911349009442,0.852414808363752855029525155715265942741195544932213773708909476677803962173048124800354445543249489206567280049459855606799766543962273027814709078782099677
15,44,45,4,1307674368000,0.000000000000000000000000000000000000000000000000000000000000000011293296257224601055813094428013135219348761141822898089586556628163297693944718802511253852,0.000000000000000000000000000000000000000000000000000000000000000011293296257224601055813094428013135219306586831251983936431036100372539031385083133023840502,5230697472000,0.000000000000000000000000000000000000000000000000000000000000000045173185028898404223252377712052540877395044567291592358346226512653190775778875210045015409,0.000000000000000000000000000000000000000000000000000000000000000045173185028898404223252377712052540877226347325007935745724144401490156125540332532095362009,0.000000000000000000000000000000000000000000000000000000000000000008811860255667404441773531386071249807366244949275026930043173585306000696428956356347611995,0.000000000000000000000000000000000000000000000000000000000000000003293381863206795985404250533854150382376668174091451941037169183050328729187662854898979307,0.368262207118329147139298175681250450455710069297416568004266017443622045314814900866288157093013683498506745135721840443952308195264058885255993541833683072,0.465178192094907541428067187518437496383459849434795587772537286480308805208917120309939136288443131881060019854473615134770533940144040948654151529102290788,0.432781051177690712330261043021042786354186035143707077601552853857994566984557203909125702918594201244418109591556503822813778358327781941944591553922843971,0.666420704178912654359268629619008782054661334844335637266268439418964183115423303287484554325879723913780705436782179909835071482568350734450752093745159093,x.368262207118329147139298175681250450455710069297416568004266017443622045314814900866288157093013683498506745135721840443952308195264058885255993541833683072,y.465178192094907541428067187518437496383459849434795587772537286480308805208917120309939136288443131881060019854473615134770533940144040948654151529102290788,x.432781051177690712330261043021042786354186035143707077601552853857994566984557203909125702918594201244418109591556503822813778358327781941944591553922843971,y.666420704178912654359268629619008782054661334844335637266268439418964183115423303287484554325879723913780705436782179909835071482568350734450752093745159093,0.491641792847317318014419215088977096913156095488374348486768629364782816293842444065948509572562076630664017802900138210343438092976449005064276911349009442,0.852414808363752855029525155715265942741195544932213773708909476677803962173048124800354445543249489206567280049459855606799766543962273027814709078782099677
16,46,47,3,20922789888000,0.000000000000000000000000000000000000000000000000000000000000000180692740115593616893009510848210163509580178269166369433384906050612763103115500840180061638,0.000000000000000000000000000000000000000000000000000000000000000180692740115593616893009510848210163508905389300031742982896577605960624502161330128381448039,62768369664000,0.000000000000000000000000000000000000000000000000000000000000000542078220346780850679028532544630490528740534807499108300154718151838289309346502520540184915,0.000000000000000000000000000000000000000000000000000000000000000542078220346780850679028532544630490526716167900095228948689732817881873506483990385144344117,0.000000000000000000000000000000000000000000000000000000000000000082588462092711881122326093467357585996714534064712931218850368029512003488186456567588445342,0.000000000000000000000000000000000000000000000000000000000000000129997737957032897250576500259059175172364808336384026655438406736693187731099827252820672060,0.989571061492048414868198167087928604468618933645413508094818728194972244272692188213134946266215791603441190144814810369932762494972096344283443554176694959,0.625066902022471219717509761872412927306197464262841562579564531896830332680612613567199600476123478166535131856543627024592189158380995832989565604472635833,0.226848437610027035379363126238227631087437082700973802385974179699262858272084161830472735965453456414777339376240578339511974126341594616390534933277789398,0.751356180978838325045097809375920348987250454560386595973326443128707005603779810813085546874607732908834550914326747612063483505010647648749630281488047215,x.989571061492048414868198167087928604468618933645413508094818728194972244272692188213134946266215791603441190144814810369932762494972096344283443554176694959,y.625066902022471219717509761872412927306197464262841562579564531896830332680612613567199600476123478166535131856543627024592189158380995832989565604472635833,x.226848437610027035379363126238227631087437082700973802385974179699262858272084161830472735965453456414777339376240578339511974126341594616390534933277789398,y.751356180978838325045097809375920348987250454560386595973326443128707005603779810813085546874607732908834550914326747612063483505010647648749630281488047215,0.222669249714756979499837608422427806418805528824556225412451503655501739933324759398759757363912526612843582257294999056715302536761406697246608158890930831,0.838701795206455026473455231754609798787814957200302532416119755448385786108742048066487713389961328813899323894840559114895381514142180929348549278787129391
16,47,48,4,20922789888000,0.000000000000000000000000000000000000000000000000000000000000000180692740115593616893009510848210163509580178269166369433384906050612763103115500840180061638,0.000000000000000000000000000000000000000000000000000000000000000180692740115593616893009510848210163508905389300031742982896577605960624502161330128381448039,83691159552000,0.000000000000000000000000000000000000000000000000000000000000000722770960462374467572038043392840654038320713076665477733539624202451052412462003360720246553,0.000000000000000000000000000000000000000000000000000000000000000722770960462374467572038043392840654035621557200126971931586310423842498008645320513525792156,0.000000000000000000000000000000000000000000000000000000000000000129997737957032897250576500259059175172364808336384026655438406736693187731099827252820672060,0.000000000000000000000000000000000000000000000000000000000000000025061001382362300229620399690928554239433594948241956946561090987717536410815387045292106136,0.226848437610027035379363126238227631087437082700973802385974179699262858272084161830472735965453456414777339376240578339511974126341594616390534933277789398,0.751356180978838325045097809375920348987250454560386595973326443128707005603779810813085546874607732908834550914326747612063483505010647648749630281488047215,0.569319117649757657903978955505224977581488017586082378834050003793405478036970936595478608490556516622008363150543671772735443236317716571761937510076756785,0.361587746993314069171905218696855470544679737523257619640893729082592604548641002142497539743929793506137980746936693953423684144080396114963399688040085615,x.226848437610027035379363126238227631087437082700973802385974179699262858272084161830472735965453456414777339376240578339511974126341594616390534933277789398,y.751356180978838325045097809375920348987250454560386595973326443128707005603779810813085546874607732908834550914326747612063483505010647648749630281488047215,x.569319117649757657903978955505224977581488017586082378834050003793405478036970936595478608490556516622008363150543671772735443236317716571761937510076756785,y.361587746993314069171905218696855470544679737523257619640893729082592604548641002142497539743929793506137980746936693953423684144080396114963399688040085615,0.222669249714756979499837608422427806418805528824556225412451503655501739933324759398759757363912526612843582257294999056715302536761406697246608158890930831,0.838701795206455026473455231754609798787814957200302532416119755448385786108742048066487713389961328813899323894840559114895381514142180929348549278787129391
17,49,50,0,355687428096000,0.000000000000000000000000000000000000000000000000000000000000003071776581965091487181161684419572779662863030575828280367543402860416972752963514283061047854,0.000000000000000000000000000000000000000000000000000000000000003071776581965091487181161684419572779651391618100539630709241819301330616536742612182484616663,0,0.000000000000000000000000000000000000000000000000000000000000000000000000000000000000000000000000000000000000000000000000000000000000000000000000000000000000,0.000000000000000000000000000000000000000000000000000000000000000000000000000000000000000000000000000000000000000000000000000000000000000000000000000000000000,0.000000000000000000000000000000000000000000000000000000000000000461443240971471251794484603074728020785362314205459217099129975261852124186848755947097203075,0.000000000000000000000000000000000000000000000000000000000000002206135753783768909498851992776103297157713067263536761636673145161119538575382045117087361360,0.348104964066481540479507810725608592923565931717240304142607268025225466741629583062999352619834417542329090786279198279461219218938034607589048386585601635,0.729645427422688921396177470801843015692774890924353725475257706105542100592363896330194303110868805553787732592306643580661293088826998168312852608483348439,0.954822600466056561624846774425390730806546619552651907090277409981316325379540680249725278946174796391349825706920640315573054290619928044548632056914373995,0.918914601276078870304426859944331173443426816801697713238429140217706176716580720828074319238795601663415309210705679237331984474708139847509718358769597336,x.348104964066481540479507810725608592923565931717240304142607268025225466741629583062999352619834417542329090786279198279461219218938034607589048386585601635,y.729645427422688921396177470801843015692774890924353725475257706105542100592363896330194303110868805553787732592306643580661293088826998168312852608483348439,x.954822600466056561624846774425390730806546619552651907090277409981316325379540680249725278946174796391349825706920640315573054290619928044548632056914373995,y.918914601276078870304426859944331173443426816801697713238429140217706176716580720828074319238795601663415309210705679237331984474708139847509718358769597336,0.621368745678828586385635960340367297373540471648428014500653972333523706295998527141108346732816014387914853154732952829448909395782026983044444178934275020,0.498442375920251003168271001368807158101587005092982033268569592622386231418896117555959032418079511382094276296679701869305188409661811991641879388997674455
17,50,51,4,355687428096000,0.000000000000000000000000000000000000000000000000000000000000003071776581965091487181161684419572779662863030575828280367543402860416972752963514283061047854,0.000000000000000000000000000000000000000000000000000000000000003071776581965091487181161684419572779651391618100539630709241819301330616536742612182484616663,1422749712384000,0.000000000000000000000000000000000000000000000000000000000000012287106327860365948724646737678291118651452122303313121470173611441667891011854057132244191417,0.000000000000000000000000000000000000000000000000000000000000012287106327860365948724646737678291118605566472402158522836967277205322466146970448729938466653,0.000000000000000000000000000000000000000000000000000000000000002206135753783768909498851992776103297157713067263536761636673145161119538575382045117087361360,0.000000000000000000000000000000000000000000000000000000000000002420997639133482177278920651275011547825053380506445372355047469338087489814909978777765782377,0.954822600466056561624846774425390730806546619552651907090277409981316325379540680249725278946174796391349825706920640315573054290619928044548632056914373995,0.918914601276078870304426859944331173443426816801697713238429140217706176716580720828074319238795601663415309210705679237331984474708139847509718358769597336,0.548529132962279435734156576338628813519803333720516139581733190238781441516374287511681558348620588522088915632164192850369783678371364048599388212404492807,0.504117659451986858209456679676491934902289950852560835190036858752518086448022794349082431085679142252052170079168240366487794634679617179670083306461904119,x.954822600466056561624846774425390730806546619552651907090277409981316325379540680249725278946174796391349825706920640315573054290619928044548632056914373995,y.918914601276078870304426859944331173443426816801697713238429140217706176716580720828074319238795601663415309210705679237331984474708139847509718358769597336,x.548529132962279435734156576338628813519803333720516139581733190238781441516374287511681558348620588522088915632164192850369783678371364048599388212404492807,y.504117659451986858209456679676491934902289950852560835190036858752518086448022794349082431085679142252052170079168240366487794634679617179670083306461904119,0.621368745678828586385635960340367297373540471648428014500653972333523706295998527141108346732816014387914853154732952829448909395782026983044444178934275020,0.498442375920251003168271001368807158101587005092982033268569592622386231418896117555959032418079511382094276296679701869305188409661811991641879388997674455
17,51,52,6,355687428096000,0.000000000000000000000000000000000000000000000000000000000000003071776581965091487181161684419572779662863030575828280367543402860416972752963514283061047854,0.000000000000000000000000000000000000000000000000000000000000003071776581965091487181161684419572779651391618100539630709241819301330616536742612182484616663,2134124568576000,0.000000000000000000000000000000000000000000000000000000000000018430659491790548923086970106517436677977178183454969682205260417162501836517781085698366287125,0.000000000000000000000000000000000000000000000000000000000000018430659491790548923086970106517436677908349708603237784255450915807983699220455673094907699979,0.000000000000000000000000000000000000000000000000000000000000002420997639133482177278920651275011547825053380506445372355047469338087489814909978777765782377,0.000000000000000000000000000000000000000000000000000000000000002624824653796397088120995677471692106896780413489599709205638280556262417495900510213126380035,0.548529132962279435734156576338628813519803333720516139581733190238781441516374287511681558348620588522088915632164192850369783678371364048599388212404492807,0.504117659451986858209456679676491934902289950852560835190036858752518086448022794349082431085679142252052170079168240366487794634679617179670083306461904119,0.456104030200489096729546989640536046816251621601420198120519178872192125718279950404006333510211473981720526506436244771172435934745453545128835750653718267,0.846446061884961691336360377705416013998173261127627773862455207301455414662639974710093842567242436215534056727735410727804937070608696928737839551734909681,x.548529132962279435734156576338628813519803333720516139581733190238781441516374287511681558348620588522088915632164192850369783678371364048599388212404492807,y.504117659451986858209456679676491934902289950852560835190036858752518086448022794349082431085679142252052170079168240366487794634679617179670083306461904119,x.456104030200489096729546989640536046816251621601420198120519178872192125718279950404006333510211473981720526506436244771172435934745453545128835750653718267,y.846446061884961691336360377705416013998173261127627773862455207301455414662639974710093842567242436215534056727735410727804937070608696928737839551734909681,0.621368745678828586385635960340367297373540471648428014500653972333523706295998527141108346732816014387914853154732952829448909395782026983044444178934275020,0.498442375920251003168271001368807158101587005092982033268569592622386231418896117555959032418079511382094276296679701869305188409661811991641879388997674455
18,53,54,0,6402373705728000,0.000000000000000000000000000000000000000000000000000000000000055291978475371646769260910319552310033931534550364909046615781251487505509553343257095098861377,0.000000000000000000000000000000000000000000000000000000000000055291978475371646769260910319552310033725049125809713352766352747423951097661367019284723099939,0,0.000000000000000000000000000000000000000000000000000000000000000000000000000000000000000000000000000000000000000000000000000000000000000000000000000000000000,0.000000000000000000000000000000000000000000000000000000000000000000000000000000000000000000000000000000000000000000000000000000000000000000000000000000000000,0.000000000000000000000000000000000000000000000000000000000000003120336355704038188847833699104967815888748122080270058918270486672270506121460327697125926926,0.000000000000000000000000000000000000000000000000000000000000030849098261347684714186898850928082668519494291209737975467347774920567784428293166231947493469,0.061202404016418340860916274607729216666159235951572793427189302002200213817596404868944320862367965989382381460266545525730465189122745442727375708390601193,0.395589766718125261564440995288735429510602631353796466927888550424147000693704855908895775221545383647030186164879395468380852491954615009147059778368582936,0.292796619131213189584302175174818794406904150351975754266849115339357099074718968022718052176784608635813426329892025588064470883563804546632552231281681447,0.001457293011454786420425259391849853777516496842650552005970824381990889762644636646249032311658799998624483838545232551669605169995169830730172088648221390,x.061202404016418340860916274607729216666159235951572793427189302002200213817596404868944320862367965989382381460266545525730465189122745442727375708390601193,y.395589766718125261564440995288735429510602631353796466927888550424147000693704855908895775221545383647030186164879395468380852491954615009147059778368582936,x.292796619131213189584302175174818794406904150351975754266849115339357099074718968022718052176784608635813426329892025588064470883563804546632552231281681447,y.001457293011454786420425259391849853777516496842650552005970824381990889762644636646249032311658799998624483838545232551669605169995169830730172088648221390,0.231174667571633095212880052392673232844887018720852012620556176845746254014006700090308556192114649800864819927223897982450724504636869482223711693888592569,0.203122643419877559343294724379604801640469382340328505828583600049147252111564977697853759817956819186786905755045980182597596660268954470243181709893542554
18,54,55,3,6402373705728000,0.000000000000000000000000000000000000000000000000000000000000055291978475371646769260910319552310033931534550364909046615781251487505509553343257095098861377,0.000000000000000000000000000000000000000000000000000000000000055291978475371646769260910319552310033725049125809713352766352747423951097661367019284723099939,19207121117184000,0.000000000000000000000000000000000000000000000000000000000000165875935426114940307782730958656930101794603651094727139847343754462516528660029771285296584132,0.000000000000000000000000000000000000000000000000000000000000165875935426114940307782730958656930101175147377429140058299058242271853292984101057854169299817,0.000000000000000000000000000000000000000000000000000000000000030849098261347684714186898850928082668519494291209737975467347774920567784428293166231947493469,0.000000000000000000000000000000000000000000000000000000000000038309142689930052189377928005542439260882458298132362032848405928808267003031903870415336419430,0.292796619131213189584302175174818794406904150351975754266849115339357099074718968022718052176784608635813426329892025588064470883563804546632552231281681447,0.001457293011454786420425259391849853777516496842650552005970824381990889762644636646249032311658799998624483838545232551669605169995169830730172088648221390,0.522019238229117770747213841688329590451326716548361710615010608938179062447485680593083937573795236108509235034541695485698497883538372584616064616424742839,0.057434093722196194108326094001946728797915249990997339067970282703920960854760327939957321069551382277800100730917204127022063276524772612330634510471917277,x.292796619131213189584302175174818794406904150351975754266849115339357099074718968022718052176784608635813426329892025588064470883563804546632552231281681447,y.001457293011454786420425259391849853777516496842650552005970824381990889762644636646249032311658799998624483838545232551669605169995169830730172088648221390,x.522019238229117770747213841688329590451326716548361710615010608938179062447485680593083937573795236108509235034541695485698497883538372584616064616424742839,y.057434093722196194108326094001946728797915249990997339067970282703920960854760327939957321069551382277800100730917204127022063276524772612330634510471917277,0.231174667571633095212880052392673232844887018720852012620556176845746254014006700090308556192114649800864819927223897982450724504636869482223711693888592569,0.203122643419877559343294724379604801640469382340328505828583600049147252111564977697853759817956819186786905755045980182597596660268954470243181709893542554
18,55,56,2,6402373705728000,0.000000000000000000000000000000000000000000000000000000000000055291978475371646769260910319552310033931534550364909046615781251487505509553343257095098861377,0.000000000000000000000000000000000000000000000000000000000000055291978475371646769260910319552310033725049125809713352766352747423951097661367019284723099939,12804747411456000,0.000000000000000000000000000000000000000000000000000000000000110583956950743293538521820639104620067863069100729818093231562502975011019106686514190197722755,0.000000000000000000000000000000000000000000000000000000000000110583956950743293538521820639104620067450098251619426705532705494847902195322734038569446199878,0.000000000000000000000000000000000000000000000000000000000000038309142689930052189377928005542439260882458298132362032848405928808267003031903870415336419430,0.000000000000000000000000000000000000000000000000000000000000050128640881608385735421135910311920879216835708635456067967570594905411199058446425004221797536,0.522019238229117770747213841688329590451326716548361710615010608938179062447485680593083937573795236108509235034541695485698497883538372584616064616424742839,0.057434093722196194108326094001946728797915249990997339067970282703920960854760327939957321069551382277800100730917204127022063276524772612330634510471917277,0.246791006835515576471984514785524653181187692579042079097512679025328205605432146520982925904174581358225389778332539560029586330328223794109917438560936777,0.875178146328243229753365453828576805321232671965344617302106039084660421035155218035577392349430723289148739721700261741386873072513634892254658976382828744,x.522019238229117770747213841688329590451326716548361710615010608938179062447485680593083937573795236108509235034541695485698497883538372584616064616424742839,y.057434093722196194108326094001946728797915249990997339067970282703920960854760327939957321069551382277800100730917204127022063276524772612330634510471917277,x.246791006835515576471984514785524653181187692579042079097512679025328205605432146520982925904174581358225389778332539560029586330328223794109917438560936777,y.875178146328243229753365453828576805321232671965344617302106039084660421035155218035577392349430723289148739721700261741386873072513634892254658976382828744,0.231174667571633095212880052392673232844887018720852012620556176845746254014006700090308556192114649800864819927223897982450724504636869482223711693888592569,0.203122643419877559343294724379604801640469382340328505828583600049147252111564977697853759817956819186786905755045980182597596660268954470243181709893542554
19,57,58,0,121645100408832000,0.000000000000000000000000000000000000000000000000000000000001050547591032061288615957296071493890644699156456933271885699843778262604681513521884806878366175,0.000000000000000000000000000000000000000000000000000000000001050547591032061288615957296071493890640775933390384553702560702201055070855565973366409738898843,0,0.000000000000000000000000000000000000000000000000000000000000000000000000000000000000000000000000000000000000000000000000000000000000000000000000000000000000,0.000000000000000000000000000000000000000000000000000000000000000000000000000000000000000000000000000000000000000000000000000000000000000000000000000000000000,0.000000000000000000000000000000000000000000000000000000000000143366084948958802938088575777472089680975082710933983219010320460252218452901366815724227822826,0.000000000000000000000000000000000000000000000000000000000000676484620697786120375148390807319496223266586750087639191097310673554918256533486987506984841426,0.645044356258010307064245572917392822825712507192992807032047273491276582281410848450267577840079241561731888668820385996307062034290722919013360323339205601,0.436300070750660788489162647283570690045711245184558585952405241276574303807750457399674109878918507935500922148557968923218779533111354264151581122061204077,0.067727342925025613505880634083353644927934831571840183331843277373848576966685201927866435006380877893994398493448751137558700316591490945116029037775717709,0.321472695216444062719529316194727934916627537976157124442005567070591981743229463543286222444970875916217524962664343218654953939980868969465886266959826601,x.645044356258010307064245572917392822825712507192992807032047273491276582281410848450267577840079241561731888668820385996307062034290722919013360323339205601,y.436300070750660788489162647283570690045711245184558585952405241276574303807750457399674109878918507935500922148557968923218779533111354264151581122061204077,x.067727342925025613505880634083353644927934831571840183331843277373848576966685201927866435006380877893994398493448751137558700316591490945116029037775717709,y.321472695216444062719529316194727934916627537976157124442005567070591981743229463543286222444970875916217524962664343218654953939980868969465886266959826601,0.801610579510099586605508220849961486883186706134109232246713110531671762985020584747974836837745319971522894025829950695275759243282422967842220804075727752,0.916478701317970586329844722231254904544090395818998493355832323645691751616733229444999771278203679222827368058371619922527220703423637747003361955439054900
19,58,59,3,121645100408832000,0.000000000000000000000000000000000000000000000000000000000001050547591032061288615957296071493890644699156456933271885699843778262604681513521884806878366175,0.000000000000000000000000000000000000000000000000000000000001050547591032061288615957296071493890640775933390384553702560702201055070855565973366409738898843,364935301226496000,0.000000000000000000000000000000000000000000000000000000000003151642773096183865847871888214481671934097469370799815657099531334787814044540565654420635098525,0.000000000000000000000000000000000000000000000000000000000003151642773096183865847871888214481671922327800171153661107682106603165212566697920099229216696529,0.000000000000000000000000000000000000000000000000000000000000676484620697786120375148390807319496223266586750087639191097310673554918256533486987506984841426,0.000000000000000000000000000000000000000000000000000000000000332405977614350398812734595332700554588665032127148230861608147973113399105547088129599631654298,0.067727342925025613505880634083353644927934831571840183331843277373848576966685201927866435006380877893994398493448751137558700316591490945116029037775717709,0.321472695216444062719529316194727934916627537976157124442005567070591981743229463543286222444970875916217524962664343218654953939980868969465886266959826601,0.254493545157748925267886042005117524855266660785426061050630198366568251051118273730026853246610528856473140429016531172096129915093735792798126202487798616,0.050670122356146350579131586768833968375450724963052758018241822511689816285094881114218263719129998447331010159953585877895595298410036954977865860121253084,x.067727342925025613505880634083353644927934831571840183331843277373848576966685201927866435006380877893994398493448751137558700316591490945116029037775717709,y.321472695216444062719529316194727934916627537976157124442005567070591981743229463543286222444970875916217524962664343218654953939980868969465886266959826601,x.254493545157748925267886042005117524855266660785426061050630198366568251051118273730026853246610528856473140429016531172096129915093735792798126202487798616,y.050670122356146350579131586768833968375450724963052758018241822511689816285094881114218263719129998447331010159953585877895595298410036954977865860121253084,0.801610579510099586605508220849961486883186706134109232246713110531671762985020584747974836837745319971522894025829950695275759243282422967842220804075727752,0.916478701317970586329844722231254904544090395818998493355832323645691751616733229444999771278203679222827368058371619922527220703423637747003361955439054900
19,59,60,5,121645100408832000,0.000000000000000000000000000000000000000000000000000000000001050547591032061288615957296071493890644699156456933271885699843778262604681513521884806878366175,0.000000000000000000000000000000000000000000000000000000000001050547591032061288615957296071493890640775933390384553702560702201055070855565973366409738898843,608225502044160000,0.000000000000000000000000000000000000000000000000000000000005252737955160306443079786480357469453223495782284666359428499218891313023407567609424034391830876,0.000000000000000000000000000000000000000000000000000000000005252737955160306443079786480357469453203879666951922768512803511005275354277829866832048694494215,0.000000000000000000000000000000000000000000000000000000000000332405977614350398812734595332700554588665032127148230861608147973113399105547088129599631654298,0.000000000000000000000000000000000000000000000000000000000000347480098209003959740551688856184880036888402661153296802494785496119732211861538800954013009939,0.254493545157748925267886042005117524855266660785426061050630198366568251051118273730026853246610528856473140429016531172096129915093735792798126202487798616,0.050670122356146350579131586768833968375450724963052758018241822511689816285094881114218263719129998447331010159953585877895595298410036954977865860121253084,0.284794083879304414332749288177281536507428803841928490121034450998674432072752198159801114679775226818781117082919659508088370236123276526227250692976144923,0.814773361191873021278627546581968811277672599754329884364312674847336861153038878992098461716817493944692822268329122807847773998690640983454615149505960488,x.254493545157748925267886042005117524855266660785426061050630198366568251051118273730026853246610528856473140429016531172096129915093735792798126202487798616,y.050670122356146350579131586768833968375450724963052758018241822511689816285094881114218263719129998447331010159953585877895595298410036954977865860121253084,x.284794083879304414332749288177281536507428803841928490121034450998674432072752198159801114679775226818781117082919659508088370236123276526227250692976144923,y.814773361191873021278627546581968811277672599754329884364312674847336861153038878992098461716817493944692822268329122807847773998690640983454615149505960488,0.801610579510099586605508220849961486883186706134109232246713110531671762985020584747974836837745319971522894025829950695275759243282422967842220804075727752,0.916478701317970586329844722231254904544090395818998493355832323645691751616733229444999771278203679222827368058371619922527220703423637747003361955439054900
19,60,61,2,121645100408832000,0.000000000000000000000000000000000000000000000000000000000001050547591032061288615957296071493890644699156456933271885699843778262604681513521884806878366175,0.000000000000000000000000000000000000000000000000000000000001050547591032061288615957296071493890640775933390384553702560702201055070855565973366409738898843,243290200817664000,0.000000000000000000000000000000000000000000000000000000000002101095182064122577231914592142987781289398312913866543771399687556525209363027043769613756732350,0.000000000000000000000000000000000000000000000000000000000002101095182064122577231914592142987781281551866780769107405121404402110141711131946732819477797686,0.000000000000000000000000000000000000000000000000000000000000347480098209003959740551688856184880036888402661153296802494785496119732211861538800954013009939,0.000000000000000000000000000000000000000000000000000000000000757318040455934307510106814041260398800076925852132670647028396872990211457446061270397661535467,0.284794083879304414332749288177281536507428803841928490121034450998674432072752198159801114679775226818781117082919659508088370236123276526227250692976144923,0.814773361191873021278627546581968811277672599754329884364312674847336861153038878992098461716817493944692822268329122807847773998690640983454615149505960488,0.287662051808258493124026345498776931828251448521631499391172212282543873125295973822608490978473821966746283619899655969943854326007656032828532726295928959,0.826702787511911341037180449490996160908371641925938721900214511321589963105556521159461039286057651868811963741381697776372246809402631486977403531750225546,x.284794083879304414332749288177281536507428803841928490121034450998674432072752198159801114679775226818781117082919659508088370236123276526227250692976144923,y.814773361191873021278627546581968811277672599754329884364312674847336861153038878992098461716817493944692822268329122807847773998690640983454615149505960488,x.287662051808258493124026345498776931828251448521631499391172212282543873125295973822608490978473821966746283619899655969943854326007656032828532726295928959,y.826702787511911341037180449490996160908371641925938721900214511321589963105556521159461039286057651868811963741381697776372246809402631486977403531750225546,0.801610579510099586605508220849961486883186706134109232246713110531671762985020584747974836837745319971522894025829950695275759243282422967842220804075727752,0.916478701317970586329844722231254904544090395818998493355832323645691751616733229444999771278203679222827368058371619922527220703423637747003361955439054900
20,62,63,2,2432902008176640000,0.000000000000000000000000000000000000000000000000000000000021010951820641225772319145921429877812893983129138665437713996875565252093630270437696137567323505,0.000000000000000000000000000000000000000000000000000000000021010951820641225772319145921429877812815518667807691074051214044021101417111319467328194777976860,4865804016353280000,0.000000000000000000000000000000000000000000000000000000000042021903641282451544638291842859755625787966258277330875427993751130504187260540875392275134647011,0.000000000000000000000000000000000000000000000000000000000042021903641282451544638291842859755625631037335615382148102428088042202834222638934656389555953721,0.000000000000000000000000000000000000000000000000000000000012742412232559352741707969315098269847235259427515693409817021339292991968533003333305051942139347,0.000000000000000000000000000000000000000000000000000000000014634194236893147930088466094864085865584557965379036387524951370224787667920417579015822708242607,0.137121670912886514838391037386104800115234727156321195392206400610672521191098134466774718963557067989352693825652760748796107565760010307698056168474620432,0.239014729533887305150630422381791592783611523682306067564879618537562439505580893933025187684440402097525820214140658032745066834443531003304567104561482489,0.398134802636192971062529923241344085749348488211870202528448204837687629031171446214788762409869221086898449535499463414175397730126823079392368690986399610,0.351981560468551638252843210304958528157200973942697829606077830178627743850654853752132651738860362177719108743003595895686585930285793198940791165065029663,x.137121670912886514838391037386104800115234727156321195392206400610672521191098134466774718963557067989352693825652760748796107565760010307698056168474620432,y.239014729533887305150630422381791592783611523682306067564879618537562439505580893933025187684440402097525820214140658032745066834443531003304567104561482489,x.398134802636192971062529923241344085749348488211870202528448204837687629031171446214788762409869221086898449535499463414175397730126823079392368690986399610,y.351981560468551638252843210304958528157200973942697829606077830178627743850654853752132651738860362177719108743003595895686585930285793198940791165065029663,0.865429073877382562871448482196729965733521415366065644766229203812062677632221316010830085587290100555738264790094930370056248551586158838805817036795493572,0.246110070108657785770896710548295413848516356499972516489747948433695376504618992100308617346155520778406066157437992441563226295302787398138640363757009237
20,63,64,4,2432902008176640000,0.000000000000000000000000000000000000000000000000000000000021010951820641225772319145921429877812893983129138665437713996875565252093630270437696137567323505,0.000000000000000000000000000000000000000000000000000000000021010951820641225772319145921429877812815518667807691074051214044021101417111319467328194777976860,9731608032706560000,0.000000000000000000000000000000000000000000000000000000000084043807282564903089276583685719511251575932516554661750855987502261008374521081750784550269294023,0.000000000000000000000000000000000000000000000000000000000084043807282564903089276583685719511251262074671230764296204856176084405668445277869312779111907443,0.000000000000000000000000000000000000000000000000000000000014634194236893147930088466094864085865584557965379036387524951370224787667920417579015822708242607,0.000000000000000000000000000000000000000000000000000000000006644264780169610628436963197311397461233675467779672519048669157518463745777800457374113304360782,0.398134802636192971062529923241344085749348488211870202528448204837687629031171446214788762409869221086898449535499463414175397730126823079392368690986399610,0.351981560468551638252843210304958528157200973942697829606077830178627743850654853752132651738860362177719108743003595895686585930285793198940791165065029663,0.062592611951909876921221762213025013409005290953953479104646798604237058198565956208237074189398968967145873562049047395887783137785870010403263909341126234,0.317012954664976987423183016727975455254430317572018804566254619610149005089298844412945136110483170625221466315567857490118935261319078936423845219784810381,x.398134802636192971062529923241344085749348488211870202528448204837687629031171446214788762409869221086898449535499463414175397730126823079392368690986399610,y.351981560468551638252843210304958528157200973942697829606077830178627743850654853752132651738860362177719108743003595895686585930285793198940791165065029663,x.062592611951909876921221762213025013409005290953953479104646798604237058198565956208237074189398968967145873562049047395887783137785870010403263909341126234,y.317012954664976987423183016727975455254430317572018804566254619610149005089298844412945136110483170625221466315567857490118935261319078936423845219784810381,0.865429073877382562871448482196729965733521415366065644766229203812062677632221316010830085587290100555738264790094930370056248551586158838805817036795493572,0.246110070108657785770896710548295413848516356499972516489747948433695376504618992100308617346155520778406066157437992441563226295302787398138640363757009237
20,64,65,5,2432902008176640000,0.000000000000000000000000000000000000000000000000000000000021010951820641225772319145921429877812893983129138665437713996875565252093630270437696137567323505,0.000000000000000000000000000000000000000000000000000000000021010951820641225772319145921429877812815518667807691074051214044021101417111319467328194777976860,12164510040883200000,0.000000000000000000000000000000000000000000000000000000000105054759103206128861595729607149389064469915645693327188569984377826260468151352188480687836617528,0.000000000000000000000000000000000000000000000000000000000105054759103206128861595729607149389064077593339038455370256070220105507085556597336640973889884304,0.000000000000000000000000000000000000000000000000000000000006644264780169610628436963197311397461233675467779672519048669157518463745777800457374113304360782,0.000000000000000000000000000000000000000000000000000000000011862237075016600513569034599707346548121304988980814421156261668172793972088646536559189644642788,0.062592611951909876921221762213025013409005290953953479104646798604237058198565956208237074189398968967145873562049047395887783137785870010403263909341126234,0.317012954664976987423183016727975455254430317572018804566254619610149005089298844412945136110483170625221466315567857490118935261319078936423845219784810381,0.188004263605422324522792418006605306655861391196917237826299162417992729262954261369534109869783135682640222217897295336708425261187938687868112006527472662,0.888729373208944912584744608432280103276883322829007886158430418677191770576072502567460280723330699250289562599123103537229423848225775612248009663334682040,x.062592611951909876921221762213025013409005290953953479104646798604237058198565956208237074189398968967145873562049047395887783137785870010403263909341126234,y.317012954664976987423183016727975455254430317572018804566254619610149005089298844412945136110483170625221466315567857490118935261319078936423845219784810381,x.188004263605422324522792418006605306655861391196917237826299162417992729262954261369534109869783135682640222217897295336708425261187938687868112006527472662,y.888729373208944912584744608432280103276883322829007886158430418677191770576072502567460280723330699250289562599123103537229423848225775612248009663334682040,0.865429073877382562871448482196729965733521415366065644766229203812062677632221316010830085587290100555738264790094930370056248551586158838805817036795493572,0.246110070108657785770896710548295413848516356499972516489747948433695376504618992100308617346155520778406066157437992441563226295302787398138640363757009237
20,65,66,7,2432902008176640000,0.000000000000000000000000000000000000000000000000000000000021010951820641225772319145921429877812893983129138665437713996875565252093630270437696137567323505,0.000000000000000000000000000000000000000000000000000000000021010951820641225772319145921429877812815518667807691074051214044021101417111319467328194777976860,17030314057236480000,0.000000000000000000000000000000000000000000000000000000000147076662744488580406234021450009144690257881903970658063997978128956764655411893063872962971264540,0.000000000000000000000000000000000000000000000000000000000147076662744488580406234021450009144689708630674653837518358498308147709919779236271297363445838025,0.000000000000000000000000000000000000000000000000000000000011862237075016600513569034599707346548121304988980814421156261668172793972088646536559189644642788,0.000000000000000000000000000000000000000000000000000000000001045662063684015436907349204927372509272328244532428861384530148078177492392455736170173245126926,0.188004263605422324522792418006605306655861391196917237826299162417992729262954261369534109869783135682640222217897295336708425261187938687868112006527472662,0.888729373208944912584744608432280103276883322829007886158430418677191770576072502567460280723330699250289562599123103537229423848225775612248009663334682040,0.308147321759518794449260678232743545148192613953026173110346773348261988910930047245754019783216257237951283766710764016895521432581784003972556057485728947,0.481634253958823818124461492428832526648359328261361311836727592951766415447036546598881258258453432633386991168188605966780904134428828543954080699539834478,x.188004263605422324522792418006605306655861391196917237826299162417992729262954261369534109869783135682640222217897295336708425261187938687868112006527472662,y.888729373208944912584744608432280103276883322829007886158430418677191770576072502567460280723330699250289562599123103537229423848225775612248009663334682040,x.308147321759518794449260678232743545148192613953026173110346773348261988910930047245754019783216257237951283766710764016895521432581784003972556057485728947,y.481634253958823818124461492428832526648359328261361311836727592951766415447036546598881258258453432633386991168188605966780904134428828543954080699539834478,0.865429073877382562871448482196729965733521415366065644766229203812062677632221316010830085587290100555738264790094930370056248551586158838805817036795493572,0.246110070108657785770896710548295413848516356499972516489747948433695376504618992100308617346155520778406066157437992441563226295302787398138640363757009237
21,67,68,2,51090942171709440000,0.000000000000000000000000000000000000000000000000000000000441229988233465741218702064350027434070773645711911974191993934386870293966235679191618888913793621,0.000000000000000000000000000000000000000000000000000000000441229988233465741218702064350027434069125892023961512555075494924443129759337708813892090337514077,102181884343418880000,0.000000000000000000000000000000000000000000000000000000000882459976466931482437404128700054868141547291423823948383987868773740587932471358383237777827587242,0.000000000000000000000000000000000000000000000000000000000882459976466931482437404128700054868138251784047923025110150989848886259518675417627784180675028155,0.000000000000000000000000000000000000000000000000000000000263187748486933862545524631265730887143127421093459962062285554148199283801765435581261336026694672,0.000000000000000000000000000000000000000000000000000000000134158539057364149914609353640740273496142576910419496419853620761909697825518800343159696486374436,0.070810280453843540192441284018927318621756780541637786397406249067084276297767550839857079901491566673101966692029929727255837511857114344911051883891917863,0.938586504353068386048879653863379097045537770557540501785087286069240551408782980543335137333052856535919160582412585894642142756684731874000198112895691156,0.124514527025916583344659229081025889340257570471454457384425106769190869215812036003924241070431437365149546265330391240908495856154728792440562700809360358,0.060846311377301311161336515959181207184158279028347872076505071083690823765459538599020722968951532606060451263181726643432383462034465487243787406968015519,x.070810280453843540192441284018927318621756780541637786397406249067084276297767550839857079901491566673101966692029929727255837511857114344911051883891917863,y.938586504353068386048879653863379097045537770557540501785087286069240551408782980543335137333052856535919160582412585894642142756684731874000198112895691156,x.124514527025916583344659229081025889340257570471454457384425106769190869215812036003924241070431437365149546265330391240908495856154728792440562700809360358,y.060846311377301311161336515959181207184158279028347872076505071083690823765459538599020722968951532606060451263181726643432383462034465487243787406968015519,0.512395189280574006569424588590279765740879468404195178326088034440058483678635479831109841355236544802999132930449382718602846350669773291615406829743254378,0.525087897088032742320772796912067483053768549669821656921087028021227661449924853462402968536816811484938637599623050400600366964184488933206093674202248878
21,68,69,1,51090942171709440000,0.000000000000000000000000000000000000000000000000000000000441229988233465741218702064350027434070773645711911974191993934386870293966235679191618888913793621,0.000000000000000000000000000000000000000000000000000000000441229988233465741218702064350027434069125892023961512555075494924443129759337708813892090337514077,51090942171709440000,0.000000000000000000000000000000000000000000000000000000000441229988233465741218702064350027434070773645711911974191993934386870293966235679191618888913793621,0.000000000000000000000000000000000000000000000000000000000441229988233465741218702064350027434069125892023961512555075494924443129759337708813892090337514077,0.000000000000000000000000000000000000000000000000000000000134158539057364149914609353640740273496142576910419496419853620761909697825518800343159696486374436,0.000000000000000000000000000000000000000000000000000000000361162678187099233416974457469036495939827083386809261066332428858625748910196517988936017152997027,0.124514527025916583344659229081025889340257570471454457384425106769190869215812036003924241070431437365149546265330391240908495856154728792440562700809360358,0.060846311377301311161336515959181207184158279028347872076505071083690823765459538599020722968951532606060451263181726643432383462034465487243787406968015519,0.295588362211503279677994458952886295464482787588678436601242410245883561431113352642956525209064284167680406751352470219130617077814107068606076468366056142,0.823407874011764547377412431121107931878193124226774432255383668401058769785797171788351826755717188386704474895179989416916964290584300346507004260321696826,x.124514527025916583344659229081025889340257570471454457384425106769190869215812036003924241070431437365149546265330391240908495856154728792440562700809360358,y.060846311377301311161336515959181207184158279028347872076505071083690823765459538599020722968951532606060451263181726643432383462034465487243787406968015519,x.295588362211503279677994458952886295464482787588678436601242410245883561431113352642956525209064284167680406751352470219130617077814107068606076468366056142,y.823407874011764547377412431121107931878193124226774432255383668401058769785797171788351826755717188386704474895179989416916964290584300346507004260321696826,0.512395189280574006569424588590279765740879468404195178326088034440058483678635479831109841355236544802999132930449382718602846350669773291615406829743254378,0.525087897088032742320772796912067483053768549669821656921087028021227661449924853462402968536816811484938637599623050400600366964184488933206093674202248878
21,69,70,13,51090942171709440000,0.000000000000000000000000000000000000000000000000000000000441229988233465741218702064350027434070773645711911974191993934386870293966235679191618888913793621,0.000000000000000000000000000000000000000000000000000000000441229988233465741218702064350027434069125892023961512555075494924443129759337708813892090337514077,664182248232222720000,0.000000000000000000000000000000000000000000000000000000005735989847035054635843126836550356642920057394254855664495921147029313821561063829491045555879317075,0.000000000000000000000000000000000000000000000000000000005735989847035054635843126836550356642898636596311499663215981434017760686871390214580597174387683013,0.000000000000000000000000000000000000000000000000000000000361162678187099233416974457469036495939827083386809261066332428858625748910196517988936017152997027,0.000000000000000000000000000000000000000000000000000000000438717491400807222296397209855324139342548496424271174304621447523554607783270598496158990579041224,0.295588362211503279677994458952886295464482787588678436601242410245883561431113352642956525209064284167680406751352470219130617077814107068606076468366056142,0.823407874011764547377412431121107931878193124226774432255383668401058769785797171788351826755717188386704474895179989416916964290584300346507004260321696826,0.566018106962314964906829319612097688020234138950143759016285922456278468973533496007606844525683087845530545057613128791547220021232236296492835097635382372,0.840600912096327431896257108185234404232695761273784340545078513704434464783522174158089643621275179114921913198459563577484372812833479205574526905349582215,x.295588362211503279677994458952886295464482787588678436601242410245883561431113352642956525209064284167680406751352470219130617077814107068606076468366056142,y.823407874011764547377412431121107931878193124226774432255383668401058769785797171788351826755717188386704474895179989416916964290584300346507004260321696826,x.566018106962314964906829319612097688020234138950143759016285922456278468973533496007606844525683087845530545057613128791547220021232236296492835097635382372,y.840600912096327431896257108185234404232695761273784340545078513704434464783522174158089643621275179114921913198459563577484372812833479205574526905349582215,0.512395189280574006569424588590279765740879468404195178326088034440058483678635479831109841355236544802999132930449382718602846350669773291615406829743254378,0.525087897088032742320772796912067483053768549669821656921087028021227661449924853462402968536816811484938637599623050400600366964184488933206093674202248878
