max_k,n0,n1,da,k_factorial_dec,a0_times_kfact_dec,a1_times_kfact_dec,Delta_lead_dec,rem0_dec,rem1_dec,Delta_full_dec,P0_0_x_y,P1_0_x_y,T_kfactG_0_x_y
3,3,4,0,000000000000000000000000000000000000000000000000000000000000000000000000000000000000000000000000000000000000000000000000000000000000000000000000000000000006,000000000000000000000000000000000000000000000000000000000000000000000000000000000000000000000000000000000000000000000000000000000000000000000000000000000006,000000000000000000000000000000000000000000000000000000000000000000000000000000000000000000000000000000000000000000000000000000000000000000000000000000000006,000000000000000000000000000000000000000000000000000000000000000000000000000000000000000000000000000000000000000000000000000000000000000000000000000000000000,000000000000000000000000000000000000000000000000000000000000000000000000000000000000000000000000000000000000000000000000000000000000000000000000000000000001,000000000000000000000000000000000000000000000000000000000000000000000000000000000000000000000000000000000000000000000000000000000000000000000000000000000002,000000000000000000000000000000000000000000000000000000000000000000000000000000000000000000000000000000000000000000000000000000000000000000000000000000000001,0.000000000000000000000000000000000000000000000000000000000000000000000000000000041948375291644419605210209193538855353224492619856392092318293986323063962044.000000000000000000000000000000000000000000000000000000000000000000000000000000048361766907851246668144012348516735800090617714386977531302791340517493990618,0.000000000000000000000000000000000000000000000000000000000000000000000000000000021262057306151627953595685090280431278183829487175876377991189246716355947009.000000000000000000000000000000000000000000000000000000000000000000000000000000041749993296225487051377864631615517161996906063147759678534462689479575333124,0.000000000000000000000000000000000000000000000000000000000000000000000000000000115780575977492633039504758427830329241728645270042306223540962614150928364886.000000000000000000000000000000000000000000000000000000000000000000000000000000078735063515800386211891312544505775871260717697865196436804966483607426560663
3,4,5,2,000000000000000000000000000000000000000000000000000000000000000000000000000000000000000000000000000000000000000000000000000000000000000000000000000000000006,000000000000000000000000000000000000000000000000000000000000000000000000000000000000000000000000000000000000000000000000000000000000000000000000000000000006,000000000000000000000000000000000000000000000000000000000000000000000000000000000000000000000000000000000000000000000000000000000000000000000000000000000018,000000000000000000000000000000000000000000000000000000000000000000000000000000000000000000000000000000000000000000000000000000000000000000000000000000000012,000000000000000000000000000000000000000000000000000000000000000000000000000000000000000000000000000000000000000000000000000000000000000000000000000000000002,000000000000000000000000000000000000000000000000000000000000000000000000000000000000000000000000000000000000000000000000000000000000000000000000000000000003,000000000000000000000000000000000000000000000000000000000000000000000000000000000000000000000000000000000000000000000000000000000000000000000000000000000013,0.000000000000000000000000000000000000000000000000000000000000000000000000000000021262057306151627953595685090280431278183829487175876377991189246716355947009.000000000000000000000000000000000000000000000000000000000000000000000000000000041749993296225487051377864631615517161996906063147759678534462689479575333124,0.000000000000000000000000000000000000000000000000000000000000000000000000000000024049875635381557237058143631624836741422505207761609709712554171343558302165.000000000000000000000000000000000000000000000000000000000000000000000000000000022669890352939653242079781319904043788036611953081321775127194249638113810828,0.000000000000000000000000000000000000000000000000000000000000000000000000000000115780575977492633039504758427830329241728645270042306223540962614150928364886.000000000000000000000000000000000000000000000000000000000000000000000000000000078735063515800386211891312544505775871260717697865196436804966483607426560663
4,6,7,1,000000000000000000000000000000000000000000000000000000000000000000000000000000000000000000000000000000000000000000000000000000000000000000000000000000000024,000000000000000000000000000000000000000000000000000000000000000000000000000000000000000000000000000000000000000000000000000000000000000000000000000000000048,000000000000000000000000000000000000000000000000000000000000000000000000000000000000000000000000000000000000000000000000000000000000000000000000000000000072,000000000000000000000000000000000000000000000000000000000000000000000000000000000000000000000000000000000000000000000000000000000000000000000000000000000024,000000000000000000000000000000000000000000000000000000000000000000000000000000000000000000000000000000000000000000000000000000000000000000000000000000000001,000000000000000000000000000000000000000000000000000000000000000000000000000000000000000000000000000000000000000000000000000000000000000000000000000000000004,000000000000000000000000000000000000000000000000000000000000000000000000000000000000000000000000000000000000000000000000000000000000000000000000000000000027,0.000000000000000000000000000000000000000000000000000000000000000000000000000000109846273198995465046214558810696509369395695668678477567979041624391316796720.000000000000000000000000000000000000000000000000000000000000000000000000000000101711840700253487202274292900077312932162220876743713596510869779955653950519,0.000000000000000000000000000000000000000000000000000000000000000000000000000000067990777350807742601404023085488753338978132210207570380931332031538910989091.000000000000000000000000000000000000000000000000000000000000000000000000000000085792528080009126161701413187313528408286619337671538805045464108358228475888,0.000000000000000000000000000000000000000000000000000000000000000000000000000000115090238283566018960826468250608273126387416636633736439689841211757211870926.000000000000000000000000000000000000000000000000000000000000000000000000000000047185183227829754668635270747409548752084785367264057948864458978444304762303
5,8,9,2,000000000000000000000000000000000000000000000000000000000000000000000000000000000000000000000000000000000000000000000000000000000000000000000000000000000120,000000000000000000000000000000000000000000000000000000000000000000000000000000000000000000000000000000000000000000000000000000000000000000000000000000000120,000000000000000000000000000000000000000000000000000000000000000000000000000000000000000000000000000000000000000000000000000000000000000000000000000000000360,000000000000000000000000000000000000000000000000000000000000000000000000000000000000000000000000000000000000000000000000000000000000000000000000000000000240,000000000000000000000000000000000000000000000000000000000000000000000000000000000000000000000000000000000000000000000000000000000000000000000000000000000104,000000000000000000000000000000000000000000000000000000000000000000000000000000000000000000000000000000000000000000000000000000000000000000000000000000000107,000000000000000000000000000000000000000000000000000000000000000000000000000000000000000000000000000000000000000000000000000000000000000000000000000000000243,0.000000000000000000000000000000000000000000000000000000000000000000000000000000003951620832557057103848397037937330228967155552456836977045923180329637950740.000000000000000000000000000000000000000000000000000000000000000000000000000000095473263819178136898129622939316779429655166328021079992747693728567241822551,0.000000000000000000000000000000000000000000000000000000000000000000000000000000030474780960141219921807662305060768687772753653098971817340717083315339616503.000000000000000000000000000000000000000000000000000000000000000000000000000000061319752531495161980867220483083814171916864550579329528527835522023988931626,0.000000000000000000000000000000000000000000000000000000000000000000000000000000100123071679209893182588265588059937212528901448156035976966973357987233384486.000000000000000000000000000000000000000000000000000000000000000000000000000000097120429522865428736604364081867499884484173130052754040658916206897719370828
5,9,10,1,000000000000000000000000000000000000000000000000000000000000000000000000000000000000000000000000000000000000000000000000000000000000000000000000000000000120,000000000000000000000000000000000000000000000000000000000000000000000000000000000000000000000000000000000000000000000000000000000000000000000000000000000360,000000000000000000000000000000000000000000000000000000000000000000000000000000000000000000000000000000000000000000000000000000000000000000000000000000000480,000000000000000000000000000000000000000000000000000000000000000000000000000000000000000000000000000000000000000000000000000000000000000000000000000000000120,000000000000000000000000000000000000000000000000000000000000000000000000000000000000000000000000000000000000000000000000000000000000000000000000000000000107,000000000000000000000000000000000000000000000000000000000000000000000000000000000000000000000000000000000000000000000000000000000000000000000000000000000034,000000000000000000000000000000000000000000000000000000000000000000000000000000000000000000000000000000000000000000000000000000000000000000000000000000000047,0.000000000000000000000000000000000000000000000000000000000000000000000000000000030474780960141219921807662305060768687772753653098971817340717083315339616503.000000000000000000000000000000000000000000000000000000000000000000000000000000061319752531495161980867220483083814171916864550579329528527835522023988931626,0.000000000000000000000000000000000000000000000000000000000000000000000000000000075827354541827746090915769557428734838962266972502112805530189196736906960333.000000000000000000000000000000000000000000000000000000000000000000000000000000096570036462163023759491147881411408314153451204876534252590428078766327205003,0.000000000000000000000000000000000000000000000000000000000000000000000000000000100123071679209893182588265588059937212528901448156035976966973357987233384486.000000000000000000000000000000000000000000000000000000000000000000000000000000097120429522865428736604364081867499884484173130052754040658916206897719370828
6,11,12,2,000000000000000000000000000000000000000000000000000000000000000000000000000000000000000000000000000000000000000000000000000000000000000000000000000000000720,000000000000000000000000000000000000000000000000000000000000000000000000000000000000000000000000000000000000000000000000000000000000000000000000000000000720,000000000000000000000000000000000000000000000000000000000000000000000000000000000000000000000000000000000000000000000000000000000000000000000000000000002160,000000000000000000000000000000000000000000000000000000000000000000000000000000000000000000000000000000000000000000000000000000000000000000000000000000001440,000000000000000000000000000000000000000000000000000000000000000000000000000000000000000000000000000000000000000000000000000000000000000000000000000000000435,000000000000000000000000000000000000000000000000000000000000000000000000000000000000000000000000000000000000000000000000000000000000000000000000000000000523,000000000000000000000000000000000000000000000000000000000000000000000000000000000000000000000000000000000000000000000000000000000000000000000000000000001528,0.000000000000000000000000000000000000000000000000000000000000000000000000000000062881537490095887219700399231850374465934748632261627566823792868512270937739.000000000000000000000000000000000000000000000000000000000000000000000000000000013147057280235047456932561657169493651618639731944681771959256397716727593785,0.000000000000000000000000000000000000000000000000000000000000000000000000000000062873230362895154212630786022242768049765907075202803363316800197224716728348.000000000000000000000000000000000000000000000000000000000000000000000000000000044287605905639058437764882210076840571916049925678373415089141948008474303433,0.000000000000000000000000000000000000000000000000000000000000000000000000000000069833512014389286027692213629836361571815608233587748191633371062216697432096.000000000000000000000000000000000000000000000000000000000000000000000000000000108784264905963323717913763252039525319075864070762765946577999070510935902805
7,13,14,1,000000000000000000000000000000000000000000000000000000000000000000000000000000000000000000000000000000000000000000000000000000000000000000000000000000005040,000000000000000000000000000000000000000000000000000000000000000000000000000000000000000000000000000000000000000000000000000000000000000000000000000000005040,000000000000000000000000000000000000000000000000000000000000000000000000000000000000000000000000000000000000000000000000000000000000000000000000000000010080,000000000000000000000000000000000000000000000000000000000000000000000000000000000000000000000000000000000000000000000000000000000000000000000000000000005040,000000000000000000000000000000000000000000000000000000000000000000000000000000000000000000000000000000000000000000000000000000000000000000000000000000000176,000000000000000000000000000000000000000000000000000000000000000000000000000000000000000000000000000000000000000000000000000000000000000000000000000000000464,000000000000000000000000000000000000000000000000000000000000000000000000000000000000000000000000000000000000000000000000000000000000000000000000000000005328,0.000000000000000000000000000000000000000000000000000000000000000000000000000000077279535011188034078516592160190105278519663645387310740933932046966334391965.000000000000000000000000000000000000000000000000000000000000000000000000000000021187662028949108981404481381270595331275020854904259675645205037069861834225,0.000000000000000000000000000000000000000000000000000000000000000000000000000000081843657467215387495831064399406566332608612828066495589872347702422424340313.000000000000000000000000000000000000000000000000000000000000000000000000000000054485907183099442435241830545487744604431707282385107218140713089194934994051,0.000000000000000000000000000000000000000000000000000000000000000000000000000000095727035810075188029548511638072317186879898880824057384688927882283203010100.000000000000000000000000000000000000000000000000000000000000000000000000000000035290789834288110269677884175492163190544477242337447665927755671425665811167
7,14,15,3,000000000000000000000000000000000000000000000000000000000000000000000000000000000000000000000000000000000000000000000000000000000000000000000000000000005040,000000000000000000000000000000000000000000000000000000000000000000000000000000000000000000000000000000000000000000000000000000000000000000000000000000010080,000000000000000000000000000000000000000000000000000000000000000000000000000000000000000000000000000000000000000000000000000000000000000000000000000000025200,000000000000000000000000000000000000000000000000000000000000000000000000000000000000000000000000000000000000000000000000000000000000000000000000000000015120,000000000000000000000000000000000000000000000000000000000000000000000000000000000000000000000000000000000000000000000000000000000000000000000000000000000464,000000000000000000000000000000000000000000000000000000000000000000000000000000000000000000000000000000000000000000000000000000000000000000000000000000001667,000000000000000000000000000000000000000000000000000000000000000000000000000000000000000000000000000000000000000000000000000000000000000000000000000000016323,0.000000000000000000000000000000000000000000000000000000000000000000000000000000081843657467215387495831064399406566332608612828066495589872347702422424340313.000000000000000000000000000000000000000000000000000000000000000000000000000000054485907183099442435241830545487744604431707282385107218140713089194934994051,0.000000000000000000000000000000000000000000000000000000000000000000000000000000115179987075229906903259602194857104773352008368264866291918996865985783521068.000000000000000000000000000000000000000000000000000000000000000000000000000000090040672269639781867601170828097460642155183514693739441068299505511569496110,0.000000000000000000000000000000000000000000000000000000000000000000000000000000095727035810075188029548511638072317186879898880824057384688927882283203010100.000000000000000000000000000000000000000000000000000000000000000000000000000000035290789834288110269677884175492163190544477242337447665927755671425665811167
8,16,17,1,000000000000000000000000000000000000000000000000000000000000000000000000000000000000000000000000000000000000000000000000000000000000000000000000000000040320,000000000000000000000000000000000000000000000000000000000000000000000000000000000000000000000000000000000000000000000000000000000000000000000000000000040320,000000000000000000000000000000000000000000000000000000000000000000000000000000000000000000000000000000000000000000000000000000000000000000000000000000080640,000000000000000000000000000000000000000000000000000000000000000000000000000000000000000000000000000000000000000000000000000000000000000000000000000000040320,000000000000000000000000000000000000000000000000000000000000000000000000000000000000000000000000000000000000000000000000000000000000000000000000000000011190,000000000000000000000000000000000000000000000000000000000000000000000000000000000000000000000000000000000000000000000000000000000000000000000000000000015183,000000000000000000000000000000000000000000000000000000000000000000000000000000000000000000000000000000000000000000000000000000000000000000000000000000044313,0.000000000000000000000000000000000000000000000000000000000000000000000000000000071261119111627271268814301300816751730184609798722377831958734823956300761978.000000000000000000000000000000000000000000000000000000000000000000000000000000059596021694081902311438976720015207351957060174440251698640379092733344351048,0.000000000000000000000000000000000000000000000000000000000000000000000000000000028680425603065441115290152280488699295594719576682295038107311098738046478531.000000000000000000000000000000000000000000000000000000000000000000000000000000025891784853872784916698406928566284655180782352356802345945352320731968056623,0.000000000000000000000000000000000000000000000000000000000000000000000000000000011572017830429915581702013990316292295592343062838578091915585487382859347807.000000000000000000000000000000000000000000000000000000000000000000000000000000080780575496434691230244400615998209724903702272982639025039283954711537323536
8,17,18,2,000000000000000000000000000000000000000000000000000000000000000000000000000000000000000000000000000000000000000000000000000000000000000000000000000000040320,000000000000000000000000000000000000000000000000000000000000000000000000000000000000000000000000000000000000000000000000000000000000000000000000000000080640,000000000000000000000000000000000000000000000000000000000000000000000000000000000000000000000000000000000000000000000000000000000000000000000000000000161280,000000000000000000000000000000000000000000000000000000000000000000000000000000000000000000000000000000000000000000000000000000000000000000000000000000080640,000000000000000000000000000000000000000000000000000000000000000000000000000000000000000000000000000000000000000000000000000000000000000000000000000000015183,000000000000000000000000000000000000000000000000000000000000000000000000000000000000000000000000000000000000000000000000000000000000000000000000000000037389,000000000000000000000000000000000000000000000000000000000000000000000000000000000000000000000000000000000000000000000000000000000000000000000000000000102846,0.000000000000000000000000000000000000000000000000000000000000000000000000000000028680425603065441115290152280488699295594719576682295038107311098738046478531.000000000000000000000000000000000000000000000000000000000000000000000000000000025891784853872784916698406928566284655180782352356802345945352320731968056623,0.000000000000000000000000000000000000000000000000000000000000000000000000000000005831721406635063654683117253506846208566679410118154188144422804291796683505.000000000000000000000000000000000000000000000000000000000000000000000000000000061770026510604113021686089777374557608174938587526483912023179154647723408296,0.000000000000000000000000000000000000000000000000000000000000000000000000000000011572017830429915581702013990316292295592343062838578091915585487382859347807.000000000000000000000000000000000000000000000000000000000000000000000000000000080780575496434691230244400615998209724903702272982639025039283954711537323536
8,18,19,4,000000000000000000000000000000000000000000000000000000000000000000000000000000000000000000000000000000000000000000000000000000000000000000000000000000040320,000000000000000000000000000000000000000000000000000000000000000000000000000000000000000000000000000000000000000000000000000000000000000000000000000000161280,000000000000000000000000000000000000000000000000000000000000000000000000000000000000000000000000000000000000000000000000000000000000000000000000000000322560,000000000000000000000000000000000000000000000000000000000000000000000000000000000000000000000000000000000000000000000000000000000000000000000000000000161280,000000000000000000000000000000000000000000000000000000000000000000000000000000000000000000000000000000000000000000000000000000000000000000000000000000037389,000000000000000000000000000000000000000000000000000000000000000000000000000000000000000000000000000000000000000000000000000000000000000000000000000000034975,000000000000000000000000000000000000000000000000000000000000000000000000000000000000000000000000000000000000000000000000000000000000000000000000000000158866,0.000000000000000000000000000000000000000000000000000000000000000000000000000000005831721406635063654683117253506846208566679410118154188144422804291796683505.000000000000000000000000000000000000000000000000000000000000000000000000000000061770026510604113021686089777374557608174938587526483912023179154647723408296,0.000000000000000000000000000000000000000000000000000000000000000000000000000000060338245119404298188752055094151291956247541820833238489095541627141964729881.000000000000000000000000000000000000000000000000000000000000000000000000000000031432635976074881250581475377260990518299484384225785790788933914681598133873,0.000000000000000000000000000000000000000000000000000000000000000000000000000000011572017830429915581702013990316292295592343062838578091915585487382859347807.000000000000000000000000000000000000000000000000000000000000000000000000000000080780575496434691230244400615998209724903702272982639025039283954711537323536
9,20,21,2,000000000000000000000000000000000000000000000000000000000000000000000000000000000000000000000000000000000000000000000000000000000000000000000000000000362880,000000000000000000000000000000000000000000000000000000000000000000000000000000000000000000000000000000000000000000000000000000000000000000000000000000725760,000000000000000000000000000000000000000000000000000000000000000000000000000000000000000000000000000000000000000000000000000000000000000000000000000001451520,000000000000000000000000000000000000000000000000000000000000000000000000000000000000000000000000000000000000000000000000000000000000000000000000000000725760,000000000000000000000000000000000000000000000000000000000000000000000000000000000000000000000000000000000000000000000000000000000000000000000000000000137557,000000000000000000000000000000000000000000000000000000000000000000000000000000000000000000000000000000000000000000000000000000000000000000000000000000360244,000000000000000000000000000000000000000000000000000000000000000000000000000000000000000000000000000000000000000000000000000000000000000000000000000000948447,0.000000000000000000000000000000000000000000000000000000000000000000000000000000027269999313721489064003814688126459473916071371077568700989584042678664122236.000000000000000000000000000000000000000000000000000000000000000000000000000000061518159794260916008520957000838288631389138584881336375456078921081169337009,0.000000000000000000000000000000000000000000000000000000000000000000000000000000011965836972506588223997128401045962469020054936532040942669396711946779550878.000000000000000000000000000000000000000000000000000000000000000000000000000000020508170458539512907339144104761652653989862605562274795589281214845594026553,0.000000000000000000000000000000000000000000000000000000000000000000000000000000049165640224648422823773915565586032697743938894033032962311119999631282788791.000000000000000000000000000000000000000000000000000000000000000000000000000000105956766664952150812862319556139599514690093730107021823709487685720526146371
9,21,22,4,000000000000000000000000000000000000000000000000000000000000000000000000000000000000000000000000000000000000000000000000000000000000000000000000000000362880,000000000000000000000000000000000000000000000000000000000000000000000000000000000000000000000000000000000000000000000000000000000000000000000000000001451520,000000000000000000000000000000000000000000000000000000000000000000000000000000000000000000000000000000000000000000000000000000000000000000000000000002903040,000000000000000000000000000000000000000000000000000000000000000000000000000000000000000000000000000000000000000000000000000000000000000000000000000001451520,000000000000000000000000000000000000000000000000000000000000000000000000000000000000000000000000000000000000000000000000000000000000000000000000000000360244,000000000000000000000000000000000000000000000000000000000000000000000000000000000000000000000000000000000000000000000000000000000000000000000000000000104463,000000000000000000000000000000000000000000000000000000000000000000000000000000000000000000000000000000000000000000000000000000000000000000000000000001195739,0.000000000000000000000000000000000000000000000000000000000000000000000000000000011965836972506588223997128401045962469020054936532040942669396711946779550878.000000000000000000000000000000000000000000000000000000000000000000000000000000020508170458539512907339144104761652653989862605562274795589281214845594026553,0.000000000000000000000000000000000000000000000000000000000000000000000000000000028427543130978074585626614985345471977959286787477589552057226505098203151171.000000000000000000000000000000000000000000000000000000000000000000000000000000050682816582500312841297567883708830117558309276952202558634043072443816047348,0.000000000000000000000000000000000000000000000000000000000000000000000000000000049165640224648422823773915565586032697743938894033032962311119999631282788791.000000000000000000000000000000000000000000000000000000000000000000000000000000105956766664952150812862319556139599514690093730107021823709487685720526146371
10,23,24,2,000000000000000000000000000000000000000000000000000000000000000000000000000000000000000000000000000000000000000000000000000000000000000000000000000003628800,000000000000000000000000000000000000000000000000000000000000000000000000000000000000000000000000000000000000000000000000000000000000000000000000000003628800,000000000000000000000000000000000000000000000000000000000000000000000000000000000000000000000000000000000000000000000000000000000000000000000000000010886400,000000000000000000000000000000000000000000000000000000000000000000000000000000000000000000000000000000000000000000000000000000000000000000000000000007257600,000000000000000000000000000000000000000000000000000000000000000000000000000000000000000000000000000000000000000000000000000000000000000000000000000001970002,000000000000000000000000000000000000000000000000000000000000000000000000000000000000000000000000000000000000000000000000000000000000000000000000000003542276,000000000000000000000000000000000000000000000000000000000000000000000000000000000000000000000000000000000000000000000000000000000000000000000000000008829874,0.000000000000000000000000000000000000000000000000000000000000000000000000000000112242605370855911626219397372182973708357660307191681275644769547017645510731.000000000000000000000000000000000000000000000000000000000000000000000000000000068390115887979834732633364824402183781075100352900279452463611034517340924735,0.000000000000000000000000000000000000000000000000000000000000000000000000000000050051642716414720463187965900760752759743717926024251995580996834432353782028.000000000000000000000000000000000000000000000000000000000000000000000000000000095977329040668870486165415718601595529707258475317259821694622043699258647209,0.000000000000000000000000000000000000000000000000000000000000000000000000000000080054196684482463948542248383312935944472099277151063633539025818556176915779.000000000000000000000000000000000000000000000000000000000000000000000000000000086546188210108004431451406921380903087020953264980096598149741902074385182664
10,24,25,6,000000000000000000000000000000000000000000000000000000000000000000000000000000000000000000000000000000000000000000000000000000000000000000000000000003628800,000000000000000000000000000000000000000000000000000000000000000000000000000000000000000000000000000000000000000000000000000000000000000000000000000010886400,000000000000000000000000000000000000000000000000000000000000000000000000000000000000000000000000000000000000000000000000000000000000000000000000000032659200,000000000000000000000000000000000000000000000000000000000000000000000000000000000000000000000000000000000000000000000000000000000000000000000000000021772800,000000000000000000000000000000000000000000000000000000000000000000000000000000000000000000000000000000000000000000000000000000000000000000000000000003542276,000000000000000000000000000000000000000000000000000000000000000000000000000000000000000000000000000000000000000000000000000000000000000000000000000000526309,000000000000000000000000000000000000000000000000000000000000000000000000000000000000000000000000000000000000000000000000000000000000000000000000000018756833,0.000000000000000000000000000000000000000000000000000000000000000000000000000000050051642716414720463187965900760752759743717926024251995580996834432353782028.000000000000000000000000000000000000000000000000000000000000000000000000000000095977329040668870486165415718601595529707258475317259821694622043699258647209,0.000000000000000000000000000000000000000000000000000000000000000000000000000000002487269563521372588638256629682732896198248350279877738175192749508256023898.000000000000000000000000000000000000000000000000000000000000000000000000000000083166736743316151169117427554752633507423263386878521247276704816202397537877,0.000000000000000000000000000000000000000000000000000000000000000000000000000000080054196684482463948542248383312935944472099277151063633539025818556176915779.000000000000000000000000000000000000000000000000000000000000000000000000000000086546188210108004431451406921380903087020953264980096598149741902074385182664
11,26,27,1,000000000000000000000000000000000000000000000000000000000000000000000000000000000000000000000000000000000000000000000000000000000000000000000000000039916800,000000000000000000000000000000000000000000000000000000000000000000000000000000000000000000000000000000000000000000000000000000000000000000000000000039916800,000000000000000000000000000000000000000000000000000000000000000000000000000000000000000000000000000000000000000000000000000000000000000000000000000079833600,000000000000000000000000000000000000000000000000000000000000000000000000000000000000000000000000000000000000000000000000000000000000000000000000000039916800,000000000000000000000000000000000000000000000000000000000000000000000000000000000000000000000000000000000000000000000000000000000000000000000000000014622062,000000000000000000000000000000000000000000000000000000000000000000000000000000000000000000000000000000000000000000000000000000000000000000000000000032116341,000000000000000000000000000000000000000000000000000000000000000000000000000000000000000000000000000000000000000000000000000000000000000000000000000057411079,0.000000000000000000000000000000000000000000000000000000000000000000000000000000035420539632094692837984746081431277047695579008914218444685265805648713712655.000000000000000000000000000000000000000000000000000000000000000000000000000000003358784347258280833624896144913156994018140069677567813380874750873563501770,0.000000000000000000000000000000000000000000000000000000000000000000000000000000011997413897869137388527643229179287173219648582998689290732186100840539639502.000000000000000000000000000000000000000000000000000000000000000000000000000000001470943697971973524954639516409046856461552667680474329056749594236581993569,0.000000000000000000000000000000000000000000000000000000000000000000000000000000107484135350634671731595325950042472365676590811699032535787488093763304243984.000000000000000000000000000000000000000000000000000000000000000000000000000000073679662717201130117851390282333596942677641837429089322427259416913362676061
11,27,28,3,000000000000000000000000000000000000000000000000000000000000000000000000000000000000000000000000000000000000000000000000000000000000000000000000000039916800,000000000000000000000000000000000000000000000000000000000000000000000000000000000000000000000000000000000000000000000000000000000000000000000000000079833600,000000000000000000000000000000000000000000000000000000000000000000000000000000000000000000000000000000000000000000000000000000000000000000000000000199584000,000000000000000000000000000000000000000000000000000000000000000000000000000000000000000000000000000000000000000000000000000000000000000000000000000119750400,000000000000000000000000000000000000000000000000000000000000000000000000000000000000000000000000000000000000000000000000000000000000000000000000000032116341,000000000000000000000000000000000000000000000000000000000000000000000000000000000000000000000000000000000000000000000000000000000000000000000000000028050408,000000000000000000000000000000000000000000000000000000000000000000000000000000000000000000000000000000000000000000000000000000000000000000000000000115684467,0.000000000000000000000000000000000000000000000000000000000000000000000000000000011997413897869137388527643229179287173219648582998689290732186100840539639502.000000000000000000000000000000000000000000000000000000000000000000000000000000001470943697971973524954639516409046856461552667680474329056749594236581993569,0.000000000000000000000000000000000000000000000000000000000000000000000000000000105795941560543818913296116066690952042698430189737497838953392383707833745575.000000000000000000000000000000000000000000000000000000000000000000000000000000004504033619411268082483771859364632124471726090349020722551531509720449239959,0.000000000000000000000000000000000000000000000000000000000000000000000000000000107484135350634671731595325950042472365676590811699032535787488093763304243984.000000000000000000000000000000000000000000000000000000000000000000000000000000073679662717201130117851390282333596942677641837429089322427259416913362676061
11,28,29,5,000000000000000000000000000000000000000000000000000000000000000000000000000000000000000000000000000000000000000000000000000000000000000000000000000039916800,000000000000000000000000000000000000000000000000000000000000000000000000000000000000000000000000000000000000000000000000000000000000000000000000000199584000,000000000000000000000000000000000000000000000000000000000000000000000000000000000000000000000000000000000000000000000000000000000000000000000000000399168000,000000000000000000000000000000000000000000000000000000000000000000000000000000000000000000000000000000000000000000000000000000000000000000000000000199584000,000000000000000000000000000000000000000000000000000000000000000000000000000000000000000000000000000000000000000000000000000000000000000000000000000028050408,000000000000000000000000000000000000000000000000000000000000000000000000000000000000000000000000000000000000000000000000000000000000000000000000000001540894,000000000000000000000000000000000000000000000000000000000000000000000000000000000000000000000000000000000000000000000000000000000000000000000000000173074486,0.000000000000000000000000000000000000000000000000000000000000000000000000000000105795941560543818913296116066690952042698430189737497838953392383707833745575.000000000000000000000000000000000000000000000000000000000000000000000000000000004504033619411268082483771859364632124471726090349020722551531509720449239959,0.000000000000000000000000000000000000000000000000000000000000000000000000000000049151630029556619633156338398973320854679402706053926415074712059863391894326.000000000000000000000000000000000000000000000000000000000000000000000000000000111171837080378547467348261794472043463254055018894513032574226962726028294900,0.000000000000000000000000000000000000000000000000000000000000000000000000000000107484135350634671731595325950042472365676590811699032535787488093763304243984.000000000000000000000000000000000000000000000000000000000000000000000000000000073679662717201130117851390282333596942677641837429089322427259416913362676061
12,30,31,2,000000000000000000000000000000000000000000000000000000000000000000000000000000000000000000000000000000000000000000000000000000000000000000000000000479001600,000000000000000000000000000000000000000000000000000000000000000000000000000000000000000000000000000000000000000000000000000000000000000000000000000958003200,000000000000000000000000000000000000000000000000000000000000000000000000000000000000000000000000000000000000000000000000000000000000000000000000001916006400,000000000000000000000000000000000000000000000000000000000000000000000000000000000000000000000000000000000000000000000000000000000000000000000000000958003200,000000000000000000000000000000000000000000000000000000000000000000000000000000000000000000000000000000000000000000000000000000000000000000000000000075158884,000000000000000000000000000000000000000000000000000000000000000000000000000000000000000000000000000000000000000000000000000000000000000000000000000186382151,000000000000000000000000000000000000000000000000000000000000000000000000000000000000000000000000000000000000000000000000000000000000000000000000001069226467,0.000000000000000000000000000000000000000000000000000000000000000000000000000000005951051142208904686425222322481077221567316087439359378589043642169505163867.000000000000000000000000000000000000000000000000000000000000000000000000000000079964921717795829095410138525196146121807237625496125940956045028689169447181,0.000000000000000000000000000000000000000000000000000000000000000000000000000000061451719815341661281682897810187322803922811401468501217986913974289877761320.000000000000000000000000000000000000000000000000000000000000000000000000000000030947091983295757773862695542244568955870624650687256254668336429089021717649,0.000000000000000000000000000000000000000000000000000000000000000000000000000000053952633559583150849807967764455014707517186778880013275866550094436637222815.000000000000000000000000000000000000000000000000000000000000000000000000000000057508690201549422243630171334769940327212301614384852852551661683314655618247
12,31,32,2,000000000000000000000000000000000000000000000000000000000000000000000000000000000000000000000000000000000000000000000000000000000000000000000000000479001600,000000000000000000000000000000000000000000000000000000000000000000000000000000000000000000000000000000000000000000000000000000000000000000000000001916006400,000000000000000000000000000000000000000000000000000000000000000000000000000000000000000000000000000000000000000000000000000000000000000000000000002874009600,000000000000000000000000000000000000000000000000000000000000000000000000000000000000000000000000000000000000000000000000000000000000000000000000000958003200,000000000000000000000000000000000000000000000000000000000000000000000000000000000000000000000000000000000000000000000000000000000000000000000000000186382151,000000000000000000000000000000000000000000000000000000000000000000000000000000000000000000000000000000000000000000000000000000000000000000000000000219463214,000000000000000000000000000000000000000000000000000000000000000000000000000000000000000000000000000000000000000000000000000000000000000000000000000991084263,0.000000000000000000000000000000000000000000000000000000000000000000000000000000061451719815341661281682897810187322803922811401468501217986913974289877761320.000000000000000000000000000000000000000000000000000000000000000000000000000000030947091983295757773862695542244568955870624650687256254668336429089021717649,0.000000000000000000000000000000000000000000000000000000000000000000000000000000004419783485594778575869456570338791525369265264676694041444820246718062386793.000000000000000000000000000000000000000000000000000000000000000000000000000000036101104813710326932550768335617430651283103709568167696655528050073806182880,0.000000000000000000000000000000000000000000000000000000000000000000000000000000053952633559583150849807967764455014707517186778880013275866550094436637222815.000000000000000000000000000000000000000000000000000000000000000000000000000000057508690201549422243630171334769940327212301614384852852551661683314655618247
13,33,34,1,000000000000000000000000000000000000000000000000000000000000000000000000000000000000000000000000000000000000000000000000000000000000000000000000006227020800,000000000000000000000000000000000000000000000000000000000000000000000000000000000000000000000000000000000000000000000000000000000000000000000000006227020800,000000000000000000000000000000000000000000000000000000000000000000000000000000000000000000000000000000000000000000000000000000000000000000000000012454041600,000000000000000000000000000000000000000000000000000000000000000000000000000000000000000000000000000000000000000000000000000000000000000000000000006227020800,000000000000000000000000000000000000000000000000000000000000000000000000000000000000000000000000000000000000000000000000000000000000000000000000000910417112,000000000000000000000000000000000000000000000000000000000000000000000000000000000000000000000000000000000000000000000000000000000000000000000000001679030557,000000000000000000000000000000000000000000000000000000000000000000000000000000000000000000000000000000000000000000000000000000000000000000000000006995634245,0.000000000000000000000000000000000000000000000000000000000000000000000000000000073878352155540948447620718403427774498001293452248256430485902449521386501497.000000000000000000000000000000000000000000000000000000000000000000000000000000001848435387922639343210666794185885301104293211960891296513791058289918232927,0.000000000000000000000000000000000000000000000000000000000000000000000000000000027530330645108713416987374469727331790531665526622602610141848066918764259216.000000000000000000000000000000000000000000000000000000000000000000000000000000090457806451997906746295114102505195833866791735127929013755472762572742813627,0.000000000000000000000000000000000000000000000000000000000000000000000000000000046977043670651332204009865131132088271744843655228508255733562228883219478109.000000000000000000000000000000000000000000000000000000000000000000000000000000008928536882397113515637623115347151132976460553813415824208486714936624203848
13,34,35,1,000000000000000000000000000000000000000000000000000000000000000000000000000000000000000000000000000000000000000000000000000000000000000000000000006227020800,000000000000000000000000000000000000000000000000000000000000000000000000000000000000000000000000000000000000000000000000000000000000000000000000012454041600,000000000000000000000000000000000000000000000000000000000000000000000000000000000000000000000000000000000000000000000000000000000000000000000000018681062400,000000000000000000000000000000000000000000000000000000000000000000000000000000000000000000000000000000000000000000000000000000000000000000000000006227020800,000000000000000000000000000000000000000000000000000000000000000000000000000000000000000000000000000000000000000000000000000000000000000000000000001679030557,000000000000000000000000000000000000000000000000000000000000000000000000000000000000000000000000000000000000000000000000000000000000000000000000001431809392,000000000000000000000000000000000000000000000000000000000000000000000000000000000000000000000000000000000000000000000000000000000000000000000000005979799635,0.000000000000000000000000000000000000000000000000000000000000000000000000000000027530330645108713416987374469727331790531665526622602610141848066918764259216.000000000000000000000000000000000000000000000000000000000000000000000000000000090457806451997906746295114102505195833866791735127929013755472762572742813627,0.000000000000000000000000000000000000000000000000000000000000000000000000000000111565932824107072002273648098027536630611694584547792392039443258564110295357.000000000000000000000000000000000000000000000000000000000000000000000000000000065073319313695146178520529869101114308349376191091055110226007524833442301678,0.000000000000000000000000000000000000000000000000000000000000000000000000000000046977043670651332204009865131132088271744843655228508255733562228883219478109.000000000000000000000000000000000000000000000000000000000000000000000000000000008928536882397113515637623115347151132976460553813415824208486714936624203848
13,35,36,3,000000000000000000000000000000000000000000000000000000000000000000000000000000000000000000000000000000000000000000000000000000000000000000000000006227020800,000000000000000000000000000000000000000000000000000000000000000000000000000000000000000000000000000000000000000000000000000000000000000000000000018681062400,000000000000000000000000000000000000000000000000000000000000000000000000000000000000000000000000000000000000000000000000000000000000000000000000037362124800,000000000000000000000000000000000000000000000000000000000000000000000000000000000000000000000000000000000000000000000000000000000000000000000000018681062400,000000000000000000000000000000000000000000000000000000000000000000000000000000000000000000000000000000000000000000000000000000000000000000000000001431809392,000000000000000000000000000000000000000000000000000000000000000000000000000000000000000000000000000000000000000000000000000000000000000000000000005025645180,000000000000000000000000000000000000000000000000000000000000000000000000000000000000000000000000000000000000000000000000000000000000000000000000022274898188,0.000000000000000000000000000000000000000000000000000000000000000000000000000000111565932824107072002273648098027536630611694584547792392039443258564110295357.000000000000000000000000000000000000000000000000000000000000000000000000000000065073319313695146178520529869101114308349376191091055110226007524833442301678,0.000000000000000000000000000000000000000000000000000000000000000000000000000000081372929267933625950466299134420767116313809747786657449875828371774815844854.000000000000000000000000000000000000000000000000000000000000000000000000000000049801825835509570606281703408037944345584045565504136549095842398335950992396,0.000000000000000000000000000000000000000000000000000000000000000000000000000000046977043670651332204009865131132088271744843655228508255733562228883219478109.000000000000000000000000000000000000000000000000000000000000000000000000000000008928536882397113515637623115347151132976460553813415824208486714936624203848
14,37,38,0,000000000000000000000000000000000000000000000000000000000000000000000000000000000000000000000000000000000000000000000000000000000000000000000000087178291200,000000000000000000000000000000000000000000000000000000000000000000000000000000000000000000000000000000000000000000000000000000000000000000000000087178291200,000000000000000000000000000000000000000000000000000000000000000000000000000000000000000000000000000000000000000000000000000000000000000000000000087178291200,000000000000000000000000000000000000000000000000000000000000000000000000000000000000000000000000000000000000000000000000000000000000000000000000000000000000,000000000000000000000000000000000000000000000000000000000000000000000000000000000000000000000000000000000000000000000000000000000000000000000000013073269395,000000000000000000000000000000000000000000000000000000000000000000000000000000000000000000000000000000000000000000000000000000000000000000000000059793245392,000000000000000000000000000000000000000000000000000000000000000000000000000000000000000000000000000000000000000000000000000000000000000000000000046719975997,0.000000000000000000000000000000000000000000000000000000000000000000000000000000056616873331361319339778585167167551785831939866134116855199265267823699497557.000000000000000000000000000000000000000000000000000000000000000000000000000000043995996907931450546017529821179402661741047506605583961822715323191270746432,0.000000000000000000000000000000000000000000000000000000000000000000000000000000087015243271585780626985033128071698022561841908393138262300130220799103430854.000000000000000000000000000000000000000000000000000000000000000000000000000000025209357855024485003220583383100568569907435221588726049011254238934071668031,0.000000000000000000000000000000000000000000000000000000000000000000000000000000045833031961794487073077343724912438064918827362186861021892223154055013717074.000000000000000000000000000000000000000000000000000000000000000000000000000000103698521985011072028066130545948171922864636498882922370087520027568720375385
14,38,39,2,000000000000000000000000000000000000000000000000000000000000000000000000000000000000000000000000000000000000000000000000000000000000000000000000087178291200,000000000000000000000000000000000000000000000000000000000000000000000000000000000000000000000000000000000000000000000000000000000000000000000000087178291200,000000000000000000000000000000000000000000000000000000000000000000000000000000000000000000000000000000000000000000000000000000000000000000000000261534873600,000000000000000000000000000000000000000000000000000000000000000000000000000000000000000000000000000000000000000000000000000000000000000000000000174356582400,000000000000000000000000000000000000000000000000000000000000000000000000000000000000000000000000000000000000000000000000000000000000000000000000059793245392,000000000000000000000000000000000000000000000000000000000000000000000000000000000000000000000000000000000000000000000000000000000000000000000000062190095337,000000000000000000000000000000000000000000000000000000000000000000000000000000000000000000000000000000000000000000000000000000000000000000000000176753432345,0.000000000000000000000000000000000000000000000000000000000000000000000000000000087015243271585780626985033128071698022561841908393138262300130220799103430854.000000000000000000000000000000000000000000000000000000000000000000000000000000025209357855024485003220583383100568569907435221588726049011254238934071668031,0.000000000000000000000000000000000000000000000000000000000000000000000000000000020565748395003466184666204343636157310765094829742621599321518588759629653315.000000000000000000000000000000000000000000000000000000000000000000000000000000024311842649879211620913578563307151382181113982951839068539255115674165497966,0.000000000000000000000000000000000000000000000000000000000000000000000000000000045833031961794487073077343724912438064918827362186861021892223154055013717074.000000000000000000000000000000000000000000000000000000000000000000000000000000103698521985011072028066130545948171922864636498882922370087520027568720375385
14,39,40,8,000000000000000000000000000000000000000000000000000000000000000000000000000000000000000000000000000000000000000000000000000000000000000000000000087178291200,000000000000000000000000000000000000000000000000000000000000000000000000000000000000000000000000000000000000000000000000000000000000000000000000261534873600,000000000000000000000000000000000000000000000000000000000000000000000000000000000000000000000000000000000000000000000000000000000000000000000000958961203200,000000000000000000000000000000000000000000000000000000000000000000000000000000000000000000000000000000000000000000000000000000000000000000000000697426329600,000000000000000000000000000000000000000000000000000000000000000000000000000000000000000000000000000000000000000000000000000000000000000000000000062190095337,000000000000000000000000000000000000000000000000000000000000000000000000000000000000000000000000000000000000000000000000000000000000000000000000044690209750,000000000000000000000000000000000000000000000000000000000000000000000000000000000000000000000000000000000000000000000000000000000000000000000000679926444013,0.000000000000000000000000000000000000000000000000000000000000000000000000000000020565748395003466184666204343636157310765094829742621599321518588759629653315.000000000000000000000000000000000000000000000000000000000000000000000000000000024311842649879211620913578563307151382181113982951839068539255115674165497966,0.000000000000000000000000000000000000000000000000000000000000000000000000000000073698089885969865917178217585365130397293864653143545863290470632977971667156.000000000000000000000000000000000000000000000000000000000000000000000000000000055920112788027504860697624221258924004816541552996850637631037640326076931751,0.000000000000000000000000000000000000000000000000000000000000000000000000000000045833031961794487073077343724912438064918827362186861021892223154055013717074.000000000000000000000000000000000000000000000000000000000000000000000000000000103698521985011072028066130545948171922864636498882922370087520027568720375385
15,41,42,1,000000000000000000000000000000000000000000000000000000000000000000000000000000000000000000000000000000000000000000000000000000000000000000000001307674368000,000000000000000000000000000000000000000000000000000000000000000000000000000000000000000000000000000000000000000000000000000000000000000000000001307674368000,000000000000000000000000000000000000000000000000000000000000000000000000000000000000000000000000000000000000000000000000000000000000000000000002615348736000,000000000000000000000000000000000000000000000000000000000000000000000000000000000000000000000000000000000000000000000000000000000000000000000001307674368000,000000000000000000000000000000000000000000000000000000000000000000000000000000000000000000000000000000000000000000000000000000000000000000000000150577837147,000000000000000000000000000000000000000000000000000000000000000000000000000000000000000000000000000000000000000000000000000000000000000000000000280025816463,000000000000000000000000000000000000000000000000000000000000000000000000000000000000000000000000000000000000000000000000000000000000000000000001437122347316,0.000000000000000000000000000000000000000000000000000000000000000000000000000000081119306557295043947776230900539651493257160932663731932698523086255548483211.000000000000000000000000000000000000000000000000000000000000000000000000000000069833235478127881789123626297864036834549011744885041054439092651501655231589,0.000000000000000000000000000000000000000000000000000000000000000000000000000000108004735110291605052926238280029015934272711127582669764909355573652864904374.000000000000000000000000000000000000000000000000000000000000000000000000000000018403329601810133637568039936681058795765401650711307099623243826143290446421,0.000000000000000000000000000000000000000000000000000000000000000000000000000000056928230350170690088515693373455391776532161201640864110651470361596498798780.000000000000000000000000000000000000000000000000000000000000000000000000000000098702891557265454207181057948941191720932087175001703063280803588785643085363
15,42,43,3,000000000000000000000000000000000000000000000000000000000000000000000000000000000000000000000000000000000000000000000000000000000000000000000001307674368000,000000000000000000000000000000000000000000000000000000000000000000000000000000000000000000000000000000000000000000000000000000000000000000000002615348736000,000000000000000000000000000000000000000000000000000000000000000000000000000000000000000000000000000000000000000000000000000000000000000000000006538371840000,000000000000000000000000000000000000000000000000000000000000000000000000000000000000000000000000000000000000000000000000000000000000000000000003923023104000,000000000000000000000000000000000000000000000000000000000000000000000000000000000000000000000000000000000000000000000000000000000000000000000000280025816463,000000000000000000000000000000000000000000000000000000000000000000000000000000000000000000000000000000000000000000000000000000000000000000000000871439207825,000000000000000000000000000000000000000000000000000000000000000000000000000000000000000000000000000000000000000000000000000000000000000000000004514436495362,0.000000000000000000000000000000000000000000000000000000000000000000000000000000108004735110291605052926238280029015934272711127582669764909355573652864904374.000000000000000000000000000000000000000000000000000000000000000000000000000000018403329601810133637568039936681058795765401650711307099623243826143290446421,0.000000000000000000000000000000000000000000000000000000000000000000000000000000075172231921983061963707078453586218075235954430194816683547821744757539658477.000000000000000000000000000000000000000000000000000000000000000000000000000000089836151575228064517341400809867031783033609174401477513286549833346046540900,0.000000000000000000000000000000000000000000000000000000000000000000000000000000056928230350170690088515693373455391776532161201640864110651470361596498798780.000000000000000000000000000000000000000000000000000000000000000000000000000000098702891557265454207181057948941191720932087175001703063280803588785643085363
15,43,44,6,000000000000000000000000000000000000000000000000000000000000000000000000000000000000000000000000000000000000000000000000000000000000000000000001307674368000,000000000000000000000000000000000000000000000000000000000000000000000000000000000000000000000000000000000000000000000000000000000000000000000006538371840000,000000000000000000000000000000000000000000000000000000000000000000000000000000000000000000000000000000000000000000000000000000000000000000000014384418048000,000000000000000000000000000000000000000000000000000000000000000000000000000000000000000000000000000000000000000000000000000000000000000000000007846046208000,000000000000000000000000000000000000000000000000000000000000000000000000000000000000000000000000000000000000000000000000000000000000000000000000871439207825,000000000000000000000000000000000000000000000000000000000000000000000000000000000000000000000000000000000000000000000000000000000000000000000001020343709071,000000000000000000000000000000000000000000000000000000000000000000000000000000000000000000000000000000000000000000000000000000000000000000000007994950709246,0.000000000000000000000000000000000000000000000000000000000000000000000000000000075172231921983061963707078453586218075235954430194816683547821744757539658477.000000000000000000000000000000000000000000000000000000000000000000000000000000089836151575228064517341400809867031783033609174401477513286549833346046540900,0.000000000000000000000000000000000000000000000000000000000000000000000000000000042641850349376588048456683523298482342861890575005255055023690152751482106678.000000000000000000000000000000000000000000000000000000000000000000000000000000053863954730306949225788464513829000943283845993231532239006941853900022216012,0.000000000000000000000000000000000000000000000000000000000000000000000000000000056928230350170690088515693373455391776532161201640864110651470361596498798780.000000000000000000000000000000000000000000000000000000000000000000000000000000098702891557265454207181057948941191720932087175001703063280803588785643085363
15,44,45,4,000000000000000000000000000000000000000000000000000000000000000000000000000000000000000000000000000000000000000000000000000000000000000000000001307674368000,000000000000000000000000000000000000000000000000000000000000000000000000000000000000000000000000000000000000000000000000000000000000000000000014384418048000,000000000000000000000000000000000000000000000000000000000000000000000000000000000000000000000000000000000000000000000000000000000000000000000019615115520000,000000000000000000000000000000000000000000000000000000000000000000000000000000000000000000000000000000000000000000000000000000000000000000000005230697472000,000000000000000000000000000000000000000000000000000000000000000000000000000000000000000000000000000000000000000000000000000000000000000000000001020343709071,000000000000000000000000000000000000000000000000000000000000000000000000000000000000000000000000000000000000000000000000000000000000000000000000381347566597,000000000000000000000000000000000000000000000000000000000000000000000000000000000000000000000000000000000000000000000000000000000000000000000004591701329526,0.000000000000000000000000000000000000000000000000000000000000000000000000000000042641850349376588048456683523298482342861890575005255055023690152751482106678.000000000000000000000000000000000000000000000000000000000000000000000000000000053863954730306949225788464513829000943283845993231532239006941853900022216012,0.000000000000000000000000000000000000000000000000000000000000000000000000000000050112622098186670293522308964212376217170487478698098151184560544369839286042.000000000000000000000000000000000000000000000000000000000000000000000000000000077166245647879752064031295604889546052840057843077005375531342667030458077622,0.000000000000000000000000000000000000000000000000000000000000000000000000000000056928230350170690088515693373455391776532161201640864110651470361596498798780.000000000000000000000000000000000000000000000000000000000000000000000000000000098702891557265454207181057948941191720932087175001703063280803588785643085363
16,46,47,3,000000000000000000000000000000000000000000000000000000000000000000000000000000000000000000000000000000000000000000000000000000000000000000000020922789888000,000000000000000000000000000000000000000000000000000000000000000000000000000000000000000000000000000000000000000000000000000000000000000000000041845579776000,000000000000000000000000000000000000000000000000000000000000000000000000000000000000000000000000000000000000000000000000000000000000000000000104613949440000,000000000000000000000000000000000000000000000000000000000000000000000000000000000000000000000000000000000000000000000000000000000000000000000062768369664000,000000000000000000000000000000000000000000000000000000000000000000000000000000000000000000000000000000000000000000000000000000000000000000000009563090572612,000000000000000000000000000000000000000000000000000000000000000000000000000000000000000000000000000000000000000000000000000000000000000000000015052709674170,000000000000000000000000000000000000000000000000000000000000000000000000000000000000000000000000000000000000000000000000000000000000000000000068257988765558,0.000000000000000000000000000000000000000000000000000000000000000000000000000000114584500658952982261284867257664334263474393257290087756987875227521301436489.000000000000000000000000000000000000000000000000000000000000000000000000000000072377802498278766546639322951454786203104057764824801286631323494589545738903,0.000000000000000000000000000000000000000000000000000000000000000000000000000000026267254531086005924446289926216963278177394500745127274874595717966452048278.000000000000000000000000000000000000000000000000000000000000000000000000000000087001101956910744728114859046409945791202748241449154110581074788749206277690,0.000000000000000000000000000000000000000000000000000000000000000000000000000000025783337633377383963743566997416487271281216343500499533436831786960374394418.000000000000000000000000000000000000000000000000000000000000000000000000000000097115033114043132933226576178303065919046236669952840610525546599958170731860
16,47,48,4,000000000000000000000000000000000000000000000000000000000000000000000000000000000000000000000000000000000000000000000000000000000000000000000020922789888000,000000000000000000000000000000000000000000000000000000000000000000000000000000000000000000000000000000000000000000000000000000000000000000000104613949440000,000000000000000000000000000000000000000000000000000000000000000000000000000000000000000000000000000000000000000000000000000000000000000000000188305108992000,000000000000000000000000000000000000000000000000000000000000000000000000000000000000000000000000000000000000000000000000000000000000000000000083691159552000,000000000000000000000000000000000000000000000000000000000000000000000000000000000000000000000000000000000000000000000000000000000000000000000015052709674170,000000000000000000000000000000000000000000000000000000000000000000000000000000000000000000000000000000000000000000000000000000000000000000000002901865708443,000000000000000000000000000000000000000000000000000000000000000000000000000000000000000000000000000000000000000000000000000000000000000000000071540315586273,0.000000000000000000000000000000000000000000000000000000000000000000000000000000026267254531086005924446289926216963278177394500745127274874595717966452048278.000000000000000000000000000000000000000000000000000000000000000000000000000000087001101956910744728114859046409945791202748241449154110581074788749206277690,0.000000000000000000000000000000000000000000000000000000000000000000000000000000065922650075410856534993974163056939852640429077251888193523115047858400845499.000000000000000000000000000000000000000000000000000000000000000000000000000000041869000666969933530739468879784369787478474775480842047778880811132270629206,0.000000000000000000000000000000000000000000000000000000000000000000000000000000025783337633377383963743566997416487271281216343500499533436831786960374394418.000000000000000000000000000000000000000000000000000000000000000000000000000000097115033114043132933226576178303065919046236669952840610525546599958170731860
17,49,50,0,000000000000000000000000000000000000000000000000000000000000000000000000000000000000000000000000000000000000000000000000000000000000000000000355687428096000,000000000000000000000000000000000000000000000000000000000000000000000000000000000000000000000000000000000000000000000000000000000000000000000355687428096000,000000000000000000000000000000000000000000000000000000000000000000000000000000000000000000000000000000000000000000000000000000000000000000000355687428096000,000000000000000000000000000000000000000000000000000000000000000000000000000000000000000000000000000000000000000000000000000000000000000000000000000000000000,000000000000000000000000000000000000000000000000000000000000000000000000000000000000000000000000000000000000000000000000000000000000000000000053431476936525,000000000000000000000000000000000000000000000000000000000000000000000000000000000000000000000000000000000000000000000000000000000000000000000255453068071764,000000000000000000000000000000000000000000000000000000000000000000000000000000000000000000000000000000000000000000000000000000000000000000000202021591135239,0.000000000000000000000000000000000000000000000000000000000000000000000000000000040307801063138778132376559836123589321449883390877564180282544683931835372676.000000000000000000000000000000000000000000000000000000000000000000000000000000084487168443727713049778009853790282775917750548090902002744386003675529530292,0.000000000000000000000000000000000000000000000000000000000000000000000000000000110560903758971929709743161563183868968201998016819862389797221564458485814982.000000000000000000000000000000000000000000000000000000000000000000000000000000106403041512432555215316396882584033752066537554388330180776939978150437217531,0.000000000000000000000000000000000000000000000000000000000000000000000000000000071949585248922151770125811280394521540194364750671433939014525687277431263230.000000000000000000000000000000000000000000000000000000000000000000000000000000057715684072217609352479037422054479339803907371484743422674070948335477337708
17,50,51,4,000000000000000000000000000000000000000000000000000000000000000000000000000000000000000000000000000000000000000000000000000000000000000000000355687428096000,000000000000000000000000000000000000000000000000000000000000000000000000000000000000000000000000000000000000000000000000000000000000000000000355687428096000,000000000000000000000000000000000000000000000000000000000000000000000000000000000000000000000000000000000000000000000000000000000000000000001778437140480000,000000000000000000000000000000000000000000000000000000000000000000000000000000000000000000000000000000000000000000000000000000000000000000001422749712384000,000000000000000000000000000000000000000000000000000000000000000000000000000000000000000000000000000000000000000000000000000000000000000000000255453068071764,000000000000000000000000000000000000000000000000000000000000000000000000000000000000000000000000000000000000000000000000000000000000000000000280332374673876,000000000000000000000000000000000000000000000000000000000000000000000000000000000000000000000000000000000000000000000000000000000000000000001447629018986112,0.000000000000000000000000000000000000000000000000000000000000000000000000000000110560903758971929709743161563183868968201998016819862389797221564458485814982.000000000000000000000000000000000000000000000000000000000000000000000000000000106403041512432555215316396882584033752066537554388330180776939978150437217531,0.000000000000000000000000000000000000000000000000000000000000000000000000000000063515334313235940978997497997309110945131154723579807607384497547958713837455.000000000000000000000000000000000000000000000000000000000000000000000000000000058372837009371438499600708449369979083506963697147052846447906363256905894908,0.000000000000000000000000000000000000000000000000000000000000000000000000000000071949585248922151770125811280394521540194364750671433939014525687277431263230.000000000000000000000000000000000000000000000000000000000000000000000000000000057715684072217609352479037422054479339803907371484743422674070948335477337708
17,51,52,6,000000000000000000000000000000000000000000000000000000000000000000000000000000000000000000000000000000000000000000000000000000000000000000000355687428096000,000000000000000000000000000000000000000000000000000000000000000000000000000000000000000000000000000000000000000000000000000000000000000000001778437140480000,000000000000000000000000000000000000000000000000000000000000000000000000000000000000000000000000000000000000000000000000000000000000000000003912561709056000,000000000000000000000000000000000000000000000000000000000000000000000000000000000000000000000000000000000000000000000000000000000000000000002134124568576000,000000000000000000000000000000000000000000000000000000000000000000000000000000000000000000000000000000000000000000000000000000000000000000000280332374673876,000000000000000000000000000000000000000000000000000000000000000000000000000000000000000000000000000000000000000000000000000000000000000000000303933930544700,000000000000000000000000000000000000000000000000000000000000000000000000000000000000000000000000000000000000000000000000000000000000000000002157726124446824,0.000000000000000000000000000000000000000000000000000000000000000000000000000000063515334313235940978997497997309110945131154723579807607384497547958713837455.000000000000000000000000000000000000000000000000000000000000000000000000000000058372837009371438499600708449369979083506963697147052846447906363256905894908,0.000000000000000000000000000000000000000000000000000000000000000000000000000000052813238566474594496574906867435567565233423293475819066208762163447782904999.000000000000000000000000000000000000000000000000000000000000000000000000000000098011757932358350962613998289386682535741825041444942664745561971592823444973,0.000000000000000000000000000000000000000000000000000000000000000000000000000000071949585248922151770125811280394521540194364750671433939014525687277431263230.000000000000000000000000000000000000000000000000000000000000000000000000000000057715684072217609352479037422054479339803907371484743422674070948335477337708
18,53,54,0,000000000000000000000000000000000000000000000000000000000000000000000000000000000000000000000000000000000000000000000000000000000000000000006402373705728000,000000000000000000000000000000000000000000000000000000000000000000000000000000000000000000000000000000000000000000000000000000000000000000006402373705728000,000000000000000000000000000000000000000000000000000000000000000000000000000000000000000000000000000000000000000000000000000000000000000000006402373705728000,000000000000000000000000000000000000000000000000000000000000000000000000000000000000000000000000000000000000000000000000000000000000000000000000000000000000,000000000000000000000000000000000000000000000000000000000000000000000000000000000000000000000000000000000000000000000000000000000000000000000361310265750124,000000000000000000000000000000000000000000000000000000000000000000000000000000000000000000000000000000000000000000000000000000000000000000003572081538768707,000000000000000000000000000000000000000000000000000000000000000000000000000000000000000000000000000000000000000000000000000000000000000000003210771273018583,0.000000000000000000000000000000000000000000000000000000000000000000000000000000007086754227407391658152234626386289704606906620229921345536119461826835276617.000000000000000000000000000000000000000000000000000000000000000000000000000000045806165569194256586261502717728099690457099843611552664107027616191159246392,0.000000000000000000000000000000000000000000000000000000000000000000000000000000033903532250825920011423262729318037347523984276123141340942803818961706296726.000000000000000000000000000000000000000000000000000000000000000000000000000000000168743002427289881765681417490337978467882455308235152692948563217619698893,0.000000000000000000000000000000000000000000000000000000000000000000000000000000026768197736861445822644018717343103358513796065846956125681346777465951401498.000000000000000000000000000000000000000000000000000000000000000000000000000000023519995252994019661365552178757088929101936424629845125736254525278739509918
18,54,55,3,000000000000000000000000000000000000000000000000000000000000000000000000000000000000000000000000000000000000000000000000000000000000000000006402373705728000,000000000000000000000000000000000000000000000000000000000000000000000000000000000000000000000000000000000000000000000000000000000000000000006402373705728000,000000000000000000000000000000000000000000000000000000000000000000000000000000000000000000000000000000000000000000000000000000000000000000025609494822912000,000000000000000000000000000000000000000000000000000000000000000000000000000000000000000000000000000000000000000000000000000000000000000000019207121117184000,000000000000000000000000000000000000000000000000000000000000000000000000000000000000000000000000000000000000000000000000000000000000000000003572081538768707,000000000000000000000000000000000000000000000000000000000000000000000000000000000000000000000000000000000000000000000000000000000000000000004435895668957460,000000000000000000000000000000000000000000000000000000000000000000000000000000000000000000000000000000000000000000000000000000000000000000020070935247372753,0.000000000000000000000000000000000000000000000000000000000000000000000000000000033903532250825920011423262729318037347523984276123141340942803818961706296726.000000000000000000000000000000000000000000000000000000000000000000000000000000000168743002427289881765681417490337978467882455308235152692948563217619698893,0.000000000000000000000000000000000000000000000000000000000000000000000000000000060445698216621826856287952149610390835450647855250491824511024996101472713059.000000000000000000000000000000000000000000000000000000000000000000000000000000006650413705544923593404974197957088657590778889830546541291909209606529242729,0.000000000000000000000000000000000000000000000000000000000000000000000000000000026768197736861445822644018717343103358513796065846956125681346777465951401498.000000000000000000000000000000000000000000000000000000000000000000000000000000023519995252994019661365552178757088929101936424629845125736254525278739509918
18,55,56,2,000000000000000000000000000000000000000000000000000000000000000000000000000000000000000000000000000000000000000000000000000000000000000000006402373705728000,000000000000000000000000000000000000000000000000000000000000000000000000000000000000000000000000000000000000000000000000000000000000000000025609494822912000,000000000000000000000000000000000000000000000000000000000000000000000000000000000000000000000000000000000000000000000000000000000000000000038414242234368000,000000000000000000000000000000000000000000000000000000000000000000000000000000000000000000000000000000000000000000000000000000000000000000012804747411456000,000000000000000000000000000000000000000000000000000000000000000000000000000000000000000000000000000000000000000000000000000000000000000000004435895668957460,000000000000000000000000000000000000000000000000000000000000000000000000000000000000000000000000000000000000000000000000000000000000000000005804500058308575,000000000000000000000000000000000000000000000000000000000000000000000000000000000000000000000000000000000000000000000000000000000000000000014173351800807115,0.000000000000000000000000000000000000000000000000000000000000000000000000000000060445698216621826856287952149610390835450647855250491824511024996101472713059.000000000000000000000000000000000000000000000000000000000000000000000000000000006650413705544923593404974197957088657590778889830546541291909209606529242729,0.000000000000000000000000000000000000000000000000000000000000000000000000000000028576446286465130798687394270835338936156158272521290958787272130765482596762.000000000000000000000000000000000000000000000000000000000000000000000000000000101338706018188911277721114497155019368847601339832684197459624859833147765647,0.000000000000000000000000000000000000000000000000000000000000000000000000000000026768197736861445822644018717343103358513796065846956125681346777465951401498.000000000000000000000000000000000000000000000000000000000000000000000000000000023519995252994019661365552178757088929101936424629845125736254525278739509918
19,57,58,0,000000000000000000000000000000000000000000000000000000000000000000000000000000000000000000000000000000000000000000000000000000000000000000121645100408832000,000000000000000000000000000000000000000000000000000000000000000000000000000000000000000000000000000000000000000000000000000000000000000000121645100408832000,000000000000000000000000000000000000000000000000000000000000000000000000000000000000000000000000000000000000000000000000000000000000000000121645100408832000,000000000000000000000000000000000000000000000000000000000000000000000000000000000000000000000000000000000000000000000000000000000000000000000000000000000000,000000000000000000000000000000000000000000000000000000000000000000000000000000000000000000000000000000000000000000000000000000000000000000016600658502014492,000000000000000000000000000000000000000000000000000000000000000000000000000000000000000000000000000000000000000000000000000000000000000000078331567567510049,000000000000000000000000000000000000000000000000000000000000000000000000000000000000000000000000000000000000000000000000000000000000000000061730909065495557,0.000000000000000000000000000000000000000000000000000000000000000000000000000000074691033661854708945097969794875545130743253282866857528646094060486887766762.000000000000000000000000000000000000000000000000000000000000000000000000000000050520096726607883683128959576900318161316692878968149241991939304173485276380,0.000000000000000000000000000000000000000000000000000000000000000000000000000000007842290535780881515467118634686610054213231290193967407475681065888263921474.000000000000000000000000000000000000000000000000000000000000000000000000000000037223995011863042135269033180096052877832679834151924259363842760832235837987,0.000000000000000000000000000000000000000000000000000000000000000000000000000000092820163756210200671708996519660591344660834830538646438406699794485147091094.000000000000000000000000000000000000000000000000000000000000000000000000000000106120983567110106015203614359235392868704080753494584665921140862132521465246
19,58,59,3,000000000000000000000000000000000000000000000000000000000000000000000000000000000000000000000000000000000000000000000000000000000000000000121645100408832000,000000000000000000000000000000000000000000000000000000000000000000000000000000000000000000000000000000000000000000000000000000000000000000121645100408832000,000000000000000000000000000000000000000000000000000000000000000000000000000000000000000000000000000000000000000000000000000000000000000000486580401635328000,000000000000000000000000000000000000000000000000000000000000000000000000000000000000000000000000000000000000000000000000000000000000000000364935301226496000,000000000000000000000000000000000000000000000000000000000000000000000000000000000000000000000000000000000000000000000000000000000000000000078331567567510049,000000000000000000000000000000000000000000000000000000000000000000000000000000000000000000000000000000000000000000000000000000000000000000038489982622938191,000000000000000000000000000000000000000000000000000000000000000000000000000000000000000000000000000000000000000000000000000000000000000000325093716281924142,0.000000000000000000000000000000000000000000000000000000000000000000000000000000007842290535780881515467118634686610054213231290193967407475681065888263921474.000000000000000000000000000000000000000000000000000000000000000000000000000000037223995011863042135269033180096052877832679834151924259363842760832235837987,0.000000000000000000000000000000000000000000000000000000000000000000000000000000029468339291227022490967140728449087203757816877061952957844349023051015394437.000000000000000000000000000000000000000000000000000000000000000000000000000000005867199329528628582491486657327247741547599271992614464633076311922995064508,0.000000000000000000000000000000000000000000000000000000000000000000000000000000092820163756210200671708996519660591344660834830538646438406699794485147091094.000000000000000000000000000000000000000000000000000000000000000000000000000000106120983567110106015203614359235392868704080753494584665921140862132521465246
19,59,60,5,000000000000000000000000000000000000000000000000000000000000000000000000000000000000000000000000000000000000000000000000000000000000000000121645100408832000,000000000000000000000000000000000000000000000000000000000000000000000000000000000000000000000000000000000000000000000000000000000000000000486580401635328000,000000000000000000000000000000000000000000000000000000000000000000000000000000000000000000000000000000000000000000000000000000000000000001094805903679488000,000000000000000000000000000000000000000000000000000000000000000000000000000000000000000000000000000000000000000000000000000000000000000000608225502044160000,000000000000000000000000000000000000000000000000000000000000000000000000000000000000000000000000000000000000000000000000000000000000000000038489982622938191,000000000000000000000000000000000000000000000000000000000000000000000000000000000000000000000000000000000000000000000000000000000000000000040235446540008382,000000000000000000000000000000000000000000000000000000000000000000000000000000000000000000000000000000000000000000000000000000000000000000609970965961230191,0.000000000000000000000000000000000000000000000000000000000000000000000000000000029468339291227022490967140728449087203757816877061952957844349023051015394437.000000000000000000000000000000000000000000000000000000000000000000000000000000005867199329528628582491486657327247741547599271992614464633076311922995064508,0.000000000000000000000000000000000000000000000000000000000000000000000000000000032976901974812130467888454680865813064186458215596336709018932995219129999629.000000000000000000000000000000000000000000000000000000000000000000000000000000094344309747317421167124060163550008068954848013402657284162153757492808086031,0.000000000000000000000000000000000000000000000000000000000000000000000000000000092820163756210200671708996519660591344660834830538646438406699794485147091094.000000000000000000000000000000000000000000000000000000000000000000000000000000106120983567110106015203614359235392868704080753494584665921140862132521465246
19,60,61,2,000000000000000000000000000000000000000000000000000000000000000000000000000000000000000000000000000000000000000000000000000000000000000000121645100408832000,000000000000000000000000000000000000000000000000000000000000000000000000000000000000000000000000000000000000000000000000000000000000000001094805903679488000,000000000000000000000000000000000000000000000000000000000000000000000000000000000000000000000000000000000000000000000000000000000000000001338096104497152000,000000000000000000000000000000000000000000000000000000000000000000000000000000000000000000000000000000000000000000000000000000000000000000243290200817664000,000000000000000000000000000000000000000000000000000000000000000000000000000000000000000000000000000000000000000000000000000000000000000000040235446540008382,000000000000000000000000000000000000000000000000000000000000000000000000000000000000000000000000000000000000000000000000000000000000000000087691438121502982,000000000000000000000000000000000000000000000000000000000000000000000000000000000000000000000000000000000000000000000000000000000000000000290746192399158600,0.000000000000000000000000000000000000000000000000000000000000000000000000000000032976901974812130467888454680865813064186458215596336709018932995219129999629.000000000000000000000000000000000000000000000000000000000000000000000000000000094344309747317421167124060163550008068954848013402657284162153757492808086031,0.000000000000000000000000000000000000000000000000000000000000000000000000000000033308989973171342073697220435010985741081235541259067848310503357357122078015.000000000000000000000000000000000000000000000000000000000000000000000000000000095725642944317286839874181564660753559887752233498128945789602194633150111324,0.000000000000000000000000000000000000000000000000000000000000000000000000000000092820163756210200671708996519660591344660834830538646438406699794485147091094.000000000000000000000000000000000000000000000000000000000000000000000000000000106120983567110106015203614359235392868704080753494584665921140862132521465246
20,62,63,2,000000000000000000000000000000000000000000000000000000000000000000000000000000000000000000000000000000000000000000000000000000000000000002432902008176640000,000000000000000000000000000000000000000000000000000000000000000000000000000000000000000000000000000000000000000000000000000000000000000002432902008176640000,000000000000000000000000000000000000000000000000000000000000000000000000000000000000000000000000000000000000000000000000000000000000000007298706024529920000,000000000000000000000000000000000000000000000000000000000000000000000000000000000000000000000000000000000000000000000000000000000000000004865804016353280000,000000000000000000000000000000000000000000000000000000000000000000000000000000000000000000000000000000000000000000000000000000000000000001475470534331182062,000000000000000000000000000000000000000000000000000000000000000000000000000000000000000000000000000000000000000000000000000000000000000001694523924994549768,000000000000000000000000000000000000000000000000000000000000000000000000000000000000000000000000000000000000000000000000000000000000000005084857407016647706,0.000000000000000000000000000000000000000000000000000000000000000000000000000000015877604754714859824235961000680666017735583517798512888980505728230641434280.000000000000000000000000000000000000000000000000000000000000000000000000000000027676014891220873617147919511945292449354083613136393884603452417089983439557,0.000000000000000000000000000000000000000000000000000000000000000000000000000000046100860595331327753782525134281403195505409441031099411610412192590360561017.000000000000000000000000000000000000000000000000000000000000000000000000000000040756680259664337787317293734418135936366600101587916741588241469787632977445,0.000000000000000000000000000000000000000000000000000000000000000000000000000000100209840550977792028583829866838569059307402608859533952769263009701315096147.000000000000000000000000000000000000000000000000000000000000000000000000000000028497599200223847494141592610371227401740608325759759698545963171102756503933
20,63,64,4,000000000000000000000000000000000000000000000000000000000000000000000000000000000000000000000000000000000000000000000000000000000000000002432902008176640000,000000000000000000000000000000000000000000000000000000000000000000000000000000000000000000000000000000000000000000000000000000000000000007298706024529920000,000000000000000000000000000000000000000000000000000000000000000000000000000000000000000000000000000000000000000000000000000000000000000017030314057236480000,000000000000000000000000000000000000000000000000000000000000000000000000000000000000000000000000000000000000000000000000000000000000000009731608032706560000,000000000000000000000000000000000000000000000000000000000000000000000000000000000000000000000000000000000000000000000000000000000000000001694523924994549768,000000000000000000000000000000000000000000000000000000000000000000000000000000000000000000000000000000000000000000000000000000000000000000769353300341756628,000000000000000000000000000000000000000000000000000000000000000000000000000000000000000000000000000000000000000000000000000000000000000008806437408053766860,0.000000000000000000000000000000000000000000000000000000000000000000000000000000046100860595331327753782525134281403195505409441031099411610412192590360561017.000000000000000000000000000000000000000000000000000000000000000000000000000000040756680259664337787317293734418135936366600101587916741588241469787632977445,0.000000000000000000000000000000000000000000000000000000000000000000000000000000007247729308732252718492345551507130715155957421128527268563563649761751702861.000000000000000000000000000000000000000000000000000000000000000000000000000000036707592335952288811734416422045697926733415491378770888054924918276179427221,0.000000000000000000000000000000000000000000000000000000000000000000000000000000100209840550977792028583829866838569059307402608859533952769263009701315096147.000000000000000000000000000000000000000000000000000000000000000000000000000000028497599200223847494141592610371227401740608325759759698545963171102756503933
20,64,65,5,000000000000000000000000000000000000000000000000000000000000000000000000000000000000000000000000000000000000000000000000000000000000000002432902008176640000,000000000000000000000000000000000000000000000000000000000000000000000000000000000000000000000000000000000000000000000000000000000000000017030314057236480000,000000000000000000000000000000000000000000000000000000000000000000000000000000000000000000000000000000000000000000000000000000000000000029194824098119680000,000000000000000000000000000000000000000000000000000000000000000000000000000000000000000000000000000000000000000000000000000000000000000012164510040883200000,000000000000000000000000000000000000000000000000000000000000000000000000000000000000000000000000000000000000000000000000000000000000000000769353300341756628,000000000000000000000000000000000000000000000000000000000000000000000000000000000000000000000000000000000000000000000000000000000000000001373553213944522855,000000000000000000000000000000000000000000000000000000000000000000000000000000000000000000000000000000000000000000000000000000000000000012768709954485966227,0.000000000000000000000000000000000000000000000000000000000000000000000000000000007247729308732252718492345551507130715155957421128527268563563649761751702861.000000000000000000000000000000000000000000000000000000000000000000000000000000036707592335952288811734416422045697926733415491378770888054924918276179427221,0.000000000000000000000000000000000000000000000000000000000000000000000000000000021769406468394979245979020739332080729679479243955596515614749275274212371227.000000000000000000000000000000000000000000000000000000000000000000000000000000102907830890434238525231690377346540046672568029169549965500018466490455252476,0.000000000000000000000000000000000000000000000000000000000000000000000000000000100209840550977792028583829866838569059307402608859533952769263009701315096147.000000000000000000000000000000000000000000000000000000000000000000000000000000028497599200223847494141592610371227401740608325759759698545963171102756503933
20,65,66,7,000000000000000000000000000000000000000000000000000000000000000000000000000000000000000000000000000000000000000000000000000000000000000002432902008176640000,000000000000000000000000000000000000000000000000000000000000000000000000000000000000000000000000000000000000000000000000000000000000000029194824098119680000,000000000000000000000000000000000000000000000000000000000000000000000000000000000000000000000000000000000000000000000000000000000000000046225138155356160000,000000000000000000000000000000000000000000000000000000000000000000000000000000000000000000000000000000000000000000000000000000000000000017030314057236480000,000000000000000000000000000000000000000000000000000000000000000000000000000000000000000000000000000000000000000000000000000000000000000001373553213944522855,000000000000000000000000000000000000000000000000000000000000000000000000000000000000000000000000000000000000000000000000000000000000000000121079394990175726,000000000000000000000000000000000000000000000000000000000000000000000000000000000000000000000000000000000000000000000000000000000000000015777840238282132871,0.000000000000000000000000000000000000000000000000000000000000000000000000000000021769406468394979245979020739332080729679479243955596515614749275274212371227.000000000000000000000000000000000000000000000000000000000000000000000000000000102907830890434238525231690377346540046672568029169549965500018466490455252476,0.000000000000000000000000000000000000000000000000000000000000000000000000000000035681022179418186873973468373280332442853574053612577039287936543695937260509.000000000000000000000000000000000000000000000000000000000000000000000000000000055769436514148338618765508764324988000805241152238207056637568135859289137720,0.000000000000000000000000000000000000000000000000000000000000000000000000000000100209840550977792028583829866838569059307402608859533952769263009701315096147.000000000000000000000000000000000000000000000000000000000000000000000000000000028497599200223847494141592610371227401740608325759759698545963171102756503933
21,67,68,2,000000000000000000000000000000000000000000000000000000000000000000000000000000000000000000000000000000000000000000000000000000000000000051090942171709440000,000000000000000000000000000000000000000000000000000000000000000000000000000000000000000000000000000000000000000000000000000000000000000102181884343418880000,000000000000000000000000000000000000000000000000000000000000000000000000000000000000000000000000000000000000000000000000000000000000000204363768686837760000,000000000000000000000000000000000000000000000000000000000000000000000000000000000000000000000000000000000000000000000000000000000000000102181884343418880000,000000000000000000000000000000000000000000000000000000000000000000000000000000000000000000000000000000000000000000000000000000000000000030475059258967376302,000000000000000000000000000000000000000000000000000000000000000000000000000000000000000000000000000000000000000000000000000000000000000015534497526478279825,000000000000000000000000000000000000000000000000000000000000000000000000000000000000000000000000000000000000000000000000000000000000000087241322610929783523,0.000000000000000000000000000000000000000000000000000000000000000000000000000000008199270313230837952220440610769591593514599319024034412022685032436710272885.000000000000000000000000000000000000000000000000000000000000000000000000000000108680892268991160269437367347039106826837182347366220564480894908240312674034,0.000000000000000000000000000000000000000000000000000000000000000000000000000000014417797224727152153976629935434818279260229220775673176904981236836807719451.000000000000000000000000000000000000000000000000000000000000000000000000000000007045521516762001123429259792443693948241323099305435512759425298741909160811,0.000000000000000000000000000000000000000000000000000000000000000000000000000000059331309481947748213179742333080721390188777383128616027165487168924559256153.000000000000000000000000000000000000000000000000000000000000000000000000000000060801024637052190133616498477520888436276625074222611561394738439198461988829
21,68,69,1,000000000000000000000000000000000000000000000000000000000000000000000000000000000000000000000000000000000000000000000000000000000000000051090942171709440000,000000000000000000000000000000000000000000000000000000000000000000000000000000000000000000000000000000000000000000000000000000000000000204363768686837760000,000000000000000000000000000000000000000000000000000000000000000000000000000000000000000000000000000000000000000000000000000000000000000255454710858547200000,000000000000000000000000000000000000000000000000000000000000000000000000000000000000000000000000000000000000000000000000000000000000000051090942171709440000,000000000000000000000000000000000000000000000000000000000000000000000000000000000000000000000000000000000000000000000000000000000000000015534497526478279825,000000000000000000000000000000000000000000000000000000000000000000000000000000000000000000000000000000000000000000000000000000000000000041819781061828705804,000000000000000000000000000000000000000000000000000000000000000000000000000000000000000000000000000000000000000000000000000000000000000077376225707059865979,0.000000000000000000000000000000000000000000000000000000000000000000000000000000014417797224727152153976629935434818279260229220775673176904981236836807719451.000000000000000000000000000000000000000000000000000000000000000000000000000000007045521516762001123429259792443693948241323099305435512759425298741909160811,0.000000000000000000000000000000000000000000000000000000000000000000000000000000034226794014706530115784623034813193918417475105517896498394700850822182845011.000000000000000000000000000000000000000000000000000000000000000000000000000000095344118026279051459253088692659149181807495503617143902697063322064304017214,0.000000000000000000000000000000000000000000000000000000000000000000000000000000059331309481947748213179742333080721390188777383128616027165487168924559256153.000000000000000000000000000000000000000000000000000000000000000000000000000000060801024637052190133616498477520888436276625074222611561394738439198461988829
21,69,70,13,000000000000000000000000000000000000000000000000000000000000000000000000000000000000000000000000000000000000000000000000000000000000000051090942171709440000,000000000000000000000000000000000000000000000000000000000000000000000000000000000000000000000000000000000000000000000000000000000000000255454710858547200000,000000000000000000000000000000000000000000000000000000000000000000000000000000000000000000000000000000000000000000000000000000000000000919636959090769920000,000000000000000000000000000000000000000000000000000000000000000000000000000000000000000000000000000000000000000000000000000000000000000664182248232222720000,000000000000000000000000000000000000000000000000000000000000000000000000000000000000000000000000000000000000000000000000000000000000000041819781061828705804,000000000000000000000000000000000000000000000000000000000000000000000000000000000000000000000000000000000000000000000000000000000000000050800014914253770481,000000000000000000000000000000000000000000000000000000000000000000000000000000000000000000000000000000000000000000000000000000000000000673162482084647784677,0.000000000000000000000000000000000000000000000000000000000000000000000000000000034226794014706530115784623034813193918417475105517896498394700850822182845011.000000000000000000000000000000000000000000000000000000000000000000000000000000095344118026279051459253088692659149181807495503617143902697063322064304017214,0.000000000000000000000000000000000000000000000000000000000000000000000000000000065540419151317157747671900246361345335112119010416684680126380557251106866307.000000000000000000000000000000000000000000000000000000000000000000000000000000097334935826427332895556897785451550753483104566423636378820548368192638516448,0.000000000000000000000000000000000000000000000000000000000000000000000000000000059331309481947748213179742333080721390188777383128616027165487168924559256153.000000000000000000000000000000000000000000000000000000000000000000000000000000060801024637052190133616498477520888436276625074222611561394738439198461988829
