n0,n1,verify,Delta,Delta_modN,Delta_over_N,P0_x_over_p,P0_y_over_p,P0_x_over_N,P0_y_over_N,P1_x_over_p,P1_y_over_p,P1_x_over_N,P1_y_over_N,P0_x_dot,P0_y_dot,P1_x_dot,P1_y_dot,Padd_x_over_p,Padd_y_over_p
1,2,True,2,2,0.000000000000000000000000000000000000000000000000000000000000000000000000000017272337110188889250772703725600799142296503500515042732085663436607633642850019,0.475561529159551572470709345884621936100985485829132436550464858155768637484945770421872537531475819608234044408095263692285252160773485750623503717641387937,0.282148031320175246505212885071570977550907651627602429753671258322280125106404508771731396770462118762648692837735596666835002450904764093369905557992909847,0.475561529159551572470709345884621936102761449123597783537139123641550837324690066251905474899365458445065104243235611129269879531576903414475590232564089577,0.282148031320175246505212885071570977551961320851258609381509162545846277909393492360483899368001184307073624725659099330656547172388131964106708724906783276,0.973396897681911219874187479164064370527739225341089540308236126418910194056432890699788856621217958934034126370661708702348212656516135170171650505398146137,0.220939341789907596180323261299559091201231792535464013095513200023333844114295095880677291538930471036967336492161784296132941802283416338810533587720639803,0.973396897681911219874187479164064370531374332588483238232898025646293040244784039258692134056579569325802018273441681410939172650243649888141942351822632320,0.220939341789907596180323261299559091202056880641340982598418907582038794669615675698281182863422529511021039328545004217513038975145365487521270815881434388,x.475561529159551572470709345884621936100985485829132436550464858155768637484945770421872537531475819608234044408095263692285252160773485750623503717641387937,y.282148031320175246505212885071570977550907651627602429753671258322280125106404508771731396770462118762648692837735596666835002450904764093369905557992909847,x.973396897681911219874187479164064370527739225341089540308236126418910194056432890699788856621217958934034126370661708702348212656516135170171650505398146137,y.220939341789907596180323261299559091201231792535464013095513200023333844114295095880677291538930471036967336492161784296132941802283416338810533587720639803,0.973396897681911219874187479164064370527739225341089540308236126418910194056432890699788856621217958934034126370661708702348212656516135170171650505398146137,0.220939341789907596180323261299559091201231792535464013095513200023333844114295095880677291538930471036967336492161784296132941802283416338810533587720639803
2,3,True,4,4,0.000000000000000000000000000000000000000000000000000000000000000000000000000034544674220377778501545407451201598284593007001030085464171326873215267285700039,0.973396897681911219874187479164064370527739225341089540308236126418910194056432890699788856621217958934034126370661708702348212656516135170171650505398146137,0.220939341789907596180323261299559091201231792535464013095513200023333844114295095880677291538930471036967336492161784296132941802283416338810533587720639803,0.973396897681911219874187479164064370531374332588483238232898025646293040244784039258692134056579569325802018273441681410939172650243649888141942351822632320,0.220939341789907596180323261299559091202056880641340982598418907582038794669615675698281182863422529511021039328545004217513038975145365487521270815881434388,0.362273239631000289425727378580545974174493600017426021792629067243388265731020797053662138624143022130435421905990624143875909888473087431060230232532116934,0.417660370638392028051607918936314344360951243480469738197990241306346337520704035201045044632074912064741855509748206938687191395271978563116658097295431159,0.362273239631000289425727378580545974175846493253531016180711581252793165703164267043668784293203776676795341776608967781247690882090121912216406268298251185,0.417660370638392028051607918936314344362510977484011724814469783526271807671317358677115864454467806801431071839474531215881141669736391330147455748023293104,x.973396897681911219874187479164064370527739225341089540308236126418910194056432890699788856621217958934034126370661708702348212656516135170171650505398146137,y.220939341789907596180323261299559091201231792535464013095513200023333844114295095880677291538930471036967336492161784296132941802283416338810533587720639803,x.362273239631000289425727378580545974174493600017426021792629067243388265731020797053662138624143022130435421905990624143875909888473087431060230232532116934,y.417660370638392028051607918936314344360951243480469738197990241306346337520704035201045044632074912064741855509748206938687191395271978563116658097295431159,0.362273239631000289425727378580545974174493600017426021792629067243388265731020797053662138624143022130435421905990624143875909888473087431060230232532116934,0.417660370638392028051607918936314344360951243480469738197990241306346337520704035201045044632074912064741855509748206938687191395271978563116658097295431159
3,4,True,1,1,0.000000000000000000000000000000000000000000000000000000000000000000000000000008636168555094444625386351862800399571148251750257521366042831718303816821425009,0.362273239631000289425727378580545974174493600017426021792629067243388265731020797053662138624143022130435421905990624143875909888473087431060230232532116934,0.417660370638392028051607918936314344360951243480469738197990241306346337520704035201045044632074912064741855509748206938687191395271978563116658097295431159,0.362273239631000289425727378580545974175846493253531016180711581252793165703164267043668784293203776676795341776608967781247690882090121912216406268298251185,0.417660370638392028051607918936314344362510977484011724814469783526271807671317358677115864454467806801431071839474531215881141669736391330147455748023293104,0.183622710724002784432124690902779585679549799804520186859146846942513299663071403251908072816690410039606505647272118640168344207073616638226179137973512415,0.360559979280266413939413901676515237545485709671163346656466754396809422686186465380825347519967207618187686067764283761896579522656557091093688883409717020,0.183622710724002784432124690902779585680235530618054197419186603548439314321609029243304592114390855488978129198808782076697886165023258411702671935496649508,0.360559979280266413939413901676515237546832204812994097588314207278711649746254366445369316545395068091231651248808888465514354020661802328722180070309126771,x.362273239631000289425727378580545974174493600017426021792629067243388265731020797053662138624143022130435421905990624143875909888473087431060230232532116934,y.417660370638392028051607918936314344360951243480469738197990241306346337520704035201045044632074912064741855509748206938687191395271978563116658097295431159,x.183622710724002784432124690902779585679549799804520186859146846942513299663071403251908072816690410039606505647272118640168344207073616638226179137973512415,y.360559979280266413939413901676515237545485709671163346656466754396809422686186465380825347519967207618187686067764283761896579522656557091093688883409717020,0.183622710724002784432124690902779585679549799804520186859146846942513299663071403251908072816690410039606505647272118640168344207073616638226179137973512415,0.360559979280266413939413901676515237545485709671163346656466754396809422686186465380825347519967207618187686067764283761896579522656557091093688883409717020
4,5,True,13,13,0.000000000000000000000000000000000000000000000000000000000000000000000000000112270191216227780130022574216405194424927272753347777758556812337949618678525129,0.183622710724002784432124690902779585679549799804520186859146846942513299663071403251908072816690410039606505647272118640168344207073616638226179137973512415,0.360559979280266413939413901676515237545485709671163346656466754396809422686186465380825347519967207618187686067764283761896579522656557091093688883409717020,0.183622710724002784432124690902779585680235530618054197419186603548439314321609029243304592114390855488978129198808782076697886165023258411702671935496649508,0.360559979280266413939413901676515237546832204812994097588314207278711649746254366445369316545395068091231651248808888465514354020661802328722180070309126771,0.207698779716214231532586182895129518964716185657870912377650994773187063968941061734184499979647291070110790300159742805545362798196740861353283629324550242,0.195780994213496334443786267801649000465876728641501444277063068452748856151665369372199527521912998039398686754302220512577544871085705175876957410523214162,0.207698779716214231532586182895129518965491827475940442012316038212715114021981036130456793790365016556071733189509486347919452941805906259333202597923642572,0.195780994213496334443786267801649000466607864021799307238693761091347189273476718480650989941442685783145766927985876731338835041498178844371785736968655059,x.183622710724002784432124690902779585679549799804520186859146846942513299663071403251908072816690410039606505647272118640168344207073616638226179137973512415,y.360559979280266413939413901676515237545485709671163346656466754396809422686186465380825347519967207618187686067764283761896579522656557091093688883409717020,x.207698779716214231532586182895129518964716185657870912377650994773187063968941061734184499979647291070110790300159742805545362798196740861353283629324550242,y.195780994213496334443786267801649000465876728641501444277063068452748856151665369372199527521912998039398686754302220512577544871085705175876957410523214162,0.207698779716214231532586182895129518964716185657870912377650994773187063968941061734184499979647291070110790300159742805545362798196740861353283629324550242,0.195780994213496334443786267801649000465876728641501444277063068452748856151665369372199527521912998039398686754302220512577544871085705175876957410523214162
5,6,True,28,28,0.000000000000000000000000000000000000000000000000000000000000000000000000000241812719542644449510817852158411187992151049007210598249199288112506870999900279,0.207698779716214231532586182895129518964716185657870912377650994773187063968941061734184499979647291070110790300159742805545362798196740861353283629324550242,0.195780994213496334443786267801649000465876728641501444277063068452748856151665369372199527521912998039398686754302220512577544871085705175876957410523214162,0.207698779716214231532586182895129518965491827475940442012316038212715114021981036130456793790365016556071733189509486347919452941805906259333202597923642572,0.195780994213496334443786267801649000466607864021799307238693761091347189273476718480650989941442685783145766927985876731338835041498178844371785736968655059,0.948650930495478282942085783929239237947982550527399861880358191985084504596413297269014941084894285271751097258238504001955136737919998817738697314286892601,0.878400600336304483397667909955668974080215869418931287744582187854406447717725835455792052697198366001770436522387626432722049146045815471843474335460988126,0.948650930495478282942085783929239237951525245065365997553782712217977743716884960009614866488100132252321081711420989496309933789288816382731946021612946594,0.878400600336304483397667909955668974083496217235943662684032078802681437310690151719797943958868248382517426176393223621725793669207151079230360332604370609,x.207698779716214231532586182895129518964716185657870912377650994773187063968941061734184499979647291070110790300159742805545362798196740861353283629324550242,y.195780994213496334443786267801649000465876728641501444277063068452748856151665369372199527521912998039398686754302220512577544871085705175876957410523214162,x.948650930495478282942085783929239237947982550527399861880358191985084504596413297269014941084894285271751097258238504001955136737919998817738697314286892601,y.878400600336304483397667909955668974080215869418931287744582187854406447717725835455792052697198366001770436522387626432722049146045815471843474335460988126,0.948650930495478282942085783929239237947982550527399861880358191985084504596413297269014941084894285271751097258238504001955136737919998817738697314286892601,0.878400600336304483397667909955668974080215869418931287744582187854406447717725835455792052697198366001770436522387626432722049146045815471843474335460988126
6,7,True,27,27,0.000000000000000000000000000000000000000000000000000000000000000000000000000233176550987550004885431500295610788421002797256953076883156456394203054178475269,0.948650930495478282942085783929239237947982550527399861880358191985084504596413297269014941084894285271751097258238504001955136737919998817738697314286892601,0.878400600336304483397667909955668974080215869418931287744582187854406447717725835455792052697198366001770436522387626432722049146045815471843474335460988126,0.948650930495478282942085783929239237951525245065365997553782712217977743716884960009614866488100132252321081711420989496309933789288816382731946021612946594,0.878400600336304483397667909955668974083496217235943662684032078802681437310690151719797943958868248382517426176393223621725793669207151079230360332604370609,0.587179813393473394001403217201209963415533686243256090381644053278908729880754020701854069611063796585443049577324310443996198989580504227036741652168644129,0.740918733266631982646178124822326111845952961151252933959521611518453090246634996065290810216330520948445695391868980359624511325752243758137476187193154023,0.587179813393473394001403217201209963417726483035883015650315961296668953964951456775781821583938466857370292381300183428818260467985398359937652105590440746,0.740918733266631982646178124822326111848719889074940873222885938064298679835080852415885669289964062180289599782941534810937987891176984840077400525995389273,x.948650930495478282942085783929239237947982550527399861880358191985084504596413297269014941084894285271751097258238504001955136737919998817738697314286892601,y.878400600336304483397667909955668974080215869418931287744582187854406447717725835455792052697198366001770436522387626432722049146045815471843474335460988126,x.587179813393473394001403217201209963415533686243256090381644053278908729880754020701854069611063796585443049577324310443996198989580504227036741652168644129,y.740918733266631982646178124822326111845952961151252933959521611518453090246634996065290810216330520948445695391868980359624511325752243758137476187193154023,0.587179813393473394001403217201209963415533686243256090381644053278908729880754020701854069611063796585443049577324310443996198989580504227036741652168644129,0.740918733266631982646178124822326111845952961151252933959521611518453090246634996065290810216330520948445695391868980359624511325752243758137476187193154023
7,8,True,148,148,0.000000000000000000000000000000000000000000000000000000000000000000000000001278152946153977804557180075694459136529941259038113162174339094308964889570901479,0.587179813393473394001403217201209963415533686243256090381644053278908729880754020701854069611063796585443049577324310443996198989580504227036741652168644129,0.740918733266631982646178124822326111845952961151252933959521611518453090246634996065290810216330520948445695391868980359624511325752243758137476187193154023,0.587179813393473394001403217201209963417726483035883015650315961296668953964951456775781821583938466857370292381300183428818260467985398359937652105590440746,0.740918733266631982646178124822326111848719889074940873222885938064298679835080852415885669289964062180289599782941534810937987891176984840077400525995389273,0.034126863575785386152794651105205346152060077193853107535598482031109317894674019636892188940014821083670461256343502121266365270483949776535355472054630874,0.824523198847422368458926908214250223048352172807543035949970661305427104018637059879440206778237899435299273721691283441765903070587069670824488812902742435,0.034126863575785386152794651105205346152187522441943154736245631006813276973747855603194542925487400510660115100885177129339443122938923714585016970201544039,0.824523198847422368458926908214250223051431317874588381793351022417165668717344323496336890952470967094832179393069272223375291389171481464972793275526162696,x.587179813393473394001403217201209963415533686243256090381644053278908729880754020701854069611063796585443049577324310443996198989580504227036741652168644129,y.740918733266631982646178124822326111845952961151252933959521611518453090246634996065290810216330520948445695391868980359624511325752243758137476187193154023,x.034126863575785386152794651105205346152060077193853107535598482031109317894674019636892188940014821083670461256343502121266365270483949776535355472054630874,y.824523198847422368458926908214250223048352172807543035949970661305427104018637059879440206778237899435299273721691283441765903070587069670824488812902742435,0.034126863575785386152794651105205346152060077193853107535598482031109317894674019636892188940014821083670461256343502121266365270483949776535355472054630874,0.824523198847422368458926908214250223048352172807543035949970661305427104018637059879440206778237899435299273721691283441765903070587069670824488812902742435
8,9,True,243,243,0.000000000000000000000000000000000000000000000000000000000000000000000000002098588958887950043968883502660497095789025175312577691948408107547827487606277428,0.034126863575785386152794651105205346152060077193853107535598482031109317894674019636892188940014821083670461256343502121266365270483949776535355472054630874,0.824523198847422368458926908214250223048352172807543035949970661305427104018637059879440206778237899435299273721691283441765903070587069670824488812902742435,0.034126863575785386152794651105205346152187522441943154736245631006813276973747855603194542925487400510660115100885177129339443122938923714585016970201544039,0.824523198847422368458926908214250223051431317874588381793351022417165668717344323496336890952470967094832179393069272223375291389171481464972793275526162696,0.263185345051362491119566557811966991604092738945334335622807367120464004257120802648727448357838401939195037574379676709730995712122939994942374341843743838,0.529567718618671486090417863045860280296736623666205417918686108162566359949610249255689499769753416158915566969688647027928885610803214546593513267341275268,0.263185345051362491119566557811966991605075592863897628298143722311379102725871828108053800932027773469027417034830870680754917694969248175083886142652278801,0.529567718618671486090417863045860280298714270663561625418431147692998889703027151658824683967565696902590173922771991108102852047894375106194515633156798386,x.034126863575785386152794651105205346152060077193853107535598482031109317894674019636892188940014821083670461256343502121266365270483949776535355472054630874,y.824523198847422368458926908214250223048352172807543035949970661305427104018637059879440206778237899435299273721691283441765903070587069670824488812902742435,x.263185345051362491119566557811966991604092738945334335622807367120464004257120802648727448357838401939195037574379676709730995712122939994942374341843743838,y.529567718618671486090417863045860280296736623666205417918686108162566359949610249255689499769753416158915566969688647027928885610803214546593513267341275268,0.263185345051362491119566557811966991604092738945334335622807367120464004257120802648727448357838401939195037574379676709730995712122939994942374341843743838,0.529567718618671486090417863045860280296736623666205417918686108162566359949610249255689499769753416158915566969688647027928885610803214546593513267341275268
9,10,True,47,47,0.000000000000000000000000000000000000000000000000000000000000000000000000000405899922089438897393158537551618779843967832262103504204013090760279390606975469,0.263185345051362491119566557811966991604092738945334335622807367120464004257120802648727448357838401939195037574379676709730995712122939994942374341843743838,0.529567718618671486090417863045860280296736623666205417918686108162566359949610249255689499769753416158915566969688647027928885610803214546593513267341275268,0.263185345051362491119566557811966991605075592863897628298143722311379102725871828108053800932027773469027417034830870680754917694969248175083886142652278801,0.529567718618671486090417863045860280298714270663561625418431147692998889703027151658824683967565696902590173922771991108102852047894375106194515633156798386,0.654857814910130699110631948178105550871745050827360574597826485914776085988968420142311113304881994803508161712908527810166981489005011674731575663286954204,0.833995112258856273992650661079990497697438488198129759636840612321592720163907596833428131791547942131856542254197000397850829115316805598337412979701557146,0.654857814910130699110631948178105550874190588094493015045348181759409963461621642619509795835328125749410453915732795023393340545380591554680895408809686284,0.833995112258856273992650661079990497700553005702842192160075393207000159966716587529424093658942810837693336679757993415962973943019036816850897575844365692,x.263185345051362491119566557811966991604092738945334335622807367120464004257120802648727448357838401939195037574379676709730995712122939994942374341843743838,y.529567718618671486090417863045860280296736623666205417918686108162566359949610249255689499769753416158915566969688647027928885610803214546593513267341275268,x.654857814910130699110631948178105550871745050827360574597826485914776085988968420142311113304881994803508161712908527810166981489005011674731575663286954204,y.833995112258856273992650661079990497697438488198129759636840612321592720163907596833428131791547942131856542254197000397850829115316805598337412979701557146,0.654857814910130699110631948178105550871745050827360574597826485914776085988968420142311113304881994803508161712908527810166981489005011674731575663286954204,0.833995112258856273992650661079990497697438488198129759636840612321592720163907596833428131791547942131856542254197000397850829115316805598337412979701557146
10,11,True,641,641,0.000000000000000000000000000000000000000000000000000000000000000000000000005535784043815539004872651544055056125106029371915071195633455131432746582533431405,0.654857814910130699110631948178105550871745050827360574597826485914776085988968420142311113304881994803508161712908527810166981489005011674731575663286954204,0.833995112258856273992650661079990497697438488198129759636840612321592720163907596833428131791547942131856542254197000397850829115316805598337412979701557146,0.654857814910130699110631948178105550874190588094493015045348181759409963461621642619509795835328125749410453915732795023393340545380591554680895408809686284,0.833995112258856273992650661079990497700553005702842192160075393207000159966716587529424093658942810837693336679757993415962973943019036816850897575844365692,0.543055556767958548393572910794610963469543689962358066889768090866543490762655442870029875325934168025344031412664023928358318357584207074809428930137062968,0.113540202675591408756258414778735436206563654898403927508967741387013996408662950918152718095697176593059504635457752731982038072501741826077944154559024925,0.543055556767958548393572910794610963471571706688983915690227175787523365818108321427491734949817819238961983707189049428604509872373113324753326181111296987,0.113540202675591408756258414778735436206987665715162729986272166575021144118019400984422798298669337308471534564338025546823888669592419518380642734997401118,x.654857814910130699110631948178105550871745050827360574597826485914776085988968420142311113304881994803508161712908527810166981489005011674731575663286954204,y.833995112258856273992650661079990497697438488198129759636840612321592720163907596833428131791547942131856542254197000397850829115316805598337412979701557146,x.543055556767958548393572910794610963469543689962358066889768090866543490762655442870029875325934168025344031412664023928358318357584207074809428930137062968,y.113540202675591408756258414778735436206563654898403927508967741387013996408662950918152718095697176593059504635457752731982038072501741826077944154559024925,0.543055556767958548393572910794610963469543689962358066889768090866543490762655442870029875325934168025344031412664023928358318357584207074809428930137062968,0.113540202675591408756258414778735436206563654898403927508967741387013996408662950918152718095697176593059504635457752731982038072501741826077944154559024925
11,12,True,1528,1528,0.000000000000000000000000000000000000000000000000000000000000000000000000013196065552184311387590345646359010544714528674393492647313446865568232103137415269,0.543055556767958548393572910794610963469543689962358066889768090866543490762655442870029875325934168025344031412664023928358318357584207074809428930137062968,0.113540202675591408756258414778735436206563654898403927508967741387013996408662950918152718095697176593059504635457752731982038072501741826077944154559024925,0.543055556767958548393572910794610963471571706688983915690227175787523365818108321427491734949817819238961983707189049428604509872373113324753326181111296987,0.113540202675591408756258414778735436206987665715162729986272166575021144118019400984422798298669337308471534564338025546823888669592419518380642734997401118,0.542983815017244408261451214495138794014838783164708293857423809602787249691183839232053597003804923962589340832114734231570638007718165561743388512174066787,0.382475229502695060009048965526065932119414705536522395310794883281934985673401156371900700941876491744162022493806043695963638930475482034640219790068025083,0.542983815017244408261451214495138794016866531974969725700405031247640678278126479933083662717455000188563374837138696384680487088111844175888311950556007701,0.382475229502695060009048965526065932120843042201684186888838389496923680314655841845066145056653911421734786604986579754464483750595303924644603713926326505,x.543055556767958548393572910794610963469543689962358066889768090866543490762655442870029875325934168025344031412664023928358318357584207074809428930137062968,y.113540202675591408756258414778735436206563654898403927508967741387013996408662950918152718095697176593059504635457752731982038072501741826077944154559024925,x.542983815017244408261451214495138794014838783164708293857423809602787249691183839232053597003804923962589340832114734231570638007718165561743388512174066787,y.382475229502695060009048965526065932119414705536522395310794883281934985673401156371900700941876491744162022493806043695963638930475482034640219790068025083,0.542983815017244408261451214495138794014838783164708293857423809602787249691183839232053597003804923962589340832114734231570638007718165561743388512174066787,0.382475229502695060009048965526065932119414705536522395310794883281934985673401156371900700941876491744162022493806043695963638930475482034640219790068025083
12,13,True,2533,2533,0.000000000000000000000000000000000000000000000000000000000000000000000000021875414950054228236103629268473412113718521683402301620186492742463568008669550313,0.542983815017244408261451214495138794014838783164708293857423809602787249691183839232053597003804923962589340832114734231570638007718165561743388512174066787,0.382475229502695060009048965526065932119414705536522395310794883281934985673401156371900700941876491744162022493806043695963638930475482034640219790068025083,0.542983815017244408261451214495138794016866531974969725700405031247640678278126479933083662717455000188563374837138696384680487088111844175888311950556007701,0.382475229502695060009048965526065932120843042201684186888838389496923680314655841845066145056653911421734786604986579754464483750595303924644603713926326505,0.667399090215942309835316511250547224608691307025737162728933565442213599787817927733951420393476832420405112648603290081129671176367781547769812322646698778,0.182980220570378855483610192276114741322588904246939883084725951920321391087217167091279168854463608730573378529812201745975843586318409647634567340848929078,0.667399090215942309835316511250547224611183679125469011189148042300372250010128278832567134264929339416477447352074178859470425382322322077676574205673496363,0.182980220570378855483610192276114741323272235709685557106386056256617863094936408151910169157100571672108293319134494691559384696525943173492213139920909334,x.542983815017244408261451214495138794014838783164708293857423809602787249691183839232053597003804923962589340832114734231570638007718165561743388512174066787,y.382475229502695060009048965526065932119414705536522395310794883281934985673401156371900700941876491744162022493806043695963638930475482034640219790068025083,x.667399090215942309835316511250547224608691307025737162728933565442213599787817927733951420393476832420405112648603290081129671176367781547769812322646698778,y.182980220570378855483610192276114741322588904246939883084725951920321391087217167091279168854463608730573378529812201745975843586318409647634567340848929078,0.667399090215942309835316511250547224608691307025737162728933565442213599787817927733951420393476832420405112648603290081129671176367781547769812322646698778,0.182980220570378855483610192276114741322588904246939883084725951920321391087217167091279168854463608730573378529812201745975843586318409647634567340848929078
13,14,True,5328,5328,0.000000000000000000000000000000000000000000000000000000000000000000000000046013506061543200964058482725000528915077885325372073838276207395122736024552453244,0.667399090215942309835316511250547224608691307025737162728933565442213599787817927733951420393476832420405112648603290081129671176367781547769812322646698778,0.182980220570378855483610192276114741322588904246939883084725951920321391087217167091279168854463608730573378529812201745975843586318409647634567340848929078,0.667399090215942309835316511250547224611183679125469011189148042300372250010128278832567134264929339416477447352074178859470425382322322077676574205673496363,0.182980220570378855483610192276114741323272235709685557106386056256617863094936408151910169157100571672108293319134494691559384696525943173492213139920909334,0.706815621052286166473376488545464900012138862385148090455126664569420504086829731163887300294903233337994302046768075901212129077309287073826106581086077118,0.470549478310477933290011485692645399818082652475285453586771390015736138594106350292114870742122368456985611006751940074657712209663665188522856028556430778,0.706815621052286166473376488545464900014778433759144662500090896860610540558392419488176292179962738990452662274675042354396239198986339446970050889250167605,0.470549478310477933290011485692645399819839898489667864578894281439845730188996377222302232837034552519989290819762554409501854577505737620391027294244615874,x.667399090215942309835316511250547224608691307025737162728933565442213599787817927733951420393476832420405112648603290081129671176367781547769812322646698778,y.182980220570378855483610192276114741322588904246939883084725951920321391087217167091279168854463608730573378529812201745975843586318409647634567340848929078,x.706815621052286166473376488545464900012138862385148090455126664569420504086829731163887300294903233337994302046768075901212129077309287073826106581086077118,y.470549478310477933290011485692645399818082652475285453586771390015736138594106350292114870742122368456985611006751940074657712209663665188522856028556430778,0.706815621052286166473376488545464900012138862385148090455126664569420504086829731163887300294903233337994302046768075901212129077309287073826106581086077118,0.470549478310477933290011485692645399818082652475285453586771390015736138594106350292114870742122368456985611006751940074657712209663665188522856028556430778
14,15,True,16323,16323,0.000000000000000000000000000000000000000000000000000000000000000000000000140968179324806619620181421456490922199852913319453521257917142137873201976120438122,0.706815621052286166473376488545464900012138862385148090455126664569420504086829731163887300294903233337994302046768075901212129077309287073826106581086077118,0.470549478310477933290011485692645399818082652475285453586771390015736138594106350292114870742122368456985611006751940074657712209663665188522856028556430778,0.706815621052286166473376488545464900014778433759144662500090896860610540558392419488176292179962738990452662274675042354396239198986339446970050889250167605,0.470549478310477933290011485692645399819839898489667864578894281439845730188996377222302232837034552519989290819762554409501854577505737620391027294244615874,0.994713782555285072124832941387138196235226956670604940829053645026164296327716131328013975071282145241406035340126771243402278635376749646855790107012696884,0.777606422534627422904077814329541603562988885785196140333430198592517107917059272874892800457593588289623463121504100010354592507247661426843494343401639059,0.994713782555285072124832941387138196238941670872653614919550073900312274557116133854112950488328537959952954575575627107823014955272049143005240321741961574,0.777606422534627422904077814329541603565892822246168116735426744638545079122649064991195860021657937424910079053180353784269634547172569227544614423180675469,x.706815621052286166473376488545464900012138862385148090455126664569420504086829731163887300294903233337994302046768075901212129077309287073826106581086077118,y.470549478310477933290011485692645399818082652475285453586771390015736138594106350292114870742122368456985611006751940074657712209663665188522856028556430778,x.994713782555285072124832941387138196235226956670604940829053645026164296327716131328013975071282145241406035340126771243402278635376749646855790107012696884,y.777606422534627422904077814329541603562988885785196140333430198592517107917059272874892800457593588289623463121504100010354592507247661426843494343401639059,0.994713782555285072124832941387138196235226956670604940829053645026164296327716131328013975071282145241406035340126771243402278635376749646855790107012696884,0.777606422534627422904077814329541603562988885785196140333430198592517107917059272874892800457593588289623463121504100010354592507247661426843494343401639059
15,16,True,24643,24643,0.000000000000000000000000000000000000000000000000000000000000000000000000212821101703192398903395868954990246631806367881596099023393502034160957930376521267,0.994713782555285072124832941387138196235226956670604940829053645026164296327716131328013975071282145241406035340126771243402278635376749646855790107012696884,0.777606422534627422904077814329541603562988885785196140333430198592517107917059272874892800457593588289623463121504100010354592507247661426843494343401639059,0.994713782555285072124832941387138196238941670872653614919550073900312274557116133854112950488328537959952954575575627107823014955272049143005240321741961574,0.777606422534627422904077814329541603565892822246168116735426744638545079122649064991195860021657937424910079053180353784269634547172569227544614423180675469,0.615423036072675204711298857917184019269333014461891651695858827954910805324514528469706757778323657303803389419086810016687636093328354566856810455345962156,0.514681288563156478280045571530864427764171507680954769599020774780540453270142660138954365842231082796696344147410771046429045760746764512375862698630006483,0.615423036072675204711298857917184019271631284308414080904683413984290554839200793766501400318770711090390105645959056103566458474643519916218935074195754241,0.514681288563156478280045571530864427766093561970021592976862759880251263539840216902984368986034123957527044398847669805548775468408439461657893724789323802,x.994713782555285072124832941387138196235226956670604940829053645026164296327716131328013975071282145241406035340126771243402278635376749646855790107012696884,y.777606422534627422904077814329541603562988885785196140333430198592517107917059272874892800457593588289623463121504100010354592507247661426843494343401639059,x.615423036072675204711298857917184019269333014461891651695858827954910805324514528469706757778323657303803389419086810016687636093328354566856810455345962156,y.514681288563156478280045571530864427764171507680954769599020774780540453270142660138954365842231082796696344147410771046429045760746764512375862698630006483,0.615423036072675204711298857917184019269333014461891651695858827954910805324514528469706757778323657303803389419086810016687636093328354566856810455345962156,0.514681288563156478280045571530864427764171507680954769599020774780540453270142660138954365842231082796696344147410771046429045760746764512375862698630006483
16,17,True,44313,44313,0.000000000000000000000000000000000000000000000000000000000000000000000000382694537181900124684745410096274106196292479809161544293456001933197034807806467837,0.615423036072675204711298857917184019269333014461891651695858827954910805324514528469706757778323657303803389419086810016687636093328354566856810455345962156,0.514681288563156478280045571530864427764171507680954769599020774780540453270142660138954365842231082796696344147410771046429045760746764512375862698630006483,0.615423036072675204711298857917184019271631284308414080904683413984290554839200793766501400318770711090390105645959056103566458474643519916218935074195754241,0.514681288563156478280045571530864427766093561970021592976862759880251263539840216902984368986034123957527044398847669805548775468408439461657893724789323802,0.247688989739919386219075593120163811522651059433474356234742639956179312182644120413395686331651425162386192328235900154916933239391865356200574176216419799,0.223605818190286754988977110613762437908876610557765544182651535865085764240851948277279531318581427906835969230533995497282601921418295110654677949830579342,0.247688989739919386219075593120163811523576042905116189134228674744913593776595169135871055400703319537519755538385245169600893446145106060054444197298374419,0.223605818190286754988977110613762437909711656500688333011968007262572554741436610608670213525247763935467511859899510067846456750869040612188106003766762579,x.615423036072675204711298857917184019269333014461891651695858827954910805324514528469706757778323657303803389419086810016687636093328354566856810455345962156,y.514681288563156478280045571530864427764171507680954769599020774780540453270142660138954365842231082796696344147410771046429045760746764512375862698630006483,x.247688989739919386219075593120163811522651059433474356234742639956179312182644120413395686331651425162386192328235900154916933239391865356200574176216419799,y.223605818190286754988977110613762437908876610557765544182651535865085764240851948277279531318581427906835969230533995497282601921418295110654677949830579342,0.247688989739919386219075593120163811522651059433474356234742639956179312182644120413395686331651425162386192328235900154916933239391865356200574176216419799,0.223605818190286754988977110613762437908876610557765544182651535865085764240851948277279531318581427906835969230533995497282601921418295110654677949830579342
17,18,True,102846,102846,0.000000000000000000000000000000000000000000000000000000000000000000000000888195391217243251942484743681569894294313099506985042412041070900674344816276577781,0.247688989739919386219075593120163811522651059433474356234742639956179312182644120413395686331651425162386192328235900154916933239391865356200574176216419799,0.223605818190286754988977110613762437908876610557765544182651535865085764240851948277279531318581427906835969230533995497282601921418295110654677949830579342,0.247688989739919386219075593120163811523576042905116189134228674744913593776595169135871055400703319537519755538385245169600893446145106060054444197298374419,0.223605818190286754988977110613762437909711656500688333011968007262572554741436610608670213525247763935467511859899510067846456750869040612188106003766762579,0.050363729034052879838604933241617888516697063049612390003220740892482537378373267733097788748326870653082386513705430950346428808110914373640927536395938527,0.533456360598229461945450470401661829027195260911347040047257639962501113476296597308318315097503801165160746642482042284541722846520789009652676241214574090,0.050363729034052879838604933241617888516885144146699761772941256723851033931709371481500212277954193059131422979090775617555735051707285994159687080444272039,0.533456360598229461945450470401661829029187429868528755278023121863901597645693816074352339059769303069353900553534811970351422255460828939411439386896922205,x.247688989739919386219075593120163811522651059433474356234742639956179312182644120413395686331651425162386192328235900154916933239391865356200574176216419799,y.223605818190286754988977110613762437908876610557765544182651535865085764240851948277279531318581427906835969230533995497282601921418295110654677949830579342,x.050363729034052879838604933241617888516697063049612390003220740892482537378373267733097788748326870653082386513705430950346428808110914373640927536395938527,y.533456360598229461945450470401661829027195260911347040047257639962501113476296597308318315097503801165160746642482042284541722846520789009652676241214574090,0.050363729034052879838604933241617888516697063049612390003220740892482537378373267733097788748326870653082386513705430950346428808110914373640927536395938527,0.533456360598229461945450470401661829027195260911347040047257639962501113476296597308318315097503801165160746642482042284541722846520789009652676241214574090
18,19,True,158866,158866,0.000000000000000000000000000000000000000000000000000000000000000000000001371993553673634039856628175035648278270038162556411389337760503760054163152505637611,0.050363729034052879838604933241617888516697063049612390003220740892482537378373267733097788748326870653082386513705430950346428808110914373640927536395938527,0.533456360598229461945450470401661829027195260911347040047257639962501113476296597308318315097503801165160746642482042284541722846520789009652676241214574090,0.050363729034052879838604933241617888516885144146699761772941256723851033931709371481500212277954193059131422979090775617555735051707285994159687080444272039,0.533456360598229461945450470401661829029187429868528755278023121863901597645693816074352339059769303069353900553534811970351422255460828939411439386896922205,0.521091255169780243306315965461550787518006801342282507716165160872576890917893105488488772020941361880490832716901597405318021104296455534798895099147113142,0.271457542420308265311296771712322212993130046928364567721066935761977886399002397098160825972917629557767420202312319788294723234951391537636180749819815919,0.521091255169780243306315965461550787519952793365404965984292499571477314595193081993803343895460106484230233633201411245671592831711636834474143602323989175,0.271457542420308265311296771712322212994143792998607546877481623591527230174350334853112023687993905818579912757460850938530602124119873923257596619070808322,x.050363729034052879838604933241617888516697063049612390003220740892482537378373267733097788748326870653082386513705430950346428808110914373640927536395938527,y.533456360598229461945450470401661829027195260911347040047257639962501113476296597308318315097503801165160746642482042284541722846520789009652676241214574090,x.521091255169780243306315965461550787518006801342282507716165160872576890917893105488488772020941361880490832716901597405318021104296455534798895099147113142,y.271457542420308265311296771712322212993130046928364567721066935761977886399002397098160825972917629557767420202312319788294723234951391537636180749819815919,0.521091255169780243306315965461550787518006801342282507716165160872576890917893105488488772020941361880490832716901597405318021104296455534798895099147113142,0.271457542420308265311296771712322212993130046928364567721066935761977886399002397098160825972917629557767420202312319788294723234951391537636180749819815919
19,20,True,505782,505782,0.000000000000000000000000000000000000000000000000000000000000000000000004368018604132778391517159817870911695894505066748749671559875512147141079573984404481,0.521091255169780243306315965461550787518006801342282507716165160872576890917893105488488772020941361880490832716901597405318021104296455534798895099147113142,0.271457542420308265311296771712322212993130046928364567721066935761977886399002397098160825972917629557767420202312319788294723234951391537636180749819815919,0.521091255169780243306315965461550787519952793365404965984292499571477314595193081993803343895460106484230233633201411245671592831711636834474143602323989175,0.271457542420308265311296771712322212994143792998607546877481623591527230174350334853112023687993905818579912757460850938530602124119873923257596619070808322,0.235508310570608608751796625232158217653232228800366823647640347645956181731229344129410715023916432843326162668024855359561369234544372152411354888629403880,0.531281197182471451854511505906293346035891855464889380063536168711922741132968281146681967027397816433108144851245663542364543942851367182795310287231465017,0.235508310570608608751796625232158217654111724069578604893009100346657348773049993566112417288347347647334063983921183951591510454098814641152241960799407378,0.531281197182471451854511505906293346037875901371426782037950174573952908408282132517111834739603964853131443934769533337023802253083872091842739147137657089,x.521091255169780243306315965461550787518006801342282507716165160872576890917893105488488772020941361880490832716901597405318021104296455534798895099147113142,y.271457542420308265311296771712322212993130046928364567721066935761977886399002397098160825972917629557767420202312319788294723234951391537636180749819815919,x.235508310570608608751796625232158217653232228800366823647640347645956181731229344129410715023916432843326162668024855359561369234544372152411354888629403880,y.531281197182471451854511505906293346035891855464889380063536168711922741132968281146681967027397816433108144851245663542364543942851367182795310287231465017,0.235508310570608608751796625232158217653232228800366823647640347645956181731229344129410715023916432843326162668024855359561369234544372152411354888629403880,0.531281197182471451854511505906293346035891855464889380063536168711922741132968281146681967027397816433108144851245663542364543942851367182795310287231465017
20,21,True,948447,948447,0.000000000000000000000000000000000000000000000000000000000000000000000008190948157573660721613809265217450572056845927776495367059225614730100152830086453208,0.235508310570608608751796625232158217653232228800366823647640347645956181731229344129410715023916432843326162668024855359561369234544372152411354888629403880,0.531281197182471451854511505906293346035891855464889380063536168711922741132968281146681967027397816433108144851245663542364543942851367182795310287231465017,0.235508310570608608751796625232158217654111724069578604893009100346657348773049993566112417288347347647334063983921183951591510454098814641152241960799407378,0.531281197182471451854511505906293346037875901371426782037950174573952908408282132517111834739603964853131443934769533337023802253083872091842739147137657089,0.103338984997347905740719840146549208926021612739555243923646082424597529533842618478023536259404889794158116428977503737093197088175091159010675372762980720,0.177112016836555759071695157241657381084727088177269777691133543630928814295183272783389650542505146727754828207153080385406026170692142240538197371026030790,0.103338984997347905740719840146549208926407527564429612043673973585756245411713365502466960079717052892802042986047961634240851045864516203569447493941095677,0.177112016836555759071695157241657381085388505095215891577728643934118281947476549712088061581441737077562387813616078192213083544962955303410609728277383758,x.235508310570608608751796625232158217653232228800366823647640347645956181731229344129410715023916432843326162668024855359561369234544372152411354888629403880,y.531281197182471451854511505906293346035891855464889380063536168711922741132968281146681967027397816433108144851245663542364543942851367182795310287231465017,x.103338984997347905740719840146549208926021612739555243923646082424597529533842618478023536259404889794158116428977503737093197088175091159010675372762980720,y.177112016836555759071695157241657381084727088177269777691133543630928814295183272783389650542505146727754828207153080385406026170692142240538197371026030790,0.103338984997347905740719840146549208926021612739555243923646082424597529533842618478023536259404889794158116428977503737093197088175091159010675372762980720,0.177112016836555759071695157241657381084727088177269777691133543630928814295183272783389650542505146727754828207153080385406026170692142240538197371026030790
21,22,True,1195739,1195739,0.000000000000000000000000000000000000000000000000000000000000000000000010326603551900076121914850990073086982805239399601178340710689556012887622233920024496,0.103338984997347905740719840146549208926021612739555243923646082424597529533842618478023536259404889794158116428977503737093197088175091159010675372762980720,0.177112016836555759071695157241657381084727088177269777691133543630928814295183272783389650542505146727754828207153080385406026170692142240538197371026030790,0.103338984997347905740719840146549208926407527564429612043673973585756245411713365502466960079717052892802042986047961634240851045864516203569447493941095677,0.177112016836555759071695157241657381085388505095215891577728643934118281947476549712088061581441737077562387813616078192213083544962955303410609728277383758,0.245505054086343922792492811688485969277244153428955735192946029925293723585859703607019172316928652378677729487749580720658722724393004113660261037178522817,0.437705346853408484663336185362563105886684935573930810544605849633156274920655344319254544467880766473154335350893041346913157855201834777592515061081828239,0.245505054086343922792492811688485969278160981090422849484270672934424507765932371059835996103533645857951897071783539629155402048352721173391978151048614974,0.437705346853408484663336185362563105888319526646040167724879496736584602137572703772630817572864653513694572064446799231867249622764781316633518367012269569,x.103338984997347905740719840146549208926021612739555243923646082424597529533842618478023536259404889794158116428977503737093197088175091159010675372762980720,y.177112016836555759071695157241657381084727088177269777691133543630928814295183272783389650542505146727754828207153080385406026170692142240538197371026030790,x.245505054086343922792492811688485969277244153428955735192946029925293723585859703607019172316928652378677729487749580720658722724393004113660261037178522817,y.437705346853408484663336185362563105886684935573930810544605849633156274920655344319254544467880766473154335350893041346913157855201834777592515061081828239,0.245505054086343922792492811688485969277244153428955735192946029925293723585859703607019172316928652378677729487749580720658722724393004113660261037178522817,0.437705346853408484663336185362563105886684935573930810544605849633156274920655344319254544467880766473154335350893041346913157855201834777592515061081828239
22,23,True,2591299,2591299,0.000000000000000000000000000000000000000000000000000000000000000000000022378894940647679263319028195722812608316893612190564858305423788808962225541806970883,0.245505054086343922792492811688485969277244153428955735192946029925293723585859703607019172316928652378677729487749580720658722724393004113660261037178522817,0.437705346853408484663336185362563105886684935573930810544605849633156274920655344319254544467880766473154335350893041346913157855201834777592515061081828239,0.245505054086343922792492811688485969278160981090422849484270672934424507765932371059835996103533645857951897071783539629155402048352721173391978151048614974,0.437705346853408484663336185362563105888319526646040167724879496736584602137572703772630817572864653513694572064446799231867249622764781316633518367012269569,0.969346059045660648238853485289867975589324835913608853759449832811541454241859108574039995438238437710242791488980441155701174370502526006054066994578072601,0.590628568311036430067234543809686981639498435664300426589353196285547371143933709304045074537035722847926152423256148129812898369056621594241725449824525193,0.969346059045660648238853485289867975592944815485005510649132221915155729776279051814384040589153595674076183282920603199196135292348122341395431530293796390,0.590628568311036430067234543809686981641704111678162978585292267709235753507786136809155514139585531551579909378205236601177079801114843693632881571870734593,x.245505054086343922792492811688485969277244153428955735192946029925293723585859703607019172316928652378677729487749580720658722724393004113660261037178522817,y.437705346853408484663336185362563105886684935573930810544605849633156274920655344319254544467880766473154335350893041346913157855201834777592515061081828239,x.969346059045660648238853485289867975589324835913608853759449832811541454241859108574039995438238437710242791488980441155701174370502526006054066994578072601,y.590628568311036430067234543809686981639498435664300426589353196285547371143933709304045074537035722847926152423256148129812898369056621594241725449824525193,0.969346059045660648238853485289867975589324835913608853759449832811541454241859108574039995438238437710242791488980441155701174370502526006054066994578072601,0.590628568311036430067234543809686981639498435664300426589353196285547371143933709304045074537035722847926152423256148129812898369056621594241725449824525193
23,24,True,8829874,8829874,0.000000000000000000000000000000000000000000000000000000000000000000000076256280184246004142138688268192815362893098275053381214466082675826196252263338690450,0.969346059045660648238853485289867975589324835913608853759449832811541454241859108574039995438238437710242791488980441155701174370502526006054066994578072601,0.590628568311036430067234543809686981639498435664300426589353196285547371143933709304045074537035722847926152423256148129812898369056621594241725449824525193,0.969346059045660648238853485289867975592944815485005510649132221915155729776279051814384040589153595674076183282920603199196135292348122341395431530293796390,0.590628568311036430067234543809686981641704111678162978585292267709235753507786136809155514139585531551579909378205236601177079801114843693632881571870734593,0.432254422958322699849622261184894755884870101914942821387558927926774477041435022616536363275039932737056280427347635333085875036540726921507382464753103861,0.828876391062977358346817926841198593100776291453402677777244838560506537280845984205661861635189329520132756793882264720010501348268471232764430063705840951,0.432254422958322699849622261184894755886484336755176768471289195005154755720328578191604916919665952781713745015438283043375495622927670617250592112677293198,0.828876391062977358346817926841198593103871693322385390056434826147097463339275380942289266240854652414785582490864694773337846347545399953872316650788646149,x.969346059045660648238853485289867975589324835913608853759449832811541454241859108574039995438238437710242791488980441155701174370502526006054066994578072601,y.590628568311036430067234543809686981639498435664300426589353196285547371143933709304045074537035722847926152423256148129812898369056621594241725449824525193,x.432254422958322699849622261184894755884870101914942821387558927926774477041435022616536363275039932737056280427347635333085875036540726921507382464753103861,y.828876391062977358346817926841198593100776291453402677777244838560506537280845984205661861635189329520132756793882264720010501348268471232764430063705840951,0.432254422958322699849622261184894755884870101914942821387558927926774477041435022616536363275039932737056280427347635333085875036540726921507382464753103861,0.828876391062977358346817926841198593100776291453402677777244838560506537280845984205661861635189329520132756793882264720010501348268471232764430063705840951
24,25,True,18756833,18756833,0.000000000000000000000000000000000000000000000000000000000000000000000161987171347757797066119362369786007089299376321538035256797265387327735382059734469509,0.432254422958322699849622261184894755884870101914942821387558927926774477041435022616536363275039932737056280427347635333085875036540726921507382464753103861,0.828876391062977358346817926841198593100776291453402677777244838560506537280845984205661861635189329520132756793882264720010501348268471232764430063705840951,0.432254422958322699849622261184894755886484336755176768471289195005154755720328578191604916919665952781713745015438283043375495622927670617250592112677293198,0.828876391062977358346817926841198593103871693322385390056434826147097463339275380942289266240854652414785582490864694773337846347545399953872316650788646149,0.021480479192526762262598313118058735940964079564533051219215052513230437198271603251534721418683054487937485553534921957120428534850031932649674976372355254,0.718241956692444702446686253768266472805950977093376581192896932223024348391176361584918537699219707313089194987580090899741021022463279379539940905943673631,0.021480479192526762262598313118058735941044297454867606171435418980699773020083199779609720315855684166304848890865536081184249935613761201751989327717210290,0.718241956692444702446686253768266472808633219607578765865474130329417854242050173994774928849458758087634375329475751558085952584878222695078725643409608225,x.432254422958322699849622261184894755884870101914942821387558927926774477041435022616536363275039932737056280427347635333085875036540726921507382464753103861,y.828876391062977358346817926841198593100776291453402677777244838560506537280845984205661861635189329520132756793882264720010501348268471232764430063705840951,x.021480479192526762262598313118058735940964079564533051219215052513230437198271603251534721418683054487937485553534921957120428534850031932649674976372355254,y.718241956692444702446686253768266472805950977093376581192896932223024348391176361584918537699219707313089194987580090899741021022463279379539940905943673631,0.021480479192526762262598313118058735940964079564533051219215052513230437198271603251534721418683054487937485553534921957120428534850031932649674976372355254,0.718241956692444702446686253768266472805950977093376581192896932223024348391176361584918537699219707313089194987580090899741021022463279379539940905943673631
25,26,True,21353353,21353353,0.000000000000000000000000000000000000000000000000000000000000000000000184411155724431624424827532708584500583777234956116694634154798800537961835226201417568,0.021480479192526762262598313118058735940964079564533051219215052513230437198271603251534721418683054487937485553534921957120428534850031932649674976372355254,0.718241956692444702446686253768266472805950977093376581192896932223024348391176361584918537699219707313089194987580090899741021022463279379539940905943673631,0.021480479192526762262598313118058735941044297454867606171435418980699773020083199779609720315855684166304848890865536081184249935613761201751989327717210290,0.718241956692444702446686253768266472808633219607578765865474130329417854242050173994774928849458758087634375329475751558085952584878222695078725643409608225,0.305897750575172734666323186375945083600682147534254427419234925733891650808141980667654193454114057898375193574804299635228502092841768851147035877241323536,0.029007027763135384528140865452624181290594607188120637968855956444563054437629992275428663069103395820849797117639468530366423419333908481745408688972070999,0.305897750575172734666323186375945083601824509023925635009558239811513494007402491831216934472656157840359646304997303569152124854969501976645393006021739047,0.029007027763135384528140865452624181290702932637994406472049049530042428586419601100088487341606305360605207585430575349533843693236988913517515580126780134,x.021480479192526762262598313118058735940964079564533051219215052513230437198271603251534721418683054487937485553534921957120428534850031932649674976372355254,y.718241956692444702446686253768266472805950977093376581192896932223024348391176361584918537699219707313089194987580090899741021022463279379539940905943673631,x.305897750575172734666323186375945083600682147534254427419234925733891650808141980667654193454114057898375193574804299635228502092841768851147035877241323536,y.029007027763135384528140865452624181290594607188120637968855956444563054437629992275428663069103395820849797117639468530366423419333908481745408688972070999,0.305897750575172734666323186375945083600682147534254427419234925733891650808141980667654193454114057898375193574804299635228502092841768851147035877241323536,0.029007027763135384528140865452624181290594607188120637968855956444563054437629992275428663069103395820849797117639468530366423419333908481745408688972070999
26,27,True,57411079,57411079,0.000000000000000000000000000000000000000000000000000000000000000000000495811755173843012849181252317030901010758401945922829490072929163246173536360141306798,0.305897750575172734666323186375945083600682147534254427419234925733891650808141980667654193454114057898375193574804299635228502092841768851147035877241323536,0.029007027763135384528140865452624181290594607188120637968855956444563054437629992275428663069103395820849797117639468530366423419333908481745408688972070999,0.305897750575172734666323186375945083601824509023925635009558239811513494007402491831216934472656157840359646304997303569152124854969501976645393006021739047,0.029007027763135384528140865452624181290702932637994406472049049530042428586419601100088487341606305360605207585430575349533843693236988913517515580126780134,0.103611688647230517080966512392058934910335066199914051218872127206301148369770200871591992441785294064680364958868316677544750361413390058607367425808097837,0.012703317710739897754025143730832466350605773119194883771270273881192817350633397252860159503027101927912561501023193913035204955776259144038838046513872467,0.103611688647230517080966512392058934910721999424391335410172102650684479010879833831409047837205326926259017351369961969105075990237007992812005333529535494,0.012703317710739897754025143730832466350653213091919499383236102919986272723308998447219957977976322303016666060685360863685923005371490140090326725030597322,x.305897750575172734666323186375945083600682147534254427419234925733891650808141980667654193454114057898375193574804299635228502092841768851147035877241323536,y.029007027763135384528140865452624181290594607188120637968855956444563054437629992275428663069103395820849797117639468530366423419333908481745408688972070999,x.103611688647230517080966512392058934910335066199914051218872127206301148369770200871591992441785294064680364958868316677544750361413390058607367425808097837,y.012703317710739897754025143730832466350605773119194883771270273881192817350633397252860159503027101927912561501023193913035204955776259144038838046513872467,0.103611688647230517080966512392058934910335066199914051218872127206301148369770200871591992441785294064680364958868316677544750361413390058607367425808097837,0.012703317710739897754025143730832466350605773119194883771270273881192817350633397252860159503027101927912561501023193913035204955776259144038838046513872467
27,28,True,115684467,115684467,0.000000000000000000000000000000000000000000000000000000000000000000000999070556218260961148834784322521351775314081710358471971776886502671193052186461555995,0.103611688647230517080966512392058934910335066199914051218872127206301148369770200871591992441785294064680364958868316677544750361413390058607367425808097837,0.012703317710739897754025143730832466350605773119194883771270273881192817350633397252860159503027101927912561501023193913035204955776259144038838046513872467,0.103611688647230517080966512392058934910721999424391335410172102650684479010879833831409047837205326926259017351369961969105075990237007992812005333529535494,0.012703317710739897754025143730832466350653213091919499383236102919986272723308998447219957977976322303016666060685360863685923005371490140090326725030597322,0.913671583761778015666704123850759158550655784070579973710316349176408589690102730639467278865712135195133396864499079779536128773723719882164692276801585217,0.038897593515047812794534328543438536479066412897023689190720407908907402267905649889454957787006881674930425883737764637717500376502415708894855155156566810,0.913671583761778015666704123850759158554067849800170430262541151050538825608812607292670605481264988659858269498072392249409877698805879328004705956876041174,0.038897593515047812794534328543438536479211674223035157955101629095320867694585381479182199990727139676696640267234520209121599400269567951930417783310169054,x.103611688647230517080966512392058934910335066199914051218872127206301148369770200871591992441785294064680364958868316677544750361413390058607367425808097837,y.012703317710739897754025143730832466350605773119194883771270273881192817350633397252860159503027101927912561501023193913035204955776259144038838046513872467,x.913671583761778015666704123850759158550655784070579973710316349176408589690102730639467278865712135195133396864499079779536128773723719882164692276801585217,y.038897593515047812794534328543438536479066412897023689190720407908907402267905649889454957787006881674930425883737764637717500376502415708894855155156566810,0.913671583761778015666704123850759158550655784070579973710316349176408589690102730639467278865712135195133396864499079779536128773723719882164692276801585217,0.038897593515047812794534328543438536479066412897023689190720407908907402267905649889454957787006881674930425883737764637717500376502415708894855155156566810
28,29,True,173074486,173074486,0.000000000000000000000000000000000000000000000000000000000000000000001494700433682333684994205400069321676371104101474420878061880953629929888206287392152333,0.913671583761778015666704123850759158550655784070579973710316349176408589690102730639467278865712135195133396864499079779536128773723719882164692276801585217,0.038897593515047812794534328543438536479066412897023689190720407908907402267905649889454957787006881674930425883737764637717500376502415708894855155156566810,0.913671583761778015666704123850759158554067849800170430262541151050538825608812607292670605481264988659858269498072392249409877698805879328004705956876041174,0.038897593515047812794534328543438536479211674223035157955101629095320867694585381479182199990727139676696640267234520209121599400269567951930417783310169054,0.424481761692892706353230442759268784420577268877529495016470544947002071584924346473928799011280313149335806960662864227367594892414716001189412021274730370,0.960098723605647801640656840863872527111706947821888687187869080112055913657869194906420036327222406361176191523599342537895798396232148080937993382086635915,0.424481761692892706353230442759268784422162477061355570648090321103295573588911919027795173954324449772604011862449419726832411911345554974282950853144612860,0.960098723605647801640656840863872527115292393632024009041731000112449585480119354656698279361599895344932519710365755465482688244310542932924641797199398926,x.913671583761778015666704123850759158550655784070579973710316349176408589690102730639467278865712135195133396864499079779536128773723719882164692276801585217,y.038897593515047812794534328543438536479066412897023689190720407908907402267905649889454957787006881674930425883737764637717500376502415708894855155156566810,x.424481761692892706353230442759268784420577268877529495016470544947002071584924346473928799011280313149335806960662864227367594892414716001189412021274730370,y.960098723605647801640656840863872527111706947821888687187869080112055913657869194906420036327222406361176191523599342537895798396232148080937993382086635915,0.424481761692892706353230442759268784420577268877529495016470544947002071584924346473928799011280313149335806960662864227367594892414716001189412021274730370,0.960098723605647801640656840863872527111706947821888687187869080112055913657869194906420036327222406361176191523599342537895798396232148080937993382086635915
29,30,True,632453190,632453190,0.000000000000000000000000000000000000000000000000000000000000000000005461972352047172254603953218090555042047343782373452709446946596874430337885907916106850,0.424481761692892706353230442759268784420577268877529495016470544947002071584924346473928799011280313149335806960662864227367594892414716001189412021274730370,0.960098723605647801640656840863872527111706947821888687187869080112055913657869194906420036327222406361176191523599342537895798396232148080937993382086635915,0.424481761692892706353230442759268784422162477061355570648090321103295573588911919027795173954324449772604011862449419726832411911345554974282950853144612860,0.960098723605647801640656840863872527115292393632024009041731000112449585480119354656698279361599895344932519710365755465482688244310542932924641797199398926,0.051394280744103420689678581749478177296709079590600740671997938576601467087603883717199183249708224393847379458480268517141827144304635397493836508109405298,0.690590542449817180219621312529331678252640875832467884172533484275489733710524437917886778438511228409183990336671537238851217094867355170037619308417428301,0.051394280744103420689678581749478177296901009237030050934539645061056738878107482347917184731538279056162259315864322029852682921344326327717079527347427378,0.690590542449817180219621312529331678255219855374953769601802481298869263368508630395499919753563024310775853752702045361736056244909966323842502955549824359,x.424481761692892706353230442759268784420577268877529495016470544947002071584924346473928799011280313149335806960662864227367594892414716001189412021274730370,y.960098723605647801640656840863872527111706947821888687187869080112055913657869194906420036327222406361176191523599342537895798396232148080937993382086635915,x.051394280744103420689678581749478177296709079590600740671997938576601467087603883717199183249708224393847379458480268517141827144304635397493836508109405298,y.690590542449817180219621312529331678252640875832467884172533484275489733710524437917886778438511228409183990336671537238851217094867355170037619308417428301,0.051394280744103420689678581749478177296709079590600740671997938576601467087603883717199183249708224393847379458480268517141827144304635397493836508109405298,0.690590542449817180219621312529331678252640875832467884172533484275489733710524437917886778438511228409183990336671537238851217094867355170037619308417428301
30,31,True,1069226467,1069226467,0.000000000000000000000000000000000000000000000000000000000000000000009234019992580127878128987512280939959647160352154415910390990728837529292587433340681323,0.051394280744103420689678581749478177296709079590600740671997938576601467087603883717199183249708224393847379458480268517141827144304635397493836508109405298,0.690590542449817180219621312529331678252640875832467884172533484275489733710524437917886778438511228409183990336671537238851217094867355170037619308417428301,0.051394280744103420689678581749478177296901009237030050934539645061056738878107482347917184731538279056162259315864322029852682921344326327717079527347427378,0.690590542449817180219621312529331678255219855374953769601802481298869263368508630395499919753563024310775853752702045361736056244909966323842502955549824359,0.530707410325727846399637838419189153698360658219151972719082361522428978501390045722140307074823350748342821549163903591446119839007777109514943353863545179,0.267264302657754195060689152872516145681545696221507319674199975873333051031398945354724321554835080039644361862702706713665392176434622171591077848863107752,0.530707410325727846399637838419189153700342561344295294758361483272043179816562733466032960522840652952456917125418401952702472829801383532725713074692003040,0.267264302657754195060689152872516145682543782825105993959990588690501567577129042125168301027191557243282187608554389828351175115529194146750028141405121138,x.051394280744103420689678581749478177296709079590600740671997938576601467087603883717199183249708224393847379458480268517141827144304635397493836508109405298,y.690590542449817180219621312529331678252640875832467884172533484275489733710524437917886778438511228409183990336671537238851217094867355170037619308417428301,x.530707410325727846399637838419189153698360658219151972719082361522428978501390045722140307074823350748342821549163903591446119839007777109514943353863545179,y.267264302657754195060689152872516145681545696221507319674199975873333051031398945354724321554835080039644361862702706713665392176434622171591077848863107752,0.530707410325727846399637838419189153698360658219151972719082361522428978501390045722140307074823350748342821549163903591446119839007777109514943353863545179,0.267264302657754195060689152872516145681545696221507319674199975873333051031398945354724321554835080039644361862702706713665392176434622171591077848863107752
31,32,True,991084263,991084263,0.000000000000000000000000000000000000000000000000000000000000000000008559170747569552546945343626202211125076981149642435623271313099968161904549008639075128,0.530707410325727846399637838419189153698360658219151972719082361522428978501390045722140307074823350748342821549163903591446119839007777109514943353863545179,0.267264302657754195060689152872516145681545696221507319674199975873333051031398945354724321554835080039644361862702706713665392176434622171591077848863107752,0.530707410325727846399637838419189153700342561344295294758361483272043179816562733466032960522840652952456917125418401952702472829801383532725713074692003040,0.267264302657754195060689152872516145682543782825105993959990588690501567577129042125168301027191557243282187608554389828351175115529194146750028141405121138,0.038169995158619347004697265965088027629394481492724177965988515761955613796744201902642614865106516966541982448490410479370799824002058266475418609779446656,0.311775226196333813653828847220850555458150832706723007276583522303119531081740053695412732154714558541394227526395940840567495850711699472503143141673573275,0.038169995158619347004697265965088027629537025635164440029647145762107640165499310501902262257650100329020439878478785184928939917374046482070625398472915057,0.311775226196333813653828847220850555459315143366643002940942114485169972422826547297278311055023943839307720228140113179288602607769227095145950553750891770,x.530707410325727846399637838419189153698360658219151972719082361522428978501390045722140307074823350748342821549163903591446119839007777109514943353863545179,y.267264302657754195060689152872516145681545696221507319674199975873333051031398945354724321554835080039644361862702706713665392176434622171591077848863107752,x.038169995158619347004697265965088027629394481492724177965988515761955613796744201902642614865106516966541982448490410479370799824002058266475418609779446656,y.311775226196333813653828847220850555458150832706723007276583522303119531081740053695412732154714558541394227526395940840567495850711699472503143141673573275,0.038169995158619347004697265965088027629394481492724177965988515761955613796744201902642614865106516966541982448490410479370799824002058266475418609779446656,0.311775226196333813653828847220850555458150832706723007276583522303119531081740053695412732154714558541394227526395940840567495850711699472503143141673573275
32,33,True,4043965098,4043965098,0.000000000000000000000000000000000000000000000000000000000000000000034924364217247024158756091698712100406177697861758828916266493841908002986028039037605320,0.038169995158619347004697265965088027629394481492724177965988515761955613796744201902642614865106516966541982448490410479370799824002058266475418609779446656,0.311775226196333813653828847220850555458150832706723007276583522303119531081740053695412732154714558541394227526395940840567495850711699472503143141673573275,0.038169995158619347004697265965088027629537025635164440029647145762107640165499310501902262257650100329020439878478785184928939917374046482070625398472915057,0.311775226196333813653828847220850555459315143366643002940942114485169972422826547297278311055023943839307720228140113179288602607769227095145950553750891770,0.638025901787876621291709158366389781655148105948027492927303298730332588304124935883138927863932940617926656460469266393873446930221025837250057311875052424,0.015963399573301299456205042965700668097543258394517178706732551557899207506189805155125941118314520142217000375751502996817319653179207057977923752897131270,0.638025901787876621291709158366389781657530785187233280460893587853213198710118933676878481477289006343142269153010572562915503445236972073252829349852068082,0.015963399573301299456205042965700668097602872997378705141299259203234915775383118753600152254019611132136343257721297247143547771917010277782010305281735748,x.038169995158619347004697265965088027629394481492724177965988515761955613796744201902642614865106516966541982448490410479370799824002058266475418609779446656,y.311775226196333813653828847220850555458150832706723007276583522303119531081740053695412732154714558541394227526395940840567495850711699472503143141673573275,x.638025901787876621291709158366389781655148105948027492927303298730332588304124935883138927863932940617926656460469266393873446930221025837250057311875052424,y.015963399573301299456205042965700668097543258394517178706732551557899207506189805155125941118314520142217000375751502996817319653179207057977923752897131270,0.638025901787876621291709158366389781655148105948027492927303298730332588304124935883138927863932940617926656460469266393873446930221025837250057311875052424,0.015963399573301299456205042965700668097543258394517178706732551557899207506189805155125941118314520142217000375751502996817319653179207057977923752897131270
33,34,True,6995634245,6995634245,0.000000000000000000000000000000000000000000000000000000000000000000060415476489610866030608959447026016839608023915982704037108413705338374270167849609286766,0.638025901787876621291709158366389781655148105948027492927303298730332588304124935883138927863932940617926656460469266393873446930221025837250057311875052424,0.015963399573301299456205042965700668097543258394517178706732551557899207506189805155125941118314520142217000375751502996817319653179207057977923752897131270,0.638025901787876621291709158366389781657530785187233280460893587853213198710118933676878481477289006343142269153010572562915503445236972073252829349852068082,0.015963399573301299456205042965700668097602872997378705141299259203234915775383118753600152254019611132136343257721297247143547771917010277782010305281735748,0.237756575828640827132832661278617500907073538668075969982755819941648929445016753918590687464665338834808972885573727119644906325903245810556253684199021394,0.781208863643563692811806291993198625555107479724903140133266754908018083616806660420569641655233796641876050770499251341868752978019984833763887097849484348,0.237756575828640827132832661278617500907961429983497677682461149841128042992295143804947659882218347518199630913265351351230712998790514837115447942309156402,0.781208863643563692811806291993198625558024869341329575896606353672477077409456448072680642311726632470677966599707576784968412446127810892622855073480920812,x.638025901787876621291709158366389781655148105948027492927303298730332588304124935883138927863932940617926656460469266393873446930221025837250057311875052424,y.015963399573301299456205042965700668097543258394517178706732551557899207506189805155125941118314520142217000375751502996817319653179207057977923752897131270,x.237756575828640827132832661278617500907073538668075969982755819941648929445016753918590687464665338834808972885573727119644906325903245810556253684199021394,y.781208863643563692811806291993198625555107479724903140133266754908018083616806660420569641655233796641876050770499251341868752978019984833763887097849484348,0.237756575828640827132832661278617500907073538668075969982755819941648929445016753918590687464665338834808972885573727119644906325903245810556253684199021394,0.781208863643563692811806291993198625555107479724903140133266754908018083616806660420569641655233796641876050770499251341868752978019984833763887097849484348
34,35,True,5979799635,5979799635,0.000000000000000000000000000000000000000000000000000000000000000000051642557573552237361413018603155399433406472347078037420667626503479586647864134938396554,0.237756575828640827132832661278617500907073538668075969982755819941648929445016753918590687464665338834808972885573727119644906325903245810556253684199021394,0.781208863643563692811806291993198625555107479724903140133266754908018083616806660420569641655233796641876050770499251341868752978019984833763887097849484348,0.237756575828640827132832661278617500907961429983497677682461149841128042992295143804947659882218347518199630913265351351230712998790514837115447942309156402,0.781208863643563692811806291993198625558024869341329575896606353672477077409456448072680642311726632470677966599707576784968412446127810892622855073480920812,0.963502200875332643910608257556081713754417841054249062854428506432394713427505674432058744828709384364207539400352276909858349069794011478589637803339497451,0.561984154032554027548295810058071202699725739744991530809294491627866146856732663691793454370064614319267289990657172943530122652583151677428318441385701231,0.963502200875332643910608257556081713758015996998265881869647583732133187437214820312370513702171219308342667471168076957387759307645500299335852242082520024,0.561984154032554027548295810058071202701824444472846260259359909453313195245582063621278285060601654519331275864356172339659692068574548156386228669626914438,x.237756575828640827132832661278617500907073538668075969982755819941648929445016753918590687464665338834808972885573727119644906325903245810556253684199021394,y.781208863643563692811806291993198625555107479724903140133266754908018083616806660420569641655233796641876050770499251341868752978019984833763887097849484348,x.963502200875332643910608257556081713754417841054249062854428506432394713427505674432058744828709384364207539400352276909858349069794011478589637803339497451,y.561984154032554027548295810058071202699725739744991530809294491627866146856732663691793454370064614319267289990657172943530122652583151677428318441385701231,0.963502200875332643910608257556081713754417841054249062854428506432394713427505674432058744828709384364207539400352276909858349069794011478589637803339497451,0.561984154032554027548295810058071202699725739744991530809294491627866146856732663691793454370064614319267289990657172943530122652583151677428318441385701231
35,36,True,22274898188,22274898188,0.000000000000000000000000000000000000000000000000000000000000000000192369775299135822754884787908623045013046169991179091209838756972434615749043874679837311,0.963502200875332643910608257556081713754417841054249062854428506432394713427505674432058744828709384364207539400352276909858349069794011478589637803339497451,0.561984154032554027548295810058071202699725739744991530809294491627866146856732663691793454370064614319267289990657172943530122652583151677428318441385701231,0.963502200875332643910608257556081713758015996998265881869647583732133187437214820312370513702171219308342667471168076957387759307645500299335852242082520024,0.561984154032554027548295810058071202701824444472846260259359909453313195245582063621278285060601654519331275864356172339659692068574548156386228669626914438,0.702750332979652786081849138803881716270656427354988394227673313276041633255343293250815562041264724823729314378703407444579487702078082673647457697054408585,0.430096962266917870856113373706565115688999364896384187122694007021511259329934088135352886446017747842156702708758648467268603082530293154185117918320860876,0.702750332979652786081849138803881716273280817092212992640116469286274136836450506725646526272807553358553250754662133210838148368903860336054843148586763411,0.430096962266917870856113373706565115690605542796007403459373692228753581649536748853023628781160788857455431518868106209602735047421281463787759179404628933,x.963502200875332643910608257556081713754417841054249062854428506432394713427505674432058744828709384364207539400352276909858349069794011478589637803339497451,y.561984154032554027548295810058071202699725739744991530809294491627866146856732663691793454370064614319267289990657172943530122652583151677428318441385701231,x.702750332979652786081849138803881716270656427354988394227673313276041633255343293250815562041264724823729314378703407444579487702078082673647457697054408585,y.430096962266917870856113373706565115688999364896384187122694007021511259329934088135352886446017747842156702708758648467268603082530293154185117918320860876,0.702750332979652786081849138803881716270656427354988394227673313276041633255343293250815562041264724823729314378703407444579487702078082673647457697054408585,0.430096962266917870856113373706565115688999364896384187122694007021511259329934088135352886446017747842156702708758648467268603082530293154185117918320860876
36,37,True,57863790615,57863790615,0.000000000000000000000000000000000000000000000000000000000000000000499721448987832035353067977667797528323258234400208488653591185669612719510251624182301575,0.702750332979652786081849138803881716270656427354988394227673313276041633255343293250815562041264724823729314378703407444579487702078082673647457697054408585,0.430096962266917870856113373706565115688999364896384187122694007021511259329934088135352886446017747842156702708758648467268603082530293154185117918320860876,0.702750332979652786081849138803881716273280817092212992640116469286274136836450506725646526272807553358553250754662133210838148368903860336054843148586763411,0.430096962266917870856113373706565115690605542796007403459373692228753581649536748853023628781160788857455431518868106209602735047421281463787759179404628933,0.488952861152067880817836132905138175062330181159433588544124889015880599845176400017422861967510109016183454511796911695981683516342110895384000610898111821,0.379956845046310008747522852254108936671142942291971327176014255168714696035943778922072501171340596149032640841918823738231621949480891849372803480107002875,0.488952861152067880817836132905138175064156153785235595008269592181301654694637053387037862904394815600681638024681448290903632871260014252474301647520065585,0.379956845046310008747522852254108936672561874162839105606769576281237821973797136313715249446298038543337927628905627512224688387985355933047283134199218867,x.702750332979652786081849138803881716270656427354988394227673313276041633255343293250815562041264724823729314378703407444579487702078082673647457697054408585,y.430096962266917870856113373706565115688999364896384187122694007021511259329934088135352886446017747842156702708758648467268603082530293154185117918320860876,x.488952861152067880817836132905138175062330181159433588544124889015880599845176400017422861967510109016183454511796911695981683516342110895384000610898111821,y.379956845046310008747522852254108936671142942291971327176014255168714696035943778922072501171340596149032640841918823738231621949480891849372803480107002875,0.488952861152067880817836132905138175062330181159433588544124889015880599845176400017422861967510109016183454511796911695981683516342110895384000610898111821,0.379956845046310008747522852254108936671142942291971327176014255168714696035943778922072501171340596149032640841918823738231621949480891849372803480107002875
37,38,True,46719975997,46719975997,0.000000000000000000000000000000000000000000000000000000000000000000403481587600058624966096015881430905166055415500544636790235748753064587450461302227069700,0.488952861152067880817836132905138175062330181159433588544124889015880599845176400017422861967510109016183454511796911695981683516342110895384000610898111821,0.379956845046310008747522852254108936671142942291971327176014255168714696035943778922072501171340596149032640841918823738231621949480891849372803480107002875,0.488952861152067880817836132905138175064156153785235595008269592181301654694637053387037862904394815600681638024681448290903632871260014252474301647520065585,0.379956845046310008747522852254108936672561874162839105606769576281237821973797136313715249446298038543337927628905627512224688387985355933047283134199218867,0.751478307755962565689583521092941054015388458354716854739295412473768120709345723673717206279442920661807629004760766056275246848055689815087214554203418841,0.217712263601685594498730950161126535527810796933504032659475349966777494260252172058706243970548027370884300061095916595908753771773573703856164353835271603,0.751478307755962565689583521092941054018194820537797824043553781653212660182933933761316518918183578404207840427547445315882846380681479019997001547726282397,0.217712263601685594498730950161126535528623833659992134076105662912342646900303871754608484104153070757508997196069377812591721300272229455924240671848271617,x.488952861152067880817836132905138175062330181159433588544124889015880599845176400017422861967510109016183454511796911695981683516342110895384000610898111821,y.379956845046310008747522852254108936671142942291971327176014255168714696035943778922072501171340596149032640841918823738231621949480891849372803480107002875,x.751478307755962565689583521092941054015388458354716854739295412473768120709345723673717206279442920661807629004760766056275246848055689815087214554203418841,y.217712263601685594498730950161126535527810796933504032659475349966777494260252172058706243970548027370884300061095916595908753771773573703856164353835271603,0.751478307755962565689583521092941054015388458354716854739295412473768120709345723673717206279442920661807629004760766056275246848055689815087214554203418841,0.217712263601685594498730950161126535527810796933504032659475349966777494260252172058706243970548027370884300061095916595908753771773573703856164353835271603
38,39,True,176753432345,176753432345,0.000000000000000000000000000000000000000000000000000000000000000001526472434422902323178575413467855147837919529704170639100243636493433784701018450359135833,0.751478307755962565689583521092941054015388458354716854739295412473768120709345723673717206279442920661807629004760766056275246848055689815087214554203418841,0.217712263601685594498730950161126535527810796933504032659475349966777494260252172058706243970548027370884300061095916595908753771773573703856164353835271603,0.751478307755962565689583521092941054018194820537797824043553781653212660182933933761316518918183578404207840427547445315882846380681479019997001547726282397,0.217712263601685594498730950161126535528623833659992134076105662912342646900303871754608484104153070757508997196069377812591721300272229455924240671848271617,0.177609269600912978182976166563519893399611134056953950258496602671050571598808183918073651946118211944466012742689310439247596085451836895642948400588720808,0.209961171009290844820244201693679158573071912576265768847735387654643350209597369010734092170555293843123137477015164202843786764566644126026308768738385058,0.177609269600912978182976166563519893400274407943143753944309567326634913823555234502984644680518254992423722410385481513973094192150332470014712107054055466,0.209961171009290844820244201693679158573856003193592300701544781891294010685865335538537718310614049148622009238090517489791770178786599540354907743966897537,x.751478307755962565689583521092941054015388458354716854739295412473768120709345723673717206279442920661807629004760766056275246848055689815087214554203418841,y.217712263601685594498730950161126535527810796933504032659475349966777494260252172058706243970548027370884300061095916595908753771773573703856164353835271603,x.177609269600912978182976166563519893399611134056953950258496602671050571598808183918073651946118211944466012742689310439247596085451836895642948400588720808,y.209961171009290844820244201693679158573071912576265768847735387654643350209597369010734092170555293843123137477015164202843786764566644126026308768738385058,0.177609269600912978182976166563519893399611134056953950258496602671050571598808183918073651946118211944466012742689310439247596085451836895642948400588720808,0.209961171009290844820244201693679158573071912576265768847735387654643350209597369010734092170555293843123137477015164202843786764566644126026308768738385058
39,40,True,679926444013,679926444013,0.000000000000000000000000000000000000000000000000000000000000000005871959375562254009510082128336674136406361003794299859420872699675280695356839676154527520,0.177609269600912978182976166563519893399611134056953950258496602671050571598808183918073651946118211944466012742689310439247596085451836895642948400588720808,0.209961171009290844820244201693679158573071912576265768847735387654643350209597369010734092170555293843123137477015164202843786764566644126026308768738385058,0.177609269600912978182976166563519893400274407943143753944309567326634913823555234502984644680518254992423722410385481513973094192150332470014712107054055466,0.209961171009290844820244201693679158573856003193592300701544781891294010685865335538537718310614049148622009238090517489791770178786599540354907743966897537,0.636469126443736880202470868101802290058393013274367049380930771928677392828949180639079689331467303981950024871356829700405732710941963181387161592123666627,0.482935519657297872056894279592759818463939160835672292075997837464468861830468809049649673116829427373454381593280100042835821658883907317959409830217046292,0.636469126443736880202470868101802290060769878805567887564123964940440101907569410653060902299873806277959679817346398258683000644575348805695580979547167046,0.482935519657297872056894279592759818465742661968366222890476786824231979874175285321123485400852587508239608144532799145585687926765686939102044950524601675,x.177609269600912978182976166563519893399611134056953950258496602671050571598808183918073651946118211944466012742689310439247596085451836895642948400588720808,y.209961171009290844820244201693679158573071912576265768847735387654643350209597369010734092170555293843123137477015164202843786764566644126026308768738385058,x.636469126443736880202470868101802290058393013274367049380930771928677392828949180639079689331467303981950024871356829700405732710941963181387161592123666627,y.482935519657297872056894279592759818463939160835672292075997837464468861830468809049649673116829427373454381593280100042835821658883907317959409830217046292,0.636469126443736880202470868101802290058393013274367049380930771928677392828949180639079689331467303981950024871356829700405732710941963181387161592123666627,0.482935519657297872056894279592759818463939160835672292075997837464468861830468809049649673116829427373454381593280100042835821658883907317959409830217046292
40,41,True,454600792197,454600792197,0.000000000000000000000000000000000000000000000000000000000000000003926009066692755366854384454020848299932134310598661011760724914174073872148584025427664568,0.636469126443736880202470868101802290058393013274367049380930771928677392828949180639079689331467303981950024871356829700405732710941963181387161592123666627,0.482935519657297872056894279592759818463939160835672292075997837464468861830468809049649673116829427373454381593280100042835821658883907317959409830217046292,0.636469126443736880202470868101802290060769878805567887564123964940440101907569410653060902299873806277959679817346398258683000644575348805695580979547167046,0.482935519657297872056894279592759818465742661968366222890476786824231979874175285321123485400852587508239608144532799145585687926765686939102044950524601675,0.700560004501178046918532514117153724558322654245612684845327415546092799008019260713029506236438175190380770103163806609122024924743966304188602072194582652,0.603091592336713776740235286551156227669915841698079731332407859786305459919093898157438830180570877810429242901865246841638765005981943886894998536498639903,0.700560004501178046918532514117153724560938864298943449643676894190140257172879952868715331925479705666961809417311282242654003279883332151522436502886310253,0.603091592336713776740235286551156227672168060318630337705785429682992989842124379869695267798451526577714764111203652056599423880586071458947755166374844552,x.636469126443736880202470868101802290058393013274367049380930771928677392828949180639079689331467303981950024871356829700405732710941963181387161592123666627,y.482935519657297872056894279592759818463939160835672292075997837464468861830468809049649673116829427373454381593280100042835821658883907317959409830217046292,x.700560004501178046918532514117153724558322654245612684845327415546092799008019260713029506236438175190380770103163806609122024924743966304188602072194582652,y.603091592336713776740235286551156227669915841698079731332407859786305459919093898157438830180570877810429242901865246841638765005981943886894998536498639903,0.700560004501178046918532514117153724558322654245612684845327415546092799008019260713029506236438175190380770103163806609122024924743966304188602072194582652,0.603091592336713776740235286551156227669915841698079731332407859786305459919093898157438830180570877810429242901865246841638765005981943886894998536498639903
41,42,True,1437122347316,1437122347316,0.000000000000000000000000000000000000000000000000000000000000000012411230825713956330106614272457619412871295304759794513051497173204358912448396361781814608,0.700560004501178046918532514117153724558322654245612684845327415546092799008019260713029506236438175190380770103163806609122024924743966304188602072194582652,0.603091592336713776740235286551156227669915841698079731332407859786305459919093898157438830180570877810429242901865246841638765005981943886894998536498639903,0.700560004501178046918532514117153724560938864298943449643676894190140257172879952868715331925479705666961809417311282242654003279883332151522436502886310253,0.603091592336713776740235286551156227672168060318630337705785429682992989842124379869695267798451526577714764111203652056599423880586071458947755166374844552,0.932747097160805283186004344649420476262119207744705799526370144343000098458196141113414885213104425645220338812788589141712738236698456438878844283036136327,0.158934256416191442771217391240138231301638665344227297206668131419686894440537893830944780856415238705905719602977791179452139192552362204986395979949750808,0.932747097160805283186004344649420476265602510127268638155151865841430009912692712803772272444078337782093353759139095820969653088706626310973385849736152257,0.158934256416191442771217391240138231302232198227610722576394103908635869759849053836124252284564076470876743670596621031661139316625788273588766367703911443,x.700560004501178046918532514117153724558322654245612684845327415546092799008019260713029506236438175190380770103163806609122024924743966304188602072194582652,y.603091592336713776740235286551156227669915841698079731332407859786305459919093898157438830180570877810429242901865246841638765005981943886894998536498639903,x.932747097160805283186004344649420476262119207744705799526370144343000098458196141113414885213104425645220338812788589141712738236698456438878844283036136327,y.158934256416191442771217391240138231301638665344227297206668131419686894440537893830944780856415238705905719602977791179452139192552362204986395979949750808,0.932747097160805283186004344649420476262119207744705799526370144343000098458196141113414885213104425645220338812788589141712738236698456438878844283036136327,0.158934256416191442771217391240138231301638665344227297206668131419686894440537893830944780856415238705905719602977791179452139192552362204986395979949750808
42,43,True,4514436495362,4514436495362,0.000000000000000000000000000000000000000000000000000000000000000038987434505216072005544939278727216098907761401565847236699235976761815238461944709294393882,0.932747097160805283186004344649420476262119207744705799526370144343000098458196141113414885213104425645220338812788589141712738236698456438878844283036136327,0.158934256416191442771217391240138231301638665344227297206668131419686894440537893830944780856415238705905719602977791179452139192552362204986395979949750808,0.932747097160805283186004344649420476265602510127268638155151865841430009912692712803772272444078337782093353759139095820969653088706626310973385849736152257,0.158934256416191442771217391240138231302232198227610722576394103908635869759849053836124252284564076470876743670596621031661139316625788273588766367703911443,0.649200065540896946256911273549215219069447264873324679211811542438778710365715943227365056758531979307658492344953997366875397992224284611226173059037011396,0.775840147344682869419848996224549721204738551058437526098669590261328478533520323028365146038333458851109543396942919518220231908941959527664183663630541296,0.649200065540896946256911273549215219071871673528084287223456791847665442835634468454984878412075476601337199195642516350217607287777866639541202241436816162,0.775840147344682869419848996224549721207635891443585602284695030928990908941007861572212765077268166848673335782096004540371355762944603970041631972330401008,x.932747097160805283186004344649420476262119207744705799526370144343000098458196141113414885213104425645220338812788589141712738236698456438878844283036136327,y.158934256416191442771217391240138231301638665344227297206668131419686894440537893830944780856415238705905719602977791179452139192552362204986395979949750808,x.649200065540896946256911273549215219069447264873324679211811542438778710365715943227365056758531979307658492344953997366875397992224284611226173059037011396,y.775840147344682869419848996224549721204738551058437526098669590261328478533520323028365146038333458851109543396942919518220231908941959527664183663630541296,0.649200065540896946256911273549215219069447264873324679211811542438778710365715943227365056758531979307658492344953997366875397992224284611226173059037011396,0.775840147344682869419848996224549721204738551058437526098669590261328478533520323028365146038333458851109543396942919518220231908941959527664183663630541296
43,44,True,7994950709246,7994950709246,0.000000000000000000000000000000000000000000000000000000000000000069045741914720333084247086602264567835083909569334331308590136226667325176560748975125113711,0.649200065540896946256911273549215219069447264873324679211811542438778710365715943227365056758531979307658492344953997366875397992224284611226173059037011396,0.775840147344682869419848996224549721204738551058437526098669590261328478533520323028365146038333458851109543396942919518220231908941959527664183663630541296,0.649200065540896946256911273549215219071871673528084287223456791847665442835634468454984878412075476601337199195642516350217607287777866639541202241436816162,0.775840147344682869419848996224549721207635891443585602284695030928990908941007861572212765077268166848673335782096004540371355762944603970041631972330401008,0.368262207118329147139298175681250450455710069297416568004266017443622045314814900866288157093013683498506745135721840443952308195264058885255993541833683072,0.465178192094907541428067187518437496383459849434795587772537286480308805208917120309939136288443131881060019854473615134770533940144040948654151529102290788,0.368262207118329147139298175681250450457085328065165889226945729024928842401052077306264576685148719274296372294413345931745400439362721068703779017445408656,0.465178192094907541428067187518437496385197036620660521520526104375866209730837622292902883076281130084475203351415032914491505408623406461946759655888543735,x.649200065540896946256911273549215219069447264873324679211811542438778710365715943227365056758531979307658492344953997366875397992224284611226173059037011396,y.775840147344682869419848996224549721204738551058437526098669590261328478533520323028365146038333458851109543396942919518220231908941959527664183663630541296,x.368262207118329147139298175681250450455710069297416568004266017443622045314814900866288157093013683498506745135721840443952308195264058885255993541833683072,y.465178192094907541428067187518437496383459849434795587772537286480308805208917120309939136288443131881060019854473615134770533940144040948654151529102290788,0.368262207118329147139298175681250450455710069297416568004266017443622045314814900866288157093013683498506745135721840443952308195264058885255993541833683072,0.465178192094907541428067187518437496383459849434795587772537286480308805208917120309939136288443131881060019854473615134770533940144040948654151529102290788
44,45,True,4591701329526,4591701329526,0.000000000000000000000000000000000000000000000000000000000000000039654706636437795766883096859835441452405467792108017369340222110397518808537581708596382720,0.368262207118329147139298175681250450455710069297416568004266017443622045314814900866288157093013683498506745135721840443952308195264058885255993541833683072,0.465178192094907541428067187518437496383459849434795587772537286480308805208917120309939136288443131881060019854473615134770533940144040948654151529102290788,0.368262207118329147139298175681250450457085328065165889226945729024928842401052077306264576685148719274296372294413345931745400439362721068703779017445408656,0.465178192094907541428067187518437496385197036620660521520526104375866209730837622292902883076281130084475203351415032914491505408623406461946759655888543735,0.432781051177690712330261043021042786354186035143707077601552853857994566984557203909125702918594201244418109591556503822813778358327781941944591553922843971,0.666420704178912654359268629619008782054661334844335637266268439418964183115423303287484554325879723913780705436782179909835071482568350734450752093745159093,0.432781051177690712330261043021042786355802236653509692527790872766978679461608953051861356834348462460544637291141762697108085064095393419528895286084252914,0.666420704178912654359268629619008782057150053205101987694972212755307708358890547790509981247475172658389018021596882475409976509538680925793166898711592484,x.368262207118329147139298175681250450455710069297416568004266017443622045314814900866288157093013683498506745135721840443952308195264058885255993541833683072,y.465178192094907541428067187518437496383459849434795587772537286480308805208917120309939136288443131881060019854473615134770533940144040948654151529102290788,x.432781051177690712330261043021042786354186035143707077601552853857994566984557203909125702918594201244418109591556503822813778358327781941944591553922843971,y.666420704178912654359268629619008782054661334844335637266268439418964183115423303287484554325879723913780705436782179909835071482568350734450752093745159093,0.432781051177690712330261043021042786354186035143707077601552853857994566984557203909125702918594201244418109591556503822813778358327781941944591553922843971,0.666420704178912654359268629619008782054661334844335637266268439418964183115423303287484554325879723913780705436782179909835071482568350734450752093745159093
45,46,True,31412207262015,31412207262015,0.000000000000000000000000000000000000000000000000000000000000000271281116602323303085744448209726734343266805301610746800784661525237735556059013355380781525,0.432781051177690712330261043021042786354186035143707077601552853857994566984557203909125702918594201244418109591556503822813778358327781941944591553922843971,0.666420704178912654359268629619008782054661334844335637266268439418964183115423303287484554325879723913780705436782179909835071482568350734450752093745159093,0.432781051177690712330261043021042786355802236653509692527790872766978679461608953051861356834348462460544637291141762697108085064095393419528895286084252914,0.666420704178912654359268629619008782057150053205101987694972212755307708358890547790509981247475172658389018021596882475409976509538680925793166898711592484,0.989571061492048414868198167087928604468618933645413508094818728194972244272692188213134946266215791603441190144814810369932762494972096344283443554176694959,0.625066902022471219717509761872412927306197464262841562579564531896830332680612613567199600476123478166535131856543627024592189158380995832989565604472635833,0.989571061492048414868198167087928604472314442585299527568870432436742594360285465455279139200156542440945255496064138720355552834175863268362011681707181933,0.625066902022471219717509761872412927308531748696107058066677984494588750954071037091403141949253446806442956455394429996865350438703512790319550180704162516,x.432781051177690712330261043021042786354186035143707077601552853857994566984557203909125702918594201244418109591556503822813778358327781941944591553922843971,y.666420704178912654359268629619008782054661334844335637266268439418964183115423303287484554325879723913780705436782179909835071482568350734450752093745159093,x.989571061492048414868198167087928604468618933645413508094818728194972244272692188213134946266215791603441190144814810369932762494972096344283443554176694959,y.625066902022471219717509761872412927306197464262841562579564531896830332680612613567199600476123478166535131856543627024592189158380995832989565604472635833,0.989571061492048414868198167087928604468618933645413508094818728194972244272692188213134946266215791603441190144814810369932762494972096344283443554176694959,0.625066902022471219717509761872412927306197464262841562579564531896830332680612613567199600476123478166535131856543627024592189158380995832989565604472635833
46,47,True,68257988765558,68257988765558,0.000000000000000000000000000000000000000000000000000000000000000589487496211101866807278939336332079704390809079170203736742756859019473552259873205772411634,0.989571061492048414868198167087928604468618933645413508094818728194972244272692188213134946266215791603441190144814810369932762494972096344283443554176694959,0.625066902022471219717509761872412927306197464262841562579564531896830332680612613567199600476123478166535131856543627024592189158380995832989565604472635833,0.989571061492048414868198167087928604472314442585299527568870432436742594360285465455279139200156542440945255496064138720355552834175863268362011681707181933,0.625066902022471219717509761872412927308531748696107058066677984494588750954071037091403141949253446806442956455394429996865350438703512790319550180704162516,0.226848437610027035379363126238227631087437082700973802385974179699262858272084161830472735965453456414777339376240578339511974126341594616390534933277789398,0.751356180978838325045097809375920348987250454560386595973326443128707005603779810813085546874607732908834550914326747612063483505010647648749630281488047215,0.226848437610027035379363126238227631088284238061320571243689459884746374249038119357473337157629999414671791032658329997132491052272006001422548820044779788,0.751356180978838325045097809375920348990056360666471961131926217257488332926406538753356505555990012068214613112331295431781941684405756917542239686915411181,x.989571061492048414868198167087928604468618933645413508094818728194972244272692188213134946266215791603441190144814810369932762494972096344283443554176694959,y.625066902022471219717509761872412927306197464262841562579564531896830332680612613567199600476123478166535131856543627024592189158380995832989565604472635833,x.226848437610027035379363126238227631087437082700973802385974179699262858272084161830472735965453456414777339376240578339511974126341594616390534933277789398,y.751356180978838325045097809375920348987250454560386595973326443128707005603779810813085546874607732908834550914326747612063483505010647648749630281488047215,0.226848437610027035379363126238227631087437082700973802385974179699262858272084161830472735965453456414777339376240578339511974126341594616390534933277789398,0.751356180978838325045097809375920348987250454560386595973326443128707005603779810813085546874607732908834550914326747612063483505010647648749630281488047215
47,48,True,71540315586273,71540315586273,0.000000000000000000000000000000000000000000000000000000000000000617834223887703870551081942824710033105389499688523408024662308453475401092177563153191680630,0.226848437610027035379363126238227631087437082700973802385974179699262858272084161830472735965453456414777339376240578339511974126341594616390534933277789398,0.751356180978838325045097809375920348987250454560386595973326443128707005603779810813085546874607732908834550914326747612063483505010647648749630281488047215,0.226848437610027035379363126238227631088284238061320571243689459884746374249038119357473337157629999414671791032658329997132491052272006001422548820044779788,0.751356180978838325045097809375920348990056360666471961131926217257488332926406538753356505555990012068214613112331295431781941684405756917542239686915411181,0.569319117649757657903978955505224977581488017586082378834050003793405478036970936595478608490556516622008363150543671772735443236317716571761937510076756785,0.361587746993314069171905218696855470544679737523257619640893729082592604548641002142497539743929793506137980746936693953423684144080396114963399688040085615,0.569319117649757657903978955505224977583614114408023049298000905623163409259390186238570959539736341244606950350175943044066371813743673012438196352229233156,0.361587746993314069171905218696855470546030070817717821063650273202404083953367634335134270244301758779349620835954714886744767357159380178190458140097321945,x.226848437610027035379363126238227631087437082700973802385974179699262858272084161830472735965453456414777339376240578339511974126341594616390534933277789398,y.751356180978838325045097809375920348987250454560386595973326443128707005603779810813085546874607732908834550914326747612063483505010647648749630281488047215,x.569319117649757657903978955505224977581488017586082378834050003793405478036970936595478608490556516622008363150543671772735443236317716571761937510076756785,y.361587746993314069171905218696855470544679737523257619640893729082592604548641002142497539743929793506137980746936693953423684144080396114963399688040085615,0.569319117649757657903978955505224977581488017586082378834050003793405478036970936595478608490556516622008363150543671772735443236317716571761937510076756785,0.361587746993314069171905218696855470544679737523257619640893729082592604548641002142497539743929793506137980746936693953423684144080396114963399688040085615
48,49,True,217911930332082,217911930332082,0.000000000000000000000000000000000000000000000000000000000000001881924160513857886708940290169480774622570145410548215619648132679036692600957375623245590046,0.569319117649757657903978955505224977581488017586082378834050003793405478036970936595478608490556516622008363150543671772735443236317716571761937510076756785,0.361587746993314069171905218696855470544679737523257619640893729082592604548641002142497539743929793506137980746936693953423684144080396114963399688040085615,0.569319117649757657903978955505224977583614114408023049298000905623163409259390186238570959539736341244606950350175943044066371813743673012438196352229233156,0.361587746993314069171905218696855470546030070817717821063650273202404083953367634335134270244301758779349620835954714886744767357159380178190458140097321945,0.348104964066481540479507810725608592923565931717240304142607268025225466741629583062999352619834417542329090786279198279461219218938034607589048386585601635,0.729645427422688921396177470801843015692774890924353725475257706105542100592363896330194303110868805553787732592306643580661293088826998168312852608483348439,0.348104964066481540479507810725608592924865914160933379964599012995780060420826477844021159527621981476941636105475780480195890146522988040245234885484225482,0.729645427422688921396177470801843015695499719190776479393082459022250742154190841875171066394574668401598017534892720949812305917885638001279042820211032857,x.569319117649757657903978955505224977581488017586082378834050003793405478036970936595478608490556516622008363150543671772735443236317716571761937510076756785,y.361587746993314069171905218696855470544679737523257619640893729082592604548641002142497539743929793506137980746936693953423684144080396114963399688040085615,x.348104964066481540479507810725608592923565931717240304142607268025225466741629583062999352619834417542329090786279198279461219218938034607589048386585601635,y.729645427422688921396177470801843015692774890924353725475257706105542100592363896330194303110868805553787732592306643580661293088826998168312852608483348439,0.348104964066481540479507810725608592923565931717240304142607268025225466741629583062999352619834417542329090786279198279461219218938034607589048386585601635,0.729645427422688921396177470801843015692774890924353725475257706105542100592363896330194303110868805553787732592306643580661293088826998168312852608483348439
49,50,True,202021591135239,202021591135239,0.000000000000000000000000000000000000000000000000000000000000001744692512812297657704367389701375276372350753058077544537543169899267414388533289169990158284,0.348104964066481540479507810725608592923565931717240304142607268025225466741629583062999352619834417542329090786279198279461219218938034607589048386585601635,0.729645427422688921396177470801843015692774890924353725475257706105542100592363896330194303110868805553787732592306643580661293088826998168312852608483348439,0.348104964066481540479507810725608592924865914160933379964599012995780060420826477844021159527621981476941636105475780480195890146522988040245234885484225482,0.729645427422688921396177470801843015695499719190776479393082459022250742154190841875171066394574668401598017534892720949812305917885638001279042820211032857,0.954822600466056561624846774425390730806546619552651907090277409981316325379540680249725278946174796391349825706920640315573054290619928044548632056914373995,0.918914601276078870304426859944331173443426816801697713238429140217706176716580720828074319238795601663415309210705679237331984474708139847509718358769597336,0.954822600466056561624846774425390730810112361916527492504015047471491510860232963950049024019632540360394039992975054069927428511151634704919297524076692791,0.918914601276078870304426859944331173446858462346068589655259693919545456655295239541392453426565292802805900211991917633665529747176284327635125395458803968,x.348104964066481540479507810725608592923565931717240304142607268025225466741629583062999352619834417542329090786279198279461219218938034607589048386585601635,y.729645427422688921396177470801843015692774890924353725475257706105542100592363896330194303110868805553787732592306643580661293088826998168312852608483348439,x.954822600466056561624846774425390730806546619552651907090277409981316325379540680249725278946174796391349825706920640315573054290619928044548632056914373995,y.918914601276078870304426859944331173443426816801697713238429140217706176716580720828074319238795601663415309210705679237331984474708139847509718358769597336,0.954822600466056561624846774425390730806546619552651907090277409981316325379540680249725278946174796391349825706920640315573054290619928044548632056914373995,0.918914601276078870304426859944331173443426816801697713238429140217706176716580720828074319238795601663415309210705679237331984474708139847509718358769597336
50,51,True,1447629018986112,1447629018986112,0.000000000000000000000000000000000000000000000000000000000000012501968213210079216504715396177199369318792435546221732188547935618635842251381990792922612434,0.954822600466056561624846774425390730806546619552651907090277409981316325379540680249725278946174796391349825706920640315573054290619928044548632056914373995,0.918914601276078870304426859944331173443426816801697713238429140217706176716580720828074319238795601663415309210705679237331984474708139847509718358769597336,0.954822600466056561624846774425390730810112361916527492504015047471491510860232963950049024019632540360394039992975054069927428511151634704919297524076692791,0.918914601276078870304426859944331173446858462346068589655259693919545456655295239541392453426565292802805900211991917633665529747176284327635125395458803968,0.548529132962279435734156576338628813519803333720516139581733190238781441516374287511681558348620588522088915632164192850369783678371364048599388212404492807,0.504117659451986858209456679676491934902289950852560835190036858752518086448022794349082431085679142252052170079168240366487794634679617179670083306461904119,0.548529132962279435734156576338628813521851791273017354455909584753953416194885732269604246467718330816234212692455357999560876057281395491743107823212748641,0.504117659451986858209456679676491934904172555740430429618700170632999829348317599945829036714524734182464648864230107501532404915588600700159496165348191100,x.954822600466056561624846774425390730806546619552651907090277409981316325379540680249725278946174796391349825706920640315573054290619928044548632056914373995,y.918914601276078870304426859944331173443426816801697713238429140217706176716580720828074319238795601663415309210705679237331984474708139847509718358769597336,x.548529132962279435734156576338628813519803333720516139581733190238781441516374287511681558348620588522088915632164192850369783678371364048599388212404492807,y.504117659451986858209456679676491934902289950852560835190036858752518086448022794349082431085679142252052170079168240366487794634679617179670083306461904119,0.548529132962279435734156576338628813519803333720516139581733190238781441516374287511681558348620588522088915632164192850369783678371364048599388212404492807,0.504117659451986858209456679676491934902289950852560835190036858752518086448022794349082431085679142252052170079168240366487794634679617179670083306461904119
51,52,True,2157726124446824,2157726124446824,0.000000000000000000000000000000000000000000000000000000000000018634486506453463833929045132714117237048905216438124019055851228380676764198771617133726884783,0.548529132962279435734156576338628813519803333720516139581733190238781441516374287511681558348620588522088915632164192850369783678371364048599388212404492807,0.504117659451986858209456679676491934902289950852560835190036858752518086448022794349082431085679142252052170079168240366487794634679617179670083306461904119,0.548529132962279435734156576338628813521851791273017354455909584753953416194885732269604246467718330816234212692455357999560876057281395491743107823212748641,0.504117659451986858209456679676491934904172555740430429618700170632999829348317599945829036714524734182464648864230107501532404915588600700159496165348191100,0.456104030200489096729546989640536046816251621601420198120519178872192125718279950404006333510211473981720526506436244771172435934745453545128835750653718267,0.846446061884961691336360377705416013998173261127627773862455207301455414662639974710093842567242436215534056727735410727804937070608696928737839551734909681,0.456104030200489096729546989640536046817954921734896761398237385328370259087706833358686153323068662450158240339223597796129933895045112021070217942238688427,0.846446061884961691336360377705416014001334276147722241221336956622272580722386239270978645788589049569607614147103684801727710396573360799577712677583565331,x.548529132962279435734156576338628813519803333720516139581733190238781441516374287511681558348620588522088915632164192850369783678371364048599388212404492807,y.504117659451986858209456679676491934902289950852560835190036858752518086448022794349082431085679142252052170079168240366487794634679617179670083306461904119,x.456104030200489096729546989640536046816251621601420198120519178872192125718279950404006333510211473981720526506436244771172435934745453545128835750653718267,y.846446061884961691336360377705416013998173261127627773862455207301455414662639974710093842567242436215534056727735410727804937070608696928737839551734909681,0.456104030200489096729546989640536046816251621601420198120519178872192125718279950404006333510211473981720526506436244771172435934745453545128835750653718267,0.846446061884961691336360377705416013998173261127627773862455207301455414662639974710093842567242436215534056727735410727804937070608696928737839551734909681
52,53,True,2547188331877424,2547188331877424,0.000000000000000000000000000000000000000000000000000000000000021997947775663281510994969812570285166632008922621468312285436026138926897896304417465426881871,0.456104030200489096729546989640536046816251621601420198120519178872192125718279950404006333510211473981720526506436244771172435934745453545128835750653718267,0.846446061884961691336360377705416013998173261127627773862455207301455414662639974710093842567242436215534056727735410727804937070608696928737839551734909681,0.456104030200489096729546989640536046817954921734896761398237385328370259087706833358686153323068662450158240339223597796129933895045112021070217942238688427,0.846446061884961691336360377705416014001334276147722241221336956622272580722386239270978645788589049569607614147103684801727710396573360799577712677583565331,0.061202404016418340860916274607729216666159235951572793427189302002200213817596404868944320862367965989382381460266545525730465189122745442727375708390601193,0.395589766718125261564440995288735429510602631353796466927888550424147000693704855908895775221545383647030186164879395468380852491954615009147059778368582936,0.061202404016418340860916274607729216666387793596381212674605431307679562195905562584148890793630841730359651894162601926139986759566014111767221997373679760,0.395589766718125261564440995288735429512079943672560149579444993024301592547573074149646267965219701930847422147320832729262299218766933627345901309105117567,x.456104030200489096729546989640536046816251621601420198120519178872192125718279950404006333510211473981720526506436244771172435934745453545128835750653718267,y.846446061884961691336360377705416013998173261127627773862455207301455414662639974710093842567242436215534056727735410727804937070608696928737839551734909681,x.061202404016418340860916274607729216666159235951572793427189302002200213817596404868944320862367965989382381460266545525730465189122745442727375708390601193,y.395589766718125261564440995288735429510602631353796466927888550424147000693704855908895775221545383647030186164879395468380852491954615009147059778368582936,0.061202404016418340860916274607729216666159235951572793427189302002200213817596404868944320862367965989382381460266545525730465189122745442727375708390601193,0.395589766718125261564440995288735429510602631353796466927888550424147000693704855908895775221545383647030186164879395468380852491954615009147059778368582936
53,54,True,3210771273018583,3210771273018583,0.000000000000000000000000000000000000000000000000000000000000027728761905643646525339065151823114852630746169129467916549077288248297278306832838534821566542,0.061202404016418340860916274607729216666159235951572793427189302002200213817596404868944320862367965989382381460266545525730465189122745442727375708390601193,0.395589766718125261564440995288735429510602631353796466927888550424147000693704855908895775221545383647030186164879395468380852491954615009147059778368582936,0.061202404016418340860916274607729216666387793596381212674605431307679562195905562584148890793630841730359651894162601926139986759566014111767221997373679760,0.395589766718125261564440995288735429512079943672560149579444993024301592547573074149646267965219701930847422147320832729262299218766933627345901309105117567,0.292796619131213189584302175174818794406904150351975754266849115339357099074718968022718052176784608635813426329892025588064470883563804546632552231281681447,0.001457293011454786420425259391849853777516496842650552005970824381990889762644636646249032311658799998624483838545232551669605169995169830730172088648221390,0.292796619131213189584302175174818794407997586251299993763266412345628787689355865545232252240925411427093733988744036622414979728571392390076788449284217811,0.001457293011454786420425259391849853777521939038326468966564752107577914864717051863354931422259276840547144816069832431111176798115793283354251164479476429,x.061202404016418340860916274607729216666159235951572793427189302002200213817596404868944320862367965989382381460266545525730465189122745442727375708390601193,y.395589766718125261564440995288735429510602631353796466927888550424147000693704855908895775221545383647030186164879395468380852491954615009147059778368582936,x.292796619131213189584302175174818794406904150351975754266849115339357099074718968022718052176784608635813426329892025588064470883563804546632552231281681447,y.001457293011454786420425259391849853777516496842650552005970824381990889762644636646249032311658799998624483838545232551669605169995169830730172088648221390,0.292796619131213189584302175174818794406904150351975754266849115339357099074718968022718052176784608635813426329892025588064470883563804546632552231281681447,0.001457293011454786420425259391849853777516496842650552005970824381990889762644636646249032311658799998624483838545232551669605169995169830730172088648221390
54,55,True,20070935247372753,20070935247372753,0.000000000000000000000000000000000000000000000000000000000000173335979854697307782973760113271286694157567658017351197228401908350215747263640475468685510094,0.292796619131213189584302175174818794406904150351975754266849115339357099074718968022718052176784608635813426329892025588064470883563804546632552231281681447,0.001457293011454786420425259391849853777516496842650552005970824381990889762644636646249032311658799998624483838545232551669605169995169830730172088648221390,0.292796619131213189584302175174818794407997586251299993763266412345628787689355865545232252240925411427093733988744036622414979728571392390076788449284217811,0.001457293011454786420425259391849853777521939038326468966564752107577914864717051863354931422259276840547144816069832431111176798115793283354251164479476429,0.522019238229117770747213841688329590451326716548361710615010608938179062447485680593083937573795236108509235034541695485698497883538372584616064616424742839,0.057434093722196194108326094001946728797915249990997339067970282703920960854760327939957321069551382277800100730917204127022063276524772612330634510471917277,0.522019238229117770747213841688329590453276174082780218608462554639636040213655894699623540383362845174839861720280627533294961338500083860661203881056000476,0.057434093722196194108326094001946728798129735049285730658887833397748128109171399154826661375968089644350480228103127254524346630484033413633004867508935679,x.292796619131213189584302175174818794406904150351975754266849115339357099074718968022718052176784608635813426329892025588064470883563804546632552231281681447,y.001457293011454786420425259391849853777516496842650552005970824381990889762644636646249032311658799998624483838545232551669605169995169830730172088648221390,x.522019238229117770747213841688329590451326716548361710615010608938179062447485680593083937573795236108509235034541695485698497883538372584616064616424742839,y.057434093722196194108326094001946728797915249990997339067970282703920960854760327939957321069551382277800100730917204127022063276524772612330634510471917277,0.522019238229117770747213841688329590451326716548361710615010608938179062447485680593083937573795236108509235034541695485698497883538372584616064616424742839,0.057434093722196194108326094001946728797915249990997339067970282703920960854760327939957321069551382277800100730917204127022063276524772612330634510471917277
55,56,True,14173351800807115,14173351800807115,0.000000000000000000000000000000000000000000000000000000000000122403455142421627084565028543874101686197446511232912128350727169072155215133229068779083100861,0.522019238229117770747213841688329590451326716548361710615010608938179062447485680593083937573795236108509235034541695485698497883538372584616064616424742839,0.057434093722196194108326094001946728797915249990997339067970282703920960854760327939957321069551382277800100730917204127022063276524772612330634510471917277,0.522019238229117770747213841688329590453276174082780218608462554639636040213655894699623540383362845174839861720280627533294961338500083860661203881056000476,0.057434093722196194108326094001946728798129735049285730658887833397748128109171399154826661375968089644350480228103127254524346630484033413633004867508935679,0.246791006835515576471984514785524653181187692579042079097512679025328205605432146520982925904174581358225389778332539560029586330328223794109917438560936777,0.875178146328243229753365453828576805321232671965344617302106039084660421035155218035577392349430723289148739721700261741386873072513634892254658976382828744,0.246791006835515576471984514785524653182109322573626806525867265602261541435937435443933689138961735567791842038223591369047768712702568600240415612881555573,0.875178146328243229753365453828576805324500985671762441889335143737449698971213729731232502958192964630463055421560981136483985032001647987003916129484765874,x.522019238229117770747213841688329590451326716548361710615010608938179062447485680593083937573795236108509235034541695485698497883538372584616064616424742839,y.057434093722196194108326094001946728797915249990997339067970282703920960854760327939957321069551382277800100730917204127022063276524772612330634510471917277,x.246791006835515576471984514785524653181187692579042079097512679025328205605432146520982925904174581358225389778332539560029586330328223794109917438560936777,y.875178146328243229753365453828576805321232671965344617302106039084660421035155218035577392349430723289148739721700261741386873072513634892254658976382828744,0.246791006835515576471984514785524653181187692579042079097512679025328205605432146520982925904174581358225389778332539560029586330328223794109917438560936777,0.875178146328243229753365453828576805321232671965344617302106039084660421035155218035577392349430723289148739721700261741386873072513634892254658976382828744
56,57,True,94027016618169917,94027016618169917,0.000000000000000000000000000000000000000000000000000000000000812033164247181825203059274021340199242868196157042344757047906134684378878036382732956291223199,0.246791006835515576471984514785524653181187692579042079097512679025328205605432146520982925904174581358225389778332539560029586330328223794109917438560936777,0.875178146328243229753365453828576805321232671965344617302106039084660421035155218035577392349430723289148739721700261741386873072513634892254658976382828744,0.246791006835515576471984514785524653182109322573626806525867265602261541435937435443933689138961735567791842038223591369047768712702568600240415612881555573,0.875178146328243229753365453828576805324500985671762441889335143737449698971213729731232502958192964630463055421560981136483985032001647987003916129484765874,0.645044356258010307064245572917392822825712507192992807032047273491276582281410848450267577840079241561731888668820385996307062034290722919013360323339205601,0.436300070750660788489162647283570690045711245184558585952405241276574303807750457399674109878918507935500922148557968923218779533111354264151581122061204077,0.645044356258010307064245572917392822828121396537008506131059202202018746645255073562512737890171636067894153391034882538791819139899144643581216409511304437,0.436300070750660788489162647283570690047340588315814779829949032892907331386464976164791510660814598285492820636231069138331687952373010741532566428512379401,x.246791006835515576471984514785524653181187692579042079097512679025328205605432146520982925904174581358225389778332539560029586330328223794109917438560936777,y.875178146328243229753365453828576805321232671965344617302106039084660421035155218035577392349430723289148739721700261741386873072513634892254658976382828744,x.645044356258010307064245572917392822825712507192992807032047273491276582281410848450267577840079241561731888668820385996307062034290722919013360323339205601,y.436300070750660788489162647283570690045711245184558585952405241276574303807750457399674109878918507935500922148557968923218779533111354264151581122061204077,0.645044356258010307064245572917392822825712507192992807032047273491276582281410848450267577840079241561731888668820385996307062034290722919013360323339205601,0.436300070750660788489162647283570690045711245184558585952405241276574303807750457399674109878918507935500922148557968923218779533111354264151581122061204077
57,58,True,61730909065495557,61730909065495557,0.000000000000000000000000000000000000000000000000000000000000533118535748827317437059815029847406542291504039153655972086990213302699803632120171782757018599,0.645044356258010307064245572917392822825712507192992807032047273491276582281410848450267577840079241561731888668820385996307062034290722919013360323339205601,0.436300070750660788489162647283570690045711245184558585952405241276574303807750457399674109878918507935500922148557968923218779533111354264151581122061204077,0.645044356258010307064245572917392822828121396537008506131059202202018746645255073562512737890171636067894153391034882538791819139899144643581216409511304437,0.436300070750660788489162647283570690047340588315814779829949032892907331386464976164791510660814598285492820636231069138331687952373010741532566428512379401,0.067727342925025613505880634083353644927934831571840183331843277373848576966685201927866435006380877893994398493448751137558700316591490945116029037775717709,0.321472695216444062719529316194727934916627537976157124442005567070591981743229463543286222444970875916217524962664343218654953939980868969465886266959826601,0.067727342925025613505880634083353644928187756309631911347989171107016428204430279049369365346619494520349615673249277370879098496071769091085402485866718539,0.321472695216444062719529316194727934917828063401092631938179880049190944649870420259959761384740837644008930431624081219539211011124613201622660012557483519,x.645044356258010307064245572917392822825712507192992807032047273491276582281410848450267577840079241561731888668820385996307062034290722919013360323339205601,y.436300070750660788489162647283570690045711245184558585952405241276574303807750457399674109878918507935500922148557968923218779533111354264151581122061204077,x.067727342925025613505880634083353644927934831571840183331843277373848576966685201927866435006380877893994398493448751137558700316591490945116029037775717709,y.321472695216444062719529316194727934916627537976157124442005567070591981743229463543286222444970875916217524962664343218654953939980868969465886266959826601,0.067727342925025613505880634083353644927934831571840183331843277373848576966685201927866435006380877893994398493448751137558700316591490945116029037775717709,0.321472695216444062719529316194727934916627537976157124442005567070591981743229463543286222444970875916217524962664343218654953939980868969465886266959826601
58,59,True,325093716281924142,325093716281924142,0.000000000000000000000000000000000000000000000000000000000002807564130012748144285458092739862730299495914747860407327610368634346294893554166796513281911398,0.067727342925025613505880634083353644927934831571840183331843277373848576966685201927866435006380877893994398493448751137558700316591490945116029037775717709,0.321472695216444062719529316194727934916627537976157124442005567070591981743229463543286222444970875916217524962664343218654953939980868969465886266959826601,0.067727342925025613505880634083353644928187756309631911347989171107016428204430279049369365346619494520349615673249277370879098496071769091085402485866718539,0.321472695216444062719529316194727934917828063401092631938179880049190944649870420259959761384740837644008930431624081219539211011124613201622660012557483519,0.254493545157748925267886042005117524855266660785426061050630198366568251051118273730026853246610528856473140429016531172096129915093735792798126202487798616,0.050670122356146350579131586768833968375450724963052758018241822511689816285094881114218263719129998447331010159953585877895595298410036954977865860121253084,0.254493545157748925267886042005117524856217055565418629275582549767805222075836664367896805661438448250694219103092511046331087420967741391156218758506157598,0.050670122356146350579131586768833968375639950272319506353195292627771175865512078410681128069625509120642356307705231637908237407283827341563161571295825077,x.067727342925025613505880634083353644927934831571840183331843277373848576966685201927866435006380877893994398493448751137558700316591490945116029037775717709,y.321472695216444062719529316194727934916627537976157124442005567070591981743229463543286222444970875916217524962664343218654953939980868969465886266959826601,x.254493545157748925267886042005117524855266660785426061050630198366568251051118273730026853246610528856473140429016531172096129915093735792798126202487798616,y.050670122356146350579131586768833968375450724963052758018241822511689816285094881114218263719129998447331010159953585877895595298410036954977865860121253084,0.254493545157748925267886042005117524855266660785426061050630198366568251051118273730026853246610528856473140429016531172096129915093735792798126202487798616,0.050670122356146350579131586768833968375450724963052758018241822511689816285094881114218263719129998447331010159953585877895595298410036954977865860121253084
59,60,True,609970965961230191,609970965961230191,0.000000000000000000000000000000000000000000000000000000000005267812075754960004007603573880953778671719152818671425369385856414319356513882060095388773186516,0.254493545157748925267886042005117524855266660785426061050630198366568251051118273730026853246610528856473140429016531172096129915093735792798126202487798616,0.050670122356146350579131586768833968375450724963052758018241822511689816285094881114218263719129998447331010159953585877895595298410036954977865860121253084,0.254493545157748925267886042005117524856217055565418629275582549767805222075836664367896805661438448250694219103092511046331087420967741391156218758506157598,0.050670122356146350579131586768833968375639950272319506353195292627771175865512078410681128069625509120642356307705231637908237407283827341563161571295825077,0.284794083879304414332749288177281536507428803841928490121034450998674432072752198159801114679775226818781117082919659508088370236123276526227250692976144923,0.814773361191873021278627546581968811277672599754329884364312674847336861153038878992098461716817493944692822268329122807847773998690640983454615149505960488,0.284794083879304414332749288177281536508492354630707366795288918555354957930163405146476959399675546435387698882222520608378725984667521044143314325283989456,0.814773361191873021278627546581968811280715334488029190377730457381655630768235320141688262451598368501270470684099640258531552413721893056678921391320790488,x.254493545157748925267886042005117524855266660785426061050630198366568251051118273730026853246610528856473140429016531172096129915093735792798126202487798616,y.050670122356146350579131586768833968375450724963052758018241822511689816285094881114218263719129998447331010159953585877895595298410036954977865860121253084,x.284794083879304414332749288177281536507428803841928490121034450998674432072752198159801114679775226818781117082919659508088370236123276526227250692976144923,y.814773361191873021278627546581968811277672599754329884364312674847336861153038878992098461716817493944692822268329122807847773998690640983454615149505960488,0.284794083879304414332749288177281536507428803841928490121034450998674432072752198159801114679775226818781117082919659508088370236123276526227250692976144923,0.814773361191873021278627546581968811277672599754329884364312674847336861153038878992098461716817493944692822268329122807847773998690640983454615149505960488
60,61,True,290746192399158600,290746192399158600,0.000000000000000000000000000000000000000000000000000000000002510933124311052925001469717328063300052586836104845917615933298933395688608611566239057405257878,0.284794083879304414332749288177281536507428803841928490121034450998674432072752198159801114679775226818781117082919659508088370236123276526227250692976144923,0.814773361191873021278627546581968811277672599754329884364312674847336861153038878992098461716817493944692822268329122807847773998690640983454615149505960488,0.284794083879304414332749288177281536508492354630707366795288918555354957930163405146476959399675546435387698882222520608378725984667521044143314325283989456,0.814773361191873021278627546581968811280715334488029190377730457381655630768235320141688262451598368501270470684099640258531552413721893056678921391320790488,0.287662051808258493124026345498776931828251448521631499391172212282543873125295973822608490978473821966746283619899655969943854326007656032828532726295928959,0.826702787511911341037180449490996160908371641925938721900214511321589963105556521159461039286057651868811963741381697776372246809402631486977403531750225546,0.287662051808258493124026345498776931829325709608572062308691285811900759389625105378989221573638825585687133595253576760720871274732675776791805053925571161,0.826702787511911341037180449490996160911458926569522157474877703456253751324644545931954496328753778230875108370466203766727932378814615372079490901346062689,x.284794083879304414332749288177281536507428803841928490121034450998674432072752198159801114679775226818781117082919659508088370236123276526227250692976144923,y.814773361191873021278627546581968811277672599754329884364312674847336861153038878992098461716817493944692822268329122807847773998690640983454615149505960488,x.287662051808258493124026345498776931828251448521631499391172212282543873125295973822608490978473821966746283619899655969943854326007656032828532726295928959,y.826702787511911341037180449490996160908371641925938721900214511321589963105556521159461039286057651868811963741381697776372246809402631486977403531750225546,0.287662051808258493124026345498776931828251448521631499391172212282543873125295973822608490978473821966746283619899655969943854326007656032828532726295928959,0.826702787511911341037180449490996160908371641925938721900214511321589963105556521159461039286057651868811963741381697776372246809402631486977403531750225546
61,62,True,2482584999889167080,2482584999889167080,0.000000000000000000000000000000000000000000000000000000000021440022511391970031741478165700454464237474909775960186141291536424365199209178968997916185899458,0.287662051808258493124026345498776931828251448521631499391172212282543873125295973822608490978473821966746283619899655969943854326007656032828532726295928959,0.826702787511911341037180449490996160908371641925938721900214511321589963105556521159461039286057651868811963741381697776372246809402631486977403531750225546,0.287662051808258493124026345498776931829325709608572062308691285811900759389625105378989221573638825585687133595253576760720871274732675776791805053925571161,0.826702787511911341037180449490996160911458926569522157474877703456253751324644545931954496328753778230875108370466203766727932378814615372079490901346062689,0.137121670912886514838391037386104800115234727156321195392206400610672521191098134466774718963557067989352693825652760748796107565760010307698056168474620432,0.239014729533887305150630422381791592783611523682306067564879618537562439505580893933025187684440402097525820214140658032745066834443531003304567104561482489,0.137121670912886514838391037386104800115746801913182658729010118825759790838925489908501167851205993066688034948930893636331266977857152758263188464500033325,0.239014729533887305150630422381791592784504113516557215023893939688065747886842793694401358607951774123677217136027678560212244656781335015027305301052541462,x.287662051808258493124026345498776931828251448521631499391172212282543873125295973822608490978473821966746283619899655969943854326007656032828532726295928959,y.826702787511911341037180449490996160908371641925938721900214511321589963105556521159461039286057651868811963741381697776372246809402631486977403531750225546,x.137121670912886514838391037386104800115234727156321195392206400610672521191098134466774718963557067989352693825652760748796107565760010307698056168474620432,y.239014729533887305150630422381791592783611523682306067564879618537562439505580893933025187684440402097525820214140658032745066834443531003304567104561482489,0.137121670912886514838391037386104800115234727156321195392206400610672521191098134466774718963557067989352693825652760748796107565760010307698056168474620432,0.239014729533887305150630422381791592783611523682306067564879618537562439505580893933025187684440402097525820214140658032745066834443531003304567104561482489
62,63,True,5084857407016647706,5084857407016647706,0.000000000000000000000000000000000000000000000000000000000043913685645616246733018788622625571644137264796140673853135923782062299886647955121103045900750271,0.137121670912886514838391037386104800115234727156321195392206400610672521191098134466774718963557067989352693825652760748796107565760010307698056168474620432,0.239014729533887305150630422381791592783611523682306067564879618537562439505580893933025187684440402097525820214140658032745066834443531003304567104561482489,0.137121670912886514838391037386104800115746801913182658729010118825759790838925489908501167851205993066688034948930893636331266977857152758263188464500033325,0.239014729533887305150630422381791592784504113516557215023893939688065747886842793694401358607951774123677217136027678560212244656781335015027305301052541462,0.398134802636192971062529923241344085749348488211870202528448204837687629031171446214788762409869221086898449535499463414175397730126823079392368690986399610,0.351981560468551638252843210304958528157200973942697829606077830178627743850654853752132651738860362177719108743003595895686585930285793198940791165065029663,0.398134802636192971062529923241344085750835304853621432262672007255986796234800621448580086468979505438912689150041669939135065025026061472174480565754078229,0.351981560468551638252843210304958528158515433362545179457676068060010418208872815007673041318032440097773497262151502915237384167002008553602298892347980765,x.137121670912886514838391037386104800115234727156321195392206400610672521191098134466774718963557067989352693825652760748796107565760010307698056168474620432,y.239014729533887305150630422381791592783611523682306067564879618537562439505580893933025187684440402097525820214140658032745066834443531003304567104561482489,x.398134802636192971062529923241344085749348488211870202528448204837687629031171446214788762409869221086898449535499463414175397730126823079392368690986399610,y.351981560468551638252843210304958528157200973942697829606077830178627743850654853752132651738860362177719108743003595895686585930285793198940791165065029663,0.398134802636192971062529923241344085749348488211870202528448204837687629031171446214788762409869221086898449535499463414175397730126823079392368690986399610,0.351981560468551638252843210304958528157200973942697829606077830178627743850654853752132651738860362177719108743003595895686585930285793198940791165065029663
63,64,True,8806437408053766860,8806437408053766860,0.000000000000000000000000000000000000000000000000000000000076053877825841365787625080788166822847225050018955297882379705289554684452378464629142840865412198,0.398134802636192971062529923241344085749348488211870202528448204837687629031171446214788762409869221086898449535499463414175397730126823079392368690986399610,0.351981560468551638252843210304958528157200973942697829606077830178627743850654853752132651738860362177719108743003595895686585930285793198940791165065029663,0.398134802636192971062529923241344085750835304853621432262672007255986796234800621448580086468979505438912689150041669939135065025026061472174480565754078229,0.351981560468551638252843210304958528158515433362545179457676068060010418208872815007673041318032440097773497262151502915237384167002008553602298892347980765,0.062592611951909876921221762213025013409005290953953479104646798604237058198565956208237074189398968967145873562049047395887783137785870010403263909341126234,0.317012954664976987423183016727975455254430317572018804566254619610149005089298844412945136110483170625221466315567857490118935261319078936423845219784810381,0.062592611951909876921221762213025013409239040268217311928923246581425655945063975505532277428788127287514329452163837535302247262068905555424450936410201953,0.317012954664976987423183016727975455255614188295014393607588414007219028974089883726355808860422668029935279653482075143837243985952851094386794396401204166,x.398134802636192971062529923241344085749348488211870202528448204837687629031171446214788762409869221086898449535499463414175397730126823079392368690986399610,y.351981560468551638252843210304958528157200973942697829606077830178627743850654853752132651738860362177719108743003595895686585930285793198940791165065029663,x.062592611951909876921221762213025013409005290953953479104646798604237058198565956208237074189398968967145873562049047395887783137785870010403263909341126234,y.317012954664976987423183016727975455254430317572018804566254619610149005089298844412945136110483170625221466315567857490118935261319078936423845219784810381,0.062592611951909876921221762213025013409005290953953479104646798604237058198565956208237074189398968967145873562049047395887783137785870010403263909341126234,0.317012954664976987423183016727975455254430317572018804566254619610149005089298844412945136110483170625221466315567857490118935261319078936423845219784810381
64,65,True,12768709954485966227,12768709954485966227,0.000000000000000000000000000000000000000000000000000000000110272731398053118746727801009545338151357545166894469090677576888480590694462198267665764176899533,0.062592611951909876921221762213025013409005290953953479104646798604237058198565956208237074189398968967145873562049047395887783137785870010403263909341126234,0.317012954664976987423183016727975455254430317572018804566254619610149005089298844412945136110483170625221466315567857490118935261319078936423845219784810381,0.062592611951909876921221762213025013409239040268217311928923246581425655945063975505532277428788127287514329452163837535302247262068905555424450936410201953,0.317012954664976987423183016727975455255614188295014393607588414007219028974089883726355808860422668029935279653482075143837243985952851094386794396401204166,0.188004263605422324522792418006605306655861391196917237826299162417992729262954261369534109869783135682640222217897295336708425261187938687868112006527472662,0.888729373208944912584744608432280103276883322829007886158430418677191770576072502567460280723330699250289562599123103537229423848225775612248009663334682040,0.188004263605422324522792418006605306656563484724028841588930621982920176404716661188525267040524565523179735733958718404360748606037941165224716951679163070,0.888729373208944912584744608432280103280202242987082198689469371790260145985276446546912391655666102252517719041025108289872733540452002464503480450905647629,x.062592611951909876921221762213025013409005290953953479104646798604237058198565956208237074189398968967145873562049047395887783137785870010403263909341126234,y.317012954664976987423183016727975455254430317572018804566254619610149005089298844412945136110483170625221466315567857490118935261319078936423845219784810381,x.188004263605422324522792418006605306655861391196917237826299162417992729262954261369534109869783135682640222217897295336708425261187938687868112006527472662,y.888729373208944912584744608432280103276883322829007886158430418677191770576072502567460280723330699250289562599123103537229423848225775612248009663334682040,0.188004263605422324522792418006605306655861391196917237826299162417992729262954261369534109869783135682640222217897295336708425261187938687868112006527472662,0.888729373208944912584744608432280103276883322829007886158430418677191770576072502567460280723330699250289562599123103537229423848225775612248009663334682040
65,66,True,15777840238282132871,15777840238282132871,0.000000000000000000000000000000000000000000000000000000000136260087733155995329572336055229170651408905159522272504226246608862148175715702263483946571748678,0.188004263605422324522792418006605306655861391196917237826299162417992729262954261369534109869783135682640222217897295336708425261187938687868112006527472662,0.888729373208944912584744608432280103276883322829007886158430418677191770576072502567460280723330699250289562599123103537229423848225775612248009663334682040,0.188004263605422324522792418006605306656563484724028841588930621982920176404716661188525267040524565523179735733958718404360748606037941165224716951679163070,0.888729373208944912584744608432280103280202242987082198689469371790260145985276446546912391655666102252517719041025108289872733540452002464503480450905647629,0.308147321759518794449260678232743545148192613953026173110346773348261988910930047245754019783216257237951283766710764016895521432581784003972556057485728947,0.481634253958823818124461492428832526648359328261361311836727592951766415447036546598881258258453432633386991168188605966780904134428828543954080699539834478,0.308147321759518794449260678232743545149343376365830810108589723981945345814912622865565156637355511981601332731760368154979456376921803639205731613712148429,0.481634253958823818124461492428832526650157969875412258836958427058088530750812411310082986859826473070610478045902522471217235672612911634937561356617351593,x.188004263605422324522792418006605306655861391196917237826299162417992729262954261369534109869783135682640222217897295336708425261187938687868112006527472662,y.888729373208944912584744608432280103276883322829007886158430418677191770576072502567460280723330699250289562599123103537229423848225775612248009663334682040,x.308147321759518794449260678232743545148192613953026173110346773348261988910930047245754019783216257237951283766710764016895521432581784003972556057485728947,y.481634253958823818124461492428832526648359328261361311836727592951766415447036546598881258258453432633386991168188605966780904134428828543954080699539834478,0.308147321759518794449260678232743545148192613953026173110346773348261988910930047245754019783216257237951283766710764016895521432581784003972556057485728947,0.481634253958823818124461492428832526648359328261361311836727592951766415447036546598881258258453432633386991168188605966780904134428828543954080699539834478
66,67,True,86310726052039920576,86310726052039920576,0.000000000000000000000000000000000000000000000000000000000745393978297998039871957638253690704330416704819116838268322952138121904462869199912102326830008379,0.308147321759518794449260678232743545148192613953026173110346773348261988910930047245754019783216257237951283766710764016895521432581784003972556057485728947,0.481634253958823818124461492428832526648359328261361311836727592951766415447036546598881258258453432633386991168188605966780904134428828543954080699539834478,0.308147321759518794449260678232743545149343376365830810108589723981945345814912622865565156637355511981601332731760368154979456376921803639205731613712148429,0.481634253958823818124461492428832526650157969875412258836958427058088530750812411310082986859826473070610478045902522471217235672612911634937561356617351593,0.070810280453843540192441284018927318621756780541637786397406249067084276297767550839857079901491566673101966692029929727255837511857114344911051883891917863,0.938586504353068386048879653863379097045537770557540501785087286069240551408782980543335137333052856535919160582412585894642142756684731874000198112895691156,0.070810280453843540192441284018927318622021218371962433342484317187664072225111803071328954980867255101202809031166122727193316374793256573287500438822928938,0.938586504353068386048879653863379097049042879945504353160661836760621143842925190198547173949603617812059689283857268384534061059341986461625209018423782689,x.308147321759518794449260678232743545148192613953026173110346773348261988910930047245754019783216257237951283766710764016895521432581784003972556057485728947,y.481634253958823818124461492428832526648359328261361311836727592951766415447036546598881258258453432633386991168188605966780904134428828543954080699539834478,x.070810280453843540192441284018927318621756780541637786397406249067084276297767550839857079901491566673101966692029929727255837511857114344911051883891917863,y.938586504353068386048879653863379097045537770557540501785087286069240551408782980543335137333052856535919160582412585894642142756684731874000198112895691156,0.070810280453843540192441284018927318621756780541637786397406249067084276297767550839857079901491566673101966692029929727255837511857114344911051883891917863,0.938586504353068386048879653863379097045537770557540501785087286069240551408782980543335137333052856535919160582412585894642142756684731874000198112895691156
67,68,True,87241322610929783523,87241322610929783523,0.000000000000000000000000000000000000000000000000000000000753430767037361769806488851075064254494562447240783482741555935387451001956224723145136138287267006,0.070810280453843540192441284018927318621756780541637786397406249067084276297767550839857079901491566673101966692029929727255837511857114344911051883891917863,0.938586504353068386048879653863379097045537770557540501785087286069240551408782980543335137333052856535919160582412585894642142756684731874000198112895691156,0.070810280453843540192441284018927318622021218371962433342484317187664072225111803071328954980867255101202809031166122727193316374793256573287500438822928938,0.938586504353068386048879653863379097049042879945504353160661836760621143842925190198547173949603617812059689283857268384534061059341986461625209018423782689,0.124514527025916583344659229081025889340257570471454457384425106769190869215812036003924241070431437365149546265330391240908495856154728792440562700809360358,0.060846311377301311161336515959181207184158279028347872076505071083690823765459538599020722968951532606060451263181726643432383462034465487243787406968015519,0.124514527025916583344659229081025889340722564412441535807669152710230300415371421900235202237596282469726177127834402484579900387568772697734350471118320119,0.060846311377301311161336515959181207184385506861096811284802706129461402971198292597232409046642230764403443260128956113629888942261523461803834890273132967,x.070810280453843540192441284018927318621756780541637786397406249067084276297767550839857079901491566673101966692029929727255837511857114344911051883891917863,y.938586504353068386048879653863379097045537770557540501785087286069240551408782980543335137333052856535919160582412585894642142756684731874000198112895691156,x.124514527025916583344659229081025889340257570471454457384425106769190869215812036003924241070431437365149546265330391240908495856154728792440562700809360358,y.060846311377301311161336515959181207184158279028347872076505071083690823765459538599020722968951532606060451263181726643432383462034465487243787406968015519,0.124514527025916583344659229081025889340257570471454457384425106769190869215812036003924241070431437365149546265330391240908495856154728792440562700809360358,0.060846311377301311161336515959181207184158279028347872076505071083690823765459538599020722968951532606060451263181726643432383462034465487243787406968015519
68,69,True,77376225707059865979,77376225707059865979,0.000000000000000000000000000000000000000000000000000000000668234127363200824721067168178323656514458152188301738838472742483586345050913396837395209580416211,0.124514527025916583344659229081025889340257570471454457384425106769190869215812036003924241070431437365149546265330391240908495856154728792440562700809360358,0.060846311377301311161336515959181207184158279028347872076505071083690823765459538599020722968951532606060451263181726643432383462034465487243787406968015519,0.124514527025916583344659229081025889340722564412441535807669152710230300415371421900235202237596282469726177127834402484579900387568772697734350471118320119,0.060846311377301311161336515959181207184385506861096811284802706129461402971198292597232409046642230764403443260128956113629888942261523461803834890273132967,0.295588362211503279677994458952886295464482787588678436601242410245883561431113352642956525209064284167680406751352470219130617077814107068606076468366056142,0.823407874011764547377412431121107931878193124226774432255383668401058769785797171788351826755717188386704474895179989416916964290584300346507004260321696826,0.295588362211503279677994458952886295465586649127870844233003877822097658789234691820566359940504389240076515792122327517527543644304374836490870522218901970,0.823407874011764547377412431121107931881268104163025799739617783245830199924377974361869325884208912533537269899725033258752339982409131450937724751692077004,x.124514527025916583344659229081025889340257570471454457384425106769190869215812036003924241070431437365149546265330391240908495856154728792440562700809360358,y.060846311377301311161336515959181207184158279028347872076505071083690823765459538599020722968951532606060451263181726643432383462034465487243787406968015519,x.295588362211503279677994458952886295464482787588678436601242410245883561431113352642956525209064284167680406751352470219130617077814107068606076468366056142,y.823407874011764547377412431121107931878193124226774432255383668401058769785797171788351826755717188386704474895179989416916964290584300346507004260321696826,0.295588362211503279677994458952886295464482787588678436601242410245883561431113352642956525209064284167680406751352470219130617077814107068606076468366056142,0.823407874011764547377412431121107931878193124226774432255383668401058769785797171788351826755717188386704474895179989416916964290584300346507004260321696826
69,70,True,673162482084647784677,673162482084647784677,0.000000000000000000000000000000000000000000000000000000005813544660248762624722549588936644286322778807292317577734210165694242680434137909998268529305361272,0.295588362211503279677994458952886295464482787588678436601242410245883561431113352642956525209064284167680406751352470219130617077814107068606076468366056142,0.823407874011764547377412431121107931878193124226774432255383668401058769785797171788351826755717188386704474895179989416916964290584300346507004260321696826,0.295588362211503279677994458952886295465586649127870844233003877822097658789234691820566359940504389240076515792122327517527543644304374836490870522218901970,0.823407874011764547377412431121107931881268104163025799739617783245830199924377974361869325884208912533537269899725033258752339982409131450937724751692077004,0.566018106962314964906829319612097688020234138950143759016285922456278468973533496007606844525683087845530545057613128791547220021232236296492835097635382372,0.840600912096327431896257108185234404232695761273784340545078513704434464783522174158089643621275179114921913198459563577484372812833479205574526905349582215,0.566018106962314964906829319612097688022347908295078674507725233918869591437123380866211658786734726349323393777536896673563231272217261119701927638893693932,0.840600912096327431896257108185234404235834947843008082483409532974029457691956903476912597168710578908793415122652693805881639640993656243567269676248431020,x.295588362211503279677994458952886295464482787588678436601242410245883561431113352642956525209064284167680406751352470219130617077814107068606076468366056142,y.823407874011764547377412431121107931878193124226774432255383668401058769785797171788351826755717188386704474895179989416916964290584300346507004260321696826,x.566018106962314964906829319612097688020234138950143759016285922456278468973533496007606844525683087845530545057613128791547220021232236296492835097635382372,y.840600912096327431896257108185234404232695761273784340545078513704434464783522174158089643621275179114921913198459563577484372812833479205574526905349582215,0.566018106962314964906829319612097688020234138950143759016285922456278468973533496007606844525683087845530545057613128791547220021232236296492835097635382372,0.840600912096327431896257108185234404232695761273784340545078513704434464783522174158089643621275179114921913198459563577484372812833479205574526905349582215
70,75,True,21567886266984800132886,21567886266984800132886,0.000000000000000000000000000000000000000000000000000000186263901178787436509450716964897102013457255912050352769136938110954036562345582109795681724327079821,0.566018106962314964906829319612097688020234138950143759016285922456278468973533496007606844525683087845530545057613128791547220021232236296492835097635382372,0.840600912096327431896257108185234404232695761273784340545078513704434464783522174158089643621275179114921913198459563577484372812833479205574526905349582215,0.566018106962314964906829319612097688022347908295078674507725233918869591437123380866211658786734726349323393777536896673563231272217261119701927638893693932,0.840600912096327431896257108185234404235834947843008082483409532974029457691956903476912597168710578908793415122652693805881639640993656243567269676248431020,0.446950394450362210534076556405716235248555844537658044140881186206773447416499669965752692549347001895870482528658404644674614564344180810975528477770644044,0.605792175606463826346261725293462851032314196948240170957262946695388560824072499211126751347962179312269594739669172097072145430319455351632092390109070967,0.446950394450362210534076556405716235250224960827180995610603010220332119308473607714973770796508719394482184122801138620716491623986145562905688305758128542,0.605792175606463826346261725293462851034576500776417221365827245291862579000971192404492734709320219439089338824184847030769699278032046279663289733321154874,x.566018106962314964906829319612097688020234138950143759016285922456278468973533496007606844525683087845530545057613128791547220021232236296492835097635382372,y.840600912096327431896257108185234404232695761273784340545078513704434464783522174158089643621275179114921913198459563577484372812833479205574526905349582215,x.446950394450362210534076556405716235248555844537658044140881186206773447416499669965752692549347001895870482528658404644674614564344180810975528477770644044,y.605792175606463826346261725293462851032314196948240170957262946695388560824072499211126751347962179312269594739669172097072145430319455351632092390109070967,0.446950394450362210534076556405716235248555844537658044140881186206773447416499669965752692549347001895870482528658404644674614564344180810975528477770644044,0.605792175606463826346261725293462851032314196948240170957262946695388560824072499211126751347962179312269594739669172097072145430319455351632092390109070967
75,80,True,1082981707348244664116089,1082981707348244664116089,0.000000000000000000000000000000000000000000000000000009352812566743404804336681403104841484607377079680530789356909568428463025093973125383792858541269023062,0.446950394450362210534076556405716235248555844537658044140881186206773447416499669965752692549347001895870482528658404644674614564344180810975528477770644044,0.605792175606463826346261725293462851032314196948240170957262946695388560824072499211126751347962179312269594739669172097072145430319455351632092390109070967,0.446950394450362210534076556405716235250224960827180995610603010220332119308473607714973770796508719394482184122801138620716491623986145562905688305758128542,0.605792175606463826346261725293462851034576500776417221365827245291862579000971192404492734709320219439089338824184847030769699278032046279663289733321154874,0.492465553734115456142670332952655263610465120175513805844854040798356443307388679377245676335895811946090193094477640801307910834992439930598158986087106473,0.384223049726424691387790084493560992583634668321799631129816312749270677233360736533759313955339747579461325503471499175702682709497949398434057412696851730,0.492465553734115456142670332952655263612304210794904322706655546503224810039661721530057240608532691513747311585364390567343481181212799741728974173236887550,0.384223049726424691387790084493560992585069532143538099072880893908130425547330261321590969151017987948730469189385616096441700008568381547522980557019230501,x.446950394450362210534076556405716235248555844537658044140881186206773447416499669965752692549347001895870482528658404644674614564344180810975528477770644044,y.605792175606463826346261725293462851032314196948240170957262946695388560824072499211126751347962179312269594739669172097072145430319455351632092390109070967,x.492465553734115456142670332952655263610465120175513805844854040798356443307388679377245676335895811946090193094477640801307910834992439930598158986087106473,y.384223049726424691387790084493560992583634668321799631129816312749270677233360736533759313955339747579461325503471499175702682709497949398434057412696851730,0.492465553734115456142670332952655263610465120175513805844854040798356443307388679377245676335895811946090193094477640801307910834992439930598158986087106473,0.384223049726424691387790084493560992583634668321799631129816312749270677233360736533759313955339747579461325503471499175702682709497949398434057412696851730
80,85,True,19984795735822271656487464,19984795735822271656487464,0.000000000000000000000000000000000000000000000000000172592064513693846095117294921960024046672312608530694912503519062579793646151504228010617493676675876390,0.492465553734115456142670332952655263610465120175513805844854040798356443307388679377245676335895811946090193094477640801307910834992439930598158986087106473,0.384223049726424691387790084493560992583634668321799631129816312749270677233360736533759313955339747579461325503471499175702682709497949398434057412696851730,0.492465553734115456142670332952655263612304210794904322706655546503224810039661721530057240608532691513747311585364390567343481181212799741728974173236887550,0.384223049726424691387790084493560992585069532143538099072880893908130425547330261321590969151017987948730469189385616096441700008568381547522980557019230501,0.163152175562433333429273570113618778450926900277516241484249724020089932967558952956122498978521154203176815369393944472606796854737805059539932001790848881,0.054729681425304039622979740930153925648701036464938514635583321056747527034285793739808194331122024840576702601236883136445886921528008468419891584468907794,0.163152175562433333429273570113618778451536184791600297001817922813583969984521895269882442870517933309015528775736297305122923682470013509449756005537277096,0.054729681425304039622979740930153925648905422016269585053998255974930494825794577177377532051094009970823747384344995433441328104770943417921756903894361895,x.492465553734115456142670332952655263610465120175513805844854040798356443307388679377245676335895811946090193094477640801307910834992439930598158986087106473,y.384223049726424691387790084493560992583634668321799631129816312749270677233360736533759313955339747579461325503471499175702682709497949398434057412696851730,x.163152175562433333429273570113618778450926900277516241484249724020089932967558952956122498978521154203176815369393944472606796854737805059539932001790848881,y.054729681425304039622979740930153925648701036464938514635583321056747527034285793739808194331122024840576702601236883136445886921528008468419891584468907794,0.163152175562433333429273570113618778450926900277516241484249724020089932967558952956122498978521154203176815369393944472606796854737805059539932001790848881,0.054729681425304039622979740930153925648701036464938514635583321056747527034285793739808194331122024840576702601236883136445886921528008468419891584468907794
85,90,True,846921874651314896575121943,846921874651314896575121943,0.000000000000000000000000000000000000000000000000007314160062485324518388095604508995557543028028608183389759979792535729954309112162580306587767275455966434,0.163152175562433333429273570113618778450926900277516241484249724020089932967558952956122498978521154203176815369393944472606796854737805059539932001790848881,0.054729681425304039622979740930153925648701036464938514635583321056747527034285793739808194331122024840576702601236883136445886921528008468419891584468907794,0.163152175562433333429273570113618778451536184791600297001817922813583969984521895269882442870517933309015528775736297305122923682470013509449756005537277096,0.054729681425304039622979740930153925648905422016269585053998255974930494825794577177377532051094009970823747384344995433441328104770943417921756903894361895,0.360240793529275495627289431348648488583886904771985097836578227118391422902705447607018158274888017359517425982853359845567848262335794195769605093274989427,0.657369847408783222648450003745013262622835900350060209616260710601511707376705351579809301604665316468971865636067803024339676435642683591552498115144349093,0.360240793529275495627289431348648488585232207928882000084238819442180278924011409750312528813925647728118533509954820649837572316278777141051955559161624427,0.657369847408783222648450003745013262625290818690384157503901987349615717170379350390559846498296307475124834383642202906409002209569061756617739595657415836,x.163152175562433333429273570113618778450926900277516241484249724020089932967558952956122498978521154203176815369393944472606796854737805059539932001790848881,y.054729681425304039622979740930153925648701036464938514635583321056747527034285793739808194331122024840576702601236883136445886921528008468419891584468907794,x.360240793529275495627289431348648488583886904771985097836578227118391422902705447607018158274888017359517425982853359845567848262335794195769605093274989427,y.657369847408783222648450003745013262622835900350060209616260710601511707376705351579809301604665316468971865636067803024339676435642683591552498115144349093,0.360240793529275495627289431348648488583886904771985097836578227118391422902705447607018158274888017359517425982853359845567848262335794195769605093274989427,0.657369847408783222648450003745013262622835900350060209616260710601511707376705351579809301604665316468971865636067803024339676435642683591552498115144349093
90,95,True,24657819766226387214294199349,24657819766226387214294199349,0.000000000000000000000000000000000000000000000000212949087702270574822007044341572158772305591612363868295261376038221382658197929395382851525201162645843009,0.360240793529275495627289431348648488583886904771985097836578227118391422902705447607018158274888017359517425982853359845567848262335794195769605093274989427,0.657369847408783222648450003745013262622835900350060209616260710601511707376705351579809301604665316468971865636067803024339676435642683591552498115144349093,0.360240793529275495627289431348648488585232207928882000084238819442180278924011409750312528813925647728118533509954820649837572316278777141051955559161624427,0.657369847408783222648450003745013262625290818690384157503901987349615717170379350390559846498296307475124834383642202906409002209569061756617739595657415836,0.587804378438660903406536562834310473495202557842591491728411182130665067024885139085459189011513171233062387141635944830651412654041542934633471170827182070,0.615866698221463499503039526248602887633946257518882468361653740807383588429834529934940056325741933888423884495213374690018999317525657063338153340105463361,0.587804378438660903406536562834310473497397687045489742724497259992541925888068871000240146106899368867285202896257702331603579491829964109380732485199330584,0.615866698221463499503039526248602887636246184201887832009241231551531889038347986444950878449985040797169068390426043632090709378665028501780151373547165441,x.360240793529275495627289431348648488583886904771985097836578227118391422902705447607018158274888017359517425982853359845567848262335794195769605093274989427,y.657369847408783222648450003745013262622835900350060209616260710601511707376705351579809301604665316468971865636067803024339676435642683591552498115144349093,x.587804378438660903406536562834310473495202557842591491728411182130665067024885139085459189011513171233062387141635944830651412654041542934633471170827182070,y.615866698221463499503039526248602887633946257518882468361653740807383588429834529934940056325741933888423884495213374690018999317525657063338153340105463361,0.587804378438660903406536562834310473495202557842591491728411182130665067024885139085459189011513171233062387141635944830651412654041542934633471170827182070,0.615866698221463499503039526248602887633946257518882468361653740807383588429834529934940056325741933888423884495213374690018999317525657063338153340105463361
95,100,True,842695401732682384723365434930,842695401732682384723365434930,0.000000000000000000000000000000000000000000000007277659529966472178281785419218421507137841047594319254195825833268918228090291831756694593284756275311905112,0.587804378438660903406536562834310473495202557842591491728411182130665067024885139085459189011513171233062387141635944830651412654041542934633471170827182070,0.615866698221463499503039526248602887633946257518882468361653740807383588429834529934940056325741933888423884495213374690018999317525657063338153340105463361,0.587804378438660903406536562834310473497397687045489742724497259992541925888068871000240146106899368867285202896257702331603579491829964109380732485199330584,0.615866698221463499503039526248602887636246184201887832009241231551531889038347986444950878449985040797169068390426043632090709378665028501780151373547165441,0.820407703577242173486505413283175647705069684593491371691518162092518515031939424219832843502775375508241267301872092266985587839655297153216920462013725916,0.528646573596584082090829109930656294789659594259513041194113911925549165279376574551191872274354184990804020423135336040748677101682284859497160252750480643,0.820407703577242173486505413283175647708133460527227505714754766873522899680579034275466482664786215134872585059523172536791402794580103755730381350648004536,0.528646573596584082090829109930656294791633801281917957275560482674196394450365890589018472383905834815644815360032012723012972068507419100306583718366595516,x.587804378438660903406536562834310473495202557842591491728411182130665067024885139085459189011513171233062387141635944830651412654041542934633471170827182070,y.615866698221463499503039526248602887633946257518882468361653740807383588429834529934940056325741933888423884495213374690018999317525657063338153340105463361,x.820407703577242173486505413283175647705069684593491371691518162092518515031939424219832843502775375508241267301872092266985587839655297153216920462013725916,y.528646573596584082090829109930656294789659594259513041194113911925549165279376574551191872274354184990804020423135336040748677101682284859497160252750480643,0.820407703577242173486505413283175647705069684593491371691518162092518515031939424219832843502775375508241267301872092266985587839655297153216920462013725916,0.528646573596584082090829109930656294789659594259513041194113911925549165279376574551191872274354184990804020423135336040748677101682284859497160252750480643
100,105,True,28215008911228719208448150009293,28215008911228719208448150009293,0.000000000000000000000000000000000000000000000243669572740863007187817979384834436147737101178613246607389106059058639701841321857974042442011092390354709521,0.820407703577242173486505413283175647705069684593491371691518162092518515031939424219832843502775375508241267301872092266985587839655297153216920462013725916,0.528646573596584082090829109930656294789659594259513041194113911925549165279376574551191872274354184990804020423135336040748677101682284859497160252750480643,0.820407703577242173486505413283175647708133460527227505714754766873522899680579034275466482664786215134872585059523172536791402794580103755730381350648004536,0.528646573596584082090829109930656294791633801281917957275560482674196394450365890589018472383905834815644815360032012723012972068507419100306583718366595516,0.738156231236632180679999374188815770597575164395427469792529665772250843068686231944776715568317966579013402869422389956385143715517850282584785634397359867,0.019634257823199465700743887968074973776917627857301929418924020573544867702842516116080640925862065221005234505331017587632672345910196635409621979676976551,0.738156231236632180679999374188815770600331775878643792074413983904624868604882493801386576972422420688981646104127965586871125976343919655287174823498654853,0.019634257823199465700743887968074973776990951116375672732914105072511131917109079618025904740928408024162264987076913643281019480720358351409247306854365284,x.820407703577242173486505413283175647705069684593491371691518162092518515031939424219832843502775375508241267301872092266985587839655297153216920462013725916,y.528646573596584082090829109930656294789659594259513041194113911925549165279376574551191872274354184990804020423135336040748677101682284859497160252750480643,x.738156231236632180679999374188815770597575164395427469792529665772250843068686231944776715568317966579013402869422389956385143715517850282584785634397359867,y.019634257823199465700743887968074973776917627857301929418924020573544867702842516116080640925862065221005234505331017587632672345910196635409621979676976551,0.738156231236632180679999374188815770597575164395427469792529665772250843068686231944776715568317966579013402869422389956385143715517850282584785634397359867,0.019634257823199465700743887968074973776917627857301929418924020573544867702842516116080640925862065221005234505331017587632672345910196635409621979676976551
105,110,True,1061162868009069126840951929759313,1061162868009069126840951929759313,0.000000000000000000000000000000000000000000009164381392533759377588158823127437183166483418181106924490549964676962236595825023702047379943676317874150779514,0.738156231236632180679999374188815770597575164395427469792529665772250843068686231944776715568317966579013402869422389956385143715517850282584785634397359867,0.019634257823199465700743887968074973776917627857301929418924020573544867702842516116080640925862065221005234505331017587632672345910196635409621979676976551,0.738156231236632180679999374188815770600331775878643792074413983904624868604882493801386576972422420688981646104127965586871125976343919655287174823498654853,0.019634257823199465700743887968074973776990951116375672732914105072511131917109079618025904740928408024162264987076913643281019480720358351409247306854365284,0.037466743341644109080124423443291452200717371694337490008265156135557870992180201945938989571629093724464899910601107497759939865217478004291827345817994499,0.011464653521173036806880514889828347923437019411136662715125262640810847457686608650873727740286874203117928730262906363804519990494040759800009162799852960,0.037466743341644109080124423443291452200857289574270939708507867438926419883615958359479636052456713948280165339900426405495690758315354506700458432645500729,0.011464653521173036806880514889828347923479833647757840557254353757028354813089082019428227122227272614939530615771983676825940167282958399012654683561375792,x.738156231236632180679999374188815770597575164395427469792529665772250843068686231944776715568317966579013402869422389956385143715517850282584785634397359867,y.019634257823199465700743887968074973776917627857301929418924020573544867702842516116080640925862065221005234505331017587632672345910196635409621979676976551,x.037466743341644109080124423443291452200717371694337490008265156135557870992180201945938989571629093724464899910601107497759939865217478004291827345817994499,y.011464653521173036806880514889828347923437019411136662715125262640810847457686608650873727740286874203117928730262906363804519990494040759800009162799852960,0.037466743341644109080124423443291452200717371694337490008265156135557870992180201945938989571629093724464899910601107497759939865217478004291827345817994499,0.011464653521173036806880514889828347923437019411136662715125262640810847457686608650873727740286874203117928730262906363804519990494040759800009162799852960
110,115,True,30373877132419864991725933905475202,30373877132419864991725933905475202,0.000000000000000000000000000000000000000000262313922587306658546191319074748339411390980636002031385987827321144767594716467171068190754811411546193941896440,0.037466743341644109080124423443291452200717371694337490008265156135557870992180201945938989571629093724464899910601107497759939865217478004291827345817994499,0.011464653521173036806880514889828347923437019411136662715125262640810847457686608650873727740286874203117928730262906363804519990494040759800009162799852960,0.037466743341644109080124423443291452200857289574270939708507867438926419883615958359479636052456713948280165339900426405495690758315354506700458432645500729,0.011464653521173036806880514889828347923479833647757840557254353757028354813089082019428227122227272614939530615771983676825940167282958399012654683561375792,0.284470778010974661152139142945376090460389300349226701358219047937737013221947494889852733396358219474524107062879491244329493670483898655086406743975341527,0.402106533791958036014947248833024184694151664552785721924583273995645873972512690318820309948921981279689809288294075039518140116866227225377070750217074134,0.284470778010974661152139142945376090461451643766677511143878547571399507451039320431456529766043460299240930072124020752438779676174250163518680241176886455,0.402106533791958036014947248833024184695653313447180660935247828934635776181876182841503255384866839507116048385322615563411229248538430333082725144727330814,x.037466743341644109080124423443291452200717371694337490008265156135557870992180201945938989571629093724464899910601107497759939865217478004291827345817994499,y.011464653521173036806880514889828347923437019411136662715125262640810847457686608650873727740286874203117928730262906363804519990494040759800009162799852960,x.284470778010974661152139142945376090460389300349226701358219047937737013221947494889852733396358219474524107062879491244329493670483898655086406743975341527,y.402106533791958036014947248833024184694151664552785721924583273995645873972512690318820309948921981279689809288294075039518140116866227225377070750217074134,0.284470778010974661152139142945376090460389300349226701358219047937737013221947494889852733396358219474524107062879491244329493670483898655086406743975341527,0.402106533791958036014947248833024184694151664552785721924583273995645873972512690318820309948921981279689809288294075039518140116866227225377070750217074134
115,120,True,887879377610406481376237376254337373,887879377610406481376237376254337373,0.000000000000000000000000000000000000000007667875961635818930436336440736400253702554470263789329461736437972420287301014807027110904981456796307321528811207,0.284470778010974661152139142945376090460389300349226701358219047937737013221947494889852733396358219474524107062879491244329493670483898655086406743975341527,0.402106533791958036014947248833024184694151664552785721924583273995645873972512690318820309948921981279689809288294075039518140116866227225377070750217074134,0.284470778010974661152139142945376090461451643766677511143878547571399507451039320431456529766043460299240930072124020752438779676174250163518680241176886455,0.402106533791958036014947248833024184695653313447180660935247828934635776181876182841503255384866839507116048385322615563411229248538430333082725144727330814,0.807476743324398323969412101315781451964287132753968309044577785287333590235183362223762643512274379260335944174004035132829954725392198195114302331160451110,0.168355198284771605775950611314635326809635424867515919763405039002718799508310858315059298876199763888065386352492494180697210494202143290669722277638175321,0.807476743324398323969412101315781451967302618594071708829400789555372112600080182087581314479230608089958740039289133066578216652955415916148411801079045095,0.168355198284771605775950611314635326810264139837615776711945101468989171355931258149177523648389026013251246852975288279985511695450600135167426593029556807,x.284470778010974661152139142945376090460389300349226701358219047937737013221947494889852733396358219474524107062879491244329493670483898655086406743975341527,y.402106533791958036014947248833024184694151664552785721924583273995645873972512690318820309948921981279689809288294075039518140116866227225377070750217074134,x.807476743324398323969412101315781451964287132753968309044577785287333590235183362223762643512274379260335944174004035132829954725392198195114302331160451110,y.168355198284771605775950611314635326809635424867515919763405039002718799508310858315059298876199763888065386352492494180697210494202143290669722277638175321,0.807476743324398323969412101315781451964287132753968309044577785287333590235183362223762643512274379260335944174004035132829954725392198195114302331160451110,0.168355198284771605775950611314635326809635424867515919763405039002718799508310858315059298876199763888065386352492494180697210494202143290669722277638175321
120,125,True,36731206216901564172233498826696457097,36731206216901564172233498826696457097,0.000000000000000000000000000000000000000317216888121094863045701653519710902412564183208234014573594273602151364709550046709383212015128714090437142287993639,0.807476743324398323969412101315781451964287132753968309044577785287333590235183362223762643512274379260335944174004035132829954725392198195114302331160451110,0.168355198284771605775950611314635326809635424867515919763405039002718799508310858315059298876199763888065386352492494180697210494202143290669722277638175321,0.807476743324398323969412101315781451967302618594071708829400789555372112600080182087581314479230608089958740039289133066578216652955415916148411801079045095,0.168355198284771605775950611314635326810264139837615776711945101468989171355931258149177523648389026013251246852975288279985511695450600135167426593029556807,0.200937193147230411599632015275276505227172295544792897280002089008794447664712179394867030384649387369555608419287533405912209013660369880796295721333719837,0.164492624398603008165854431309169080777632101602472104550477758694371309878873882175960708536817866959447158766815130094214217218875932740433324560802084418,0.200937193147230411599632015275276505227922686519758933706551737477145322060813003585113630549181053607786109057146093805104534435790054210685489052579220963,0.164492624398603008165854431309169080778246391962877146736971250590347856640015819859323807422905622231515813547480963126319233267800778653019882970769761280,x.807476743324398323969412101315781451964287132753968309044577785287333590235183362223762643512274379260335944174004035132829954725392198195114302331160451110,y.168355198284771605775950611314635326809635424867515919763405039002718799508310858315059298876199763888065386352492494180697210494202143290669722277638175321,x.200937193147230411599632015275276505227172295544792897280002089008794447664712179394867030384649387369555608419287533405912209013660369880796295721333719837,y.164492624398603008165854431309169080777632101602472104550477758694371309878873882175960708536817866959447158766815130094214217218875932740433324560802084418,0.200937193147230411599632015275276505227172295544792897280002089008794447664712179394867030384649387369555608419287533405912209013660369880796295721333719837,0.164492624398603008165854431309169080777632101602472104550477758694371309878873882175960708536817866959447158766815130094214217218875932740433324560802084418
125,130,True,1066223435235764895122171341266690608157,1066223435235764895122171341266690608157,0.000000000000000000000000000000000000009208085304087890871545960033242324057126597134146768219141946352508880461228247370009224785122697453420350088897930996,0.200937193147230411599632015275276505227172295544792897280002089008794447664712179394867030384649387369555608419287533405912209013660369880796295721333719837,0.164492624398603008165854431309169080777632101602472104550477758694371309878873882175960708536817866959447158766815130094214217218875932740433324560802084418,0.200937193147230411599632015275276505227922686519758933706551737477145322060813003585113630549181053607786109057146093805104534435790054210685489052579220963,0.164492624398603008165854431309169080778246391962877146736971250590347856640015819859323807422905622231515813547480963126319233267800778653019882970769761280,0.387645616836535034195978177439466371730134269822604837990463785590279402960191409758851745359157422179371328150582823410967217622047824887024150703666136985,0.689340680082145032575268214710304776713453536239369435889636066545491584126275062561428125000518955556135425876181119568670363259973605441609612728108829041,0.387645616836535034195978177439466371731581915068381416068599414174087512400201440910383913194071123253368007913450240915058483363393941554395290432276733133,0.689340680082145032575268214710304776716027848226655803549759787376151954600657806719352070291500929022119746288311140050894855051735232766633606069344065373,x.200937193147230411599632015275276505227172295544792897280002089008794447664712179394867030384649387369555608419287533405912209013660369880796295721333719837,y.164492624398603008165854431309169080777632101602472104550477758694371309878873882175960708536817866959447158766815130094214217218875932740433324560802084418,x.387645616836535034195978177439466371730134269822604837990463785590279402960191409758851745359157422179371328150582823410967217622047824887024150703666136985,y.689340680082145032575268214710304776713453536239369435889636066545491584126275062561428125000518955556135425876181119568670363259973605441609612728108829041,0.387645616836535034195978177439466371730134269822604837990463785590279402960191409758851745359157422179371328150582823410967217622047824887024150703666136985,0.689340680082145032575268214710304776713453536239369435889636066545491584126275062561428125000518955556135425876181119568670363259973605441609612728108829041
