source,d0,q_x,q_d,q_gap_x,q_gap_d,perm_x,perm_d,dx0,dx1,dx2,dd0,dd1,dd2,argmax_dx,argmax_dd,argmin_dx,argmin_dd,ranks_dx,ranks_dd
walk,1,2,1,1,1,012,012,30274016299460456955180710445103740436904394362004711957137520612170797185075,5837356808879445928044392441662731853979370245938921638139564710308724785456,79680716128976292540345882121921435562386220057696930444180498685429312701132,37718080363155996902926221483475020450927657555482586988616620542887997980017,40355928511004201617718542041737866950982249168109730405371922055742165534300,37718080363155996902926221483475020450927657555482586988616620542887997980020,2,1,1,0,102,021
walk,2,2,1,2,2,210,021,114597971419169871614081730716396508552079863314720831883554984435412541484587,81066827568600221195932702332839445080257759209894526929124961428827523429350,35919379486862298037127536968139862074202346806665769266235222151577604429389,75436160726311993805852442966950040901855315110965173977233241085775995960034,80711857022008403235437084083475733901964498336219460810743844111484331068600,75436160726311993805852442966950040901855315110965173977233241085775995960040,0,1,2,0,210,021
walk,3,2,1,2,2,210,021,104142086391238706299364097827836482469440431465842404806799700285672948510821,32541292084971746348880751865977555021124128371899784949796678802568948672310,94900799998421938198897120323561778215975409493538938322318788927575772160195,113154241089467990708778664450425061352782972666447760965849861628663993940051,5275696295696409429584641116525693000109183225254286833510603025708335108563,113154241089467990708778664450425061352782972666447760965849861628663993940060,0,2,1,1,201,102
walk,4,2,1,2,1,102,012,24827225446255076175260587891987543933705736022233331732148486845886683123740,103348184069849388264515271488126748619301960706024788260124076637002487458123,103408768958527926407366110637261523153532272603023008086642604532928498761463,35080232215307792188133900925212173950873065942855443571861319030033830425731,45631624806700611047303183158263559951091432393364017238882525081450500642863,35080232215307792188133900925212173950873065942855443571861319030033830425743,2,1,0,0,012,021
walk,5,1,1,1,2,012,021,1780019656262522112383467901000323140375873152462665237466216642089637594756,47714560249500206855816881243829552090211838416989612652033993326255330467707,66297509331553466455370635863858032622682273096188286149957374039563866609200,72798312578463789091060122408687194401800723498338030560477939572921828405748,85987553317704812665021725200001426902073681561473747644254447137192666177163,72798312578463789091060122408687194401800723498338030560477939572921828405763,2,1,0,0,012,021
walk,6,2,1,2,2,210,021,104149133137043662930151433664328888124617188715044445450465418384606499571486,23320451980015752139037782431290775291929610087987010625734195427878389120685,104114593357572975777952753921756152289993170528249672002715554203332780651155,110516392941619785993986343892162214852728381053820617549094560115809826385765,10551392591392818859169282233051386000218366450508573667021206051416670217126,110516392941619785993986343892162214852728381053820617549094560115809826385783,0,2,1,1,201,102
walk,7,1,1,2,1,102,012,82865997412836815542938909873648770796996607341861014358705192673151474908935,55799147011341696369204507698149615906143261453630487124007484718454362310987,92919034050453878934998552445577429003400100535789626596202490624211832123404,32442384067459587473341580366949327450818474330228300155106017517179662871445,50907321102397020476887824274789252951200615618618304072393128107158835751426,32442384067459587473341580366949327450818474330228300155106017517179662871466,2,1,1,0,102,021
walk,8,1,1,1,2,012,021,11154982955636080840720191977021172169648066598949445904179435361016445969010,29695951407589149881343545783804269679422363006214043097125145545726874892616,74941154874090964701507247247862466004199555060477075038153003101165513810037,70160464430615584376267801850424347901746131885710887143722638060067660851462,91263249613401222094606366316527119902182864786728034477765050162901001285726,70160464430615584376267801850424347901746131885710887143722638060067660851486,2,1,0,0,012,021
walk,9,2,1,2,2,102,021,98999085286002420405569950652905853291864886382682667429309915811428023757251,30650290328626633616972055420857287787135534093089798062969186451698324715260,101934802860003336824599963943612674627539548855508662586636065752691320870815,107878544793771581279194023333899368352673789441193474132339258602955658831479,15827088887089228288753923349577079000327549675762860500531809077125005325689,107878544793771581279194023333899368352673789441193474132339258602955658831506,2,2,1,1,102,102
walk,10,1,1,1,1,120,012,60855244221676501631490961250389556083678365462212718037378494192554933269137,8198868583454055145462886845558004295773751253307032160240401340058518927382,46737976432185638646617136912740347473817867950120813841838688475295382475144,29804535919611382758549259808686480950763882717601156738350716004325495317159,56183017398093429906472465391314945951309798843872590905903731132867170859989,29804535919611382758549259808686480950763882717601156738350716004325495317189,0,1,1,0,201,021
walk,11,1,1,2,2,210,021,98904425898896822490536522385761529616595045805331188205058211270831630225483,103486775162434261894003859240044260779321571828745611687770328459040612332997,29192977413301306462601588391570025310623351697204328186086628285945426784846,67522616282767379661475481292161501401691540273083743726967336547213493297176,96538945909097631524191007433052812902292048011982321311275653188609336394289,67522616282767379661475481292161501401691540273083743726967336547213493297209,1,1,2,0,120,021
walk,12,2,1,1,2,120,021,83352819624899023387092209592292468969444395808977241892852927146892735982010,14128938922746089094533200995056158861016468210628873648821130670903294354490,18310330689671082941945574421339280022809120646034448497783526190112804335163,105240696645923376564401702775636521852619197828566330715583957090101491277193,21102785182785637718338564466102772000436732901017147334042412102833340434252,105240696645923376564401702775636521852619197828566330715583957090101491277229,0,2,1,1,201,102
walk,13,2,1,2,1,210,012,115237109149465216710523090465038155995967549608715569204049266795160400779263,19389129893082406692164055923275736210397264045360431213298850038833355959541,96957939432084767444454823629061923500175155677205127661567051181823912604522,27166687771763178043756939250423634450709291104974013321595414491471327762873,61458713693789839336057106507840638951418982069126877739414334158575505968552,27166687771763178043756939250423634450709291104974013321595414491471327762912,0,1,1,0,201,021
walk,14,1,1,1,2,201,021,22365540205379298121205369885897612264863090353800952777216522699254414217332,86949168083518535453796566158470005885730009213366813515711501110006557076426,6477380948418361848569048964320289702676885098472797746529560198647863377905,64884768134919174946683160733898654901636948660456600310212035034359325742890,101814642204794040953775648549578505902401231237236608144786256214317671502852,64884768134919174946683160733898654901636948660456600310212035034359325742932,1,1,2,0,120,021
walk,15,2,1,1,2,120,021,76350346123163541065188746493443918473110194888821167685210804232714190038997,17950397619868551110260567549712753199997894796957533922321154791965881960680,21491345494284103248121670965531236180161894979861862431925624983228762671986,102602848498075171849609382217373675352564606215939187298828655577247323722907,26378481478482047147923205582628465000545916126271434167553015128541675542815,102602848498075171849609382217373675352564606215939187298828655577247323722952,0,2,1,1,201,102
walk,16,2,1,1,1,120,012,55377683538557366724293487023697833306367259763628335036447287800700489160814,40233339005822084123414097079222678251159831601736139387057144408074995792834,20181066692936744575863400905767396295742893300276089615953151799133349718015,24528839623914973328964618692160787950654699492346869904840112978617160208587,66734409989486248765641747624366331951528165294381164572924937184283841077115,24528839623914973328964618692160787950654699492346869904840112978617160208635,0,1,2,0,210,021
walk,17,2,1,2,2,210,021,103090984632031509829542364122699602382898930109001041181566578852405863378628,70192231601774595961103293159667090918569218788838637052782907453069205450951,58300962240826285056496312735009122405071820433441449844565681710342600513747,62246919987070970231890840175635808401582357047829456893456733521505158188604,107090338500490450383360289666104198902510414462490894978296859240026006611415,62246919987070970231890840175635808401582357047829456893456733521505158188655,0,1,2,0,210,021
walk,18,1,1,2,2,102,021,105168682863830376518944438743006261688917531467057013524839241442803232197549,20335084125230634327967937434536468970537539215616053360826475175443729835471,106080411485571380000229593839833085047084898648608061193249451397570707310306,99965000350226967134817061659110828852510014603312043882073354064393156168621,31654177774178456577507846699154158000655099351525721001063618154250010651378,99965000350226967134817061659110828852510014603312043882073354064393156168675,2,2,1,1,102,102
walk,19,1,1,1,1,012,012,18838964764235399307292063615136055961475294246399274544200698370021855792125,19349033635356958916207072543870024625400693256628570170549686483890149577201,77604090837723837200071848849681827266393997162612719324707199153996829302337,21890991476066768614172298133897941450600107879719726488084811465762992654301,72010106285182658195226388740892024951637348519635451406435540209992176185678,21890991476066768614172298133897941450600107879719726488084811465762992654358,2,1,0,0,012,021
walk,20,2,1,1,2,012,021,51492320912520748756088779378848493830713089833423252332996572112558677262481,24279051481245050059604113416886016870759859404720320835613515282646644400503,40020716843550396607878092212953397151797035427496990870847496612703513008679,59609071839222765517098519617372961901527765435202313476701432008650990634318,112366034796186859812944930782629891902619597687745181811807462265734341719978,59609071839222765517098519617372961901527765435202313476701432008650990634378,0,1,1,0,201,021
walk,21,1,1,2,2,021,021,23016659916541056988544337436995668164958570117001988221791229341960806163040,113401231735405605158878864248509969152355313473992322506195046817865382110751,95166286822685728699718768331870178389226085740286817350928891855991481069535,97327152202378762420024741100847982352455422990684900465318052551538988614335,36929874069874866007092487815679851000764282576780007834574221179958345759941,97327152202378762420024741100847982352455422990684900465318052551538988614398,1,2,0,1,021,102
walk,22,1,1,1,1,201,012,29245523774166202228123007240789779334251084211746085786565246782221603607514,83368886824030168152637611827530346414371804944794347759744774896324127560374,3177678639119825042810365940367782104647095509100130493147562329363103503775,19253143328218563899379977575635094950545516267092583071329509952908825100015,77285802580879067624811029857417717951746531744889738239946143235700511294241,19253143328218563899379977575635094950545516267092583071329509952908825100081,1,1,2,0,120,021
walk,23,1,1,1,1,201,012,62981387573605838290815571673915025657034797022455516321745598625697771709629,40986266458250167786060796346300271945311782605622999360090282010136597940775,11824435205460189346694616988472610250923405037562048357621703372074465021259,56971223691374560802306199059110115401473173822575170059946130495796823080032,1849641854567073818958586890467677049891216633924564262712902149924515334204,56971223691374560802306199059110115401473173822575170059946130495796823080101,0,2,2,1,210,102
walk,24,2,1,2,2,210,021,107745788455551434994870597106342003364398727964341020721103328078944671865174,18198154424780050245634326078930713158390217489619569436011740246383194015189,105640235594300905606637046832103099183751023877320537921800099690489803462963,94689304054530557705232420542585135852400831378057757048562751038684821060049,42205570365571275436677128932205544000873465802034294668084824205666680868504,94689304054530557705232420542585135852400831378057757048562751038684821060121,0,2,1,1,201,102
walk,25,2,1,1,1,201,012,45706837269683963289162522480637623562487239239171721361321932236305245953706,57467106483353466536355049877628003676288476490840693259565433493797624844797,12618145484278765598053412650422280614494268935628149418570218277805963873160,16615295180370359184587657017372248450490924654465439654574208440054657545729,82561498876575477054395670973943410951855714970144025073456746261408846402804,16615295180370359184587657017372248450490924654465439654574208440054657545804,1,1,2,0,120,021
walk,26,2,1,2,1,021,012,50909944226067192740351514841146363281112212387405033390403469203799166175270,106428815261244853801775930941454798228179592122747592014011681294474421632675,74245418987320344305014524234774654197248164821128502674500017517544081535381,54333375543526356087513878500847268901418582209948026643190828982942655525746,7125338150263483248543228006993370050000399859178851096223505175632850442767,54333375543526356087513878500847268901418582209948026643190828982942655525824,1,2,0,1,021,102
walk,27,2,1,1,2,120,021,80391884054517051143273919560382532473958395891101766036960612842529811654447,5314118340073795006290346984897606662206411256896373989904896271654011440355,30086086842725349274006718463407768717105177517642424012592074893725011576861,92051455906682352990440099984322289352346239765430613631807449525830653505763,47481266661267684866261770048731237000982649027288581501595427231375015977067,92051455906682352990440099984322289352346239765430613631807449525830653505844,0,2,1,1,201,102
walk,28,2,1,2,1,021,012,65822062919741713848546915652537210046215267406940676216598972916782669677987,99144588216416399975211724750755370890812220336848357690279653487564439813391,66617527338474277023383329614083234769512481587492094172036541611470559851948,13977447032522154469795336459109401950436333041838296237818906927200489991443,87837195172271886483980312090469103951964898195398311906967349287117181511367,13977447032522154469795336459109401950436333041838296237818906927200489991527,1,1,0,0,021,021
walk,29,2,1,1,1,201,012,14573823682647124465722473313382295526463720825558997702316205298613338290245,51860134916327989261862054107808477554078060068960047810579288769494606269554,49358130638341081695986457587497134772728203771121518526562089939800890111864,51695527395678151372721557942584422401363990597320883226435527470088487971460,12401034445959892678127869123519063050109583084433137929734108201341185551330,51695527395678151372721557942584422401363990597320883226435527470088487971547,1,2,0,1,021,102
walk,30,1,1,2,2,210,021,101454340185666434792200758200226623775917746970403359824825622372125954945481,112125278525242745286941752647576709278116325171416748013522012555018383781674,18004559763723210767999459169572482652505897189461020240567533088673330616171,89413607758834148275647779426059442852291648152803470215052148012976485951477,52756962956964094295846411165256930001091832252542868335106030257083351085630,89413607758834148275647779426059442852291648152803470215052148012976485951567,1,2,2,1,120,102
walk,31,2,1,2,1,021,012,56028380240039313086566239626777520981944436042789013040627720469487020029159,91291297756565531662684345360807388992956972594738887668292196172089268229795,84264500478027546097891385029790905731638560693753227369995251374241381084372,11339598884673949755003015900846555450381741429211152821063605414346322437157,93112891467968295913564953206994796952074081420652598740477952312825516619930,11339598884673949755003015900846555450381741429211152821063605414346322437250,1,1,0,0,021,021
walk,32,2,1,2,1,102,012,49118016204380940328642933450691153480679030467403950790027630130951310776648,78609805530178992669076085602370125460733952291531058440085368828306990039805,103856356740072457849422950964314536765126986572346118848802169056559368526873,49057679247829946657929237384321575901309398984693739809680225957234320417174,17676730741656302107712510240044756050218766309687424763244711227049520659893,49057679247829946657929237384321575901309398984693739809680225957234320417270,2,2,0,1,012,102
walk,33,1,1,1,2,201,021,85632456554390746133649613597387528685486635894445868002138135713733762682540,29660942296875076749697262262261451613781682284866469532622584472191172761367,498690386050372540224109149038927554001666486328226504696863821983899227756,86775759610985943560855458867796596352237056540176326798296846500122318397191,58032659252660503725431052281782623001201015477797155168616633282791686194193,86775759610985943560855458867796596352237056540176326798296846500122318397290,0,2,2,1,210,102
walk,34,1,1,1,1,012,012,38931229941159970786642729777490763062549062632269663063977512768438542204198,70299542072882441633543517525804452826599708434434230896297619071106682288,76790559754083342195294711713671340337894322324936466744583773620399185785177,8701750736825745040210695342583708950327149816584009404308303901492154882871,98388587763664705343149594323520489952183264645906885573988555338533851728493,8701750736825745040210695342583708950327149816584009404308303901492154882973,2,1,1,0,102,021
walk,35,1,1,1,1,201,012,14295086230590988906574693490416527372447106229978408860279199180594581814214,72241021796057421036089293117649973677121302988168482706808955068121567339367,29255981210667785480906998400621406803701575447493672472369429759192685518082,46419831099981741943136916826058729401254807372066596392924924444380152862888,22952427037352711537297151356570449050327949534941711596755314252757855768456,46419831099981741943136916826058729401254807372066596392924924444380152862993,1,2,0,1,021,102
walk,36,2,1,1,2,120,021,61182140341384774197611212312361911891200404195323901420168586956871305679899,36546779903701404999078482758504166602719413998294716676956412395646952045979,18063168992230016226881289937821829359350166472021945942332584655390576945785,84137911463137738846063138309533749852182464927549183381541544987268150842905,63308355548356913155015693398308316001310198703051442002127236308500021302756,84137911463137738846063138309533749852182464927549183381541544987268150843013,0,2,2,1,210,102
walk,37,2,1,1,1,012,012,32889379266388819725104166358328512661393157675689335391734403927579679328630,31716021194264088064488135665430892860786044800925280678542827335125293206459,51186688776663287633978682984928502331090782189025947969180352745203862136574,6063902588977540325418374784320862450272558203956865987553002388637987328585,103664284059361114772734235440046182952292447871161172407499158364242186837056,6063902588977540325418374784320862450272558203956865987553002388637987328696,2,1,1,0,102,021
walk,38,2,1,2,1,102,012,85884833262973384262416329633731471275679657080817738481031668838076978048441,43621516173056900178009908967473090461950629071280848170264238826730299692389,102077829038602106406715731416171253968909683179182541427619260351010391602496,43781982952133537228344596267795882901200215759439452976169622931525985308602,28228123333049120966881792473096142050437132760195998430265917278466190877019,43781982952133537228344596267795882901200215759439452976169622931525985308716,2,2,1,1,102,102
walk,39,1,1,1,2,120,021,66842613589590655362132591477124793237317963890850827427276447627379993395809,38953175643635046540781192974555224020221905788402765431067386613589743816062,9996300004090493520657200557007890595730114986386971181113749766939097459792,81500063315289534131270817751270903352127873314922039964786243474413983288619,68584051844053322584600334514834009001419381928305728835637839334208356411319,81500063315289534131270817751270903352127873314922039964786243474413983288736,0,2,2,1,210,102
walk,40,1,1,1,1,120,012,69419263668056719490766307675572435703351052750458135323007791551347590607763,10603949238941695388652224197895959640754399381547624569373927242629871347270,35768876330317780544152453135219512509164532533634804147075865213931372716630,3426054441129335610626054226058015950217966591329722570797700875783819774299,108939980355057524202318876556571875952401631096415459241009761389950521945619,3426054441129335610626054226058015950217966591329722570797700875783819774419,0,1,1,0,201,021
walk,41,2,1,2,1,021,012,33664903502563512986589868473574775412904010440055961741881391679902309559368,113718342033824923226662368127072690102780236235465059449481062454528020332812,84200932938243954633889733416728350190855722655760106887552713881387339451146,41144134804285332513552275709533036401145624146812309559414321418671817754316,33503819628745530396466433589621835050546315985450285263776520304174525985582,41144134804285332513552275709533036401145624146812309559414321418671817754439,1,2,0,1,021,102
walk,42,2,1,1,2,120,021,20061081293242632758314254456412500361933599209824693078095639089986666590400,77635791901409014963673050807768585610351455139035999069080223524881933167151,18095216042664547701583679744506821880984930316779871892281721393040234914112,78862215167441329416478497193008056852073281702294896548030941961559815734333,73859748139749732014184975631359702001528565153560015669148442359916691519882,78862215167441329416478497193008056852073281702294896548030941961559815734459,1,2,2,1,120,102
walk,43,2,1,1,1,201,012,9330551557100817637677668042081099499702526020190714649201789076054151407134,39470328660241010148129543556636592052162829393352049184561048176399174576374,66991209019974367637763773409970216301404629252097800205694746755455508688155,788206293281130895833733667795169450163374978702579154042399362929652220013,114215676650753933631903517673097568952510814321669746074520364415658857054182,788206293281130895833733667795169450163374978702579154042399362929652220142,2,1,0,0,012,021
walk,44,1,1,1,1,201,012,9058824581674574101685812153483986394260839439302441200837842102302918133450,87248213278024188760784811542136291973923833117213275052628611789608783156379,19485051377617432561100361313067629485085312109124847785991130115997133381834,38506286656437127798759955151270189901091032534185166142659019905817650200030,38779515924441939826051074706147528050655499210704572097287123329882861094145,38506286656437127798759955151270189901091032534185166142659019905817650200162,1,1,0,0,021,021
walk,45,1,1,1,2,012,021,40591700341465226274111834446744342584075921650775891530622557049735578729946,28399422507267044109435207054252704987168994020577245539177863647254045815890,46800966388583925040023943507690860282025068994287426969657163310919210125827,76224367019593124701686176634745210352018690089667753131275640448705648180047,79135444435446141443769616747885395001637748378814302502659045385625026628445,76224367019593124701686176634745210352018690089667753131275640448705648180182,2,1,1,0,102,021
walk,46,2,1,2,2,210,021,77539923437563661236414440442307933083451854990154809830332752504868733865361,86423295638054275977530400128007833783163242714943298132723267098952095321220,67620959399014453633197129447060048839924871626183020115859148411996840156745,113942447382749121604612398118220230802946347645150340119892260991593646160064,3699283709134147637917173780935354099782433267849128525425804299849030668408,113942447382749121604612398118220230802946347645150340119892260991593646160202,1,2,2,1,120,102
walk,47,2,1,1,1,012,012,18409986008030992102165269095356764466135576006614136182757439670259361374008,32004782769464728420776107211244852394869865969688594845935330681335176438162,65377320459820474900629608702086290992264542689337833010764813656314296859493,35868438508588923083967634593007343401036440921558022725903718392963482645744,44055212220138349255635715822673221050764682435958858930797726355591196202708,35868438508588923083967634593007343401036440921558022725903718392963482645885,2,1,0,0,012,021
walk,48,1,1,1,2,201,021,4127305848420516195525095848761354171768607762107788399855814223257608597930,72994553887565650419936163835812888091116135246619450068633360726734686577601,38670229501330028808109725324113665590385241656913325570968409057916539496132,73586518871744919986893856076482363851964098477040609714520338935851480625761,84411140731142550873354257864411088001746931604068589336169648411333361737008,73586518871744919986893856076482363851964098477040609714520338935851480625905,1,1,0,0,021,021
walk,49,2,1,2,2,210,021,67798732357059755327566246684108137837446272446722343669643390548940577205485,113824161875475071324078755243133735483270291428722700154064014068489068557185,49961284242097564195496968090133942385823405455836084255207763398388023580656,111304599234900916889820077559957384302891756032523196703136959478739478605778,8974980004830557067501814897461047099891616493103415358936407325557365776971,111304599234900916889820077559957384302891756032523196703136959478739478605925,1,2,2,1,120,102
walk,50,1,1,2,1,021,012,46295794438673561135087295117833602908052152954725429120863857097073477118879,82735472531710646071300896063985847240413699823844316514219367401087570301266,102552911504248183640753778835556365558074116552711382443831943517656621923181,33230590360740718369175314034744496900981849308930879309148416880109315091458,49330908515834758685220356939198914050873865661213145764308329381299531311271,33230590360740718369175314034744496900981849308930879309148416880109315091608,2,1,0,0,012,021
walk,51,2,1,1,2,012,021,64054130417707349546858198351126340180225238098532084063173871319845748099186,8176211594517331318668905065302426231146181900114354827732907009424755059305,43561747225091514558043881592259141441898564666994125148550805678638331513172,70948670723896715272101535518219517351909506864413466297765037422997313071475,89686837026838960302938898980936781001856114829322876169680251437041696845571,70948670723896715272101535518219517351909506864413466297765037422997313071628,0,1,1,0,201,021
walk,52,1,1,1,2,012,021,26873568940848664475077557297166097741523779026866836603354714061222180829887,3511409287947274579385247908473447992252955860015915437854383998859806221042,85407111008520256369108179803048362119493249778757811998248485947826847620734,108666751087052712175027757001694537802837164419896053286381657965885311051492,14250676300526966497086456013986740100000799718357702192447010351265700885534,108666751087052712175027757001694537802837164419896053286381657965885311051648,2,2,1,1,102,102
walk,53,2,1,2,1,210,012,83781999482921130746425265023936319934794567646444733728366667644771423174712,83783241992033687316189572460935326586319484937584895693504719503797837010342,64018936999677572784527132532504169185425916747251498657043780867248409158272,30592742212892513654382993476481650400927257696303735892393115367255147537172,54606604811531168114804998055724607050983048886467432597818932407007866419834,30592742212892513654382993476481650400927257696303735892393115367255147537331,1,1,2,0,120,021
walk,54,2,1,1,2,012,021,44656748869363086878571415859621499027282634717903700180173529907504432582748,33902586543503497338648033464534903562198532287527960317924173520350844741221,37232753824449611206351535684531505263788817660208903541359880580053557347694,68310822576048510557309214959956670851854915251786322881009735910143145517189,94962533322535369732523540097462474001965298054577163003190854462750031954134,68310822576048510557309214959956670851854915251786322881009735910143145517351,0,1,1,0,201,021
walk,55,2,1,2,2,210,021,94490521481026913217441894766094717301805265265445631344486047375175883140446,114566840899209465689526603018496853993505626905303840301601438752323552201916,22526816094396011940173472232784244411229077160531656432827681888318234000964,106028902939204507460235436443431691302782572807268909869626356453031143497206,19526372596223375926671097130512433100109982943611989025957613376974035994097,106028902939204507460235436443431691302782572807268909869626356453031143497371,1,2,2,1,120,102
walk,56,2,1,2,1,102,012,78208398667112363640254817493072078941188291328738516005238036655126389844363,50421075024814546371048622028990843547892862467122310586850865749231974095457,102954704782705480835838530495312893217458815535420301486826265611459305403506,27954894065044308939590672918218803900872666083676592475637813854400979982886,59882301107227577544389639172250300051092232111721719431329535432716201528397,27954894065044308939590672918218803900872666083676592475637813854400979983054,2,1,1,0,102,021
walk,57,1,1,1,2,012,021,31903908650021749277568230501984878371510425600797352409185056016738651353059,416418661813502360428940165747861436340745595390692724701415462228615444745,83471761925480943785573814340955168045418813469452518905571112528941567873859,65672974428200305842516894401693824351800323639159179464254434397288977962903,100238229618231779162108181213988167002074481279831449836701457488458367062697,65672974428200305842516894401693824351800323639159179464254434397288977963074,2,1,1,0,102,021
walk,58,1,1,1,2,201,021,37666166109711705957723664891207879220009801471649571832660182669972955239862,62166266649636208128673160056715083948767482765542769820160607502462659691841,15959656477968281337174160060764944684492700428448222386636793835473219739960,103391054791356302745443115885168844802727981194641766452871054940176975942920,24802068891919785356255738247038126100219166168866275859468216402682371102660,103391054791356302745443115885168844802727981194641766452871054940176975943094,1,2,2,1,120,102
walk,59,2,1,2,1,021,012,60291808498332397658069772685745496862039624738119656611091027838752451845530,66388781886706741368728743843058234324801172713068995205037961333690183814330,104903588089593251820343453488572084519699171880092476262786178843375033683466,25317045917196104224798352359955957400818074471049449058882512341546812428600,65157997402923986973974280288775993051201415336976006264840138458424536636960,25317045917196104224798352359955957400818074471049449058882512341546812428777,2,1,0,0,012,021
walk,60,1,1,1,2,012,021,47313225816504046658249259171424245737497971909716229787225054292520978908153,19609958231980126328612172812792641403198782163250830239128560296593494683527,48868905188832022436709553024471020712573230592673504013103969418794361079983,63035126280352101127724573843430977851745732026532036047499132884434810408617,105513925913928188591692822330513860002183664505085736670212060514166702171260,63035126280352101127724573843430977851745732026532036047499132884434810408797,2,1,1,0,102,021
walk,61,2,1,1,2,012,021,32885726450549794860596818066574387889423358792076184695927572193024516905216,6636433558726515175647916022097276888734316530837548545296885014174800863766,76269929228039885387326250920016243075112309342726830798233126800709516902681,100753206643508098030650795326905998302673389582014623036115753427322808388634,30077765187616194785840379363563819100328349394120562692978819428390706211223,100753206643508098030650795326905998302673389582014623036115753427322808388817,2,2,1,1,102,102
walk,62,1,1,1,1,012,012,26646131413619476367895928134178048482319785923666192304907154819375329645751,40087736003636312062632741113290888352666451486045825936889433568359122402038,49058221820060406993042315761218971018283747255928545797660995620174382623874,22679197769347899510006031801693110900763482858422305642127210828692644874314,70433693698620396403558921405301686051310598562230293098350741484132871745523,22679197769347899510006031801693110900763482858422305642127210828692644874500,2,1,0,0,012,021
walk,63,2,1,1,2,120,021,74106628291789483802580762235625690417829461527278046417129602883039991771581,5707011385627561331046396516972398202327934153189034173450862066465298210698,35978449559899150289943826256089819233112588985173483448877119058403544689384,60397278132503896412932253285168131351691140413904892630743831371580642854331,110789622209624598021277463447039553002292847730340023503722663539875037279823,60397278132503896412932253285168131351691140413904892630743831371580642854520,0,1,1,0,201,021
walk,64,2,1,1,2,201,021,598803875122304670490890066647148322514890927222550559448157616924917395016,86813875862403812460915242164587808609975498969600842782449259841501187033436,28379409499790078292164852777452950920779594768817170697560166549482730243211,98115358495659893315858474768643151802618797969387479619360451914468640834348,35353461483312604215425020480089512100437532619374849526489422454099041319786,98115358495659893315858474768643151802618797969387479619360451914468640834540,1,2,0,1,021,102
walk,65,1,1,1,1,012,012,8592475002388695792079562048642725611435244501720628438883423780490799769428,65471960514158098149214831429050891667090805811158399340211370837238178855110,41727653720769401482276591530994290574743934352761536260362789390179856047125,20041349621499694795213711243430264400708891245795162225371909315838477320028,75709389994316805833143562521827379051419781787484579931861344509841206854086,20041349621499694795213711243430264400708891245795162225371909315838477320223,1,1,0,0,021,021
walk,66,1,1,2,1,021,012,99113386141962104869641195926020407385736978147935122762067214198362998863053,23082870922628630457873468864231537974542298419686684257650182488452544825694,109387921410041655519627305227123870346260692763659321059197771329002125654579,57759429984655691698139932726905284851636548801277749213988529858726475300045,273229268004812027291119554877338149564466676519405954628103424065210894049,57759429984655691698139932726905284851636548801277749213988529858726475300243,2,2,1,1,102,102
walk,67,2,1,1,2,120,021,61971302291175490789103670831332786556649701197329179854879114540577636473547,35793939225756551226804592323051474380341209267699388384716773018105825622121,18026847720384153407662721854303646916279074200611995799861696449225372575995,95477510347811688601066154210380305302564206356760336202605150401614473280062,40629157779009013645009661596615205100546715844629136360000025479807376428349,95477510347811688601066154210380305302564206356760336202605150401614473280263,0,2,2,1,210,102
walk,68,2,1,2,1,021,012,57420987905425638058822543401864140296475959757498420168995232862959190420965,79334317360773545611180922000097531081701639604153257368748873349464667287048,94828873208433207177138504615414144328362369969629450541171061803393811635313,17403501473651490080421390685167417900654299633168018808616607802984309765742,80985086290013215262728203638353072051528965012738866765371947535549541962649,17403501473651490080421390685167417900654299633168018808616607802984309765946,2,1,0,0,012,021
walk,69,1,1,2,1,102,012,100140903289165478417594920964550733386904056920393412622771841100912522102284,18368897637450466992553001349029176082917988114929390815404346065724978402476,113074377548016445436994047703795906236717924295958324640738980849180168838566,55121581836807486983347612168642438351581957188650605797233228345872307745759,5548925563701221456875760671403031149673649901773692788138706449773546002612,55121581836807486983347612168642438351581957188650605797233228345872307745966,2,2,1,1,102,102
walk,70,1,1,2,2,210,021,54964726708196789975130156377864204993526941946027659745193051308561964170846,92643582582027340076675135253185123880439681889692393938138849302774351263552,83975869184408260795336678386326486832573345495561074395583267404481353908928,92839662199963483886273833652117458802509614744133192785849848888760305725776,45904854074705423074594302713140898100655899069883423193510628505515711536912,92839662199963483886273833652117458802509614744133192785849848888760305725986,1,2,0,1,021,102
walk,71,1,1,1,1,012,012,3306593864880654732432177265065960778879866494082168692141878619748819591809,53504154398841040685783551303734352888473495657111201422810795800812490737663,58981340973594500005355256439887594185916622514447193924504909587347524342191,14765653325803285365629070126904571400599708020540875391861306290130142211456,86260782585709624692312844754878765051638148237993153598882550561257877071212,14765653325803285365629070126904571400599708020540875391861306290130142211669,2,1,0,0,012,021
walk,72,2,1,1,1,201,012,31407527566418870642105021814443336966708941943429325300271727757176336225933,55308637854273573572662486560723225167783384813081453443979045408586122561423,29075923816623751208803476633521345718777657909129785295206810842146375884307,52483733688959282268555291610379591851527365576023462380477926833018140191473,10824621859397630886460401787928724149782833127027979621649309475481881111175,52483733688959282268555291610379591851527365576023462380477926833018140191689,1,2,2,1,120,102
walk,73,1,1,1,2,120,021,36902598651015383552398925476385566016308543770482935742177910905022128609796,35787421147891886761550143460010356884655221309416294013825493906216730463926,43102069438408925109621916072291984952306219585741334283454179196669975597941,90201814052115279171481513093854612302455023131506049369094547375906138171490,51180550370401832504178943829666591100765082295137710027021231531224046645475,90201814052115279171481513093854612302455023131506049369094547375906138171709,2,2,1,1,102,102
walk,74,1,1,1,1,012,012,17682083133260736812696845065993803232273654729954209191370624023957107308519,26895023078957124537506360348769156538139674112817679043395306781199177577377,71214983025098334073367779593924948082856655822868675804691653202752549785767,12127805177955080650836749568641724900545116407913731975106004777275974657170,91536478881406034121897485871404458051747331463247440432393153586966212179775,12127805177955080650836749568641724900545116407913731975106004777275974657392,2,1,0,0,012,021
walk,75,1,1,1,1,120,012,89815066142147789321354465858788830797261417971499143750601704895211290891406,7045753181523288433109647740377304933698200210616636853903265764114265234851,18931269913645117669106871409521772122310366483524783434952613348583278545406,49845885541111077553762971052116745351472773963396318963722625320163972637187,16100318155094040316045042904454417149892016352282266455159912501190216219738,49845885541111077553762971052116745351472773963396318963722625320163972637412,0,2,1,1,201,102
walk,76,2,1,2,2,102,021,110247078675305661930966721685955482052082966385679883957257059312438059704576,38701867546230230028138427406374407291979609260579777100522221312142486310227,82635232253096498888036820925045926362477393685021467021135887391237123328523,87563965904267074456689192535591765802400431518878905952339245863051970617204,56456246666098241933763584946192284100874265520391996860531834556932381754038,87563965904267074456689192535591765802400431518878905952339245863051970617432,0,2,1,1,201,102
walk,77,1,1,2,1,102,012,77306273296076326018219763814606199057987453749233509831253220134454423248099,70830310926101938707519690234767457923021388609720163949544601033118395531277,83447594252454126121402515968002158725531126972327454298117346848244850563950,9489957030106875936044429010378878400490524795286588558350703264421807102884,96812175177102443551482126987930151051856514688501727265903756612674547288338,9489957030106875936044429010378878400490524795286588558350703264421807103115,2,1,1,0,102,021
walk,78,1,1,2,1,102,012,115104825751256343794445250627228712211589036953087261459450182457123190512595,54919798934276986266136635906718098846887518145017047657523289156362539393757,61559553789099060786560083483429004648063414233176818961941696402331939436974,47208037393262872838970650493853898851418182350769175546967323807309805082901,21376014450790449745629684020980110150001199577536553288670515526898551328301,47208037393262872838970650493853898851418182350769175546967323807309805083135,0,2,1,1,201,102
walk,79,2,1,1,2,120,021,67646712860358695900835239930150119916234205478464450009830965590694640666427,540784515238019599674482913048435282520672929151606517861508528017307192094,47604591861719479923061262165489352654515106258024507511765109889196886813142,84926117756418869741896871977328919302345839906251762535583944350197803062918,61731942961794651363348226062717977100983448745646283694042437582640716862601,84926117756418869741896871977328919302345839906251762535583944350197803063155,0,2,1,1,201,102
walk,80,2,1,2,1,210,012,95303397740444300943046900536392150701614212484920387720034856665365493275986,71666279456294138513636692048114143961525376438521548369585842706313891631037,64614501277893951390458377432869521043400380407839191989294468644138284436303,6852108882258671221252108452116031900435933182659445141595401751567639548598,102087871472798852981066768104455844051965697913756014099414359638382882396901,6852108882258671221252108452116031900435933182659445141595401751567639548838,0,1,2,0,210,021
walk,81,2,1,1,1,012,012,10840635277841837131628364691526493029525369715834018164348710204976347974007,47978228346816772831706671820342730428548930956739553247059229989981483691756,56973225612657585460235948496818684395195683993066992628049643812951003005900,44570189245414668124178329935591052351363590738142032130212022294455637528615,26651710746486859175214325137505803150110382802790840122181118552606886436864,44570189245414668124178329935591052351363590738142032130212022294455637528858,2,2,0,1,012,102
walk,82,1,1,1,2,120,021,14282319379816485063870278782022942641678566420920915166698031537428520953870,10300115048029308141658603142010074235601147736096720356328846357705724532436,91209654809470402218042103084654890975990270508622928516430706112774589185357,82288269608570665027104551419066072802291248293624619118828642837343635508632,67007639257491060792932867179243670101092631970900570527553040608349051971164,82288269608570665027104551419066072802291248293624619118828642837343635508878,2,2,1,1,102,102
walk,83,2,1,1,1,012,012,3740023823737294190841959102376770061276783368197468841037868324711704171607,22525649224998616452418619814948349947505136706177627817889486241607597514853,89526416188580284780310406091362787844488064591265467380530229441589532985203,4214260734410466506459787893853185400381341570032301724840100238713471994312,107363567768495262410651409220981537052074881139010300932924962664091217505464,4214260734410466506459787893853185400381341570032301724840100238713471994561,2,1,0,0,012,021
walk,84,1,1,1,1,120,012,80569918289701111131377071527687678764868951655896821222462204988824745951792,2031399167187978134665334873897116772665686637286490003848484245059757934018,33190771780427106157528578607103112315735346372457252813146894774024330785853,41932341097566463409386009377328205851308999125514888713456720781601469974329,31927407042183268604798966254031496150219566028045126955691721578315221545427,41932341097566463409386009377328205851308999125514888713456720781601469974581,0,2,1,1,201,102
walk,85,2,1,1,2,012,021,9488949060270527513030073211859464756279196791081825839806383699416790787527,47895911915432984962014552248474260148778665673509059948201835350631297893839,58407228261612682948526359548354182948212122201049678251449364957860745990297,79650421460722460312312230860803226302236656680997475702073341324489467954346,72283335553187470222517508295769363101201815196154857361063643634057387079727,79650421460722460312312230860803226302236656680997475702073341324489467954601,2,2,0,1,012,102
walk,86,2,1,2,1,021,012,69513179276808621924439275578856410585000059027393477038553772032370869859411,108633400003182469749002884544910563601438767178680572664825266808210193989603,53437599194641299173699809893608841520101143125207078375536129175236605494312,1576412586562261791667467335590338900326749957405158308084798725859304440026,112639264064191671840236050337507230052184064364264587766435565689799552614027,1576412586562261791667467335590338900326749957405158308084798725859304440284,1,1,2,0,120,021
walk,87,1,1,2,1,021,012,33984425569534992117373281161768277158452025355913821527104820077809906782283,91591398222829024734571236423035142006529693671863550445936758754327176282218,106008354682268373995197452432572396541558250303503756105873589183680586278825,39294492949718258694593688819065359351254407512887745296701419268747302420043,37203103337879678034383607370557189150328749253299413789202324604023556653990,39294492949718258694593688819065359351254407512887745296701419268747302420304,2,2,0,1,012,102
walk,88,2,1,1,2,201,021,5945701254463563349926893649152572057748505812805398746848371225517115619913,106590428967714078144703941295805030213381776274920193531042517905310792921345,3255959015138553928940150063730305582139702577914971761566694877080926130405,77012573312874255597519910302540379802182065068370332285318039811635300400060,77559031848883879652102149412295056101310998421409144194574246659765722188290,77012573312874255597519910302540379802182065068370332285318039811635300400324,1,1,2,0,120,021
walk,89,2,1,2,2,210,021,101927253546540077238475573222784597130962580660322269662408166181857195576329,87709587659068166309307360943582358239639938238727788074556600665969317435596,41947337269024147299359035851008860335937450432231070341950401167991156331401,114730653676030252500446131786015400253109722623852919273934660354523298380077,2122871122571885846249706445345015199455683310443970217341005573989726228253,114730653676030252500446131786015400253109722623852919273934660354523298380344,0,2,2,1,210,102
walk,90,2,1,2,1,210,012,83685104934292860613590594534781926134203026120403274733485108714925293350524,92317487248637877462369505498539232103493001482407524718936452142138906916008,55581586291701652771181869984054657468843941728470328626493607158753469076794,36656644801870053979801368260802512851199815900260601879946117755893134865757,42478799633576087463968248487082882150437932478553700622712927629731891762553,36656644801870053979801368260802512851199815900260601879946117755893134866027,1,1,2,0,120,021
walk,91,1,1,2,2,021,021,83620431840910530288090522372127176066128241564018961714647446474691165488548,34295369188636283317978978691437505127150294720803682351528842005434437765862,113668377445085577241072468953811134513261433046458484012738879535692066088916,74374725165026050882727589744277533302127473455743188868562738298781132845774,82834728144580289081686790528820749101420181646663431028084849685474057296853,74374725165026050882727589744277533302127473455743188868562738298781132846047,2,1,1,0,102,021
walk,92,2,1,2,2,210,021,106986613207112124339175734487127474994165855173916514492679852212029124257844,63592033062373516299625497674103371974093412768540197856814120036893830595643,61005532205146750208340737856144968738280701388824415729421195766894714489839,112092805528182047785653811227752553753055131011225775857179358841669130825791,7398567418268295275834347561870708199564866535698257050851608599698061336816,112092805528182047785653811227752553753055131011225775857179358841669130826067,0,2,2,1,210,102
walk,93,1,1,2,1,102,012,69456419186173993505759872574183233892594279879391331881591536627414288538689,52092659386319254093142325810964737509903742393781650886368141303791460181391,110035099902139143248239771632227844304041947058108145310955490084611920623246,34018796654021849265009047702539666351145224287633458463190816243038967311471,47754495929272496893552889603608575150547115703807987456223530655440226871116,34018796654021849265009047702539666351145224287633458463190816243038967311750,2,1,1,0,102,021
walk,94,1,1,1,2,120,021,72555032595661189867618768379341928398183423622104416042005765018339359078256,21967332427675756092392715026357376199660222504551240561087629984564801436887,21269724213979249463559501602988603255426338538984907436364189005004674156520,71736877017177846167935269186014686802072881843116045451807436785926965291488,88110424440276698511271431645346442101529364871917717861595452711182392405416,71736877017177846167935269186014686802072881843116045451807436785926965291770,0,1,2,0,210,021
walk,95,1,1,1,2,012,021,35900622652916535235554941258641844297527469148081405305616413255946538460155,14343507592753012915401182167236106513868151861156369120294411788889697003301,65547958991646647272614861582809957041874363656402789613546758963072599208207,109454957380333843070861490669489707253000539398598632440424057328814963271505,12674263713964704705418988678396401199674049760952543884362211625406396445379,109454957380333843070861490669489707253000539398598632440424057328814963271790,2,2,1,1,102,102
walk,96,1,1,2,1,102,012,106364006995019937449030687725641307398946907016571195474360625798056677145853,49084248934135783385583674482218251826531098007827403021550742488111365482474,76135922545476670012527607809516256481061964306882529583003799729649626714999,31380948506173644550216727144276819851090632675006315046435514730184799757185,53030192224968906323137530720134268150656298929062274289734133681148561979679,31380948506173644550216727144276819851090632675006315046435514730184799757473,0,1,1,0,201,021
walk,97,2,1,1,2,201,021,22308345643432788292117195995285474983274127333859998123089154369186923292377,83184720623028206596045841374305786905640953987463607143307386252593756584731,10299022970855200535407947639096645964354903344316958773061043386128154794555,69099028869329641453142948627751840302018290230488902035052135273072797737202,93386120735973107940856072761872135101638548097172004695106055736890727513979,69099028869329641453142948627751840302018290230488902035052135273072797737493,1,1,2,0,120,021
walk,98,1,1,1,2,201,021,34920195927189838916875876789838616903965891890791352722413570325225710271336,64961363758517252232208497153996998632939324718261547414220157420460771037298,15910529551609104274486611064852292316364768056587663902823856262222353363029,106817109232485638356069170111226860752945947785971489023668755815960795717219,17949960009661114135003629794922094199783232986206830717872814651114731553942,106817109232485638356069170111226860752945947785971489023668755815960795717513,1,2,2,1,120,102
walk,99,2,1,1,1,120,012,52201022060809903926976259519078248467659101352740583639115461959835000860261,51845140297285768444658354616905891596585861941673530312361653609540592785266,11745926879220523051936370872703767789025021371226450087980468438533241026136,28743100358325439835424406586013973351036041062379171629680213217330632202899,58305888520665315752722171836659961150765482154316561123244736706856897088242,28743100358325439835424406586013973351036041062379171629680213217330632203196,0,1,2,0,210,021
walk,100,2,1,1,2,120,021,38598766128097006906028993419847023272763646057413824364723865236810076736425,64060077820871474107699371277662518708108011222151486413764050617514601294546,13133245288347714409842620311178365872398327386075253260969668153584156640692,66461180721481436738350628069488993801963698617861758618296833760218630182916,98661817031669517370440713878397828101747731322426291528616658762599062622542,66461180721481436738350628069488993801963698617861758618296833760218630183216,1,1,2,0,120,021
walk,101,1,1,2,2,021,021,44086463138336348010440438097353707790101211751298387482224869204471165349643,76833434614862675056603193159810477905905674550736261437154880110392495119663,110664280721433367780098338760211630010533083029246479159535418700954008874020,104179261084637433641276849552964014252891356173344345606913454303106628162933,23225656305357523564588270911447787199892416211461117551383417676823066662505,104179261084637433641276849552964014252891356173344345606913454303106628163236,2,2,0,1,012,102
walk,102,1,1,2,1,102,012,114826077823485119193578097073858648348481676480138948067591540967692277957905,52198987480491561118558428324620551474186472882551880024342089005082747450609,64559113170655710535005444618896615883871819968590299986981538043042643934812,26105252210477235120632086027751126850981449449752028212924911704476464648613,63581584816361725182306812953185654150874665379570847956755339732565232196805,26105252210477235120632086027751126850981449449752028212924911704476464648919,0,1,1,0,201,021
walk,103,1,1,2,2,021,021,27789907917211496224099550230781061194115528835537637407780522286864374124505,104415314995051749939789247773365279018526464179588101293760017645280444335375,99378955562369144683253172013229475493897976316155389377374628083672850883446,63823332573633232023558307511226147301909107005234615201541532247364462628630,103937513327365926800025354994923521101856914547680578362127261788307397731105,63823332573633232023558307511226147301909107005234615201541532247364462628939,1,1,0,0,021,021
walk,104,1,1,2,2,102,021,105467099241253382626425768748393914126954387712513128158338445601272394493586,103192899097204845689712685367339826007154391967758811850933286856753865171669,22924180136174162531003515901642075572431189651009188069643435557791409678071,101541412936789228926484528994701167752836764560717202190158152790252460608647,28501352601053932994172912027973480200001599436715404384894020702531401771068,101541412936789228926484528994701167752836764560717202190158152790252460608959,0,2,2,1,210,102
walk,105,2,1,1,1,120,012,29377758311191900562787653075926289582319304526182728210278746221332953688610,75896346143901183800906084211814349243217602323167344030109691595005463983183,10517984782223111059877247720947269027733077816290491799069146191570416999870,23467404062629030405839765469488280350926857837124884796169610191622297094327,68857281112058134611891454069711347150983848604825134790265942758273567305368,23467404062629030405839765469488280350926857837124884796169610191622297094642,1,1,2,0,120,021
walk,106,2,1,1,2,012,021,88456294998102882271265250226443156167253480935727871904661655624356871203539,11549867399398113682240722986664542419512032678722577509447165777007259942217,15785926839815199470065011795580209266504471051190114625348762606544703525907,61185484425785027308765986952963300801854515392607471784786230734510295074344,109213209623062336229609996111449214101966097772934865195637864814015732839668,61185484425785027308765986952963300801854515392607471784786230734510295074662,0,1,1,0,201,021
walk,107,2,1,1,2,120,021,83650065952605588636384256961678358735667222008243985784024339384342205048742,3148735070305608319174043040750527333267749409551426618432725201290827760792,28993288214404998468012685006259021784335013247845151637000519422275801862129,98903564788941024211692208436438321252782172948090058773402851277398293054361,33777048896750342423757553144499173200110782661969691218404623728239736879631,98903564788941024211692208436438321252782172948090058773402851277398293054682,0,2,1,1,201,102
walk,108,1,1,1,1,120,012,83103634881451481880676062118964456813979868542537390105725875238123994441156,9653839006006698462749248019789474368710079376166995251442086112347274273451,23034615349858015080145674869933976670580036746936178682289622657437565957056,20829555914780825691047444911225433850872266224497741379414308678768129540041,74132977407754544041476095186237040151093031830079421623776545783981902413931,20829555914780825691047444911225433850872266224497741379414308678768129540365,0,1,1,0,201,021
walk,109,1,1,2,2,021,021,41759701451634737377001252513254512631077510817193738496721810805867484558508,79098851580234501218470074432705377118878692545460241284426277130949436055753,110725625442763152251670643071415925956583765968627148297767080079000748729065,58547636277936822593973666394700454301799923779980328368030929221656127520058,114488905918758745659194637227974907102075280998189152029148467839724067948231,58547636277936822593973666394700454301799923779980328368030929221656127520385,2,1,0,0,012,021
walk,110,1,1,1,2,012,021,8298320825969256382918812051729570957949970424041348575982295538543001173259,18151854867353811149138250628784941201059716198220508574314854700101201054438,89341913543993127891513922328173395694260298043378706889160433769264632443966,96265716641092819496899887878175474752727581335462915356647549764544125500075,39052745192446751853342194261024866200219965887223978051915226753948071988194,96265716641092819496899887878175474752727581335462915356647549764544125500405,2,2,0,1,012,102
walk,111,1,1,1,1,120,012,85139211010858956186435916583901812375415578286787313768006750811954168542140,19173781328991694390561069851440557730641018408568065695497999444464237262326,11479096897465544846573998573345537747213387970285184575952833751490428867197,18191707766932620976255124352962587350817674611870597962659007165913961985755,79408673703450953471060736302762733151202215055333708457287148809690237522494,18191707766932620976255124352962587350817674611870597962659007165913961986088,0,1,2,0,210,021
walk,112,2,1,2,1,102,012,70373947244735590780821463051677758128910388247261561633210316523276786693465,66622360272181426382433106120310227280168673274838245428332570008212025158742,94587870957715373683887400845387830297460907809181321017372281484328857491119,55909788130088617879181345836437607801745332167353184951275627708801959965772,3972512977138959665208293335812692249346899944368534480053907723914241562457,55909788130088617879181345836437607801745332167353184951275627708801959966108,2,2,1,1,102,102
walk,113,2,1,1,2,120,021,67187819906475313757765627388835545146944823164941340161646775110351341736084,5801033130544188929295486842358952917219644646243160596142224020228229052178,42803236200296692736509870777493409789105516854456063281668584877329263883401,93627868493244614782107567319912628252672989722835771939892248251689957945789,44328441488143161282926835377550559200329149112478264885425829779656407096757,93627868493244614782107567319912628252672989722835771939892248251689957946128,0,2,1,1,201,102
walk,114,1,1,2,1,210,012,56985262029123104814372295829105948547763751119632911437035008408966167384769,100459085993385587652364338634345019414152557765099170297520034688052903316251,74139830452123698380405335553924847744623660446549046344360124918798598642306,15553859619084416261462803794699740850763082999243454545903705653059794431469,84684369999147362900645377419288426151311398280587995290797751835398572631057,15553859619084416261462803794699740850763082999243454545903705653059794431811,1,1,0,0,021,021
walk,115,1,1,2,1,021,012,66907605175790351828965410795788770748612194707970994542541605642410223035142,66662330261227145998161168100061687531090980723240739460733738388050386107955,98014243037614893020015391121525357426836793900069394075639823985357060200229,53271939982240413164389025278174761301690740554726041534520326195947792411486,9248209272835369094792934452338385249456083169622821313564510749622576671020,53271939982240413164389025278174761301690740554726041534520326195947792411831,2,2,1,1,102,102
walk,116,2,1,1,2,120,021,9854742668001239221187322633902639052629177538587746610281920666395985074603,101000160439398301669063592295839467169218197294133762754912262281701076983755,4937186129916654533320070078945801631422609832919054674263401059811772613305,90990020345396410067315246761649781752618398110208628523136946738835790391503,49604137783839570712511476494076252200438332337732551718936432805364742205320,90990020345396410067315246761649781752618398110208628523136946738835790391851,1,2,2,1,120,102
walk,117,2,1,2,1,102,012,28164899323690514505735536305989707102025837802496047182221784899806507066228,88435183280846776008706228762978025190174252202898712406579934991792116592905,114984095870095100332700204948408083414339879325886368490113448124219045684193,12916011471236211546670483236436894350708491386616311129148404140205626877183,89960066294843772330230018535814119151420581505842282124308354861106907739620,12916011471236211546670483236436894350708491386616311129148404140205626877534,2,1,0,0,012,021
walk,118,2,1,1,1,201,012,29742512022845778734269670791603746077073051741143982260692507113891268999664,60259948242269425548385262395687996522124931640048431418875145885686015751853,25789628972200991140916051821396165254072001284448150359889931008331549920146,50634091834392208449596704719911914801636148942098898117765024683093624857200,14523905568531778524377575568864078249565266394877108147075113775330911779583,50634091834392208449596704719911914801636148942098898117765024683093624857554,1,2,2,1,120,102
walk,119,1,1,2,2,021,021,75651724262163864373207413151407537608357468370674590382689299883092227826850,70037019394681337136139421950646407457833985882488451156600232009245953151271,85895434817787189337795134915321870640348515078118086539625636123479488365205,88352172197548205352522926203386935252563806497581485106381645225981622837217,54879834079535980142096117610601945200547515562986838552447035831073077313883,88352172197548205352522926203386935252563806497581485106381645225981622837574,2,2,1,1,102,102
walk,120,2,1,2,1,102,012,38504595741965246497667976919481642078427118097834664528903479064824073912013,85789950427704609151183189431608535618638998122424819169122457828025490709168,107289632304962535198290803666285638009473853111021644380889231122968104722145,10278163323388006831878162678174047850653899773989167712393102627351459322897,95235762590540181759814659652339812151529764731096568957818957886815242848183,10278163323388006831878162678174047850653899773989167712393102627351459323257,2,1,0,0,012,021
walk,121,1,1,1,1,012,012,1996279058327577133855281859399690325916229769374732502270425852410806224264,12322703346703433073818780195789089808753688512990442798474758224466260814384,101473106832285185215896922953499127718600066383275388738712399931031767633015,47996243686544003734804384161649068301581557329471754701009723170239457302914,19799601864228187953962216685389771249674449620131394980585716801039246888146,47996243686544003734804384161649068301581557329471754701009723170239457303277,2,2,0,1,012,102
walk,122,1,1,1,2,012,021,15682008877339579128950690280336740686762521988840781813681085351040475248223,57825226396263960623507935321565454121843826897331553738312745451119795792076,42284853963712655671112359406785713044663635779468228487463753205748563631364,85714324049700000637730605645124088752509214884954341689626343713127455282931,60155530375232389571680758727127638200656698788241125385957638856781412422446,85714324049700000637730605645124088752509214884954341689626343713127455283297,1,2,0,1,021,102
walk,123,1,1,2,1,210,012,74425412541444618347592969052037601707359028096529004507290429279328634860649,89613510829008349021485720141631508126726854251685768938761138931258773621451,67545255104179423478063280823706705872454086983066354632863599805230260861226,7640315175539802117085842119911201350599308161362024295637801114497291768611,100511458886236591189399300768865505151638947956350855791329560912523577956746,7640315175539802117085842119911201350599308161362024295637801114497291768980,1,1,2,0,120,021
walk,124,2,1,2,1,210,012,114384732545835347144750440814203052243819050817216124485870973931940629526352,12252123386005817948332266265837006039557587731727745425364451877493972936866,104947322542791225754059262937335757423163330782337258167679742206383066880108,45358395538695799020012063603386221801526965716844611284254421657385289748628,25075298159924597383546857801915464249783632845385681814096319826747581996709,45358395538695799020012063603386221801526965716844611284254421657385289749000,0,2,1,1,201,102
walk,125,2,1,1,2,201,021,14190791990287856886612028092654561701532203494373508386106088591042200395451,52901755323118299241978819949769496880741440476249026530702994767632997952082,48699541923910039294980136966263849270996340695018029122648500649233636324130,83076475901851795922938285086861242252454623272327198272871042200273287728645,65431226670928799001265399843653331200765882013495412219468241882489747531009,83076475901851795922938285086861242252454623272327198272871042200273287729020,1,2,0,1,021,102
walk,126,1,1,2,1,210,012,111800764000164985318685829048663296644649734700549954443041583597726666880609,90347532581092797417539555387006605609833432066522841907572933539233719708335,29435881893374608110916585581705913452056802564208331728300650878857282754382,5002467027691597402293521561648354850544716548734880878882499601643124214325,105787155181933000618983941885391198151748131181605142624840163938231913065309,5002467027691597402293521561648354850544716548734880878882499601643124214703,0,1,2,0,210,021
walk,127,2,1,2,1,021,012,33926836605694072628417898147082128522039227101823668236026944331900324373953,100250995004603031824100575265126630545906749457662714060793579606539313131400,97406346864335286394623496605167056638593992771794745782094644077378031837973,42720547390847594305219743045123375301472374104217467867499120144531122194342,30350994455621006813131498918441157249892816070639968647606922852455917105272,42720547390847594305219743045123375301472374104217467867499120144531122194723,1,2,0,1,021,102
walk,128,2,1,2,2,021,021,84610178905888053973257772438447393811121315909609537979554037061168471287130,106242227465894406489582272301431044562705921849225514829692633016798230397679,40731772102849930384301925277497377332712731572446075269668497937850967658517,80438627754003591208145964528598395752400031659700054856115740687419120174359,70706922966625208430850040960179024200875065238749699052978844908198082639572,80438627754003591208145964528598395752400031659700054856115740687419120174743,1,2,2,1,120,102
walk,129,2,1,1,1,012,012,36090426299109362556018206282676422365963143735780377102617098007593187012835,31057445399340765860614639381387611403109383784236595232126023740322335798297,48644217538866067006938139344623874084197457145623591704714462259993311860531,2364618879843392687501201003385508350490124936107737462127198088788956660039,111062851477629410048568583001916891151857314406859429458350766963940248173872,2364618879843392687501201003385508350490124936107737462127198088788956660426,2,1,1,0,102,021
walk,130,1,1,2,1,210,012,84995843871795523974451515333937639836378996730134415121233907034031315537560,78978729969665762534863448468971077098971769067502340974574070885077149482244,67609604633171104337827006214467098771189203533644371983107190096709204323522,40082699242999389590427422486860528801417782491590324450743818631676954640056,35626690751317416242716140034966850250001999295894255481117525878164252213835,40082699242999389590427422486860528801417782491590324450743818631676954640446,0,2,2,1,210,102
walk,131,1,1,2,2,021,021,25519449817555711687625172283937696528471982014426765163881317155917067074625,106060001323537415458364651739913814294788546515069374593868743636022597120426,100004727333539263701152145993524304883279440801784988321165107223878005148275,77800779606155386493353643970335549252345440047072911439360439174564952620073,75982619262321617860434682076704717200984248464003985886489447933906417748135,77800779606155386493353643970335549252345440047072911439360439174564952620466,1,2,0,1,021,102
walk,132,2,1,1,2,012,021,13159334382592122269520007597626959064313841207181100549064189580079484917704,17228719192638348874395187614059027425970053665643553148718710503476035809609,85404035662085724279655789797001921362986089792815910341674683924353313944350,115518859969311383396279865453810569703273097602555498427977059717452950600090,546458536009624054582239109754676299128933353038811909256206848130421788098,115518859969311383396279865453810569703273097602555498427977059717452950600486,2,2,0,1,012,102
walk,133,1,1,2,1,021,012,96960130942995031076754477150233790860443934882187458366343571745075652322302,33305047186469998675836340665110603349955575246428059670161833909605519739632,101319000345167361094551152202031421496140459202665610042409762361136497281392,37444851095151184875635101928597682301363190878963181033988517118822787085770,40902387047013825672300781151492543250111182521148542314628128903872587322398,37444851095151184875635101928597682301363190878963181033988517118822787086169,2,1,1,0,102,021
walk,134,2,1,2,2,210,021,114092514646552044318782223517492365907590126048177508306633972689953522935619,60441583163887357774419629428886023801397970206851983184652417400343824849949,57050080664192988753940117070997425997551873076251636587628777925520321557758,75162931458307181778561323412072702752290848434445768022605137661710785065787,81258315558018027290019323193230410201093431689258272720000050959614752856698,75162931458307181778561323412072702752290848434445768022605137661710785066189,0,1,2,0,210,021
walk,135,1,1,2,2,210,021,93335862762124028340575582928407134850998825749023464948928695976298541860868,88260663486945671065734187342428095473154353963029478291214179291991453967386,49987652225562691440832199746540585382386789619228184838772292747527673515072,112881011821463178681487544895547723203218505989928355011221758204598783045804,5822154831706033484166880226280369299238116578293098742766809873838756896661,112881011821463178681487544895547723203218505989928355011221758204598783046209,0,2,2,1,210,102
walk,136,2,1,1,1,120,012,49625103829914359710044222183746561332340146817565335154575000977747953873569,35033189064393178518810674290522600496655583032153362463551068991417811122994,31133796343008657194716088534418746024274254815921866421331514038743069675100,34807002947302980160842781370334835801308599266336037617233215605968619531484,46178083342710235101885422268018236250220365746402829148138731929580922430961,34807002947302980160842781370334835801308599266336037617233215605968619531892,0,1,2,0,210,021
walk,137,1,1,2,2,021,021,50915625485437056030837882738858396179614281431747205520068317365214078964530,88769440038446608196125349950251783342902826535934083161407835217832570904382,91899112950748726620178737328265636184022861363599839397439015432771019474414,72525083310458977063769002853809856252236256821818624605849836148856617511501,86534011853714436719603964309756103201202614914512559553510653985323087965261,72525083310458977063769002853809856252236256821818624605849836148856617511912,2,1,0,0,012,021
walk,138,1,1,2,2,021,021,54706355572120115012040192637039634860252566188872630984847884253326110937717,101659239396331727048949426214808385220384561830978309810184024139289371681205,75218583506180548786152351165527795625902841311430187283883259623202186724404,110243163673614973966695224337284876703163914377301211594466456691744615491518,11097851127402442913751521342806062299347299803547385576277412899547092005224,110243163673614973966695224337284876703163914377301211594466456691744615491932,1,2,0,1,021,102
walk,139,1,1,1,1,120,012,69916441965977727627051353523531820687501917567732537163234275429707170133039,26096544195199052041935897795613043547215584329133994547276518965911374257820,19779103076139415754583733689543043618552482768774032328946789612290290280804,32169154799454775446050460812071989301254007653708894200477914093114451977198,51453779638406644531470063384543929250329548971657115981649334955289257539524,32169154799454775446050460812071989301254007653708894200477914093114451977615,0,1,2,0,210,021
walk,140,2,1,2,2,021,021,18734414292712660124612101699889385961199460896586976562933535700527412599276,109967064235820848041714020072632047375157459106110539023595965091433968853434,102882699946098882680815848244854382370183049328583612492385667223856287890616,69887235162610772348976682295547009752181665209191481189094534636002449957215,91809708149410846149188605426281796201311798139766846387021257011031423073824,69887235162610772348976682295547009752181665209191481189094534636002449957635,1,1,0,0,021,021
walk,141,2,1,2,2,021,021,90443285607765455210456931122702324044690599724300658915347107219916766004755,109669887970299560949940038802813090340422881152357311727725512557138194745972,31471004896567374686745000091860401321426488454623157435842548238762708592599,107605315525766769251902903779022030203109322764674068177711155178890447937232,16373547423098852343336162459331755299456483028801672409788015925255427113787,107605315525766769251902903779022030203109322764674068177711155178890447937655,1,2,2,1,120,102
walk,142,2,1,1,1,120,012,30990167910280812347705221445000136123947107441977878385661198593060375316798,76325082011757406092861479238283491186458618714613844922837055206625920671151,8476839315277976983004284325404280542864258509048840730959330208222538683714,29531306651606570731258140253809142801199416041081750783722612580260284422912,56729475934103053961054704501069622250438732196911402815159937980997592648087,29531306651606570731258140253809142801199416041081750783722612580260284423338,1,1,2,0,120,021
walk,143,1,1,1,2,120,021,53205258030651685862718166455427256906220377307631051819611520378760007093831,22913187930091485080814010408562779204107459299085167136888700175358238798089,39673643276573024480038808144697871742942148058924345082957363453790588779743,67249387014762567634184361737284163252127073596564337772339233123148282402929,97085404445107255578773246542807489201420981365021133220531860036739758182387,67249387014762567634184361737284163252127073596564337772339233123148282403358,0,1,1,0,201,021
walk,144,2,1,2,2,021,021,30145075237186790174904603881764436134870439480759211077061998399438022917291,94077132147601238341833854164051615177507884249936782618141925079225951721444,107361971089844362330403511971559764394161645600585134383711244537153694704591,104967467377918564537110583220759183703054731152046924760955853666036280382946,21649243718795261772920803575857448299565666254055959243298618950963762222350,104967467377918564537110583220759183703054731152046924760955853666036280383378,2,2,0,1,012,102
walk,145,1,1,2,1,021,012,82857680824889060950949569473655275175797258553134385612699603775628276956493,59207057592884642820428165940723078583491878409559892699209901779540744312853,89519440056858687075764234602997461947250832368586849767005662460648648073980,26893458503758366016465819695546296301144824428454607366967311067406116868626,62005172229799463390639345617595315250547915422165689648670541006705927756650,26893458503758366016465819695546296301144824428454607366967311067406116869061,2,1,1,0,102,021
walk,146,2,1,1,2,012,021,9332799811208976373731606226240292123437394694103261028990300039990543373803,45404686193431788569055448486626380114441311422705004160431988094399620901010,61054603232675430480783930295821235615391278548832298850035295873518670396850,64611538866914362919392041179021316752072481983937194355583931610294114848643,102361100740803665008357887659333182201530164590275420054042463062448093290950,64611538866914362919392041179021316752072481983937194355583931610294114849081,2,1,0,0,012,021
walk,147,2,1,2,2,102,021,54245973817711769602769655985553081449089689767126186798155317216267215687921,69325648561953764549531594313917434908439252170907297800237482344395739981097,108012556094966856694840719717905299349011027393247643480522368455154713674308,102329619230070359822318262662496337203000139539419781344200552153182112828660,26924940014491671202505444692383141299674849479310246076809221976672097330913,102329619230070359822318262662496337203000139539419781344200552153182112829101,2,2,0,1,012,102
walk,148,2,1,1,1,120,012,26186972609644840591984560661410379961218677177902919363305828797355020672723,89488295791803293827112691165373571675560261032442063518501224300129110265549,116820835868061004473733181903956216491046455295581157650530910424703733391,24255610355910161301673499137283449801090232815827463950212009554551949314340,67280868525495872820223986734121008250657098647419976482181144032414262865213,24255610355910161301673499137283449801090232815827463950212009554551949314784,1,1,2,0,120,021
walk,149,2,1,1,2,201,021,8677463624330403965772950495809654922566389750176886643735020954247241576231,12490423901751181880578304953865320383414396387648606259862086618566748599491,94624201711234609577219729559012932547289198527815071135860476435094844495941,61973690719066158204599720620758470252017890371310050938828630097439947294357,107636797036500074437942528775858875201639347815529706887553066088156428399513,61973690719066158204599720620758470252017890371310050938828630097439947294804,2,1,0,0,012,021
walk,150,1,1,1,2,012,021,18534583559859443090542900356143924695594878022323682742948482268961405295766,36148554134625991450761913848229473929900017818365322548469040168747634986806,61108951542830760882266170804314509227775088824951558748040061570199794389091,99691771082222155107525942104233490702945547926792637927445250640327945274374,32200636310188080632090085808908834299784032704564532910319825002380432439476,99691771082222155107525942104233490702945547926792637927445250640327945274824,2,2,0,1,012,102
walk,151,2,1,1,1,120,012,110525383405492107834947325804984861864540436431715526625317569549754816694815,3917278627658794281471212846650769024199759692069234705372718683000870314785,1349427204165293307152446357052276964529788541855802708767295775153147662063,21617762208061956586881178579020603301035641203200320533456708041697781760054,72556564821192282249808627850646701250766281872674263315691747058122597973776,21617762208061956586881178579020603301035641203200320533456708041697781760507,0,1,2,0,210,021
walk,152,2,1,2,2,210,021,88212521108414873489669011385472795342305811747162997131377355479281641518377,96389121478785743834271528443571667133947228720274928849815417852649961839444,46982535887431773523201430188331353230286928863843202097722394683886065985505,59335842571217953489807400062495623751963298758682907522073328584585779740071,112912493332196483867527169892384568201748531040783993721063669113864763508076,59335842571217953489807400062495623751963298758682907522073328584585779740527,1,1,2,0,120,021
walk,153,1,1,2,2,021,021,110496744952603360597198725268993140400424045387335374250982369248289355187683,9383860947967229000161887616651600177442031819960287559168337687405393044221,111703572574061801249781357131731075128673892123985466268764461080122921111422,97053922934373950392733621545970644202890956314165494510689949127473777720088,37476332605884490061674726925434527299893215929818819743830428028088767548039,97053922934373950392733621545970644202890956314165494510689949127473777720547,2,2,1,1,102,102
walk,154,1,1,1,1,120,012,54403635588474659850671918511612528564511372824972952868926515961261312081111,23294098193353634530300003735306790655278285532563234529621435884399038473775,38094355455487901042599062761768588633480326308104376640909632162248484116777,18979914060213751872088858020757756800981049590573177116701406528843614205768,77832261116888691679393268967172394250875465097928550149202350083830933082339,18979914060213751872088858020757756800981049590573177116701406528843614206230,0,1,1,0,201,021
walk,155,1,1,2,1,102,012,91638303384093544812197886376604307654915334818553400732787053157998042244252,43168407156593823421387751641750697218338590872977744264836977768754379326595,96777467933945022613556331999020810833286043639749983081291137089065247772479,56697994423369748775015079504232777251908707146055764105318027071731612185785,2396100390576697873540826000222353349020149986963376171969108998054937122302,56697994423369748775015079504232777251908707146055764105318027071731612186250,2,2,1,1,102,102
walk,156,2,1,1,2,201,021,10592560914486772436819998400460651535117350022989552197874909756643689612751,97216217581383750337487965425787441869253599223302902204850880810076108080420,7983310741445672649263021182439814448899035419348109636731793441189036978492,94416074786525745677941300987707797702836364701538351093934647614619610165802,42752028901580899491259368041960220300002399155073106577341031053797102656602,94416074786525745677941300987707797702836364701538351093934647614619610166270,1,2,2,1,120,102
walk,157,1,1,1,1,012,012,27933950331013033577326896322378285972941382675195580448110583086931660024222,36551838623488609764012153044103332149734393601007095754026710316024741702759,51306300282814552082231935642206289730594208389437887837320290604952432944682,16342065912365547157296537462494910300926457977946033699946105015989446651482,83107957412585101108977910083698087250984648323182836982712953109539268190902,16342065912365547157296537462494910300926457977946033699946105015989446651953,2,1,0,0,012,021
walk,158,1,1,1,1,120,012,53183848576327920576156753488833963676311340681633747002439683387950220815592,43826765975910218439620927665832737201079389164283772813197725376826780860429,18781474685078056407793303854021206975879254819723044223820175243131832995642,54060146275521544060222758945969930751854115533428620688562725558877444631499,7671796686273107303125467116748046349129333212217663005479712023763272230865,54060146275521544060222758945969930751854115533428620688562725558877444631973,0,2,2,1,210,102
walk,159,1,1,1,2,201,021,38801874528093501776161377912339969175678350008727822823906029408850126128617,72070294486898223533312452852730973039133617118607391895114397752751644634398,4919920222324470114097154243616965638458017538305349320437156846307063908648,91778226638677540963148980429444951202781773088911207677179346101765442611516,48027725197277308920844009158485913300111582380327393410851634079505437765165,91778226638677540963148980429444951202781773088911207677179346101765442611993,1,2,2,1,120,102
walk,160,1,1,1,1,201,012,68584229341478738080327252439793588377928225659846589725274969541103354483707,28556088911338247462804467633034331750805175427295807741998499965289547174436,18651770984499209880439264935859987724536583578498166572184114501515933013520,13704217764517342442504216904232063800871866365318890283190803503135279097196,88383653708281510538562551200223780251093831548437123816223556135247603299465,13704217764517342442504216904232063800871866365318890283190803503135279097676,0,1,2,0,210,021
walk,161,2,1,1,1,120,012,84295234938209756861354872471938239525064542780700739417251811926266211352916,17046752923346341161273919878289080585962971722393734967814434319604277128580,14450101375760097400942192658460587742242470162546089654391337762038346190167,51422298127673339345430438387707084251799523920801477271807424046023277077213,12947492981969516732710108233273739349238516437471949838990315049471607339428,51422298127673339345430438387707084251799523920801477271807424046023277077696,0,2,2,1,210,102
walk,162,2,1,2,2,210,021,80124026024401069041153913682797633512027472091727156345961240618156115256105,77191594737655047072799273863435753025984204170804542075332323362821142461136,74268557712576274733188782471142429168528293068749429657621604034840411626085,89140378490829336248356659871182104702727181476284064260424044588911275057230,53303421492973718350428650275011606300220765605581680244362237105213772873728,89140378490829336248356659871182104702727181476284064260424044588911275057716,0,2,2,1,210,102
walk,163,2,1,2,1,102,012,61934720980239897886415549357419324646086851606386411255841089515479492110505,71706953029247991669570939226859010387062040566349738151371977365723087211173,97942504465144501291155481433097480673391077158544978671702101134615090021648,11066369616669137727711896345969217300817274752691746866435501990281111542910,93659350003977919968147192316749473251203014773691410649734159160955938408028,11066369616669137727711896345969217300817274752691746866435501990281111543399,2,1,0,0,012,021
walk,164,2,1,1,1,120,012,52029502287673605106879496908864021699705956435914115177432201122131701008731,25087677986484226658602228690879235065187571285538612314167906183655418635992,38674908963158363658089259408944651088376456944187836547857476702121715026940,48784449979825134630638117829444237751744932308174333855052122533169109522927,18223189277665926162294749349799432349347699662726236672500918075179942447991,48784449979825134630638117829444237751744932308174333855052122533169109523419,0,2,1,1,201,102
walk,165,1,1,1,2,201,021,100414009592206260299015009378614636051828168268111009155024063502950019037729,14361731380460882624251320503204552737733771745852632678039870793780944360291,1016348264649052500304655126868719063708044651676922206393649711177871273643,86502530342981131533564339312919258202672589863656920843668743076057107502944,58579117788670127780013291391537299300329948830835967077872840130922107982291,86502530342981131533564339312919258202672589863656920843668743076057107503439,0,2,2,1,210,102
walk,166,2,1,2,1,102,012,104733530559099282507736560132587025812059429968845189978437332940362878052257,29116458244551731007925444018387334676440840506967959092097434309299366497131,97734189670981377331479965866401455218039698855467979008380400766155424793938,8428521468820933012919575787706370800762683140064603449680200477426943988624,98935046299674329397731833433275166251312197998945697483244762186664273516591,8428521468820933012919575787706370800762683140064603449680200477426943989122,0,1,1,0,201,021
walk,167,2,1,1,1,201,012,24934235746413129891702774810645782615030776854377638005692762017388796806683,71175949883023001348923225628740870206096725034902318542877330852104674096010,19681903607880064182944984569301255032142482776360607490887491138415363768970,46146601831976929915845797271181391251690340695547190438296821020314941968641,23498885573362335591879390466325125349456882887980523506011521100888277556554,46146601831976929915845797271181391251690340695547190438296821020314941969142,1,2,2,1,120,102
walk,168,1,1,1,2,012,021,8700228512051706114993029561780718404737937847959581550002694517328794416743,29804476531070819292504913695501785785362729901166951764734944447105317311830,77287384194193670016073041751405403663169316916514030724719945043474722943090,83864682195132926818772018754656411702617998251029777426913441563202939948658,63854814084366537209597932508062992300439132056090253911383443156630443090854,83864682195132926818772018754656411702617998251029777426913441563202939949162,2,2,0,1,012,102
walk,169,1,1,2,1,021,012,27566637781334888472266273947178292577105841379513382657816552838782259795218,105225261556255978331569562350071038614881947088728173524058527043723477739922,98792279137041524043306133720126484514552180863039571897040088133311931808186,5790673320972728298127255229443524300708091527437460032924898964572776434338,104210742595370738827316474549800859251421381224199984316755365212372608625154,5790673320972728298127255229443524300708091527437460032924898964572776434845,1,1,0,0,021,021
walk,170,2,1,2,1,210,012,112086719393002895985379739104733480265283344831477911458843563158183695940770,16484327679666631944884333190497703979184019804774282375530308016425235367414,103013131401962862916877897722144631462072604695028934244541296841208738035142,43508753684128725201053476712918544751635749082920047021541519507460774414355,28774581869058745021464031582850818349566066113234810339522124126596612665117,43508753684128725201053476712918544751635749082920047021541519507460774414865,0,2,1,1,201,102
walk,171,2,1,1,2,201,021,1046114028635662818880330085819885548705111933733775559256210660650380423359,48934636366713840383168417556741265605802911391890172393610019218603871625937,65811338841966692221522237366126756698761961340016616086591354128654582622367,81226834047284722103979698196393565202563406638402634010158140050348772394372,69130510380062946639182573624588685300548315281344540744894046182338778199417,81226834047284722103979698196393565202563406638402634010158140050348772394885,2,2,0,1,012,102
walk,172,1,1,1,1,120,012,27591057271262218945898468408947260024643332289972281700302951440407671124231,24912977959727536100595206082096569143308827198785546925964640172591410909201,63288054006326440377077310517644078685317825176882735413189992394909752638231,3152825173124523583334934671180677800653499914810316616169597451718608880052,109486438891067148256901115666326552251530564449454271150265968238080943733717,3152825173124523583334934671180677800653499914810316616169597451718608880568,2,1,1,0,102,021
walk,173,1,1,2,1,210,012,51741426800128294657725152347987593364317987471723335949998033753887078629799,93686957972624444292987988561784496935196436129697907784719923664119980767803,86155793701879651896428829107603725407025545729859884344197210597810609945724,40870905536280520486261156154655698251581157470292903604786217994606606860069,34050278164755154451048672699376511349675249338489097173032727152304947773680,40870905536280520486261156154655698251581157470292903604786217994606606860588,1,2,0,1,021,102
walk,174,1,1,1,2,120,021,92965496381857037762899578851073341244287278682240889526155977155694400400081,18704545871416869501133794358054585025615825365068681924293193504824601890149,4122046984042288159537611799559981583366880618330992589008413347389832381433,78588985899436517389187377638130718702508815025775490593402838537494604840086,74406206675759356068767214741114378300657498506598827578404649208047113307980,78588985899436517389187377638130718702508815025775490593402838537494604840608,0,2,2,1,210,102
walk,175,1,1,1,1,012,012,643377021666158283982740104442478270641364764569132279006567632305854234698,8310132729902524814942600588848408910917356283029925903101390998649234644117,106838579485747512324645644315397020671711263618041505857349625376953745792848,514977025276318868542614112917831300598908302183173199414295938864441325766,114762135186763557686485756782852245251639747674708557983776571263789278842280,514977025276318868542614112917831300598908302183173199414295938864441326291,2,1,0,0,012,021
walk,176,1,1,2,1,102,012,62006151121732539759414904639297849476126806510272139655354349937106747194796,59637833037818825179389932539423673356029438273973903965750298232584653283359,109940194315081025908337132838654292874383724547035084457810519846126268865171,38233057388432315771468835596392851751526565857665760188030916481752439305783,39325974460451563880633313815902204349784432563743384006543330178013282882243,38233057388432315771468835596392851751526565857665760188030916481752439306311,2,1,1,0,102,021
walk,177,1,1,2,2,102,021,99973058574814019126403733725737489176572391782058598711174411231129882314808,72174817528410513617340368440546633693367541285754387574155983069975120616031,59436302371407858103397867851091692836600036263468141793584773714712666412487,75951137751588312674395057079867872202454223413148347176647537024640437285800,79681902971455765498351855857640071300766681731853114411915252233755448416543,75951137751588312674395057079867872202454223413148347176647537024640437286331,0,1,2,0,210,021
walk,178,1,1,2,2,021,021,52198566150499310458829228785082622238126473680520410819831149525306324728618,93017263937076971784086180778159648581464037867667479327127941948464937327783,86368348387056108604226560454133544886949457783093237931956076542046407286925,113669218114744309577321278563342892653381880968630934165264157567528435265817,4245742245143771692499412890690030398911366620887940434682011147979452456506,113669218114744309577321278563342892653381880968630934165264157567528435266351,1,2,0,1,021,102
walk,179,1,1,1,1,120,012,24468636402852295176061283987989882856572400683530152012800765064108934099037,17705836396055357802856122834579819049130180371193255887462211917379090524513,73617616438408542444653578186118205947567403610917156139194607026420810048113,35595209240584111056676515038130005251471974245038616771275614968898271751497,44601670756147973310217954932427897349893615788997670840053933203721617990806,35595209240584111056676515038130005251471974245038616771275614968898271752034,2,1,1,0,102,021
walk,180,1,1,2,2,210,021,97690296974554761403938303581115151236563376655602330183770381488110960329622,90834703842451501867183788998697798481074342959886468414040327712727744017059,43059177657626127576019877437562865988902249715792329481104458814978964996645,73313289603740107959602736521605025702399631800521203759892235511786269731514,84957599267152174927936496974165764300875864957107401245425855259463783525106,73313289603740107959602736521605025702399631800521203759892235511786269732054,0,1,2,0,210,021
walk,181,2,1,2,2,102,021,74506051448895513629887044862713314013925864499292795117202402803181540019324,68582617104233699814009565744106980918699387171997099407544094969931573259058,88495509921503177403245359410555520773914717659991233554168670242704556064944,111031369966896104862528958005080046153327289356003790748508856054674267711531,9521438540840181122084054007215723399020549846142227268192614173687787565069,111031369966896104862528958005080046153327289356003790748508856054674267712074,2,2,1,1,102,102
walk,182,2,1,1,1,201,012,41046603684974273708501950650993916444003295327256678620259911038707173161231,47543229914308703248514061809622506280110525462104538765176588929336721739881,27202255638033218466554972548071485129156163876279346654021084039864939770551,32957361092735906341884194479867158751417382632411473354520313456044104197211,49877367051844382739802596048953590350002799014251957673564536229429953099369,32957361092735906341884194479867158751417382632411473354520313456044104197757,1,1,2,0,120,021
walk,183,1,1,1,2,120,021,26969844098574041308141742572554743983889088098756561595093563023364723211394,5562903829828315588619375391492914413834399177253504638622774824011258702175,83259341308913838526809867044640249455546497389630497805741246160532852758094,70675441455891903244810415963342179202345040187894060343136933998932102177228,90233295562848584357521138090691457300985048182361688078936458285172118633669,70675441455891903244810415963342179202345040187894060343136933998932102177777,2,1,1,0,102,021
walk,184,1,1,1,2,201,021,43762814942681551771005214740348199186091887133455728421058644804718916993721,53961363830850915901164625354446498396425335788652249671096458322920979449880,18067910463783727751401144913893210270752761743532585947302480880268938228062,108393521819047900147736637446817199653272697743376647331753554541820100157245,14797134836536590551668695123741416399129733071396514101703217199396122673632,108393521819047900147736637446817199653272697743376647331753554541820100157797,1,2,2,1,120,102
walk,185,2,1,1,1,012,012,66098510121493996576752095769404033015435259462927660608587571126897897223214,1319420129516661075795054996816983317469664516778113823328963042684679378870,48374158986305537771023834242466891520365060685934789607541049838326258069579,30319512944887701627091873921604312251362791019784329937765011943189936642925,55153063347540792169387237165479283350111982239506244507075139255138288207932,30319512944887701627091873921604312251362791019784329937765011943189936643480,0,1,1,0,201,021
walk,186,1,1,1,2,201,021,46253476777751330726219372542495553119610376922610674205383540520842298080121,54266585435462025141296746802884939988954499010741884434558345229779488477993,15272027024102839556054865663307414744705108732288005399515698257287048113549,68037593308043698530018095405079332702290448575266916926381632486077934622942,95508991858544993787105779207217150301094231407615974912447061310880453742232,68037593308043698530018095405079332702290448575266916926381632486077934623500,1,1,2,0,120,021
walk,187,2,1,1,2,120,021,52756440276280528572580165213100230721417306043489665235839957290430394813689,53791701356224182229704104155084366992547418741853890270559387344963185470012,9243947604811484621286715640503310139305259880297008533058239372515254387962,105755673671199695432944316888554353153218106130749503914998253028965932602959,20072831132232999981253336240267109399238916296650800935213820225104457782195,105755673671199695432944316888554353153218106130749503914998253028965932603520,1,2,2,1,120,102
walk,188,1,1,2,1,021,012,33519806228767453289889416412768011922309311060042777820258287515203705050621,108322070127871571917029977817006320203720193433327959493560095441891356375691,89742302117993365640222575787601483580510464837910390765096785058722607917014,27681664797039496912299553363341465751308199407157186521009710430335769088639,60428759643237201598971878282004976350221165464760531340585742280846623316495,27681664797039496912299553363341465751308199407157186521009710430335769089203,1,1,0,0,021,021
walk,189,2,1,2,2,021,021,49432510470230041109352547691373516088483000742912769627819544969259737928132,99931969252690056502549179819162906254814941301915697477981888476467988764666,82219698751712293235240242506839393363242027286452660973113734570089942650528,65399745160195493815225774846816486202235856962639773509626330973223767068656,100784688154241403216690420323742843301203414632870261745957664336588788850795,65399745160195493815225774846816486202235856962639773509626330973223767069223,1,1,0,0,021,021
walk,190,1,1,1,2,012,021,2846982024787879496840537105789573670068497473160811874975093481689753988326,41233453432119067762134008652298645021249486753577061716528865241515885107161,71711653780409248164596439250599689161952000438902690447953625284703195576176,103117825523351490718151996330291506653163514518122360498242951516111765048673,25348527427929409410837977356792802399348099521905087768724423250812792890758,103117825523351490718151996330291506653163514518122360498242951516111765049243,2,2,0,1,012,102
walk,191,2,1,1,1,120,012,53698456330458807254505082757745152519474242767585002508058892810080030840288,41862672878015501092480245488567311361916041380404350100763891628732527560863,20230960028841887076585656762375443971879700517651211430634799569096276270512,25043816649191292197507232805078619251253607794530043104254408917481601534353,65704455938933611028556519398530669350330348690014818174096345306554958425058,25043816649191292197507232805078619251253607794530043104254408917481601534926,0,1,2,0,210,021
walk,192,2,1,1,2,120,021,80679739513928140788464218239742904514441358663579694925629460382394615352288,9214483068819718727814269247227393772170842392034361002419526215626691777286,25897866654568335907292497521717609566657783610026508111408597409887527542089,62761897012347289100433454288553639702181265350012630092871029460369599514370,106060384449937812646275061440268536301312597858124548579468267362297123959358,62761897012347289100433454288553639702181265350012630092871029460369599514946,0,1,1,0,201,021
walk,193,2,1,1,2,120,021,62656990383375813693783884037723486585037906556776452450286260029012507342193,18166022498084250701966594785632568469048123921281899903158670990799027593142,34969076355856131027820506185331852799183954187582211686012652988097299736328,100479977375503286003359675772028660153108922905495217081487650003257597494387,30624223723625818840422618473318495399457282747159374602235026276521127999321,100479977375503286003359675772028660153108922905495217081487650003257597494966,0,2,1,1,201,102
walk,194,2,1,1,1,012,012,7196032624698781071785028487510606002598714864656202199748935085146995837687,38676119727130641385247406730198226446702459432644388053805595734970588596551,69919936885486772966538549790979075403968810368339973785903053187791250237425,22405968501343087482714912246815772751199016181902899687499107404627433980067,70980152234630020458141160515056362350439531915269105007606948332263293533621,22405968501343087482714912246815772751199016181902899687499107404627433980649,2,1,0,0,012,021
walk,195,1,1,1,2,012,021,9787228177828802456670414299150384206944896171945240367634027501678548096918,69203528009508656307066040536198658235549546695138984980491883407433083703613,36801333049978736659834530173338865410775541798556338691331673098797202871132,60124048864499084385641133730290793202126673737385486676115727947515431960084,111336080745634222075859702556794229301421781083378835412978870388005459067921,60124048864499084385641133730290793202126673737385486676115727947515431960669,1,1,0,0,021,021
walk,196,1,1,1,2,012,021,5853042100672712851195680045799600133558303747833507131009974504688542930594,58249952970731514727583269660136916514404977707786393551588442357112421614241,51689094165911967844792035302751391205306703210020663356859167146107870126828,97842129227655081288567355213765813653054331292868073664732348490403429940101,35899920019322228270007259589844188399566465972413661435745629302229463107884,97842129227655081288567355213765813653054331292868073664732348490403429940689,1,2,0,1,021,102
walk,197,2,1,1,1,120,012,29422435631334637810856648654197040155720063463883285188112377880210931694991,81254502893034007815504023264245788022444270772508839082361484880472788439744,5115150712947549797210313090245079675105650429248439768983721247225114536928,19768120353494882767922591688552926251144424569275756270743805891773266425781,76255848530326429887725801631582055350548715140523391841117551357971628642184,19768120353494882767922591688552926251144424569275756270743805891773266426372,1,1,2,0,120,021
walk,198,1,1,2,1,210,012,88147618766788796122696012892696814333687366318532924799931027792196416560349,86182331951610940932726190331790682529535787062563693524661011542386425313923,57254227756232653791719766792888318843316815950184509754323128681234827469054,57486200716650879670848813172027946702072082124758343259360426434661264405798,819687804014436081873358664632014448693400029558217863884310272195632682147,57486200716650879670848813172027946702072082124758343259360426434661264406392,0,2,2,1,210,102
walk,199,2,1,2,2,102,021,79965480784371237104667699421133440989725371932587976830230845876698117782920,61145985790083254584139956349163337609967731619596902833020861754838380428588,90472711900177899158334314247079037106846865779096248415663460384281171131818,95204281079806876573775034655502967152999739680240930247977046977549262385815,41175616315018637699591900706369881399675649197667948269256232327937798216447,95204281079806876573775034655502967152999739680240930247977046977549262386412,2,2,1,1,102,102
walk,200,1,1,2,1,210,012,45125887930579374068748104525731184048971058185033635990401902831881626610373,94265890444904172315207533258885337429533296467436588637998241388829697423681,92192400099148844463186332232759294228035614678810903450515023795106345309272,17130272205646678053130271130290079751089832956648612853988504378919098871495,81531544826022839317310442748107748350657898365777678674628154383679963750747,17130272205646678053130271130290079751089832956648612853988504378919098872095,1,1,0,0,021,021
walk,201,2,1,1,1,120,012,25041244279703589979337605693699825583456705143131477486410330571161122902950,67024402643460173290341028967039667220969960922301180158631732272106942130761,23726442314152432153892350347948415048843318600207906394415521164640769637952,54848352568802674956056492613765100202017490512131199842605124921807096851512,6095384099710845511457999781157707448802583254812504697394913297903967790710,54848352568802674956056492613765100202017490512131199842605124921807096852115,1,2,2,1,120,102
walk,202,1,1,1,2,201,021,2795632064749684755282117934747373157531395167313746946556106874433162925983,79374000603996117411197993648174853560787637217168181297846988949367648238763,33622456568570393257090873425765681134950952281158635795054488184108023506917,92566432931958671858982714097240120652945148067613786831221745464695094831529,46451312610715047129176541822895574399784832422922235102766835353646133325010,92566432931958671858982714097240120652945148067613786831221745464695094832135,1,2,0,1,021,102
walk,203,2,1,2,1,102,012,105019583307181285808026290151898677455578027051576267653309768108832108461828,61060926023938615746932472367737906301778615808382331047636258385857614184145,65503669143512489292183207497739231949183326471322529377969141521127946697353,14492424057798473338337950572027233251035241344021469437233202866064931317209,86807241121719248746895083864633441350767081591031965508138757409388298859310,14492424057798473338337950572027233251035241344021469437233202866064931317818,0,1,1,0,201,021
walk,204,2,1,1,1,120,012,73146458598927721983348279247890309986760850698696557041042823094959037361409,20237968951877168206336426553705841813199989064954275259413838671678129026166,22407661686511305233886279207091756053309144901989731739000922241271668284088,52210504420954470241264172055502253701962898899504056425849823408952929297226,11371080395407254941042640897683400448911766480066791530905516323612302899273,52210504420954470241264172055502253701962898899504056425849823408952929297838,0,2,1,1,201,102
walk,205,1,1,1,2,201,021,19384224560393577339342344413512619643446786449281414065766792195965260058432,80385715568166342893253794500904425394312727908967520452268523380681054672821,16022149108756275190974846094270862815510470307391629521422268431262519940410,89928584784110467144190393538977274152890556454986643414466443951840927277243,51727008906411456558761182939421267399894015648176521936277438379354468433573,89928584784110467144190393538977274152890556454986643414466443951840927277858,1,2,2,1,120,102
walk,206,2,1,2,1,021,012,64146856505995085421090740681597312312797404793098029455374911583901817044440,107378661799875543329523088233305376148097161530905627122389541255810221141666,60058660168761762096528141102473127245645403007277471501150715176105631157220,11854575909950268623545630013764386750980649731394326020477901353210763762923,92082937417415658176479724981159134350876264816286252341649360435096633967873,11854575909950268623545630013764386750980649731394326020477901353210763763541,1,1,2,0,120,021
walk,207,2,1,1,1,120,012,61808458481394060049065449021473612376922855810357674136357586644762514953151,27203372938888473295634635414332583107470530211226444525919984221257226989384,26780257817033662078870900572881712368876598644056445377180013141889092729128,49572656273106265526471851497239407201908307286876913009094521896098761742940,16646776691103664370627282014209093449020949705321078364416119349320638007836,49572656273106265526471851497239407201908307286876913009094521896098761743561,0,2,2,1,210,102
walk,208,1,1,1,2,120,021,76832537414738385187591672564440602207529727479479675733547781082388816579066,23381115546779966007232718281259931970947488149262573703132649197586996113370,15578436275797844228746594162987373674792769036898314602777153727933021979227,87290736636262262429398072980714427652835964842359499997711142438986759722957,57002705202107865988345824055946960400003198873430808769788041405062803542136,87290736636262262429398072980714427652835964842359499997711142438986759723581,0,2,2,1,210,102
walk,209,1,1,2,1,210,012,90927980223474890150070741963557680306222497734715901566967525455203852032532,108721927239650531829717173014390614687947918070506788835238402775902896293851,31934271011506968867354055039427520712369553526058437676709239784710921016943,9216727762102063908753309455501540250926058118767182603722599840356596208637,97358633713112067606064366097684827350985448041540539175159963460804969076436,9216727762102063908753309455501540250926058118767182603722599840356596209264,1,1,2,0,120,021
walk,210,2,1,1,1,012,012,40797325760563525969382761833807453247347721353769119610707711985921736991225,28299302659253709922935626467029116272461965585101364701391230814722485447725,46695460817498959531252596707851338333460297726770079727358641207264612232713,46934808125258060811679530938976560701853715674249769592339220383244594188654,21922472986800073800211923130734786449130132930575365197926722375028973116399,46934808125258060811679530938976560701853715674249769592339220383244594189284,2,2,1,1,102,102
walk,211,2,1,2,2,021,021,69303653317399291388398999431454426192576450738214731920986537258186171928135,99402912883918135263411159971909712231380721223819566495290344357511320562175,62877612273314964195331810614011677282582797369246829662638286400120176853016,84652888488414057714605752422451581152781373229732356580955840926132592168671,62278401497804275417930465172472653400112382098685095603298644430771138650699,84652888488414057714605752422451581152781373229732356580955840926132592169304,1,2,2,1,120,102
walk,212,2,1,2,1,210,012,75109674484583658975770569309518902008519592010518414573387653802982301268404,96795808963957071204681392787803327873249841469019878214953234952109641902596,59678695026091660666690007920053585824770535851742835290574279260725726172326,6578879614253859193960988897238693750871466506140039186967298327502428654351,102634330008808477035649007214210520351094631266794826008670566486513304184999,6578879614253859193960988897238693750871466506140039186967298327502428654987,1,1,2,0,120,021
walk,213,2,1,1,1,012,012,72290461777280380112755456319218295287931282702307330756394346088655315420377,18183419676665281425322390319313552029631278488885676055782023726210273076900,25318207783370533885493138370156060535707423474447557227281214193043246174386,44296959977409856096887210380713714201799124061622626175583918870390426634368,27198169282496483229796564247260479449239316155829652031437325400737308224962,44296959977409856096887210380713714201799124061622626175583918870390426635007,0,2,1,1,201,102
walk,214,2,1,1,2,120,021,106840946460875963722240021128043961163778896614737603391037851415037886429080,5226124689086067486656392310927152254415887332408531826188331454908127491368,3725018087354164214674571569716794435075200718494428822231401137962820751215,82015040340565852999813431864188734652726781617105213164200539413278424614385,67554097793500684847515106288998346400221565323939382436809247456479473759262,82015040340565852999813431864188734652726781617105213164200539413278424615027,0,2,2,1,210,102
walk,215,2,1,2,1,210,012,107102281785707166034987662347471063833010175066557551258439146830495502954622,57009339073251665388846408006843095089276743833006329759597294027868765232394,67472557615673559423307899663061656784253050431717247060878727157453401156310,3941031466405654479168668338975847250816874893512895770211996814648261100065,107910026304504886465233648330736213351203814492049112842181169512221639293562,3941031466405654479168668338975847250816874893512895770211996814648261100710,0,1,1,0,201,021
walk,216,1,1,2,1,102,012,94105107762488499945185048526587619504139845231529603446105673312559254150711,44172206522307178711339413555522767877036697153286620071049426997231145901291,93306864189836712190617507935265428325363426946464904561760067706027269291324,41659111829561651382094889822450867701744532448995482758828617357536259080082,32473865578192892659381205363786172449348499381083938864947928426445643333525,41659111829561651382094889822450867701744532448995482758828617357536259080730,0,2,1,1,201,102
walk,217,2,1,1,2,012,021,5353704882790648882926899177482204294928952928190514788492781491410948642634,41462632911510572728916203067320810486992218483779528889135749420262653009618,68975751443014973811727882763884893071348813253670520361829053096235233019411,79377192192717648285021111305925888152672190004478069747445237900424257060099,72829794089197094277099747405524039400330748549193669270319850482187808867825,79377192192717648285021111305925888152672190004478069747445237900424257060750,2,2,0,1,012,102
walk,218,2,1,1,1,201,012,19073145970268889959657369831285440105929156056395908514659092612264863306786,28805641450595261943035254232134412492369120077225927421114828680511888598598,67913301816452043520878360945268055254971708532018728103683662715132082766279,1303183318557449764376347780713000750762283280885752353456695301794093545779,113185722600201295894818289447261906351312997717303399675691772537929974402125,1303183318557449764376347780713000750762283280885752353456695301794093546433,2,1,0,0,012,021
walk,219,1,1,1,1,012,012,4066371924025771039896397630701771444565539263182490474019473627258732660683,18934486309833017905597103420278856015212959900063589477327270383260413913375,92791231003457406478077483957707280393491485502394484088110839997389688097605,39021263681713446667302569264188021201689940836368339342073315844682091525796,37749561873889302088965846480311865449457682606338225698458531452153978442088,39021263681713446667302569264188021201689940836368339342073315844682091526453,2,2,0,1,012,102
walk,220,2,1,1,2,012,021,51013566764211650326966617390311200102363536551364164447025921631275015311307,27593751488938205084349363295840233443244381081301872217225148332232304662894,37184770984166340012255004322536474307662067032974527375206514044401514697462,76739344044869443570228790747663041652617598391850926330689936387570089505813,78105490384893503706684388522049732400439931774447956103830453507896143976388,76739344044869443570228790747663041652617598391850926330689936387570089506473,0,1,1,0,201,021
walk,221,1,1,1,2,201,021,38693085043528851524772523168005924973474622008678895064561515856829896897145,67792568336617446984761550325812159989097369924048408478725231065808321141429,9306435857169896914036911514869822890697992732913260496170837085270616633089,114457424408025440473155012231138062103545255947333513319306556930458087485830,2669329658581509900831945555099691498584616663482782126597212422120148016351,114457424408025440473155012231138062103545255947333513319306556930458087486493,1,2,2,1,120,102
walk,222,1,1,1,1,120,012,34400641835656829471607826173824167731919598560113290577914754551106161986953,21060081315512380810827570178577200892949504889156369649583316346717299211151,60331366086146985141135588656286539228400881216370903811959513110085373473559,36383415533865241952510248705925174701635349223741195925318014331827923971510,43025258169585711518550487596837558449566865831592512531969134477862313550651,36383415533865241952510248705925174701635349223741195925318014331827923972176,2,1,1,0,102,021
walk,223,1,1,1,2,201,021,2020810228748032077719438900779395557989433778315544789801663114354449470514,87358358199972702702347855230053975229718915146764882158549988439934318040761,26412920808595460643503690877854537065561635740560137091105932453620067160388,74101495897021238855436470189400195152563006779223782913934634874715921951527,83381186680589913136269029638575425400549114999702242937341056533604479084951,74101495897021238855436470189400195152563006779223782913934634874715921952196,1,1,0,0,021,021
walk,224,1,1,2,2,021,021,85280744220358609809525950907340038441698915234681130081354163253036251790545,49167827536243999916544877088883748136240672204548356985069071968756251910016,97135606718029781121071142021152029128600381892051641012491932794025165642765,111819576260177235758362691672875215603490664334706369902551255417603919931544,7945025954277919330416586671625384498693799888737068960107815447828483124914,111819576260177235758362691672875215603490664334706369902551255417603919932216,2,2,1,1,102,102
walk,225,1,1,1,1,120,012,25170285662241980908321243601186876216961086015620224189042842150066794774204,10470930125889671856134260984285216111231365149716076791921963971857391723880,80150873449184542659115480423215815525077533500304263058492777885984648173579,33745567386017037237717928147662328201580757611114052508562712818973756417224,48300954465282120948135128713363251449676049056846799365479737503570648659214,33745567386017037237717928147662328201580757611114052508562712818973756417899,2,1,1,0,102,021
walk,226,1,1,1,2,201,021,5913464805994676388753403258514246495342749267891265877811386217208903121388,66050464452029366964146441272189842596697844451253954167153486811621159394386,43828159979292152070671140477983818761229390946495343994492710979078772155889,71463647749173034140644149631137348652508415166596639497179333361861754397241,88656882976286322565853670755101118400658298224956529770851659559312814193514,71463647749173034140644149631137348652508415166596639497179333361861754397919,1,1,0,0,021,021
walk,227,1,1,1,2,201,021,52563320250568550272910760946150641573039283774704116809527472038628108231092,60111193100404303781367440146098939783195577919416248922808399010386523616532,3117575886343341369292783916438326497035122971520198307121712958894202824039,109181728112329031043570371114612369103436072722079226485795953904749752377258,13220722249974328760001227788151077498802983113991355793618418473536818233477,109181728112329031043570371114612369103436072722079226485795953904749752377939,1,2,2,1,120,102
walk,228,2,1,2,1,021,012,51372148953526749908874798761120775019861961785092783676122669817216287910408,73136798016677553265907200727565908110227710200618062183969052060629233658274,107075231504428087672359970528689132576450297345570282218823446137972147774644,31107719238168832522925607589399481701526165998486909091807411306119588862938,53576650760978530377719769829888944449785232282101086198990340529278983767777,31107719238168832522925607589399481701526165998486909091807411306119588863622,2,1,0,0,012,021
walk,229,1,1,1,2,120,021,36944170102571685105492058803211446016332921421976199529384236724258712501012,15497957363641532113033101617453367037913816948516855538904345812887219078816,63349961771102978205045824588023094799023246295147508971169001470762903091835,68825799601324829425851829072874502152453823553969496080424031849007586842955,93932579271982731995438311871626811400767481450210816604362262585021149302077,68825799601324829425851829072874502152453823553969496080424031849007586843642,2,1,1,0,102,021
walk,230,1,1,2,2,021,021,102130933776839128368006918472389571208073786413961926873851889862013358452598,18875769414193779026901402368968054248370076166838370358693206594533058154145,110577475283599483452233649176018190250096106750480830846370071559271252736583,106543879964480826328778050556349522603381481109452083069040652391895584822972,18496418545670738189585868904676770498912166339245642627129021499245153342040,106543879964480826328778050556349522603381481109452083069040652391895584823662,2,2,1,1,102,102
walk,231,2,1,2,1,021,012,27192358217735515278025101195760736522368682377332102070097033876310462646538,93414163385699607187955250666894471457872236742808947176016691522263371190683,110977656871197268381161618154720607726299050211140078832801442617243835506105,28469871090320627808133287031136635201471574385859765675052109793265421308652,58852347056674939807304410946414637449894415507355373032500943554987318876340,28469871090320627808133287031136635201471574385859765675052109793265421309345,2,1,0,0,012,021
walk,232,1,1,2,2,210,021,103978186399151229004809722376143365790727542930565696451677014512294029974510,85148631299950730433822660941136589287193333187473214285546881220692277382333,42457360775530431408509586700095860628619093213242217341691272282831361986483,66187951453476624711059508514611655652399231941342352663668730336153419288669,99208275567679141425022952988152504400876664675465103437872865610729484410640,66187951453476624711059508514611655652399231941342352663668730336153419289365,0,1,2,0,210,021
walk,233,1,1,2,2,210,021,59134371374512898608767027662837954697621306458028564529231587571291721709974,105961983535314682906482467015307455633113982979861543616143466609896883112460,66487823564804809331892475339230405375804679893391019933540113834629064520892,103906031816632621613985729998086676103326889496824939652285350879041417268686,23772114841367147619170510021202463499021349564499929460639624524953488450603,103906031816632621613985729998086676103326889496824939652285350879041417269385,1,2,0,1,021,102
walk,234,2,1,1,1,201,012,9594824435207748156444732708693234558451448701647983294237672571965679882750,84843703813519672692155070391043714618169176989428384548942617317306331498416,21353560988588774574971181908950958676649358974564196196277294118636823290497,25832022942472423093340966472873788701416982773232622258296808280411253754366,64128043352371349236889052062940330450003598732609659866011546580695653984903,25832022942472423093340966472873788701416982773232622258296808280411253755068,1,1,0,0,021,021
walk,235,2,1,2,2,210,021,87527870190620162302563118270271245457623258101654302645578668170185675474113,113637093119975958064389927460492002154043169127173646103666185182283007693171,30419215164036270480188924286612568094873542102453179329670314663348986176042,63550103305628419996267187956348809152344640328715209246913428823299251734383,104483971863375550854607594104678197400985847900719390271383468636437819519203,63550103305628419996267187956348809152344640328715209246913428823299251735088,1,1,2,0,120,021
walk,236,2,1,1,2,201,021,1546238432919022400835624095352565812400838738668382143397472677434535243736,34192891452630485326162630260299726596432875032698754842030843099030918141470,80052959351766687696572730653035615444436270894273427054029268231443381286457,101268183668784416899193409439823829603272297884197796235530049366187249714400,29047811137063557048755151137728156499130532789754216294150227550661823559166,101268183668784416899193409439823829603272297884197796235530049366187249715108,2,2,0,1,012,102
walk,237,2,1,2,1,102,012,52881305433633742827715206408532183520452284501803516315123876007577506504013,70168072557159950502834880616139127400531750224717871703056056013348902601201,108534800483838697516591882992704504785555934604759740060735235994891260238112,23194174794624218378548645914610942201362391160605478841541506767557086200080,69403739648067758666473693179466023450112781957863946699522149606403989093466,23194174794624218378548645914610942201362391160605478841541506767557086200791,2,1,0,0,012,021
walk,238,1,1,1,2,012,021,45229113823650779253806034724562748952557855470588390602609717014103475336794,16719792830048426063437077839395021445880982647309852965067831087837773081480,53843182583616990106327872444730137454831146547742320471780035905967586253389,60912255157780215281474867398085962652290048716088065830158127310445084180097,109759668159071960284192235221203890401095031125973677104894071662146154627766,60912255157780215281474867398085962652290048716088065830158127310445084180811,2,1,1,0,102,021
walk,239,1,1,1,2,201,021,23944340233411675128691065070685162344390512858031556026381443877931903443351,88380350671439878767097751067831443460565988045467735339570005070746821731329,3467398332464641527782168870171302048313483762141272673506135059230109496983,98630335520936212184401088881560983103217706271570652818774747853333082160114,34323507432759966478339792254253849499239716015008503127660830576370158667729,98630335520936212184401088881560983103217706271570652818774747853333082160831,1,2,2,1,120,102
walk,240,2,1,1,1,201,012,7966349160204248569605408668368989687191683394258127310932645062710923168742,30514928395531060719993764031431399939813555016703373528241538985765092176589,77310811681580886133971812308887518226264746254679063200283399959432819326332,20556326646776013663756325356348095701307799547978335424786205254702918645794,74679435943764168096058334295991716450221965183118233533032752632112324202029,20556326646776013663756325356348095701307799547978335424786205254702918646514,2,1,0,0,012,021
walk,241,1,1,1,2,120,021,88763635515910864214683722033872233138516972558190035597283450688892413881227,4949201771637927376811470536995732350574686459391490971896433553255906497074,22079251949767403832075792437819942364178325648059037470277699765760514293362,58274407009932010566682546839823116152235457103460922413402825797590916625811,115035364454768369713776876337729583401204214351227963938404674687854489736329,58274407009932010566682546839823116152235457103460922413402825797590916626534,0,1,1,0,201,021
walk,242,1,1,2,2,102,021,75707705466402444275177577955411231873056519881202074845515818478356007908701,51424464599614579295197879842674518204647796196482672232433655899696036838150,104452008408615367276766512219290065628835653253596381000965693637765624596475,95992487373088007469608768323298136603163114658943509402019446340478914605828,39599203728456375907924433370779542499348899240262789961171433602078493776292,95992487373088007469608768323298136603163114658943509402019446340478914606554,2,2,1,1,102,102
walk,243,2,1,1,1,012,012,19914660188062838835356115167166730623598387875171706984936450645430359984641,33493008968584458360021178092525879347211129355988792282073964917953152800929,62384420080668898228193691748995297882460467434480064772447168444525321886093,17918478498927808948964004798085249201253207935351192008030903741848751091508,79955132239460577525642975412517409450331148408372520366543355657820659310592,17918478498927808948964004798085249201253207935351192008030903741848751092237,2,1,0,0,012,021
walk,244,2,1,2,1,021,012,85303846638177388585320411621010390357705004478829781613569610154087990392965,114072009793936455463278737260686732095952398158881269679824233228415808841067,32208322042518546798542821135678693252882566693570076785521324633313870109294,55636558862083805851890226281560269652180865490833778996647524284736749071525,4518971513148583719790532445567368548475833297407346389310114572044663350555,55636558862083805851890226281560269652180865490833778996647524284736749072257,1,2,2,1,120,102
walk,245,1,1,2,2,021,021,44912806376132462952054172775008529890915863043428558734695880945729706344041,76073383116290914161338761186128700978188869846020055667046022136074311250595,110597988982209013733749036056238584837435236441832513677173264934013651748690,93354639225239802754816447765035290103108523046316365985264144827624747051542,44874900024152785337509074487305235499458082465517076794682036627786828884855,93354639225239802754816447765035290103108523046316365985264144827624747052277,2,2,0,1,012,102
walk,246,1,1,1,1,012,012,12531708222395943710642946213674825881475206657618684365484653428709454739627,90625784327500810605257641226971726552980302810068232383161001475278712408409,12634596687419441107670397568041355418814475197953647290811929103920667523627,15280630351079604234171684239822402701198616322724048591275602228994583537222,85230828535156986955227616529043102450440331633626807200053958683528994419155,15280630351079604234171684239822402701198616322724048591275602228994583537960,1,1,0,0,021,021
walk,247,1,1,2,1,210,012,79018947918601953498254194773888266847475081750505529547910780089806967330271,90557411483817981321870412143773078728866587627961086092201514010053429982969,62007819072212456027017363099714470130198299952814512438802873915957272030086,52998710714235601137097905723297423152126273878206635579892222771882581517239,9794667808844993149375173562093061548585016522661633222820717597752998459118,52998710714235601137097905723297423152126273878206635579892222771882581517980,1,2,2,1,120,102
walk,248,1,1,2,2,021,021,50662955162142342332408568395343813472186217083913493080634022557372246204446,83946208343711909296211059066808567552784158190358331052265712734808656291897,96975014968778139218522342555223434681569594057009303946015432723636766846983,90716791077391598040024127206772443603053931433689222568508843314770579497256,50150596319849194767093715603830928499567265690771363628192639653495163993418,90716791077391598040024127206772443603053931433689222568508843314770579498000,2,2,0,1,012,102
walk,249,1,1,2,1,102,012,111954424861073977375033910382516170377260186461679348384985826969268506515910,91673972764621231295226411529766118687243686847914792350681018286286768883919,27955780848937182176881648105093526642036096021686987343248322760262393943497,12642782203231399519379363681559556201144024710096905174520300716140415982936,90506524830853396384812257645568795450549514858881094033564561709237329527718,12642782203231399519379363681559556201144024710096905174520300716140415983683,0,1,2,0,210,021
walk,250,2,1,1,1,201,012,48635401357226633695088953241881834363936439397110302997463178365896242134059,66448794037057723570067763688954141622730672931082054404648718869261263588734,707893843031838158414268077851931866602872337448206637345686772751328948870,50360862566387396422305585165034576652071682265579492163136921259028413962953,15070364104541402578959814678618754548694199747915920056331320623461333567681,50360862566387396422305585165034576652071682265579492163136921259028413963703,1,2,2,1,120,102
walk,251,1,1,1,2,120,021,87624986456992057336577491030488576153318029257364049314088745254352510791102,12238472040620396978836340019332966113199058415651298905758862838739241644057,15928630739703741108157153958866365586752896992625215819609975914817082236504,88078942929543393325231806648509597102999339821062079151753541801916411942970,55426292615545604196678356720356621499676448916025650461703242679203499101981,88078942929543393325231806648509597102999339821062079151753541801916411943723,0,2,1,1,201,102
walk,252,1,1,1,1,120,012,100985886847036171229327802717490305064126059670628713158481184227486690876820,1969272606077401662696172899943853062873113276509456431142695990986322703732,12836929784202622531547009391253749726270811718502394449833703789435821091111,10004934055383194804587043123296709701089433097469761757764999203286248428650,95782221126549805814396898762094488450658698084135380867075164734945664636281,10004934055383194804587043123296709701089433097469761757764999203286248429406,0,1,1,0,201,021
walk,253,2,1,1,1,012,012,3148067409486544112095155900634883565245255680533038666799626276695385313990,50782947834283567030017497289456330609056887235984500462779252015335727877487,61861073993546084281458331818596693678967841749123024909878705715877721480186,47723014418539191707513264606771730152017090652952348746381619746174246408667,20346060400237812008544455795144447548803382973170206889841923649169668676244,47723014418539191707513264606771730152017090652952348746381619746174246409426,2,2,0,1,012,102
walk,254,1,1,2,2,102,021,102462302188007823034021839652829468333284533028790072639672474333857239919912,25306985183721689360547422556753314830845254711525032552901164356749446840132,103814891102902878452572707807793032542410181590966022886341529325210982583282,85441094781695188610439486090246750602944748208434935734998240289062244388684,60701988911242013626262997836882314499785632141279937295213845704911834210544,85441094781695188610439486090246750602944748208434935734998240289062244389446,2,2,1,1,102,102
walk,255,1,1,1,1,012,012,35094646387642264496583868331737693084306964220754568655765899063426952044581,8665639152978024242117153257146414468784037141082357861035871808515883693925,72031803696695906684869963419803800300178983303803637522655813135965998933157,7367085907534990089794722565033863201034841484842618341009697690432080874364,101057917422246215243981539878620181450767881309389667700585767760653999744844,7367085907534990089794722565033863201034841484842618341009697690432080875129,2,1,1,0,102,021
walk,256,2,1,2,1,021,012,50211324343873774162209110902708647784808146598791732161152767059712137715841,69861746872456773727483193993264340332338060598335866322972119627075492115571,111511107258301842957449665121402827589393762134153529594790281329030039511914,45085166270690986992720944048508883651962499040325205329626318233320078854381,25621756695934221438129096911670140548912566198424493723352526674878003784807,45085166270690986992720944048508883651962499040325205329626318233320078855149,2,2,0,1,012,102
walk,257,1,1,2,2,210,021,77765780544463677785941033629865294617278310346923704321921880995863460326592,111346870389183506106320218891569937116339623066007721951157566483739773684179,42471527540985206954880717495940583972922035918349701805835720536214435332555,82803246633846983895647165531983904102890156595807792318242938776208076834398,65977685206938423055847638953408007499894815366534224128724448730620169319107,82803246633846983895647165531983904102890156595807792318242938776208076835169,1,2,2,1,120,102
walk,258,2,1,1,1,012,012,47050592847893197823737657810466707321689380001437288500162515286912088623850,22996194582732344430738647210140066998523774102356630617517823332515891127793,45745301806690653169094679988081133533056830561846644921777245388480854920020,4729237759686785375002402006771016700980249872215474924254396177577913320078,106333613717942624673566180995145874450877064534643954534096370786362334853407,4729237759686785375002402006771016700980249872215474924254396177577913320852,0,1,1,0,201,021
walk,259,2,1,2,1,210,012,107455540142205797533059335447027889673108924756572668452408177293217472142616,99742858509282907729245654996700161919536838769131362856739867215536525243114,24385779823143685584836979573647764113894205805577096769767123507063671957596,42447318122842782277928623490246037151907907427698061912871016720465911300095,30897452991630630867713738028195833549021749423678780556863129700586338893370,42447318122842782277928623490246037151907907427698061912871016720465911300872,0,2,2,1,210,102
walk,260,2,1,1,2,120,021,46368254524770395096543054657556675875955221190643794922536916094781952275241,41390857559465551960402991853987963835041318476111614824313029899379882590360,28032977153080248366624938497143268142273444998885154292607638013746999806062,80165398485998779180854844973721057602835564983180648901487637263353909280112,71253381502634832485432280069933700500003998591788510962235051756328504427670,80165398485998779180854844973721057602835564983180648901487637263353909280892,0,2,2,1,210,102
walk,261,2,1,1,1,201,012,21974181896609998100804597514307025706151446316722640142936401498786100346067,90441424010144583280116411165252854950553685689078934109842891470108583959278,3376483330561614042649976329128027196564852659838989786678291039014150366318,2091389611838580660210081448508170200925658259588331507499094664723745765792,111609310013639034103150822111671567450986247759898241367606973812070669961970,2091389611838580660210081448508170200925658259588331507499094664723745766575,1,1,2,0,120,021
walk,262,1,1,1,1,120,012,42075376304296626864321972539556351142808403293367862913683290193268175023492,17208287717907327335029413239592512775346572980506962022461519407411536036328,56508425215112241224219599229539043935115008391765739103312774407229123611843,39809469974994577563136302931983190651853315815070918496115715207611743745809,36173149287327040297298379144721526549130932648933067390373732726294674001933,39809469974994577563136302931983190651853315815070918496115715207611743746595,2,2,1,1,102,102
walk,263,1,1,1,2,201,021,35225471525176535196734848634042981087691630258737630662272286314364475767691,42694968983603920204803819691662434843416947770612498011983968706257437629232,37871648728535740022032316682982491922161406636290435365201328987286921274740,77527550338150574466062524415458211102780973370553505484732335750499741725826,76529077798331241915016921186459393500113181817042797795745654782036839536233,77527550338150574466062524415458211102780973370553505484732335750499741726615,1,2,0,1,021,102
walk,264,1,1,2,2,102,021,95257586391942134205987843180956498522117921230604852587422985536384417931866,55943187916534988031545474756473904054658591063948279508690223786553601465479,80383404166155268609608652079945413129763457036727995982801958692879649945981,115245630701306571368988745898933231553708630926036092473348956293387739705843,1092917072019248109164478219509352598257866706077623818512413696260843576196,115245630701306571368988745898933231553708630926036092473348956293387739706635,0,2,1,1,201,102
walk,265,2,1,1,1,120,012,53166085014619803941214528960227993290091554314516657489212614571349661211178,29712029396026715840500287114383578610519320217136141652041915159794374897393,32913974826669675641856168934076335952659110133987764898203054276764798563092,37171621827146372848343982373720344151798724202443775079360413694757576191523,41448845583023449726883020261247219549240115874187354223884335752003009110496,37171621827146372848343982373720344151798724202443775079360413694757576192318,0,1,1,0,201,021
walk,266,1,1,1,2,201,021,10029199663540059709627729456532264042212419828939728303455105286017325410136,77131668980124271120186332816191600575363244487176352829381922971319019481897,28631220593651864593756922735964043235694320349524482906620555750572489779630,74889702190302369751270203857195364602726381757926362067977034237645574171540,81804774094027651344601562302985086500222365042297084629256257807745174644796,74889702190302369751270203857195364602726381757926362067977034237645574172338,1,1,0,0,021,021
walk,267,2,1,2,2,102,021,108579204338128142020104825141803837589697751824747207573242419204879803794267,43782407422857029455832786712725121743473406519175019603814374351942169316550,79222566713647219371204358162846856373368810987358900901858374458995696232509,112607782553458366654196425340670385053654039313408949056593654780533572151557,6368613367715657538749119336035045598367049931331910652023016721969178684759,112607782553458366654196425340670385053654039313408949056593654780533572152358,0,2,1,1,201,102
walk,268,1,1,2,1,021,012,82750468661473999529658303901669895263020430922238011654311891578983881597995,37740173174249292744916180339743184925328244949636520758300376670890817582955,111093536638909098572567485775962735518191293459406595666302899765942970162376,34533773679298168133551661815457497651744132589816631662605112181903408637237,46724541878719859156467661377772912549349299099441641057394938777711344219059,34533773679298168133551661815457497651744132589816631662605112181903408638041,2,1,1,0,102,021
walk,269,1,1,1,2,012,021,24277559967647247961695068065792352853922318479235269779519925755574974863891,31190569855080522434838437089287347916888997899579063173234359520309591467703,60323959414588425027037479853608207082458668286826231086703298732024268340069,72251854042454165036477883298932518102671790145299218651221732724791406617254,87080470389724060774186203419510779500331548267551371462766860833453509753359,72251854042454165036477883298932518102671790145299218651221732724791406618061,2,1,0,0,012,021
walk,270,2,1,2,2,210,021,112909901972056715809913084041696671400453646401079107324386423427203956638159,68352370821749998936729809562190414594437699219851826251923293561779125167218,50321905680825676100499076413488729711648623710350194502605451026834587537949,109969934405610161939404104782407538553599447700781805639838353267679404597271,11644309663412066968333760452560738598476233156586197485533619747677513793322,109969934405610161939404104782407538553599447700781805639838353267679404598081,0,2,2,1,210,102
walk,271,2,1,2,1,210,012,106585039207211686362157992530601071345688664372472580323509158306439211188877,97698612713041865151213030490350005219887529597294499350267121923044645061881,27300526554378839333770946996424739140963775361514048405138887786333813092568,31895925531449963418759341257194651151689540977189488245849810669049241082951,52000238174416268586052302494298605549458482324695927890905541803419679327622,31895925531449963418759341257194651151689540977189488245849810669049241083764,0,1,2,0,210,021
walk,272,2,1,2,2,102,021,98292879062516893873079690550892845816349592306172529325956515069643146668375,38293081251487048266692866187571301139963291146163898026095590864414034682193,94998218160628448707369413278911668750227085878944700726863062081760487992758,69614005894605960321685562740669671602617198532672075234466431211937239062968,92356166685420470203770844536036472500440731492805658296277463859161844861922,69614005894605960321685562740669671602617198532672075234466431211937239063784,0,1,1,0,201,021
walk,273,2,1,1,2,012,021,44542152754919458898730675734685947531796005798770692171459743464976075865594,5609719611389076867667894762902384283350017088666882612997967634379464729359,65640216871007659657172414511099576038123961778202989254999872908553294076710,107332086257761957224611784224144692053544856088154662223083051754825237042985,16920005959108476397918401569086431598585416381840484319044222773385848901885,107332086257761957224611784224144692053544856088154662223083051754825237043804,2,2,1,1,102,102
walk,274,1,1,1,1,012,012,812012173990932798605141899795195726374919703659845190910984194762329524503,67268867703137682085267110125950653783965430906299423038523947913076949601033,47711209360187580539698732982942058342929634055681295810022651900069555546127,29258077383601758703967020698931804651634949364562344829094509156195073528665,57275934470112678015636943610824298549567665549950214724416144829128014436185,29258077383601758703967020698931804651634949364562344829094509156195073529487,1,1,0,0,021,021
walk,275,1,1,1,2,012,021,3869823951213345460669838273791553111569901700863110751479599040147001598862,103667931749352727142726821402486468707937310442972462881900350125898100972153,8254333536750122820174325332409886033762772521804990406077634841863732100648,66976157746757755606893242182406825102562606920044931817711129699083071508682,97631862981116879633355485652562165500549914718059945129788066884870179970485,66976157746757755606893242182406825102562606920044931817711129699083071509507,1,1,0,0,021,021
walk,276,1,1,2,2,021,021,90892792580952672025084156318582070825972111466660718231985765853520663439885,33877572205208721533183243345525013435591900275566977378389946032305809736132,106813813688470997288874570353268731444975957589053432468539456129991196167309,104694238109913752509819463665881845553490264475527518806327750241971069488699,22195702254804885827503042685612124598694599607094771152554825799094184010448,104694238109913752509819463665881845553490264475527518806327750241971069489527,2,2,1,1,102,102
walk,277,1,1,2,1,021,012,66453197253491992478504567939904113678291488202363082806611678058535541318816,53975353037298720411528987776504913162485417363054223812973715449756958840674,111155628183841677957108414300966788865763063765863821459329774507525169183836,26620229235753553989174700140668958151580357751935201412339207643340905974379,62551630765809087445221584727349991549676848775204501557926747854836349544748,26620229235753553989174700140668958151580357751935201412339207643340905975210,2,1,1,0,102,021
walk,278,2,1,1,2,201,021,11040988006551070096529626082376670051398357514452879870207149800359549884912,94342136802106438263383919746042533059396330954261825875982407835766850287451,10408964428658687063657439180268704742475296196925858293268026371782434499300,64338309598909550892100921624143978602508015307417788400955828186228903954396,102907559276813289062940126769087858500659097943314231963298669910578515079048,64338309598909550892100921624143978602508015307417788400955828186228903955230,1,1,2,0,120,021
walk,279,1,1,1,2,201,021,43503735603712326390176916517731654729552563223077405567657581086303167354989,39975086376250848605224129358260749481692258027483687248955415558783511754723,32313267257353020428169939132695503642025163415079471222844587362822155561951,102056389962065547795027143107618999053435672862900375389572448729116901934413,27471398550501295257087683802137817598803782832349057986065428824802519119011,102056389962065547795027143107618999053435672862900375389572448729116901935250,0,2,2,1,210,102
walk,280,1,1,2,1,021,012,77034971136927268226219945172119658795341878809379074588653073161834037496303,56614943463464051877812615341231957280298822552568682983975181718996758155203,97934263874241070743109409504024199630899267969333370506286913134986873691820,23982381087905349274382379582406111651525766139308057995583906130486738420093,67827327061505496874806225843875684549786032000458788391437350880544684653311,23982381087905349274382379582406111651525766139308057995583906130486738420933,2,1,1,0,102,021
walk,281,2,1,2,2,102,021,79294965764748152061787349109320915948843587104635399503440939409730399238569,75246848738593428312268360074443126088694396558445032737532445356292215836618,77042363971290810473086260833611773669001985668200695837941783249795054268139,61700461451061346177308601065881132102453423694790644984200526673374736400110,108183255572509698492524767885613551500768281168568518796809272936286850187611,61700461451061346177308601065881132102453423694790644984200526673374736400953,0,1,1,0,201,021
walk,282,1,1,1,2,120,021,43803579577714477099471347732570159193050380889405990294945696815818761403117,5288050354160519623495031340019828919986639601268473234658695834950577865268,66700459305441198700604605936097919740232964174966100509853191357139495403278,99418541814217343080234822549356152553381081250273231972817147216262734380127,32747094846197704686672324918663510598912966057603344819576031850510854227574,99418541814217343080234822549356152553381081250273231972817147216262734380973,2,2,1,1,102,102
walk,283,1,1,2,1,210,012,110369457789450363299261840928476138005055003663276442296560233161915080178116,71397200781948009006016038038281184214644671060701736842233935652982337580516,49817519903234018541864091050618493486840294607302948940120999200920251584694,21344532940057144559590059024143265151471174526680914578828604617632570865807,73103023357201906304390866960401377549895215225713075224947953906253019761874,21344532940057144559590059024143265151471174526680914578828604617632570866656,0,1,2,0,210,021
walk,284,2,1,1,2,120,021,27072471994536115486662338356324687557347911838015042328282039001035219658424,64090457322263194681987732622217039508888366541115025991991282920089527134292,24629159920516885254920914030146180787033706286510495719184262086784087878947,59062613303213141462516280507618285602398832082163501567445225160520568845824,113458951868206107922109409002139244500877464393822805630319875961995185296174,59062613303213141462516280507618285602398832082163501567445225160520568846676,1,1,2,0,120,021
walk,285,2,1,2,2,021,021,57156023522818649275937263452324484029041282078930336543557437801655930607638,65269781493474537622847103053540279751961376907910839366112535591903223049786,109158373458339203948357603511511051925537310344439952169245194622258515685902,96780693666369138365442501991093306053326489637646088556061845703408566825841,38022791141894114116256966035189203599022149282857631653086634876219189336137,96780693666369138365442501991093306053326489637646088556061845703408566826696,2,2,0,1,012,102
walk,286,1,1,2,1,021,012,12570669875790620830143753866632140405467120187645740498753821097329210321729,103934728715280152197721907714354520182965425075031616942937017748330263638379,115078779883561617819276308436389155118107424068603770637224329170158195383218,18706684792208939844797738465880418651416582914053771162073303104778403311521,78378719652898315733975508076927070550004398450967362058458556931961354870437,18706684792208939844797738465880418651416582914053771162073303104778403312379,2,1,0,0,012,021
walk,287,2,1,1,1,201,012,51964228421007097083402500271663320247596709818771205691612330470759622740150,53449585384346756768588370304303903765877377621025322595430038688771845761804,10378275431962341571580114432720683839795897225844035752415214848377366169709,56424765155364936747723959949355439102344240469536358150689923647666401291538,2942558926586321928123065109977029648149083340002188081225315846185358910400,56424765155364936747723959949355439102344240469536358150689923647666401292399,1,2,2,1,120,102
walk,288,1,1,2,2,021,021,88176696927705867696404648531921545858519986344239977489839368491232008619226,40262969188626956334674254804118024641106199092502299785186957093465992323194,103144512358299566816063066681336245206913783894538850803888842431119668400906,94142845518520933650650181432830459553271898025018945139306544190554399271555,43298487437590523545841607151714896599131332508111918486597237901927524444700,94142845518520933650650181432830459553271898025018945139306544190554399272419,2,2,1,1,102,102
walk,289,1,1,1,1,201,012,32147065540676031500976746919727567347901635088044457403110464636055672610404,53691403472240091008744878108367890774095899574210668506961758578129520209723,29953620224400072913849359980592449731272450003385438129385360793723641851536,16068836644360735130005417907617572151361991301426627745318001591924235757235,83654415948594725163560149193452763550113581676221648891969159957669689979000,16068836644360735130005417907617572151361991301426627745318001591924235758102,1,1,2,0,120,021
walk,290,1,1,2,1,021,012,19255100454538241877531758538753758817258343116339185174180172098883375073946,107034231475840316187803445710053937490659208203381252723442289931514249072661,105294846544253832781806765768568119398622418011560690181292705985420045196719,53786917007516732032931639391092592602289648856909214733934622134812233737252,8218255222282731357707706226502722648258266565256474914735918871893694018963,53786917007516732032931639391092592602289648856909214733934622134812233738122,1,2,0,1,021,102
walk,291,2,1,2,2,102,021,112463889783848972026337738857103539927681322272941018860935776478798186979414,26729802293232074170556031994722994592493814397870846138588281849194491608695,92390486397551344650248199165549281186364832660469263079391109687824990755217,91504997370672728935857860874567613053217306412391801722551242677700231717269,48574183733286932975426248268240589599240515733366205320107840927635859553263,91504997370672728935857860874567613053217306412391801722551242677700231718142,0,2,1,1,201,102
walk,292,2,1,1,1,012,012,83531584489047025701067151301403786642525502956258065536990359463370491874794,12824094524501242573637532598166722781434888308685288056029915412221848932181,19436410223767927148866301109117398429309593400697210446437309132316493864688,13430988496512530415213097349354725651307399688799484328562700079070068202949,88930112244291134593144790309978456550222764901475935725479762983378025087563,13430988496512530415213097349354725651307399688799484328562700079070068203825,0,1,1,0,201,021
walk,293,2,1,1,1,012,012,18318940849889032951377298399696423434961137392325849337410630724599394487064,25782450185384814870634721171045986098611017524321806185055083705894707594386,71690698202042347601558965437945498319697829748992908516991869577414732590213,51149068859668527318139318832829746102235057244282071317179320621958066182966,13493951517979140787292347343028415648367449790510761748246521897602029127526,51149068859668527318139318832829746102235057244282071317179320621958066183845,2,2,0,1,012,102
walk,294,1,1,1,2,120,021,38873416724685492775835719154811213096561099361099698521177812478213855363303,28311704290335044557882706012074490364980840782197975767557982212241180769284,48606968222295658089852559841802204391728044522342889750721789317453798539076,88867149222824524221065540316304766553162714799764658305795941164846064162983,53849880028983342405010889384766282599349698958620492153618443953344194661826,88867149222824524221065540316304766553162714799764658305795941164846064163865,2,2,1,1,102,102
walk,295,1,1,2,1,021,012,29332288733319202171738153705153202112711388805653990727548821511144419787077,109214474759523845941734528153025307719576319728943820032807915189228345978246,93037414981789342733669288159197305874252260796683317318558431315444903578003,10793140348664325700420776791091879151252808076172340911807398566215900648663,94205808539987544022729431426504149550331948126730222558990366009086360196126,10793140348664325700420776791091879151252808076172340911807398566215900649548,1,1,0,0,021,021
walk,296,2,1,2,1,102,012,15289134237031265013569708686153624929509942590787167369481229872921881880619,105773057669079878220759296949888599981297849422045138310082881430105550338736,110521986568521247612812964381333590795732177318448822399351056712790237123971,48511220711820322603346998274566899602180465631654927900424019109103898628680,18769647813675550216876988459554108648476633015765048581757124923310364236089,48511220711820322603346998274566899602180465631654927900424019109103898629568,2,2,0,1,012,102
walk,297,2,1,1,2,201,021,3596225495313014327388648344822525911262993481030374918275624294605069377436,37472628164890597555719994940729456668037060322666150934014230237178325022061,74723235577112583540462341723135925273969930861944038187167729476125440272166,86229301074976319506273219758041920053108123187137514889040639651991896608697,59125576324679751834595530501291975599458882183874778987129046979052529770389,86229301074976319506273219758041920053108123187137514889040639651991896609588,2,2,0,1,012,102
walk,298,2,1,1,1,012,012,40712056569035825997600823003939440414373913500329244004660430745115769000468,5321170992260748275416038262090396209642641334049969456070399099108271165890,69758861676019621150554123742658071229253429831261350578726754163684794505305,8155292200816120985628456232829032651198216463545197495052097053361733094377,99481504835683953452314072543029842550441131351984509392500969034794695304689,8155292200816120985628456232829032651198216463545197495052097053361733095271,2,1,1,0,102,021
walk,299,2,1,2,1,210,012,104013323713522194789397857382237018804659435747461629236508617777413884524294,70595831514415398243473366543726065417683251791748005470670027487693238082952,56975023246694797814270746091412731484197281792071493371736522750710546736080,45873372563972117888554677716304053102125874019027784483668717596249731074394,24045344109371959646461629576079801648585816241019335415267727949018699344652,45873372563972117888554677716304053102125874019027784483668717596249731075291,0,2,2,1,210,102
walk,300,2,1,2,2,021,021,33699813253084931107257210594783553301160943301295229516662928133969227991853,98614823456349541843576642943612008542188808667098122388467211647961084858660,99269541765197917896308116478980253863190217362887776173785028233887356492813,83591452927128114791480899199779073553053531574510371472285338139137729054411,64401272620376161264180171617817668599568065409129065820639650004760864878952,83591452927128114791480899199779073553053531574510371472285338139137729055311,2,2,0,1,012,102
walk,301,1,1,2,1,021,012,73736310139472092117698933123627132457743333782338845854562638967801480405173,53535780651250817804206674245966794319459317230250671904532718244122823670143,104312087683909480925236362647781888929337318318691610319819810803893365268010,5517444052967916270836135674566186151143624850918054078296795540507565540091,104757201131380362881898713659555535550550314577238796226011572060503030413252,5517444052967916270836135674566186151143624850918054078296795540507565540994,2,1,1,0,102,021
walk,302,1,1,2,1,102,012,73822014180094491132114463294182232905212467855592825034073304751314502872728,62261684213426590343702344989378230065100444949125566097497985770657805245960,95500480081111309371325161733815352736227056526562736947343877493845361224638,43235524416123913173762357158041206602071282406400641066913416083395563520108,29321040405068369076046270692605494648694999466273622248778330974727034453215,43235524416123913173762357158041206602071282406400641066913416083395563521014,2,2,1,1,102,102
walk,303,2,1,2,2,021,021,53795009458858339772213420882774421646469951782919342090956238123574744661739,87885969066777148524442002171611544604252621968979508097002905655101375126826,89903199948996902550486546962989849455817395579382277890956024237141549554761,80953604779279910076688578641516227052998939961883228055530036626283561500125,69676968916072570693764812734343361599677248634383352654150253030469199987515,80953604779279910076688578641516227052998939961883228055530036626283561501034,2,2,0,1,012,102
walk,304,2,1,1,1,120,012,40932933489397994200414668106024849077601454322811635561573428956081961567014,42275250267819566525587681536003690113976700902863664177461566029340375838540,32583905480098634697568635366659368661691829439965264300422589022486497266109,2879595905119711556043815116303339651089033238290910661541494027653397985805,110032897427076772311483354776081228550659497802493083059522175086211365521815,2879595905119711556043815116303339651089033238290910661541494027653397986717,1,1,2,0,120,021
walk,305,1,1,1,1,012,012,10786068905636889868600438482407739609634021731622800472449242307582164903809,88907379062300644794351460554998241041403710907528267745803706245436060111499,16098641269378660760619085971281927202232252026489495821204635454890609656355,40597676268275708458970036599778360102016690793773497650158114570541395965822,34596736700764778505630911809131187648804182691527909082288934000435369561778,40597676268275708458970036599778360102016690793773497650158114570541395966737,1,2,0,1,021,102
walk,306,1,1,1,2,120,021,81945905222861698269899782206947745809770682350185144156763645877177690823762,577842747839551614411425193876586809804852396633587401199550790480280076252,33268341266614945539259777607863575233694449918821832481494387340250863771649,78315756631431705361896258083253380552944348349256084638774735113429393945839,74952665211768980123349453850869054599786431859637639487660856056177535096078,78315756631431705361896258083253380552944348349256084638774735113429393946757,0,2,1,1,201,102
walk,307,1,1,2,1,021,012,51087050099218645819330527533269340911937436449424044305607916667266336189730,113790430215555860140109876571280992760649443023863361402846100671338870605251,66706698159857884887701565912825482033953089857993722370461150677212462548345,241747757271506841251494558040493151034441625663767244786192514799230431519,115308593722773181741067995892606921550768681027747369893032778111919700630378,241747757271506841251494558040493151034441625663767244786192514799230432440,1,1,0,0,021,021
walk,308,2,1,2,1,021,012,57140815112227310096101219498353636727205711789603731445941277496326517485431,77169572874047425953851086288664318599931936580033767340830544897856682948542,97273790488357654797189664230357860379402320961643629292143345621634468909353,37959828120427503744177716041515513601962099181146354233402813057687228411536,39872432996461187935215552925656880648913365916782195915799537026143704670341,37959828120427503744177716041515513601962099181146354233402813057687228412460,2,1,0,0,012,021
walk,309,2,1,1,2,120,021,33334414164120552118690208861276985120417958837672865867967394790200338280409,51583956925600093505380427426162801367192064545273626794719547102607302703757,30873718147595549799500348721248121365659961282694071376770642115101193687497,75677908483583500647103937524990534052889756736628941222019433600575226391553,80228361507465389552934094967394747599895615084891926321171459081885870204641,75677908483583500647103937524990534052889756736628941222019433600575226392480,1,1,2,0,120,021
walk,310,1,1,2,2,102,021,92102674624991450355783854744063623176110667413977975125292378670959645145218,46330496964001072656638064719608967772501336345058186534821905465551997543719,93151006885639867834720050553703224757927965572244966418800883879306026654389,113395988846739497550030159008465554503817414292111528210636054143463224371570,4792200781153395747081652000444706698040299973926752343938217996109874244604,113395988846739497550030159008465554503817414292111528210636054143463224372500,2,2,1,1,102,102
walk,311,1,1,2,1,021,012,73914560940234059042742040369321070287695977511586697074519987495658184006043,77346671976175787950565718236977566450723128118352632370178921291095894176903,80322945558222543853834211411077178968120863701341798634216259229063591160380,35321979972579299029385395483252667101907507568519210816647511544833060857250,45148129292157597364800194042182573649022549142036482749310140051852039778904,35321979972579299029385395483252667101907507568519210816647511544833060858183,2,1,0,0,012,021
walk,312,2,1,1,2,120,021,72026066034784163241672451852139715888252400734470339647871613274759859177150,12980394082858891257854817128984525844444802323106178579258003682490120728933,30785629119673140924043716027563666120572781608064045812327967050658854765580,73040060335735295932311616966727687552835165124001797805264132087721058837267,85504057803161798982518736083920440600004798310146213154682062107594205313204,73040060335735295932311616966727687552835165124001797805264132087721058838203,0,1,1,0,201,021
walk,313,2,1,2,2,021,021,80186675572464039768101586504356115170424980182689532047138903567927005936983,113794443890488613305643977768648524355322606515836845270124811203624522851689,37603059011679737773396405744371176180792382632754750761651453244266140554654,110758140698891292835237838450202708003762822679484384793880752630609056817284,10067897076849805176666293116970399698149483199181039177448821021818209353167,110758140698891292835237838450202708003762822679484384793880752630609056818223,1,2,2,1,120,102
walk,314,1,1,2,1,102,012,107386804202589809957374308339882125070352243675246616349382867824228402925343,68689781581953041078930659446714028175404916229301047037588477570172331112775,55507592690089539810837002230779662460782809426733464691943822621416935305208,32684131824731094314593074924989820601852915955892067399892210031978893302964,50423825587854006794384835158708266649131732367290769582820743077560374887467,32684131824731094314593074924989820601852915955892067399892210031978893303906,0,1,2,0,210,021
walk,315,1,1,2,2,102,021,107187237607556411686538835247661802255923869366520163211118742768185618102683,93032014145174005151222950285999622291443716690530861843697173504847028475257,31364926721901974009380184483714391159172383274230103024099251742785022765386,70402212187887091217519296408464841052780573511374654388508830574866891282981,90779754098858208412103377200446133600113981535400499988192665133302540421767,70402212187887091217519296408464841052780573511374654388508830574866891283926,0,1,2,0,210,021
walk,316,1,1,1,2,012,021,32664438691017643382224839599554061458165527418454060798699683833571983712517,24207310968223900403298867978912648161111853230021083271259641932215042130884,58920339578074651638047277430221198233992604017165419969498258242121808828262,108120292551043088120445517891939861503708231066857241377125451117754889262998,15343593372546214606250934233496092698258666424435326010959424047526544461730,108120292551043088120445517891939861503708231066857241377125451117754889263946,2,2,1,1,102,102
walk,317,1,1,1,1,201,012,8228746030036113480865599967542489818869807571234486380467253453457822958950,105720432131214519529640664726059310424611814078506603575872873984470092701978,1842911076065562413064720315086107609788363015899474083117456569980919010735,30046283676882889599800754366726974101798324343264923983136908519124725748678,55699521883550416223969476275233959649240915592545056416331346103268709996030,30046283676882889599800754366726974101798324343264923983136908519124725749629,1,1,2,0,120,021
walk,318,2,1,2,2,210,021,78390828865297484950429965838455838432153258916314288149643052198663720901114,114745255161352205681239439272435759853521543055695178862529800404214980431613,38448094447982700215472564906484217420865167359271661066742315412938968010599,67764364040038886502726975850201994552725981898747510971753529062012723728695,96055450394554617841688018316971826600223164760654786821703268159010875530330,67764364040038886502726975850201994552725981898747510971753529062012723729649,1,1,2,0,120,021
walk,319,1,1,2,2,210,021,91004284699919679856440726305282437339422174236821737122863439923548501207855,70295075973902171513385324003839944868615299972948174885423538880260995572025,70284817800810539477315919708253433498502495121511216070628189212008172563446,105482444403194883405653197333677015003653639454230097960370149604900721708712,20619289668242624035835575350021785698367849649689612844470027073234879570293,105482444403194883405653197333677015003653639454230097960370149604900721709669,0,2,2,1,210,102
walk,320,2,1,1,1,120,012,5897034569423611917901395140223584392436343040664016847672248878655080086196,106561550588448357985977465630772716701371920142687681680744726107867709018570,3333504079444225519692124237691606759461721482288865511040609021386045566897,27408435529034684885008433808464127601743732730637780566381607006270558194392,60975218179246825653554117391759652649350098817799343249841949128977045104593,27408435529034684885008433808464127601743732730637780566381607006270558195352,1,1,2,0,120,021
walk,321,1,1,1,2,120,021,65262740678890445476252456225669475024925370762770875411790054141701094125877,27869162804492033000212519225647400706790377112116851612207068591779125222626,22660185753933716947106009557371032121554236790752837015460461274428615323160,65126515892190681787934655291939148052671390286120367554998227549158556174409,101331146690251027271272659433497519600332347985909073655213871184719210638893,65126515892190681787934655291939148052671390286120367554998227549158556175372,0,1,2,0,210,021
walk,322,2,1,2,2,021,021,48466703990238642953266596361066429174049911446900361908940409872790845146166,103267023144065810281235708845018807800077137560636864099200215283661191194648,79850451340327937612639664811290578732412920323743902070774542859365633002512,102844596255346678690860876775414168503599047841602954543614848092046554154426,25894985963939033465420216466547478698477032874943899677980630098943214678856,102844596255346678690860876775414168503599047841602954543614848092046554155392,1,2,0,1,021,102
walk,323,1,1,2,1,210,012,107840388122327756194991244516245816537969630378524646660934683173667231386144,100341399542352471116024894830982463486691223785957385761667850296450411609726,23402390809952163536125830670147535681879115166799095656312634545700026347456,24770587381186480170216113250201281101689141118010637149626305493416390640106,66250914474943235083138758508285345649459282043053630083352552154685380213156,24770587381186480170216113250201281101689141118010637149626305493416390641075,0,1,2,0,210,021
walk,324,1,1,2,2,021,021,43323476722577780519865749541248634240304471162420465258477434567373698571157,96688685585991576127933077492781926810436389778938698967365310896450594913607,91572016166063034199343142983345254655799108389921963853072422551993375858562,62488667744342477073142334733676301552616798673493224138242926036304388620123,106606842985947436700857300550023212600441531211163360488724474210427545747456,62488667744342477073142334733676301552616798673493224138242926036304388621095,1,1,0,0,021,021
walk,325,2,1,1,2,012,021,31799505669657665271008399814790065564913109917519929743349464264889738160732,5883782003656338240649057714559783333427532486481079222763142499278181546900,78108801564002191911913527479338058954929342261639555073344977243740914964031,100206748107498473976068556217151322003544456228975811126859546579192386600140,31170682259635442895004857583073171698586216100198186511491233124651549787419,100206748107498473976068556217151322003544456228975811126859546579192386601115,2,2,1,1,102,102
walk,326,2,1,1,1,120,012,44914625481211553094738870374883314326026743231225220219221308992769699046052,62990545477232639058886617938743230308882581137024585387865961371851831543103,7886918278872003269945496695061363218360660297390758432370313643287304082508,22132739233338275455423792691938434601634549505383493732871003980562223085820,71526610770639644512723399624811038649568465268307916916863155180393715321719,22132739233338275455423792691938434601634549505383493732871003980562223086798,1,1,2,0,120,021
walk,327,2,1,2,2,021,021,100736167800335433413766748389255436739345458289921819047016136496295908237639,109882292440614690302553252218283300011042131458021845811077708993910176784121,20965718233682267130821969409837078956152379583337463220821322525611584321566,59850819596494272358350014175413455052562207060866080721487624523450221065837,111882539281643846130441941666548905600550714436417647322235077236135880856019,59850819596494272358350014175413455052562207060866080721487624523450221066818,1,1,2,0,120,021
walk,328,2,1,2,2,210,021,72433359733243640708978454306420681719517679476891133674323439411335813790160,100398386319994066957043229038821497356744881076446317651022835725862602093098,58752432421394683181120286672133636630277408777943676753568892878619253460068,97568899959650269261276235658888475503489864616348667710104245066338219045854,36446378555331852324589498699598864698695399325452473345001836150359884895982,97568899959650269261276235658888475503489864616348667710104245066338219046838,1,2,2,1,120,102
walk,329,2,1,1,1,120,012,52565650085994962295797078995054122872978726125818584758758888045562479917855,13197145394274123652658386344760416994500337045731414040107595781626037749230,50029293757047109475115519668873367985790921494090565240591100180720317004578,19494891085490070740631472133675588101579957892756350316115702467708055531534,76802307066336053942308040741336731649677648493562203750373758206102050430282,19494891085490070740631472133675588101579957892756350316115702467708055532521,0,1,1,0,201,021
walk,330,1,1,1,1,012,012,38371601603551854444524275709341011927086226357336841617208311397911634892712,14219236362354825379251995585756145600735086847943982819854518560030363324137,63201251271409515599794713713590750325448671460359739602394754049966836454814,57212971448646067643557693617150608552507615448238937304732323010596053511551,1366146340024060136455597774386690747822333382597029773140517120326054470245,57212971448646067643557693617150608552507615448238937304732323010596053512541,2,2,1,1,102,102
walk,331,1,1,1,2,201,021,67040392679361007162913605134670942025593480978875092242398260603021400456883,47271029362088925931336507007366705629856708432786688668494450571200990464069,1480667195866262329320872866650260197819795253978783128564872833686443750711,94931051811802064546483915100625629003435273003721524293348943553484051491568,41722074851028261754174139816124557698804582550706760178512439176068220004545,94931051811802064546483915100625629003435273003721524293348943553484051492561,0,2,2,1,210,102
walk,332,1,1,1,1,012,012,25530548448551775081717902985522573471845257710272261060535030613592833210901,46868098996842298705852250784798748830777892857807561639488064398657610014967,43393441791922121636000831238366585550646834097560741339434488995658391445795,16857042937641866025839151575412741601525366280129206899360400954853887977248,82078003362032463371892681857862424649786831718816490583884361231810385538845,16857042937641866025839151575412741601525366280129206899360400954853887978244,1,1,0,0,021,021
walk,333,1,1,2,1,021,012,85812181967610697484704509466698264364540668810428959478741473485850590267105,44996572855953979069476086811828200022947954486549180901203561800353141029000,100775423651067714292961373738849351319051346034302987698970132729613938047221,54575123300797862928765373058887762052453023835611793887977021497741885957265,6641842635720469566040238890912383747931516607851316606651120146034389578808,54575123300797862928765373058887762052453023835611793887977021497741885958264,2,2,1,1,102,102
walk,334,1,1,1,2,012,021,30630780814872291634280660224727908810265552412908470635445365344034593963913,45953916174090357774930065973773994843922683635794311933167692226492792733271,39207392248353546014360258810186004199081748616937781470844526437381447974479,92293203663953859831691594542362782503380681391094380876593642040629883937282,46997771146724671183758780932650250698913765775961047012023042201776555113108,92293203663953859831691594542362782503380681391094380876593642040629883938284,1,2,0,1,021,102
walk,335,2,1,2,1,021,012,38162850833267537014283035793495297314690240752017910608347949895919884134484,97049032862821877752971651953060265003235193023276527610479544086252290062716,96372294778542976079887282270820253388614535555986689860087674033645495146126,14219194789793661311046831017149895101470774667502063482605099441999720422962,87353699657728872801477322974388117649896014944070777417394964257518720647408,14219194789793661311046831017149895101470774667502063482605099441999720423967,1,1,0,0,021,021
walk,336,1,1,1,1,012,012,6809319703418054898164776824901794045232123606593645793720688757489353385352,96528266049475001850378435574521989484169214608258023677702922197055267051023,12454503484423138675027772609264124323868646450788894568033973053364214235288,51937275152949658213973052500624915552398432222984650471221719984887718402979,11917538931416878995624880007438076748040699833105603440161723171742724687371,51937275152949658213973052500624915552398432222984650471221719984887718403987,1,2,0,1,021,102
walk,337,1,1,2,2,021,021,57107078105448026366169094919703249963246434981824919455256508865111328124123,65241255520440023180408181778170088050532783451089109588597109826520358961370,109235844848744341300564693319502477692760750898367099035061549324185982257833,89655355516105655116899273984099936003326089778467237459838340527775716382996,52273467442421080613343422049175943699022949001215333845533645227484890221671,89655355516105655116899273984099936003326089778467237459838340527775716384007,2,2,0,1,012,102
walk,338,2,1,1,1,201,012,25062647343918250309507947621335524436390400369745498879670470826761140020736,63936819847543384235109786914200883255791387903530411724014153058018781464365,26792622045854560878953250473151500161088196392364653435772960123128913186562,11581346641945456596254510458887048601416183054874920065849797929145552868676,92629395953425282231061964090913810650005198169325064250905567283227055755971,11581346641945456596254510458887048601416183054874920065849797929145552869690,1,1,0,0,021,021
walk,339,2,1,1,1,120,012,54660759473147385717706326264613118121490519240987004311146580664718918490246,9806648401569305103791875487423244024781948927242418887767298301378471497716,51324681362599504602072783256651545706997516497411140840543705041811444683701,49299427005101453499180731942362069052343840610357507054466418472033550848693,17193235227113288425209521123963769748149883058359890273672326197451059795934,49299427005101453499180731942362069052343840610357507054466418472033550849710,0,2,1,1,201,102
walk,340,1,1,2,2,210,021,73150339398812630928368326408322825038064036122437860372706280640110881342818,87650638812056540913134797344833422682275763423545817125520950129271080344969,70783200263763219005638846264219567986200169785297450580687937246435707655539,87017507368257450402106953425837089503271498165840094043083039014921548828710,57549163738117490042928063165701636699132132226469620679044248253193225330234,87017507368257450402106953425837089503271498165840094043083039014921548829730,1,2,2,1,120,102
walk,341,2,1,2,1,102,012,114518052241228934594422614919803372600350708950053960828814279309573396704511,7257536874172976207697295763951179704232872159566906237182406649143472977735,109808589359230480045022059333621263401956388221660261012918482057100799661080,8943498494097251881462189900624202101361591442247776649094496416291385314390,97905092249121691660646605207439503650114381394579351084416170308935390864534,8943498494097251881462189900624202101361591442247776649094496416291385315413,0,1,1,0,201,021
walk,342,1,1,2,1,021,012,72874201937800844779116984164296711977197715333997200094528562840279509908678,77258596817001428387288357755957328052821849045834414379561645386481717062102,81451379719830117680736628097121775676520404951449513604824959789056442372546,46661578857253248784388411384099222552289248997730363637711116959179383294407,22468931522809697854794162240489462748259066283614177107182929223159394904497,46661578857253248784388411384099222552289248997730363637711116959179383295433,2,2,0,1,012,102
walk,343,2,1,1,2,012,021,668144206063156355720892268360898381001948690390159584045354508918863206525,52951390853807397867130270355283524126005937598493336748464559090281864970178,62172554177445641200719822385043485346262098376757067706947670408708106494960,84379659220409245687314632867574243003216906553212950626327737502067381274424,62824860033813899472512704282227329699241315451723907512554851278901560438797,84379659220409245687314632867574243003216906553212950626327737502067381275453,2,2,0,1,012,102
walk,344,2,1,2,1,210,012,98588333939536584806736971871154249266787971791885456514054065518683147412618,69841913217404959451906572431832133323611480998316722820958922949987506606073,63153931317690846588498425714389433116140516541078948743902179547147015324635,6305650346249047166669869342361355601306999829620633232339194903437217760104,103180788544818101090231246323965196650223564619833637917926773334643725973097,6305650346249047166669869342361355601306999829620633232339194903437217761136,0,1,2,0,210,021
walk,345,2,1,1,1,201,012,26475817868462994162132239403880090059563132661792599617000835436550879844697,83670771928229553791550739003209004611583352302581649268486401339150533541182,5645499440623647469888006601598813182123499701266315153970347232207421285784,44023730709405044069596090825836376052234657385103220220955815446325215740121,27744627818506107284378803357015155748368249508868463940693532248867730013060,44023730709405044069596090825836376052234657385103220220955815446325215741156,1,2,2,1,120,102
walk,346,1,1,1,2,201,021,7905341943434000297106252542737652108015437672017740717116129486915452771938,62667748257071692934834306406141097720075330012401479611860319398085406572591,45218999036810502191630426059809158025179216981221343710481135122907975327134,81741811072561040972522312309311396503162314940585807209572435989213213720138,68100556329510308902097345398753022699350498676978194346065454304609895547360,81741811072561040972522312309311396503162314940585807209572435989213213721176,1,2,0,1,021,102
walk,347,1,1,1,1,012,012,10331553306941035143590191746402478688815807949254608816984303347685437324754,8875845985043895053730471796522994492742302141671068368257864346024634669301,96584689945331265226250321465762434671711874574714886854215416314198762677608,3667802198400842451877548784098509101252408216993489815583893390583050205818,108456484840514510519815887440490889650332747845087924751437376360352061081660,3667802198400842451877548784098509101252408216993489815583893390583050206859,2,1,1,0,102,021
walk,348,1,1,1,1,201,012,20153073607228574665306756751318332532363579247519161426226004342621999831153,48320866296063957091793570579538267491066376011769176396279694392228189765466,47318149334023663666470657677831307829840029406352226216951885273058645075044,41385882561556839354803770267573529552180065772476076804200513933471048185835,33020324114202516713963444473540848748477432734122750774204135274576065121623,41385882561556839354803770267573529552180065772476076804200513933471048186879,1,2,0,1,021,102
walk,349,1,1,1,2,120,021,29853235660185283585148409153855191890292471518312430800011818139601698438977,17148606515665366772247210437079675179230940012495624659977748263949309048574,68790247061465545066175365417753040783746573134832508579468017604357827184112,79103962924712836257729991751048550003107723327958663792817134476359046165852,73376252625206718331681986515278715699459681902232481179576057330318230655923,79103962924712836257729991751048550003107723327958663792817134476359046166899,2,2,1,1,102,102
walk,350,2,1,2,1,021,012,65164501227280545218443618543110669137886689167069182548205902183666052659396,100141758372804664322751332525910814156812239004620456145515165710379594747903,66277918874547181305947018948354332411841041159591489385194100121772021936027,1029954050552637737085228225835662601197816604366346398828591877728882651532,113732181136210919949400528557016582650441931070342211584947979386060396190223,1029954050552637737085228225835662601197816604366346398828591877728882652582,1,1,0,0,021,021
walk,351,2,1,1,1,120,012,84502678492580365959877065183853113774152045062628890493712473075600978736633,26569817442444383793845087609386985520877321217977279696526979025126183658491,4719593302291445669848832215447808558240618385034393849218131907181672276539,38748034413708634640011449709310683052125474159848933387445212420616880631549,38296020409898926143548085590066541748586615959377037607714738300284400230186,38748034413708634640011449709310683052125474159848933387445212420616880632602,0,2,2,1,210,102
walk,352,2,1,2,2,021,021,30103023962283836233739474370473787779667303613021927396306893867384442295916,91471434696926896511453601940271633035363877375537377557103324804530882605703,110009719815421658101948893706630394891508788342721823125504949343902344441707,76466114776864631542937671192785703503053131715331520376061832963504878611566,78651948920903127761266627631804408699568865127486768013086660356026565764486,76466114776864631542937671192785703503053131715331520376061832963504878612622,2,1,0,0,012,021
walk,353,2,1,1,2,012,021,16097175223105508711693705838126300839480581283486127134074946413420587755900,20714666679671998839906993808978029571340715780060633144593038540488376851349,78980247334538687871970285361583577442448687602093803760789599053999870064414,114184195140020628445863892676260723953980789270814107364678453506392876591583,3215788194591133955414184664854367797713550016521594035853419270250569804449,114184195140020628445863892676260723953980789270814107364678453506392876592642,2,2,0,1,012,102
walk,354,1,1,1,1,201,012,20866866340363706588384384143967530205325139139477223834575059759097275381036,62910067053550059158458003079267926104397214152490899323397005669723513595371,32015155843402429676728597785452451543547631373672440881485518579088045695256,36110186265860429925219129151047836552070882547221789970689910907762713077263,43571716705595335573132726706592234748695799184631324441225341325992735338749,36110186265860429925219129151047836552070882547221789970689910907762713078325,1,1,0,0,021,021
walk,355,1,1,2,2,210,021,112787458189448701715542995294571468868802410787809425272353117476675432221834,113425255127850244225518489427268834135074985269846123605131367671061575920951,5371465157333444906080485295535512702662573273625579201430682868080661200541,73828266629016426828145350634522857002998540102704376959306531450650711057280,83927645216599537190851268748330101699678048352741054846597263381734900873049,73828266629016426828145350634522857002998540102704376959306531450650711058345,1,1,2,0,120,021
walk,356,1,1,2,2,102,021,101964727034341912572223232210261960876761665913737098740767339209614705934056,23277429232483578751607972472892026388960982178799396372123481972574477642292,106342022207806899523310765334221828440817321238744632966024346833628485766978,111546346992172423731071572117997877453926197658186963947923151993538709037297,8491484490287543384998825781380060797822733241775880869364022295958904913012,111546346992172423731071572117997877453926197658186963947923151993538709038365,2,2,1,1,102,102
walk,357,1,1,1,1,201,012,8277967794917648685532596151272981836658412839829872351595855972022644438913,78700950171418072384559461560130765677303568850678635607882594749681633123864,28813171270980474353478927297284160339308002975132056079979133286204557108886,33472338118012225210426808592784990052016290934594646553934609394908545522977,48847413001291745002717367823117927748804982409885611274735944351701070447312,33472338118012225210426808592784990052016290934594646553934609394908545524048,1,1,0,0,021,021
walk,358,1,1,2,2,102,021,105426766602434012385698371092834831035345459091301082747008758575374408864543,50672141584740037768133270396526353019173577778749266630657701584407966469082,75485270287458340693310328528014631652020932461230778701248707856035294009701,71190418481168222113353030076260010502943948490077233542551229937796543502994,89203341512295946620435909864855794699787231577995341680107866407443235981612,71190418481168222113353030076260010502943948490077233542551229937796543504068,0,1,1,0,201,021
walk,359,2,1,1,2,120,021,43988453062355706195668668822741050130577773989902265988198421366378177003394,53186173475193059448245667799357777836812044752736829340564985511533873956943,18617462699767429779656648386589079885880165923001468710694177129996783711326,108908498844324219016279251559735030953871606045559820531167850480684541483011,13767180785983952814583466897905753797931916467030167702874625321667240021575,108908498844324219016279251559735030953871606045559820531167850480684541484088,1,2,2,1,120,102
walk,360,2,1,1,1,201,012,34504485736033425018217131639849493284533377901273889970411943844459800866343,75911017302630935324938924766931364757851647357790740294426582602009719408055,5376586198651835080414928601907049810884959406575933774619057561439314397265,30834489970164020495634488034522143551961699321967503137179307882054377968691,54123109296988154432302008939643620748914165635139898108246547377409405555875,30834489970164020495634488034522143551961699321967503137179307882054377969771,1,1,2,0,120,021
walk,361,2,1,2,2,021,021,80199921360586330701629118787131780804557239065737402864974876657123292080265,110032917166604854742453174398995527138701194808501072947685370696878731447965,41351339947441205403059676831248507763281535457042652266254920661815645815096,68552570333320017398560709517997164002889356877450090125795928424942375948708,94479037807992356050020550981381487699896414803249628513618469433151571090175,68552570333320017398560709517997164002889356877450090125795928424942375949791,1,1,2,0,120,021
walk,362,2,1,1,2,120,021,65477081942500517443548683905739772904376214303529951166147696928244488126712,41854723488913364141662834789948799499513259197648380672531878749849573044024,8460283805902313838359466312999335449380511164462232200778008329814773500927,106270650696476014301486931001472184453817014432932677114412548967830373928725,19042877081680362244168108014431446798041099692284454536385228347375575130138,106270650696476014301486931001472184453817014432932677114412548967830373929811,0,2,2,1,210,102
walk,363,1,1,2,1,210,012,43620981972782854457980987941600396068588285416512005698078442003585371505770,110248264094268991979743674450095823070314542970968131302855651883087282588853,77714932407580544409417307625679596567637140943800991077981074129145015248703,28196641822315815780842167476259297051907107709340359720424006369200210414405,59398805592684563861886650056169313749023348860394184941757150403117740664438,28196641822315815780842167476259297051907107709340359720424006369200210415494,1,1,0,0,021,021
walk,364,1,1,1,2,120,021,54313236013273307078100097893801300580927974011568038105865341860808736179072,13895360714829333051196442813082060206125085853301691778789756741382002723002,47583492509213555294274444301804547066216924800770834154802485405718095769589,65914722185471812683768388959734317502834765264822946709040626912088208394422,99754734103688765479605192097907180700005598028503915347129072458859906198738,65914722185471812683768388959734317502834765264822946709040626912088208395514,0,1,1,0,201,021
walk,365,1,1,2,2,021,021,32342643261684372850793872667242146120757500510531617070240678178064482121173,105494442105299386729233040759653833835303202787465035841308149735283544382732,93747093107648631267115056590479835750479266033284475167366340102469642839421,103632802548627809586694610443209337953762422820305533697657247454976206374439,24318573377376771673752749130957139798150282917538741369895831373083910238701,103632802548627809586694610443209337953762422820305533697657247454976206375534,1,2,0,1,021,102
walk,366,2,1,1,1,012,012,17535968410659238397709166481685209860799649960301426439977711071646901698912,47204055228776200556546317030422146979012894529780551732603964441658208165177,51052065597880756469315501496580551013457440175558585866875908494603724807574,25558793674467611066049846917996450551852516096713216303668704856346042860119,64674501888380973291471291172695006749132532085648471775267753428826075773001,25558793674467611066049846917996450551852516096713216303668704856346042861217,2,1,0,0,012,021
walk,367,2,1,1,2,120,021,31922212502458441048049870514008961017876860562368586248340303331530658756215,75721265934447601674753694305596457447493100792026815766418999530114457676498,8148610800410152700767420189082489387900023311245162024698281146263718238950,63276874037623607968976068401471471002780173652195803292285325399234040840136,105030430399385174909189833214432873700114781253758202180639675484568241307301,63276874037623607968976068401471471002780173652195803292285325399234040841237,1,1,2,0,120,021
walk,368,2,1,2,2,021,021,33611124933767823923212739634149892630699025513163400977301487345911795342312,97909797519979548863057838231085579698449578529824634853938740114492843942797,100063256020885018060871392152140343377391365288293092247674940555413030058217,100994954400779604871902289884946491453707831207678390280901945942122038820153,29594269673073181103337390247482832798259466142793028203406434398792245347264,100994954400779604871902289884946491453707831207678390280901945942122038821257,2,2,0,1,012,102
walk,369,1,1,2,1,021,012,30615968808877034741553955958054204704302159263959161275089707974876710311681,105789831524402778494581984642684700381102794281885246038356848854449395525824,95178378141352577611006029416636910621135015785436720765468611186491563505821,22920945526619406351257526359733604051797924484086072886913403343491875305833,69950198184077382721055932289220699749241715310902758608778356454534410881564,22920945526619406351257526359733604051797924484086072886913403343491875306940,1,1,0,0,021,021
walk,370,1,1,1,2,012,021,12109251106609886809043427087894302440722068997074418167708481968929821420886,81197351543393627456639235957794175803783364698224087888274104414138217970440,22485486587312681157888321962999429608764550970342057983474997624840795280337,60639025889775403254183747843208624502725582039568659875530023886379873285850,110306126695081584338774474330958566700223964479012489014150278510276576415864,60639025889775403254183747843208624502725582039568659875530023886379873286960,1,1,0,0,021,021
walk,371,2,1,1,2,120,021,79775446035243352289360508507216206949151823243842030714963290850251115599220,16014350020657003610326519988922216122870119773316267782817354841466966605336,20002293181415839523883956512549484781248041648482265541676938316190752467107,98357106252931400157109969326683644953653239595051246864146644429267871265867,34869965968769590532922031364008525798368649368047315036917037424500580455827,98357106252931400157109969326683644953653239595051246864146644429267871266980,0,2,1,1,201,102
walk,372,2,1,2,1,210,012,92112239913782622060662056098848544049042136105584183827802080607107098384994,70957918055083442299606362969040051228318453448005649567458006885616651071676,68514020505766326486873550949487220429179379777691294683655080523093919886656,20283097378771201636465205801470757551743332871458929470158101830637707751547,75225894479773792150640573405746392749350898536157045442288959480242745990127,20283097378771201636465205801470757551743332871458929470158101830637707752663,0,1,2,0,210,021
walk,373,1,1,1,2,201,021,86149247032699939120584820196992764260103136034102661200678040866797666274232,26443348443663232670911915291087150428373494376988882775260210471019320532539,3199493760953023632074249520607993164793354254549020063519332670091847864892,58001177741927198539391427284945778002670990426941516458774722373525705731564,115581822990777993768359115447484259700333147704266775847660881535984911524427,58001177741927198539391427284945778002670990426941516458774722373525705732683,0,1,2,0,210,021
walk,374,1,1,1,2,012,021,17592726949352578169813485876323826704990207374002647457167671627688414062357,6593334869811561379095678343780976453272626364695503557420142324657331921948,91606027418152055874661820788583104695007150926942413024869770055563088687358,95719258105083195442317648768420798453598647982424103447391342916413703711581,40145662264465999962506672480534218798477832593301601870427640450208915564390,95719258105083195442317648768420798453598647982424103447391342916413703712703,2,2,1,1,102,102
walk,375,1,1,1,1,012,012,25322204567629261357635230298852005775953242036625303088616246704241261364660,10531310162637979433406632976488137748159994954177781226372876718166049344221,79938574507048954632529121733347764329156747674837479724468460585501523962782,17645249230922996921672885243207911051688741258831786053402800317783540197261,80501590775470201580225214522272085749460081761411332275799562505951081098690,17645249230922996921672885243207911051688741258831786053402800317783540198386,2,1,1,0,102,021
walk,376,2,1,2,1,210,012,83907381051567233964380347292231395043852107793081913745442596989011491157395,86026982863490951559741885458263696319822787285595702749017007691713270160761,61649814559574205323019737266880724342865074252603511584455563335092908025170,55363329594078993824599106726682931502616398814314373042019420860671538177278,5065430049158207774372771555322044847604766650446158298566321420175085138653,55363329594078993824599106726682931502616398814314373042019420860671538178406,1,2,2,1,120,102
walk,377,1,1,1,2,012,021,12961392894748548312426661174365972390280887039741181761069217549187408180086,72359813693193218032425502783267664650883231522940430709018748382119439345181,30470882649374429078718821051054270812105866102958951569369618076601987146396,93081409957234990727525328210157951953544056369796960030636041403559536157295,45421358560162409392091313597059911798587015818555888703938243475917250672953,93081409957234990727525328210157951953544056369796960030636041403559536158426,1,2,0,1,021,102
walk,378,2,1,2,1,021,012,77659726915472139829229720706922796988465663030399276890675285394397374066275,89798837123421053311055437905457432933288214435927484219751057709940827059586,64125614435739197706856811404995585784786091864954366968488824911479468217465,15007401083074792206880564684945064551634149646204642636647498804929372642975,85777287071166611009809855638797778749569264986665619109310165531659416207253,15007401083074792206880564684945064551634149646204642636647498804929372644109,1,1,2,0,120,021
walk,379,2,1,1,1,012,012,16484719184404091055807771400113641249898269623719275098317729009408583716060,26811961115663399429263125129026307572607424008087702506108966065216739533142,72495408937248704938500088479547959030764291033833586435030888933283511422461,52725481446230789109806786168420085002561807201687229625264119347817370622992,10341126344854617203957412671847737847713949875700445132076924445883420247216,52725481446230789109806786168420085002561807201687229625264119347817370624129,2,2,0,1,012,102
walk,380,2,1,1,2,012,021,11799228194163682619568206290285866230693355131236252077183191334593860259281,6982702048734302652711282021907001296627407043510431232334833966210507547460,97010158994418210151291496696495040325949222490893880729939558707104466864922,90443561809386786012733007651895105453489464757169816613880739890705368603009,50697054855858818821675954713585604798696199043810175537448846501625585781516,90443561809386786012733007651895105453489464757169816613880739890705368604149,2,2,1,1,102,102
walk,381,2,1,2,1,210,012,103963940574661243646619906809263522974406446235200380652729389948379422783035,63464771749675091004649955198389812601505927306138561339500767346708512178212,64155466150296056195872108009722480130627595789942186086685010720729734382079,12369552935226587492088244126682218051579558033577499219892197292075205088689,91052983366863020439394496755323471749678448211919905942820768557367751315816,12369552935226587492088244126682218051579558033577499219892197292075205089832,0,1,1,0,201,021
walk,382,2,1,2,1,102,012,113767567689544730702163162811849652557755285307515207781937039909873444542429,50502815647823612689945761133355683272323266602586204488803360289667987494404,67313795137264047455033046072170479876461417421179715808174767816276237306493,50087633298382584395014465610157238502507215589060086208508817834963203068706,15616822640551026633542053788373430847823133100954731965587527471591755355779,50087633298382584395014465610157238502507215589060086208508817834963203069852,0,2,1,1,201,102
walk,383,1,1,1,2,201,021,40720635142454023744603122151505204066326913755110374218550739462149417211855,41221701209117172761718448782564349101771063387230734667279713222514956212362,33849752885744998917249414074618354685172007523299455153627131323244461247446,87805713661538581297940687093632258953434873144542673197125438377851201048723,55972751151555228251260595830111297798805382269064462370959449527333920890079,87805713661538581297940687093632258953434873144542673197125438377851201049872,1,2,2,1,120,102
walk,384,1,1,2,1,102,012,111648398355552170033462229868340959566642537974497477225188195578262188119029,53160072063080291072422885071708913520474719844502746338053716107992706067220,66775708055999929741256855077325942619422711512280904515673256329562775157077,9731704787378382777295923568419371551524966420950355803136895779221037534403,96328679662559429868979137871849164749787631437174192776331371583076086424379,9731704787378382777295923568419371551524966420950355803136895779221037535555,0,1,1,0,201,021
walk,385,1,1,2,1,210,012,96319962560371872675830785770106168086789106954663978747665992778014196572525,94370575470417701733667410803863685431892657826197704165317330254381345873595,40893640443842816437643773443405962187858204550419445165931844983422126897206,47449785150534379680222145051894392002452623976432942791753516322109035514420,20892518936247436063126694904899123847932316326209018799098130497300090464342,47449785150534379680222145051894392002452623976432942791753516322109035515575,0,2,2,1,210,102
walk,386,2,1,1,2,120,021,77247441011954575784051445314766223111812708747972126304060332126468299307116,18709095873105159297128167350977174544251488964662298071499068507366519387488,19835552352256460342391372342944510197205786953006139663898183374074015977059,85167865513690376583148366535369412453380281531915529780370136864997033494437,61248447447251637680845236946636990798914565494318749204470052553042255998642,85167865513690376583148366535369412453380281531915529780370136864997033495595,0,2,1,1,201,102
walk,387,1,1,1,1,201,012,8157043083394351522321902428909830072072172009541884639838829235113068953944,91243994528976013267508940698454489805943754727167978150451235106207751537992,16391051624945830633740141881323587975254057928930701249167519666588014179727,7093856639530178062503603010156525051470374808323212386381594266366869980117,101604375958255839298563778988374857749896814662428479609841974608784421532942,7093856639530178062503603010156525051470374808323212386381594266366869981278,1,1,0,0,021,021
walk,388,1,1,1,1,120,012,62253193277673991804826484351151284922952702400367121277099047438320179746980,20937272469803493197264370551712049700713816173671378810324647881234337309465,32601623489838710421480130105824573229603466091602063952033888688354317615218,44811937002686174965429824493631545502398032363805799374998214809254867960134,26168215231943845492711336021424816848041499551463305632608733523008425572905,44811937002686174965429824493631545502398032363805799374998214809254867961298,0,2,1,1,201,102
walk,389,2,1,1,2,201,021,3519942988889461551041836600716459581627680936753790387226865745646280623080,103264561442855100383937301431225175990365777995998042415617876959047265826859,9007584805571633488591846976746272281276525732888731236612841303215288221724,82530017365842171868356045977106565953325689919288386363614835352142865940151,66524143742948047110429878063162683799023748719573036037980655578750591107205,82530017365842171868356045977106565953325689919288386363614835352142865941318,1,2,0,1,021,102
walk,390,1,1,2,1,102,012,93203918463973331137280286080512368879433136938023631477437898184585695873481,29391582594186427469979687785477917860008022945992957790011290641622589101829,108988677416472632239881996151385528967098809447264538811465979189609384368016,4456008491681973347711282451893678551415783195696068969626292753512702425831,106880072253952248728148420104900550750005997887682766443352577634492756641505,4456008491681973347711282451893678551415783195696068969626292753512702427001,2,1,1,0,102,021
walk,391,1,1,2,1,021,012,96463946658465832825034639559149273262930184180234733198003929899962101104553,23514647381173661213960609878124461344391051800218491720602241679131011574146,111605584434992896808146720580102081099218733350827903160308996436724556664627,42174088854837970250637503935368699002343440751178655958242913296400700405848,31443911527640254922295977137950509848150682776717592466119336548716760681468,42174088854837970250637503935368699002343440751178655958242913296400700407021,2,2,1,1,102,102
walk,392,1,1,2,2,102,021,91974586450369403140273659675168488349850148601914033782381010183846264188246,65585042502726713554301583400666098632726267456624126450955188483697196100794,74024549521536274152566726941541228723963553272742967845578969348274209054286,79892169217993967153563725418843719453271098306661242946859533839288698385865,71799840038644456540014519179688376799132931944827322871491258604458926215768,79892169217993967153563725418843719453271098306661242946859533839288698387041,0,2,1,1,201,102
walk,393,1,1,1,1,120,012,47375549017610168833792673227024222351930193635497047147484822807747456320779,19665198362426450020093526451495922410027079946665435873917339230100591144739,48751341857279576569684785330167763091312711083478081018055421970060787206145,1818160343833768632918961893630832051361191583068925552870991240658534871545,112155768549648658157733061221426243750115181112937053276863180660201091750068,1818160343833768632918961893630832051361191583068925552870991240658534872724,2,1,1,0,102,021
walk,394,2,1,2,1,021,012,37676562918295097924221822684882246529896212437483385399769668089976554736216,107440755926382714713880471561407154425124320304600132144318128958094364416989,86466859629954578209039675771086414751519436589197610534827370967746750190121,39536240706989765535845183377105852502288849138551512541487611783546532851562,36719607823336664351880618254476202848259866001971879299629939574425095790031,39536240706989765535845183377105852502288849138551512541487611783546532852744,1,2,0,1,021,102
walk,395,1,1,2,2,102,021,92939481680525476033680588312597992914230946022403096056157891437397917766050,60291345492228632992489384272865688912923584891919884996828282549159719783243,78353351301878281820971997431912133879385438416958147025928994029260031794033,77254321070145762438771404860580872953216506694034099530104232326434530831579,77075536334340865969599160296214069799242115170081609705001861630167261324331,77254321070145762438771404860580872953216506694034099530104232326434530832764,0,2,1,1,201,102
walk,396,2,1,2,2,102,021,101079999145809292529985813693129201004441802791612973724053195890342703110717,55248161575406434302132108547091495484503006952803254634522338127675154186311,75256017753416664015024047777155119217595159586864899720339633997799812046298,114972401433301759341697626344055893404144164249516686518720852869322528811596,1639375608028872163746717329264028897386800059116435727768620544391265364294,114972401433301759341697626344055893404144164249516686518720852869322528812784,0,2,1,1,201,102
walk,397,2,1,2,1,210,012,107270782836314786962154045220083041794809941125369497369402740479649513570126,75139793812731436499773174106420552903341823086009155002080089333850258909716,49173601825586167385214750690872221008388205119902475707432338202317896863484,36898392559141560821052862818843006002234257525924369124732310270692365297276,41995304119033073781465259371001895848369049227226166133140542600133430898594,36898392559141560821052862818843006002234257525924369124732310270692365298467,0,1,2,0,210,021
walk,398,1,1,1,2,201,021,60978596902051466685483094453543905100265552585864736612034200510677506255438,33443873150672133748126230014362743285398581180759416817902639430098871403052,21369619184592594989961660540781259467605850899016410609520744067132457013173,74616472922297557723979084302318026453161915081406956113348930813580363277293,82351232630037275399183801412739762799351298395335896538512464655875596432894,74616472922297557723979084302318026453161915081406956113348930813580363278487,0,1,2,0,210,021
walk,399,1,1,1,2,012,021,39452797165733114653776993064432978314942563769924161718843026051444686325914,20792349520538119870830243049192607182353266816090207797513369245535392476180,55546942551044960898963748895062322355974154079626194523101188710928755869569,112334553285453554626905305785793046904089572636889543101965551356468361257310,6915071903725281593331358445789721897495983284370722561279223570099600472857,112334553285453554626905305785793046904089572636889543101965551356468361258507,2,2,1,1,102,102
walk,400,2,1,1,1,120,012,86090274752444539071951516543730365360577295332188243303425906778794481654295,8961808107593306759263548254121904782945042318964077213641380824546577550024,20740006377278349592355920210835637709747647014488243522390296404567775467344,34260544411293356106260542260580159502179665913297225707977008757838197742990,47271000414729483211049900487527588848478232452480452966651145625841766007157,34260544411293356106260542260580159502179665913297225707977008757838197744190,0,1,1,0,201,021
walk,401,1,1,2,2,102,021,91349422742759887227114042311033149666015243387558807437711528476561250823849,71774625491842102137842687286542502925513528517723185801320398402068620256678,68460130240030401482185240419800163115011197425999134839883241137187798262799,71978624774449353009186763744055179953107323468779812696593629300726195723007,87626928925733684828768442529265455799460481620590183372023067681583931541457,71978624774449353009186763744055179953107323468779812696593629300726195724210,0,1,2,0,210,021
walk,402,2,1,2,2,021,021,76687724821494728956169799482754211457396831421192509769270900864232152076609,82451983131910450889603515435595814656656042110798247029741903731302805810545,72444470521227211001368655099025789592487095799290371279902363420282711456172,109696705137605349912112985227530200404034981024262399685210249843614193703024,12190768199421691022915999562315414897605166509625009394789826595807935581420,109696705137605349912112985227530200404034981024262399685210249843614193704230,1,2,2,1,120,102
walk,403,1,1,1,1,120,012,51434820814543226954669472179169571806131125800472556001380927788732743316086,3827701809873768268805186783613705558710309357865885605384598920802457930806,60529566612899200200096326045904630488428549507302122432692057298373633424771,31622696263445151391468221702317313002125074300670082291221707244984030188704,52546696710425892640634541604053281848587415677734739800161748651550101115720,31622696263445151391468221702317313002125074300670082291221707244984030189913,2,1,1,0,102,021
walk,404,1,1,2,2,102,021,97946104001538338385163261291643881161206882217741862812439131472438966686071,23760918061433268756375179538729948426347320674157162799154005890344355590854,109877156411660783705603529187001986118985766439382102467322030653034347066401,69340776626601148294394443185792333453052731856152669279838327787872028168721,92902625221430094258353083645791148799569664845844470205533670707292266650020,69340776626601148294394443185792333453052731856152669279838327787872028169933,2,1,1,0,102,021
walk,405,2,1,2,2,102,021,115371101719923627708426801650916349799479835847628989301789249513729507518787,12700389829506533629664827804892924033162003537399199980360669462360270172368,103512686925202229509050340561566541873898129946252938796765249039727891652171,107058856989757145197320664669267353903980389411635256268454948330760026148738,17466464495118100452500640678841107897714349734879296228300429621516270689983,107058856989757145197320664669267353903980389411635256268454948330760026149953,0,2,1,1,201,102
walk,406,1,1,2,1,102,012,89217105528641180735392144621905267043503764536461326170128427202328973412184,45805711468187695433437534021339930230409102076938116105199815114044431147596,96561361477803514678312291374130618432627102717881685803586925699444264783546,28984848115596946676675901144054466502070482688042938874466405732129862634418,57822393006122302070219182720578974848696598902989026633672351677258436224283,28984848115596946676675901144054466502070482688042938874466405732129862635636,2,1,1,0,102,021
walk,407,1,1,1,2,120,021,11586604754192353614982932996504100501713981279593655240786098037000518870560,8487184334618621225416387594300367866792272348620074776659269860724392855406,95718300148505220583171664417883439484763731037426834022012216110183922945697,66702928478752943579602122627529486952998140243525525863083026275017860614435,98178321517126503687937724762316841799678848071098757039044273733000601758583,66702928478752943579602122627529486952998140243525525863083026275017860615656,2,1,1,0,102,021
walk,408,2,1,2,2,021,021,67983542973936883506749623819856121555293988167759909391379768726867732841770,106204811148388654815703297786351038766607065907986307941526542783426361026207,57395824352306852524689048411168655384638915255534910746008856505523575475349,104421008841908940482528344111004507403925797799008112851699646817905858594452,22742160790814509882085281795366800897823532960133583061811032647224605798546,104421008841908940482528344111004507403925797799008112851699646817905858595676,1,2,2,1,120,102
walk,409,2,1,2,1,021,012,56918030435176167799515333494952698816865410998078989470970373447239140250872,106290263436671538939901796241795924692902970498069108235185749475449142995124,68375884602784684107724840280627192196771587835133030372759045093129386097330,26346999967748741961883580585791620002015891075415795457711104219275695080132,63098089301818711499803823837104667848805782128243313467182954702966771332846,26346999967748741961883580585791620002015891075415795457711104219275695081359,1,1,0,0,021,021
walk,410,1,1,2,2,102,021,95194855401881122889209899431472534544324443276030458354634257770670120266964,26665214124205782148715525911477274343035266951602647086251230914463482584833,109724108948545485809216544674426006819180259103648022638029679330684066491529,64065080330904738864809802069266640452943548630898382446327724762163693060149,103454017812822913117522365878842534799788031296353043872554876758708936867146,64065080330904738864809802069266640452943548630898382446327724762163693061379,2,1,1,0,102,021
walk,411,2,1,2,2,021,021,61373574895650835165621719527597601869189434758461423061713038597534702557671,90024792321476091049935613020500173797578383588898112812609608996904771872205,80185811257505464631584637469278040039772150983921592204592520421378194913450,101783160694060735767736023552741660903871206186380969434944345305051691040166,28017857086510919311669922911892493897932716185387869895321635672932940907109,101783160694060735767736023552741660903871206186380969434944345305051691041399,1,2,0,1,021,102
walk,412,1,1,2,1,102,012,88998363728059974840303535773157636418892780896596199073429109566702101817105,54529784478660539651784246825334035686674451900459629392110066498651823322608,88056030267911876355054187418884143600972736534225299613375991950463744203613,23709151819900537247091260027528773501961299462788652040955802706421527525846,68373785597515120929388464953630360848914965353497600300693557728675106441409,23709151819900537247091260027528773501961299462788652040955802706421527527082,0,1,1,0,201,021
walk,413,1,1,2,2,210,021,91465728071409099558536999685948623764224536743280469090836086186702517895187,92635650778386097732765033809060162813049056201068163732055595386421228464493,47482799624837193555839936522367029129266376386932495256023486442693922983646,61427232183056534150017481511003793952888957018271239029572423249309525505863,108729714108519322547107006995368227799897214521607330706065479784417271975709,61427232183056534150017481511003793952888957018271239029572423249309525507102,1,1,2,0,120,021
walk,414,1,1,1,2,120,021,65030115065488344845414987103285444441355989537606585984245753490913271505606,14732907983959940268874758609015991335199568688918289021417629896501056411419,36029066187867910309281239296386472076714426439115689033794200620494506754638,99145312546212531052943702994478814403816614573753826018189043792197523485880,33293553382207328741254564028418186898041899410642156728832238698641276015672,99145312546212531052943702994478814403816614573753826018189043792197523487122,0,2,1,1,201,102
walk,415,2,1,1,1,120,012,70000827001208266257756173684820984061115519704657436192616909261985070605529,9605547784020048904519338843819029953349093699320376473149931086858009836028,36185714452087880261295472480047893838805371261662751373690743659065754230106,21071303672052332532298939469265927001906707850161508624200501193567359971560,73649481893211530358973106070156053849024148578751887134204160754383441549972,21071303672052332532298939469265927001906707850161508624200501193567359972805,0,1,1,0,201,021
walk,416,1,1,1,2,201,021,61374523518912209713926434123958779540063236161035304931592131173633918322749,31925193124187642627453319199937637768350802292212673033639093541936339518697,22492372594216343082191231684791490544855946212392586074226359292338576830217,58789384035208329435225160952740947452834365405644095612817121736455357951577,114005410404215731976691648111893920800006397746861617539576082810125607084272,58789384035208329435225160952740947452834365405644095612817121736455357952825,0,1,2,0,210,021
walk,417,1,1,1,2,201,021,19965746270077471730052720885421247587962817377353625440731755921719780728353,59769069230111897228314813928915442940629377265099088825082247099991427507093,36057273737126826465203450194351217324677790023187849773643580986197626436217,96507464398364326338151382436215967903762022961126682601433742279343355931594,38569249677903738170839205144943879898151082635896443562342841724349611124235,96507464398364326338151382436215967903762022961126682601433742279343355932845,1,2,0,1,021,102
walk,418,2,1,2,1,021,012,67840660520993428931026441431705062771212811518144004959282517428043686593404,91355435553719232061167964370867975435568189413291517799273777784285870319377,72388082399919729854947564214802777499758968399845605320358872803488112430545,18433455524204127817506618911003080501852116237534365207445199680713192417274,78925178188907939788557747186681746849133331804006173967714763780091776658535,18433455524204127817506618911003080501852116237534365207445199680713192418528,1,1,0,0,021,021
walk,419,1,1,2,1,102,012,89933942609100552733557337168289299998047350161700608563345091581822256203784,64693944950785402528100860048496250678732755635620382654382487397684256409738,76956290914746435585483772800590265029759863533960136861187589036311156729804,56151535887360124720432840394478100952779773793016952196061820223601190397291,3489017462595945982705304219731705947278016693040999990481522694315780698498,56151535887360124720432840394478100952779773793016952196061820223601190398548,0,2,1,1,201,102
walk,420,2,1,1,2,201,021,6148267355658329648470678232951031237187511216409597645950543888110737426072,55977971916931656215759788656098292038930296557102778098970152454245399845004,53665849964726209559340518119638584577152176892128188294536887665552697400587,93869616250516121623359061877953121403707431348499539184678440766489188377308,43844945973600147600423846261469572898260265861150730395853444750057946232798,93869616250516121623359061877953121403707431348499539184678440766489188378568,1,2,0,1,021,102
walk,421,1,1,1,1,201,012,30393519885076701446771553236399114602454323617644522847545375283167878469764,76275224714867444569227878457587492015739543515093201091111700190447961116601,9123344637372049407571553314701301235076117532902840100800508534292995085298,15795607376355923102714298352740234001797524624907221790689898167859024862988,84200874484604349218142388303207439849242515029260460801225366805800111767098,15795607376355923102714298352740234001797524624907221790689898167859024864251,1,1,2,0,120,021
walk,422,1,1,2,1,102,012,82878514971956066879642369970101808245186723893168919740070587220367570411652,66498085825619536702012877288642180744506624738269535044235086504712299025036,82207577677056787265486722758631826716846620699842673294609494290737799906638,53513687739511920005640519836215254452725182180389808779306518710747022843005,8764713758292355412289945336257398947387199918295286823992125720024115807061,53513687739511920005640519836215254452725182180389808779306518710747022844271,0,2,1,1,201,102
walk,423,2,1,1,2,012,021,25343854991973958152600133600862174447880625005214354897021796269232682666623,36369712985698874490404355861434032725343736726868776837290387217373525052276,54078521259643362780566495546391700680045622933557432305145400521302626952764,91231768102667916908566741319690274903652839735872395767923139253635020823022,49120642269296557030008487377995265898369449086405017229364047775766281341361,91231768102667916908566741319690274903652839735872395767923139253635020824291,2,2,0,1,012,102
walk,424,1,1,2,1,021,012,85259474089182496999185237074664764359338834251028972633091254014053749401848,45277126703479591692561527462599825813384526683361603678724420706604022507339,101047577681970302155395205480111225533816608396890551767099493295159897434139,13157759228507718387921977794477387501742933012280078373934596655004857308702,89476570780300758647727029419733132849351698254514747634735969831508446875661,13157759228507718387921977794477387501742933012280078373934596655004857309974,2,1,1,0,102,021
walk,425,1,1,1,1,012,012,33258429479876779690677280323800334200145396529600716347423408364039358822277,20496500342532153113065379157659323755647336873325210662945683736259383271978,62037159414907262619828325527228249897477251262714637029088491907610092577408,50875839591663715290848199277952407952670590567762665362551217197892855288719,14040410053988764841874586452783091947496383143549573657502728745732450915624,50875839591663715290848199277952407952670590567762665362551217197892855289994,2,2,1,1,102,102
walk,426,2,1,2,2,021,021,60056211747742121230771871188536923406245422319026491086840764433728980414720,91813634511215704538740560379951061158602045043770753601193125147206631471779,79714332215674565077629538448887831141692501968483883390881278434882057456827,88593919954819712193774420761427428403598248123245252351167837740780853268736,54396338564992966459593128494520958898478632311659304062874650801474616449924,88593919954819712193774420761427428403598248123245252351167837740780853270014,1,2,0,1,021,102
walk,427,2,1,1,1,120,012,38201479544564709557607696603815768162912341003526348362766007279894879621831,56032442653523685233734183950457639439108386575044070108010232780294911129723,21558167039227800632229104454414500251249257087070145568681343947719043920109,10519911080659513673129657236214541001688341399652934957179295142150689754416,94752267075997168077311670536258825849460881479769034468246572857216781984224,10519911080659513673129657236214541001688341399652934957179295142150689755697,1,1,2,0,120,021
walk,428,2,1,1,1,120,012,71555731767532104538800545733033969961980156582772974552237927713987419650028,33751159641403054547277328399191587480741845849852487876669250445686747241061,10485197828381036337493110876462350410547982233015101610550405848234667780574,48237991443815510576055878719689561452615998955135521945795915685038687734433,19316106349685174271459227569308784947605566368803860491013331771440786024187,48237991443815510576055878719689561452615998955135521945795915685038687735717,0,2,2,1,210,102
walk,429,2,1,1,2,012,021,14465326166589730577198454726555961783135700891954468162431786652475507882532,31358329276959961778725414823001463606057457137328369857375261022429519762586,69968433793766503067647115459130482464076826636357726019650536333003807026545,85956071806971507478982100203164581903543656510618108934412536227926685714450,59672034860689375889177769611046651898587815536913590896385253827182951558487,85956071806971507478982100203164581903543656510618108934412536227926685715737,2,2,0,1,012,102
walk,430,1,1,2,1,021,012,62831411968074374851754232445242976722716271009851523153753441240430783260584,88017248738246283397288425882353163001567766842310180485055261908033543710124,80735517768311732598099311689779675982255931479119424440106464867353342372618,7882062932811308958337336677951694501633749787025791540423993629296522200130,100027963371693577506896311652784518849570064705023321301757175882925117092787,7882062932811308958337336677951694501633749787025791540423993629296522201420,1,1,0,0,021,021
walk,431,1,1,1,1,012,012,28697823288912343462340983487286944447477293157403369376945561420421333783423,23726931755098285840753592493287828667360111037435743853035501525330819913641,63367334193305566120476409028113134738432580470801450809476521062156680974599,45600143295967305861263558161426714952561407342508378529040614172184520180147,24591802645381583701043868685834477947714749594058147324523934797149121132750,45600143295967305861263558161426714952561407342508378529040614172184520181440,2,2,1,1,102,102
walk,432,2,1,2,2,210,021,106003179930970949146218197726240926881215440559101998451310682485403754003550,74461642337380518736935061927393710011509279304301355223476488806033325939520,51119356206280922963988710363741178813815249467877774404127996724380589400256,83318223659123302764189779644901735403489064897990965517657234715072518160164,64947731156385785318762410727572344898696998762167877729895856852891286667050,83318223659123302764189779644901735403489064897990965517657234715072518161460,0,2,2,1,210,102
walk,433,1,1,1,1,012,012,591603287163611715661018631535532618611651447225641077790605259392002755524,73871934870016337804032534522432900243822500322849615942014136149916407771887,41328551080136245903877431854719474990835832895565307019652842598600424144252,5244214784963104243545016119688848001579158174398648123668692116442354645844,105303659667389986936480952769310211849679247930277608135267778908633452201350,5244214784963104243545016119688848001579158174398648123668692116442354647143,1,1,0,0,021,021
walk,434,1,1,1,1,012,012,3606417291831915705260553131225921299001102935422171024926303794402345103156,39872498470148926145957448506163209250898791770352193198745138791025710617411,72313173475335353572352983371298777303370089959866199815786141422480778951096,42962295148119101146471237603163868452506815729881235112285312659330352625861,29867498941077993130628509802360170947823932819312434158034537822857456241313,42962295148119101146471237603163868452506815729881235112285312659330352627163,2,2,0,1,012,102
walk,435,2,1,1,2,120,021,58125454426074960100156034576752426936966043279376575684213272935814756702350,47712634269187842140753533277645594899095824699043579432614502553398943662397,9954000542053393182661417154289886017208116687220408922629808518695134306916,80680375511275098049397459086638888903434473285363822100901933202218350605878,70223427452082194748347051844098037898806181987422164563406459878599621775613,80680375511275098049397459086638888903434473285363822100901933202218350607183,0,2,2,1,210,102
walk,436,2,1,1,1,120,012,53135595870743735517560101187325468765356868168702765739908781306820436259728,16427285145858266912001105833442141878767487396551468646944924833647146821790,46229208220714192994009777987920297209145629100386329652603877867441251590145,2606366637114899528752695561426001501524566561771504706913390603588187091558,110579355963086396366065593885835904849788431155531894968778381934341787309913,2606366637114899528752695561426001501524566561771504706913390603588187092866,0,1,1,0,201,021
walk,437,1,1,1,1,201,012,6462235526555108366528700071541453382817325113194882954265964194500303726765,64343084894542030070464731934620569197608465771739989129072876088808482143129,44986768816219056986577553002525885272844193780705691956118743724600048801769,40324447000270896431678917044901021952452224117254091695530011146476185071575,35143195236774402560213150918885863947933116044566720991545140848565791349876,40324447000270896431678917044901021952452224117254091695530011146476185072886,1,2,0,1,021,102
walk,438,1,1,2,2,102,021,112983081216072768851151814715513524498182908715459948325239374788509858463510,5832848014338114791127288058951449268481289743785825350351306594397461346396,112768249244221507204862867242910841939875770872035354403324486632910349533420,78042527363426893334605138528376042403379881672736678684146631689364183051592,75499123747778604177931692960623730898915365212676451396917062904307956884176,78042527363426893334605138528376042403379881672736678684146631689364183052906,0,2,1,1,201,102
walk,439,1,1,2,2,102,021,88712179067399051562513269715398428029651957463847914926677749119881743468155,78330467267703163765561937049229235642183117889772446666406705969326473242089,64541532139530175519066763252748152034704893977660766485830712926609452633082,115760607726582890237531360011851062854307539228219265672763252232252181031609,62963021466610372079249993673689997060050101711277419683821818531960924139,115760607726582890237531360011851062854307539228219265672763252232252181032926,0,2,2,1,210,102
walk,440,1,1,2,1,102,012,113105095034193087824695060979399473617170547094512644538982098714352009789368,18990481556406214400569429421556372656075463479499351964324153022586937832682,99488601884033088621877479616419969433293958757269131575608916278878721721276,37686598852422691716886596486638175452397632504626948278774709633622017517289,40418891532470811989797792035411556948042299269821007825055743874274126458439,37686598852422691716886596486638175452397632504626948278774709633622017518609,0,1,1,0,201,021
walk,441,1,1,1,2,012,021,43838339320143153925752954001736052940869413776908044471865650041847273779423,24479278885096254203458490604338781727910226618654858862463723312708482237451,47474471032076787294359540402613073184490344270077660705128210653353078654789,75404679215578688619812817970113195903325290060109535267391330176510015497306,80774820043475013607516334077149423899024548437930738230427665930016291992739,75404679215578688619812817970113195903325290060109535267391330176510015498629,2,1,1,0,102,021
walk,442,1,1,2,2,210,021,81673043261665442744013676379559383902772080783328596973660303262181957613361,77277590262896632893034722649597166673297837941050488479897616727418513049925,72633544950070315210093570988219265130470050606902042625357248026217198680040,113122759578734685522739039453588216354252947615592122256007950719398013477323,5338659317163019801663891110199382997169233326965564253194424844240296032702,113122759578734685522739039453588216354252947615592122256007950719398013478649,0,2,2,1,210,102
walk,443,2,1,1,1,201,012,17276465392689867663753282654871861037261420997933950431353903088695794155612,94169279885101078920981824772340686493934847306641941571456120411986122239722,4346343959525248838835877581475360322073716361064672036647560507226918276329,35048750704574487002094275928375328952343040891999804862019408120767849963003,45694587828167221419382433151937249948151482495075294658566346899982461567002,35048750704574487002094275928375328952343040891999804862019408120767849964332,1,1,2,0,120,021
walk,444,1,1,1,2,120,021,64782093254725641379414584142571797976951455798393991412177411330581926830337,2837430101034966213024969777315341531453751997921546172454069187438649234734,48172565881555587831131431088800768344864776869325026454826103489888258606592,72766831067730483905020497411850349403270698447482391850636028663655847943020,86050516339171423037100975193675116899133731663185025063938268955724627101302,72766831067730483905020497411850349403270698447482391850636028663655847944352,0,1,1,0,201,021
walk,445,2,1,2,2,021,021,10620533783307411449602951908646773828133470390120944524966360440897841849899,115080160701829929239567019658142885149683777218941740705424475572303666099254,105883483989495050157971998450586156728722721722218442848524332002616161394173,110484911430886480807946718895325369854198356002964978839252649206543845923037,10614355612859429231248532226725075997278416552219851086705027869948631141265,110484911430886480807946718895325369854198356002964978839252649206543845924372,1,2,0,1,021,102
walk,446,1,1,2,1,102,012,110528148767189003123596025452188383016598941327162922938350497166579509012056,51836097012554017889987816994092219212745235937834278245504168909996877571359,69219932694889369833558127571095213477195792066283926895060501939241282759911,32410902556726282287301955370112482452288449279372661445264106607913682408717,50970284123863630848967074268462942948260665720329581492076949925690796675565,32410902556726282287301955370112482452288449279372661445264106607913682410055,0,1,1,0,201,021
walk,447,1,1,2,2,210,021,108073657533492235058724812878154442081155213114086233321028649943862893635258,110153358785827301469717599668712318886768951284938483704912907597193243878962,13357162155312854318699557470509054738615804932256411052973610474761531829106,70128982919882279190228176853587502903216106834855248433880727150801680388734,91326212634867832466685616310200809899242914888439311897448871981432962209865,70128982919882279190228176853587502903216106834855248433880727150801680390075,1,1,2,0,120,021
walk,448,1,1,2,2,021,021,43179640361613983418673001383097795744022182116460634605897460674162047700289,85061997522183978968359120237495166365794067816517673777166569356421077349962,103342540590834428460109848396782853596723719398302819695851137985234544293075,107847063283038276093154398337062523354143764390337835422497347693689678368751,15890051908555838660833173343250768997387599777474137920215630895656966249828,107847063283038276093154398337062523354143764390337835422497347693689678370095,2,2,0,1,012,102
walk,449,1,1,1,1,201,012,12943895233018586396758071034586499880295641101716014451506392921877687627039,84746233205267771578349253380956667731197689496025623328598987306391508604892,18101960799029837448463660593144740241776654067898926259352203779639638439732,29773054408878077572509634811849635952233857666745518028508805095059514854431,56245980419560040278551715384988635948369848945583868325587552951399131784128,29773054408878077572509634811849635952233857666745518028508805095059514855778,1,1,0,0,021,021
walk,450,1,1,1,2,120,021,61608039806051676468074564763370328963802662538857089349028939066274509627363,32360751376997028639255880347882743875933936919912555585545560035131100792862,21823298054267490316240539897434835013533385206870919104883084906503224251438,67491134772034074475435856295324656403161515222228105017125425637947512834448,96601908930564241896270257426726502899352098113693598730959475007141297318428,67491134772034074475435856295324656403161515222228105017125425637947512835798,0,1,2,0,210,021
walk,451,2,1,2,2,021,021,63559215254166565416138673492815261465801974776022147919350931513115525660974,106490213685212501501044506853987871551560101432046560743582379699700387531243,61534749535253323929958789670572682689177893123212419415981856803001756151109,105209215135190071378362077778799676854089172777710692005742046180835510814465,21165748204252248090417814459776461997496783002728424753726233921365301358391,105209215135190071378362077778799676854089172777710692005742046180835510815818,1,2,2,1,120,102
walk,452,2,1,2,1,102,012,109009509527048350712655293906673490691132726667309828104304907357185190070260,7787650201810150391975879263284610582966847838659109396744405318013507562885,114787018745773889742510796847417714432440394825312190577865855340618971710181,27135206261029872857717314253586789452179266054118374611753503582205347300145,61521676715256449708136356501514328948479032170838155159098155977107466892691,27135206261029872857717314253586789452179266054118374611753503582205347301501,2,1,1,0,102,021
walk,453,2,1,2,2,102,021,33277832443063901431242704394827902174225386471179247739110609678112783163846,85832051894882783576608513274249429142647896592723844156386943412150700538147,112474294136685705839290752348298484389666686267378036183417614925554185641333,64853286624185869760643535737061809903106923609600961600370124125093345280162,101877605226260651325854898543252195899461281338947885564470078032849632426991,64853286624185869760643535737061809903106923609600961600370124125093345281521,2,1,0,0,012,021
walk,454,1,1,2,2,210,021,64497885221360991020502139459084733622580874738509978778691741242974959380284,98871108343065767917091140487135766588067687322996151451099730097272327863823,68215184910205631909548690071155315495891407269774997849123696675570382099219,102571366987341866663569757220536830354034581165083548588986744667981343260179,26441444499948657520002455576302154997605966227982711587236836947073636466954,102571366987341866663569757220536830354034581165083548588986744667981343261541,1,2,0,1,021,102
walk,455,1,1,1,1,012,012,20947256308119300337602982494927643113633691183731705958919047800803120961963,71950771206686786467426484569505888515284086285416513002638501805037218976771,22894061722510108618541517944254376224352207196492345077900034402068494732929,24497358113181668142924993695323942952124674441491231194998202069351179745859,66797373010952859137720997618040021948588215396092441992608759002815802001254,24497358113181668142924993695323942952124674441491231194998202069351179747224,1,1,0,0,021,021
walk,456,2,1,2,2,102,021,97977706894987802709507641130405408038285328078189984844649191718338054568554,38545118788592276548438274255555860013754327851173628686077292203071220378239,95061352791052311589196054631414547654500313401917514548188684094408394396533,62215438476337665045851215178798963403052331996973818183614822612239177725876,107153301521957060755439539659777888899570464564202172397980681058557967535554,62215438476337665045851215178798963403052331996973818183614822612239177727244,0,1,1,0,201,021
walk,457,1,1,2,2,102,021,91512071779799251263828230839533812735912644135230209508474093545653233171413,27277775064060873419158268856554245479704453367561957537668820789508589312993,112794331630772266164155470321287757490922871828488961032772253680655846858920,99933518839493661948777436662273983853979989552456405172231443155127175705893,31717140795645066949587096692827847997715149453236998420747439972781971575517,99933518839493661948777436662273983853979989552456405172231443155127175707264,2,2,1,1,102,102
walk,458,2,1,1,1,201,012,10316980117893723486798783659907802157302767288320766293679438920308433036587,34894128537380442264916952451029774591408027223005340441910539891483035586013,70580980582042029671855248897750331104559190154314457303867605196117366049063,21859509965333463428132673137061096452070082828864087778242900556497012191573,72073069306649268567305638734565714948697398621346728826119362028524137109817,21859509965333463428132673137061096452070082828864087778242900556497012192947,2,1,0,0,012,021
walk,459,1,1,1,2,012,021,8222986080355995775114152971703904330190500312664819752855102442899365764917,69670289953108097289477096817318221878941427196392606458813116293225133909197,37898813203852102358979735219665781644138057156583137827789365271784334997549,59577590328489460331058894620536116902997740384346674766859521099385010171590,112428997817653470185024180776303581899679647789456459231491284084266302644117,59577590328489460331058894620536116902997740384346674766859521099385010172967,1,1,0,0,021,021
walk,460,2,1,1,2,201,021,12349638141815903918630832420998534127935396906626843010970798115664202877562,73820731343224007385520169836783331925467567089883779921415922159393552211166,29621719752276284119419982750906041799867020669129941107070863732851079582935,97295670691645457233985116104011137353925397939829261755476141642273008151607,36992837091341476379171737809353540997824332678491285254258042998490306684080,97295670691645457233985116104011137353925397939829261755476141642273008152987,1,2,0,1,021,102
walk,461,2,1,1,1,201,012,5119430463661987364179445860042291353327493686749662613147274727329599446637,92659787813604921139869458110457324374504233726743163316937693508006370239245,18012870960049286919522081038188292125438257252147738109372615772572864985781,19221661817485258713340352578798249952015491216236944361487599043642844637287,77348765602345677996890279851091407948806581846601015659629965054232472218380,19221661817485258713340352578798249952015491216236944361487599043642844638670,1,1,0,0,021,021
walk,462,2,1,1,1,012,012,42313402984692618193651398734575230601792252335163293696230422472640400665231,27659891124986841217994782717721137086231692357703367364085278978071636030643,45818795127636736011924803556391540165246039972773902979141882557196797975789,56939742180641255616266574062273270402943148771719531350104219586530842617304,1912604876033684191037836884141367046951266735635841682396723968456476258343,56939742180641255616266574062273270402943148771719531350104219586530842618690,2,2,1,1,102,102
walk,463,1,1,1,2,201,021,106392901583971116158148246619643799500569491485247796151187570894418463968175,6703100169578599761355549820777684067891602307256023220269369690615347294839,2696087483766479504067188568266424284808890873136744668000643422875023408649,94657822543797252519192795545748290853870806327202118338720840129418840597321,42268533387037885808756378925879233997933515903745572087768646024198641792643,94657822543797252519192795545748290853870806327202118338720840129418840598710,0,2,2,1,210,102
walk,464,2,1,1,1,012,012,2241421139381655149505838039093201439111726360297606868596461705541510765619,21843673508339866850471311113001320838044592495816649990793267896644221554561,91706994589594673423593835856593385576113665809526307180067854405723102351483,16583813669637053998548032020535403451960899603609800944732297530788677083001,82624461898042087426474920967617100948915765071855302493140568079940807326943,16583813669637053998548032020535403451960899603609800944732297530788677084393,2,1,0,0,012,021
walk,465,2,1,2,1,021,012,44742788175737961771645174721259842314792756710994989177517380725623779887786,73694500887475698939858930491263906465059917280663833960151146467620342913711,113146889411418730135637864804852066926687295339622304941246640822573546541829,54301894032793050901474253504010423902888557159092387933348918073676675063018,7188301171730093620622478000667060047060449960890128515907326994164811366906,54301894032793050901474253504010423902888557159092387933348918073676675064413,2,2,0,1,012,102
walk,466,2,1,2,2,210,021,92010528507741438528644998653320106883275001200233646054812203220747392175140,62203279578205668646275623707192464289625834282566300557423152196308906427042,77370370388685283672221347656863244533639133848481181466679812598761370741144,92019974395949047804400474987485444353816214714574974921965538616564673043035,47544229682734295238341020042404926998042699128999858921279249049906976901206,92019974395949047804400474987485444353816214714574974921965538616564673044433,0,2,1,1,201,102
walk,467,1,1,1,1,201,012,27895882500651799464957374648509045872182266861805091873572007485209659492309,84368070592905132151804233805175417898857174648374028879749001795452331509199,3528136143759263806809376555003444082230543155461443286136574727246843670155,13945965521788849283755711462272556951906307990982657527976996017934509528715,87900158193738496856059562084142793949024948297109589326651171105649142435506,13945965521788849283755711462272556951906307990982657527976996017934509530116,1,1,2,0,120,021
walk,468,1,1,1,1,012,012,18208274245747082295439800917881187548852265198251319343564760407950364064590,7472450594671228686972350352548383533588979347620861830544349310453043872438,90111364396897884441158833738258336770828740119768382865348474289505426734635,51664045884944846186681932945747577402833965546465244516593616560822507508732,12463997467426503050207119117192753047169633186144415349417930019873146475469,51664045884944846186681932945747577402833965546465244516593616560822507510136,2,2,1,1,102,102
walk,469,1,1,2,2,021,021,31585268219728378167753681231800177136817080684236694752108343096251642480199,97709277802887529172101722934033769039783525076402730254168544427319877178537,102289632452016483507286565851541869529939363570641703072638280492246149684590,89382126248100843089608154429222597853761623101947831505210237103710505488749,52819925978430704667925661158930619998151882354254145754789852075615312009769,89382126248100843089608154429222597853761623101947831505210237103710505490156,2,2,0,1,012,102
walk,470,2,1,2,1,102,012,71488921007935786579734622175778606176669306872013647740080629013581301347405,78987938960160105065767653762887955958825878322191696640442249669357106665972,81107318506536499201639694078709253571044784137075783698392289332879261329949,11308117373940644568963390904009710451851716378355514111221694505080341974429,93175854489434906285644203200668486949134131522363876160161774131357477544069,11308117373940644568963390904009710451851716378355514111221694505080341975839,2,1,0,0,012,021
walk,471,1,1,1,1,201,012,93637493437988375573346517253369712403108776321732542968892464509196765121690,12598772181835785539953735908539245150810395502186850211393585664057426990699,9555823617492034310270731846778950299350812841721170859171533834654642559274,49026197737096641471889612387484730902779373933838101099838315047968339954446,17739693763122912479791760233718446047278816411398702182928533045581481584032,49026197737096641471889612387484730902779373933838101099838315047968339955859,0,2,2,1,210,102
walk,472,2,1,2,2,210,021,89313331841049983203279673772353347286106663985924936132013703483565428578780,85645668144386522628491602816050517813821845303800339776616956226648430538592,56625178489195885015370693428971950606611460041555852170284508305603810225954,86744278100252638374815833870959751353707031489320688088454935590856337934463,58095622274127114097510302275456312998261065579508432588300455101323647118332,86744278100252638374815833870959751353707031489320688088454935590856337935879,0,2,2,1,210,102
walk,473,1,1,1,1,201,012,6714308030759176493443245963757838473138108529836660266480532025874116708204,94906368179594088565578915284659887548971138954568694661671621393813089925247,14171413026962930364548823760270181831160737181235209111305430588221628038212,8670269226092439854171070345746863951797124765728370694466392992226174420143,98451550785131315715228844317194179949243314747618162993672377157065812652632,8670269226092439854171070345746863951797124765728370694466392992226174421562,1,1,0,0,021,021
walk,474,2,1,2,1,210,012,81082557046873416613606760233209640183806879292496650132636436081328023012946,104926316995414507947797082906751833346086247425544992609681142712665332255896,45575304432344466285738126877414342176646842613239485336597589221824314074484,46388349589248436757097291829221884402724782321210957683083013535114172400160,23015390058819321909376401350244139047387999636652989016439136071289816692595,46388349589248436757097291829221884402724782321210957683083013535114172401582,1,2,2,1,120,102
walk,475,2,1,2,2,021,021,71197896906553165827876163318505430351730097569296329518832384643243826954240,115608693803230767399214082728064387424043413335742947721676295670961129606120,44777587764848457620051723970805997930766458426241850838406487701612712782966,84106429952404433660023513312696904853652439876693544671699634078002170380177,63371318569823523527094943391982005998370248804762719421811058127031982226895,84106429952404433660023513312696904853652439876693544671699634078002170381602,1,2,2,1,120,102
walk,476,1,1,1,1,120,012,59285884573844549486363429973376949576048471848812589852937296130263535621183,46785898728923177921196548454692043188490534796670629939506231900326085112205,9720305934548468016011006580618915088730978020157344247014055977319213938275,6032421078244235139378749787484017451742533153101227277711091479372006865857,103727247080827725144813485433719872949352497972872449827182980182774147761195,6032421078244235139378749787484017451742533153101227277711091479372006867285,0,1,2,0,210,021
walk,477,2,1,2,1,102,012,112928166643258422071986674961354387786368589255274795974429278179339374658235,12148913975922948755939019043924226657633934665594429470666778400302022694882,106507097855451020019216276012097201262537445410411902633819111436176271990209,43750501441400232042304971270959037902670190708583814266327712022260004845874,28291086354515731338961042466769832047497182861907275849949739096998151801158,43750501441400232042304971270959037902670190708583814266327712022260004847305,0,2,1,1,201,102
walk,478,2,1,1,2,201,021,338015152568417863809855264811842502249290929664229264011075633720978246763,23448124308877460331043612607109117201700401130931089111549318074549358044730,92005949775870317228717517136766948149320292605045245663897190299638498380170,81468581804556228945231192754434058353597848264066401254944332565148002825891,68647014865519932956679584508507698998479432030017006255321661152740317335458,81468581804556228945231192754434058353597848264066401254944332565148002827325,2,2,0,1,012,102
walk,479,2,1,2,1,021,012,76384273200134250657940992298778021875247032283818671515970627102696014778647,89262471329005396436958273487858091500800505034859667627318197627647522175632,65937433945492743752242704230739702330492432012602788935626343285474132389047,3394572930396030424586429229221170951687941540474083860955789966517839311571,109002943376524134574398126550245565949461681198126736660693583208482482869758,3394572930396030424586429229221170951687941540474083860955789966517839313008,1,1,2,0,120,021
walk,480,1,1,2,1,021,012,56392221222302445918736501369041283393068685815044166477751021441667885371365,110971049467333409154931107841295072228864863255018456504802635899471610372100,64220907784996535773474360807039460084606420261218505096361510674678173599861,41112653293552027327512650712696191402615599095956670849572410509405837291588,33566782650212140768545683583295525047606366087161562683460342122706486909721,41112653293552027327512650712696191402615599095956670849572410509405837293028,1,2,0,1,021,102
walk,481,2,1,1,2,012,021,29712003033294163826063225292193953906245791439171065131922646331084224643615,22376849177205619922281489809092939987031095366181758736242042335037667450359,63703237026816411675226269907401013959993097860287740171292895341786942577689,78830733656708024230438872196171211853543256651439257838189031052293835271605,73922711161216342386264225625033391998588615255271293088832264178448652444021,78830733656708024230438872196171211853543256651439257838189031052293835273048,2,2,1,1,102,102
walk,482,2,1,2,1,102,012,105582230116755578227787712379558033065893267657231981167219742391285867857565,34726062233944979061846133367291917789070053925811225925434938028722491629175,91275886123931833557508124270525864851576647748237920986260487595809309856586,756724782547825709794108670958324451633349927846940444200488453663671757285,114278639672220544003982767666771258949570864423381023494204186234190817978321,756724782547825709794108670958324451633349927846940444200488453663671758731,0,1,1,0,201,021
walk,483,2,1,1,1,120,012,56170171945359764336809759217168848221260655995606415540790364739614968014568,31018050625509979698365764666823122155910121841450251539665232114658099292731,28603866666446451388395461124695937476099206828583896959001987153635767364364,38474805145703822612720330154433344902561007483329527432817108996551669737302,38842478945908550198130324699821218047715549312415849516970945148414822018284,38474805145703822612720330154433344902561007483329527432817108996551669738751,0,1,2,0,210,021
walk,484,1,1,1,2,120,021,27668930320087947144896437620314680014581391952411558628179320217947361025189,16589338841457056225682776356797715954593221143183893154397062105235640141644,71533820075771192052991771031575511884095371570045112256881201684725833504830,76192885508859819515646551637908365353488665038812114421433729539439667717319,79198407456912751815848866741559084998697798480525579922342867204156987552584,76192885508859819515646551637908365353488665038812114421433729539439667718771,2,1,1,0,102,021
walk,485,1,1,1,2,120,021,32849594354659762544499813009492722609036291042442597149066095541235854402408,19827477504328345626358964519814776192092581443721481084030478756352467264816,63115017378328087252712207479380409052141112179476485806361009710320513004439,113910965872015816418572773121383385804416322594294701410050350082327665697336,3762246730600758009996423774609044096842483369560405945109626118380991592547,113910965872015816418572773121383385804416322594294701410050350082327665698791,2,2,1,1,102,102
walk,486,1,1,2,1,021,012,67611901663144089168302575301898260313085345552359386087705341541438928434348,72734175955334907186815631851708994026882166268706646912494201484161927054293,91238100856153394492023762863768561366572457510215095078715624990216813854685,35836956997855617897928009596170498402506415870702384016061807483697502183016,44118175241604959627714965816346911047824732537670136350481548174123157126847,35836956997855617897928009596170498402506415870702384016061807483697502184474,2,1,0,0,012,021
walk,487,1,1,1,2,201,021,17898698684130275724234964358210650147116428377709553436356121079405927813576,68767674317655818793078877927840696964223813581122955982601262639941054638814,29125716235530100906257142722636560741929742706808054620500200288561852219273,73555037361011614800854231079645518853434073426184971004678428026585500163033,84474103752609161245433507858084777998806981705779866755853470229865322661147,73555037361011614800854231079645518853434073426184971004678428026585500164494,1,1,0,0,021,021
walk,488,1,1,1,2,012,021,24232620870122431635057741440105873544009440583988092696753073143233852639497,29568646409538471530257239069990583619881289317145384247478394468776725835364,61990821957655292258256004498591450689379254764507087095226116395898256196802,111273117724167611703780452563120539304361730981667557993295048569473498143050,9037943026297167439581064891134737096951666594814692778620229144089326701110,111273117724167611703780452563120539304361730981667557993295048569473498144514,2,2,0,1,012,102
walk,489,2,1,1,1,120,012,68886481058802313833228964689192895034423626236612338359174559598052015812556,40686306346560752607109012274266989501726572888189168022605716688534632983248,6219301831953128983233008045228023317119785540839057657677307721322185875859,33199108850007413183135689037907651902451824258075240599306505970843334628730,49393871537301369057299606932872604047933915762924423183992151199831492235410,33199108850007413183135689037907651902451824258075240599306505970843334630197,0,1,2,0,210,021
walk,490,2,1,1,2,201,021,14312962770178577322671385045303603972702030347806811642555080015669044375972,25514126209589712353335877748112328556087503753711935968062919912668107367505,75965000257547905747563722215271975324480450564121816428839584079571682928186,70917189213163410086061910521382672353379481813557827587923126513731332608747,89749800048305570675018148974610470998916164931034153589364073255573657769710,70917189213163410086061910521382672353379481813557827587923126513731332610217,2,1,0,0,012,021
walk,491,2,1,1,2,120,021,44865034057075562779922781452316119274289939399727986882811582534068062489930,48061755918828780086337410625343565112432066139196240193410872268300925636757,22865299261411852557310792931028223466547979126716336963235129205539846544976,108635269576319406988988132004857692804307139369040414576539747056619330588764,14313639321993576869165706007660430097060849820068979612130832169797661809673,108635269576319406988988132004857692804307139369040414576539747056619330590237,1,2,2,1,120,102
walk,492,2,1,2,1,210,012,99204651204884972424740701786624087402751603815860658325696594474727398967873,63879942249755791250193776422237580538060424450449385679245982660709318841688,68499585019991627172207491808514147765727941064971084073972590880380951533765,30561260702159208468343368479644805402397232645448097182551204457989167074444,54669567832997778486884248049398297048043098988178710017502754225539827343973,30561260702159208468343368479644805402397232645448097182551204457989167075920,0,1,1,0,201,021
walk,493,2,1,1,2,120,021,34081152611479718113171264462663406762836135766152663187687513716294549966340,65257156346255249939833509857560852985496903487185499649911184229307749295332,16453780279581227370566210688463648104936945412302401201858886062306535409991,68279341065315205371269589963119825853324890200930684171167825000877165054461,95025496344001980104602790091136163999025348156288440422874676281281992878273,68279341065315205371269589963119825853324890200930684171167825000877165055940,1,1,2,0,120,021
walk,494,1,1,2,2,210,021,103165623965377941874291005965359828110759158813051122451476078150808469957628,88957888186345032828380650077538152104714076352849978934400028472197002941609,39460666322909416144470313974477835491066734165380026693039061392812196444089,105997421428471202274195811446594846304252547756413271159784445543765163034478,19589335617689986298750347124186123097170033045323266445641435195505996918236,105997421428471202274195811446594846304252547756413271159784445543765163035960,0,2,2,1,210,102
walk,495,1,1,1,1,201,012,22817144245221403576488024010745878251637697510653994839725439168529471968964,59473689562052620454437760546792498836087546527325104568411953336631138238845,33501255430042171392645200451149530765544740627661464631320191502748224463854,27923412554311003753551047921381958902342641032820953765795902945134999520158,59945264128694187916468889165923990048152282213432996851013357251248162452536,27923412554311003753551047921381958902342641032820953765795902945134999521643,1,1,0,0,021,021
walk,496,1,1,1,2,012,021,63401852911676596313832966379851938440354337088440501517351824396157501974,44558317075888238260986279160471795771412851905782258703358897125704569530909,71170370308516280566270872881836260143416778422769864834581335057808107638780,65641492917467000656477269404856979353270298588303540754412523488022997500175,100301192639698389534187431207661856999134531381542727256385279306990327986836,65641492917467000656477269404856979353270298588303540754412523488022997501663,2,1,0,0,012,021
walk,497,1,1,2,2,210,021,40228926776158842688216417670019267428992241095432726195759964437217173125878,105928290770682961674659571236940284797613093759226094078902316428839600825076,85426960927790586484265981110416263479934634476622307804252887149760895392372,103359573280622997559403490888331999804197956143786127743029144030910995480192,24865031913386395728334988240711816097279216270577553279152038221214332026799,103359573280622997559403490888331999804197956143786127743029144030910995481683,1,2,0,1,021,102
walk,498,2,1,1,1,201,012,4472970880332999103576799930075507856474408409471704266524717654913658192845,22651490512970583226688420237430377269904829347080776525327956226603951932852,88667627844012613093305764841182022726890746909088083247604910126391224545966,25285564406462799038758727363119112402288049420193810349040601432280831965872,65220960424390597346053530282449683048261465438687283684523960276956497561099,25285564406462799038758727363119112402288049420193810349040601432280831967366,2,1,0,0,012,021
walk,499,1,1,2,2,210,021,86351504516952632048576943081357473139080015479574529011395372626369984284681,92302177805399330743794013811254844254206129563725924405270484036805361067853,52930496152280428054771013124763498313253824287980674662249311352642323990792,63003644769618795941684948846594132853215706975676397337657221975168829945889,105576888935394798963772072324187549999243714606797014089895882332698663095399,63003644769618795941684948846594132853215706975676397337657221975168829947386,1,1,2,0,120,021
walk,500,1,1,2,2,210,021,32067966657367352667086709537943765064777988109676414125318989517609314068344,104560869101393533223208266666625960066854528162230729658294971440735215876369,94955342715871504956846993812806090574907453059373984295301207057473139398613,100721725132774792844611170330069153304143364531158984326273842518056827925906,30140728209082805157919629357237509097388399495831840112662641246922667135362,100721725132774792844611170330069153304143364531158984326273842518056827927406,1,2,0,1,021,102
walk,501,1,1,1,1,120,012,64826769581895617925965026327042624507851550534350914091047465174933680630759,42194418801764167547227407118876221284707066683354196983951887334970039287187,8770900853656409950378551562769062060711367447935452964458231498005114753717,22647716258614594323966406804856265902233457807566666932285299919426664411586,70496656720087006775638171398975376048370648663941570518034563302664832669662,22647716258614594323966406804856265902233457807566666932285299919426664413089,0,1,2,0,210,021
walk,502,2,1,1,2,012,021,17007646562348610995452663328964146945136398569475027233561626973774646679721,26721856225131977374565122401462707747335528275565524259899515226846493315929,72062586449835607053553199278261053160798057820600012545996441807287694676013,60365796621770591226892628288331286353161115363049253920901920462314662391603,110852585231091208393356713440713242999352897832051300923406485358406998203962,60365796621770591226892628288331286353161115363049253920901920462314662393109,2,1,0,0,012,021
walk,503,1,1,1,2,012,021,29485016997264451731635175698571378350881277295418748004716301277985342526972,19200661581307622310361970114366202007247093611735617105546717224255847971821,67106410658744121381573839195750327495141613758486198929194565505667644172870,98083876984926588129818849771806306804088772918531840909518541005202660371620,35416424504779214587504270473763202097497582721086126946173244272631002243925,98083876984926588129818849771806306804088772918531840909518541005202660373129,2,2,1,1,102,102
walk,504,2,1,2,1,102,012,32878468594150259715964801403993069041361947397961734643659713543334419769750,95124776652401606060854040377412998830347722191927025115541846695547404171175,103580933228080525070323128235969747834830299741392368319713607776935845402401,20009868110766389609174086246593419402178866194939523515529998406572496857300,75772353015783416205222812515501069048479831889195857351545166328373167778225,20009868110766389609174086246593419402178866194939523515529998406572496858812,2,1,0,0,012,021
walk,505,2,1,2,1,021,012,43631900197043053229071994752266864142096324339081945219369792100114442076322,109485249049353932549908684524970823901636544515966654242694781041552316841699,78467029228235405068161290740138127662807100476232528616850594874150910425305,57727948473922386512100307730068439853106523750422110504146618949460494837317,336192289471422399370369548551028146624516778230683374311925242597171818188,57727948473922386512100307730068439853106523750422110504146618949460494838832,1,2,0,1,021,102
walk,506,2,1,2,2,021,021,69518981689335131035524713303437144755547569592765458457049379007613858030681,92358400015454191658349974191010175043223131921022920083442658400146659011140,69706796769843068153267282522928495907769267817492749538423130608057152301505,95446028837078383415026529213543460304034181305904697492763239492348492817334,40692120800475624017088911590288895097606765946340413779683847298339337352488,95446028837078383415026529213543460304034181305904697492763239492348492818852,1,2,0,1,021,102
walk,507,1,1,2,1,021,012,43887569060506074032301904245251757099327167253330829420511577561112392645982,72797871529418426496826042531408379595132216050001472445359002438525740846340,114898737884707890318014023240715679012080586027948826213044588016179535851004,17372019962918184894381765688330572902124274582312380098774696893718329303014,81048049311479825634807453632026762048589015114450144185055769354081502886788,17372019962918184894381765688330572902124274582312380098774696893718329304535,2,1,0,0,012,021
walk,508,2,1,1,1,012,012,6720405059159584299498088469185103561657744993854294453358600940158507486750,52014507290277094869006759579117478848595365484382047368237483543574149024442,57057176887879516255066136960385325443016874187404222217861499524176178160471,55090100326074181797307987171805593353051932137794967087391317436606327283031,5611888585167831828955010665076721146733700003484970207822528268305506926751,55090100326074181797307987171805593353051932137794967087391317436606327284555,2,2,0,1,012,102
walk,509,2,1,1,2,012,021,74198928671017167384931964117713547065417547124261198191290322906543706855936,9275413473650855656442219089307628739883298942346371007039847581998411183308,32317747092648172382196801801666732047969138599032994841127413519366716632419,92808180689230178700234208655280613803979589693277554076007937979494325263048,45967817096172033446673552706814588097715949171594700613194450324047672461051,92808180689230178700234208655280613803979589693277554076007937979494325264575,0,2,1,1,201,102
walk,510,1,1,2,1,102,012,74423461392124407752097274600370472454680929850776455836442515968212203388261,48505800334830258508235808670896337854481123927145040386546141571166515128986,108654916747677724586808886746109005397377915553359631855926510476438950826079,14734171815069980179589445130067726402069682969685236682019395380864161748728,86323745607176235064392094748552455048698198339704431018566372379789837995351,14734171815069980179589445130067726402069682969685236682019395380864161750258,2,1,1,0,102,021
walk,511,1,1,2,1,210,012,95696391932476944318471121061627381855836239400064661642342889622551687309839,78046139268501164464814631752747927889275796305938538619417471344670840699421,57841647273654282063856217203000505961427933625277927817154807048595141334066,52452252178225977082515666613542746852997340525167823670636015923752159728745,10887584880864241258539651781602414146842883228739257041333131294013842035314,52452252178225977082515666613542746852997340525167823670636015923752159730278,0,2,2,1,210,102
walk,512,2,1,1,2,012,021,53969817076300341837621797627944370091694597868966179736816043684696611005846,28216567774173557359916793447080135117286006945644221555428958225554162894411,33605704386842296226032393933663402644289379851030162747212582097658060771406,90170332541381973985441888097017767303924998080650410659252636466640157708762,51243513391868442876258193823340281097825132396848987446705053349756007569614,90170332541381973985441888097017767303924998080650410659252636466640157710298,0,2,1,1,201,102
cal,1,2,1,1,1,012,012,30274016299460456955180710445103740436904394362004711957137520612170797185075,5837356808879445928044392441662731853979370245938921638139564710308724785456,79680716128976292540345882121921435562386220057696930444180498685429312701132,37718080363155996902926221483475020450927657555482586988616620542887997980017,40355928511004201617718542041737866950982249168109730405371922055742165534300,37718080363155996902926221483475020450927657555482586988616620542887997980020,2,1,1,0,102,021
cal,3,2,1,2,2,210,021,104142086391238706299364097827836482469440431465842404806799700285672948510821,32541292084971746348880751865977555021124128371899784949796678802568948672310,94900799998421938198897120323561778215975409493538938322318788927575772160195,113154241089467990708778664450425061352782972666447760965849861628663993940051,5275696295696409429584641116525693000109183225254286833510603025708335108563,113154241089467990708778664450425061352782972666447760965849861628663993940060,0,2,1,1,201,102
cal,7,1,1,2,1,102,012,82865997412836815542938909873648770796996607341861014358705192673151474908935,55799147011341696369204507698149615906143261453630487124007484718454362310987,92919034050453878934998552445577429003400100535789626596202490624211832123404,32442384067459587473341580366949327450818474330228300155106017517179662871445,50907321102397020476887824274789252951200615618618304072393128107158835751426,32442384067459587473341580366949327450818474330228300155106017517179662871466,2,1,1,0,102,021
cal,8,1,1,1,2,012,021,11154982955636080840720191977021172169648066598949445904179435361016445969010,29695951407589149881343545783804269679422363006214043097125145545726874892616,74941154874090964701507247247862466004199555060477075038153003101165513810037,70160464430615584376267801850424347901746131885710887143722638060067660851462,91263249613401222094606366316527119902182864786728034477765050162901001285726,70160464430615584376267801850424347901746131885710887143722638060067660851486,2,1,0,0,012,021
cal,21,1,1,2,2,021,021,23016659916541056988544337436995668164958570117001988221791229341960806163040,113401231735405605158878864248509969152355313473992322506195046817865382110751,95166286822685728699718768331870178389226085740286817350928891855991481069535,97327152202378762420024741100847982352455422990684900465318052551538988614335,36929874069874866007092487815679851000764282576780007834574221179958345759941,97327152202378762420024741100847982352455422990684900465318052551538988614398,1,2,0,1,021,102
cal,49,2,1,2,2,210,021,67798732357059755327566246684108137837446272446722343669643390548940577205485,113824161875475071324078755243133735483270291428722700154064014068489068557185,49961284242097564195496968090133942385823405455836084255207763398388023580656,111304599234900916889820077559957384302891756032523196703136959478739478605778,8974980004830557067501814897461047099891616493103415358936407325557365776971,111304599234900916889820077559957384302891756032523196703136959478739478605925,1,2,2,1,120,102
cal,76,2,1,2,2,102,021,110247078675305661930966721685955482052082966385679883957257059312438059704576,38701867546230230028138427406374407291979609260579777100522221312142486310227,82635232253096498888036820925045926362477393685021467021135887391237123328523,87563965904267074456689192535591765802400431518878905952339245863051970617204,56456246666098241933763584946192284100874265520391996860531834556932381754038,87563965904267074456689192535591765802400431518878905952339245863051970617432,0,2,1,1,201,102
cal,224,1,1,2,2,021,021,85280744220358609809525950907340038441698915234681130081354163253036251790545,49167827536243999916544877088883748136240672204548356985069071968756251910016,97135606718029781121071142021152029128600381892051641012491932794025165642765,111819576260177235758362691672875215603490664334706369902551255417603919931544,7945025954277919330416586671625384498693799888737068960107815447828483124914,111819576260177235758362691672875215603490664334706369902551255417603919932216,2,2,1,1,102,102
cal,467,1,1,1,1,201,012,27895882500651799464957374648509045872182266861805091873572007485209659492309,84368070592905132151804233805175417898857174648374028879749001795452331509199,3528136143759263806809376555003444082230543155461443286136574727246843670155,13945965521788849283755711462272556951906307990982657527976996017934509528715,87900158193738496856059562084142793949024948297109589326651171105649142435506,13945965521788849283755711462272556951906307990982657527976996017934509530116,1,1,2,0,120,021
cal,514,2,1,2,1,102,012,105440339511054284523616491732540605342219429529453472478566338971941804790076,24805614301672974374303647897384216211754278686148972784107090497541008225501,101338224661905131949221830387450994152566261115678682816241738546334856327749,49814404030377772367723346055279900352942748912540680253880714410897992174459,16163281176560650688124292898128107146952066453993543874843734319722177143877,49814404030377772367723346055279900352942748912540680253880714410897992176001,0,2,1,1,201,102
cal,1155,1,1,2,1,210,012,81579702725793777963622526994662930843230100237335756999950146506904059187131,111364339027389564107937688349874646328815492291105859457458664412290407499173,38640136721449048775581754672838238534494376802839511621506357096623202657022,26557266214286943617095450146995268154520307650223923992655385824808945048923,62677556808742308189380084714697371543796948978627056397294391491900271393026,26557266214286943617095450146995268154520307650223923992655385824808945052388,1,1,2,0,120,021
cal,2683,2,1,2,2,021,021,40543191185451896520251874697719561609106879341048886908794229583027615322097,77670194252359330592316847563896296192298474089215508210833892265997123185751,113370793036821163734573247755759957905134615901016732959287046166792930835478,111115710170501085773582327578936314311711605727389364444085494023143595829410,9352758133630219299977314859503187082251917103371079877039338236749131321805,111115710170501085773582327578936314311711605727389364444085494023143595837459,2,2,0,1,012,102
cal,5216,1,1,2,1,210,012,64135700518431308859819232534247436090351626932194564172621842235392620905885,103058350878838061739095698485686443396817693862011195589784855419951093698987,64390127077363020248227038997441936219370648537075368316508470360473954738454,6747560021463821016067728044951230067640099248911186578120574264441084890109,102296969194388553391435528918785447717557365781252531226364014612635991698471,6747560021463821016067728044951230067640099248911186578120574264441084905757,1,1,0,0,021,021
cal,10544,2,1,2,2,102,021,84466231254811566175381612882580178189916102665626158386829409151464169697719,48704922037995486856027521071371576035421894847110452614554474621439726270275,98413025181825337815732836063424061481201971818544517077531284242913773375332,69404908173016259911316801926340067937025530665175558107516776237684129745990,92774362128599871024508366164695679831624067227798692550176773807668063465062,69404908173016259911316801926340067937025530665175558107516776237684129777622,2,1,1,0,102,021
cal,26867,2,1,2,2,210,021,79006247813538578000608516868642168251585293333543751322399796811751089823025,75407989333814100406859084721583888443123311556320718676731335818084643149061,77169941327279712439674368427149759011831364441416658079784035385981936371240,75092201158142639249102785495492834891850536966176370984961474346410492173652,81399776158347112348936399026390145921974054625797066795287377590215338560769,75092201158142639249102785495492834891850536966176370984961474346410492254253,0,1,1,0,201,021
cal,51510,2,1,2,2,102,021,107900484482173397130870312229407025501588623797726946825987839036196249146222,33584030650036173626100411673487325219348861670941229009978453487373938108274,90099663342422820090171246114481464985602483862612952242948875492247482088830,98646282474273653055682138032585472374987208589310052292696975769062398689484,34291613526085084735777693952204870955700711379529704179816374744911525455176,98646282474273653055682138032585472374987208589310052292696975769062398844014,0,2,1,1,201,102
cal,95823,2,1,1,1,012,012,68281435067605569337995849547457724831164547046734208840209753229370201732190,8980031530224928825279814080994268157426716507765825284173728260863126443353,38530622639485697260295321380235914864678721111140529915074102517675506496120,41133274346683473178166134851216858622036096242942515955473144950255716428210,33525540543949249067238715306254190608765371793189872471658873241006728350448,41133274346683473178166134851216858622036096242942515955473144950255716715679,0,2,1,1,201,102
cal,198669,1,1,2,1,021,012,66931949623903661629307710586475561409580895965745758168187357737330232634215,80225115006919876624477197083904154261678139169435149178107184128281814024381,84427113843808852593357062346996100035280934196100220732620626150205622684730,44044764158478066476772048269569176816664134116712225564859094809367747472755,27702560920360062470026888469549554219509296045650453252886973522782665952820,44044764158478066476772048269569176816664134116712225564859094809367748068762,2,2,0,1,012,102
cal,357535,1,1,2,1,210,012,92327589871308471076884854568002242040397504258314476596477418593688195785446,97498441848434944974258065616293271463542304683433587497588873962833052926117,41758146754888974795999049833080302202600160389533063984848875459296420631763,39773795423285072378971027421624657398795465566149863698310850830715670408064,36244498390746050665628930165438593055246633146775176985983461480086819605604,39773795423285072378971027421624657398795465566149863698310850830715671480669,1,2,2,1,120,102
cal,863317,1,1,1,2,201,021,40268409047949499359735122417165777054397671836358555468634913779780569415934,69237362437568924935660281118664883175996411545331311038676588328220538144750,6286317751797771128175581472857247622875901283950697532146081899907727110979,71817917634566008618632246025535889944061522232240392841439219266449322862597,87948343205500373609877477966304035817552084093669023082331887750137674673529,71817917634566008618632246025535889944061522232240392841439219266449325452548,1,1,2,0,120,021
cal,1811764,1,1,2,1,102,012,115407920612699936054928984039993011411994780374316354315306217858534151159075,80662915569028949488863601742939813328760228438692860659752126170817863044205,35513342292903505303349384234442990965784960518271913103856823986465655140046,53390510723733072299514104355190100321115719670937692592006177148030285113057,9011067789850050824542776298307707210606124937199519198592808845457585832931,53390510723733072299514104355190100321115719670937692592006177148030290548349,0,2,2,1,210,102
cal,3007503,1,1,2,1,102,012,109312991594445791464442709511089201522940288828006404650794578305531606200202,43467655130122779584947691047848904580051515978476114160611915897368682161072,78803531750063819797751569458437709603548164524798609267508673812917380982052,14327935854196299498003649352560391876146755188763849330193888175944868399120,87136217528923596427563686303567124100544053901547205722217386789628415673588,14327935854196299498003649352560391876146755188763849330193888175944877421629,0,1,1,0,201,021
cal,5598802,2,1,1,1,120,012,59698734848423620430191505488365714719110764267569667569247074613745828275813,7043071139849805955242736941471280849785429205847877192401878163090745602833,49050283249042769038136742578850912284373791192223019277808631231072260793017,9442664635735968703642558322128266457447859603979455780839092378804895047210,96906759965844258016285868364431374937941845071115992820926978383908354603511,9442664635735968703642558322128266457447859603979455780839092378804911843616,0,1,1,0,201,021
cal,14428676,1,1,2,2,210,021,104421588094509120035236990596645958143919265248853899933811989363196705741065,104170252611002380234246061139177456846010254386781700303463366801944865858438,22992337769120890577658918281552400716610449695645527841639811850676097743823,67823267996808105660716347326774735340895872453301555700104444800264227822188,95937642481016179525709275363826345023883383651546697365001436682507824058270,67823267996808105660716347326774735340895872453301555700104444800264271108216,0,1,2,0,210,021
cal,33185509,1,1,1,2,012,021,43673027729010950553218795930502682060657063087017919522907290033057322396180,20984225088730176551218623258634345043361113440765091779117425693269421807609,51134836419575068319133565819550880749251808137857552737432868281582090467874,84809394213637081943502493774689249780822563162687472309657375284664376580584,61965390047358226960136982467997316144030002232774864145895575713707470270979,84809394213637081943502493774689249780822563162687472309657375284664476137111,2,2,1,1,102,102
cal,54538862,1,1,1,2,201,021,23205692944715729236581410292228012478829968346558742679957121632217337437190,78911173688916853860024911188625959605793295611420987384945127334436853330981,13675222603683612326964663527833935768646720707660833974555335041254643903492,60664032574617142115484414637122155418653616755463308125848860667769303788590,110256113325398106616173140743131504868367895047223192513512604947497551794908,60664032574617142115484414637122155418653616755463308125848860667769467405176,1,1,2,0,120,021
cal,111949941,1,1,2,1,021,012,53585672001357885019824548862520597878344984266130974524307907554581235088034,88420592778309208641909942604796758430191055050023111158102794604133580248752,89577913694965297185407478550058459398003930015127042396504465857102854006540,17432411894017304954769243075223329507319023676238551855489001646611322345017,80927265449281585514032498858241248838199516926597800671627159848295180954480,17432411894017304954769243075223329507319023676238551855489001646611658194840,2,1,0,0,012,021
cal,227634408,2,1,2,2,210,021,73120130261991550948020504162639486793704771371934125451928219247077828835997,115332360980966418481925568518087709550845090015122075776571304394265014449596,43131687231674421417195897336648619361990107944224926850415644374474826057733,78559441183167055457193958492462636677191191639225289507753669199117850100205,74465296108298279932754053032450542351292745279699229749702987884799939885040,78559441183167055457193958492462636677191191639225289507753669199118533003429,1,2,2,1,120,102
cal,400708894,1,1,2,2,210,021,104255655979586547466963862599421494060018356392258639441196465571770639554495,107202154901421827860887199638988680729005017759883198030213268708503883894684,20126367593624015519290907778965640917516595179139290607505433735543145894147,87414569715522798869636219962920291864951602513549355295048995323816788405620,56755039043586793107869530091535231975771923531051098175112335635401544050752,87414569715522798869636219962920291864951602513549355295048995323817990532302,1,2,2,1,120,102
cal,1033162084,1,1,2,2,021,021,61177378049755381169926777035923088121357076624067182273485275725375971456494,91376268948494914448012748978086407799123867820828685396177485638557210938737,79030531476382095229202444003366319786059024886385260409252406651884486948095,100829247844807744064991368623076717022383350961180737108039905568702171889106,29925682785016902717159232771222381660908426635788334549130515145628879724210,100829247844807744064991368623076717022383350961180737108039905568705271375358,1,2,0,1,021,102
cal,2102388551,1,1,2,1,210,012,82210027414836049155940491197031785257853396034092240605354419691445588217477,114393142673567699537354264210126092485604712389972271293160754725874528967738,34981008386228642153847214610217937963081860907216616180399993598497552158111,2999569201362904428104591462272803663502916505399955097167403644133545388512,109792950834590386567361802084142300525831731268274994188270355853244763551660,2999569201362904428104591462272803663502916505399955097167403644139852554165,1,1,2,0,120,021
cal,3093472814,2,1,1,1,012,012,107709134167936138073986680489223386208861885970407998481140355677450813477994,2906559681975778971560239327912668712708401596435048992299995920761855226959,5176395387404278378024065191551852931699697098797516566017232409696165966710,14440102511425524695366783796044705863753114337284962538144260003780764940853,86911884214465146032837417416598496125331335604504979306316643133947351194189,14440102511425524695366783796044705863753114337284962538144260003790045359295,0,1,1,0,201,021
cal,7137437912,2,1,1,1,201,012,37262172611137202031893427951976562837636738909138416932028182132446592581569,51216866023051336864063943911827274390532595821900088962858680410269159347360,27313050603127656527613613144884070625100649934602058144570721465193082742734,35080382904282361477016783206556296535582447318679075195758007581239646891607,45631323428751472469537418595575314781672669641716753991089147979017455397387,35080382904282361477016783206556296535582447318679075195758007581261059205343,1,1,2,0,120,021
cal,14133072157,1,1,1,2,012,021,3779149798769112414925310733031870158365591069900196276273353393632324787065,25642797704451830342758240133442172164943805945972363656485333019887892319885,86370141734095252665887434142213865529960587649768004106698897594388617564713,82960922072059724665721672491685737248047356198354709570890535563734776352183,65662334330512941515698625034004341209580416161440389623429255155524371067837,82960922072059724665721672491685737248047356198354709570890535563777175568654,2,2,0,1,012,102
cal,20112871792,2,1,1,1,120,012,22871872564966498444035670121954537452655150412588068504957443956291612868912,82726813347010568799391655496759946615934554083742741971797118343359782062757,10193403325339128180143659389973423784680280169309753562703021708257439739994,50325344502554169578257001311104631189470530787585697964767054330496765375809,15141400232207856267056982386478645473896502703903508453071054480464292127343,50325344502554169578257001311104631189470530787585697964767054330557103991185,1,2,2,1,120,102
cal,42387769980,2,1,2,2,102,021,71670754104537865560082061843872269025434997699389937230352606893751391222266,75708060936388172722720918943744792013268514020422409347497637128808108707558,84205363433706352564338989229758754667836457611468781501064923993258169413502,70596650599385242314719182520763246191514006874050583509337410187311793865977,90390877275861906217703604975849323322647114810048641746535505908285571946780,70596650599385242314719182520763246191514006874050583509337410187438957175917,2,1,0,0,012,021
cal,100251560595,1,1,2,2,210,021,90938501433040347539614703844689662947327884665620044449181422620624798748723,111440734089100128595718776843869650160928349732919816693869694986914642696535,29204942952491914711808489328816502598283734932741266935864050408278227898068,84006383888167047252072703903851269150016997488681876297441470422197504757268,63571410698298296342996562209673277405641133580786056170327385438340558792353,84006383888167047252072703903851269150016997488681876297441470422498259439053,1,2,2,1,120,102
cal,146971536592,2,1,1,2,201,021,12683095770457236261566800088970310334497387354483821689303015739646578289946,60964346356276771866624255463908008823129653562774633952866329882036037142535,42144647110582187295379929455809588695642943748382108397288238386226219239182,101696797994979369419812213247713603881947963251559548824590296622153105416415,28190582484673652007517543521948607941779202055030711116029733038289197546068,101696797994979369419812213247713603881947963251559548824590296622594020026191,1,2,0,1,021,102
cal,323724968937,1,1,1,2,012,021,9966042188974134070888151497215219972655158599685614257157502818792086335976,34162759674357528727796068983348995975664382977041470727178022604045773039766,71663287373984532624886764528123691904950443088913479055122058585070975295921,67584717782615940233903492166977483052847587686864617671894248890455685035782,96414742909400510379334985683420849599979953184420573421421828501153778010299,67584717782615940233903492166977483052847587686864617671894248891426859942593,2,1,0,0,012,021
cal,1003651412950,2,1,2,1,102,012,101565675370221742602229653083777327009249536378991877061748327299610876904981,38942736550911698738289981111101586202699271945147864444462269533479669875222,91075766553498949506622335822496902494591161007141386572704571182727122563123,26409342277272277520557591702846558383157535433027210878699771723519161523074,62973404682771640382455801602994791086522493413020482625205619691468884209339,26409342277272277520557591702846558383157535433027210878699771726530115761924,0,1,1,0,201,021
cal,1458252205147,2,1,1,1,201,012,16730134091007133126311311203784812127937876167223523137814685982430002151600,70558079858049188174761639916875144824162718864483450044647810800099854262156,28503875288259874122498033888027950901169389633933590856995087225378978257907,25994669057360080505182045042726350138755519819497778745828737910091149866315,63802751122596034413206894923235207575326524640079346890947687316961105146266,25994669057360080505182045042726350138755519819497778745828737914465906481756,1,1,0,0,021,021
cal,2895374552463,2,1,1,1,120,012,33255992435361125420753574133987329570346990992476331920306698828692077383109,72642166747667715693998076926689924469567823294861583022488871653292589207312,9893930054287354308819333948010653813355170378302649096662013525924168081242,21127381001994066218295285696849371361908782588473568269583335081603457421157,73537327233328062986980413614989165129019999102127767843438492969625122994634,21127381001994066218295285696849371361908782588473568269583335090289581078546,1,1,2,0,120,021
cal,7409811047825,2,1,2,1,102,012,94477860986931216940115092460580133067917073336554818913662218264926451529547,48695939209453161922932519752832711051537928698868168279862434267509816652127,88410378278248011984094357803962971587084967295858140885390515483381401161652,23543454757166696193446067741363583254340179311822195584900806570591271732634,68705179722982803036678849525960741344157205655430513212803549978106184885594,23543454757166696193446067741363583254340179311822195584900806592820704876109,0,1,1,0,201,021
cal,15404761757071,1,1,2,1,102,012,78268619746713963218187777219374198850195460514718683402913858087036713584847,62913477170390895688967350017419878830833361242468560147473965391398630525261,90402081557527531939986842780581738025511147574093884528527344537382325233218,40905070587416290363011708294593961848522204202311458444593650942076773161815,33981948062483614697547568419499984155793155874451987493417861211150329899494,40905070587416290363011708294593961848522204202311458444593650988291058433028,2,2,1,1,102,102
cal,19996463086597,1,1,2,2,210,021,115575720706626493906226192027796274002125443198833027473475426349826998633212,81679049241451783001264629086521954757317589828801906757325801698871823562102,34329408526554113939651148903057586947096936303646193848113939967118847148012,102994665549493199474493837123083210057862527869651452399271518964275886644227,25594847375645991898154295771209395589950072818846903966667288294495160440429,102994665549493199474493837123083210057862527869651452399271519024265275904018,0,2,2,1,210,102
cal,51408670348612,2,1,2,1,210,012,84534427093558881425113177904288418885193849121736193777039364512166849135907,66138090022604267483773967461869698705539045312860169372245565332646570777034,80911661358469241938254824651217698115807074896684764929630238171004249430385,1430217570069645223762351533811050833528561479751086967259632099089724368764,112931654097176904976046281941065806185780441319572730448085898789112701710973,1430217570069645223762351533811050833528561479751086967259632253315735414600,0,1,1,0,201,021
cal,119666659114170,1,1,1,2,012,021,17359590359557410577485507335006051218429462415938242716582867041655046669941,2271144924943356495261100560024915581878876331528696781668062770699385186947,96161353952815428350824377113656941052961645918173624541206654195554402814775,112179415299619984883416614045264421720526281251581821974124136460293003222645,7225347875392421080308741926846972264622566054986164816962053003450339200874,112179415299619984883416614045264421720526281251581821974124136819292980565155,2,2,1,1,102,102
cal,191206974700443,2,1,1,1,201,012,40445315189304488101960188299324840388835412857741353297297409279860893525902,68717687107107040461810655938243223224217841049683320943208588320429514426688,6629086940904666859800140771119844240216730758215889798951586407618426719073,57653203029611419558540368387959491156454771415597288633568768560472639562701,485683178093356306490248232768925539928021447880327115467625446951958267606,57653203029611419558540368387959491156454771415597288633568769134093563664030,1,2,2,1,120,102
cal,409118905032525,2,1,1,1,012,012,54546801888845152886839987528313307637980852947813489719547365379819901719773,1567171507525750676332315452378432466228613263021456098972803204382359785752,59678115840945291860398682027996167749060518454805618220937415423706573166138,8729497343001172007674847090459626442497337423783915782938475701144244967796,98333094551313851408221290827768654967842889431507072816728210511872956461170,8729497343001172007674847090459626442497337423783915782938476928500960065371,2,1,1,0,102,021
cal,611140496167764,2,1,1,2,120,021,20891666520255953993638430455176607482233249892138140092476306774515306733940,89702312631837084577777594434846809544007444827826388803486057789229267773826,5198110085223156852154960118664490827029289945676035143495219444164260163897,103310389560406220626746418382845055255621407810823746386379914544319218743609,24963399353819949593649133251685705194432312936502315992450495360976396998164,103310389560406220626746418382845055255621407810823746386379916377740707246901,1,2,2,1,120,102
cal,2058769515153876,2,1,2,1,021,012,21756243332924586743133411844971811805974613350508675113936260832286530935532,113317778106391589847453637344192767112467263125164919068346737715277300631560,96510157035316214256554920828211236788098092855607533896632169468253837776234,51714762010213290310272612834450908781792732982333986082582683088693681854753,12362565216889614803025759339786090289252098314406932217439790787822252323203,51714762010213290310272612834450908781792732982333986082582689265002227316381,1,2,0,1,021,102
cal,4216495639600700,1,1,1,1,120,012,91634755939565162259349871746404741794608073218284353890367889607254411238500,5667040133394478262288490930947537274893537679925527139010686318874332822992,18490293164356554901932622331335628783768373767430683010079008081780090610171,27304686912710984789852198445720734475904065562103683487654136209237478018715,61182715411894225843866588117246438901029433154867537407296878073556286654807,27304686912710984789852198445720734475904065562103683487654148858724396820815,0,1,1,0,201,021
cal,6763683971478124,1,1,2,2,021,021,69721747537648262459352018167671171750894025343830655110481155520439900150228,70880420717113690953981229802874603090931198782930053821344498589457363213019,90982010219870437433808722046830040864714745204520419147089513905920405980079,68918480608552315653293430927952288010734681134103607967746448691044258220011,93747217257527759540555108161471239684205766289942592829717408609895892114280,68918480608552315653293430927952288010734681134103607967746468982096172654383,2,1,0,0,012,021
cal,9974455244496707,1,1,1,1,201,012,17827149604323353944661826884440082558657176480378126126632146749547390467254,94219282513507922923548528060541538546653663542155451802822463059837769518640,3745657119484918555360630063706286747959144643106986110002974198523674685769,32312243200398593747710616144183006488858886586575616455541447319979574494340,51167602836519007928149752720321894875119791105923671471522238578193279015536,32312243200398593747710616144183006488858886586575616455541477243345307984461,1,1,2,0,120,021
cal,30045390491869460,2,1,1,1,012,012,20327505901757005126813045566864876441892447426931414579675878217011568511621,9592072021252900024652022434814890316403130911666823446030336593490114180907,85872511314306290272105917007008141094974406327042326013751369197407151979135,31619918170355283661763256300013590170747667537313930751137135863684159707647,52552252896605628100044472408660727511342229204447042880330801277978366470663,31619918170355283661763256300013590170747667537313930751137225999855635316027,2,1,1,0,102,021
cal,44218742292676575,1,1,2,1,021,012,23150686220656891369277278505620227452768535574923381991191794229132953711222,99553467173923215712525230193629343992534423363870491220169763165255314130596,108880025080052283765339461318126244261237010392487254867553610621429401501508,43281863737236741717672062507845581174151838980187585266421055403531796373599,29228361762842711988226859992996745504533886318699733849762919678227690717414,43281863737236741717672062507845581174151838980187585266421188059758674403324,2,2,0,1,012,102
cal,138245758910846492,2,1,2,2,102,021,95368203107850224980263378365817810155882723831207661510936193036928031982235,48358849748000204898463273918489375709084731151546360550019667776318611421896,87857125618781960968415317733068629841572514348527106017959307202571025939195,59258618671990646788198026174252519289398329897365212126442363979203693793979,113066941130651097270745917668870777126878468763419384512325183587352202861240,59258618671990646788198026174252519289398329897365212126442778716480426333455,0,1,1,0,201,021
cal,199976667976342049,1,1,1,1,012,012,34644737984891256042452093491218172076427414096533241155566631506687996670805,22975741660191038792265442122191733537775462601992179505897277796868049565631,58171609592233900588853449395278002239067107967115143377993674704352788435227,57240375577455164254235532559483017149951558694807371407496541361138559207934,1311338082405866915099919889721873552934446889460161567611480489237114052322,57240375577455164254235532559483017149951558694807371407497141291142488234081,2,2,1,1,102,102
cal,525070384258266191,1,1,2,2,021,021,21453946587140799815114838891790390499784756775519689406780139612435589709202,100271267426669723744010870048447773095697005149055890391821841721793443741611,109858964460821867288016261077137652111058207406705548280313186681588635892513,60677868431990197102535579886568119216471926837648737660562044060424615704066,110228441610651996642070810244239577272731274882852333444084662951034316781969,60677868431990197102535579886568119216471926837648737660563619271577390502639,2,1,0,0,012,021
cal,1135041350219496382,1,1,2,1,021,012,14320579226051954461724401484655351709458922929585947423558889251378384359651,104012314098092090520027803005467673095062748825320223104740590527403510625137,113251285150488345865389765527252790902018297576374957550615688237035774358538,25479935389012964200295258262805526642322637272051222776505369032134865988957,64832218459290267022980468483076854568192289734972458829591019953197771027277,25479935389012964200295258262805526642322637272051222776508774156185524478103,2,1,0,0,012,021
cal,1425787542618654982,1,1,1,1,201,012,46525082942884775358756282127505641100908087171652516816604344188654934093963,38607042669348813908537744457331576281480088364198890900774969566436434921355,30659963625082606156276958423850690470881809129789156322078270252817465656345,28397783955133201193697582348097004589893208131242477971772246505291730590400,58996521327049793036175820312493898673051148016589948439056392768306844348591,28397783955133201193697582348097004589893208131242477971776523867919586555346,0,1,2,0,210,021
cal,3908372542507822062,1,1,1,1,012,012,2832697414298390434522811125027752786857268658999129805227182287495002744878,62493880144574835081817479756590404226348696794246765762061702248226904879067,50465511678442969907230694127069750840064019212394668472168699472186927047718,672335141887557864735049369272138757926575910899446369738857631279490379478,114447418953541079694100886270143630336984412457276011643115722761331657269195,672335141887557864735049369272138757926575910899446369750582748907013845664,1,1,0,0,021,021
cal,8993229949524469768,1,1,2,2,102,021,79887711231029642570969501652592506549894455328757957780068337412982534858768,49298263463895317867426376318034500873504815016312478323404840619990352614402,102398203779707430408746092046748808283140698986210691975441989982844781870156,103869797373692259951079106086050825571422366496224163984339529047969097126533,23844583727247870944983757845274164562830395565701480796504288497249555326304,103869797373692259951079106086050825571422366496224163984366508737817670535837,2,2,1,1,102,102
cal,17799667357578236628,1,1,2,1,021,012,47559827541967058360088302153159311776538228104150615032504704228341410587568,114721335464501515971488329056535800007995640859594316208215068609849593059607,69303015468163816515565338807680703922006100367536196838195395177626665696151,18610006174618446605963757483986574207225618733057954369033972452416169740902,78572076888079302211643470040714759438386326812958995644483819234613087302649,18610006174618446605963757483986574207225618733057954369087371454488904450786,1,1,0,0,021,021
cal,30568377312064202855,1,1,1,1,201,012,67988930076053514680599674608646696062553307130347978255848318974881963042899,30298098917340423748005558582086181392394917338718382020374282240231106143847,17505060243922256994965751817955030398321760196574203763234982792795765484917,42598934674672815249092290780342357569829010676919156087693619730070097803138,30594219887970564925386403448003192713179542925236592207126218549441773279496,42598934674672815249092290780342357569829010676919156087785324862006290411703,0,2,2,1,210,102
cal,46346217550346335726,1,1,1,2,012,021,2337496572373820069235769193132017405833210074868771494558290847069248405777,4074029554313994663179041502582875713042842355065289932477192682682526078582,109380563110628380691156174312973014734393932235706502612422100478157060187304,58218083310439692816986812677747863611576207021769315127491298761230552709174,115148011853753005213168344661880088482522714514611178510088690107924178563148,58218083310439692816986812677747863611576207021769315127630337413881591716352,2,1,0,0,012,021
cal,132656943602386256302,1,1,1,1,012,012,39007921003412641860170887496960188153073046437403477367904386057086781646239,13178436290798397846567888182458756766580093833761506067580756796425140560530,63605731943105155716832209329268962933616844394475580603972441154396912464894,56055002921049362182312406890290954885201510153765923683936932980610235230632,3682083395217471058946171228105998082434543971543057014333326349490532264167,56055002921049362182312406890290954885201510153765923684334903811417393999538,2,2,1,1,102,102
cal,219898266213316039825,1,1,2,2,021,021,70839482847861310445725209826945170976887476014779496068997358295159045641812,46651821104728313493761660557181018914984329639395116410205507714989154901349,114092874522042766907655099633249625814668163677106515599712302005669468800165,89890535302426565401785929746185057114831785825177449863200013504316360477272,51803107869779260043570110525005701476011556907794909038150604475763653914655,89890535302426565401785929746185057114831785825177449863859708302956308596747,2,2,1,1,102,102
cal,297274491920375905804,1,1,2,2,102,021,114286334152046141321974741135177019639550212134849905251988734767746868034560,16123217363736713279409603651270102525457104410668192119211179935766219410836,101174626958849536245757625230928693541532652785763030707715253312304581897930,93984257010220685383297943842563662260051350396359738137095101320569928531265,43615664454191020080546082332248491185572427765430332490128300166135338208732,93984257010220685383297943842563662260051350396359738137986924796331056248677,0,2,1,1,201,102
cal,970436974005023690481,1,1,1,1,120,012,73263008689324793551619263861389980442809003595046360371843340062658244695593,4228992879347525924458726564199726668855589775578917334306930226656694024882,38300087668643875947492994583098200741605391295015286333307313718593895951188,49753468143124666314558705445333523646553980736892830926844019631414556101993,16285152951066862794453574118020860559729602805289242526005812956673978218908,49753468143124666314558705445333523646553980736892830929755330553429627173436,0,2,1,1,201,102
cal,22538323240989823823367,1,1,2,1,102,012,74966293878219584195945434578329605983789750830270451193629042085586522090678,42183720078959374923553610403679412821580139475397357571261740202898299208994,114434164517453431727642925035366796901170079025613319314024385727332848043654,57739249010356134859500023669816823294996959129017925382689977365090529038202,313591216603925704570937669054261262843646021039053549610238688367631947832,57739249010356134859500023669816823294996959129017925450304947088060000508303,2,2,1,1,102,102
cal,1105520030589234487939456,2,1,1,1,012,012,25814326755029480533218752541695742068463022641503255281802282859838265911303,8884678931718337310834100999815535050107581290738219037568896118422798129852,81093083550568377579518131467176630734699380733399089720086405029647770630508,17834941855617493742911229641670326698242332978599516960119432430334658129714,80122205526081207937748525725347254456352898321875867145806206513145381416541,17834941855617493742911229641670326698242332978599520276679524198038121948082,2,1,1,0,102,021
cal,21090315766411506144426920,1,1,1,2,012,021,3386949864375471397988126318752654986767678992450217843388261111140933178983,52342995692602575085901797043675623625609073537842447744298147081799577377203,60062143680338148939681061646259629240893232135347898451771175814968324115477,101943403659036599913069450797888937811968099569424937005781659710721586008060,27697371156559191021003068421597940081738929419299871482699707627074717691794,101943403659036599913069450797888937811968099569425000276728958945240019288820,2,2,0,1,012,102
cal,868012190417726402719548863,1,1,2,1,210,012,114741275555024163249474010181881967173319761376841787570211805733941241289335,108546703505426054639545805226999251057696590557848655948213206311766565200207,8296199414182172958122154608494597475523617396590684560490155970109862853784,39668038550889893711525073264909815988528988949054614075445957266094183277044,36456012135536408000520838478868275875779586380963072195141995430121636293660,39668038550889893711525073264909815988528988949057218112017210445302341923633,0,2,2,1,210,102
cal,25525831956644113617013748212,2,1,2,2,102,021,95460439905515820826926639267530873201670470829100885254431376829772835762965,68058186011469330703080628725141333909761344591576542469744538037774739614147,68065552557647239317134702024703608595108153910603700354739253148270093966214,83873369906464894309428018855098821740749352797628955092513063010650201841938,63837438661702602228285932307178172224176422962815321084314267920884878060162,83873369906464894309428018855098821740749352797705532588382995351501243086574,0,2,1,1,201,102
cal,868221233689326498340379183142,2,1,1,2,120,021,83307367419750171486441297744058483320961318791077013690991782126761774512630,11563456038971401613273018250206496170230276132844214812772877265254012504715,20921265778594622323856669014422928362078389741719335535692924615893047654318,78649198772746070537744630881905734485687272308595097573884718143750195385601,74285780929140249771652708253564346734300583938354949916372910500514794668046,78649198772746070537744630881905734485687272311199761274952697638771332935027,0,2,1,1,201,102
holdout,29083230144918045706788529192435,2,1,1,2,201,021,10534285620006294357815806017139689015919542270336485193390347901589171577991,69889739876636631702555871757544195217565290259155149510761223757725641942286,35368063740673269363199307234004023619785152136148929335306012348594021151386,70826578424378765527368665564969720004460961036540225446287097829557054556131,89931021625874859792404638887436375696753206397819667437881993503556626299107,70826578424378765527368665564969720004460961123789915881041234949922642133436,1,1,0,0,021,021
holdout,1090246098153987172547740458951748,1,1,2,1,021,012,76711797639565498046105506569553656915187942748465454925503332997276178808182,65145525730159563545885359586966712874587571224781362400421497762266535606779,89726855104907329255151103860855445916764455358034310752990337256274954928365,56004383803840230933303254429645983638466757522736033696065099002276641986299,3783321629635733556964476149395940575904045962864542528513447493743500666495,56004383803840230933303254429645983638466760793474328158026616645498018841543,2,2,1,1,102,102
holdout,31464123230573852164273674364426950,2,1,2,2,021,021,68859769321382768690017455836950038446391007085558442668534250541854905488624,110838331930616417827814801388210581087089810824275759102835265483060860341422,51886077222633204329309712792215196173059151421446926307545651990901903513280,77731733286257787659726226733509225733856328689141687517147152776415222803984,76120711902116815527689516550357364237962376787496742009359527909182784099856,77731733286257787659726226733509225733856423081511379238703645597438316084834,1,2,2,1,120,102
holdout,919343500840980333540511050618764323,1,1,1,2,120,021,31575420635678415940886577078911872698774846232158734095676065538249528017937,3727169080363168731104061577574931910217420677822963359858154129814203562459,80489499521274610751580346352201103244277717755658866583923364339845103091267,63152690918015820977278384561369443481545101063537316704060531528383334928978,105278796638600748892585200894636928742582168400572652416088641693117796837749,63152690918015820977278384561369443481547859094039839645061153061535191221947,2,1,1,0,102,021
holdout,37650549717742544505774009877315221420,1,1,2,2,102,021,92655305647104999997032157013777746289666361156167946118695616055510489620141,92264844217738753915919090272410023561216411752002325024449314726504615339785,46664028609788636934190722731188045855657196423110856935770237233802564383400,58604516775007114171642855412390325598985743306770685549591032854020806810010,114375144924618162503856259192595164507590690295455210032510938545362763704394,58604516775007114171642855412390325599098694955923913183108354883652752474270,0,1,2,0,210,021
holdout,1103873984953507439627945351144005829577,2,1,2,2,021,021,65769939126100959556967753811322833066388438502286375660138001189065930443335,81177501888175028882251600539024661163880757115181464470410652969229871576841,84636737460356402407922615667028321476270773713813287948366513857521867323150,70698005671758789728983742870535296607426717945346353010455317794411573464221,90188167131114811389174484276305222487510070712596580425415854640781158571501,70698005671758789728983742870535296610738339900206875329339153847843590952952,2,1,0,0,012,021
