family,label,d,d_net,tau,Delta_plus_num,Delta_plus_den,Delta_minus_num,Delta_minus_den,first_diff_Phi_plus,same_x,y_parity_flip
add_constant_+1,d->d+1,1,2,1,3994784108737485690843506028508311764956698826968435199282463065009298676904705321679418232071194166598088698892338633993018928811856205712955359365346197,13407807929942597099574024998205846127479365820592393377723561443720769383374469661147847687812952081302854773939601805382211292725060150247698793015185569,3994784108737485690843506028508311764956698826968435199282463065009298676904746345900860362044504397151124286181435265804006164042054485777717297297003185,13407807929942597099574024998205846127479365820592393377723561443720769383374469661147847687812952081302854773939601805382211292725060150247698793015185569,1,False,False
double,d->2d,1,2,0,3994784108737485690843506028508311764956698826968435199282463065009298676904705321679418232071194166598088698892338633993018928811856205712955359365346197,13407807929942597099574024998205846127479365820592393377723561443720769383374469661147847687812952081302854773939601805382211292725060150247698793015185569,3994784108737485690843506028508311764956698826968435199282463065009298676904746345900860362044504397151124286181435265804006164042054485777717297297003185,13407807929942597099574024998205846127479365820592393377723561443720769383374469661147847687812952081302854773939601805382211292725060150247698793015185569,1,False,False
double_and_add_+1,d->2d+1,1,3,1,6674881001879988868680540444362262658233882100306479602072083003846239757213848556242178217897396552522474707916870325366155919370048086838622631634686089,13407807929942597099574024998205846127479365820592393377723561443720769383374469661147847687812952081302854773939601805382211292725060150247698793015185569,6674881001879988868680540444362262658233882100306479602072083003846239757213862731206258593763969404880980918050426370176407605266460124869373063136292117,13407807929942597099574024998205846127479365820592393377723561443720769383374469661147847687812952081302854773939601805382211292725060150247698793015185569,1,False,False
negation,d->-d,1,115792089237316195423570985008687907852837564279074904382605163141518161494336,0,50451069195798561467404814747673821484327437904322077487579775336394159706815,13407807929942597099574024998205846127479365820592393377723561443720769383374469661147847687812952081302854773939601805382211292725060150247698793015185569,-50451069195798561467404814747673821484327437904322077487579775336394159706815,13407807929942597099574024998205846127479365820592393377723561443720769383374469661147847687812952081302854773939601805382211292725060150247698793015185569,77,True,True
glv_lambda,d->lambda*d,1,37718080363155996902926221483475020450927657555482586988616620542887997980018,0,30274016299460456955180710445103740436904394362004711957137520612170797185075,115792089237316195423570985008687907853269984665640564039457584007908834671663,30274016299460456955180710445103740436904394362004711957137520612170797185075,115792089237316195423570985008687907853269984665640564039457584007908834671663,1,False,False
add_constant_+1,d->d+1,2,3,1,2680096893142503177837034415853950893277183273338044402789619938836941080309143234562759985826202385924386009024531691373136990558191881125667272269339892,13407807929942597099574024998205846127479365820592393377723561443720769383374469661147847687812952081302854773939601805382211292725060150247698793015185569,2680096893142503177837034415853950893277183273338044402789619938836941080309116385305398231719465007729856631868991104372401441224405639091655765839288932,13407807929942597099574024998205846127479365820592393377723561443720769383374469661147847687812952081302854773939601805382211292725060150247698793015185569,1,False,False
double,d->2d,2,4,0,1600557235642896979095208907680627681271482323751031285637233606469905886122789403807949629915052299756760741415260490954761507978196923415359705818560106,13407807929942597099574024998205846127479365820592393377723561443720769383374469661147847687812952081302854773939601805382211292725060150247698793015185569,1600557235642896979095208907680627681271482323751031285637233606469905886122739606324258533329672204740724439553432521256678188927210774586412770904247930,13407807929942597099574024998205846127479365820592393377723561443720769383374469661147847687812952081302854773939601805382211292725060150247698793015185569,1,False,False
double_and_add_+1,d->2d+1,2,5,1,-7880816776628910449596553756089410640557531429512643024560697383754388216443900356287878417565669390824718078963759280418491571854082116581936795669274499,13407807929942597099574024998205846127479365820592393377723561443720769383374469661147847687812952081302854773939601805382211292725060150247698793015185569,-7880816776628910449596553756089410640557531429512643024560697383754388216444072046906636555147490821688498813886745023457363236875339578607867838853126875,13407807929942597099574024998205846127479365820592393377723561443720769383374469661147847687812952081302854773939601805382211292725060150247698793015185569,1,False,False
negation,d->-d,2,115792089237316195423570985008687907852837564279074904382605163141518161494335,0,91475290637928534777635367783261110580959248891557307685859840098332091363803,13407807929942597099574024998205846127479365820592393377723561443720769383374469661147847687812952081302854773939601805382211292725060150247698793015185569,-91475290637928534777635367783261110580959248891557307685859840098332091363803,13407807929942597099574024998205846127479365820592393377723561443720769383374469661147847687812952081302854773939601805382211292725060150247698793015185569,77,True,True
glv_lambda,d->lambda*d,2,75436160726311993805852442966950040901855315110965173977233241085775995960036,0,-1194117818146323809489254292291399301190121350919732155902599572496293187076,115792089237316195423570985008687907853269984665640564039457584007908834671663,-1194117818146323809489254292291399301190121350919732155902599572496293187076,115792089237316195423570985008687907853269984665640564039457584007908834671663,2,False,False
add_constant_+1,d->d+1,3,4,1,-1079539657499606198741825508173323212005700949587013117152386332367035194186353830754810355911150086167625267609271200418375482579994957710307566450779786,13407807929942597099574024998205846127479365820592393377723561443720769383374469661147847687812952081302854773939601805382211292725060150247698793015185569,-1079539657499606198741825508173323212005700949587013117152386332367035194186376778981139698389792802989132192315558583115723252297194864505242994935041002,13407807929942597099574024998205846127479365820592393377723561443720769383374469661147847687812952081302854773939601805382211292725060150247698793015185569,1,False,False
double,d->2d,3,6,0,355356141812642690490408670282306800638882611743715443405786245394564498859976887219683140821986379612899776363753165639315034569313491520537603851291448,13407807929942597099574024998205846127479365820592393377723561443720769383374469661147847687812952081302854773939601805382211292725060150247698793015185569,355356141812642690490408670282306800638882611743715443405786245394564498859870583148612681816945910799565568764823541940428936766579721365491472171528942,13407807929942597099574024998205846127479365820592393377723561443720769383374469661147847687812952081302854773939601805382211292725060150247698793015185569,2,False,True
double_and_add_+1,d->2d+1,3,7,1,-8193828628590531646499487756508169010339343653735196379585850460338681430404793528727366133938630587159370413594777270582539170087249703091938880715344843,13407807929942597099574024998205846127479365820592393377723561443720769383374469661147847687812952081302854773939601805382211292725060150247698793015185569,-8193828628590531646499487756508169010339343653735196379585850460338681430404839086205220694664583561372312643113564554081458311452172468896698832529967259,13407807929942597099574024998205846127479365820592393377723561443720769383374469661147847687812952081302854773939601805382211292725060150247698793015185569,1,False,False
negation,d->-d,3,115792089237316195423570985008687907852837564279074904382605163141518161494334,0,64626033276174428040257173253883955040372248156007973899617806086825661312843,13407807929942597099574024998205846127479365820592393377723561443720769383374469661147847687812952081302854773939601805382211292725060150247698793015185569,-64626033276174428040257173253883955040372248156007973899617806086825661312843,13407807929942597099574024998205846127479365820592393377723561443720769383374469661147847687812952081302854773939601805382211292725060150247698793015185569,78,True,True
glv_lambda,d->lambda*d,3,113154241089467990708778664450425061352782972666447760965849861628663993940054,0,-11650002846077489124206887180851425383829553199798159232657883722235886160842,115792089237316195423570985008687907853269984665640564039457584007908834671663,-11650002846077489124206887180851425383829553199798159232657883722235886160842,115792089237316195423570985008687907853269984665640564039457584007908834671663,1,False,False
add_constant_+1,d->d+1,4,5,1,-9481374012271807428691762663770038321829013753263674310197930990224294102566689760095828047480721690581478820379019771373253079832279039997296501487834605,13407807929942597099574024998205846127479365820592393377723561443720769383374469661147847687812952081302854773939601805382211292725060150247698793015185569,-9481374012271807428691762663770038321829013753263674310197930990224294102566811653230895088477163026429223253440177544714041425802550353194280609757374805,13407807929942597099574024998205846127479365820592393377723561443720769383374469661147847687812952081302854773939601805382211292725060150247698793015185569,1,False,False
double,d->2d,4,8,0,-9509600949258605769179206816999033190507113919444603708239758476944519981763372642973303490820506973102745154031321468871460334250073118846123996875675756,13407807929942597099574024998205846127479365820592393377723561443720769383374469661147847687812952081302854773939601805382211292725060150247698793015185569,-9509600949258605769179206816999033190507113919444603708239758476944519981763382028677605457548583698198746656406545182249729227462090441198646444368721968,13407807929942597099574024998205846127479365820592393377723561443720769383374469661147847687812952081302854773939601805382211292725060150247698793015185569,1,False,False
double_and_add_+1,d->2d+1,4,9,1,-2919729409158290625876708655588033040646191745450762389414881657044965904821538038249158322364140653591261532416233006005368826160653044499698587096430726,13407807929942597099574024998205846127479365820592393377723561443720769383374469661147847687812952081302854773939601805382211292725060150247698793015185569,-2919729409158290625876708655588033040646191745450762389414881657044965904821648649720385481727309084552469038075789616657646944966483619275191818302373552,13407807929942597099574024998205846127479365820592393377723561443720769383374469661147847687812952081302854773939601805382211292725060150247698793015185569,1,False,True
negation,d->-d,4,115792089237316195423570985008687907852837564279074904382605163141518161494333,0,41677806946831949397540351746959248752989550808238256699711011151397177051627,13407807929942597099574024998205846127479365820592393377723561443720769383374469661147847687812952081302854773939601805382211292725060150247698793015185569,-41677806946831949397540351746959248752989550808238256699711011151397177051627,13407807929942597099574024998205846127479365820592393377723561443720769383374469661147847687812952081302854773939601805382211292725060150247698793015185569,78,True,True
glv_lambda,d->lambda*d,4,35080232215307792188133900925212173950873065942855443571861319030033830425735,0,-90964863791061119248310397116700363919564248643407232307309097162022151547923,115792089237316195423570985008687907853269984665640564039457584007908834671663,-90964863791061119248310397116700363919564248643407232307309097162022151547923,115792089237316195423570985008687907853269984665640564039457584007908834671663,1,False,False
add_constant_+1,d->d+1,5,6,1,10916269811584056317923996842225668334473597314594402870756103567985893795613020478070321544213858156362003864352044137430943596981587489228141671789905839,13407807929942597099574024998205846127479365820592393377723561443720769383374469661147847687812952081302854773939601805382211292725060150247698793015185569,10916269811584056317923996842225668334473597314594402870756103567985893795613059015360647468683901740217921014520559669770193614866324939065015076863944749,13407807929942597099574024998205846127479365820592393377723561443720769383374469661147847687812952081302854773939601805382211292725060150247698793015185569,1,False,True
double,d->2d,5,10,0,5903444335456154443287417033591695933857892269998979730487385350670386523332175737410947405626363063647876453240794699427331813482107744556286067360570542,13407807929942597099574024998205846127479365820592393377723561443720769383374469661147847687812952081302854773939601805382211292725060150247698793015185569,5903444335456154443287417033591695933857892269998979730487385350670386523332247603582507533981166663058075742443627211425388767706732433482702470038196396,13407807929942597099574024998205846127479365820592393377723561443720769383374469661147847687812952081302854773939601805382211292725060150247698793015185569,1,False,True
double_and_add_+1,d->2d+1,5,11,1,3757655558043210646965302932937172832766145959434098436051818578159844009405307721315818888815476211478290494157588194705982668388055301451770342281927086,13407807929942597099574024998205846127479365820592393377723561443720769383374469661147847687812952081302854773939601805382211292725060150247698793015185569,3757655558043210646965302932937172832766145959434098436051818578159844009405306956297961764198234712274924113710329565657167403048739188080625895317607204,13407807929942597099574024998205846127479365820592393377723561443720769383374469661147847687812952081302854773939601805382211292725060150247698793015185569,1,False,True
negation,d->-d,5,115792089237316195423570985008687907852837564279074904382605163141518161494332,0,-80215328120209047043795495997473812404783789980107713571602185832711092488573,13407807929942597099574024998205846127479365820592393377723561443720769383374469661147847687812952081302854773939601805382211292725060150247698793015185569,80215328120209047043795495997473812404783789980107713571602185832711092488573,13407807929942597099574024998205846127479365820592393377723561443720769383374469661147847687812952081302854773939601805382211292725060150247698793015185569,77,True,True
glv_lambda,d->lambda*d,5,72798312578463789091060122408687194401800723498338030560477939572921828405753,0,1780019656262522112383467901000323140375873152462665237466216642089637594756,115792089237316195423570985008687907853269984665640564039457584007908834671663,1780019656262522112383467901000323140375873152462665237466216642089637594756,115792089237316195423570985008687907853269984665640564039457584007908834671663,1,False,False
add_constant_+1,d->d+1,6,7,1,-8549184770403174336989896426790475810978226265478911822991636705733245929264770415947049274760616966772270189958530436221854204656563194612476484566636291,13407807929942597099574024998205846127479365820592393377723561443720769383374469661147847687812952081302854773939601805382211292725060150247698793015185569,-8549184770403174336989896426790475810978226265478911822991636705733245929264709669353833376481529472171878211878388096021887248218752190262190304701496201,13407807929942597099574024998205846127479365820592393377723561443720769383374469661147847687812952081302854773939601805382211292725060150247698793015185569,1,False,True
double,d->2d,6,12,0,-2509135416592785967208609159921164312694305642233312248635859578457036231226730960820181344817643315203521401078727829532570516128144362874421717242790324,13407807929942597099574024998205846127479365820592393377723561443720769383374469661147847687812952081302854773939601805382211292725060150247698793015185569,-2509135416592785967208609159921164312694305642233312248635859578457036231226727232227804169102842141711638015032705677966936156800675656467932816673153748,13407807929942597099574024998205846127479365820592393377723561443720769383374469661147847687812952081302854773939601805382211292725060150247698793015185569,1,False,False
double_and_add_+1,d->2d+1,6,13,1,-704194605957419270811247411750250192311277632408473015567949815052370505918437405916130377404713170550459891977297472452358389413709778392197374581879560,13407807929942597099574024998205846127479365820592393377723561443720769383374469661147847687812952081302854773939601805382211292725060150247698793015185569,-704194605957419270811247411750250192311277632408473015567949815052370505918289605966450316914825977681464243069049932533483690443998238252474787861309660,13407807929942597099574024998205846127479365820592393377723561443720769383374469661147847687812952081302854773939601805382211292725060150247698793015185569,2,False,False
negation,d->-d,6,115792089237316195423570985008687907852837564279074904382605163141518161494331,0,-41678037794284577000211640080323643889251450730089828834152348959306018449663,13407807929942597099574024998205846127479365820592393377723561443720769383374469661147847687812952081302854773939601805382211292725060150247698793015185569,41678037794284577000211640080323643889251450730089828834152348959306018449663,13407807929942597099574024998205846127479365820592393377723561443720769383374469661147847687812952081302854773939601805382211292725060150247698793015185569,78,True,True
glv_lambda,d->lambda*d,6,110516392941619785993986343892162214852728381053820617549094560115809826385771,0,-11642956100272532493419551344359019728652795950596118588992165623302335100177,115792089237316195423570985008687907853269984665640564039457584007908834671663,-11642956100272532493419551344359019728652795950596118588992165623302335100177,115792089237316195423570985008687907853269984665640564039457584007908834671663,1,False,False
add_constant_+1,d->d+1,7,8,1,-2395311978167680321421544568664187392173471215296420445806294348972873745544932945000747712793026472111000008045815398707296646742818373464492682611110699,13407807929942597099574024998205846127479365820592393377723561443720769383374469661147847687812952081302854773939601805382211292725060150247698793015185569,-2395311978167680321421544568664187392173471215296420445806294348972873745544919721453524461273792939815566205608539211283994168307112836807190606773795711,13407807929942597099574024998205846127479365820592393377723561443720769383374469661147847687812952081302854773939601805382211292725060150247698793015185569,1,False,False
double,d->2d,7,14,0,-1001261756649225423018418357095817177389077201346870383655519109538326951497487342016881083098526229141732756235924025736211303691338055457083378366744615,13407807929942597099574024998205846127479365820592393377723561443720769383374469661147847687812952081302854773939601805382211292725060150247698793015185569,-1001261756649225423018418357095817177389077201346870383655519109538326951497574041816819843606424347863107083291468830443023144892876260611901275945221417,13407807929942597099574024998205846127479365820592393377723561443720769383374469661147847687812952081302854773939601805382211292725060150247698793015185569,1,False,True
double_and_add_+1,d->2d+1,7,15,1,6433105149382345630558078410087840181047887834734557170613050476942555208700786798126306210771190184441883489385538735985583110096732022971036363943600012,13407807929942597099574024998205846127479365820592393377723561443720769383374469661147847687812952081302854773939601805382211292725060150247698793015185569,6433105149382345630558078410087840181047887834734557170613050476942555208700803808029625321938038491579044970132496242035516104477358678742649957629579920,13407807929942597099574024998205846127479365820592393377723561443720769383374469661147847687812952081302854773939601805382211292725060150247698793015185569,1,False,False
negation,d->-d,7,115792089237316195423570985008687907852837564279074904382605163141518161494330,0,19068555421613702087282960311654436253088749236866608976852001326873846690427,13407807929942597099574024998205846127479365820592393377723561443720769383374469661147847687812952081302854773939601805382211292725060150247698793015185569,-19068555421613702087282960311654436253088749236866608976852001326873846690427,13407807929942597099574024998205846127479365820592393377723561443720769383374469661147847687812952081302854773939601805382211292725060150247698793015185569,78,True,True
glv_lambda,d->lambda*d,7,32442384067459587473341580366949327450818474330228300155106017517179662871452,0,-32926091824479379880632075135039137056273377323779549680752391334757359762728,115792089237316195423570985008687907853269984665640564039457584007908834671663,-32926091824479379880632075135039137056273377323779549680752391334757359762728,115792089237316195423570985008687907853269984665640564039457584007908834671663,1,False,False
add_constant_+1,d->d+1,8,9,1,6589871540100315143302498161411000149860922173993841318824876819899554076941834604724145168456366319511483621615088462866091508089420074346425409779245030,13407807929942597099574024998205846127479365820592393377723561443720769383374469661147847687812952081302854773939601805382211292725060150247698793015185569,6589871540100315143302498161411000149860922173993841318824876819899554076941733378957219975821274613646277618330755565592082282495606821923454626066348416,13407807929942597099574024998205846127479365820592393377723561443720769383374469661147847687812952081302854773939601805382211292725060150247698793015185569,1,False,True
double,d->2d,8,16,0,9587333293433180487425793274696634519343209171641919205324861471030867980158065696553097578898530092228339327318681190248421894555036060311374081800534724,13407807929942597099574024998205846127479365820592393377723561443720769383374469661147847687812952081302854773939601805382211292725060150247698793015185569,9587333293433180487425793274696634519343209171641919205324861471030867980157924950733409869218125364374246097608215311843715036855864311401554403056221322,13407807929942597099574024998205846127479365820592393377723561443720769383374469661147847687812952081302854773939601805382211292725060150247698793015185569,1,False,True
double_and_add_+1,d->2d+1,8,17,1,9217053136425148364301563066920328760711534494931905785886536791156590050844092762249404524059027656925306839235778175835766387370637007736781416786763728,13407807929942597099574024998205846127479365820592393377723561443720769383374469661147847687812952081302854773939601805382211292725060150247698793015185569,9217053136425148364301563066920328760711534494931905785886536791156590050844116494506431757289968769050217653039818644909446184103141233585609589114084074,13407807929942597099574024998205846127479365820592393377723561443720769383374469661147847687812952081302854773939601805382211292725060150247698793015185569,1,False,True
negation,d->-d,8,115792089237316195423570985008687907852837564279074904382605163141518161494329,0,32292102644865221320815255745456873529276172539345044682388658628949684005415,13407807929942597099574024998205846127479365820592393377723561443720769383374469661147847687812952081302854773939601805382211292725060150247698793015185569,-32292102644865221320815255745456873529276172539345044682388658628949684005415,13407807929942597099574024998205846127479365820592393377723561443720769383374469661147847687812952081302854773939601805382211292725060150247698793015185569,78,True,True
glv_lambda,d->lambda*d,8,70160464430615584376267801850424347901746131885710887143722638060067660851470,0,11154982955636080840720191977021172169648066598949445904179435361016445969010,115792089237316195423570985008687907853269984665640564039457584007908834671663,11154982955636080840720191977021172169648066598949445904179435361016445969010,115792089237316195423570985008687907853269984665640564039457584007908834671663,1,False,False
add_constant_+1,d->d+1,9,10,1,-658200267657362359527636974590309347324929737813932190295663982508941674412975984435722319490217973342340834721992065940552440189518250941311847030833337,13407807929942597099574024998205846127479365820592393377723561443720769383374469661147847687812952081302854773939601805382211292725060150247698793015185569,-658200267657362359527636974590309347324929737813932190295663982508941674412915399928002072768687278818678472920760716631005713129334300436386321416804857,13407807929942597099574024998205846127479365820592393377723561443720769383374469661147847687812952081302854773939601805382211292725060150247698793015185569,2,False,False
double,d->2d,9,18,0,-4547389946439339682441097087018764421521662603765082526989162467870188269705199526717390798142455381449296451783045261292382620406536579374766344263335757,13407807929942597099574024998205846127479365820592393377723561443720769383374469661147847687812952081302854773939601805382211292725060150247698793015185569,-4547389946439339682441097087018764421521662603765082526989162467870188269705189587218848442232498660159242169709566391347128749376033499014148665457475983,13407807929942597099574024998205846127479365820592393377723561443720769383374469661147847687812952081302854773939601805382211292725060150247698793015185569,1,False,True
double_and_add_+1,d->2d+1,9,19,1,-6783670669615318613474483214349853025410968977898978307764666480245129095527851839264463577431184915762927810863466781121449326529553446953188359212598987,13407807929942597099574024998205846127479365820592393377723561443720769383374469661147847687812952081302854773939601805382211292725060150247698793015185569,-6783670669615318613474483214349853025410968977898978307764666480245129095527788250695612833297052823008463759337137697196119255900855736721703436785124689,13407807929942597099574024998205846127479365820592393377723561443720769383374469661147847687812952081302854773939601805382211292725060150247698793015185569,1,False,True
negation,d->-d,9,115792089237316195423570985008687907852837564279074904382605163141518161494328,0,-68933664280327413770890609460546410803621101469880549130863764341834028891199,13407807929942597099574024998205846127479365820592393377723561443720769383374469661147847687812952081302854773939601805382211292725060150247698793015185569,68933664280327413770890609460546410803621101469880549130863764341834028891199,13407807929942597099574024998205846127479365820592393377723561443720769383374469661147847687812952081302854773939601805382211292725060150247698793015185569,77,True,True
glv_lambda,d->lambda*d,9,107878544793771581279194023333899368352673789441193474132339258602955658831488,0,-16793003951313775018001034355782054561405098282957896610147668196480810914412,115792089237316195423570985008687907853269984665640564039457584007908834671663,-16793003951313775018001034355782054561405098282957896610147668196480810914412,115792089237316195423570985008687907853269984665640564039457584007908834671663,1,False,False
add_constant_+1,d->d+1,10,11,1,-2145788777412943796322114100654523101091746310564881294435566772510542513926868016095128516810886852169585959083206504721349145094052443104515725078643456,13407807929942597099574024998205846127479365820592393377723561443720769383374469661147847687812952081302854773939601805382211292725060150247698793015185569,-2145788777412943796322114100654523101091746310564881294435566772510542513926940647284545769782931950783151628733297645768221364657993245402076574720589192,13407807929942597099574024998205846127479365820592393377723561443720769383374469661147847687812952081302854773939601805382211292725060150247698793015185569,1,False,False
double,d->2d,10,20,0,-4367153666774718711308521705493033577296178978107194697441050164663204537917677511525565925927768870246366485653085994023200828632778756503876203333663341,13407807929942597099574024998205846127479365820592393377723561443720769383374469661147847687812952081302854773939601805382211292725060150247698793015185569,-4367153666774718711308521705493033577296178978107194697441050164663204537917570311345858015769981837233010829713122758295909773672122015278131375984255283,13407807929942597099574024998205846127479365820592393377723561443720769383374469661147847687812952081302854773939601805382211292725060150247698793015185569,1,False,True
double_and_add_+1,d->2d+1,10,21,1,-5608863963687335071295526905834946392274924494683866882372741752546871645081422118883044958134618774699028303599862234974722864513973342888334940634789561,13407807929942597099574024998205846127479365820592393377723561443720769383374469661147847687812952081302854773939601805382211292725060150247698793015185569,-5608863963687335071295526905834946392274924494683866882372741752546871645081343317417953440553439167190861239170012766422040233104537226433409999612876835,13407807929942597099574024998205846127479365820592393377723561443720769383374469661147847687812952081302854773939601805382211292725060150247698793015185569,1,False,True
negation,d->-d,10,115792089237316195423570985008687907852837564279074904382605163141518161494327,0,-8349156560080692240196085798184609572271791923153488946913259416308414862719,13407807929942597099574024998205846127479365820592393377723561443720769383374469661147847687812952081302854773939601805382211292725060150247698793015185569,8349156560080692240196085798184609572271791923153488946913259416308414862719,13407807929942597099574024998205846127479365820592393377723561443720769383374469661147847687812952081302854773939601805382211292725060150247698793015185569,79,True,True
glv_lambda,d->lambda*d,10,29804535919611382758549259808686480950763882717601156738350716004325495317169,0,-54936845015639693792080023758298351769591619203427846002079089815353901402526,115792089237316195423570985008687907853269984665640564039457584007908834671663,-54936845015639693792080023758298351769591619203427846002079089815353901402526,115792089237316195423570985008687907853269984665640564039457584007908834671663,1,False,False
add_constant_+1,d->d+1,11,12,1,4649478836948059703750084749367331189013145712926992186068425411369013554980981795934321310580738629680191969115728113192390412465387824901949612265188429,13407807929942597099574024998205846127479365820592393377723561443720769383374469661147847687812952081302854773939601805382211292725060150247698793015185569,4649478836948059703750084749367331189013145712926992186068425411369013554981024826834881535382824886231358885777524426146090055016910094516456364873183797,13407807929942597099574024998205846127479365820592393377723561443720769383374469661147847687812952081302854773939601805382211292725060150247698793015185569,1,False,False
double,d->2d,11,22,0,-2784741305379259704702670212682146886526422158345534223149421132962334506548781768405872803641255492031461900222147272012527056164628098360018586292112027,13407807929942597099574024998205846127479365820592393377723561443720769383374469661147847687812952081302854773939601805382211292725060150247698793015185569,-2784741305379259704702670212682146886526422158345534223149421132962334506548624407060113738979746288116063660652821423782167954027350619643716833516064103,13407807929942597099574024998205846127479365820592393377723561443720769383374469661147847687812952081302854773939601805382211292725060150247698793015185569,1,False,False
double_and_add_+1,d->2d+1,11,23,1,-3753114686585801736857414830082805949404780243187445772168169453746623495229864174305594983283978425342545321264036771381794451127370449216586530971989608,13407807929942597099574024998205846127479365820592393377723561443720769383374469661147847687812952081302854773939601805382211292725060150247698793015185569,-3753114686585801736857414830082805949404780243187445772168169453746623495229669995828343692915883647560453387134573850833767478316363192052512765707527424,13407807929942597099574024998205846127479365820592393377723561443720769383374469661147847687812952081302854773939601805382211292725060150247698793015185569,1,False,False
negation,d->-d,11,115792089237316195423570985008687907852837564279074904382605163141518161494326,0,-80980345977333664285294699363854259663412838795373052887715556977158056808455,13407807929942597099574024998205846127479365820592393377723561443720769383374469661147847687812952081302854773939601805382211292725060150247698793015185569,80980345977333664285294699363854259663412838795373052887715556977158056808455,13407807929942597099574024998205846127479365820592393377723561443720769383374469661147847687812952081302854773939601805382211292725060150247698793015185569,77,True,True
glv_lambda,d->lambda*d,11,67522616282767379661475481292161501401691540273083743726967336547213493297187,0,-16887663338419372933034462622926378236674938860309375834399372737077204446180,115792089237316195423570985008687907853269984665640564039457584007908834671663,-16887663338419372933034462622926378236674938860309375834399372737077204446180,115792089237316195423570985008687907853269984665640564039457584007908834671663,1,False,False
add_constant_+1,d->d+1,12,13,1,1804940810635366696397361748170914120383028009824839233067909763404665725308293554904050967412930144653061509101430357080212126714434584482224342660910764,13407807929942597099574024998205846127479365820592393377723561443720769383374469661147847687812952081302854773939601805382211292725060150247698793015185569,1804940810635366696397361748170914120383028009824839233067909763404665725308437626261353852188016164030173771963655745433452466356677418215458028811844088,13407807929942597099574024998205846127479365820592393377723561443720769383374469661147847687812952081302854773939601805382211292725060150247698793015185569,1,False,False
double,d->2d,12,24,0,2429199772733752395261493901961957730966401613641963052425802311384486076158351479678437415147884215794930830525720613436460445300869368837154109998336484,13407807929942597099574024998205846127479365820592393377723561443720769383374469661147847687812952081302854773939601805382211292725060150247698793015185569,2429199772733752395261493901961957730966401613641963052425802311384486076158410850846636180696169554386641636933936813735487288250376543445675535672296628,13407807929942597099574024998205846127479365820592393377723561443720769383374469661147847687812952081302854773939601805382211292725060150247698793015185569,1,False,False
double_and_add_+1,d->2d+1,12,25,1,-3235936999633074055813975728747048122642423225714968821281869366335509379320194491102174799313082687396036999783613864080147508423517428423651131986305791,13407807929942597099574024998205846127479365820592393377723561443720769383374469661147847687812952081302854773939601805382211292725060150247698793015185569,-3235936999633074055813975728747048122642423225714968821281869366335509379320144786595259505430615426246947098075350581389594420284989457113333041567532213,13407807929942597099574024998205846127479365820592393377723561443720769383374469661147847687812952081302854773939601805382211292725060150247698793015185569,1,False,True
negation,d->-d,12,115792089237316195423570985008687907852837564279074904382605163141518161494325,0,-37949445417108862199038148196937597867099885095730501365445942470405448813087,13407807929942597099574024998205846127479365820592393377723561443720769383374469661147847687812952081302854773939601805382211292725060150247698793015185569,37949445417108862199038148196937597867099885095730501365445942470405448813087,13407807929942597099574024998205846127479365820592393377723561443720769383374469661147847687812952081302854773939601805382211292725060150247698793015185569,78,True,True
glv_lambda,d->lambda*d,12,105240696645923376564401702775636521852619197828566330715583957090101491277205,0,-32439269612417172036478775416395438883825588856663322146604656861016098689653,115792089237316195423570985008687907853269984665640564039457584007908834671663,-32439269612417172036478775416395438883825588856663322146604656861016098689653,115792089237316195423570985008687907853269984665640564039457584007908834671663,1,False,False
add_constant_+1,d->d+1,13,14,1,-8846251921094980489197067372136042796056025834417309191079206000219202374843820352047799980454430025363543054217156989505707118934191471677362488351501346,13407807929942597099574024998205846127479365820592393377723561443720769383374469661147847687812952081302854773939601805382211292725060150247698793015185569,-8846251921094980489197067372136042796056025834417309191079206000219202374843994105204202903173127842353521052100806993931426702667630212621616792785407958,13407807929942597099574024998205846127479365820592393377723561443720769383374469661147847687812952081302854773939601805382211292725060150247698793015185569,1,False,False
double,d->2d,13,26,0,-7332323077612021530597233074416855116130608278736191972492887269300165538092337493206997549950675507329247959757969408650631808178462920785510263674003359,13407807929942597099574024998205846127479365820592393377723561443720769383374469661147847687812952081302854773939601805382211292725060150247698793015185569,-7332323077612021530597233074416855116130608278736191972492887269300165538092385567162679338111394517010147710627207603793795401668839307433131843681378149,13407807929942597099574024998205846127479365820592393377723561443720769383374469661147847687812952081302854773939601805382211292725060150247698793015185569,1,False,True
double_and_add_+1,d->2d+1,13,27,1,-1236143369601050717750901689314602572089526742319665379716516417452344519841401126976429941509078130435806389409900787231822625762277592981991504977176957,13407807929942597099574024998205846127479365820592393377723561443720769383374469661147847687812952081302854773939601805382211292725060150247698793015185569,-1236143369601050717750901689314602572089526742319665379716516417452344519841542182302322370486206951291214943799145948212816957845476097942993835243210533,13407807929942597099574024998205846127479365820592393377723561443720769383374469661147847687812952081302854773939601805382211292725060150247698793015185569,1,False,False
negation,d->-d,13,115792089237316195423570985008687907852837564279074904382605163141518161494324,0,106121911885775912886981228915325264358288468144609140877387790763280702120237,13407807929942597099574024998205846127479365820592393377723561443720769383374469661147847687812952081302854773939601805382211292725060150247698793015185569,-106121911885775912886981228915325264358288468144609140877387790763280702120237,13407807929942597099574024998205846127479365820592393377723561443720769383374469661147847687812952081302854773939601805382211292725060150247698793015185569,77,True,True
glv_lambda,d->lambda*d,13,27166687771763178043756939250423634450709291104974013321595414491471327762886,0,-554980087850978713047894543649751857302435056924994835408317212748433892400,115792089237316195423570985008687907853269984665640564039457584007908834671663,-554980087850978713047894543649751857302435056924994835408317212748433892400,115792089237316195423570985008687907853269984665640564039457584007908834671663,3,False,False
add_constant_+1,d->d+1,14,15,1,7434366906031571053576496767183657358436965036081427554268569586480882160198274140143187293869716413583616245621462761721794413788070078428119742310344627,13407807929942597099574024998205846127479365820592393377723561443720769383374469661147847687812952081302854773939601805382211292725060150247698793015185569,7434366906031571053576496767183657358436965036081427554268569586480882160198377849846445165544462839442152053423965072478539249370234939354551233574801337,13407807929942597099574024998205846127479365820592393377723561443720769383374469661147847687812952081302854773939601805382211292725060150247698793015185569,1,False,True
double,d->2d,14,28,0,643943880485900973779135977198872313260415893839040624224190927719220789426670589729135136190142455407289510936388962279568300671961113186941254673581993,13407807929942597099574024998205846127479365820592393377723561443720769383374469661147847687812952081302854773939601805382211292725060150247698793015185569,643943880485900973779135977198872313260415893839040624224190927719220789426740420998058818407102564531212504819906415991495387982417850756210481304567503,13407807929942597099574024998205846127479365820592393377723561443720769383374469661147847687812952081302854773939601805382211292725060150247698793015185569,1,False,True
double_and_add_+1,d->2d+1,14,29,1,6425092886504407449554695165434935886944449375732430649384968303495116962495742002994857719553440631046598061930032412897936306837572776237025195230446464,13407807929942597099574024998205846127479365820592393377723561443720769383374469661147847687812952081302854773939601805382211292725060150247698793015185569,6425092886504407449554695165434935886944449375732430649384968303495116962495895483069259906394780328883449065680031815658449203206087992453456304106436914,13407807929942597099574024998205846127479365820592393377723561443720769383374469661147847687812952081302854773939601805382211292725060150247698793015185569,1,False,True
negation,d->-d,14,115792089237316195423570985008687907852837564279074904382605163141518161494323,0,-67631244517146805810835761062672619291715957574974592561353153491023731786375,13407807929942597099574024998205846127479365820592393377723561443720769383374469661147847687812952081302854773939601805382211292725060150247698793015185569,67631244517146805810835761062672619291715957574974592561353153491023731786375,13407807929942597099574024998205846127479365820592393377723561443720769383374469661147847687812952081302854773939601805382211292725060150247698793015185569,76,True,True
glv_lambda,d->lambda*d,14,64884768134919174946683160733898654901636948660456600310212035034359325742904,0,22365540205379298121205369885897612264863090353800952777216522699254414217332,115792089237316195423570985008687907853269984665640564039457584007908834671663,22365540205379298121205369885897612264863090353800952777216522699254414217332,115792089237316195423570985008687907853269984665640564039457584007908834671663,1,False,False
add_constant_+1,d->d+1,15,16,1,758916165883154535446170295944606946121850121610941588905516645115439025912345953426043655334313435675455829887327055555542137715485663875845035245824013,13407807929942597099574024998205846127479365820592393377723561443720769383374469661147847687812952081302854773939601805382211292725060150247698793015185569,758916165883154535446170295944606946121850121610941588905516645115439025912201421250260086006293932979634921867179858524204764071392795851713838652845691,13407807929942597099574024998205846127479365820592393377723561443720769383374469661147847687812952081302854773939601805382211292725060150247698793015185569,2,False,True
double,d->2d,15,30,0,-5572798018368498566476831111688756933398980302842602993488851128214979392701655057804821622242521598552981609793640495191283416029905275956687257553391343,13407807929942597099574024998205846127479365820592393377723561443720769383374469661147847687812952081302854773939601805382211292725060150247698793015185569,-5572798018368498566476831111688756933398980302842602993488851128214979392701731590638904106985527484804056889894775537126992923000332304195536246226487861,13407807929942597099574024998205846127479365820592393377723561443720769383374469661147847687812952081302854773939601805382211292725060150247698793015185569,1,False,True
double_and_add_+1,d->2d+1,15,31,1,-5731286069761092588325778272989527486008281321705383768532045085181789383057012565227721755726232130265068884179821210967181143856784658994477104395032668,13407807929942597099574024998205846127479365820592393377723561443720769383374469661147847687812952081302854773939601805382211292725060150247698793015185569,-5731286069761092588325778272989527486008281321705383768532045085181789383057135610759913590111814899767173894185235388854911646542365481356020927723722416,13407807929942597099574024998205846127479365820592393377723561443720769383374469661147847687812952081302854773939601805382211292725060150247698793015185569,1,False,False
negation,d->-d,15,115792089237316195423570985008687907852837564279074904382605163141518161494322,0,36078458740724868935590097473135183210594799169860989603507772940467532670335,13407807929942597099574024998205846127479365820592393377723561443720769383374469661147847687812952081302854773939601805382211292725060150247698793015185569,-36078458740724868935590097473135183210594799169860989603507772940467532670335,13407807929942597099574024998205846127479365820592393377723561443720769383374469661147847687812952081302854773939601805382211292725060150247698793015185569,78,True,True
glv_lambda,d->lambda*d,15,102602848498075171849609382217373675352564606215939187298828655577247323722922,0,-39441743114152654358382238515243989380159789776819396354246779775194644632666,115792089237316195423570985008687907853269984665640564039457584007908834671663,-39441743114152654358382238515243989380159789776819396354246779775194644632666,115792089237316195423570985008687907853269984665640564039457584007908834671663,1,False,False
add_constant_+1,d->d+1,16,17,1,-370280157008032123124230207776305758631674676710013419438324679874277929313972934303693054839502435303032488082903014412655507184399052574592665013770996,13407807929942597099574024998205846127479365820592393377723561443720769383374469661147847687812952081302854773939601805382211292725060150247698793015185569,-370280157008032123124230207776305758631674676710013419438324679874277929313808456226978111928156595324028444568396666934268852752723077815944813942137248,13407807929942597099574024998205846127479365820592393377723561443720769383374469661147847687812952081302854773939601805382211292725060150247698793015185569,2,False,False
double,d->2d,16,32,0,-998017106430490988300806180159830765174936577981237757595695699453700095456410448654541129807374347624984260533065817066380316460957460126899106617576115,13407807929942597099574024998205846127479365820592393377723561443720769383374469661147847687812952081302854773939601805382211292725060150247698793015185569,-998017106430490988300806180159830765174936577981237757595695699453700095456321004632981357952945504020450591733853953173326889608192356608788591209828323,13407807929942597099574024998205846127479365820592393377723561443720769383374469661147847687812952081302854773939601805382211292725060150247698793015185569,2,False,False
double_and_add_+1,d->2d+1,16,33,1,-10865980903506247889363814690580701847649592096389760146821706162185042257549388064397443538351091164334450039446879939378016015710275618038460711028563478,13407807929942597099574024998205846127479365820592393377723561443720769383374469661147847687812952081302854773939601805382211292725060150247698793015185569,-10865980903506247889363814690580701847649592096389760146821706162185042257549331865526648362912436905613580300501119236323015119491909029976072568692937984,13407807929942597099574024998205846127479365820592393377723561443720769383374469661147847687812952081302854773939601805382211292725060150247698793015185569,1,False,True
negation,d->-d,16,115792089237316195423570985008687907852837564279074904382605163141518161494321,0,-108453717042844459083912598347772836936602232167512654489360251190729060307987,13407807929942597099574024998205846127479365820592393377723561443720769383374469661147847687812952081302854773939601805382211292725060150247698793015185569,108453717042844459083912598347772836936602232167512654489360251190729060307987,13407807929942597099574024998205846127479365820592393377723561443720769383374469661147847687812952081302854773939601805382211292725060150247698793015185569,77,True,True
glv_lambda,d->lambda*d,16,24528839623914973328964618692160787950654699492346869904840112978617160208603,0,-60414405698758828699277497984990074546902724902012229003010296207208345510849,115792089237316195423570985008687907853269984665640564039457584007908834671663,-60414405698758828699277497984990074546902724902012229003010296207208345510849,115792089237316195423570985008687907853269984665640564039457584007908834671663,1,False,False
add_constant_+1,d->d+1,17,18,1,-7174571542764172903440161992528093032372274924703146994050822439127224243607457684242650153745116718863119669403734974262057499687753512765122351270854455,13407807929942597099574024998205846127479365820592393377723561443720769383374469661147847687812952081302854773939601805382211292725060150247698793015185569,-7174571542764172903440161992528093032372274924703146994050822439127224243607572702768060223701192815563182204418629470664492650983567910676303628505211641,13407807929942597099574024998205846127479365820592393377723561443720769383374469661147847687812952081302854773939601805382211292725060150247698793015185569,1,False,True
double,d->2d,17,34,0,-10217760874666985634299768962963356227206461420845549495223507544082241471149825884599021898852478324091417579816737726845020742306802261773980740039780715,13407807929942597099574024998205846127479365820592393377723561443720769383374469661147847687812952081302854773939601805382211292725060150247698793015185569,-10217760874666985634299768962963356227206461420845549495223507544082241471149938661070835830873622556788782885224094378932946577721153351993472977733480303,13407807929942597099574024998205846127479365820592393377723561443720769383374469661147847687812952081302854773939601805382211292725060150247698793015185569,1,False,False
double_and_add_+1,d->2d+1,17,35,1,-6632310767872733318523902981032276861478144093482119166466659060175034197572879612864880140147998323286756617024736178042573060806907121588348090092990595,13407807929942597099574024998205846127479365820592393377723561443720769383374469661147847687812952081302854773939601805382211292725060150247698793015185569,-6632310767872733318523902981032276861478144093482119166466659060175034197572822188598154612076213637540200496627111013822155315450433959365943045706150439,13407807929942597099574024998205846127479365820592393377723561443720769383374469661147847687812952081302854773939601805382211292725060150247698793015185569,1,False,False
negation,d->-d,17,115792089237316195423570985008687907852837564279074904382605163141518161494320,0,56024359672098452261927380656270677569745246219141777186614507457122011325761,13407807929942597099574024998205846127479365820592393377723561443720769383374469661147847687812952081302854773939601805382211292725060150247698793015185569,-56024359672098452261927380656270677569745246219141777186614507457122011325761,13407807929942597099574024998205846127479365820592393377723561443720769383374469661147847687812952081302854773939601805382211292725060150247698793015185569,77,True,True
glv_lambda,d->lambda*d,17,62246919987070970231890840175635808401582357047829456893456733521505158188621,0,-12701104605284685594028620885988305470371054556639522857891005155502971293035,115792089237316195423570985008687907853269984665640564039457584007908834671663,-12701104605284685594028620885988305470371054556639522857891005155502971293035,115792089237316195423570985008687907853269984665640564039457584007908834671663,1,False,False
add_constant_+1,d->d+1,18,19,1,-2236280723175978931033386127331088603889306374133895780775504012374940825822652312547072779288729534313631359080421519829066706123016867578422014949263230,13407807929942597099574024998205846127479365820592393377723561443720769383374469661147847687812952081302854773939601805382211292725060150247698793015185569,-2236280723175978931033386127331088603889306374133895780775504012374940825822598663476764391064554162849221589627571305848990506524822237707554771327648706,13407807929942597099574024998205846127479365820592393377723561443720769383374469661147847687812952081302854773939601805382211292725060150247698793015185569,1,False,False
double,d->2d,18,36,0,7239069706557912193481277036597021197911665665720672140257551699971303123877819879013174050444416425847793740656578379350288674425524356381037529956882839,13407807929942597099574024998205846127479365820592393377723561443720769383374469661147847687812952081302854773939601805382211292725060150247698793015185569,7239069706557912193481277036597021197911665665720672140257551699971303123877887169072619991964249186806145638642650349853761868233463984378893194853420271,13407807929942597099574024998205846127479365820592393377723561443720769383374469661147847687812952081302854773939601805382211292725060150247698793015185569,1,False,False
double_and_add_+1,d->2d+1,18,37,1,671037577895881968057756645245456660624432602497865430302351346011475068016275035873667694267996376789994228054533448547536766431858606615988271603930902,13407807929942597099574024998205846127479365820592393377723561443720769383374469661147847687812952081302854773939601805382211292725060150247698793015185569,671037577895881968057756645245456660624432602497865430302351346011475068016333139455443551374722122155947224414798644985479521265235651383132690149659752,13407807929942597099574024998205846127479365820592393377723561443720769383374469661147847687812952081302854773939601805382211292725060150247698793015185569,2,False,True
negation,d->-d,18,115792089237316195423570985008687907852837564279074904382605163141518161494319,0,-58994165737971503814169319406264337324751156216009518627783403724155223031425,13407807929942597099574024998205846127479365820592393377723561443720769383374469661147847687812952081302854773939601805382211292725060150247698793015185569,58994165737971503814169319406264337324751156216009518627783403724155223031425,13407807929942597099574024998205846127479365820592393377723561443720769383374469661147847687812952081302854773939601805382211292725060150247698793015185569,78,True,True
glv_lambda,d->lambda*d,18,99965000350226967134817061659110828852510014603312043882073354064393156168639,0,-10623406373485818904626546265681646164352453198583550514618342565105602474114,115792089237316195423570985008687907853269984665640564039457584007908834671663,-10623406373485818904626546265681646164352453198583550514618342565105602474114,115792089237316195423570985008687907853269984665640564039457584007908834671663,1,False,False
add_constant_+1,d->d+1,19,20,1,1758316735183237542638324534266510100789860261977851420027952333072982883197198343303175332013198072174220490488388721157696057707256439508000308848102309,13407807929942597099574024998205846127479365820592393377723561443720769383374469661147847687812952081302854773939601805382211292725060150247698793015185569,1758316735183237542638324534266510100789860261977851420027952333072982883197302539421752744758383706956774456703254222269203769099399421007185739384064549,13407807929942597099574024998205846127479365820592393377723561443720769383374469661147847687812952081302854773939601805382211292725060150247698793015185569,1,False,False
double,d->2d,19,38,0,7295366649804256496773568090525906938219091744289017375500431673434846586565792218271040542524456875342574390023868048698857892787777789764193007814580495,13407807929942597099574024998205846127479365820592393377723561443720769383374469661147847687812952081302854773939601805382211292725060150247698793015185569,7295366649804256496773568090525906938219091744289017375500431673434846586565720650967084863716265825755503284603940209949920887518764939100818532358814203,13407807929942597099574024998205846127479365820592393377723561443720769383374469661147847687812952081302854773939601805382211292725060150247698793015185569,1,False,False
double_and_add_+1,d->2d+1,19,39,1,4476241907345663200473624959486192585512402415147664522541547390655878987331904970498422772211251195793215751471368736278160591126369721084223284892663437,13407807929942597099574024998205846127479365820592393377723561443720769383374469661147847687812952081302854773939601805382211292725060150247698793015185569,4476241907345663200473624959486192585512402415147664522541547390655878987332000579610727090820136247634349011863051483085788574353018240408579634561911437,13407807929942597099574024998205846127479365820592393377723561443720769383374469661147847687812952081302854773939601805382211292725060150247698793015185569,1,False,False
negation,d->-d,19,115792089237316195423570985008687907852837564279074904382605163141518161494318,0,-5345095429583279638797854996494884474537176139809920433153532856911601416901,13407807929942597099574024998205846127479365820592393377723561443720769383374469661147847687812952081302854773939601805382211292725060150247698793015185569,5345095429583279638797854996494884474537176139809920433153532856911601416901,13407807929942597099574024998205846127479365820592393377723561443720769383374469661147847687812952081302854773939601805382211292725060150247698793015185569,78,True,True
glv_lambda,d->lambda*d,19,21890991476066768614172298133897941450600107879719726488084811465762992654320,0,18838964764235399307292063615136055961475294246399274544200698370021855792125,115792089237316195423570985008687907853269984665640564039457584007908834671663,18838964764235399307292063615136055961475294246399274544200698370021855792125,115792089237316195423570985008687907853269984665640564039457584007908834671663,1,False,False
add_constant_+1,d->d+1,20,21,1,-1241710296912616359987005200341912814978745516576672184931691587883667107163744607357479032206849904452661817946776240951522035881194586384458737301126220,13407807929942597099574024998205846127479365820592393377723561443720769383374469661147847687812952081302854773939601805382211292725060150247698793015185569,-1241710296912616359987005200341912814978745516576672184931691587883667107163773006072095424783457329957850409456890008126130459432415211155278623628621552,13407807929942597099574024998205846127479365820592393377723561443720769383374469661147847687812952081302854773939601805382211292725060150247698793015185569,1,False,False
double,d->2d,20,40,0,3613226759503416504046995984576646707675934343193929640957096552492186990473816664882415911894430666263297034560147187021214609410975365930614835897414059,13407807929942597099574024998205846127479365820592393377723561443720769383374469661147847687812952081302854773939601805382211292725060150247698793015185569,3613226759503416504046995984576646707675934343193929640957096552492186990473620457179976454213051647057856380786129824319533893607694235237506325269608685,13407807929942597099574024998205846127479365820592393377723561443720769383374469661147847687812952081302854773939601805382211292725060150247698793015185569,1,False,True
double_and_add_+1,d->2d+1,20,41,1,2393331144055107433211093746384309731539361220731070374757168167012186812615416544394063482168666170323561880879938596739903526202066874496855906145665561,13407807929942597099574024998205846127479365820592393377723561443720769383374469661147847687812952081302854773939601805382211292725060150247698793015185569,2393331144055107433211093746384309731539361220731070374757168167012186812615421674975589642516825118964481588065361059570300041036522480850092676602800799,13407807929942597099574024998205846127479365820592393377723561443720769383374469661147847687812952081302854773939601805382211292725060150247698793015185569,1,False,True
negation,d->-d,20,115792089237316195423570985008687907852837564279074904382605163141518161494317,0,98851023147829465546836927557471330390963935367901471709827966328518934545339,13407807929942597099574024998205846127479365820592393377723561443720769383374469661147847687812952081302854773939601805382211292725060150247698793015185569,-98851023147829465546836927557471330390963935367901471709827966328518934545339,13407807929942597099574024998205846127479365820592393377723561443720769383374469661147847687812952081302854773939601805382211292725060150247698793015185569,78,True,True
glv_lambda,d->lambda*d,20,59609071839222765517098519617372961901527765435202313476701432008650990634338,0,51492320912520748756088779378848493830713089833423252332996572112558677262481,115792089237316195423570985008687907853269984665640564039457584007908834671663,51492320912520748756088779378848493830713089833423252332996572112558677262481,115792089237316195423570985008687907853269984665640564039457584007908834671663,1,False,False
add_constant_+1,d->d+1,21,22,1,678333880895131570270742592498276404656756025773451364787753847073994624605772334382043637682476430497980444294508458240846663255292801423800629264034078,13407807929942597099574024998205846127479365820592393377723561443720769383374469661147847687812952081302854773939601805382211292725060150247698793015185569,678333880895131570270742592498276404656756025773451364787753847073994624605778263073293931790760928291645949783893696871650914419193361387616591376223540,13407807929942597099574024998205846127479365820592393377723561443720769383374469661147847687812952081302854773939601805382211292725060150247698793015185569,2,False,True
double,d->2d,21,42,0,10547145369382980426049501972851764231312622824062405701260019957172912325247933783580514299796777439076387291127476924035628477918603008733292470524421422,13407807929942597099574024998205846127479365820592393377723561443720769383374469661147847687812952081302854773939601805382211292725060150247698793015185569,10547145369382980426049501972851764231312622824062405701260019957172912325247972164289708619423228928945845909737024440834342507467024418908068886350097630,13407807929942597099574024998205846127479365820592393377723561443720769383374469661147847687812952081302854773939601805382211292725060150247698793015185569,1,False,False
double_and_add_+1,d->2d+1,21,43,1,8379302605717732306320800101141842492818309310753691098504026990289978696166628122598897735415263956208179400583338849256863758766529608565475058681685875,13407807929942597099574024998205846127479365820592393377723561443720769383374469661147847687812952081302854773939601805382211292725060150247698793015185569,8379302605717732306320800101141842492818309310753691098504026990289978696166457429089760734761309816243736342838200611932878078763442589904270397608732709,13407807929942597099574024998205846127479365820592393377723561443720769383374469661147847687812952081302854773939601805382211292725060150247698793015185569,1,False,True
negation,d->-d,21,115792089237316195423570985008687907852837564279074904382605163141518161494316,0,70452308531436888939411422368879820277196760759477920489203195508632607050007,13407807929942597099574024998205846127479365820592393377723561443720769383374469661147847687812952081302854773939601805382211292725060150247698793015185569,-70452308531436888939411422368879820277196760759477920489203195508632607050007,13407807929942597099574024998205846127479365820592393377723561443720769383374469661147847687812952081302854773939601805382211292725060150247698793015185569,78,True,True
glv_lambda,d->lambda*d,21,97327152202378762420024741100847982352455422990684900465318052551538988614356,0,23016659916541056988544337436995668164958570117001988221791229341960806163040,115792089237316195423570985008687907853269984665640564039457584007908834671663,23016659916541056988544337436995668164958570117001988221791229341960806163040,115792089237316195423570985008687907853269984665640564039457584007908834671663,1,False,False
add_constant_+1,d->d+1,22,23,1,-968373381206542032154744617400659062878358084841911549018748320784288988681082405899722179642722933311083421041889499369267394962742350856567944679877581,13407807929942597099574024998205846127479365820592393377723561443720769383374469661147847687812952081302854773939601805382211292725060150247698793015185569,-968373381206542032154744617400659062878358084841911549018748320784288988681045588768229953936137359444389726481752427051599524289012572408795932191463321,13407807929942597099574024998205846127479365820592393377723561443720769383374469661147847687812952081302854773939601805382211292725060150247698793015185569,1,False,False
double,d->2d,22,44,0,1408574944555380579330907067472324132685042123469405935034197717795365649085917102375171812985838271925915581910314574442753840747460405062762039520532014,13407807929942597099574024998205846127479365820592393377723561443720769383374469661147847687812952081302854773939601805382211292725060150247698793015185569,1408574944555380579330907067472324132685042123469405935034197717795365649085758246149136226314101561428313783066008892208623890392295534006163831236128352,13407807929942597099574024998205846127479365820592393377723561443720769383374469661147847687812952081302854773939601805382211292725060150247698793015185569,1,False,True
double_and_add_+1,d->2d+1,22,45,1,-3223457930538187395774344527354740439541657904995230425937895589292227699887258665752361153451382379499923876442923031187064148924685620644461733451395838,13407807929942597099574024998205846127479365820592393377723561443720769383374469661147847687812952081302854773939601805382211292725060150247698793015185569,-3223457930538187395774344527354740439541657904995230425937895589292227699887325602060896448101916621422012107455360657520581881643017317532440253552549168,13407807929942597099574024998205846127479365820592393377723561443720769383374469661147847687812952081302854773939601805382211292725060150247698793015185569,1,False,True
negation,d->-d,22,115792089237316195423570985008687907852837564279074904382605163141518161494315,0,76380999781730997223909216034385309662435391563729084389763159324594719239469,13407807929942597099574024998205846127479365820592393377723561443720769383374469661147847687812952081302854773939601805382211292725060150247698793015185569,-76380999781730997223909216034385309662435391563729084389763159324594719239469,13407807929942597099574024998205846127479365820592393377723561443720769383374469661147847687812952081302854773939601805382211292725060150247698793015185569,77,True,True
glv_lambda,d->lambda*d,22,19253143328218563899379977575635094950545516267092583071329509952908825100037,0,29245523774166202228123007240789779334251084211746085786565246782221603607514,115792089237316195423570985008687907853269984665640564039457584007908834671663,29245523774166202228123007240789779334251084211746085786565246782221603607514,115792089237316195423570985008687907853269984665640564039457584007908834671663,1,False,False
add_constant_+1,d->d+1,23,24,1,10831793296267613835868993481412094869384327569756401010662397176500123126369197449918353709012601270817668120905485498010645308893627642955690253235514521,13407807929942597099574024998205846127479365820592393377723561443720769383374469661147847687812952081302854773939601805382211292725060150247698793015185569,10831793296267613835868993481412094869384327569756401010662397176500123126369105673509861408994878088178453909846035090715344821583649830014644666253007849,13407807929942597099574024998205846127479365820592393377723561443720769383374469661147847687812952081302854773939601805382211292725060150247698793015185569,1,False,False
double,d->2d,23,46,0,10530216228171076388759564242706292523588579315675484601689292930646030289958950200208796668742959514584896406910023495919763955966557770220305906270126660,13407807929942597099574024998205846127479365820592393377723561443720769383374469661147847687812952081302854773939601805382211292725060150247698793015185569,10530216228171076388759564242706292523588579315675484601689292930646030289958781315947766034665836050379127016395707288261978708373687434618023179787794700,13407807929942597099574024998205846127479365820592393377723561443720769383374469661147847687812952081302854773939601805382211292725060150247698793015185569,1,False,False
double_and_add_+1,d->2d+1,23,47,1,3787338725267312725240805973446454386088440518662773495258986445344097720945941137056687146397246402231523639549685089215317777764164251038865561219872810,13407807929942597099574024998205846127479365820592393377723561443720769383374469661147847687812952081302854773939601805382211292725060150247698793015185569,3787338725267312725240805973446454386088440518662773495258986445344097720945808436630864056905604652528823289462328789560686954349444007904351444305441100,13407807929942597099574024998205846127479365820592393377723561443720769383374469661147847687812952081302854773939601805382211292725060150247698793015185569,1,False,True
negation,d->-d,23,115792089237316195423570985008687907852837564279074904382605163141518161494314,0,113198131273956703809483082728079869799507709231599758119541607096607207653729,13407807929942597099574024998205846127479365820592393377723561443720769383374469661147847687812952081302854773939601805382211292725060150247698793015185569,-113198131273956703809483082728079869799507709231599758119541607096607207653729,13407807929942597099574024998205846127479365820592393377723561443720769383374469661147847687812952081302854773939601805382211292725060150247698793015185569,77,True,True
glv_lambda,d->lambda*d,23,56971223691374560802306199059110115401473173822575170059946130495796823080055,0,62981387573605838290815571673915025657034797022455516321745598625697771709629,115792089237316195423570985008687907853269984665640564039457584007908834671663,62981387573605838290815571673915025657034797022455516321745598625697771709629,115792089237316195423570985008687907853269984665640564039457584007908834671663,1,False,False
add_constant_+1,d->d+1,24,25,1,-5665136772366826451075469630709005853608824839356931873707671677719995455478545970780612214460966903190967830309334477516607953724386797260805241984642275,13407807929942597099574024998205846127479365820592393377723561443720769383374469661147847687812952081302854773939601805382211292725060150247698793015185569,-5665136772366826451075469630709005853608824839356931873707671677719995455478555637441895686126784980633588735009287395125081708535366000559008577239828841,13407807929942597099574024998205846127479365820592393377723561443720769383374469661147847687812952081302854773939601805382211292725060150247698793015185569,1,False,True
double,d->2d,24,48,0,-7524004065648629280378339056394712391608602722636005393874924238860199984106040251359897546183919626206119141326939563257931246805797666736805737654797404,13407807929942597099574024998205846127479365820592393377723561443720769383374469661147847687812952081302854773939601805382211292725060150247698793015185569,-7524004065648629280378339056394712391608602722636005393874924238860199984106138570293540029279293545688078877108143633004489184413254361943748434395252142,13407807929942597099574024998205846127479365820592393377723561443720769383374469661147847687812952081302854773939601805382211292725060150247698793015185569,1,False,True
double_and_add_+1,d->2d+1,24,49,1,-607209673029963948464369138606973260109287125974350710139501565101134455168456019873567661920050065673166109410935867596570405647657976545450607681236362,13407807929942597099574024998205846127479365820592393377723561443720769383374469661147847687812952081302854773939601805382211292725060150247698793015185569,-607209673029963948464369138606973260109287125974350710139501565101134455168565073188512509385117343717471444939296022467589364958953269367053630379612794,13407807929942597099574024998205846127479365820592393377723561443720769383374469661147847687812952081302854773939601805382211292725060150247698793015185569,2,False,False
negation,d->-d,24,115792089237316195423570985008687907852837564279074904382605163141518161494313,0,21421722781656686086300443513868810349100413931112448141728666051020225147057,13407807929942597099574024998205846127479365820592393377723561443720769383374469661147847687812952081302854773939601805382211292725060150247698793015185569,-21421722781656686086300443513868810349100413931112448141728666051020225147057,13407807929942597099574024998205846127479365820592393377723561443720769383374469661147847687812952081302854773939601805382211292725060150247698793015185569,78,True,True
glv_lambda,d->lambda*d,24,94689304054530557705232420542585135852400831378057757048562751038684821060073,0,-8046300781764760428700387902345904488871256701299543318354255928964162806489,115792089237316195423570985008687907853269984665640564039457584007908834671663,-8046300781764760428700387902345904488871256701299543318354255928964162806489,115792089237316195423570985008687907853269984665640564039457584007908834671663,2,False,False
add_constant_+1,d->d+1,25,26,1,-2291445267343580778385895597498892873105157043196383918143108139559990433463849447200771783224662675280149450872925187490272173040510907879634789026786804,13407807929942597099574024998205846127479365820592393377723561443720769383374469661147847687812952081302854773939601805382211292725060150247698793015185569,-2291445267343580778385895597498892873105157043196383918143108139559990433463803154306065980492762926733026840588201276970748515027172432104340773302001848,13407807929942597099574024998205846127479365820592393377723561443720769383374469661147847687812952081302854773939601805382211292725060150247698793015185569,1,False,False
double,d->2d,25,50,0,-5490025996144114562720955914330204475051482802493252912503604270321023300962597265033379625013339355090989595016338254494098358004992320874903342072988980,13407807929942597099574024998205846127479365820592393377723561443720769383374469661147847687812952081302854773939601805382211292725060150247698793015185569,-5490025996144114562720955914330204475051482802493252912503604270321023300962670184905967181106404233199040183682331825348668834784950175590668357954150296,13407807929942597099574024998205846127479365820592393377723561443720769383374469661147847687812952081302854773939601805382211292725060150247698793015185569,1,False,False
double_and_add_+1,d->2d+1,25,51,1,-3983085013768519474558206327849003525828457351192479825863661996275047574679364303378128175516174441274846082185003239586344206052574373279234922742497147,13407807929942597099574024998205846127479365820592393377723561443720769383374469661147847687812952081302854773939601805382211292725060150247698793015185569,-3983085013768519474558206327849003525828457351192479825863661996275047574679346050983268112338035820674470037084953878591106852555458434104705773039728755,13407807929942597099574024998205846127479365820592393377723561443720769383374469661147847687812952081302854773939601805382211292725060150247698793015185569,1,False,False
negation,d->-d,25,115792089237316195423570985008687907852837564279074904382605163141518161494312,0,11755061498185020268223000892964110396182805457357637162525367847684969960491,13407807929942597099574024998205846127479365820592393377723561443720769383374469661147847687812952081302854773939601805382211292725060150247698793015185569,-11755061498185020268223000892964110396182805457357637162525367847684969960491,13407807929942597099574024998205846127479365820592393377723561443720769383374469661147847687812952081302854773939601805382211292725060150247698793015185569,78,True,True
glv_lambda,d->lambda*d,25,16615295180370359184587657017372248450490924654465439654574208440054657545754,0,45706837269683963289162522480637623562487239239171721361321932236305245953706,115792089237316195423570985008687907853269984665640564039457584007908834671663,45706837269683963289162522480637623562487239239171721361321932236305245953706,115792089237316195423570985008687907853269984665640564039457584007908834671663,1,False,False
add_constant_+1,d->d+1,26,27,1,6096179708010970812846331385102252544041081536416526592776370851847821018250936366230567608441597376893441570348068621418809182416185327803518758696826402,13407807929942597099574024998205846127479365820592393377723561443720769383374469661147847687812952081302854773939601805382211292725060150247698793015185569,6096179708010970812846331385102252544041081536416526592776370851847821018250843384860356967625187565718932766828061655580978443823363209490138008438167616,13407807929942597099574024998205846127479365820592393377723561443720769383374469661147847687812952081302854773939601805382211292725060150247698793015185569,1,False,True
double,d->2d,26,52,0,-3110716726472243788764232550270781727968519177395976516497409032398746997571742102069740065372014147095858211566406945510052072858477550522261546768472466,13407807929942597099574024998205846127479365820592393377723561443720769383374469661147847687812952081302854773939601805382211292725060150247698793015185569,-3110716726472243788764232550270781727968519177395976516497409032398746997571799093895830772323576940721481675380213575590465960160618444450435817210695268,13407807929942597099574024998205846127479365820592393377723561443720769383374469661147847687812952081302854773939601805382211292725060150247698793015185569,1,False,True
double_and_add_+1,d->2d+1,26,53,1,7275048729757545187418766907788770330871448200732384173132576481498236696226249729701223428325330467199204014344972265824156082170405619785706029121727045,13407807929942597099574024998205846127479365820592393377723561443720769383374469661147847687812952081302854773939601805382211292725060150247698793015185569,7275048729757545187418766907788770330871448200732384173132576481498236696226120347978075097359395011565489931045423951471625831709657482242454627980937505,13407807929942597099574024998205846127479365820592393377723561443720769383374469661147847687812952081302854773939601805382211292725060150247698793015185569,1,False,False
negation,d->-d,26,115792089237316195423570985008687907852837564279074904382605163141518161494311,0,58047956203987752167971548015574395120093324981015650501001143141700694745447,13407807929942597099574024998205846127479365820592393377723561443720769383374469661147847687812952081302854773939601805382211292725060150247698793015185569,-58047956203987752167971548015574395120093324981015650501001143141700694745447,13407807929942597099574024998205846127479365820592393377723561443720769383374469661147847687812952081302854773939601805382211292725060150247698793015185569,78,True,True
glv_lambda,d->lambda*d,26,54333375543526356087513878500847268901418582209948026643190828982942655525772,0,50909944226067192740351514841146363281112212387405033390403469203799166175270,115792089237316195423570985008687907853269984665640564039457584007908834671663,50909944226067192740351514841146363281112212387405033390403469203799166175270,115792089237316195423570985008687907853269984665640564039457584007908834671663,1,False,False
add_constant_+1,d->d+1,27,28,1,-6966164671008028797667029705622567910706083198258603187138498655047637065575748635342234902755209439520447153870867239994316192499952765508429728700742396,13407807929942597099574024998205846127479365820592393377723561443720769383374469661147847687812952081302854773939601805382211292725060150247698793015185569,-6966164671008028797667029705622567910706083198258603187138498655047637065575711501903821714279818326531093603481754629727114356839736263922412476237629922,13407807929942597099574024998205846127479365820592393377723561443720769383374469661147847687812952081302854773939601805382211292725060150247698793015185569,1,False,True
double,d->2d,27,54,0,-7283414132240363878675877407602786897624471863460955255178932325156266856486489951512443819801880842212780156006636141703518406893631077571763568800334396,13407807929942597099574024998205846127479365820592393377723561443720769383374469661147847687812952081302854773939601805382211292725060150247698793015185569,-7283414132240363878675877407602786897624471863460955255178932325156266856486373280668754777342425720315194453718463280031090109710033545691499522421532552,13407807929942597099574024998205846127479365820592393377723561443720769383374469661147847687812952081302854773939601805382211292725060150247698793015185569,1,False,False
double_and_add_+1,d->2d+1,27,55,1,-835938145358193502475306594620782837629956057456226060846319253493977363814533770483572351410218693808556087384883218617471820012512405523430658832347911,13407807929942597099574024998205846127479365820592393377723561443720769383374469661147847687812952081302854773939601805382211292725060150247698793015185569,-835938145358193502475306594620782837629956057456226060846319253493977363814566935860607568817313652773598331667727469538586101658100074085090640317154121,13407807929942597099574024998205846127479365820592393377723561443720769383374469661147847687812952081302854773939601805382211292725060150247698793015185569,1,False,True
negation,d->-d,27,115792089237316195423570985008687907852837564279074904382605163141518161494310,0,-34933414006653064241839626493229124886872512849722942321117170239049563913339,13407807929942597099574024998205846127479365820592393377723561443720769383374469661147847687812952081302854773939601805382211292725060150247698793015185569,34933414006653064241839626493229124886872512849722942321117170239049563913339,13407807929942597099574024998205846127479365820592393377723561443720769383374469661147847687812952081302854773939601805382211292725060150247698793015185569,77,True,True
glv_lambda,d->lambda*d,27,92051455906682352990440099984322289352346239765430613631807449525830653505790,0,-35400205182799144280297065448305375379311588774538798002496971165379023017216,115792089237316195423570985008687907853269984665640564039457584007908834671663,-35400205182799144280297065448305375379311588774538798002496971165379023017216,115792089237316195423570985008687907853269984665640564039457584007908834671663,1,False,False
add_constant_+1,d->d+1,28,29,1,5781149006018506475775559188236063573684033481893390025160777375775896173069071413265722583363298175639308550993643450618368006165611663050083940556864471,13407807929942597099574024998205846127479365820592393377723561443720769383374469661147847687812952081302854773939601805382211292725060150247698793015185569,5781149006018506475775559188236063573684033481893390025160777375775896173069155062071201087987677764352236560860125399666953815223670141697245822801869411,13407807929942597099574024998205846127479365820592393377723561443720769383374469661147847687812952081302854773939601805382211292725060150247698793015185569,1,False,False
double,d->2d,28,56,0,5393708643004769340008291943452556955327528022088938449196826716478783233709424968876551407457452567535387201357405328068180601438373231942002240390971405,13407807929942597099574024998205846127479365820592393377723561443720769383374469661147847687812952081302854773939601805382211292725060150247698793015185569,5393708643004769340008291943452556955327528022088938449196826716478783233709455412681898590900150228953357972109993333792161303500086279091445743669484085,13407807929942597099574024998205846127479365820592393377723561443720769383374469661147847687812952081302854773939601805382211292725060150247698793015185569,1,False,False
double_and_add_+1,d->2d+1,28,57,1,-2509588982884262866509678921753234305846570672826087241282859633608037247207834322826667394332697988355031635802706776943334836389768727987366349526248896,13407807929942597099574024998205846127479365820592393377723561443720769383374469661147847687812952081302854773939601805382211292725060150247698793015185569,-2509588982884262866509678921753234305846570672826087241282859633608037247207779622321645159243951103054193912134488647208619859095307514954852034535259312,13407807929942597099574024998205846127479365820592393377723561443720769383374469661147847687812952081302854773939601805382211292725060150247698793015185569,1,False,False
negation,d->-d,28,115792089237316195423570985008687907852837564279074904382605163141518161494309,0,2200024406535411149273362860321264225737754352112717895384415778202899199135,13407807929942597099574024998205846127479365820592393377723561443720769383374469661147847687812952081302854773939601805382211292725060150247698793015185569,-2200024406535411149273362860321264225737754352112717895384415778202899199135,13407807929942597099574024998205846127479365820592393377723561443720769383374469661147847687812952081302854773939601805382211292725060150247698793015185569,78,True,True
glv_lambda,d->lambda*d,28,13977447032522154469795336459109401950436333041838296237818906927200489991471,0,65822062919741713848546915652537210046215267406940676216598972916782669677987,115792089237316195423570985008687907853269984665640564039457584007908834671663,65822062919741713848546915652537210046215267406940676216598972916782669677987,115792089237316195423570985008687907853269984665640564039457584007908834671663,1,False,False
add_constant_+1,d->d+1,29,30,1,-4563523998841334962455029509940035461906464642493606088605249845229214194999122920656492047926245816015963426102210146367425309079407973765592710473493180,13407807929942597099574024998205846127479365820592393377723561443720769383374469661147847687812952081302854773939601805382211292725060150247698793015185569,-4563523998841334962455029509940035461906464642493606088605249845229214194999249223861718847835844974245353902150842280306902876836185357294441316758123438,13407807929942597099574024998205846127479365820592393377723561443720769383374469661147847687812952081302854773939601805382211292725060150247698793015185569,1,False,True
double,d->2d,29,58,0,-6649665868441336123223933446161474176422239260134449468109531001328045311578710303819337263357209605694703712441204987572796313827535151763875287481784800,13407807929942597099574024998205846127479365820592393377723561443720769383374469661147847687812952081302854773939601805382211292725060150247698793015185569,-6649665868441336123223933446161474176422239260134449468109531001328045311578814258650589023750246204445064448573569995073606609072328073135100361694178528,13407807929942597099574024998205846127479365820592393377723561443720769383374469661147847687812952081302854773939601805382211292725060150247698793015185569,1,False,False
double_and_add_+1,d->2d+1,29,59,1,-4089954780515917329355647118878517557736585614039265757317675200688597186179454357055841675851258310522551961829211903988469313232563844406692261580692379,13407807929942597099574024998205846127479365820592393377723561443720769383374469661147847687812952081302854773939601805382211292725060150247698793015185569,-4089954780515917329355647118878517557736585614039265757317675200688597186179432652225944605242579466655588968820372584739664388163744713241152926944414553,13407807929942597099574024998205846127479365820592393377723561443720769383374469661147847687812952081302854773939601805382211292725060150247698793015185569,1,False,True
negation,d->-d,29,115792089237316195423570985008687907852837564279074904382605163141518161494308,0,85848829885040035528862075788331130707686802937921775953863062940085144204075,13407807929942597099574024998205846127479365820592393377723561443720769383374469661147847687812952081302854773939601805382211292725060150247698793015185569,-85848829885040035528862075788331130707686802937921775953863062940085144204075,13407807929942597099574024998205846127479365820592393377723561443720769383374469661147847687812952081302854773939601805382211292725060150247698793015185569,77,True,True
glv_lambda,d->lambda*d,29,51695527395678151372721557942584422401363990597320883226435527470088487971489,0,14573823682647124465722473313382295526463720825558997702316205298613338290245,115792089237316195423570985008687907853269984665640564039457584007908834671663,14573823682647124465722473313382295526463720825558997702316205298613338290245,115792089237316195423570985008687907853269984665640564039457584007908834671663,1,False,False
add_constant_+1,d->d+1,30,31,1,-158488051392594021848947161300770552609301018862780775043193956966809990355357507422900133483710531712087274386180715775897727826879383037789846841641325,13407807929942597099574024998205846127479365820592393377723561443720769383374469661147847687812952081302854773939601805382211292725060150247698793015185569,-158488051392594021848947161300770552609301018862780775043193956966809990355404020121009483126287414963117004290459851727918723542033177160484681497234555,13407807929942597099574024998205846127479365820592393377723561443720769383374469661147847687812952081302854773939601805382211292725060150247698793015185569,2,False,True
double,d->2d,30,60,0,-5657552024575949810951235374970719991213183158279140549673061882886004132781724449155043002477601436869111834983760708851368599083643906734863077807946630,13407807929942597099574024998205846127479365820592393377723561443720769383374469661147847687812952081302854773939601805382211292725060150247698793015185569,-5657552024575949810951235374970719991213183158279140549673061882886004132781583711798887352688648740489745304220845359572701153113023353921911462655503582,13407807929942597099574024998205846127479365820592393377723561443720769383374469661147847687812952081302854773939601805382211292725060150247698793015185569,1,False,False
double_and_add_+1,d->2d+1,30,61,1,426187990336816117259658967592297535279660393428251374751263442176342459104067199815526597553321215349961460221980000564486387721208236788902815629418480,13407807929942597099574024998205846127479365820592393377723561443720769383374469661147847687812952081302854773939601805382211292725060150247698793015185569,426187990336816117259658967592297535279660393428251374751263442176342459104217608679147454548275606741286408624942304349658352927875863317961588056909024,13407807929942597099574024998205846127479365820592393377723561443720769383374469661147847687812952081302854773939601805382211292725060150247698793015185569,2,False,False
negation,d->-d,30,115792089237316195423570985008687907852837564279074904382605163141518161494307,0,-40454375341759874070296153602144917924447136539645980823520465908521140426183,13407807929942597099574024998205846127479365820592393377723561443720769383374469661147847687812952081302854773939601805382211292725060150247698793015185569,40454375341759874070296153602144917924447136539645980823520465908521140426183,13407807929942597099574024998205846127479365820592393377723561443720769383374469661147847687812952081302854773939601805382211292725060150247698793015185569,77,True,True
glv_lambda,d->lambda*d,30,89413607758834148275647779426059442852291648152803470215052148012976485951507,0,-14337749051649760631370226808461284077352237695237204214631961635782879726182,115792089237316195423570985008687907853269984665640564039457584007908834671663,-14337749051649760631370226808461284077352237695237204214631961635782879726182,115792089237316195423570985008687907853269984665640564039457584007908834671663,1,False,False
add_constant_+1,d->d+1,31,32,1,5492185129213756135471142388774303666955194865335087599841866030843528313512948069999224281253171218315540453534082449456342965111312862743423033023280566,13407807929942597099574024998205846127479365820592393377723561443720769383374469661147847687812952081302854773939601805382211292725060150247698793015185569,5492185129213756135471142388774303666955194865335087599841866030843528313513016027377192318165163328726358224318561294205789521005565920598946175166739784,13407807929942597099574024998205846127479365820592393377723561443720769383374469661147847687812952081302854773939601805382211292725060150247698793015185569,1,False,True
double,d->2d,31,62,0,-4694061503972637982280178301927176166406319454151145972578357205136564852616274550099825839457018958933057124104579801994283167852005010962196071405442264,13407807929942597099574024998205846127479365820592393377723561443720769383374469661147847687812952081302854773939601805382211292725060150247698793015185569,-4694061503972637982280178301927176166406319454151145972578357205136564852616142787678873858459150358922254762828371212655094448444530663771935191966348562,13407807929942597099574024998205846127479365820592393377723561443720769383374469661147847687812952081302854773939601805382211292725060150247698793015185569,1,False,True
double_and_add_+1,d->2d+1,31,63,1,6377051677131027987176339844244910539930298802568770990498119828539067598024837592339053674614905233767705734553889086005327118270265667163751498659898367,13407807929942597099574024998205846127479365820592393377723561443720769383374469661147847687812952081302854773939601805382211292725060150247698793015185569,6377051677131027987176339844244910539930298802568770990498119828539067598024959126440074400265434864014013428411059550753916980180882937625551394735540505,13407807929942597099574024998205846127479365820592393377723561443720769383374469661147847687812952081302854773939601805382211292725060150247698793015185569,1,False,True
negation,d->-d,31,115792089237316195423570985008687907852837564279074904382605163141518161494306,0,-86967073451109516647179404631874822203583088560641695977314588603355796019413,13407807929942597099574024998205846127479365820592393377723561443720769383374469661147847687812952081302854773939601805382211292725060150247698793015185569,86967073451109516647179404631874822203583088560641695977314588603355796019413,13407807929942597099574024998205846127479365820592393377723561443720769383374469661147847687812952081302854773939601805382211292725060150247698793015185569,77,True,True
glv_lambda,d->lambda*d,31,11339598884673949755003015900846555450381741429211152821063605414346322437188,0,56028380240039313086566239626777520981944436042789013040627720469487020029159,115792089237316195423570985008687907853269984665640564039457584007908834671663,56028380240039313086566239626777520981944436042789013040627720469487020029159,115792089237316195423570985008687907853269984665640564039457584007908834671663,1,False,False
add_constant_+1,d->d+1,32,33,1,-9867963797075756901063008510420871082474655518408522389226010462731342162092977615742902408543716816709465778913814122311635699249318157911561604410987363,13407807929942597099574024998205846127479365820592393377723561443720769383374469661147847687812952081302854773939601805382211292725060150247698793015185569,-9867963797075756901063008510420871082474655518408522389226010462731342162093010860893667004959491401593129708767265283149688229883716673367283977483109661,13407807929942597099574024998205846127479365820592393377723561443720769383374469661147847687812952081302854773939601805382211292725060150247698793015185569,1,False,True
double,d->2d,32,64,0,-1040497482151058506999942701607488153139100537389265557420546656632947732703662975806924421038984199523802736468098352842201502850357874769672472773091104,13407807929942597099574024998205846127479365820592393377723561443720769383374469661147847687812952081302854773939601805382211292725060150247698793015185569,-1040497482151058506999942701607488153139100537389265557420546656632947732703612033973286784312886278216275379285574769202493562571930737784732976995026156,13407807929942597099574024998205846127479365820592393377723561443720769383374469661147847687812952081302854773939601805382211292725060150247698793015185569,1,False,False
double_and_add_+1,d->2d+1,32,65,1,-9772363700281143211633709264890003224647218438623014868722241636577111287847771497247726026941358208407772184569551559152540851158714076606292540932802964,13407807929942597099574024998205846127479365820592393377723561443720769383374469661147847687812952081302854773939601805382211292725060150247698793015185569,-9772363700281143211633709264890003224647218438623014868722241636577111287847690595523458739895698427703633788267398488991375041214444915280028382017160504,13407807929942597099574024998205846127479365820592393377723561443720769383374469661147847687812952081302854773939601805382211292725060150247698793015185569,1,False,False
negation,d->-d,32,115792089237316195423570985008687907852837564279074904382605163141518161494305,0,-19009695483072604655068993814104037724738339114085801724256733080213652560195,13407807929942597099574024998205846127479365820592393377723561443720769383374469661147847687812952081302854773939601805382211292725060150247698793015185569,19009695483072604655068993814104037724738339114085801724256733080213652560195,13407807929942597099574024998205846127479365820592393377723561443720769383374469661147847687812952081302854773939601805382211292725060150247698793015185569,78,True,True
glv_lambda,d->lambda*d,32,49057679247829946657929237384321575901309398984693739809680225957234320417206,0,-66674073032935255094928051557996754372590954198236613249429953876957523895015,115792089237316195423570985008687907853269984665640564039457584007908834671663,-66674073032935255094928051557996754372590954198236613249429953876957523895015,115792089237316195423570985008687907853269984665640564039457584007908834671663,1,False,False
add_constant_+1,d->d+1,33,34,1,277939871831230131939815519841039861811455998834197232159873938228522857085589245494728584659110404939999971547239198120339766219074303689887305975011767,13407807929942597099574024998205846127479365820592393377723561443720769383374469661147847687812952081302854773939601805382211292725060150247698793015185569,277939871831230131939815519841039861811455998834197232159873938228522857085584748228834420110657753500768970708628190455799689018032600166654777017320433,13407807929942597099574024998205846127479365820592393377723561443720769383374469661147847687812952081302854773939601805382211292725060150247698793015185569,1,False,True
double,d->2d,33,66,0,-786760458678632760497083564743590103450095097140529774486241563962646319671913756634908695599238210636512626815415973368989623547713391862224421410388674,13407807929942597099574024998205846127479365820592393377723561443720769383374469661147847687812952081302854773939601805382211292725060150247698793015185569,-786760458678632760497083564743590103450095097140529774486241563962646319671846515585511908958062926809156782122736941976229157659051562309213935034859352,13407807929942597099574024998205846127479365820592393377723561443720769383374469661147847687812952081302854773939601805382211292725060150247698793015185569,2,False,True
double_and_add_+1,d->2d+1,33,67,1,10528337434670738367505564798373719396133326737644886672699563065038197769178482614126280364439574112313603651790209460461751448045883032534566359993927111,13407807929942597099574024998205846127479365820592393377723561443720769383374469661147847687812952081302854773939601805382211292725060150247698793015185569,10528337434670738367505564798373719396133326737644886672699563065038197769178572936828747037372512315790961854690646403546281303103657908809748229957731525,13407807929942597099574024998205846127479365820592393377723561443720769383374469661147847687812952081302854773939601805382211292725060150247698793015185569,1,False,True
negation,d->-d,33,115792089237316195423570985008687907852837564279074904382605163141518161494304,0,-52254846247669020429653877478033891175899177166616436122772188802586724682493,13407807929942597099574024998205846127479365820592393377723561443720769383374469661147847687812952081302854773939601805382211292725060150247698793015185569,52254846247669020429653877478033891175899177166616436122772188802586724682493,13407807929942597099574024998205846127479365820592393377723561443720769383374469661147847687812952081302854773939601805382211292725060150247698793015185569,76,True,True
glv_lambda,d->lambda*d,33,86775759610985943560855458867796596352237056540176326798296846500122318397224,0,85632456554390746133649613597387528685486635894445868002138135713733762682540,115792089237316195423570985008687907853269984665640564039457584007908834671663,85632456554390746133649613597387528685486635894445868002138135713733762682540,115792089237316195423570985008687907853269984665640564039457584007908834671663,1,False,False
add_constant_+1,d->d+1,34,35,1,3585450106794252315775865981931079365728317327363430328756848483907207273576946271734141758704480000804660962792001548802447681499895140185632649946790120,13407807929942597099574024998205846127479365820592393377723561443720769383374469661147847687812952081302854773939601805382211292725060150247698793015185569,3585450106794252315775865981931079365728317327363430328756848483907207273577116472472681218797408919248582388596983365110791262270719392627529932027329864,13407807929942597099574024998205846127479365820592393377723561443720769383374469661147847687812952081302854773939601805382211292725060150247698793015185569,1,False,False
double,d->2d,34,68,0,4451844742321576681575651960376177338510008208083671420947212115363723875717942801602586666360830525280671126801754019312267112673712227083249165868943911,13407807929942597099574024998205846127479365820592393377723561443720769383374469661147847687812952081302854773939601805382211292725060150247698793015185569,4451844742321576681575651960376177338510008208083671420947212115363723875718048650170627207963248916221191931062079391733674809277599429033033710079528233,13407807929942597099574024998205846127479365820592393377723561443720769383374469661147847687812952081302854773939601805382211292725060150247698793015185569,1,False,True
double_and_add_+1,d->2d+1,34,69,1,3507197013102997243439906264118893379357566977744497673646264070217399220880754879947454358536741792561152152289104433452102810301843506764488658554803741,13407807929942597099574024998205846127479365820592393377723561443720769383374469661147847687812952081302854773939601805382211292725060150247698793015185569,3507197013102997243439906264118893379357566977744497673646264070217399220880710601583444984993009419744864863123845343359454522956495574117322741456839231,13407807929942597099574024998205846127479365820592393377723561443720769383374469661147847687812952081302854773939601805382211292725060150247698793015185569,1,False,True
negation,d->-d,34,115792089237316195423570985008687907852837564279074904382605163141518161494303,0,-56752112141833568882305316709034729786906841706693637164475712035115682373827,13407807929942597099574024998205846127479365820592393377723561443720769383374469661147847687812952081302854773939601805382211292725060150247698793015185569,56752112141833568882305316709034729786906841706693637164475712035115682373827,13407807929942597099574024998205846127479365820592393377723561443720769383374469661147847687812952081302854773939601805382211292725060150247698793015185569,78,True,True
glv_lambda,d->lambda*d,34,8701750736825745040210695342583708950327149816584009404308303901492154882905,0,38931229941159970786642729777490763062549062632269663063977512768438542204198,115792089237316195423570985008687907853269984665640564039457584007908834671663,38931229941159970786642729777490763062549062632269663063977512768438542204198,115792089237316195423570985008687907853269984665640564039457584007908834671663,1,False,False
add_constant_+1,d->d+1,35,36,1,6696808931666472608565018025101205027017534834499644312673388321019113077843241807635404036847298030271430688277579583130804235544677965204263268779018979,13407807929942597099574024998205846127479365820592393377723561443720769383374469661147847687812952081302854773939601805382211292725060150247698793015185569,6696808931666472608565018025101205027017534834499644312673388321019113077843136654902714380339270008783163930851131893011424532700330033068532612054359069,13407807929942597099574024998205846127479365820592393377723561443720769383374469661147847687812952081302854773939601805382211292725060150247698793015185569,1,False,True
double,d->2d,35,70,0,5011571813940467245460178499467189193631580447186694385610296006789256558199901873244907210994268002612310266277048044941412503117144305448113582956906743,13407807929942597099574024998205846127479365820592393377723561443720769383374469661147847687812952081302854773939601805382211292725060150247698793015185569,5011571813940467245460178499467189193631580447186694385610296006789256558199689843740329292616957061670380877033867268072840334616633879655474804436068891,13407807929942597099574024998205846127479365820592393377723561443720769383374469661147847687812952081302854773939601805382211292725060150247698793015185569,1,False,False
double_and_add_+1,d->2d+1,35,71,1,-2897821977022853339921155502391436456413795723734675029078856256535099173837805564776703002535525616182831860446540144440669919715226104293923442426777824,13407807929942597099574024998205846127479365820592393377723561443720769383374469661147847687812952081302854773939601805382211292725060150247698793015185569,-2897821977022853339921155502391436456413795723734675029078856256535099173838009071909096165516782318144395000477833572855750183509250549584264949329524034,13407807929942597099574024998205846127479365820592393377723561443720769383374469661147847687812952081302854773939601805382211292725060150247698793015185569,1,False,True
negation,d->-d,35,115792089237316195423570985008687907852837564279074904382605163141518161494302,0,113448626397626524046613127212391075194909466636887133659776729862166398165917,13407807929942597099574024998205846127479365820592393377723561443720769383374469661147847687812952081302854773939601805382211292725060150247698793015185569,-113448626397626524046613127212391075194909466636887133659776729862166398165917,13407807929942597099574024998205846127479365820592393377723561443720769383374469661147847687812952081302854773939601805382211292725060150247698793015185569,77,True,True
glv_lambda,d->lambda*d,35,46419831099981741943136916826058729401254807372066596392924924444380152862923,0,14295086230590988906574693490416527372447106229978408860279199180594581814214,115792089237316195423570985008687907853269984665640564039457584007908834671663,14295086230590988906574693490416527372447106229978408860279199180594581814214,115792089237316195423570985008687907853269984665640564039457584007908834671663,1,False,False
add_constant_+1,d->d+1,36,37,1,-6568032128662030225423520391351564537287233063222806709955200353959828055861544843139506356176420049057799512602044930802751907993665749765049258352951937,13407807929942597099574024998205846127479365820592393377723561443720769383374469661147847687812952081302854773939601805382211292725060150247698793015185569,-6568032128662030225423520391351564537287233063222806709955200353959828055861554029617176440589527064650198414227851704868282346968228332995760504703760519,13407807929942597099574024998205846127479365820592393377723561443720769383374469661147847687812952081302854773939601805382211292725060150247698793015185569,1,False,True
double,d->2d,36,72,0,-2894984473707442197005876396942259317694763646503216209153975263286380561237230745723356165754570526047949349434711581946696933201825527584714388800339376,13407807929942597099574024998205846127479365820592393377723561443720769383374469661147847687812952081302854773939601805382211292725060150247698793015185569,-2894984473707442197005876396942259317694763646503216209153975263286380561237180345008817026531994587284606679777144523776279423980047419713540213346005974,13407807929942597099574024998205846127479365820592393377723561443720769383374469661147847687812952081302854773939601805382211292725060150247698793015185569,1,False,True
double_and_add_+1,d->2d+1,36,73,1,-2565707492340660398590489773052275734194656241618459311347101967924585161305211428248455817982533381687239484266768596030817862272776723057105243931946482,13407807929942597099574024998205846127479365820592393377723561443720769383374469661147847687812952081302854773939601805382211292725060150247698793015185569,-2565707492340660398590489773052275734194656241618459311347101967924585161305329672382588068045462940056030815746789504580827299236906302646497223847746086,13407807929942597099574024998205846127479365820592393377723561443720769383374469661147847687812952081302854773939601805382211292725060150247698793015185569,1,False,False
negation,d->-d,36,115792089237316195423570985008687907852837564279074904382605163141518161494301,0,8295893707970016018591638945633648747219347257184289311844594131509673506007,13407807929942597099574024998205846127479365820592393377723561443720769383374469661147847687812952081302854773939601805382211292725060150247698793015185569,-8295893707970016018591638945633648747219347257184289311844594131509673506007,13407807929942597099574024998205846127479365820592393377723561443720769383374469661147847687812952081302854773939601805382211292725060150247698793015185569,78,True,True
glv_lambda,d->lambda*d,36,84137911463137738846063138309533749852182464927549183381541544987268150842941,0,-54609948895931421225959772696325995962069580470316662619288997051037528991764,115792089237316195423570985008687907853269984665640564039457584007908834671663,-54609948895931421225959772696325995962069580470316662619288997051037528991764,115792089237316195423570985008687907853269984665640564039457584007908834671663,1,False,False
add_constant_+1,d->d+1,37,38,1,4388048348732395597682425317949361673705352767657256164422576315048430692726864869850300068967730964238948802888913080322254420232902315569782721261386363,13407807929942597099574024998205846127479365820592393377723561443720769383374469661147847687812952081302854773939601805382211292725060150247698793015185569,4388048348732395597682425317949361673705352767657256164422576315048430692726788848034876921276989540750334470561570259115450859728707050010131070881505745,13407807929942597099574024998205846127479365820592393377723561443720769383374469661147847687812952081302854773939601805382211292725060150247698793015185569,1,False,True
double,d->2d,37,74,0,-3109268434717039671232122710450409791904757705824044438035124590822374084607230751159142157981370722868559366131452157579360490631244792276062442502345433,13407807929942597099574024998205846127479365820592393377723561443720769383374469661147847687812952081302854773939601805382211292725060150247698793015185569,-3109268434717039671232122710450409791904757705824044438035124590822374084607298747396795723373914257586264116505019657959047307949127014251208742974623245,13407807929942597099574024998205846127479365820592393377723561443720769383374469661147847687812952081302854773939601805382211292725060150247698793015185569,1,False,False
double_and_add_+1,d->2d+1,37,75,1,1027113791985194362251123019024636951399398771391550665275987451111311675808530946079012857486011936491944654642418161635034853995918824861245996965402362,13407807929942597099574024998205846127479365820592393377723561443720769383374469661147847687812952081302854773939601805382211292725060150247698793015185569,1027113791985194362251123019024636951399398771391550665275987451111311675808542426905150992564432173906600166637844676206610688723319573251306735058395436,13407807929942597099574024998205846127479365820592393377723561443720769383374469661147847687812952081302854773939601805382211292725060150247698793015185569,1,False,True
negation,d->-d,37,115792089237316195423570985008687907852837564279074904382605163141518161494300,0,-890583962114397088423953453267977059554718273254685250738636579736677302575,13407807929942597099574024998205846127479365820592393377723561443720769383374469661147847687812952081302854773939601805382211292725060150247698793015185569,890583962114397088423953453267977059554718273254685250738636579736677302575,13407807929942597099574024998205846127479365820592393377723561443720769383374469661147847687812952081302854773939601805382211292725060150247698793015185569,80,True,True
glv_lambda,d->lambda*d,37,6063902588977540325418374784320862450272558203956865987553002388637987328622,0,32889379266388819725104166358328512661393157675689335391734403927579679328630,115792089237316195423570985008687907853269984665640564039457584007908834671663,32889379266388819725104166358328512661393157675689335391734403927579679328630,115792089237316195423570985008687907853269984665640564039457584007908834671663,1,False,False
add_constant_+1,d->d+1,38,39,1,-2819124742458593296299943131039714352706689329141352852958884282778967599233887247772617770313205679549358638552499312420697301661408068679969722921917058,13407807929942597099574024998205846127479365820592393377723561443720769383374469661147847687812952081302854773939601805382211292725060150247698793015185569,-2819124742458593296299943131039714352706689329141352852958884282778967599233720071356357772896129578121154272740888726864132313165746698692238897796902766,13407807929942597099574024998205846127479365820592393377723561443720769383374469661147847687812952081302854773939601805382211292725060150247698793015185569,1,False,False
double,d->2d,38,76,0,-1690751398932866166897407120291961317273792182149844876624211285223498239062248940827198422596963778220414645779203470537903655334699425702049840110161408,13407807929942597099574024998205846127479365820592393377723561443720769383374469661147847687812952081302854773939601805382211292725060150247698793015185569,-1690751398932866166897407120291961317273792182149844876624211285223498239062227821394735862566033762619712984623764397866836542658824054850027260675258328,13407807929942597099574024998205846127479365820592393377723561443720769383374469661147847687812952081302854773939601805382211292725060150247698793015185569,1,False,False
double_and_add_+1,d->2d+1,38,77,1,-4857237452532594667876868374883493448332468956679374347740436301802720522023991763215790296610940206305710230081454865650731480280896340182410849828165773,13407807929942597099574024998205846127479365820592393377723561443720769383374469661147847687812952081302854773939601805382211292725060150247698793015185569,-4857237452532594667876868374883493448332468956679374347740436301802720522023977456133279974104638995185552139359309677989577569954840491279398652079833441,13407807929942597099574024998205846127479365820592393377723561443720769383374469661147847687812952081302854773939601805382211292725060150247698793015185569,1,False,False
negation,d->-d,38,115792089237316195423570985008687907852837564279074904382605163141518161494299,0,-76912399385262087829847442067600304402375925076815189446004196231387057183193,13407807929942597099574024998205846127479365820592393377723561443720769383374469661147847687812952081302854773939601805382211292725060150247698793015185569,76912399385262087829847442067600304402375925076815189446004196231387057183193,13407807929942597099574024998205846127479365820592393377723561443720769383374469661147847687812952081302854773939601805382211292725060150247698793015185569,78,True,True
glv_lambda,d->lambda*d,38,43781982952133537228344596267795882901200215759439452976169622931525985308640,0,-29907255974342811161154655374956436577590327584822825558425915169831856623222,115792089237316195423570985008687907853269984665640564039457584007908834671663,-29907255974342811161154655374956436577590327584822825558425915169831856623222,115792089237316195423570985008687907853269984665640564039457584007908834671663,1,False,False
add_constant_+1,d->d+1,39,40,1,895301587340990846211695559356964222953392190024116538443501494909290886339110037687168471696377542644301773577167171900750075991862084354391859852852931,13407807929942597099574024998205846127479365820592393377723561443720769383374469661147847687812952081302854773939601805382211292725060150247698793015185569,895301587340990846211695559356964222953392190024116538443501494909290886338922416991002108151299106380281825626332563502949088354075415836112430091761797,13407807929942597099574024998205846127479365820592393377723561443720769383374469661147847687812952081302854773939601805382211292725060150247698793015185569,2,False,True
double,d->2d,39,78,0,-4341857807905461119057382993360305987084340287546661595825678100621926920382356159035608319540233404251866088680038115296256798812069564418405586570200096,13407807929942597099574024998205846127479365820592393377723561443720769383374469661147847687812952081302854773939601805382211292725060150247698793015185569,-4341857807905461119057382993360305987084340287546661595825678100621926920382544645236450775456633123081011087379203799305196954186436795318805239351817918,13407807929942597099574024998205846127479365820592393377723561443720769383374469661147847687812952081302854773939601805382211292725060150247698793015185569,1,False,True
double_and_add_+1,d->2d+1,39,79,1,5889814094089256977999385224222980702828434636681816963759790497171732486712940368854426836925479936447672950731425736074234445922960532129338706586422058,13407807929942597099574024998205846127479365820592393377723561443720769383374469661147847687812952081302854773939601805382211292725060150247698793015185569,5889814094089256977999385224222980702828434636681816963759790497171732486712762157930853165898180368935182458878921234631021909992802941809773352225050532,13407807929942597099574024998205846127479365820592393377723561443720769383374469661147847687812952081302854773939601805382211292725060150247698793015185569,1,False,True
negation,d->-d,39,115792089237316195423570985008687907852837564279074904382605163141518161494298,0,90264016874735329246253986136765507208209631488173306215365791499438067831099,13407807929942597099574024998205846127479365820592393377723561443720769383374469661147847687812952081302854773939601805382211292725060150247698793015185569,-90264016874735329246253986136765507208209631488173306215365791499438067831099,13407807929942597099574024998205846127479365820592393377723561443720769383374469661147847687812952081302854773939601805382211292725060150247698793015185569,78,True,True
glv_lambda,d->lambda*d,39,81500063315289534131270817751270903352127873314922039964786243474413983288658,0,-48949475647725540061438393531563114615952020774789736612181136380528841275854,115792089237316195423570985008687907853269984665640564039457584007908834671663,-48949475647725540061438393531563114615952020774789736612181136380528841275854,115792089237316195423570985008687907853269984665640564039457584007908834671663,1,False,False
add_constant_+1,d->d+1,40,41,1,-1219895615448309070835902238192336976136573122462859266199928385480000177858400120488352429725764495939735153680208590281311083208908491433758929751748498,13407807929942597099574024998205846127479365820592393377723561443720769383374469661147847687812952081302854773939601805382211292725060150247698793015185569,-1219895615448309070835902238192336976136573122462859266199928385480000177858198782204386811696226528093374792720768764749233852571171754387413648666807886,13407807929942597099574024998205846127479365820592393377723561443720769383374469661147847687812952081302854773939601805382211292725060150247698793015185569,1,False,False
double,d->2d,40,80,0,4583575048545977293917613264566372258305029749118182135769237575091226884306874711303350385597789598210265464330499669019403788161884760106356485870776331,13407807929942597099574024998205846127479365820592393377723561443720769383374469661147847687812952081302854773939601805382211292725060150247698793015185569,4583575048545977293917613264566372258305029749118182135769237575091226884307036602234127725965158017448658169111431199671195271385096194778025306688721615,13407807929942597099574024998205846127479365820592393377723561443720769383374469661147847687812952081302854773939601805382211292725060150247698793015185569,1,False,False
double_and_add_+1,d->2d+1,40,81,1,-1389856753221113057473342653772760405174157187343757184248082058410492789000730673169699757755905574150313238834886683286241644925752153062757678209148904,13407807929942597099574024998205846127479365820592393377723561443720769383374469661147847687812952081302854773939601805382211292725060150247698793015185569,-1389856753221113057473342653772760405174157187343757184248082058410492789000561770648425319498302519416372453629520027159691528261824601936789989279366650,13407807929942597099574024998205846127479365820592393377723561443720769383374469661147847687812952081302854773939601805382211292725060150247698793015185569,1,False,True
negation,d->-d,40,115792089237316195423570985008687907852837564279074904382605163141518161494297,0,-97356679291628215832182277883182443626398766312814331571302726779991693260035,13407807929942597099574024998205846127479365820592393377723561443720769383374469661147847687812952081302854773939601805382211292725060150247698793015185569,97356679291628215832182277883182443626398766312814331571302726779991693260035,13407807929942597099574024998205846127479365820592393377723561443720769383374469661147847687812952081302854773939601805382211292725060150247698793015185569,77,True,True
glv_lambda,d->lambda*d,40,3426054441129335610626054226058015950217966591329722570797700875783819774339,0,-46372825569259475932804677333115472149918931915182428716449792456561244063900,115792089237316195423570985008687907853269984665640564039457584007908834671663,-46372825569259475932804677333115472149918931915182428716449792456561244063900,115792089237316195423570985008687907853269984665640564039457584007908834671663,1,False,False
add_constant_+1,d->d+1,41,42,1,6912103928415256632851403026125541684794516086754663141571160202277058405468772631828971785421261364300163592300762086344202915835341547851977827077629641,13407807929942597099574024998205846127479365820592393377723561443720769383374469661147847687812952081302854773939601805382211292725060150247698793015185569,6912103928415256632851403026125541684794516086754663141571160202277058405468777483242023552122946480023513912214773373137912006998086726902697586118675279,13407807929942597099574024998205846127479365820592393377723561443720769383374469661147847687812952081302854773939601805382211292725060150247698793015185569,1,False,True
double,d->2d,41,82,0,5487904129562030523284710880570844339400305594628899676313232654272817619142019752703509258203542873058420364946239035150148246173535179803533183641414832,13407807929942597099574024998205846127479365820592393377723561443720769383374469661147847687812952081302854773939601805382211292725060150247698793015185569,5487904129562030523284710880570844339400305594628899676313232654272817619142001235141480010242898570768082055396540151019490744827919196252946467482019592,13407807929942597099574024998205846127479365820592393377723561443720769383374469661147847687812952081302854773939601805382211292725060150247698793015185569,1,False,False
double_and_add_+1,d->2d+1,41,83,1,1360571056647124193409127301510224414894219082162915883868253497779896017928146854778030976328338409168824953027359054481433706962185146005731220922072841,13407807929942597099574024998205846127479365820592393377723561443720769383374469661147847687812952081302854773939601805382211292725060150247698793015185569,1360571056647124193409127301510224414894219082162915883868253497779896017927951895952211922217800423374020041407104400869233470603245067467276140702622715,13407807929942597099574024998205846127479365820592393377723561443720769383374469661147847687812952081302854773939601805382211292725060150247698793015185569,1,False,True
negation,d->-d,41,115792089237316195423570985008687907852837564279074904382605163141518161494296,0,103981604673989813705785568477178515813426765764416306165434319565289391680577,13407807929942597099574024998205846127479365820592393377723561443720769383374469661147847687812952081302854773939601805382211292725060150247698793015185569,-103981604673989813705785568477178515813426765764416306165434319565289391680577,13407807929942597099574024998205846127479365820592393377723561443720769383374469661147847687812952081302854773939601805382211292725060150247698793015185569,78,True,True
glv_lambda,d->lambda*d,41,41144134804285332513552275709533036401145624146812309559414321418671817754357,0,33664903502563512986589868473574775412904010440055961741881391679902309559368,115792089237316195423570985008687907853269984665640564039457584007908834671663,33664903502563512986589868473574775412904010440055961741881391679902309559368,115792089237316195423570985008687907853269984665640564039457584007908834671663,1,False,False
add_constant_+1,d->d+1,42,43,1,-2167842763665248119728701871709921738494313513308714602755992966882933629081305660981616564381513482868207890544138074778764719152073400167817411842735547,13407807929942597099574024998205846127479365820592393377723561443720769383374469661147847687812952081302854773939601805382211292725060150247698793015185569,-2167842763665248119728701871709921738494313513308714602755992966882933629081514735199947884661919112702109566898823828901464428703581829003798488741364921,13407807929942597099574024998205846127479365820592393377723561443720769383374469661147847687812952081302854773939601805382211292725060150247698793015185569,1,False,True
double,d->2d,42,84,0,-6222102215336284737522696752965823076260764228850686920376657423971602712412591257741142662952027795642498025501625006130045616310780749188845873399258288,13407807929942597099574024998205846127479365820592393377723561443720769383374469661147847687812952081302854773939601805382211292725060150247698793015185569,-6222102215336284737522696752965823076260764228850686920376657423971602712412715390234115795285821194391425111587937347935772160847714322684120381639838500,13407807929942597099574024998205846127479365820592393377723561443720769383374469661147847687812952081302854773939601805382211292725060150247698793015185569,1,False,False
double_and_add_+1,d->2d+1,42,85,1,-6974544821581319307485864796593418770018950219177372589354734294290799183721857936970977352375680143657440359700704836031947008188807440157110656215869497,13407807929942597099574024998205846127479365820592393377723561443720769383374469661147847687812952081302854773939601805382211292725060150247698793015185569,-6974544821581319307485864796593418770018950219177372589354734294290799183721865492120991044928725143825872707523778541770290599266887444194073587323888959,13407807929942597099574024998205846127479365820592393377723561443720769383374469661147847687812952081302854773939601805382211292725060150247698793015185569,1,False,True
negation,d->-d,42,115792089237316195423570985008687907852837564279074904382605163141518161494295,0,108833017725756515390901291827498429824713559473507468910613370285048432726215,13407807929942597099574024998205846127479365820592393377723561443720769383374469661147847687812952081302854773939601805382211292725060150247698793015185569,-108833017725756515390901291827498429824713559473507468910613370285048432726215,13407807929942597099574024998205846127479365820592393377723561443720769383374469661147847687812952081302854773939601805382211292725060150247698793015185569,77,True,True
glv_lambda,d->lambda*d,42,78862215167441329416478497193008056852073281702294896548030941961559815734375,0,-95731007944073562665256730552275407491336385455815870961361944917922168081263,115792089237316195423570985008687907853269984665640564039457584007908834671663,-95731007944073562665256730552275407491336385455815870961361944917922168081263,115792089237316195423570985008687907853269984665640564039457584007908834671663,1,False,False
add_constant_+1,d->d+1,43,44,1,-6292393780267220156719150441171241955476511161510833798682075425420618422474938685841682284746949253784283374378515816573263254763776402078912389897119783,13407807929942597099574024998205846127479365820592393377723561443720769383374469661147847687812952081302854773939601805382211292725060150247698793015185569,-6292393780267220156719150441171241955476511161510833798682075425420618422474920919867330576656447326523776609988298022852603273951953694510489974996380817,13407807929942597099574024998205846127479365820592393377723561443720769383374469661147847687812952081302854773939601805382211292725060150247698793015185569,1,False,True
double,d->2d,43,86,0,-7315293642593971568271022051186379530369134215870578702856403825353252661387727933788605977762516001147180850456913330040332323301785147202583250452525668,13407807929942597099574024998205846127479365820592393377723561443720769383374469661147847687812952081302854773939601805382211292725060150247698793015185569,-7315293642593971568271022051186379530369134215870578702856403825353252661387649431352562069715467885421452381901730034941865447839533505587279322076196418,13407807929942597099574024998205846127479365820592393377723561443720769383374469661147847687812952081302854773939601805382211292725060150247698793015185569,1,False,True
double_and_add_+1,d->2d+1,43,87,1,-8384154209088270242351998015150166342975049501391742463390430681001404104877809539066249137898167012755885600173835991951506981356821003302515527027667443,13407807929942597099574024998205846127479365820592393377723561443720769383374469661147847687812952081302854773939601805382211292725060150247698793015185569,-8384154209088270242351998015150166342975049501391742463390430681001404104877809750129245895710996431428072747477189385948686598128543619097261410487592367,13407807929942597099574024998205846127479365820592393377723561443720769383374469661147847687812952081302854773939601805382211292725060150247698793015185569,1,False,False
negation,d->-d,43,115792089237316195423570985008687907852837564279074904382605163141518161494294,0,-100241200605563765014728542074177924861040563226202082597815465696028465903159,13407807929942597099574024998205846127479365820592393377723561443720769383374469661147847687812952081302854773939601805382211292725060150247698793015185569,100241200605563765014728542074177924861040563226202082597815465696028465903159,13407807929942597099574024998205846127479365820592393377723561443720769383374469661147847687812952081302854773939601805382211292725060150247698793015185569,77,True,True
glv_lambda,d->lambda*d,43,788206293281130895833733667795169450163374978702579154042399362929652220056,0,9330551557100817637677668042081099499702526020190714649201789076054151407134,115792089237316195423570985008687907853269984665640564039457584007908834671663,9330551557100817637677668042081099499702526020190714649201789076054151407134,115792089237316195423570985008687907853269984665640564039457584007908834671663,1,False,False
add_constant_+1,d->d+1,44,45,1,-4632032875093567975105251594827064572226700028464636360972093307087593348973175768127532966437220651425839458353237605629817989672146025707223772971927852,13407807929942597099574024998205846127479365820592393377723561443720769383374469661147847687812952081302854773939601805382211292725060150247698793015185569,-4632032875093567975105251594827064572226700028464636360972093307087593348973083848210032674416018182850325890521369549729205772035312851538604084788677520,13407807929942597099574024998205846127479365820592393377723561443720769383374469661147847687812952081302854773939601805382211292725060150247698793015185569,1,False,False
double,d->2d,44,88,0,3963027490992328044127740672736552268924959132181844695298198497111053645273356346201486890412543613747876602785032589953464550803888775836338189511621591,13407807929942597099574024998205846127479365820592393377723561443720769383374469661147847687812952081302854773939601805382211292725060150247698793015185569,3963027490992328044127740672736552268924959132181844695298198497111053645273407790554580861437408191649074081977156333482807450784527125185864088901999191,13407807929942597099574024998205846127479365820592393377723561443720769383374469661147847687812952081302854773939601805382211292725060150247698793015185569,1,False,False
double_and_add_+1,d->2d+1,44,89,1,6221047152756000875477442143722912053731643583980411850584693877607664654640299055010639327293061391761326996365635588466125143151995929234287186677130194,13407807929942597099574024998205846127479365820592393377723561443720769383374469661147847687812952081302854773939601805382211292725060150247698793015185569,6221047152756000875477442143722912053731643583980411850584693877607664654640371383094286430272734125927801401723275235541229423788188360666936582710171994,13407807929942597099574024998205846127479365820592393377723561443720769383374469661147847687812952081302854773939601805382211292725060150247698793015185569,1,False,False
negation,d->-d,44,115792089237316195423570985008687907852837564279074904382605163141518161494293,0,-82475226253855674512801281567413534643246842566221270775107897273613565164193,13407807929942597099574024998205846127479365820592393377723561443720769383374469661147847687812952081302854773939601805382211292725060150247698793015185569,82475226253855674512801281567413534643246842566221270775107897273613565164193,13407807929942597099574024998205846127479365820592393377723561443720769383374469661147847687812952081302854773939601805382211292725060150247698793015185569,77,True,True
glv_lambda,d->lambda*d,44,38506286656437127798759955151270189901091032534185166142659019905817650200074,0,9058824581674574101685812153483986394260839439302441200837842102302918133450,115792089237316195423570985008687907853269984665640564039457584007908834671663,9058824581674574101685812153483986394260839439302441200837842102302918133450,115792089237316195423570985008687907853269984665640564039457584007908834671663,1,False,False
add_constant_+1,d->d+1,45,46,1,12785300777502721752379164152660373900251879135828803478608440199153969001165126460061435642551618960773736862311057027737560709928501040008199695041644917,13407807929942597099574024998205846127479365820592393377723561443720769383374469661147847687812952081302854773939601805382211292725060150247698793015185569,12785300777502721752379164152660373900251879135828803478608440199153969001165061329240432528831615312356749397369315518730961065727692179741667501148880547,13407807929942597099574024998205846127479365820592393377723561443720769383374469661147847687812952081302854773939601805382211292725060150247698793015185569,1,False,True
double,d->2d,45,90,0,12083424921018694963866530062998969827674212105572340918562443446953003405090571929347283723984229372633659318961571845097517157543768335717531490255478523,13407807929942597099574024998205846127479365820592393377723561443720769383374469661147847687812952081302854773939601805382211292725060150247698793015185569,12083424921018694963866530062998969827674212105572340918562443446953003405090578416123221166645466546154674685134554469063802824180983596352712985780270553,13407807929942597099574024998205846127479365820592393377723561443720769383374469661147847687812952081302854773939601805382211292725060150247698793015185569,1,False,True
double_and_add_+1,d->2d+1,45,91,1,920110170190151327898150069685386825995620126101723665042621500201156367123844981374054784150807342048521544846007912088231457763285088584891613230495902,13407807929942597099574024998205846127479365820592393377723561443720769383374469661147847687812952081302854773939601805382211292725060150247698793015185569,920110170190151327898150069685386825995620126101723665042621500201156367123856890396470896998871362343636356974515632683134790500615211898619202670405352,13407807929942597099574024998205846127479365820592393377723561443720769383374469661147847687812952081302854773939601805382211292725060150247698793015185569,2,False,True
negation,d->-d,45,115792089237316195423570985008687907852837564279074904382605163141518161494292,0,9444691246436346689667293946154297224809058045996366058066271346074618086139,13407807929942597099574024998205846127479365820592393377723561443720769383374469661147847687812952081302854773939601805382211292725060150247698793015185569,-9444691246436346689667293946154297224809058045996366058066271346074618086139,13407807929942597099574024998205846127479365820592393377723561443720769383374469661147847687812952081302854773939601805382211292725060150247698793015185569,78,True,True
glv_lambda,d->lambda*d,45,76224367019593124701686176634745210352018690089667753131275640448705648180092,0,40591700341465226274111834446744342584075921650775891530622557049735578729946,115792089237316195423570985008687907853269984665640564039457584007908834671663,40591700341465226274111834446744342584075921650775891530622557049735578729946,115792089237316195423570985008687907853269984665640564039457584007908834671663,1,False,False
add_constant_+1,d->d+1,46,47,1,-6742877502903763663518758269259838137500138797012711106430306485301932569013009063152109522345713112353372767360338406704446178202393519181440345050253850,13407807929942597099574024998205846127479365820592393377723561443720769383374469661147847687812952081302854773939601805382211292725060150247698793015185569,-6742877502903763663518758269259838137500138797012711106430306485301932569012972879316901977760231397850303726933378498701291754024243426713671735482353600,13407807929942597099574024998205846127479365820592393377723561443720769383374469661147847687812952081302854773939601805382211292725060150247698793015185569,1,False,True
double,d->2d,46,92,0,-1391902621838139631760824419540098490804696582879061196556293613196196528335282771770014725757114082236736443676812728006839629958315332333117761072449767,13407807929942597099574024998205846127479365820592393377723561443720769383374469661147847687812952081302854773939601805382211292725060150247698793015185569,-1391902621838139631760824419540098490804696582879061196556293613196196528335299670819633208341006452828159172747464395057837896861790559793375616543146171,13407807929942597099574024998205846127479365820592393377723561443720769383374469661147847687812952081302854773939601805382211292725060150247698793015185569,1,False,False
double_and_add_+1,d->2d+1,46,93,1,-6989462690732058550201627131809847678960474884360282936758302605178379766114709456036968985577592473003068920986550877840810182272033394168466500553465395,13407807929942597099574024998205846127479365820592393377723561443720769383374469661147847687812952081302854773939601805382211292725060150247698793015185569,-6989462690732058550201627131809847678960474884360282936758302605178379766114759849115964755591026266888233157242879729195958069078311967000950894732144231,13407807929942597099574024998205846127479365820592393377723561443720769383374469661147847687812952081302854773939601805382211292725060150247698793015185569,1,False,False
negation,d->-d,46,115792089237316195423570985008687907852837564279074904382605163141518161494291,0,-55686129756677373313981123041310644516699948553647834750793995186119274678231,13407807929942597099574024998205846127479365820592393377723561443720769383374469661147847687812952081302854773939601805382211292725060150247698793015185569,55686129756677373313981123041310644516699948553647834750793995186119274678231,13407807929942597099574024998205846127479365820592393377723561443720769383374469661147847687812952081302854773939601805382211292725060150247698793015185569,77,True,True
glv_lambda,d->lambda*d,46,113942447382749121604612398118220230802946347645150340119892260991593646160110,0,-38252165799752534187156544566379974769818129675485754209124831503040100806302,115792089237316195423570985008687907853269984665640564039457584007908834671663,-38252165799752534187156544566379974769818129675485754209124831503040100806302,115792089237316195423570985008687907853269984665640564039457584007908834671663,1,False,False
add_constant_+1,d->d+1,47,48,1,-479549494648328169750151548429071908312715671542377878471513507704174578682783938498230983568564757619974659971139154462603715676334274819981045639155693,13407807929942597099574024998205846127479365820592393377723561443720769383374469661147847687812952081302854773939601805382211292725060150247698793015185569,-479549494648328169750151548429071908312715671542377878471513507704174578682841333414542677190020110038448256724437331849831317179048539833455212447685393,13407807929942597099574024998205846127479365820592393377723561443720769383374469661147847687812952081302854773939601805382211292725060150247698793015185569,2,False,False
double,d->2d,47,94,0,676976381055706165866773680985680068542917719534384490129544885859355716102280385431722232686737853811394024259724627619032143346780419125068650745818026,13407807929942597099574024998205846127479365820592393377723561443720769383374469661147847687812952081302854773939601805382211292725060150247698793015185569,676976381055706165866773680985680068542917719534384490129544885859355716102389342749913420419340680576043821885359523842852412076283596621561276671453338,13407807929942597099574024998205846127479365820592393377723561443720769383374469661147847687812952081302854773939601805382211292725060150247698793015185569,1,False,False
double_and_add_+1,d->2d+1,47,95,1,-5137775565680038625999080540017812241633582118262838698309791034974186295919804523214639711024987646708518081274904021659306337295122632002951608097592625,13407807929942597099574024998205846127479365820592393377723561443720769383374469661147847687812952081302854773939601805382211292725060150247698793015185569,-5137775565680038625999080540017812241633582118262838698309791034974186295919862305282144469120034500453388853405014194449805761343978638087084904506171807,13407807929942597099574024998205846127479365820592393377723561443720769383374469661147847687812952081302854773939601805382211292725060150247698793015185569,1,False,True
negation,d->-d,47,115792089237316195423570985008687907852837564279074904382605163141518161494290,0,-19502294549132787832266619972270217556791945399223656600701527417509706777981,13407807929942597099574024998205846127479365820592393377723561443720769383374469661147847687812952081302854773939601805382211292725060150247698793015185569,19502294549132787832266619972270217556791945399223656600701527417509706777981,13407807929942597099574024998205846127479365820592393377723561443720769383374469661147847687812952081302854773939601805382211292725060150247698793015185569,78,True,True
glv_lambda,d->lambda*d,47,35868438508588923083967634593007343401036440921558022725903718392963482645791,0,18409986008030992102165269095356764466135576006614136182757439670259361374008,115792089237316195423570985008687907853269984665640564039457584007908834671663,18409986008030992102165269095356764466135576006614136182757439670259361374008,115792089237316195423570985008687907853269984665640564039457584007908834671663,1,False,False
add_constant_+1,d->d+1,48,49,1,6916794392618665331913969917787739131499315596661654683735422673759065528937584231486329884263869560532953031916003695661360841158139690191355129973561042,13407807929942597099574024998205846127479365820592393377723561443720769383374469661147847687812952081302854773939601805382211292725060150247698793015185569,6916794392618665331913969917787739131499315596661654683735422673759065528937573497105027519894176201970607432168847610536899819454301092576694804015639348,13407807929942597099574024998205846127479365820592393377723561443720769383374469661147847687812952081302854773939601805382211292725060150247698793015185569,1,False,True
double,d->2d,48,96,0,-2499990116730047547454924015015706835514184766273495038781568961372321269269511320004648140314334948671983165476213498060871071490311227519503960468323129,13407807929942597099574024998205846127479365820592393377723561443720769383374469661147847687812952081302854773939601805382211292725060150247698793015185569,-2499990116730047547454924015015706835514184766273495038781568961372321269269502633137228449911727176648677135874101283133888551818713005879569038279503623,13407807929942597099574024998205846127479365820592393377723561443720769383374469661147847687812952081302854773939601805382211292725060150247698793015185569,1,False,True
double_and_add_+1,d->2d+1,48,97,1,2672475356408089939625101472501115376114763545192256704618335121832439856451689862792284507523708717162715239050111625245447096417205447329930544008675252,13407807929942597099574024998205846127479365820592393377723561443720769383374469661147847687812952081302854773939601805382211292725060150247698793015185569,2672475356408089939625101472501115376114763545192256704618335121832439856451667394300519416737285586005934591637098283671375888989194865470683847703003186,13407807929942597099574024998205846127479365820592393377723561443720769383374469661147847687812952081302854773939601805382211292725060150247698793015185569,1,False,True
negation,d->-d,48,115792089237316195423570985008687907852837564279074904382605163141518161494289,0,-76897210860826409287619038445866970854969332626825159314966540891676515307681,13407807929942597099574024998205846127479365820592393377723561443720769383374469661147847687812952081302854773939601805382211292725060150247698793015185569,76897210860826409287619038445866970854969332626825159314966540891676515307681,13407807929942597099574024998205846127479365820592393377723561443720769383374469661147847687812952081302854773939601805382211292725060150247698793015185569,78,True,True
glv_lambda,d->lambda*d,48,73586518871744919986893856076482363851964098477040609714520338935851480625809,0,4127305848420516195525095848761354171768607762107788399855814223257608597930,115792089237316195423570985008687907853269984665640564039457584007908834671663,4127305848420516195525095848761354171768607762107788399855814223257608597930,115792089237316195423570985008687907853269984665640564039457584007908834671663,2,False,False
matrix::add_constant,3->4,7,8,1,-2395311978167680321421544568664187392173471215296420445806294348972873745544932945000747712793026472111000008045815398707296646742818373464492682611110699,13407807929942597099574024998205846127479365820592393377723561443720769383374469661147847687812952081302854773939601805382211292725060150247698793015185569,-2395311978167680321421544568664187392173471215296420445806294348972873745544919721453524461273792939815566205608539211283994168307112836807190606773795711,13407807929942597099574024998205846127479365820592393377723561443720769383374469661147847687812952081302854773939601805382211292725060150247698793015185569,1,False,False
matrix::replace_constant,4->5,8,21,21,322807308755617712479334280985744410261067941496042246156471084843740757447436501405377890831529571470114483293234161950816203385928480516778622113622132,13407807929942597099574024998205846127479365820592393377723561443720769383374469661147847687812952081302854773939601805382211292725060150247698793015185569,322807308755617712479334280985744410261067941496042246156471084843740757447474661611264462499148167636737906239982082539036336261735295053658305036666724,13407807929942597099574024998205846127479365820592393377723561443720769383374469661147847687812952081302854773939601805382211292725060150247698793015185569,1,False,False
matrix::replace_constant,6->7,49,76,76,-4846535310325470278295780681593390615919253567975596852511941494666661735655341817028961685011159772930797963044116491330873955911503606038870733980991658,13407807929942597099574024998205846127479365820592393377723561443720769383374469661147847687812952081302854773939601805382211292725060150247698793015185569,-4846535310325470278295780681593390615919253567975596852511941494666661735655309978403721196289078627171372435475068740127795811561920675227527539130042396,13407807929942597099574024998205846127479365820592393377723561443720769383374469661147847687812952081302854773939601805382211292725060150247698793015185569,1,False,True
matrix::replace_constant,8->9,224,467,467,3071172124348852188096059165187916744566791114983312625300772862314092285641553572922911347195476314814388396102971150343297792137167452842921845020482944,13407807929942597099574024998205846127479365820592393377723561443720769383374469661147847687812952081302854773939601805382211292725060150247698793015185569,3071172124348852188096059165187916744566791114983312625300772862314092285641621879945486713145310839619300862033486626946852675638095892559334931526264794,13407807929942597099574024998205846127479365820592393377723561443720769383374469661147847687812952081302854773939601805382211292725060150247698793015185569,1,False,True
matrix::replace_constant,9->10,467,514,514,5251469247312595223347597343482358384975130816510522003792434194235325455722122945774575542191929309666525178364772501453084819248538925571799323417162667,13407807929942597099574024998205846127479365820592393377723561443720769383374469661147847687812952081302854773939601805382211292725060150247698793015185569,5251469247312595223347597343482358384975130816510522003792434194235325455722052445206714206468372061811728523176488028279776224839090800386685838740615913,13407807929942597099574024998205846127479365820592393377723561443720769383374469661147847687812952081302854773939601805382211292725060150247698793015185569,1,False,True
matrix::replace_constant,11->12,1155,2683,2683,-961899614133013042019898462135268325941530103571340132914083791571045107094940766374860828299838967816027697387765967638725080502892541536891289477585,13407807929942597099574024998205846127479365820592393377723561443720769383374469661147847687812952081302854773939601805382211292725060150247698793015185569,-961899614133013042019898462135268325941530103571340132914083791571045107157221863625668850261503608921842391228360788026192463789152312637474782896881,13407807929942597099574024998205846127479365820592393377723561443720769383374469661147847687812952081302854773939601805382211292725060150247698793015185569,3,False,False
matrix::replace_constant,13->14,5216,10544,10544,528489274718358070043827683828477368128094731531742003449968508460982577781990785084599238414102753408431308400259403235013135402565850821208774282422550,13407807929942597099574024998205846127479365820592393377723561443720769383374469661147847687812952081302854773939601805382211292725060150247698793015185569,528489274718358070043827683828477368128094731531742003449968508460982577781924188594290937747195078710102874101713089862158173707480859805104524136102898,13407807929942597099574024998205846127479365820592393377723561443720769383374469661147847687812952081302854773939601805382211292725060150247698793015185569,1,False,False
matrix::replace_constant,14->15,10544,26867,26867,3860083252815803256477341728716264705765278699840744240433421015028553528523881466169045295083908048240762555482497487167608107988654496895840123727947624,13407807929942597099574024998205846127479365820592393377723561443720769383374469661147847687812952081302854773939601805382211292725060150247698793015185569,3860083252815803256477341728716264705765278699840744240433421015028553528523810356638872214405043329560197336050422040215143490724208641723007490458943506,13407807929942597099574024998205846127479365820592393377723561443720769383374469661147847687812952081302854773939601805382211292725060150247698793015185569,1,False,True
matrix::replace_constant,16->17,51510,95823,95823,-4930507462530201881088791673056283015881571905681699405527544318005250960842845094001859282703687830357881474377344562981226474752864107523611598957156786,13407807929942597099574024998205846127479365820592393377723561443720769383374469661147847687812952081302854773939601805382211292725060150247698793015185569,-4930507462530201881088791673056283015881571905681699405527544318005250960842777685528178864468898349218298576531951010425582307854158717470067596204567936,13407807929942597099574024998205846127479365820592393377723561443720769383374469661147847687812952081302854773939601805382211292725060150247698793015185569,1,False,True
matrix::replace_constant,17->18,95823,198669,198669,-2645699195270107299477641697889579978409462136103628727010288376997847300428393255248795565479988490418764629145529831164431425144597051421212220005196565,13407807929942597099574024998205846127479365820592393377723561443720769383374469661147847687812952081302854773939601805382211292725060150247698793015185569,-2645699195270107299477641697889579978409462136103628727010288376997847300428465011732109028136198465784462245691435819476901764507729207074880051515899911,13407807929942597099574024998205846127479365820592393377723561443720769383374469661147847687812952081302854773939601805382211292725060150247698793015185569,1,False,True
matrix::replace_constant,18->19,198669,357535,357535,6311424257764866474909833573684277080114600710312526654895242954134728702893692077116010986908990135879413583346089411661241228183804389201664539991768865,13407807929942597099574024998205846127479365820592393377723561443720769383374469661147847687812952081302854773939601805382211292725060150247698793015185569,6311424257764866474909833573684277080114600710312526654895242954134728702893752751897080045372532345108213810480269162569647829580046857692144472242317711,13407807929942597099574024998205846127479365820592393377723561443720769383374469661147847687812952081302854773939601805382211292725060150247698793015185569,1,False,True
matrix::replace_constant,20->21,863317,1811764,1811764,-1772100931516329747154040041402657821234693387570968509412683066682638829505471422897370514187505082650120592638307117866805093110515702573107598999338810,13407807929942597099574024998205846127479365820592393377723561443720769383374469661147847687812952081302854773939601805382211292725060150247698793015185569,-1772100931516329747154040041402657821234693387570968509412683066682638829505389402918699071381302719024328439366352319314846454987355968977695127848717898,13407807929942597099574024998205846127479365820592393377723561443720769383374469661147847687812952081302854773939601805382211292725060150247698793015185569,1,False,False
matrix::replace_constant,21->22,1811764,3007503,3007503,1906135348500207928457308947397169922526819301730978818062248055148776634680109404801663625051115915537241766957306868793808599689453385349721916227618054,13407807929942597099574024998205846127479365820592393377723561443720769383374469661147847687812952081302854773939601805382211292725060150247698793015185569,1906135348500207928457308947397169922526819301730978818062248055148776634680049055509415703451247998689683872602379731900465819833927295826006719783576464,13407807929942597099574024998205846127479365820592393377723561443720769383374469661147847687812952081302854773939601805382211292725060150247698793015185569,1,False,True
matrix::replace_constant,23->24,5598802,14428676,14428676,-7201221497437653299297119670994746065207201727415770789818723289927041833335912504162916580440873921229846039837356146100842437394475157118050678760120615,13407807929942597099574024998205846127479365820592393377723561443720769383374469661147847687812952081302854773939601805382211292725060150247698793015185569,-7201221497437653299297119670994746065207201727415770789818723289927041833335967678589221958512380985331634438660853410417087271355213619140069042595565563,13407807929942597099574024998205846127479365820592393377723561443720769383374469661147847687812952081302854773939601805382211292725060150247698793015185569,1,False,False
matrix::replace_constant,24->25,14428676,33185509,33185509,-5507578140636833218949511716932091394773447016279411969241070731410479401851475875136108039773174244890643761852604133685202366970341756698424089799979522,13407807929942597099574024998205846127479365820592393377723561443720769383374469661147847687812952081302854773939601805382211292725060150247698793015185569,-5507578140636833218949511716932091394773447016279411969241070731410479401851450253951513334334540148914316063928559565695025489493192920863969096077760858,13407807929942597099574024998205846127479365820592393377723561443720769383374469661147847687812952081302854773939601805382211292725060150247698793015185569,1,False,False
matrix::replace_constant,26->27,54538862,111949941,111949941,-2712212665234322946852318385405055418505676431631496191497636458525180030658211471788979091941775771914916197885873848276783317069225190835400193079671640,13407807929942597099574024998205846127479365820592393377723561443720769383374469661147847687812952081302854773939601805382211292725060150247698793015185569,-2712212665234322946852318385405055418505676431631496191497636458525180030658207696107680519327158431401659189665598735101979322882256542585086919116655238,13407807929942597099574024998205846127479365820592393377723561443720769383374469661147847687812952081302854773939601805382211292725060150247698793015185569,1,False,True
matrix::replace_constant,27->28,111949941,227634408,227634408,10861127485445298422401180407933861019977179239821394490913912996161324225888646567301651697442441565184901993526633914905965113456328351097520593916555789,13407807929942597099574024998205846127479365820592393377723561443720769383374469661147847687812952081302854773939601805382211292725060150247698793015185569,10861127485445298422401180407933861019977179239821394490913912996161324225888640501121808818853326506920216082356097894559119776363541361533689626182063009,13407807929942597099574024998205846127479365820592393377723561443720769383374469661147847687812952081302854773939601805382211292725060150247698793015185569,1,False,False
matrix::replace_constant,28->29,227634408,400708894,400708894,-6558963175582408541828074625329310062114229333411834930816324078328198189812676874193641982156809959145619336401350516196857938319440894499057375222402146,13407807929942597099574024998205846127479365820592393377723561443720769383374469661147847687812952081302854773939601805382211292725060150247698793015185569,-6558963175582408541828074625329310062114229333411834930816324078328198189812890209800563916715579688125489551224028080854715029304060939889963386380512028,13407807929942597099574024998205846127479365820592393377723561443720769383374469661147847687812952081302854773939601805382211292725060150247698793015185569,1,False,True
matrix::replace_constant,30->31,1033162084,2102388551,2102388551,6426538379730107593465451161572976027660765253129420633433048526493007833619062893118995314632956240417492200452095326925540486183370321617770819577344807,13407807929942597099574024998205846127479365820592393377723561443720769383374469661147847687812952081302854773939601805382211292725060150247698793015185569,6426538379730107593465451161572976027660765253129420633433048526493007833619160928778464314775599335303458103606427200151490103922742897034970019872803871,13407807929942597099574024998205846127479365820592393377723561443720769383374469661147847687812952081302854773939601805382211292725060150247698793015185569,1,False,False
matrix::replace_constant,31->32,2102388551,3093472814,3093472814,-6603847060870986537158979770439421851129758045127006562533844775813212180242242854623611004835734596338307516997228068679778350411047585794229116634463170,13407807929942597099574024998205846127479365820592393377723561443720769383374469661147847687812952081302854773939601805382211292725060150247698793015185569,-6603847060870986537158979770439421851129758045127006562533844775813212180242253162649271833974051972483894262720618893637896112233931560177471086203393632,13407807929942597099574024998205846127479365820592393377723561443720769383374469661147847687812952081302854773939601805382211292725060150247698793015185569,1,False,True
matrix::replace_constant,33->34,7137437912,14133072157,14133072157,-5366734242709019917401621834331902291535726509791969318947451334959172498501917883903245313694580916680849154571758266554527896124078893483228990646602603,13407807929942597099574024998205846127479365820592393377723561443720769383374469661147847687812952081302854773939601805382211292725060150247698793015185569,-5366734242709019917401621834331902291535726509791969318947451334959172498502095102645373464229387085575465793192823791551574230199513376846637556295764003,13407807929942597099574024998205846127479365820592393377723561443720769383374469661147847687812952081302854773939601805382211292725060150247698793015185569,1,False,False
matrix::replace_constant,34->35,14133072157,20112871792,20112871792,9730657946622181257410024447908786308235931925068296275474727230291916456827309981509616600896222412215345863920610507009588955928802721757247484966060534,13407807929942597099574024998205846127479365820592393377723561443720769383374469661147847687812952081302854773939601805382211292725060150247698793015185569,9730657946622181257410024447908786308235931925068296275474727230291916456827360750483893206417357961383812672083661541840677029676609780687722963567084432,13407807929942597099574024998205846127479365820592393377723561443720769383374469661147847687812952081302854773939601805382211292725060150247698793015185569,1,False,True
matrix::replace_constant,35->36,20112871792,42387769980,42387769980,-3496110962119040897029006395759909153400307158212183211551017584999364119328742309081357204613286409354491310986845587639317476330002483408833819501505771,13407807929942597099574024998205846127479365820592393377723561443720769383374469661147847687812952081302854773939601805382211292725060150247698793015185569,-3496110962119040897029006395759909153400307158212183211551017584999364119328711766094400833462141931701569184646920056978066302492880223078580824518887207,13407807929942597099574024998205846127479365820592393377723561443720769383374469661147847687812952081302854773939601805382211292725060150247698793015185569,1,False,False
matrix::replace_constant,37->38,100251560595,146971536592,146971536592,3519890764787421002637577680506882256506410023558403736810339586510583566829341762066917476332038675987647438106842131999059750809172495688627520548984510,13407807929942597099574024998205846127479365820592393377723561443720769383374469661147847687812952081302854773939601805382211292725060150247698793015185569,3519890764787421002637577680506882256506410023558403736810339586510583566829379335345023290263124269880523595775025799223629784524998118610796034947141312,13407807929942597099574024998205846127479365820592393377723561443720769383374469661147847687812952081302854773939601805382211292725060150247698793015185569,1,False,True
matrix::replace_constant,38->39,146971536592,323724968937,323724968937,-7694325840523804681659554654931504819139005124503076421215411721514765539372794093550376847893154103289812221872474283305457515130495381939561215275347422,13407807929942597099574024998205846127479365820592393377723561443720769383374469661147847687812952081302854773939601805382211292725060150247698793015185569,-7694325840523804681659554654931504819139005124503076421215411721514765539372792298519966557346389489280172635038098830662980241356534437941314695463007292,13407807929942597099574024998205846127479365820592393377723561443720769383374469661147847687812952081302854773939601805382211292725060150247698793015185569,1,False,True
matrix::replace_constant,39->40,323724968937,1003651412950,1003651412950,6152304827309539190418698309370843963336518733983718801384551665959941428692699223173754731250456617832369434216564051231543652469291275545043075347921368,13407807929942597099574024998205846127479365820592393377723561443720769383374469661147847687812952081302854773939601805382211292725060150247698793015185569,6152304827309539190418698309370843963336518733983718801384551665959941428692636006633478434663977049741053530671318780376403562446153091979993771525053798,13407807929942597099574024998205846127479365820592393377723561443720769383374469661147847687812952081302854773939601805382211292725060150247698793015185569,1,False,True
matrix::replace_constant,41->42,1458252205147,2895374552463,2895374552463,3113119942192066636710855196969140132215029952497623356515280738165810035945544273072908216421815102928910210173669924373829104601520482946370634964818901,13407807929942597099574024998205846127479365820592393377723561443720769383374469661147847687812952081302854773939601805382211292725060150247698793015185569,3113119942192066636710855196969140132215029952497623356515280738165810035945647132884660851918118214101632576129747491594017452069430114644021351694389237,13407807929942597099574024998205846127479365820592393377723561443720769383374469661147847687812952081302854773939601805382211292725060150247698793015185569,1,False,False
matrix::replace_constant,42->43,2895374552463,7409811047825,7409811047825,-3801744139065091323728847542828461376718578769082089004473483211187784977678842165695188884213587175624304098168021213779767428059537296405122191976822232,13407807929942597099574024998205846127479365820592393377723561443720769383374469661147847687812952081302854773939601805382211292725060150247698793015185569,-3801744139065091323728847542828461376718578769082089004473483211187784977678985031339135720075346722346050470113995750194814808400364623017136597489011190,13407807929942597099574024998205846127479365820592393377723561443720769383374469661147847687812952081302854773939601805382211292725060150247698793015185569,1,False,True
matrix::replace_constant,43->44,7409811047825,15404761757071,15404761757071,-3766760845979195180058862574404396619828646763244310227581331249096918135866530188577439631014651341039010434393904542114713042794953106877168771804296625,13407807929942597099574024998205846127479365820592393377723561443720769383374469661147847687812952081302854773939601805382211292725060150247698793015185569,-3766760845979195180058862574404396619828646763244310227581331249096918135866458244183749788784068235166418358332225042588350702904404547661209879755646849,13407807929942597099574024998205846127479365820592393377723561443720769383374469661147847687812952081302854773939601805382211292725060150247698793015185569,1,False,False
matrix::replace_constant,44->45,15404761757071,19996463086597,19996463086597,865056269009837815723465356349562086783311491426368897654532901762691130539160528743031514926252244528157704092602538164174624835417889106671870175023942,13407807929942597099574024998205846127479365820592393377723561443720769383374469661147847687812952081302854773939601805382211292725060150247698793015185569,865056269009837815723465356349562086783311491426368897654532901762691130539113924161196369320575758865975583002383425740474933889144840305045609303300722,13407807929942597099574024998205846127479365820592393377723561443720769383374469661147847687812952081302854773939601805382211292725060150247698793015185569,1,False,False
matrix::replace_constant,46->47,51408670348612,119666659114170,119666659114170,-10226438444831991145508603751045249193637753330736975104267525246913241310938473940140643636041442501575012848409278801207939328128182565405207000947426106,13407807929942597099574024998205846127479365820592393377723561443720769383374469661147847687812952081302854773939601805382211292725060150247698793015185569,-10226438444831991145508603751045249193637753330736975104267525246913241310938503186739560899997805452647202758728454998588892576833830464907795320268503680,13407807929942597099574024998205846127479365820592393377723561443720769383374469661147847687812952081302854773939601805382211292725060150247698793015185569,1,False,True
matrix::replace_constant,47->48,119666659114170,191206974700443,191206974700443,4591781099609534145404244134353485490878082321010239796577756515657835436084175493627154637713360044994189588369665629310216587550110871516958938366200039,13407807929942597099574024998205846127479365820592393377723561443720769383374469661147847687812952081302854773939601805382211292725060150247698793015185569,4591781099609534145404244134353485490878082321010239796577756515657835436084265757829734519335754795774522839521673077857148524174236475904914172237497007,13407807929942597099574024998205846127479365820592393377723561443720769383374469661147847687812952081302854773939601805382211292725060150247698793015185569,1,False,False
matrix::add_constant,49->50,409118905032525,611140496167764,202021591135239,8134753536554251265073465728796763543075170287150381416499615133777756010844719339481514206281595446663953339661520167706490514387083709787370822142262117,13407807929942597099574024998205846127479365820592393377723561443720769383374469661147847687812952081302854773939601805382211292725060150247698793015185569,8134753536554251265073465728796763543075170287150381416499615133777756010844675507735376796597264369889895752159567870132477919530727644679421872326887639,13407807929942597099574024998205846127479365820592393377723561443720769383374469661147847687812952081302854773939601805382211292725060150247698793015185569,1,False,True
matrix::affine_a3,50->51,611140496167764,2058769515153876,225348026650584,-5447504775481017830010960922552292102944421197768225629630094987814559043905836858653110201962765300791302108068766248976685254343439452504014012791040024,13407807929942597099574024998205846127479365820592393377723561443720769383374469661147847687812952081302854773939601805382211292725060150247698793015185569,-5447504775481017830010960922552292102944421197768225629630094987814559043905740798244104079729333869414435679959429129828970771788770794436784225728394778,13407807929942597099574024998205846127479365820592393377723561443720769383374469661147847687812952081302854773939601805382211292725060150247698793015185569,1,False,True
matrix::double_and_add_affine,51->52,2058769515153876,4216495639600700,98956609292948,-1239218025735291939332697165119084513943576389033602947991548801532237113276797372735076489141687939182822720539000967231822114995503728145416783272644263,13407807929942597099574024998205846127479365820592393377723561443720769383374469661147847687812952081302854773939601805382211292725060150247698793015185569,-1239218025735291939332697165119084513943576389033602947991548801532237113276876650576922462966613965762502753945905436954510710775140323456633455107744393,13407807929942597099574024998205846127479365820592393377723561443720769383374469661147847687812952081302854773939601805382211292725060150247698793015185569,1,False,True
matrix::matrix_unlabeled_add,53->54,6763683971478124,9974455244496707,3210771273018583,3105170753944978053367097450652791095354518285624176811383637178635336676156195454832034908792367754626605033154411679373717021609421388452678643345923768,13407807929942597099574024998205846127479365820592393377723561443720769383374469661147847687812952081302854773939601805382211292725060150247698793015185569,3105170753944978053367097450652791095354518285624176811383637178635336676156286729677168442725776746269205508677835657808493628244444216610784590425018766,13407807929942597099574024998205846127479365820592393377723561443720769383374469661147847687812952081302854773939601805382211292725060150247698793015185569,1,False,True
matrix::affine_a3,54->55,9974455244496707,30045390491869460,122024758379339,3073372850063096446519957451705838447558614027725826258372241029467971460769949362838452827009017563679452070023217821973937064046392066319425905125015615,13407807929942597099574024998205846127479365820592393377723561443720769383374469661147847687812952081302854773939601805382211292725060150247698793015185569,3073372850063096446519957451705838447558614027725826258372241029467971460769936399497046591741594285093891136521859576181068019423614868398133127305927943,13407807929942597099574024998205846127479365820592393377723561443720769383374469661147847687812952081302854773939601805382211292725060150247698793015185569,1,False,False
matrix::matrix_unlabeled_add,55->56,30045390491869460,44218742292676575,14173351800807115,-3690207263423215552907716218056537323756226166429243551059162745565990342968932325611213797118965190435104800556589555619454879950882199577950570561868993,13407807929942597099574024998205846127479365820592393377723561443720769383374469661147847687812952081302854773939601805382211292725060150247698793015185569,-3690207263423215552907716218056537323756226166429243551059162745565990342969121702195839085094333822715703196418012069264354884226194535009251023798914829,13407807929942597099574024998205846127479365820592393377723561443720769383374469661147847687812952081302854773939601805382211292725060150247698793015185569,1,False,False
matrix::matrix_unlabeled_add,57->58,138245758910846492,199976667976342049,61730909065495557,-7740555629456768233829890741876820266619162193466336952511141765707741736423819979633464315728878630103475123952385664388692704858243408100463303239112337,13407807929942597099574024998205846127479365820592393377723561443720769383374469661147847687812952081302854773939601805382211292725060150247698793015185569,-7740555629456768233829890741876820266619162193466336952511141765707741736423793387430034826045782910250681515421818696362603072408278151907376620740235551,13407807929942597099574024998205846127479365820592393377723561443720769383374469661147847687812952081302854773939601805382211292725060150247698793015185569,1,False,True
matrix::matrix_unlabeled_add,58->59,199976667976342049,525070384258266191,325093716281924142,2504125367341170403228775854712395730927222606665794235694128411073903464243713184462838330814084621176877800765875301318993792129356509120276088485973990,13407807929942597099574024998205846127479365820592393377723561443720769383374469661147847687812952081302854773939601805382211292725060150247698793015185569,2504125367341170403228775854712395730927222606665794235694128411073903464243775898054202999641190176269923338376147871480118110748945970653173906967520948,13407807929942597099574024998205846127479365820592393377723561443720769383374469661147847687812952081302854773939601805382211292725060150247698793015185569,1,False,True
matrix::matrix_unlabeled_add,59->60,525070384258266191,1135041350219496382,609970965961230191,406263803352404409411814866773162913915630541804628739245285331867441596764314225131791443468156403908390886621310690284615545606922538209236996008095819,13407807929942597099574024998205846127479365820592393377723561443720769383374469661147847687812952081302854773939601805382211292725060150247698793015185569,406263803352404409411814866773162913915630541804628739245285331867441596764137270910955865882987138761378441100655875787132725521283480054345856382052773,13407807929942597099574024998205846127479365820592393377723561443720769383374469661147847687812952081302854773939601805382211292725060150247698793015185569,2,False,True
matrix::matrix_unlabeled_add,60->61,1135041350219496382,1425787542618654982,290746192399158600,38453163140651544546078703249080933568178493436687514446301757587935583199860254422764825198043771067855666278077333122474480003375095458397175611001211,13407807929942597099574024998205846127479365820592393377723561443720769383374469661147847687812952081302854773939601805382211292725060150247698793015185569,38453163140651544546078703249080933568178493436687514446301757587935583199857491756370825466698270825053444787095467314034289060051840561522894926950625,13407807929942597099574024998205846127479365820592393377723561443720769383374469661147847687812952081302854773939601805382211292725060150247698793015185569,3,False,True
matrix::matrix_unlabeled_add,62->63,3908372542507822062,8993229949524469768,5084857407016647706,3499613937338899958772022353761120315171559618184692649956312608423102209993434834765045696580764469820927866743605607631195170061807608628282620129091519,13407807929942597099574024998205846127479365820592393377723561443720769383374469661147847687812952081302854773939601805382211292725060150247698793015185569,3499613937338899958772022353761120315171559618184692649956312608423102209993408673434308809652424131072482921056631582598218267016093639050177224830015743,13407807929942597099574024998205846127479365820592393377723561443720769383374469661147847687812952081302854773939601805382211292725060150247698793015185569,1,False,False
matrix::matrix_unlabeled_add,63->64,8993229949524469768,17799667357578236628,8806437408053766860,-4498885245087041901032204682705777502621297362343255448091151934955011110296925314165683696167071493026574896677710551977106573417336779152528773053183652,13407807929942597099574024998205846127479365820592393377723561443720769383374469661147847687812952081302854773939601805382211292725060150247698793015185569,-4498885245087041901032204682705777502621297362343255448091151934955011110296917215989836272069120327271950151801691285607886155125629712519425750146083204,13407807929942597099574024998205846127479365820592393377723561443720769383374469661147847687812952081302854773939601805382211292725060150247698793015185569,1,False,False
matrix::matrix_unlabeled_add,64->65,17799667357578236628,30568377312064202855,12768709954485966227,1681495337547162814753924880987925333349032145478259918716757762111955127391946678848127939356195347051396520822581022200680077369329739983759829416537913,13407807929942597099574024998205846127479365820592393377723561443720769383374469661147847687812952081302854773939601805382211292725060150247698793015185569,1681495337547162814753924880987925333349032145478259918716757762111955127391814278371018975456768352503485919138341143895604495811174849796663400864887403,13407807929942597099574024998205846127479365820592393377723561443720769383374469661147847687812952081302854773939601805382211292725060150247698793015185569,1,False,True
matrix::matrix_unlabeled_add,65->66,30568377312064202855,46346217550346335726,15777840238282132871,1610855047846049251461015932687031425618203568142090200755845421771056964694083072092260046362330404402397357356553862548712678777591196650610090331701210,13407807929942597099574024998205846127479365820592393377723561443720769383374469661147847687812952081302854773939601805382211292725060150247698793015185569,1610855047846049251461015932687031425618203568142090200755845421771056964694177348881012618162143336765623400460645597202466541463408921551271352663930722,13407807929942597099574024998205846127479365820592393377723561443720769383374469661147847687812952081302854773939601805382211292725060150247698793015185569,1,False,False
matrix::matrix_unlabeled_add,67->68,132656943602386256302,219898266213316039825,87241322610929783523,720056223060633484997111242673254610927721667956205705832099029982771665094716277710786350708569144685224737140229714589532115001579890899087516893346035,13407807929942597099574024998205846127479365820592393377723561443720769383374469661147847687812952081302854773939601805382211292725060150247698793015185569,720056223060633484997111242673254610927721667956205705832099029982771665094919548452290809026861160900333927965986906308028236571683333838306513700372481,13407807929942597099574024998205846127479365820592393377723561443720769383374469661147847687812952081302854773939601805382211292725060150247698793015185569,1,False,True
matrix::matrix_unlabeled_add,68->69,219898266213316039825,297274491920375905804,77376225707059865979,2293725124007002194473946126603236951362826445300811708167663248074113628408601997013806539122688840333423381628222380071215809251988140062065532393862683,13407807929942597099574024998205846127479365820592393377723561443720769383374469661147847687812952081302854773939601805382211292725060150247698793015185569,2293725124007002194473946126603236951362826445300811708167663248074113628408425399820787505022017192675622950717755247726407185835208264786018887604149877,13407807929942597099574024998205846127479365820592393377723561443720769383374469661147847687812952081302854773939601805382211292725060150247698793015185569,1,False,True
matrix::matrix_unlabeled_add,69->70,297274491920375905804,970436974005023690481,673162482084647784677,3625870076162285335437683230315577670627622932035518306661440666442896891748572155530428771380126358507521671619944595425707320882141111891259052114234482,13407807929942597099574024998205846127479365820592393377723561443720769383374469661147847687812952081302854773939601805382211292725060150247698793015185569,3625870076162285335437683230315577670627622932035518306661440666442896891748568173894828474817253750889336086816801244207581707897188864921166795445236014,13407807929942597099574024998205846127479365820592393377723561443720769383374469661147847687812952081302854773939601805382211292725060150247698793015185569,1,False,False
