n,Phi_trunc_156,x,y
1,0.475561529159551572470709345884621936100985485829132436550464858155768637484948207099828506631441898832019256820875428694573342539094874985122282636430258328,55066263022277343669578718895168534326250603453777594175500187360389116729240,32670510020758816978083085130507043184471273380659243275938904335757337482424
2,0.773506139465032624781795628183077831966827734699802272478342626659114690981578803425529332495233785636656552169627050613442690733400557510246417606287523761,89565891926547004231252920425935692360644145829622209833684329913297188986597,12158399299693830322967808612713398636155367887041628176798871954788371653930
3,0.973396897681911219874187479164064370527739225341089540308236126418910194056434798769185005885149815534871068998350300876839250866270924559700152781533302982,112711660439710606056748659173929673102114977341539408544630613555209775888121,25583027980570883691656905877401976406448868254816295069919888960541586679410
4,0.892881151697158883398010694976707350839391116800826982650861488084325187665464843774349426364990724329662528274777678041499346331550375013085815548492122073,103388573995635080359749164254216598308788835304023601477803095234286494993683,37057141145242123013015316630864329550140216928701153669873286428255828810018
5,0.185727971862459381384803864017652885277573094273796249683030263358959688932391289670701134445281341170932202236972687608568727015503027178144671828451828143,21505829891763648114329055987619236494102133314575206970830385799158076338148,98003708678762621233683240503080860129026887322874138805529884920309963580118
6,0.999900569547545118325135408879985635590189926257714631088624966168819282158747193868588362374863328890045863315907236878103630860573957083738615163010319786,115780575977492633039504758427830329241728645270042306223540962614150928364886,78735063515800386211891312544505775871260717697865196436804966483607426560663
7,0.362273239631000289425727378580545974174493600017426021792629067243388265731024404039021754996428687772470035064639795416864041323770714100633891839969616240,41948375291644419605210209193538855353224492619856392092318293986323063962044,48361766907851246668144012348516735800090617714386977531302791340517493990618
8,0.183622710724002784432124690902779585679549799804520186859146846942513299663074517108663358557978668655170305037068910019120906807536341381527521281884081802,21262057306151627953595685090280431278183829487175876377991189246716355947009,41749993296225487051377864631615517161996906063147759678534462689479575333124
9,0.675117783933074954221908950212219026849163032638887367582279957776811442562933764095838720611612129288740117741021409841932077005652138862924504683069036343,78173298682877769088723994436027545680738210601369041078747105985693655485630,92362876758821804597230797234617159328445543067760556585160674174871431781431
10,0.626026965277517116520787320469648512980257087480953708387821568253868381890234967864425431959668302129170977955373731573014776281660863908443577373548193120,72488970228380509287422715226575535698893157273063074627791787432852706183111,62070622898698443831883535403436258712770888294397026493185421712108624767191
11,0.465986726886204587464395929019833017411049892639818931223748109510136839540151019987577132526831341051912923997654305590774329908586643255088558649081238364,53957576663012291606402345341061437133522758407718089353314528343643821967563,98386217607324929854432842186271083758341411730506808463586570492533445740059
12,0.812760700770835371822842796028797706926627074886743741161050571516722160068839340620689555294803691367071650685290681722428450750269318161309312809770293914,94111259592240215275188773285036844871058226277992966241101117022315524122714,76870767327212528811304566602812752860184934880685532702451763239157141742375
13,0.947379336424508119246758953894590928522751648145729810668827626195983633001612432486583365949432313640590490932264126160756609305052363746409400763664667600,109699032664856045668214896063362497021339186688470416858630178803463338613416,4835088675770141268294878046681321747490758260515711581034896622314066275713
14,0.287595726208900415349932308038290333583748936941327658287089641197779056862703365077098190953667229464699271799236657310483375837306144463941510470325106107,33301309993451753050311554695703528430361259803437469669590207169100761277412,91711666877231500617203373035680263572492971120307578300405368749466283229019
15,0.842076141268321678824901106746950295832836542486489692295101075744481563427796779092387220926519758063425122609757906928700447436936454069409978412856334228,97505755694356382817881959832717013755620551362654128955029190924747025549326,39856815248295663243990443767776362321337592747889787217974905533720651000664
16,0.898678694784047920749779982206244837816232885268996923668632855297245437842775397785135889365313640026578276621449075417962550080387050012017852346630914152,104059883622109321374094289636044428849728529177856482232626205340719788190730,112122903140080327253741791678230372394936108416576609264408917599318947489825
17,0.871061939014365784125842996700422857528066558942881524463029614613703176172438049096158955469201345613864150222052908762214927721482507249318572256235174138,100862081773581120499222301212791081193994281440454033593790618293887747050036,29883864782608871580821802176208615141762369223249393426421538275393411672951
18,0.335957947351286417162451577135935180244029950012996804929828062728143901312425757655761073910733485429261152361563076585708753322384528134516033912777330754,38901272619685732968285380035171577070479117282397203902622597987558769928140,87393127487643849618870152207476122589010570440825041333620493866032028851544
19,0.169168511310673838934495865555683151798987364652484929580306439185259489108841368562093597916288876373034567152379604483613117619459605747135334324365673939,19588375357829479297593261744848590434972900972071148260168833594658324503404,60568592333449737531184420002591396163903580402725242236305558432410218044282
20,0.300309764554354920733823903112281218636803876927010772585737031228740999783431953500185657330460201953533280245960878866278535037154094836930315828103728594,34773495056115281091786765947597603724784643419904767525769502836017890139287,8470533044743364938367028725608288731153024648869546164814808839694950063162
21,0.207698779716214231532586182895129518964716185657870912377650994773187063968942752531850411704110078521674980426770499744988065965252915779610830087075574548,24049875635381557237058143631624836741422505207761609709712554171343558302165,22669890352939653242079781319904043788036611953081321775127194249638113810828
22,0.258291231848546927005708223126436110010703251625004759293964921440202538049239298293018177170088706581874525913553474038943436270211562407617671571859495627,29908081367423272746086114569421970207888665320998202915346633185016778189308,19705544727792599099830884487151299095417296550955739824847212341657057716097
23,0.186066645527918754575465565808822920864919912812058627971841483143232711735135251903754406631265279778599369449533514235756895112782052203507724401759714547,21545045623056848826483343441081830815719530893582365358444562918095175994431,1296978981679745807043951140304019026881137717020402959957988455650813508967
24,0.993938696862859680656340686192104766268208791260181254788338032755618742047820568225329050957567775869456818347503767120487759687868080915291490345971323774,115090238283566018960826468250608273126387416636633736439689841211757211870926,47185183227829754668635270747409548752084785367264057948864458978444304762303
25,0.571413493491223924888762616844115207791912552580830563867010515595174494094612970408053832208036016238342279586330781676526607510875102633958054417609995742,66165162229742397718677620062386824252848999675912518712054484685772795754260,52018513869565587577673992057861898728543589604141463438466108080111932355586
26,0.400509697783778170036476984489952296364316398810389586003224322483070566170981481524865238944747969396136291883239486758271974891220944132403944315770586462,46375854666189782329411331467438732923135312366454677774518044107217916677258,28872066516664221627799718496556756366588329842312456769228220433104069963108
27,0.855183551993522238978090141889951809631933456896137025556892568369934987525781780456940034762300394869464390379278519598299808395209471726732316108113231224,99023490166718961467148584643029653267652245207820783364668071358307234645801,75362751621984629832705305750958516370071248757681753180287377123479199292501
28,0.335623254933251547461369524862657251765252405973731807103352894228572785347117934562782554527643196049375374332395398899790182658195255210526695564797430453,38862517885349586199469132990077977525522399615397327331631717567532241615208,56796032415390392137148811074183321813766115156763923072036584114852967736264
29,0.766801045980505707491758368177018884016736502253704051724301872519439957732388224392053832794493448563880384810667302729298025050248739824416859238275967161,88789495143442116025801984763830218317601484092281216301053684219001740388315,14971629676138079947354454610178388572791590863859394042797260533911845233794
30,0.426437876796825971145449478213584654672838049788210569507270545170205347370220868195380990810037081535614528784628463495203886966782782541767123092660450247,49378132684229722274313556995573891527709373183446262831552359577455015004672,78123232289538034746933569305416412888858560602643272431489024958214987548923
31,0.414617297905726614730219988894559011738854651676211340040711660577797801576291237798774215844928409625705782538653530116691220417034863725121247544528812796,48009403158434809478298710137233764200988036438868259456275038304221065242292,101379581344212856035375194820281365028426536613141130008386086305632315345538
32,0.824243178430796893619785296881333861611852567864860863859319353382281666187152975169374915205320037450946347109380071345876023236711334331216569324034809326,95440839670107969455973995843666399663662641812074432045896568980475242364517,67400892360194400039319989411395972789004161889863182881857158544061243615929
33,0.088256815213405200794002707048472092093582299976637625349348700603278884291100852278540577053819657134056389242942569725836768952527015684545139916778179038,10219441022991940610048493520113102240595005085840974180672104038719657072293,84023467742492607926612431243360899514584580916128500081114886405247779677078
34,0.108986517882439487668515397299898074669535661999058815299652338520012551593837883950181643607991589333935937284058355498641438490900252911245760073397757211,12619776604307790469550660645393525758448419897555601226868753617320214526993,86272100689574882152938150858861318820088413186167100601966648021512258522745
35,0.376401603594336519394072758984853798233149862658172300676363353872105365730824883028251111782104606231498084652625614074305703547972735458146453795904099583,43584328072464330665967763306297595761508151294385275883849271528835646125177,1171731419844835688478928898148416329180259014376715189840427072871218252873
36,0.875872431835470466096143624635037219704470073490345201603720738506932869104911719828766708601734805464945470294695243916044458498994977491128083736403632329,101419098787597942766661010883841213675986572091206578880178916574081925093625,53748097764673089702489673031527129553025318704228137363806494938199580582828
37,0.386006216345154297238751570437908567578625425610193956057875406490355679967595786018162723954851926156907204908914784278847031732065902757341621546569911089,44696466249196887777481833878429299174322536392992392205634510941844339159869,58341336599715296255997469230977942456412351469447624645098110293822755987119
38,0.713281813643420648985780899687732704420133453689688771643528493850009822815389445233322146096341798445635269520185110963055250255471184248642351259890883605,82592391416753704330480457266605199466589998476548643675167586509583694299127,96352244311289141626709213538144106127822954871227876742730890119647945927428
39,0.503021884713288456522020562253234262332809459211580695981832578107165480990913195728066382513584892689618333651393490637569597153242808945653228044052441447,58245954963044076335222193032419637688317373475605757277584156718458924469103,12764036181290433088658499435961200322530176588733628912045896254235383420282
40,0.569796527669023570814656737807552949357075306255247548229029024489053100722414026098082516843858070605839548993930130045537805668106365786123039173065042651,65977930378964483966842705159007630837451149704819265634327747226133817150731,106574384264472205627876631445935175739834375489227447805380155393950263965849
41,0.478812556103916893850496661440011449064645105181804483643121153392339179413091926754593096603792673452800928334736688490158021590632234573569162877453511117,55442706224332212356956949983947160877073898960448236395042968736464621521147,5905242281663190858892708265754696019921609450612128937011632221309721495543
42,0.994340818779801560284599041862661851693564581086030891929615587037763571175162650369210454001630225979147338340498045057215761191522336869315925227952159862,115136800820456833737994126771386015026287095034625623644186278108926690779567,3479535755779840016334846590594739014278212596066547564422106861430200972724
43,0.832655718948980123881858572247944845618465537060844947745594084312881778090684752493691636086461060296233885265446909756594165422328317833414681353215469407,96414945312501980282409358461754977502747357521062737878469375231739675541449,108016644921439980219149763541432916357155273945921323318636524851968650287411
44,0.363347550667801605629315880031572461678490113093524473043406759253231876772315669001853069233560393091507374961538904892961826303266479545796811447041466414,42072772011086351294328511389423850314698152445154323541536957340534349973349,99133657745585934968186133288050721248258413615930917407282740640761199917928
45,0.017874756062114028813477260501746336495761935050946804546153883108933535254973384508186592427424176183337053592128831998734176463131393162265688649179755673,2069755349039566255304036353648839232649715781170511813011535420394543798627,53173698995439924366951845531266805314230463309822098990695656330917108292762
46,0.971446051557056244211362088753902599745606786267893716829186215169946518160994076727759579893924996189516638588220398735660457325366838799626342021527267807,112485767891133126222498548010271946438760990210983300801299715976951536768791,85739109496996784368776054024999276184984966609644199395125789597014054674947
47,0.468539272303049435710501962479513922922633768008013395541547540618939916048249619162732243423629840886993301858638351935895244625463430357404207247260094583,54253141229701892740678441538472478126466317116121420289154985997987923385716,67647191893224491627918802490479062705030965032432110320079555712709270724822
48,0.432772837017428420189775888776288559407951361932275882305345867995642965810978005788476471072055913113350151955526231066094599786971071298725473470481423883,50111670963408569345385204828013406423962206186815367070190059614189255189955,96344650049071302355595011727277439354119658646232861677212062449792674989672
49,0.948650930495478282942085783929239237947982550527399861880358191985084504596420883284658341560314347639774434210075211821654571589872760397411345061183663656,109846273198995465046214558810696509369395695668678477567979041624391316796720,101711840700253487202274292900077312932162220876743713596510869779955653950519
50,0.161948648467327536745335511202181984770718996198608251143427810275813827856779305641183896315814367238504293440636790086103816938924405561255598261269860691,18752372355191540835222161239240920883340654532661984440989362140194381601434,88478450163343634110113046083156231725329016889379853417393465962619872936244
51,0.274341441550995074073544281716331468759025824173248305888200670746696744258302943946617676296049086435949664082146000591000335448667880647337299056699931082,31766568681566786811585556083273569704981103744700868374944839455567139361883,42892316439533998508363691869839348703863091985464714880496520815537080971390
52,0.168501845141041087478379221808703649177976244611144484008613657758689796029232555687154345630338829113425459496214939004274815059106691258345535172592297664,19511180689223863964676874168627421459323156917296991798297923962201555596949,57367979562017697409196531308288663269903370049256107839675184520239291074509
53,0.943107620409948418430139485814616926739106005445703218070042127804886762923615138666407568751546325178585077842207385074034456937304192299133114751348708621,109204401742901676102938274178210524270147101032576152349016621748734496666183,93562928090829704595527535353598406140745506107437687143296992058804640357878
54,0.311961709146647090757643399367895738219705790405719440017977002465059662748158452073198456306380886222346522181607437381830916208263052985119208325609223893,36122698064134239917117034944532638029925389202648589133547978226819319812203,17027329777463400105144356958107372283640412543533161381521436991456009891579
55,0.792836436810632502600430321969561006412379166315867709585389236748933501748676854807261967430751470400198087815593957757586803704855064941235993114533534217,91804187441772561664481510830917750223077921964002572402238128845622951625169,91945440139593333380184788272080657792196709314822575974121657953469941695606
56,0.737904423576742209836571009057134347028483605109392142950376375273145598918484615096494581030880878112086660721840377349400891354300696687669846684669675931,85443494863408502680908561006538876660936831179320971186834465657383528300823,41574129741798670788318102088797945519763253166412892215513009393101328479924
57,0.148449557637081585126748540138744464157621645921454442413096869951499503557526269301787237682424297111959945247788152990993126320652611124727571863357695158,17189284425153064836001861279656763224636129289551722165462018837400972173600,29445779904272847763706160655321487704701247799275275841430067857695472241472
58,0.270846308025827581097794104432295223118906032346380058267242034779988294111722719360987450793562353120395840984335027026580225356249828055507755472321554325,31361859868524256934340493392748324439250961207479738197811398391136366390587,66949045302018276465653829790546454755295341269007016439257946146448951430658
59,0.461758282697617028109994652749979412520898251459161171614062538863642920405276616868470136504430132070724949061430578915054996883721855423670326286128321027,53467956276192349861948221937171498503643177269204461230384245004177138836533,4119214727602775607932521128681884153131966461396859633231677764244527094881
60,0.004478369759035975706760408920855728111117006682644176675087295204855062297647385977751722474301102459541821496370542065610197881185275337942974654263576770,518559790775991926153431284348924991691752894319091408626305042091127390610,7754554211713140270585379622151031431183921268920287121212618482407411327399
61,0.458224429271600328803349897534028350831893244709746253497554627219877287871929625838114349372949160669339438376195347145073868499848471396275342275474959696,53058764004935428650100139287376587679652978405430403380587712871864611556376,2918800479109537269737873642942211407706668016660669097675760428828773803651
62,0.064518196807346345337462363083938088980663272435299398589206698149214794713559144773560208620319538904138502422982834402126605216637946156427777171620240566,7470696802146976875048795875680307511987987110754117830917946933599684326041,35498370868222357101075189419100726924131867018781426271212491175192595798687
63,0.890239540590875974817568315798001950187811255136474604309079458771414447695306048648357575169372529560454697462926116758341645279245345634268438448957971179,103082696326686084252692006348842617458364360484939043050040089399696685644264,40612530833850030770560071666434436443194162318210174699750855405684277524469
64,0.746639330912411895921528956862467057562870674269552570242247413611747210785465665683047319744025298227528965455726390053835994523864327718156749158143922445,86454928033100054822938644242727206101601557724291916072342392316125160730507,41929975541376036990359335647717381527212342035893043668288666074313354583455
65,0.095386996171704696847185480716036359840022143554803270566325379512968681216791930350421127683807175440809717883209667851559228374379115792388747911893242018,11045059572793568563399009827450521654436229950346969273826455203229685425899,26950030226550877209429637342197821712469081306958210747276495411981785794699
66,0.029577539466799161732117493934840045049722124971289476820116235503955251363453060686409967875122052157275525118450808800792039882602303985597522823853314430,3424845089359850216662036433701154320174571538574732765710185710213042263842,50402943044099287338970517565438553175068884535895555750200109900004591912417
67,0.873496094421651837696752563386603362643723222893933439816093040225825486733057341910088469719352214041054174689975753024885848070379262041576321453828036126,101143937713719082963090668683011527973146442333401502687785111310791413372479,38862116509156141457510692564259449296113038651200971193676748814312797774871
68,0.441020267588804529686842515398280593403489256611514714567968135064830905756523451802744842583792951553784925523853767014365415394563265573202577625831776307,51066658180107921513962315407412637295052131625923864803877804316114485295337,33347816669304080943742680598459188657402202482318798658365673129240153230584
69,0.370565221234137382978532672574450484263195776528084155912906826402293134366436641942234586550965890272749120815800704452220628922281868087560344908327739226,42908521165389054147656703915977693567694617347068492019141574585392160469315,108411282694261654019124559002505901449633459510310773275932971604470807505000
70,0.750181705466807428770321165565120782722751295869164340845110385323004115172599038179388611165533282749437962404194047307715319963116005876990217830619577437,86865106983614620555782830675279365848528790960271514243101794703912353027136,107186483708804024343949399862843037919568693300460965445053323392260478671799
71,0.160272166764369952557772014969623978428093253191993603597408076916450762137273075944484108548111836765690087138732156895798890822511595694629274714316776697,18558249036237948424307693058273877802345585340121675077454343655866234916794,102925297616426326316829909679718431975894466554508612202063072243624669625978
72,0.659954625671026364804984320780618531725726997599804242282033117987329246508579388371281456176662244018736674933452878610027851094590514877967909644168899130,76417524908279090471280141612151274819536228432327196024616750366929236333900,28547740495103478414520291360192300769496233495473526474752559351111853416127
73,0.684513224890771566900894646451435907664237346469160129822157319009208801861292518356500489666500255904059398457482435180225835481758138804128559737777381680,79261216420675310801454986871094078214179215048846508873397145435821838777157,112870164830798121167268857427192869563479593708946619428596289634189538482630
74,0.154106382236302217768496713667028860146978002175811584016521449099107088201280351137342055970178005952307205634172269738709708093764234710509482514058237502,17844299963945865753556978175977048283527667030971488871107009726265147492416,92339455426497992527764828083353129240162541312856283586209097866972992126025
75,0.462611862648561012920868664630635561947982225645173224508788589261241777247303825856697528873059556837562345709748606627960475742629911270958275609242709189,53566794082043239731631458522702919010529639281102255921088692156396552332442,52600923530647757045878761903221944743155065681530260944723915263453709490582
76,0.587179813393473394001403217201209963415533686243256090381644053278908729880760419400920187306415287912070964315499374448860873827651361359793910969936502091,67990777350807742601404023085488753338978132210207570380931332031538910989091,85792528080009126161701413187313528408286619337671538805045464108358228475888
77,0.351012494310070832902761697682046158061127764490705325349849249857961990482760307741217411635128465985316900198788455222988074800215454524188527848098091195,40644470064564665175584579054027955840271219296244836168773903573899753995838,89198703056127888476103653459098745055229124294272713714806438613549071761262
78,0.179191335335479019790463342703455247708989394683297954110845795404112091574327367099175433351400488846647614875212658086730625501661047488804639107300283752,20748939091719637471895272621629400096581453981910040513983032651039194532014,107007136602518391288517914008460549905372181058811316095661346454061774229193
79,0.942304288284717978191076792428652451418875798445479366239025356058658939690011087250750795001489040590554359843114307117654921483380478736172857863355292816,109111382237769790097646325753800985432696951592160583206768965440742916720568,101869497968125946738442255681207126574780898195001593990841056036912564106045
80,0.911655172459857844919916857098919598261988397223435375992972754731263424317372057787222772021563665518358640204914528935736094344860798705952664791929793846,105562457083132745572708143974180364633865373973280165462544121334166431725102,25628918875802021943667012249582785274069049593485836199662819559539854993207
81,0.466136275338196554215529444066815052998676321724983798985474091524021830642992107853989753233394638036483665766055467347939363992612048812425588721311135176,53974893190710647917392856271326699739646766314291179501052839205294496567852,22123123627253076826349264475542573056506312214169115841604592410105799074722
82,0.888119145088259982412019231179433209422698349195003274143310279383814506405091003303225640009502833377035801712991541313713222278306286126512023635880370736,102837171301428769333771264773335921346950557806327713809549280863721245858271,15164023296287171181043853434909470869363674779362801745003407514667801193163
83,0.580288581398750395510357502658049806315848702470768915901102989753979172672009408851934580329098591366997266698786177154593172451740009794115032086262270907,67192827200719728671013143999224641878827088629569520859649981708262221161753,103384655191190246127885605668210506147248415550730308407050901448849831220606
84,0.530275234916465038874247528057117712885758633662754571064359365090371815306013089902987056703135495597104609861752034322501859409283621913540500436566796042,61401677321786128624431159032263749752468788015947186556533285933672418059129,65545782242346006913034221054137782170449115459338816031208854498684321262830
85,0.474155501535987235040557028846579192322928295246256842109417146349755641335033736712852757818339023960298552345255725763786721577871603936706082878544724495,54903456146219450286355757115060875348400970025202805483700188422117596624811,7257110762626116538834930806768650551131081767862086604424125342895754982455
86,0.287056193596494666290933043718924504599558285355701813714909036747741318345215349402869936252000792297917526402348222384647620265378766633629818599929170923,33238836385049624224277173107813446262790356254484721792146647050258190102188,68765426899485956695091900677198638765507724712483592192815717200004462122786
87,0.207336930605913118558659075301064765674143427739135700844819093052259858996547584028063675067048878905612018933925604772648324642059849253240598181637798154,24007976370911127292608057090268039794368741649196644859589589701956893165514,108122176419818886633859099635006568033852272535729709179944422224910380249873
88,0.658923644217144012505072210094408523396962039795347837727576979553191714902484601624362970412641969168644848483586141434643559692145646554622239568675457994,76298145411769127142051742143984516410310388698796900364544497222460493284606,73411481198600422535897182689311125186386648944480927088108065877811504729128
89,0.827334444368973163874894651716777205214911688193037129280668654184507757330232702251716359794892065416719203429441587987809637655336803607960354380563768832,95798783811477552110532139218095995588261607922943497599304995669953488256687,62969615922034445131819050050848042428434876063790599311067024316063183397028
90,0.919097758670447766940560831715189479653714396813095508485369209336728850354485693170575137712107587417113138723324037982092104011502919011038042773671243322,106424249689785792809434743491778818298150289868329582003793750155851559913753,49930311026718593748365085023583718822918480166988780383065338740169345896747
91,0.086499707657321628059069013684252873534818696348809572700828482637697528941815311226073632574653257075308225179376028849088233922246899965161007516183164936,10015981868058348984327315527227986149044397160813174099363811020333633533456,47219187787383500334941697973860741060370165858155730325633999467122388338037
92,0.867633211373858692254127408626840381018582184892410118771293510505746733251624280205263191433965889090138470335957990823601587644387112280902839158344292484,100465062236661070713292652798360405767974933403943197785038031859530698082328,94188634306238076314961349736363811510818492108777651132739519725941790023149
93,0.450148108802145183660254320309917377410257460578464898007547035255981996958938238285341187117079607123144687349022516728391580101532628530433207431630650197,52123589984427115055350294688910839421572550614785792489607179155035488918740,110935648994881791085672996607117404349410644183587602534412205839211144014365
94,0.519030477471932288844382627917137235567943784414445114729916504132793841335101092819433783548065681564113206904297536679066141179124487459712955310518659305,60099623364316816814360901080340830187927628082720539824424530667494328140530,13168532797630625326505420165580249887582853122297745568490807466396307907166
95,0.085346464610283284593432806861157509628402482537227093286239543902302695351987713450651944402582811241763085193896174491204425391038136986147399640831828208,9882445446243370679019973441389370914782298169440461435976781902375353582684,96538225645603539151345674925865127760117360282144134748082597779357475014413
96,0.246315055865371689846977506672474906956145035288920646407713775020617265250132215648932217200543138926404373784224248656576911848244090548775307909844173955,28521334929257642662355968364187618978461680651983966049366919313167261413603,92001216339226101051709000074262638298012195154973025878101242482331580579919
97,0.632095155055700886612266395607996058301236131901418328577760731183978338264967157860269497960349922965699022963306681546538800791049857611032887873085644703,73191618600684934363477573887062328895873581780579362909629019010919633615168,107578895931616695567160590117601145860790445681836575682502992073140827825705
98,0.278609772334791159599345800540129708503875358283970286241944242184433884988856190832795462234416776857798793702043211160042537331245934884067978127937108499,32260807620578486927060573094567194421889620277145625073289289981635159254452,90489276162980686059013225219161110475382237731883191038134170438145132642754
99,0.883540993033135002551889237312526451604058913012441175488165112109651870705471351175177956452779740218713877701272036266454279117832534263469996040258700825,102307057510119735131891022126563080960391958005135852855745919500808248060288,4758751832773844050529323980822146180231708918603439844720489409288611158534
100,0.926691823228218294828319776233993657459691185823855960829898282500778602933172603487015026516083317797494238035465112000918118373001841830320411590299155312,107303582290733097924842193972465022053148211775194373671539518313500194639752,103795966108782717446806684023742168462365449272639790795591544606836007446638
101,0.191659084892652166229869791009021633691042892248313747230990778543542779475456660317833575361908845365725456966556967607387767883250056842352189464019517682,22192605861032339923219300220952640740143957092649363892436849832160947841459,46523550145918266838590957012521308010601656596758343153930544136769822884724
102,0.188628673501730241505881554521613403920285570974317030850224817677685635742801174606610243751377398773130352666242402418411237031472402755072892910282723870,21841708194828928921666110851241958462886709384697305319615860361086400216190,113487651941779314094220983893393587394651167102082064827741952919143428386628
103,0.206085027387422827475766439813454617969850406244563421655908849130048251224063418442113455540011469308156479624832255499571786612585393650963093818515566213,23863015881719216153051207260816138099927482493539250656531368598936158919647,4186147428965581719261549093321561779791482494625560151183589172097408281582
104,0.095715145859670121184938362474395957236160372858689541510621025980362176178956840784272037925345230577845948155818382130730781471010195294971926896086004081,11083056710745658442716244053978689766248928868045541316920857988142616618716,73295948688289636522856678705391718926042994078803433438999783280726367302604
105,0.945707938964305718090912061231603167650389259017215517583971335096617667837496494623311171468187361002537567894937451181415300188200463885204502906438756697,109505498060993265589267516557028234335074575762343151902387717331321322442083,34703259824710120586099512839167510148099278997938800873450731840992711239377
106,0.124135483874753108483687477217418427301319618963327323599167099275527958898212363667813244857898798432588132197840326154828753489311731136077241799724748399,14373907026342837540790248859274986984173658260367602253381563663365555664677,81785417689942388173318251866511952071411678624370309798925652125755161605821
107,0.842658284924855334002385941305211970802225852732177359977749461996287587038940512303614219929427220359166534358310029039762805282818449221921280010358089173,97573163324582665367447127690214795536159248412174285990449644020553366942792,113289505690612447053339725371588416733632595634688575080315168267493236300091
108,0.493744607461966158975612071366966416576104286304013364111375686792203066994067949366955061405631433596670149577050291054632170053741404636709903715498043603,57171719647679641348870527589448445187713379178559972218492971811710413619742,20384627872896850454765672663812599248828542672123482939352167575322079323145
109,0.198533781381738925454459932144271099839464691543471825380695278244979983903026755126566030955047381470792883660382367904913306541250857275563906902177663217,22988641330376138291556463519387137775168751717144469933681756424377754723519,43054880981465441319990816631611930439085360624934399797394257936366286280289
110,0.233302042341092957538702447298834795483182462780603413804637822431325300269313732070803261598827845109070737457974098410452266147989006737687122283984208966,27014530906007957169531703425481274912103442539779119437726046076907210423569,70052204206988426097199854494650803460514936258189950471015657998938191627469
111,0.454619612909747771586382905040660729748428298563115922554039668674617305460160333862957615578532666428284201318949946971374572285741863512214192106438722178,52641354787079659835760017335606513692779259671592999628953750318451309889461,64568943818380334826688611802596472118277221273089442952338325742929836584950
112,0.736371842188497240470796914275567660913958930670682210673757414598367561331331510420894988628058360396855747982309494134845006128619149083733342583914002299,85266034062537391250069302603695295958363496297733629154359044325623246713660,104008187123861977772044407350424193061842796463977286446819904307346548430832
113,0.929803541655877280349878956252176565279134316440488116032104085707772544428419101071973284468271857352198818955086249376712044536633574298127080076406403721,107663894668589988416485732804907196067323549228812138412798187263568142054102,64119329745161208050770810592499096484002065820040768955395483699057524509726
114,0.716049914796977940563228228554143808549282923486613907634902740294984548430011797792682876526692653318011371618148595684744565870684662956945684846925708931,82912915632544328137725003247398238301133292886065754328746761508550033533621,45428548577043322980129453651062737965397557139722875099846570462824032485896
115,0.089547389252333130773779005204818028547186571852247508686353133418541180841892172775071445006833906667988448428287616631187608941998457948936800650934552528,10368879287274847063683326775245528892741533064032799844366072780982279055029,42641425814606490851272551281672045263853946447473496814652144068027627890509
116,0.985843717619298271001116913174198907737239857496508648912825306029044047516160113088597750376528969781372663317745197103510706129178349604185331855091696478,114152903724621333860948567490368962046201128763751000060784744139047430517897,18179381626911943442892238595623401469111522068766957311520922177387435689861
117,0.916595071730874496306933392314964514166903475799729266484135731824033584746393247975941334541949703551951921330941109269379417157342430764626795797136448103,106134458340345658891368879553264730672951336951557149795602277080076735987097,111437454760900401415457100214588370191818201503160573158882948552237860521948
118,0.655287411898685228117570380717178044584016233839932055404498968248888509611965368328147637416571576777498588914653313962300226437658964022312556359670310823,75877098474662534417929450349056078294512972958195098726037530636752650087936,73465368254320768818737410323553632318291283168879707900928649380068364463054
119,0.029488803662654400296570344819764303337444339931466410399437632619217026907263024331732211443623171554582031635971393847872519326426826061737897564614319053,3414570185207774988195907254638111010663682235814498718978778746795753512785,110308138054162063872434202072244781559310362415331225986456498158446496177588
120,0.864679723275459612745651486694072091033751419277685183419259390034121203439245094780665926274667501399688883394548025876014106519442489200329298375774411646,100123071679209893182588265588059937212528901448156035976966973357987233384486,97120429522865428736604364081867499884484173130052754040658916206897719370828
121,0.286366217327332798184958649931535265519741029151009034539442578364659047165197624933460142697479799059724495835684003387885979308817086536150159760024618465,33158942591319202694013880364699812464227945537966885412147324692873653802917,29916548433595920274169576651554938867030867506507533063627691297992682067500
122,0.076582218070327972790139465071728128055240815333819998960519723290381295618712895064649141194711811235129759757312038835041215287367641215279393238185360817,8867615028791025514053889708816324119300371263542482224594222618236029461047,270978666408934671010140251149040886335834074615197330399395361317583393906
123,0.646860600228730381660019581628760990212296195346848558780140438928073268840434537312970724393710871443462738590162167210312627303727465827516557941210831990,74901340345789065325870760596348306623878342739272826068162779513906431781301,14607169553442007236852410049041684566594265431374316230317606814245957553771
124,0.972832312163392197305251689355333826296739915275074868664150521947380664991696627968337774607900495745019026728180369849451099101473215363357242715144517849,112646285902968154960007259049732142913051411320680941933393840099389647122915,46665699167462702249052103304923986648651527250540480428802282851073771668982
125,0.766007793684121798308551690816029672264160975180815687962210982969924743632104339326025821905803028206477976927225549940681223701326443016099826124662082105,88697642802751524418503359630328367758668035510641882938485860024669701757335,2235526159614022905352095433317649097888860456206003419057354640784531036435
126,0.429560998368425290648702568371411130356691320699105242213432423087387071931140798103645450367587319517020917487647079973408644688347391483748398431663643315,49739765455947337879790908850139477504649012398313168454724745098982761739033,71531864240966930926898922546635941869813841859894270770914769905489190838066
127,0.516073250129490821973608120183482258151027929991084146210881430422704476522367973892645049126205631220537224904578286257970283506318528950703273574215767701,59757199831985803063258861155590945323274916778537213861841761251128847378561,3265850877202437352564708587060002316627909249385655507505588671348225171796
128,0.207019560973319999633930959605695783447926129190524914136559504050977860450337126729656826890066429278832777659667262175343485976803900956919243408121822007,23971227478092690611538379282579297124953800109492367109857348294863777014350,42342609885299334444880650568116455571250837701978463648617679521175848103706
129,0.369472219050668984980093518135361917963411432978831560510542737967311326369346861259736233774551898976958005953940014275533993659186909483143731851709058440,42781960159024299958163639356878453190501432691827926213851649420102986506453,26209845635735715128050436215405957538148584136159453271268754283021438363749
130,0.616616502465347536275763171084919397233059940917264112484378470351104693100660998602790052339519865592341090220556154220905180134735858756380648350131851864,71399313078669323736839153632635091547116725378263694980262817026165186043096,179593823837196588405975400113484208972710106943832594511212919018539390569
131,0.214422470500340131976074702930211361114108240093843944325446130842951129668285605516034011570654944574394402485224228891671191081519070962629645303363693339,24828425838661184004508991236528869451602486262452741052427930022653646024550,95102828470472291776057093815337685767671390421043125321484024336620242893052
132,0.541305805820718011917370033953036024560072859727937913036004978535810404554478089201322100313794430523745137589764760243435713139736747856649490249653642090,62678930172269932477902255736020956717314077750425124610689359450727554566103,80582304425855373188316584032686331214527449736457838674641405739003129319630
133,0.012547976955601332326191477557675895989441498352583671431766289931419047261361602696942812300190562443861258273630826945940067673907196877008865030222389266,1452956467390776672598891683932543545232174773492717225355396872020281653030,106210708175899152125714648298078812110806714734723933720377354113807359517220
134,0.835790641778499982767607742840296232696610883779520304038092634271717131157617353768427353302969342021741389125058084594994200222815988384815949231922885276,96777944576529843568623616193189594549923900341665273466455852419764434212376,64928530209935528785837570607755040990449330411455168881156857032989327663638
135,0.541879182414845099644126920150862984047147711837531540883676818562547030586265293667457919112535578148770059984687907562618065251426097885578411080246735486,62745322646023684649132862278503088745975977733828615989586254929015600332510,50597082332597324974253255629963107396520164163220179884187305565840999305806
136,0.946768650579667497692811371364411669616021513271343936267631670950061769385583756720190475461189552845605337085978473177472773226091958254940831593049003734,109628320075014294585128273792245302750581353998426074461709755028240539938840,84444862329296695876149043708775677522579449438989329283646898689475448450853
137,0.117980101908677324312957138181693352785627816553435839979507125008963518293181552835018462269190164977817704325141609430319599407135664013114046310372249669,13661162488437223529780284863135746668136193310617544625790232689185646836628,2725141752305645042166600835056169004588978063377366177153458734851714954166
138,0.059049019293020867104239732131516174488156259847308945693369065835691878022976165180172186742219661853267943197666757744419633558094035260915370376203806342,6837409311353477924704052842829386921883425040852518766345125123292025262229,110555121555173290121244810177399070178759354136801374237318263535601981977878
139,0.522335163481154853261130873794213200619727156625660904340646967448430522697854798850181269681821938076762730339807700853802256224720184950832555796792287585,60482279861598026324891450061129012879196844844107541081542560732800263163697,27860816461268183000230875585871877467313356846664789799312981791088511128849
140,0.575572926174959692608518768255983235088612995604748103397427672575964970134417989828627117697097404941703914796378815408108316006351592519625578167249928002,66646791630234139326591577184550968087417857699212399989636571843745903321001,41134078302871723405986629958118560145935354479189196992992326575558874723897
141,0.163568481233249495214937734276991008005745140720063624415637698839579061373790826130546567307763421713247435009085076841519900698170102814337786964060187767,18939936175372704966619684659281995043335291131987687519984341675584925753169,5110273247445873872395706108786991187530164512137465706847085393651236853835
142,0.935190366505775973400724307922747077196218907947676098809778242506206540735528116223492960633854706273847297957942529523506100894567555696327640020298300669,108287646372315250302004005968822622659575701687997551487890294546296222460635,14541502562254259379822306259007623778368668276607103686021787278623201921150
143,0.627712898053724606094696771049192056560726125880620234713763865684253356201394809366476193127763413395766012720454632006079243039124959347976009060972527825,72684187906851243154820870568882143514420580027524807114087003696949417009746,78821263099311291696988575287842738809998108579516346852160608780521684167922
144,0.555619375961574652878088143863300255778432043895477894755884046880089565597844822304847760597812181888515445587990185529225156723382626748985230575925871728,64336328363324589193023297699494412037520396928488829115368943381874835486321,4343413078510091680011139600749557020698247330833368888798096413980913401324
145,0.019177358533582067736436119544142516562039386721782317080256814566866789543168813080804688951753930516034452627077691742280488736636262560730815592850257681,2220586410656542041604888376447395590484524605150821384768686228340123705829,93687866685570228163978706142802425194183936814373096343597243148879373166652
146,0.482226070773748283098374272058961495801753038737218192337998383063282204552663055020006219829555765117180522796326498060442779625981744726904921951479584544,55837964219594216510207769692756283781741289506789867286834193280478987231570,10750941633473690337302627383362798953472099004883015364910493478992747808719
147,0.821445755725909546526603444126574201680481279127251997672815599137429955246055145227780675627638642563627463773537847237982984650823714992933854608644879509,95116920250629159313071011249909344535487102319134194920427406418235055776571,50533298526941319069989456159343178155167789960000412095042682770948899901347
148,0.924951258341589772273044478838772933895292612819321370142535153161796524734636189574459954666666712903839483992142468335672847808591642681127931262130933043,107102038646057268894400709182185766605027441091438117970905818045598729025219,2112802716716561397916579912080045259470782930197091582866471640269026402267
149,0.914083505626353388426875929624352660169612982681804740847783417409108246360386605559405857786886820944177031529782220493759572806892162385014369517099146329,105843638853845532152862916360193031110420926036306437523680207832221757421012,22691537929016007652134668400843972683670496397840361315899993088541157403021
150,0.122559806009185530138334988792872450196522069637649336767958037180055447020150023058124731838460063740199451811760760627715949046511819122461304807421957898,14191455994323772597241090149390194844060070267542625335030526433746129697775,59126208799956174503414670523558307681557031009492850963639610510104987553361
151,0.685712680027244344270703206356609753625738866135867633450413779522059044200903818137849345765666359110218730561639724393803955475759046032390045866134592477,79400103836873923914306025192710379553266435369020656067274159416374944994079,46718793984773011761475690259268575378836288781779476952917696030642000926464
152,0.881310299369179025124763516079102504611145955741239311343616820178440867729547231151246860911484815456970411458039582950798040922716299118252582766346191454,102048760830321828768081791276307427149263690371200632361572597076110309494039,74764135891182919145292307591951793510138634376657003767602225680526827077017
153,0.003474122251952935595260783104088598021970401984965767413734497731134596959529722543499983565309867218820254362501493989361355039820181387913156747701204837,402275873819480217527543954245978242749948912216697339260697277277855307913,19411896589701336237661297174692886517905212093130893753719983191330346751652
154,0.619716769253091070499290305899413316421950182346192368875190402923444216763665044391772214191682808840163924992378613328639325372660640799500952015414919292,71758299447215210679689704755843958591836307604804183950299428072268280459664,72500263821549970948711038545103897381435913118987103230063346505786086063778
155,0.348127563761627809659693962263902942041032289131140683030563994170705041902931842882954481489030740483179841151084057189929666048310022560586694026359892507,40310417929055891074976476877034803677213564495612382129320555979658680066630,80021093934540213408010330224258582906083447608942586519179154315665352282518
156,0.659155358567735905212317037544995658405615719256186526653213273832406526025713266119737692651845400162427017511979328219842437728933084116130554928531681424,76324976100530430353194997599784992873440551575879895172590683900121005569689,49613788427938901901593788608815108065140686210466220884072483877520420727879
157,0.067282517904137144182969375755488285655209036731546513393167334032958267620050056640067512813803363119173162961486071043224714263611068217222152376383651452,7790783317267172834968346439942667919217608571414102463069902506006924306820,69452029575773680160251682212807681667599179573624670895785471803329369233316
158,0.567631766793261938035532681670727199523257869104113489779310488810484384930574424423313317898785779433525728979624277137864773826456081354989614182696718151,65727268194460842226259506794187686335369294489790141766765219956999760507792,36788598630313333837149743479231637099120786861251587459717240627379645006483
159,0.235796577213123555061838572489466331032303467307221884273062581298497202166825925361053389696449215441395129854687322053043628800253278767205313887842072563,27303378310515721253835587113321634772016550731739363511996237148455257483898,80582819723974876869430539657814775212783941947283350410906753482659064435287
160,0.189591624419630193819082353940785977845945252287158457222524948731562596485453793117545143294797057321571068268365455312512712640523391548392021309732411886,21953210293445555741227665834918102399959447528097380295455576322773804400492,110657083551555239721457722293944467723860174388616998315789722813223957056615
161,0.798935217933866874907720159214349842142000845434584955598859324765092335628373775410629614589643913986806658711977587888794308530986398731396510733607873965,92510378049832975603433425070862023925662627126255680785170759286499546284080,85862364091183472844949602725054138465018815696031165869588378499961359112979
162,0.983143729563355586405678866979831384397365058041950457494760201684940810253476394910619880652874134721123453678054410248982930808983484009804003607488163990,113840266466707930654249274604802839738770258324647988476677705146803600128323,24834797637471105417801710308529470732916716831133430723719877741587502287517
163,0.770323095823660731573661873999616104788916542376643993092788748156919728150424060057521787150389595525290820557637640863396650433070952065471695378402946943,89197320653178998083960634031017990577948064961146565164925393211651089084823,50224652933564676709972338867828804863403702552222326295504708117299468001430
164,0.961555827021582430539334730272976940418737980207136899216010105550079499503796262579335476843915469585889989457085811279900194017551959855326173400199134947,111340558129144448273974239175381450982826818168398471162932675867905506011066,52884404251623360387220478293990039142305802128337157307956879335458953843719
165,0.047195014264341104052272084929886706108523490011272313390334517569847603788890051691698283089166548550474517133075150332744377410663530212493112228837569366,5464809303252995874953543585647330288383287016402159030275723405378895635859,88359735778659955871396998177945573731869575625065315132521753796457392781880
166,0.646517504105216441352070465695439468902205550311694717111265735153225128510967099691625388442916682948297942722658955832577267835153207685380841463117818008,74861612528838161890295125250396748370840079405967972369619411947203405361669,74060639572798535227261152852429407095321284548306599266827704900172938807464
167,0.651546658114762926519016244019893961658656647476968300102326760823624590073221672062118426838047891008423263084981449541700831686324236104245522450442957734,75443948778699775046128059925343762707883891751088032521369965712281412101871,952164613442323294656842609631821712946557045285039678103421684085639781279
168,0.197443412395160563971055874716810333606817826223284420254817329423918338774372287669054280347774613884860006654991677116109777194523931497557586359878522718,22862385227380654633693337396541561752810459689518149724905750175381976175449,90880888130827765093783091928648069067711279903853834156390274315646376332885
169,0.205038881397529364979733756548731190347594538048774959550321632947120199961149480356659936311592256770287451368530020449730605127278070105617324270966315774,23741880451902211857013286590982730645815446494508729746407845098176557337656,43836354831252764346671538997472244187173804128227773368689841922200253711432
170,0.973879654903299164349640119862108183907268314615590047596832385708994992536105556982935985988476160810926785016218351393420253571843534335331749319792132538,112767559906969517734070371214491624918866404620157571634690161902250515369787,72845164100190755887951991952383548389585920995792030639934862876119291927272
171,0.853107799332170636109478127634508454704946650309528567523079977808311706514633372189086388959396371370616408452686285327944219908690954299132863869078275973,98783134429321140083261292432560895618865606245854656202083437161273957180778,33346416117646425768999778791292938120152021244092585128065165430592659792010
172,0.769428426904890228171188259576464616637711756487606468713682292672157299618438217886096403771881018944910677810734085064971776659461878479990642809284066370,89093725069898870759440270708690878122404820739397193930600736323439916952442,89892298240076621396356304884672556839265805771802613627057472344782897261926
173,0.765736091093462699267802898577173196698077633663923491763608342739216980280368164393945812955467011600075119898538372701280222115493295253031463237348804820,88666181792127916028615215592330649249749175863139225491038114953247066886417,41904977563618648328334195867598547024675554493689198618556218409739940242132
174,0.410910998661489262487946245282852357460570532362817234549126070870028480957728113528090411806114002282482241129291532773189896977063123350721772227078980037,47580243025605880414593334321954152015206523755790410380589201402504367108226,102947817352291381686018618598139799018868317663726522284403103102832473247252
175,0.305706556074062490947447706148649587372689153037066022934269492138948262458768515895657165585759470327040530316115494158408102150108009473254064195077965114,35398400821360451346887634736984847467023299617824124526114352581549297186050,53121743005111592187212573826605385061569135115754153432241703352318484833335
176,0.471322158848311697996274733821258014320481886300942172789285893882047014387877704098022030918670147127317028452958679266397421968687380108610419488188623836,54575377476888227190831071069348117083842300900801169613971251305642785447346,47525779811200040351165049385863153961607384583209587497432566523721512796995
177,0.216639246916871349841947179893752457725771711608697011125212504616150761227588079367871652349681950399286728322824442602636501073954998440600330093577306605,25085111011303344800188373044680703837765876382350035707289315497163872923114,86085765363740117895288682158008141911008766971235030046930514741528291806455
178,0.098365332961925514632542526950594571272828698776134803923480321981777701282533051984473861169741925450966232193144646144671597940673851771493169261786147337,11389927412185599381799110556350307549607661367524275704041642338913360852769,49101322349177748124396489944478922055078114798222581627607954673488157877177
179,0.808152958632678500534133602233450347371988161586028789526548489011416134567627003774527311547605047825850265028325796729730637839614648625741802284549262640,93577719503396212705244754738501379599178324086222710735103003326043181764134,65059353907962383266645837844067088973384727978344416062157140180157580647533
180,0.509398815075176079252632397115119165862217134549987504300357127857175655701489596076930249202322301036764146182535927611345052897145392543910241073069303250,58984353052567919006407847957941176819626280797157042458749748447561891336783,82232232262558124442849219940080972064877404963607463551891156976046999335809
181,0.706938440454644621298764359921178541195484790009631100770073443937226226484533275954875533336536045680996100129181517344515703166722083577988251870260472195,81857878982413351540166761521739340822176274163993188838627145151780228462982,26187831543868930940862049240612970883979451882984997105154225522578749941802
182,0.626812625577074823505322656904548342707210948303130731033165083361813802179482031867624734762281305814094896548953854635903133031829766875971377624108407504,72579943475897111868398330638151128130564279293434598704225447005658478650882,73309658257140196555676596514180248862682522064083019693436054718687843082148
183,0.828708528596671006027384918640285549124817908027012630482567993328016312494370621695586187132610624154867498907263028670981563371915754444459362119408566996,95957891894990729355270031496487107059399126207385021429854283717661932963342,44721874067887808626641797746327608285619629136628441072893666153160679394644
184,0.259364824637729068505374676333999038013580853192264733777105421933223607786524335423285177677826334005734951399564175900163758923678303976722821107411979661,30032394919472790467988971727410972979310286425239140521900473361152951968668,22277685188809170405177006727264185967367379000578171481308640657496331841873
185,0.282309838688944302786625899850668593939819303115723728731712675672307923963426359180256389668875783591808572857060532681723686034487161077701971163899514355,32689246034042578872614241160583588786066595296215897679470354239779065172676,17031140399023531624116139639174860620403101325481993387488041113355368075127
186,0.244146325948767457539040238852637714148227898052985634720994779904046722395171195219759112370991384819813951351753044194336626945864267531792777008442060442,28270213161222568084468826043166589826121572158439298411196580581451194901697,104621395788367269150683872247391636489961620009570244621971766612600602777931
187,0.874739593012293858633981094856620352263572443907200682470551668644268002036880221617647356999468857041168058779653880484224029170733647581237500067554183202,101287925013493180773139835151155600992565969277909678471863678035270454529754,107190086214868430698883457595956703212448989000381679512228466477243968419095
188,0.161848983695819833364559007872346869576756473338038046027638834056090054036240755849081380482124565557164413371159245551921792837681739574617277501348736722,18740831963075304116777719791611157219400384592622537648279499181172967622131,67334671486432354227415419650166616859323905020665712436700679052752860674239
189,0.427718561482166029438296529480495317597370745382416812959760403293091252939976753248334236635121906976181978619718903406045163480921244238143513627302818486,49526425839599482516486226608051261709343003736393485128250591202913013131353,92846148294287107954443737530111402651710931441266929791802260204322737433872
190,0.198242304257599268900283170179467170038848464195168567170134221950831779675075741945710795553123679480677670496050987913903131954845472519193432373233567506,22954890585207122889251967381603371830627834321913959524326177267671147195950,104206378955696402340434681165371975264627518216232525222532493416245989761814
191,0.903656353607412111050893973811961611188605432222526092262135163666499488928994965268841212289024372646568179819716642370099876691609027434378193786130678289,104636257136777222030931176343564671670738470582329300346982886260914249815071,111165209081081873588991858942615202093957299729365687782184333975453144109349
192,0.842298170740938354064708093613588060356057420345429780747739837653843784499349622381383201787590832509715702132354066875743863533681404451192595332526194004,97531464950862927129847078102679476204008792981122835101383963017073138734930,65655049125671561629383094125662919487530953892186460947532479988067800895220
193,0.920294169173125379082856631379498828705387513382002545633430996639197052136425944548892568031086146529257805633397839020281382144775512651156488332985298374,106562784561476301201583192391224029924652000542575817118033048327603765469708,49177817498499342586423374160813043550471194176795492147952960816434132886078
194,0.513898069876590570254581583836269801329954130357492927872454124062640361261060378899647120950413926029996641689926444448093599912407090443570457153181126885,59505331166034729106108168770718792418213360056441445208537234036851029690467,59448801799278824640214036038274712689596663706051409202445601496682942096175
195,0.077766121013628298008494247411958627743082150415352984002043650626172422823886159047495501014900790971934277284374322261351640611438549486745827922031177674,9004701624049978067721371958062827067943548542203699441232548532372884924738,115321471407261187725354861332410961654550114008487992451177158045678792388081
196,0.131949290511830343764604803568222292145103259746942773609709227425805929820678451449880660349095075008442526214702085067008211776469490555538787238919993059,15278684021746418331198785085650597023916133154062385408616397547139775732078,96997299790602937281314267083938505373333625496910680148665785479192336686170
197,0.930026063442701332253417905657163384802417306774412372167065468288555610725594002683753715321922814243622842871778423829958381768753360056808442936073819211,107689660931187166085688873154037254359731846987428948899748031796913562285642,12119059790264126209589871950908639775766756580166858413087630880863832269490
198,0.577733155998132551932737491970615772705706897104988961240618722580322662214621708653931987875972759619620595344882464332960794047920431975492974306510109246,66896929154692082838721907972522440072056472987644237677769089634952026750677,65336297583373778891183756423697437346537036324599968642759710868331660816260
199,0.696914072987813136597989173832584884478272600399370386643121325129060908304178153893768681098196869483979502413332407829923815831880982393489003780291868203,80697136530146350966936194947773803941220487725929799888115927507800240897408,43056387872664932853685962488869284413277974682883010132567836002827948712995
200,0.802158110796056566221151194694353909015953907302398438480202886141740445007451680295885034037801502719994928239259269213288873477698335147837815073149709993,92883563547733953747193399241467975295201508608352798513009429659680796014075,114610965210433134803810343179237635280663098111701848326472592228175073260197
201,0.996215049536310240521651262900443902094490376117893008950715374607808433467517104999239212122649880302371194022766427295643869185012437454377623634428163935,115353821915465809481755899893437437675065522484666040342125980872402050249997,30533262590578091637320766344920562300570398419635207956351517798025380622552
202,0.422075217477770436004418697916058556657840564342717867403244246627374264930420805582890343276911358046947178651437869801054851247031953732738971157906554261,48872971247045634641793246833235405276896513926495150962651988439194565084199,108375830245422400309737425552627726530461265594975751665636191469912494666415
203,0.552911301557970783461731825036449339075756555154824377792647060711808125251047697196683053872380380928606754581955947956699484774495267757329250980650877499,64022754770321198110432962454405456733381756250342463267858180476037835859617,93044553973374080419019178558525363683298601925090745394396664743351837484888
204,0.853937065860555415311857869017712303022229012324683400605531562717621188259299878294364115885000526797616186248483193212185455649689040074916277212753989888,98879156933177389840416984995088389875452749400071622272110283723346378312556,106981877284678530338366015191332753367222176062661361963868627641192812207067
205,0.323654849901571659321561377226773053038480803294731013325677577783356014499351571538095415818857008528271701535966083406138105915914907418178639746766735401,37476671261892964425067828896482050341777889507916926498371020081068698184547,5533057497538203730746641347676920855809685099750290728358882752425957503861
206,0.321564549115111096411562853785478515162311143673683167327324741979678363779559843297490682042111380051050008257608526316767901226695997678888444962371807914,37234630966694290699669461809854574262039327626606668695077795866704216261481,71031524387010190232313533625527089028357812785024111356754585878543896147211
207,0.899163518293637465524272178075826326744656709079313272562641045953759622152406475975420206256139194015396400690317311535657438478205612111032800845873979392,104116022349196062766839468859157274517254565610206821119731726173617693930322,49545355878969033437633325017101074148462498754476980213385681245294645934717
208,0.490333085957768964507029212141836980864062087314928174847736124393247864747321446263506773782246811183958605802825137634533972763164891650921059989874776780,56776692445230616629432297205307529057934336962899922316048180220453958247829,102550639392716941899956119763943184352704475327295390114931727022151475346920
209,0.496840127851739056594270399375640949962331857038966074319370682335369968012047133901508046125345028732529505424535967432331096123162501679893744158544178190,57530156420888156521475094364415218704229008374207888062885627448441579442579,91534989503531398104469143498949820734176139792910479046624792680007842056940
210,0.350312429504135324382747430360172914154856988847328587846897459993834760820495654501190599174791549736545838937917392315634707810121699191548304420112212831,40563408098083876328480273294243930979794187012880508052036171076417236637717,101661744247859954933287773053339354637435796268347205671798815692966507314219
211,0.314834542133777553229258621418204319570455686359566866685290776542177369971151823335274445848640392238084567359195297681355817559450550601938281290199755300,36455349397743956076834598730415052981092110432224220593703111049947613198848,4274122154543871102899198978693973665190826764836219374144663925975588265408
212,0.955578486808754367803234505754042565265421778352677587191632287132729482004645168488113612431716005731761411494496641718439305689866450236190559916254124466,110648429417818862653877464545532802458686965946048704278519792493823309639637,27476877794157262213645525590332490314112945962725464939663531597419098261689
213,0.198113232365295449191741466816891534799457463645351678093543782638820509083161992041935451774564091368320016720642288701735696121826486712591626982572027282,22939945081135449732102889019875224367015375145926930170114817370765588475224,107693372727135184250650795374185549082240950678386186790214861188833267447100
214,0.703157820617073331753048540874872119055366881606777687851706430990104526739808193791665163438804421615396738558474097546781194052156116864979270288308389621,81420113112808928921049168489245518943702086033559505849855433915550479445708,112086248412219161418747131315575100085233421816527260661377034419118852474380
215,0.885917007425229826277855953268614990515457349702179979485464948422346393003693586613776198088986365085286253335622097472927291866680047490963744432366128704,102582181180638326553011064113884772170350943120693795973604110783561467405559,95738698331815686992682652928164725523713822178492237343665726878235672495268
216,0.331035411319519460938094529026738332990010149107415341850263946564996604785648695493152216930386390565861827578938075542783335197074321927105407559962266729,38331281888221469223001148139121905558164522126858621718370659467125616604092,9568233062661973967817787092770704623062635436893060576978671451790857356521
217,0.516483572638054663016635696929819069609026204540288761888969088819750031891463830051999661123079127610863452861108237793517626162093901359202369365804854676,59804711932513506784123989531696865543229948330373523204264618537577706349480,89050872960406978327480571194996810247693376857669791125881153464831190071583
218,0.807263939381573019259618933891517566526216541758888302445393124948469789634766967596507215736570147442976774470039226533972898142935091649383702103479749445,93474778106938514802787653710452810285194173935634649222646579372894962934273,1764564558047585201428742316647631506076151356837524912631433532267804747828
219,0.255414279345657774440552308245720834828161040370753406395495076322048723668321773678134706373663297799212873138356632630386107792019368626242485953190099605,29574953026477211812727028775668502982975315413070664538030455456710318478974,46627525835295277715811330536688960115711701295511403037016858017267662005833
220,0.293524062909849979715959890168389482897621679994139500367420957761034105359796221242281033586360716958655335617885862491908195419012860025939685998594110090,33987764485756961702953123980304394019522838382416975655879392140345111352606,91157994808989493262093611589899054915830684297419240970412667412788230395783
221,0.248737314785725016724775677328093284573733046945017589387232989228069730769803937469962869355952143999560968460300608190386278529665408704215944823252942207,28801813350319080270945124451850601923497785129958309823688968412116518135869,5798326110135323774640917345392167716420391529330953116832942673717142886438
222,0.741314035127636014422688322162296937255932224157064877638035321678631862737914887028084457908818821646616385644583732204292870937758203419837503669660564940,85838300908374182172223244166612729067673750662512913770986642191598960276644,91583212174410800530963879867226831727444534666365653151168099175602756224430
223,0.403551459460688294341176955382293362672592462447570011962653487173944277141943897336439483872318864267939558740558794679241241565237037037051090044771921069,46728066605721207996451745661921016453614062209295052113587284449058150787179,18822456258611591210675272244890494711848272952041199218949392938604522453157
224,0.034126863575785386152794651105205346152060077193853107535598482031109317894681140358215020933100747193355827096403129966858936944891102885281547053218840381,3951620832557057103848397037937330228967155552456836977045923180329637950740,95473263819178136898129622939316779429655166328021079992747693728567241822551
225,0.824940541128734337466804718989356239668473400793294271971417945084389550545108543412697699099487276004874689369578216161121490503591459689270436365624032569,95521588753858317532645402279801585004885472271988388982788367917245174247567,112743604794522322195520494365136737764774061540060230069284476929971821931143
226,0.442479232743874258109111649161158130639933828888408902366418801805686039599399093098892583694280688595316454829973478252560667782579363765206599878633235849,51235594803537890368496240742719160039718875448081547385379636256592901235388,18415567528134546045512369557249091115735831973873745930425187217377037745350
227,0.190992739112813299708279944110055524876880534895042439206793978912701944056762418430610546697524688202888199098612656178429288978887007651182888390075834640,22115448291030328839984335992991864259088607954152215179017274976058309754870,31746016547584063564337313295661656258989655105715265700094049689970596699003
228,0.493687069982641392288276525864061159696882467781873431382285027048650428443476176745252030441067584667585159703676338056075139135975227359502145020876331237,57165057262739177729018718925418755136619440075372687527386120109554898178633,43860237490515303529088190803151996311580227308124422878513743534551367289388
229,0.742681622560048273867339735226678012370803276757046479637301438360482570927300454208007328293399387160305067752633895450944096516472019790072907637010365574,85996656714387894648898578600729154829743431401484145840233310920773953311383,44370028134180839618239232270479351319001744810478048174978368970738369345980
230,0.024315252053327942982483173979761632713021408500941947886466173168962461845314112492027679160071976837422895395500852301314315155081218688484972392718519658,2815513835586785028075576901209539680674106778839634657506060565752631427995,87382025393106751995108822865721907932477604434419939116756264539453266182590
231,0.574527987203407768396230355355638179343822133971990255684972616529659232220089101793076422369596441375652561210490039908747316265530824206496774596930918366,66525795963592649508902500655882593019066784166482846934053997582947402510410,56116606649318934859480801686250797907335498086038076400326700276423593538684
232,0.489565260088612497075110413660132317584773795719806820490685392277674018287528777245108616749730438059623749352567604264224137983690372664123502185065356577,56687784283670531083613944780442770181477173204652549656309808595451667118433,81941871333134434603616730763123786120241701352565889379722516511878010198963
233,0.687835217525729789898443956881223439376939540851429308284555948058517370059812706344142885516873777077722932045924152458212226067311353252761262055798966990,79645876888308100523422472564589422128241114255547861161074564759718337384748,77593062976358561500271527494413110873691455764886695459496798446595696368991
234,0.700516810289982949586034421104287129373068960479521921558552449497359344265467629545608621293032451391399465320450266423993617325332755559902932873494117744,81114305009337805755222806405877846608245959868065780326984929854162937583691,90884524316682642771322773275895335659739945954679757806510641442186129463701
235,0.835600009745226632947928741509701986750465488642991307641585390637790842476049824303902217827160870481704661770340461279777498659061188400876925045278197382,96755870895121564816112920347468348732353412665906856267488132838963271572306,34687212402928807592266846340882253488192695360824727336347954471415977559162
236,0.892665758187642483903233672083491981383548051151607573217645382516585328550760231006651995665113944586909961728547205762467159903546386835281224487213601101,103363633131160018714293025525019621779525133828962057663182321189942171795349,88665906081675209005915601921751534137686311978426889943372222432030813425590
237,0.826877654644561449826911452397288754099082675747276651751145588282449741873401132416857704814635304748219712214741615045850727439250097695139934336574988032,95745891174945781845339548867182712323881206478079117274842176001043807692475,85534689224224713189782185078358699838690884154626832951920536906475090848838
238,0.024797516585413861841378707559354506249530106005447718756288883937419691125740023090254044695694048060350122423937598984898693258544223124152066621872363945,2871356253322070284173945906722462834091097025717976623056772963954703638865,80126888662965486376658174695742670869447011036372153082914751076275738457677
239,0.274385892750181788862803045610725514332720711756971044588863348380601468376516386611856870438416140871398617222606484984126797845936071588023225945412141199,31771715778789720607554029602724682519064318523250093562194091729735680241765,86815223533998537640475449914399963236109454683917675406762210472469349255807
240,0.866290155565679381476820752302412498402037269470982402086367929893614423048972241854323983997658937765491212797734876208789711942283624711390892185989787175,100309546998669676137169457885964781415204344063900687989421974304179855166972,84153484819576037515762091811286887219971566732676706265321076044805141826728
241,0.474700807843405034399936303968801904587264840641643127370717877823143368399319512523360748455542502857114999613508854037724374169033521577329541502873653559,54966598302829643488178013473774508310733774140383376650636472364228589918487,43528174422263263134691356240133420514359618034071969751913172213324412284163
242,0.416080215069215990888109226765111455553845371114887096704955772597654309152860638451723606342976167489160778637582920249532354926036424917255841888629965219,48178797393176372808386639757522247203016372679344956731635819722439483786479,45165604879383103228745093846856116853594251218294909814072556248418118315777
243,0.455592001642311889231397253832556859416737869410702017554554129791821150053303357088660604789666127713027486504448765364740347242872349772274901697167127068,52753949709974084938802853863505491704044021408316307275656100602334598857705,92443812174239770895839439044230084834301254833704634745644285456431253084936
244,0.180486033356909144707727509165842481157042629703803581530010979163896137872374396043577884399086647598078611174589031620257170843457426193782304986858766061,20898854880552451212264464841118736916149182293460286403803099495711571462664,114212841091156555371544600458221621122956803557487014123530871820243997133313
245,0.189089436186078290749466287697498610124233355207829551895104185206480303753665159195235608899402357555526893677618235678789684640338272243182612901596592929,21895060868692183593898287760410018315506457799467984980825794662761315134883,38556170905271297303274520487066616810380794778298149439435440010414392487928
246,0.000296187375439287606289515612115206689696092782086773747662493184449257279667668428007139645680480950384027593164980879109198504714091225880313036367529376,34296155007832465675817118122176512446422846778320975109091891737070928000,17642615101614947131028255253280108871020147186358298642304699084192786939794
247,0.617696341323383662321785412442307548591176916070186713509056071579383145028342123960840949978660055293122744127951110344941105525198927822370801238318781081,71524349876080964458635046114400672996421062511196703656602420613989324681047,3199738388379285223919512263608003445894075132555832827892725329711142568819
248,0.133319584874573791514843577825608787757062007070597857337369784610279665194138149254208049543029537358484889026112449175012441531021479912638102859315128026,15437353268878598962037924719959873736461125657698603621793803388754840214179,100190322941043222118543415683363259910417091753196112441092602569890573463633
249,0.091524517303937316828184883586540635520012822743902718506822052987252212888526855930569567937582096102824569026314136565670427064805387589494828086163117160,10597815075059800075139574243755088039348631408549400999240026599634240699750,107446896569903386299046036557157770447322549472536202211386146282688200618435
250,0.528696655560619398382878681090992572480059352061890696804983883930647269022356572443995384141224535652858132182357865100069975183035530061824774100530338128,61218890320145865103489094951115304403068800757206343906265892140890918719379,41963450395282074270494993750746669045738768526298362154530678929009706760294
251,0.460272729079829612687311388676368830085315243008809571357032721711148491456115728046521860695940605400841584410994568603247974391252324660631872571536173880,53295940919114691539573877648584535046658279022180764861478799558760746929576,68896828129255433382272236745457426319133170594808663895260645684378687946456
252,0.412910249616528850769722461561227559659642734676145406649873910608533804263595305990787154193542721565306340818164080259397905021677057170401002710261833782,47811740470599614049787058897046420122894907126384936456755895859255599852539,12037465574769992328996449749239837760308958323241393115726192002840386834082
253,0.502351807078769364323517182650322171328500775213468000798206573937094403752151411898899075219468215813460001573209897222704332744345339026505149853155424422,58168365273791911864311386975549905988997523578076850094178887815697056945953,71736264978336290796242074939834451184597744163096892316630058629518361528001
254,0.337227061951595331161346788966026443654274307264838505352212376352557885233908685646468318191288958038113000369490656879138103031420017153041787265633552137,39048226050737083614040617721217157354131877742605504762042212999754192445011,12303682557151135337396725652016408676403616515703583160730197030562020466293
255,0.106331838822341999153196027872519199842672044779722230778417319371086514729176735058717361314669606410559785478202742454257247649391320469847465806175801115,12312385769684547396095365029355369071957339694349689622296638024179682296192,29045073188889159330506972844502087256824914692696728592611344825524969277689
256,0.509798419213233126190817019789783118572057505161816592107474969088249765487280907702485863114152781255534493805671409550464445149301760262308860614660541403,59030624050581421406270513075794029219285200067000787157698366092408912155912,8128656248049033031875480515138402531865803579197128279783442554673902546095
257,0.565064294011937190695369177409528270212249989714493967991668367509953352727094916734518100280946295416119322674639970056363831285481411000359695938187046002,65429975157051306672027217961150368354061231634235708520943002518722881449763,53027577753439694262901372825734554637136616484350125025696589864802144195046
258,0.329575762184906698914727481558177515258547100743128106259388043560919370030421751272137305256270135870090907445819741068929545598181556378555474003822483501,38162266065371216922976002395434111354879145075349973487024104703159200322611,21917160706451584452945788798500380037872115227316713301873677370502111251490
259,0.760865182684427843102201481300661585563181901827764187218956832310658360338812959958632951663311460673592284324719277111304738981229217086674263371561291970,88102169130962158107496866384227866000198411681975373478577232745857567943323,60966977017195061974971104101146434663966037964027164581450910405897597983844
260,0.947217818037891613068340319132994599049252056935662939363499977635622949982944194725509788113346337206573545798853818470875549502938363133119724450874688080,109680330113419479846931612955216771942042725935054350496147824647563850515270,32679807044090297117793841546155375328466458105475482161603648805960387360493
261,0.613129046815589300771427678781199598838765390661073007916650650163126200429657093172265441216872168444239779875064808849267302743287501972530688326050115324,70995493302861335596329116277398939065651125224799159240885685852015239787859,58475211341986343035029676518984145558523087155498553459943038682816880014749
262,0.708215414385908644011839737038035100694334105225082171639140606801898744497663459201357069254948506934284052110184716482213560838906422667669045295168919056,82005742461816001735679865569119502832948858143226334756181550743259539310559,110831623053775805870507661276044376443386062241453013921147859349723988833736
263,0.340950944118286174098905142139069931662273324301254477693037492655699747175972354810065662629704624468621110222566264086786232647566965866109628474029704006,39479422146891800082956151019209139562579920347731122914128875560277093392904,22480991226646353498199651954974307736337129748210252275449491216923239814516
264,0.290514685059638258212098644698457150851421441991551470052782481874297854988510180228744190766512882987481068759412575359241621866612922241033323459695654428,33639302337176443275730597969225607486971840157254569144945519054801355561926,18051715515935769869835398113171020656700572120768014779415551536411231472440
265,0.941699787606839086370960544861030602949273585878994644819055048463460721547548173538807118767660866714168203624283651196625432925046349802574681145378936961,109041385841332819323784864999970688740792503272130933175787730576380547122301,39796713667689151733976605151127129540955684174707392770892655395509592323343
266,0.386883396072613427624261814538633842369598821242342252346965277181535746413585877077529505817910915698062388630770628516626172123362703335018588295636434686,44798036722476000102566726096039895682250628395408439547541011490821333013719,31999049403157659311183428777844365211754357170171810510255231361544566172257
267,0.582157043088051793659710499520170653147579611900888736047533908517013561501007111603463338192809323585900165421139176874901313373169100996133203197224348796,67409180283383822732747167679472944830070342831297607135843707756644520593856,59837556682962943560030957847445972142601244908229066405486774927933582816386
268,0.081591837473876434115037211908349870139050747038916279053283528668153296424894526577418894960892623523465950670508931688440555123277135173832669031886845980,9447689325811699680969727291430946751723620845722861337330336062319696188127,22459692140282505297737424790714385692147460788868965795139599821591253955196
269,0.103767593809349057666230159142788164539373247708018532686383854632023113737971039903421533848530511058172382904037510499496105886794697027144511331968133948,12015466482313725688447470595938618076178783269196987102394457658816431158726,97426200044482901861706337516721834270094311510762525577429565596291765130402
270,0.819826504834434257586064904851654372071078680878995236436401227212821083357767394148204547605256967588388739261976346608503763759421305806441824368070847110,94929423806905848853766315799285260623668310435397593098863926541119044971593,56576862896808444688795611847526443404686041050352904038591359053150115967936
271,0.771761861640539112908627444136156994390113621920608403779368514292429592855828025009703801083923896091713260967671804771648659052315064717080140580169937796,89363918353038579747441969830629130451695021661987720066667493834540368639560,54139620147994901694635676845558209883524086736769802184301494800733735474760
272,0.657182251039803968909132408270378720265055379432650108444230372821705809006666948218398512717661603744593671369939221829036231852806851929294671573070928090,76096505857581315227143897581798212880139154301351099826607238342645003555903,83972505993526813906290911544754936580767646764470271890390791420610056429635
273,0.394068812630909129252800959393558747257345369047512265444161086285275376095468446737690653403521442229412043553763868582781040407806390984261571009907501056,45630051117801465394004241261700512119865980215024287040999237817162017627593,87493167753777831846469089794082155876845698889273573582650249997962031813900
274,0.135009790666201782125738414131065446514064042184633177164940271684310598987095264956547209504682765048044973388849097897929728614686193417040939021611709799,15633065728732215913697863694382287538851571450673816873037222568435742007208,46629068333253366917987837477281120790624919998346288993217213430530894782792
275,0.012621787937374297597832490441436440596457841728491863975942188953406318259375253828208459367368348320593817980907582342732006044450607360462094079114421755,1461503195178925786501495686206110974064290273647293218199345267238910167262,102104314668058762870319857444730950628220601634196136858827809021089413631741
276,0.045832207284581563201225540956510838359624031422476337774150827567556912716784836808204113864523356798596532254560234909518412163956746420498548041118855218,5307007035839441754596804678228886873001282040797571412184563425490177575808,114242582994915609308746035012481502884491504103732013212079194708249952436210
277,0.128685909445655751075844935957000712490538801471838413443626453946445191164186915457817046883072682860241823993496683889298460978244939991912128450428451409,14900810310116561826201282120354225062490525187833579550906032149663209288340,63960469637822733735880134320299716091304715098685204339721661191394677549582
278,0.664847245950175839082481433416461284932700219465144725963820665394756269663976768191915151560410022119705416827950707841748267816138885994134009309858365951,76984051632246669271423261038422616799205636004584702167325348195746851319238,56319372199907328199740586112765871211259603069057625581665435571691111917184
279,0.301119076383464011176140528052895942122897111298803749650239052035177557251650429743879690555768309518412932084066837901503275279309423724984957043679552772,34867206963652296487188002541217252255247528285880876564881530094809274292875,100388233364659483142459941092711703149225147009140906797475953596908271287936
280,0.060163271587234387445751984846763936625101996616602147548536134398854948561384089611967020011541655867501212386907487036714624211766622651418137845607591100,6966430912437934172296488110634846945185796386651431972544613324384278731839,59429887142193936360234707692758340768305796860745021088215478782503050169628
281,0.660182050408064785235079405053383330582592203894004739039913615117645789823621593773121274696180588995628441931860381633461561315494614794874034749358476372,76443858893725016419480293913888891142232789298282141471138670618627441457632,28566216879494699502659747287114586184310646295737844842172475961236857129629
282,0.732580437571457653984449267107074863494976246473701494839958754174016717080932895999161317000043689589069030649655114887056813061010406315694306768870188398,84827019400786370816091742740301192084574184205613746097940887519046134447829,72359515610951949859150551423120447932988538110465280463218092783695809196751
283,0.492354419359008810129680366509697933045381042971122628794906097481467707481390334000421969238448045466816562521974131077926528628933334376704476205283311967,57010746862805348696581406713172723729441753425102544907491978018274280249968,36517443262649183795154503539980827055953707584432628040678405262367150496575
284,0.992966381698690844571265550576706532411972838595367563361740113213826846778108447539176607137764803461804254994867304930822707148685255589022871811433871183,114977651879309785346323843566628405596498582815139048503091658369825124078504,53779014569931750787224959792094839122158934330973857104126468482033371749658
285,0.483033686434720078092328361431656406075910355597699188091104427926756745961607152613889091286992140574697403990887420795316536553494513630078010402503409787,55931479724278916698663775022624825249922004310383393221715113609503806583309,49943344676142740784345029895257734001359044995800761879186591900550838112647
286,0.295092438763758009962431040884107481362029579331930359322605591177576615367400188707028345617508405655511589969922789084487570254318296792579556275886431417,34169370002590332329710851523252338237546767960319343379490169357609661687163,27522850600055321639530800874481727001265843181307510538153787415776871777344
287,0.546952233487458617736583936408822758292926433464562855061882619044929831738317168905268266255941824669771179775571974012261379988407445191934100262797982102,63332741828529211778439861392811059766246385579451319379906017464478470924295,68926615334820379836895905128027899357626545050561183660245822174315433904240
288,0.043088192320050239679839897325799309356376869720605487022088102528707362772613913365621515755299469731409983701786583841370487569292994834787480632984894937,4989271810197899706552806049804899782797932516766291104683157979962553260560,25007229525089494196444466036687017632801842889108777923475041884552254370573
289,0.327019012177419459208722367382584264753319580155673467343805777987552643367130366567871616362631650091783707303533639136175193688888744746216625089544100698,37866214640346745612147866023184263412213599860327181588577493388525601304265,35368593207746515315771689778822601473821785042445481841532003437444384188864
290,0.247684583222770662216174618008921038920111629966335392038115344696533880559457827450841653367825207906875152641887387442303353746227788842414643221468705226,28679915363238530301425002409938120193788024965073835002370844628845556707591,39322963059905229432684019996997485045013716284680632241581168503711913233582
291,0.608880901627176695840153450701470087985050579064942950880365708736029156579964582383875270780137151871527080534381893698609914363126440600758255694466085849,70503591696111587823684143441940518988407826572936457432456833741614824373043,67009925808145776575984697658348418594260989318185104075655968757642671500208
292,0.148821090492299325354059922189367708889850487907846398712478107681870619471383304520527374445962422401181306724768964706716081540936474886821141383364785474,17232304990679032290456711605467173213351358370026569649634844558951612220519,115257648146356336952424898842470484468268200927653577435136541784499289091291
293,0.486975830858265731050085042843928470340548628164540772599112773017350329749079734759575655569502941250993805593761215078254235338122951018732504172434253584,56387948863156503357917550682312327579335559007435874406346274286908057591604,41316529231239314375288464401476445364427524193575573172793082641435256357833
294,0.694686863791017782986044832164490610239096000763508246374816055652748258814301977416246088386866149388042654512241154067840241030990025709446084984411552907,80439243324080852053719603568122269000568971497508106436153048285019204173033,42968554152194562800207951236487427088062932473508855214343233226740308855146
295,0.183389402701786517187035568964197575314194416678293684264509553837336015049795726691547166860749381709338104328701762755264739461507778169313065361161445073,21235042082823380187310378151348034587180290663676442197003203268100161263642,33210680986858180577388076830750524649791309677205181419580622904474433816403
296,0.940815654905722151694667702875482157007198465149791597117706094251814392308680528567701596037465249179133313884335526181370914414714489947654490902500755504,108939010268707457815461741904185260524254068019647594369594998285228674862226,65309726389518483122230458847592479722975425995582667711213396680098639412785
297,0.871421615962107660424173319377172750940117063267165328629354861337723676785016701252711637586033142044550848917770795091662890030918009063408531363327211352,100903729518810653353405221131896405023082302237398263782602424399112680079352,109878084794611271790430171545327617172360327610019689995533930890070321316194
298,0.416951034963630059073832055966320317125995656793524984107024255030913600234773319057375866640674059468875957846544417576743628853997577805225407836449179934,48279631448099996858841428582468846222716500332190890204507969142159286725500,8000919673088895276318693420777018537084534459226855320438841398575350885643
299,0.864589769541100299654834983628944048628638878928524208536874678257807281098330653598665844844106048095574328035485215104494609039835273320448598888447268424,100112655748373729765195281245079812079782600013843852084533552332341055408925,31109481176927747094652032917059941949002037519591566644373235609678337971048
300,0.522090409180796607186914385813419069440103442828348376580398807848550467204461403643707584101909330275050773178014237839261074763851945740779825870214254149,60453939249809727404207296964294869471766419575744370232193228035942321057541,113278055693784962544320799936252541172109408883620226502054364858952453851923
301,0.088019189525611003414014838158268334213283803568091182010882587730631125791195821035416228156846852303347519268402154904593737054707681270062680937074450433,10191925848145796269179143174718252157197994845450921488419057278697294954279,52527715347787519105265743518989381820159412629885162681862454204160426901499
302,0.395739628512349534264864746028251773386978551348789749893565188255442097241457620662342517644797910930615419457523165027677323111383350748063099729641552526,45823518379444337887593894482773675894761524445536825317576052250146564341191,17704421921233790595400328861919735010937105004309985731092080629275119185049
303,0.437278806430764972660945326024452185120884686407746843461387550134767349557643918240492628577121286591573854867677489528658115983681447012233644836205718978,50633426575818252733948037029634445220872476154034499946485790040491879854895,56579455972042195921549166453925040680977015450752860118062062299200483844521
304,0.975965462280162034352400740668279776029211746544168060843665069346455823843226990329863464971056503451268536933019362280231248519891903222544532331153820908,113009079900883075589288974095566081047966776371358440285740637363377013238028,1293719955135263426359833040019316998678566862612103162423229712966158770694
305,0.015293423464803482608132407098257047668744112214542355537383945886076545553104826965919037671002942553183207129702421068386427254913774786361041300326266035,1770857454580590297339549162958062530866076764955565116251797715769481584182,49130398454254173229032859628672078215957368480822852112806578001439833531805
306,0.526537450940821021318072832925379787421929165772269442913220391841616754157743612849958937380646400939064101995383325272482079325589690955129226414132505773,60968871506128546038833988472763881710154578966639272134548636492963614097071,15406589434090036527236566857948395988679580458316072732537677028214752475064
307,0.044964637807644840483715729014944390476252867129296690999466808365673063315201182449713172103461276540630363185519964593149560836491922242288887857955020995,5206549353546413022790346126518713707338551136189892688284411336648708786205,6579379527821880113954089255568007129579152819227084997196283265931703018061
308,0.448865046655238841437963071607031946331822020855904684779914483592809248287798059656088532086958854340571113637056742413429469009152718030752075753212552740,51975021537815513374886476580230710501822197945893487295219884044405595365195,85029629543031720202047455101680440098151264527619225613171247684742831874646
309,0.992916338146146871695413354882301618650735164385357977586375206337973657677845989218174295425816315371924627851689885892706705772941429681537465112302114744,114971857231807861317174364962011619935017318813980965875725333116209119807359,28086823175672716747519093985451778565653305464585900062475516240557298891030
310,0.336351191368234312096579505423303045862645733050844920827743240313616959061624871101300043226130249844578124765122010536465239421895538554077217203745210900,38946807165988204300835726939442503145029094274635851777655363072085072060278,84854029809597787777522813427749456834049394861544360587322174184463650792345
311,0.018447963242274359120742301598166257266876998929892136880724001002619034215046442154900585124916496828247230823630692234541742155671016323082888126187456328,2136128205996161603697390347252036226808295396585033853232090577801802384779,111278289632597606424936148835167673103421346678436583854890259351316014022996
312,0.881280211838454015703791450848794579505814439426422225856558766228797171912327145624569556617591950055862600289768851525603330014800647104245445778185550643,102045276932279187984361406400495891264043444956838466094276368599875166534473,17411788627313068813404855202753956344031076253658418474599258431379597995803
313,0.210746903231851857087341339578071141717954290319976798802130641365149434812996669718493601359744595131727648244781199138645514996191410123300318223744252471,24402824225510631142955268082900989621212462371901927584656711228082656429778,18842029548722093148631170150445490984683438321681898907881556548471477357781
314,0.183987461624217154944943958003767029307709877604536040953364681167781504214515017574478738478090839519385110521322778861957884532910765221825352416480690684,21304292574938641759011226299861815081233516805709137460672846268365789017176,72241941371999282674378140730174221672281141256345364751578824781330366177641
315,0.115061914318238644996264025409220638192211573047083818725419069612515486768873355134253441020901608439980799747089115824918395472088097081118869923512026769,13323259450553919248804111414913498918839499524450167950812697660836079778122,41831536676815965957595126334318048580566803974079511508672535589278823089950
316,0.075583461875492689971589471990736711383945356133748938014746476968712285346802495959666372200734356978525261387842267646540944350401733512699227428627516923,8751966962352336085274145943555712258609025532903786390266191469516608371915,35633079445768950223603692572200286669115518354002203806490110951287038558475
317,0.314950284324165515560743183319157544515612156216163353488898306688969446853027345252273807686199705056285192243672511918385837006492157076023241609650579504,36468751427781881451923368452077175214729513370101850580702595708143976907816,73512999712059241315672428837021967675390169410284709246190103234588037320430
318,0.885015937673565810648805682202686338909547581542833037558279804405453639405973893874605729271938715170510006256215871387832585330435782603154509214812626534,102477844431544600511918518031364034182840620813293021678490671746000583708158,8654399980503918100161858867575911365780136067747773579879366730155083378124
319,0.607021063829197814018410095538800241824109312549927133048596145730880373707995300104467454671797902677027360361025085623640671599931077683882993944708768488,70288237191841083489339054473448937288540096738656869008893305768092446899639,89336833479374129019782932724762154214312961095402444134200368865326940696968
320,0.992620306197471389637599264045272910880313427194858010628852951953199481567548884999165956718029889648287680459722742993620739610639268082825782611800793360,114937579073989733290834561374510581975611777479515513593913704055485823165230,111640934208256115324198897534467342307793688116704952299024575820583943277463
321,0.544025718263468244666841679490260355096575965973862672455428822815595973719208557408135019433201299864080402724358731029262461613634996416907897575185154391,62993874516558554105998507783025790934389611786421029894195191716181730180203,103084015873580191872113386278634009007605873809987838839171888914212736480525
322,0.423678444001956589747035408721557159359790776881268149059210417696411908636811442265344763556353075831472101907895384146831845306515721228171808772281128046,49058612195801830027648017819637352470544331180828034733763905664827874176003,59354043613764312210123434074865774276745774617617903653149230373647157483173
323,0.423593074251904226435158857568224559264360817727925295248829016503098907262617100037923402821386095341005579344219961349064054203411063867107768520450000487,49048727054085599396092185390425844950149818039851859024764373129283488101546,91316396369954543040021452151691186003600864693010423596412959238556751776732
324,0.138894173057020454222026433548725080309943187138764213582130837488952233245572101733962551123313740980667206021665270755055997288845701204875519798100777033,16082846481161751226492464480698873471831545742500499531531662661539892429135,19475460484144553737187438349591188486951939125835388646675822368548383097475
325,0.466644961670434155805063910482662555651933671609579442497984244235176118434694749056911141942410708860933055812645358559129562493335169180977004513066932192,54033795043886907354825370891078633747762072336586729789817698995586670491654,110873497309000628814840640534747085913910787197542572689125381219583519504933
326,0.893407493130637029811541075098411315056779664598464921601163488178514021141830738850996465590871175968398556328088135647427792507260893899961106784792226254,103449520169869678815306527115413924150714623687695743443840585558081369683815,14444664449282839732781006908881089299864650071333859646878915853998466399533
327,0.103696317275574219509940878131788348418046103680030477816011432358900581794416909607669021241116675482966222757514889420040948636654908369298056964384572212,12007213223554343046875402009756516690025635319685402737754256679074836918530,44323821106170785290130070518593365975132485553712348822604479500808773720132
328,0.960616401914959088011158423858240760634836208973580041568130781409215587879729161707926469763014874430550102968666650707028692741419961976953809501276960719,111231780133366542914284929130592226156856561099324745065872735163669981228299,75538989738443279105607380790956659068295825308278800211144721370116751460469
329,0.992698533075808590670642693694083909442023409363391157761305018967047750595067469258612463307641562096036295574449858932078213655960454043061966828210855457,114946637127666911150010465233294322890874049788397890866734988052961447033904,42431900188938576731207760737823003367349326421546571588887843176824706370392
330,0.071477679898521184815448900658807753432409514855185827939409407198924142255896054098909402742768322523554061087724326938481024918691197224568838295358806299,8276549889285887051756812668083246132787481701007632661728814217351733854034,14793681103780998617573583627584789976525183411038989902141346033928715264452
331,0.144605053432939583148885670326625193804799003747774132419729402375455750465569095811400146543894371106006113408452418010827275810368588503357596938749195578,16744121251273816863326084246889075341832099646914751641874732079524625988497,55024471343617901730295116228086442740141153832052040469418580301599939065300
332,0.051422319265006952967227265428395943551828363534598206771183442564828467800597959632867961255658818942097503275178180316231676790071800940453949588342150753,5954297781123448851427642750948004026267192129096160092966486127355186078298,84017462382389763093028269137065862980849237948668650372964027104603170377758
333,0.043075025769649983336311312848021633694084808475953777303758402099404510888150767383930444883384387168997942749222710118698892551252697161698296075051135310,4987747227819005602752288090717028984836892407958009406742886414587782593372,53559731419403322019653045222107427951476747241116384103153508759553694692925
334,0.024689687323698099371039629006350865570155147440044453173260588565366063371848194510933964851080218705653729794802231404333967834613234290672318564623534542,2858870477827084793359866195152698462938732068009770278466387031115618003522,61973507635265923566229379909991837327755757488656065626698096085752030545854
335,0.500902189803240152266516453989012418524634281037993758002997880858632667100865854573176224615863643155957716502158963039691585755221157120784126339382698920,58000511060863878163058410495337621309064759823203114430399102715211481894435,21956142982134337935727780485987515073161436704786360478916531297078439629255
336,0.016250919552415089358772991755349614605986763109594418865498698571467088687657309970619767792362457441387251001193076423860484156157707716266391503864562469,1881727927001694592287665261454110092878840948065082924771094765291620283312,30581523365211738611683742761937083435306761431988257131524498788593869749297
337,0.150064272054769557976909097565125116853405919834851738808894550502632744748421812832600274154850513767694022748847028479465508083640832892991958238797374839,17376255581098771644798532799933075909838105305514059859935013486358218044570,71879914767300140966462959253575431895492887175233867322530016732275770699390
338,0.671646784373990416588403302951870137296505486631208585201603959993227386857189640223896882901329574582812256706874768775509216523920622093519053301116247054,77771384392189567138862424289730597143745921784633427545005885770728480836384,25082360560312157161135832572405308775008596252678061613084517551538973029363
339,0.990396355708115833546625657934144583620240047723332561552645426379296398632599134648035069541117315661752391358157717573288622499441860068364118695556790625,114680063200466901718359804006034050381772317084448609549256625466939676736148,76884508819606097172694760537230298297395717432346366301868951664825287639820
340,0.659852329145450935604278153042717267046713170393288225835681504770701703058537149579720965296735677986343715082747897120594661664003757363131033092402181549,76405679779860992974804163291090852884892034331380239428965608207380831885349,106790223232922643992529218310251882863326684868387978049010063650670351688650
341,0.653109428249033495934736318233112451774300174886913369548085280488249803572663897652826933182518675387243073159945552506278431164169937213122975207589229750,75624905197544645432580471477064568836048549534295809421006456921115024099965,15815038509573515996028421904912748979937338643309315521900231180888143784934
342,0.024691317684205306354992357511611228580666861580540906377208145131577820751125967054472552244311211535290265097538605055205481516494036522697347988339258122,2859059260676424300539881310941687899774229872484104503432132316258977487956,106468387939647397592207193574874262432393033917456602493884825158604144701931
343,0.510387483798163542151833210719324612880864396814172351292879181709826978943358922145615276161544362189865764750106933379445348292794516621126839046132234123,59098833069566226756189971708456831606176711450669157387453299969232692653366,52236699823075819308087116278785135980876802606374987798652093997726362098956
344,0.897994175436219896885825718392664141026147809138020619737915015921154458916857755694303800903903355562858061521643531077314746745109808370319905896182180971,103980621696700949350824802956432969136387499582038394782740288684063457309002,73849228533023985318273415342069605145309608345276202562354355760840800879815
345,0.606701953000296495294700461768974561741039555398693944839595010885949827382168583831649998663392712761889070301530341017275377952348152899985376077570085843,70251286682264348051632579071698179609700112123584947871961559937158070261471,19443358509027748531776975663165737778276443434611680859974789708829368899837
346,0.440749010688464972934455442882219391572621671350369067833562132839128941030783949478023102527677999244956202285321094765062409902142722586149244848806027033,51035248776897565772698386175253137923477921324948055677607529881300452408953,28203805996828768167789716455951889873641796177749940753572866495486041759428
347,0.248298875471576752012431682976999147062429635769873500266795673558378830290998141231205908357885714196082448402378006842810229970047953257736585757536971094,28751045546130076694220043239786651994298688875153426012410370988837775117618,91854412631071802202189494804172068353510161092649155406902393470185081120600
348,0.411534057596169037986962360608468157713071804880056975379013854888602942685945901550397328300723873760176107383005941722045238549290027181045372182837997898,47652388321370428141578295311733627716915478274824542943394488312781826638518,110611124583741187952290876711895424379814738688930092026694455752647476049343
349,0.778755531164363490800026918165292481759396756990317917739488937247385057861430287233447907315371457133262012454646952118540800793128047292667958743862005726,90173729958637550776056308760424554866664690315933735286123789160191266029487,12079786675763212662105829769476075932006186890129378652227275547035750775378
350,0.336538554158003786864039915245910536929086515457519544427389181286525772984459959383688310629259892515859593477714631828408601940559116942843863813984636745,38968502294860943837024795137977190375741445552720956958815260648671601316098,72952361599326644604262326437196637323001256831294046315957337276267687096984
351,0.770326609483735183877797486691455363685471338466204539099415186315535266738940298185727851224986086354017126219846732659996583833435315512391918584598638817,89197727507219888660228240685886139447966175773109065157959470285102399184965,67836249665864680536366595057224593905690028237746751511383340946246496454933
352,0.563362564689454837751710766292823088012333694500204114947484757418883313110088643030202141506298855296546820221520872124168916117785550191364989431393021564,65232928363484672430593468114948171655037156465113486589551879828142245605818,17182573298416908180609388080087073290099462953861187865033720442935251817034
353,0.514356270005498548678789719350217605913155357886558180692660575398139798915789871028406950494465998876452439808037123042377548195568676105771874514966196176,59558387116249791527949188177381728152079363661416080222057412216162705660059,99907657091274341861004539162091745685912755360288555689110184163395730873840
354,0.365426169083077497769574625281962927918762971701479005436616265401549878158090885548548911356493090335782732818193763052359739360429848989264876057743258846,42313459580118306170638399550057609730497492299945260362122680942633201661961,34406135280685801740336782741698550347707948984752125873393064950126965751345
355,0.357445792887267416927983045768763913938119574405796124704867464083280996192126810497686158178850963537098742487224914046221322948203652697152408821755569930,41389395147505711345893153339446619846800043939032427335997577802407632774011,92367607867104514625676357984556306018848096360226118151509999370212433091982
356,0.345934352977815000901110287801727958875525750772284005743860267044583172602757647648257458111589225907445759032792136289137456463140863817562699640596548612,40056461470260394124886172710882591805775213330216032754904863877307538168195,57953438575990462833258883582224920422446435281876377956822531130939657712878
357,0.392448492844146636612498080211136844136366054928208080416954512769120446822710858761559837785345758223280629979348870550985754821904311492667858449484399489,45442430904459673697172438718233028785306524933647582589280287107363582447212,22892928971746455165482986621223312573677987827430422886315519730921491243821
358,0.247140063677376971712406680623421796923417068460053626526342182267371782620881700282856541563669677776682937499991146697692767135815203379904088396154952500,28616864307446841243727647481289236156648486011856753331232511096189906605607,73610585068142565262753713862495277566237459745337190744228465387841993181437
359,0.926963950273003641707971165808034468189387128908360315682387658075223014860526593786822925814707170739843261810445149636879828124145904919888338028229328053,107335092449786769951566978196637251105037448643340298280289502595781703574307,63520814280223229617336644295982735586829353816645727518673703906526770794104
360,0.582815516646438364127716304108228740402899902294210359380189823929730263249960705480654061606351223249651023193090974783603844457672036595568858655686938598,67485426312416933636446588993144457410963850278861057294374093910932394291416,61371067630846881663084686984152117256957698955937246832651743406269775374987
361,0.221499034263256521842201305223726725930533632551834814154296868033878228354938621320414358961004733722297229012890764175722479180551963385209914463949729704,25647835941390356708333847684268211603998093685648604480245876004200396135498,57561672860687215903508872028882380921949453780758235058950826975616636573059
362,0.835864440273514356404878993971455808993657123181805913355676438961641939008703286970418620519115491332001993838207675270138133324300026988547852371324389392,96786489858450127555174579144441095368271416952617991051001021141765596463068,78675948732651988647215634215915211002311942432006216329031000765916200786499
363,0.764813700887982792707329712393203525771689122981248166715769105632261181149129404510887487127561155593890122350538256553194289672217416207336431677255545122,88559376303143360266192763233818338735196274952856704486272600047125771028753,111399252985271296003744658769656122198343897057578071556375071457539937957470
364,0.647293600255462689566410858224231989746660564324644067778722519513374025787651311973679283346741115138015617564705094349978120576096107886085080993632345835,74951478323524213021105438808459687397276306706827974709284103853575676311281,8531154510860228765256850969231333422894579846058154583224492728368609569705
365,0.176766392967530147483894744369997138937385841622104002977999960383870870292422358634720477386209216762913413250614024173253085047216743638618256925319095526,20468149948654752805440394641079229876573921840917619365708553974801720239416,96608864304933406952058918729241686429658084112342141125615723312472794863031
366,0.429816888205923945810876855480906817088084289513627662131345569193429567468581503240202189094664411921490721110071085356087239177516118662854014018939700757,49769395474845904498392440007861083001975924960299241155451927143621885926775,55388769349109215183213299141142394609347175033101876636447303019592410422647
367,0.931562389513143601392264031724202802069662696796340441229441396375053537164567537321509225076828525767545237211039141073379166316137769938562426493830141080,107867555336633432641143501567045750643277705581932755964910243279486521165908,101528500555157567536203977441370713363040031074024237243635583367929422057396
368,0.524630601637858508079375175521162713911033436952872858799874897042824636157963175646544699358083864442975199142715690046783096387083718466795017599106451214,60748073441477796520409879175559452866654108146923418436610345739136689795856,69022611384895827464845121922095419987786952500145125659578508140482517231305
369,0.185857283106087132066387475654340904178678457588683012000690830104777265617628116884626974332620823167702216801416929699027168887569297421538104228557498921,21520803110825180956484024486194235305610952173825853163459634403871617731380,106428850815777415973731703430821744555878987707955752461031690436894628127261
370,0.029870306192900253843007176582739150313800284816465808269284599877441441292156859366361161443373959373427609458290635494478217313578556846982833227270064992,3458745160234264782948298291701709056014160657755879938588838551970324619817,113961692274254497952625086725150420922763467639257137848231123543029422124920
371,0.827929658961640356610496474621829767038991106974975366738338850824867733787322429290598497749475010966462624185481402115038679314940319587509042745309874265,95867704952707024501745467677132333797302057467187308981695466496555380294292,106049209306848790928539417254623096281400394643146503083087821856106479296853
372,0.932067266530756742748762330850738301736089141612781169427616766499597504488966627529148218118191748095277620990253618325340978860791922204668706754669742724,107926016101310763565641483292234133313315732556342934324741917313237775172217,86832316469739167091989572245052854857951244289968332369279603977417672214761
373,0.094543983047232253388747364505302908798372873591732097526578931657444126184765072581134504322068461108315577774822159715095891682624133932461446051763179342,10947445321856426645020138110767712252653400962028974300766291937067672087441,46407156963062890035176150969922400736640764097011928181353572373829032944012
374,0.213063779389134322130472676131172962441684359510031557013298370349630323775937530580166257430398773458902489788778035567380196131188349014923645328859703225,24671100156266492568282778304086425996672314517646588522567366142624891541667,102003755110476958629915262228479659987073462805287031728953651318355491245055
375,0.157225392221407277535758166027543010853672848000206814977651840299484277994638283152493495693984644952252136190081012403201836711422457616036024584759901751,18205456646473231091631297144831919517734501879404058878617404627086754199374,50970129851246493401373107035944871455185496927730561439968422445320554872574
376,0.935926634716308679746306342638405320386491468702105031931646172618393219490663225479580693031977233429872750708803640698608255609753414937777892675884948664,108372900406651852543117448333571017619607640152147763319128572789935973627588,93525635993613778086634939785328054443915114391594712980718931203790509399473
377,0.050404968278216124821204487459246518761508134237819853502565411403351612231966232068822230828557279945877798849355571660915370030905627830700836968754404004,5836496584875293588764053292229432807274993021072589936100133509138192988770,101808718375893340198841800422562740485265864400141797119575091862139487769629
378,0.294372374460473022087347663772013348966276099849743400345106851629889876006027442687827939028324178935639181185169400136959652689883286315083111131605429511,34085992252527751100399358568920232216530137833398551372423707841663642940951,84231197660438518607918703277714657251697373461787111355426955135381590954130
379,0.494572585864222428275387478021889176903426065268896530044323562659614035763638333509277980267610440329615938861695283145401415955328370947585453275088044838,57267592996720269768754434029374075211378668691918291792056914643927920792688,105773817878079281452447158180761179567885597306909942946734006573668083847792
380,0.578631987042495617034700945390052302364293428786967061169559529620895556860063250948447401340551442939773775688318198102085217340711462041000177202148625568,67001006679190240985098091804965693982841950675099397564071317126806480425768,60722768703834190332119278495505878478856303319397906220197523549781311663765
381,0.885402434983338648615653303177000253779277199854909295704067257015060331994803884468257882718450923177591086205777128773992176002722934446841319994355702168,102522597762527799606655052075507560238677034517221165850776124265358938538011,103168828862630042098965629907256503348532103468567971365766385524922000162736
382,0.532939130072828053553578882745201635984327674704921043861745807704187708228333471540188207292821198356750669850016642963746282673610110224752005071962286593,61710135307450569200003951092565547675082033814981878701717631974073487369130,108600518257943023269554693381125594573864640112086294288997794771479931181936
383,0.313553967569617721366828328900281137811352321907365795366270367219463148488932501884671705386502321416612148272861208268153677085729931778470481381476173882,36307068993535723532072425643933686157371692811276548324844658623001292902418,67526022620190497356069595460508382768900074160640294790359286104535936717195
384,0.204157294350838475794410978046480586396252826567542820061581532331413369153329005645293692068381359848532226625232610018443980446797875830690141921026742309,23639799645921318377121870072557630302016719401141330443314214919736473903237,46182693167181191860174814928343323061143267091913342498230891762869265715928
385,0.507109646604232000181034626039612941846409481400514904901144091370895990858802707451503584926497020180428317737281847065154438654074826627176028079621051724,58719285452701111536318319230225203269203022309012198165727006740408533222669,20518724142615418199742951811813507727388028257100677209608110259395022254483
386,0.834727084156177265104262403181696708190793235468553433019554232767494523740314056357060328640433402273218390573497096546357855389192490402622611081741139265,96654793017416823609684294018080670215067677400651901826070201090444073561644,25805189880221212153028004782646175038582925060235416659227307502845929557729
387,0.357036761882975317555968130637870719641619796717539241171554131110469908251375770399357258340039111496001509545869407657998613511231184017566336084791695099,41342032592955891511663074820367221918817290195009793549595424813127926632482,70476158294266198511259833982709470786881503055294914498389792645789655556351
388,0.581308015129702829998945980952704286482560056858544148579390534974225451940319915490682795640004477892537657513685542647262528726108730602880326971160867582,67310869562265703154598538590683034671063577674172023584616669755283935737188,22699130653221649275290684787193050071476699803847646364732675305685812072881
389,0.682464066566283975330601283486825451424914830453129049689369728170327871827039159047401531939576471146264274491651867272420810354335049776570227380937289332,79023940097104854261563993464468542802062938042472022976100381191128892313990,44121419795403557994556888342333247324236481626149710307696268724507664204411
390,0.378773279638439996162616125844617433468340124935298609876435443834060886796194981989738154728090592620067634222901692393756824675460858526420998466696886950,43858949396605165508724231693187022646978552391627157124495221670977507722066,10449786836787891581141308742586062951876399906923137281523567677290923318193
391,0.043588578679424397794988512491603697815100280590598380846256391342159337070512283066606169518325750891275518543929109450050362076390893883662768359760984768,5047212592175687994370693673650935945429516390197723320768355512254151853358,3465683910136963916772914244147622662961041186114887968131260031866286741804
392,0.281660151837475758026897193070245605241709438875791726439285853857361993630543831848758146370174994316012741799065096480245282181579816888584074999891425247,32614017436161022145288017425020216075794463112156499367551847724112259845901,54346908885618243565904187358959185425325191544706414927180148029436102775069
393,0.670627192953425677307845668627241773298290360091293568710513376110655902081129719383054154263611008121769841603963901830085429701439458672665487306898378782,77653323771433932861011360706839785481974162259754053983161922392710333409564,78565034331195801424826010895711679247474815100349208310849257251584047660840
394,0.473787075418320495599602673830004835704723574535378152687989898687137073071416277108509420026291994079025672122019066615618877883614271855259107412890004839,54860795316325225236129612698297358691631069605784929724838428961893010041856,88695697698814371125836827107798055796946816621981814169015640572952596949623
395,0.291343906494473092093926755050099917748544305279167036206248530962459204915448206004334452229186476607284221627720691239812415700858831302765176194060735697,33735319619556333736954131376000682939474825686731871669742895533256982899882,97699993682426193770528749582285503321196226741239386690493466974810519690186
396,0.592326581310558243052234069066820081171118815594558804924115480656898622272523660362389901763050108310770704210651219323744557485082090342691536148227249186,68586732360746587444060068033800577973231108708844351358400535374424926092969,77392720202419165960920585559825176333002901685594885780239120369792481216468
397,0.832754317405171803824839373961095762441570796215620680091806913591879872386254260246166202064663837552395210978294542907316597143065468935209724287503342675,96426362233739988897924553498950967591129405997151556818800783248798295769449,14964030201470740308543418819728154162274981124480447624429321675848849106640
398,0.219310064045681720898298832233040745612627317825685542228439371073045349185945581866441365386891413987566657623428846037213789899853350729751998873639133125,25394370506619107909349850365308420740203427659597412678981375854787928476466,108921488331059948548338576371458000530520810236824132612112904128760523479792
399,0.046330584099249510314501980561141351462730590574999244874968428905133036919479780168261331760677184905673582839852836156812778073692612170654475281712091097,5364715128437282081728918610209781347010530103234010934752720886494689847885,77659733415485495792272863206155536790467846991567704173386997639892149006729
400,0.811874689063802276633851522944683463681539748036198508106177664233704230970870860563426525189888679756867205126141923785415018247904549474509510920210792203,94008666445594132263705786231056331969660101893073897445779047216499932609346,103183936995644359176839662807618328348965699582641557302050044529495823084514
401,0.267441403946522864294182070612957916073658367242386706131960543172230325797049281666975810949914867286426652413182039368830974471264013687662653622044225061,30967598911528903226214061039151640434088646234693630480543098889511794036871,41318056395922954400685064535259581368249845030683306475352645496359184541020
402,0.321118180213586793596013551086354542272524632276674459921021300683859777942433876271436487368037510592961316183333481498050700744214806328611507067366699694,37182944979016225822923280208319828662786749681246141850029682187986464683742,20562362896236888827871451557007942778633764310730394772681665212279986743128
403,0.692847919226779725566162173469014261308372117886747455933206236270099079181825273934878892233070444745855176237938722733193451730427031264732950775695617427,80226308090996121364189607961370291462945797679370231503408765841819519817337,37214493046984553241625475786596939515877767633076891735793950219325052386938
404,0.367679526551161083250477361743286562022202016634049168585737920785898507328262890428013924224059513059686835641133036337195218792174060563036413569644742197,42574380549146213581337084301348670937016289629093601231446827729501405017331,14837862696724848909077874303298101538293148449912918635407693620371859278999
405,0.632529577012186772447315983684919976071669191235319472530785413045066309022157724469767483376283448135839665966577612064910950105202659500020212459631917108,73241921226636997549255169642675335926986087809968359191297055847272017825570,27370368440968580162291823014771674291840825621458340992419862504906916699874
406,0.354475410762907017496705419639253201658840033375125359115675250164306694200738800209124075179080093648618842015967241649804648139262002508317785345613959881,41045448395492843122163710586971086414131107615686974557638694168341375347675,20079524042045664230047660144339857350859059687781284032703439746468846980057
407,0.908858500750382964665734750232096915665001942850596144229564647386861174496778956579483137308740759509947813926365928833430381767517648933075855528950753418,105238624622981752605110233812918384896529906363038102286713762029667024472821,49257181943131124137966555489201012337771041853202261639330966161232739533436
408,0.302854225789896943490045579857724898891239442278722931350809959369937821598638188554565676906234103433004980072959504177145315578711170012098457796780520126,35068123538562054813836803200000147227538303917805188464695557262188225768414,34848771136465757985271784416851634938817669871362314280775704263709738800632
409,0.366317319957052833611918289208462429135769006263550136705925132695659656038231743593997275742426607173507205125722153293217426966454216762584383628937854222,42416647801641570577260163931454133744392053834231534980415418551266360172707,111273842079574472217118084147731543572535768909739517690290154964634211141688
410,0.375159027536232402032409136655977378002075665367113035397490760620502934107382668802279162678672962323403376526853243993210034660178583602752018333890970412,43440447594660186114525876750547126709375266831086042774284335189307593632076,93303230003510507804071718815252833763436112868561865575921998723248358801896
411,0.387488548039751089030333420690085563273190690726047499469733951421893513411965776316801915572211807567137014743884750690370162878533293285687565471693205382,44868108533056941629844634316789448674617566963700244394112355277250775675814,83663326007145505502475105431093337544326965373630573629376536140914935211174
412,0.330620616467685215962671244838324151592053528425680517214217947734222544320125212233516648052976410441956242504418996488267473683290737201826975301065094604,38283251925722698979440545551471471678449980101089888193134822130556825686057,69545886820377743852691678630444619817671629540667927567256136935150679519821
413,0.540052005462915585544186891793706032550546327112829918640164040768513179839535436986109794467573339296800605335294213417283040892010774652690914331181709222,62533750009353494948148302284598073690527269658311051414700856090603024810595,79477469351454701473629557996177053340204404059686209180737885320231335742207
414,0.583180684539445788945515857942207529981785151258757787440928701985176479423885694049258742325013807558940090672819116717818654208537665735309272354446846741,67527709865670652103669407403492281113966135410930077042821205048466301530786,2361207959245214977074310035293381788192120617325118657367925113444696422615
415,0.902655662772102324636934916767546403628646245921575576026881775470871431999465767979372156514816006663656888320945773781732341150690128289911327558355331717,104520385054276066758084084607096877779166601851309002433148862140269062546522,98825773247415407756844526512643816417019646366679971636459022897916067437258
416,0.221402396943235057826078727935259129106752761509726898850148179970129408404541889513753719414408085991787177418453086289015950499081759424666191055838098873,25636646104206776263945260856506872952687564905665948394030604042204497726377,37277542796322596405954121736801267402265392977834478097732460513514688399740
417,0.379656381171456731426756249806583161272143173413400920230144015871098521733879594377257622755780814553518044966646805452335943123272732936409718681573485419,43961205568121850052907238105872625863328319103824929457456469690795560126509,9975812533537376700815342992451381077562126575169731060819492890660962352897
418,0.346424100612510605585821314228980640948721558285815833130703185849471348660107720494080281988964525318194555637557994698069229403704445479909216911583433955,40113170372080832115830702597261874193938713849114054800177979794451086836268,3896371264018284350800897131887722754004483956657347615599357919657053985023
419,0.295974270839416944332784325154254928115377088731723849205539736833729438933689998658939042005408351142979483910652167081320779412111250325025391682346771059,34271479180987359425165806880329624294994166012633364112433360487465911732561,61078452253342077192016566109375505611948329291603275311904187383823967146480
420,0.803456617580844887545182919333936064315040108119091834600842231308915140732555357521862761231932131138334239498817854368038798399140675904755178247062085128,93033920361233423586003936634687789682168211668999906242500503931086543105947,75430440032256728674883394382404277119700895826142251569918073907239866539865
421,0.272102393788141631466224271172863836668184302401485707141260586816691810823814270648127280348061412457838329014483264864848339454354568061054509370483393773,31507304663203847794790328362330031495297259526966293764237572419677983762399,115017593614198584030578715470870573709616382754358645537868415895428620745403
422,0.331401890810450237694200657308997945900509330877357268922081037822472419396847615513858682276905748806302268871123706283478280739871468135128936172785504395,38373717314138971936471779265739308774976627157438105864665497026093021388883,73868641251108821818231049752817064281825275196030371046853175645034369714220
423,0.416052473753993186724955482338418048090693668938632217545601181086795882816427147929420105720367025465338793437074157665063865801833930651469378517870129077,48175585168328533350512448984739144695144994197994547149193729419992926319268,31268922995086172945722928363852678953674416419034162061838876714899884426515
424,0.045449574597535889735636384105456928418588275492023657612920127174223419046180885700860720890300814834771070329144649405222884590536419747010261763748180591,5262701197595935052069989468482153724825924715287193044669413093702049344097,88990023413354610047615762361256696857927337315321346573149691316395088993000
425,0.082845987506821815335669164558156321663594126473665066686069201051251648685695080108377545166317577248760487069980694446156204643368670523786740040688169774,9592909978343494309717015067809305232443951577704640227221694514523577918377,92762423037695688090442590656823334776492704713613126378698512236774268406771
426,0.389923613945805553745976359066961966541758882010046739087291681945597640560523936313890190313843477163467383457749695858271919301536356519171422513973048495,45150069901749546423476217423012938529572354771699318781166032669687303904590,39422846589852513380785170629130718845022312110710900724397486524491527360285
427,0.952088515962933082014330677119149424657906981547229427429067850027916895351386446433765575319422786190109319408291042690950455089222272484421334967069327291,110244318402203892448444787625554151882715623360155163108096029563850222771089,94004790412429966748370905742315239068602011285265360560511927562891962616151
428,0.824194858383958492568393570399912433286057212564702543458701057557355348032616805456371636309525471591313512133432385144462446640558629439305401989541624136,95435244590932506023135173389830701336125926549054606392228410052657917381845,81225421292724976710574964045942072586314673121068561023625163332583084633463
429,0.493111397599948892072009613590021630312937959498145808783578384857652352407509389812232635451514222135977043087135344313237517499209859105540384704059301127,57098398954830989304673215247087476178070370136681273965558777896145711271892,51977263675154883392346267700528490035259231722042602144817068118822201311625
430,0.051540958506364642356817355447230848543186590692372900686117145856598759881757265147253434306361011219625516541862242709181060942287194116419511151176848053,5968035266745785915448359748178899753179886823089300428784341208974186370678,85225925948418338700217319915939098753156160923458993847254660649594941128469
431,0.099803913297674903281665378624669067996147383125214576410010270704231174157012886511500604097329076037703523855281223561791418656481934649930951985695760434,11556503634797740886045141846942063430318429104466027144176986547245115730392,96749277592044877007394476743760697325992197186863353568158821092044520093614
432,0.842004682455161845530484693716182062662740581652131656151242881276227043742371326660989035288127579686224134759780156300669738075040267633542786077262286713,97497481329086186696161155887854658497469920968565822690396688754234446470565,95247785972388939510268685678647751472940075384104623260558795456484215048033
433,0.117270382520064766375161071049577747312458564564955061838256174256104116005165958552265722225199712735039073684725825633506381689042129453868726410117040540,13578982597657544729405471074394647457408060482779888647287412446402807129576,83289310924344700758802244747294974679568763266119738187797870333561629782713
434,0.197787709091504394563814103977295356477912318622480828197599450198418733642790387144773844247295139894564994766168060981528795128757147723653819121775498029,22902252061167812622364143413357618668122995674814676263619945876026144615980,5920857275327426315186347497096939758272952993378126059506663340042584694178
435,0.861327734904543597309637454771014464301955392320493452947249683881325899457468011614767147242468303946598763829941405271755140151353311353549144460171208313,99734937942642339784406112534533727546684009134921841785596429202202293873185,87744581635927272977815596987779672533793584675282745833613985487658458827028
436,0.980118424049174082947566461569613736978881708964540493218906653621199695428401277350926653894296481829753019864778975019554350106110226148799464769694675067,113489960020639681249054210608886184001199571642868418677022616194782439781802,59997004305704977963003261801304063135185326644553692205884583643212744010752
437,0.444234787665294978234775966483268263035351848271335012177658211546967804855374420981034391100442335274489593146908495993208256343278908207898400931272948772,51438874175660048014539945979890779914432284444383791013770121179336193248889,114594509195680394606964410012440484912886033222858456423640549632100634363084
438,0.332714891626689733102713118566195842884460536421922223734234655508148617568790373533618979578463022269828576142655328735534459992819478558404724606353783066,38525752421821644592427345845361741764987615607405323372514231950769775247191,18184762401891984075502993915689959853292565950275027590388457529342093042742
439,0.263752739681749557285315371516629240031348826252517463693566490146149989448288093663736264332582919885057192782106747567870819895463534789195328464660523880,30540480769815773126708159515345877286107640393151138532870182604878847945530,38994876943291514429101741852346293084018849142101799340547062835901405883521
440,0.294135223341976439023719683041266254291687124442967943352081097488470136531739230329290965777960060954406348282449323984500796754693378229272198516530416951,34058532029052065406917801215236134556464465442799017025361467190811848867857,44416908576752256187951534695925797961402196999946874852202658305208580776846
441,0.010467415450927658614082643976607815870119301482282534146293702450791567231439543915301024016056202201454943656322861883682822534837488130419627096397836593,1212043903977877789535528800292340081206976831056538744420853537168601625122,82232936872480669325190516596262229733518394342529916758925925132770128680941
442,0.640644456309190945222875109317929464510157451961097248173029526526382773981321472247201584315269016885945827180494366594652202379115708249040330474904764785,74181560054345754437740621542011898978079313051618191243537370926617636803335,114679139179983552639014108943106387618639318872633589842789894407278325984372
443,0.629444430621783668096910661447603295271073682660491280374427345558500502198713453686093229550696712213479629288565536125243493283937534494379254292351507325,72884685680489257340741521647993104997117421564803949894736275144782931154681,66598128847960912099812936946014024501345367039183282843910062398632917972203
444,0.618852440661616117429349152250438136773491704194958936828912926725221608775970989265779438202281194735190613601031140073503481164395191248126900692185440416,71658217033820779099619605654534928691484430134070721040521286725041333706527,47515238066990238197873569423256495330743628209053747292574605640720746059567
445,0.607568965012068508496113219188766029636357911913182484991219714157886824973585431249640315685030023134809897358221420691376089493201979877531328076308416005,70351679814501278043980010516875763584619745332579354121005185189875718071979,19218375164342989019225058385268918822009198887162063138359659748740809560626
446,0.214418427763119653816738897859597508775331840804561901123605234527243748729169041514339651917475496522070395737886897312584062655239842260974010457550277719,24827957721672187377844362375864912771288945134920522665389196260190202806506,7697972033252930542887318240570387104688068699536345950739762719227317832469
447,0.394004126988739644993240326706213417102280252010032758203220826604777834245476777887954330897356476441488636186524649221114481520143562669355820339861892987,45622561032151003369038904869910142788000187049817101936953376182238769179058,106097348785906547733297669142650301966856985007315056380531879228984616830734
448,0.173192315714292654068089252582412689689679083485827350976088621018156649003171169282265933903643828041396354963579235076703691207506750811948268728477725968,20054300076406815013812282337895019284233845760614061696651225770357498864262,5005071424592751018634809318620685106300381765560123761698130986971590860802
449,0.348181974548767264893016888418197080261938544589951602028939002334559340888908920370958469092430118276167086864104293681580859329933247084932794092795870640,40316718267775815491758858189082049404916999210607825282434464955223595161452,92027014551217723312195939247021754022202072790239614660479311757682506061208
450,0.552137421436896113792808176414948328856861064825990970664393607000350688289695326162656742173656806294421326133783809789005109287374543248392222763846776299,63933145574282734898435981717146773918756897333098319278256437952015461322467,3816192553045618292580253473150885385906213068360706128476773442581070423516
451,0.327505457605818265065833849219807016273091673582684467324222450015602136692352320482260380584436594378395315020173702216715222108753014992001892522769091023,37922541172800984645797033728815109692215301004276945178696169765931688387266,55966106508642678979199112609344174226199547938309846091261168139084620376187
452,0.683298514480508590679630676217054651107971910230642639753379343021069002940485981565890360088881885440124602654396382957551554226589508311859035464717478537,79120562564452643292332490986040013149282545829761163517492038666417150327749,111635313555851820011434071120071957509438329385984061334284342040026787883495
453,0.894651330717732783815907872458855820582604250183129750392477195777081306145749214810484626634977949886409906621627826865489241552757391050911150246769651040,103593546722751398418396672656948799307327089709159972174407391087753023940271,73703916025344365908911571726528210042410320514586497449832715676250065570090
454,0.677367742227554150300937599592859367802601101260296534417163156046593217432075344116934937132433241417648626129441869114209789277774254285574618471786990784,78433826054492343912062840209815465859950167287515382383115707816137697354087,8802638206461766275467803924255641358802188300180548484735834835032513080209
455,0.005604313234216502754979082375042751877991927949049001607515295110341715110310673325417869888880222084364269592182825390004663311711837970073612102223011603,648935138130269426979511816442244370239505337586879706326995533755124590322,60644786003526901931476176362202871544394078556118795608292904739410482999945
456,0.658271291464023891955814405850520955851626389192625203520425895078500216391470809742064843229350271413914364332359194572552916921698539490856270467078002864,76222608123565633242276794506128318440918318218336219260818220130629336390435,10324235639746839201558363825131305217367797561038070700568841252837501443330
457,0.394599061102107377498250902612561436975386400367734554775980743091530208131329057541770859477037444032379766454069494140578523408324637465013768511424661643,45691449696096403441299408163480617536093404119633105187918581380970482786390,59504700724080208529223831074229686151330790474457642765190301489712135996166
458,0.840150021937558205893338692515888975154389393073152326710906050219325215306665287804577170833175647364432693166062271174985780357904453687318626473471193835,97282726312926899010732811751739448217932130732424939696367778097208867451934,5864777518548146518188091227799591814314537508372666137703700792248910528781
459,0.085428481683451966573405713773731045897960983734039447552230878124296047417945078490642163015266509656482286000139194093129016767843705938540074462765125985,9891942374498702194621860749320625771315852281306106024978087609628323077544,898745035009798717723996124274322067245636683304702702077612906324735242311
460,0.716388202695094316613580757951459314367609917793511018919992340841195192680987401575727332077638958058675076990369184833796948599271605552579776723513999645,82952086695030923682643706782427774459490531031261408725005077877668182016233,75692177181358844039279529168272505275482798169360095155026589457383543259123
461,0.703783308460627101226279355097097886230965656359376279251017445388706504197088053993759301528980269448127204802897668754084379512276813743255932572516385372,81492539657006563467494868398507272159550244298893067858380169687020311627490,101924354524059511860132617318316303312665674867784112498652026017120667692401
462,0.343424385799389706957386867167510128317586062696655459847129390803188300554584701206241487768293288549284771482495340309924426753606344069293863325409292558,39765827126753437747281463276834739138907924101083724440789681364155077327407,59187912641390286617376232569710428992210959672037435061592638955239466752966
463,0.034818944934779497033790919136476131997236438852104608716985037790337584112754116339950385117206736356981350610716834981674426606353134645706838631549077482,4031758379037186256496642319103510879169794684509837518756885512121798037379,115652301746150248794281665826347615750514348825180379956176038972750111808178
464,0.590879924064740689679933217898137959215864012630752317973061457620983204491782553842305987706755768860943575199871722325312150008225875769841867013800310319,68419220895843071232552994275396030663423974704956421450309658902696808752509,106787053437778883552298603214557617761599548213324059629832330797918568725997
465,0.530249782710361098493148807691073674580020135639706788339033762635222317760124808951288013122662968977602378148378822790375654006731711363946536392616517785,61398730157665654595854558364093377488388174431422626601062281368286200441902,111567726565307249942769335450536729421989473594857129392287585858955305607588
466,0.957855042270198868300197436415252743003905821603610214672474453955336721113313031892216229373572921254826208340500095353764102658820838211112200343723323517,110912036530964143804763101343202287070058028881723075843413453800580160860331,104993337873180272685584545303169449895571002045584451786975752783602159531447
467,0.263185345051362491119566557811966991604092738945334335622807367120464004257125376084806776031387252771251753813257944143721549672391288742065681658553115215,30474780960141219921807662305060768687772753653098971817340717083315339616503,61319752531495161980867220483083814171916864550579329528527835522023988931626
468,0.206989068725829871655777254252152635044049171799383290380700525479117871682643177902732926678989133828333484454953649547291205188126144935876185397753662984,23967696717050267381906344273459049740658824973839021173927904627185020890015,57708178433453894093672607546623701954687117045705085891449283015247110087713
469,0.203538269030276966075633374123823823285659559177244550056837145634764101084271577595715721341136207959969468916336616751756239679008522348837129208924075125,23568121410762701779844294873247230797707427628801669440176645798664835734797,34192652989524621720885437924465244029871443240257264853111544229475526343456
470,0.694355367342604845598153518094050449874423883209584993770837151711462853545297261012034663985418221705766376492487453818654377622387033063341666994416474037,80400858657744367823015680640102154366971815532114421345742276111705209775290,34829282458321229848335605639206654906794788547811132914976375886055771526544
471,0.091285509012131980427740071820897617330838235657720300929901534442508260258468916351450383708813460667654289959374943371958534672233892318821122933023641461,10570139805606618053498399867365715249837340395209730643245551111122237369749,22527974087250339522424288871298194177437054788250231449470449038357844679437
472,0.905899865966204188627936833486437426843757182931003807509886082421581727523448473771458261763053989924879586258588951297700100171653996240617165692663816196,104896038120031496027601324894227442293438250017517536052214518948588295220721,75274753538311278337291807822797973162914762027980713189759455933960422653772
473,0.354800271893417512347478223471892146629512627739486679033473514702569036250205311815270467154742179484355174341764666178728904271632916516615309801394998774,41083064744506649764892187601733417070430871105679704294760827523418782000557,86226777331347940240425837728714328326630615798358295228454357294528198723473
474,0.897784460497536691289875406328649907410301912146524509005655910035259694307996536532086226612530693550485899180831543344130759606154076607699527524380353989,103956338365806545314281440556756141850883305772554842440777968388074265025509,79743443626305439343771247551482938689195252072345484925348042425407930947216
475,0.257276585658178501226885421088270336306221777356135149167857163629206669067168247744016834783128690316807601090766617732822503439259554618365293595389204883,29790593365203829071915515220329491810768781840862028453010562355425906833463,52733622895714100312726730346792881048874762370133014038644606292602352990504
476,0.523981102780083430454792718003636009753823174700720059902379828633362096056381204262583120043118735660823749390570202813157908094253105812907141585585538242,60672866611778769792263182208205927073074158500875294157663975954291115886806,54671631662070089729742599088926955588179701086219634802107440850702343581435
477,0.648182189214879770519792454471061007070306293847289533968937955693729063590378797645137883931904274814149487119250101350934588355134483919148503594553716788,75054369895608329598123857022706209727569608495472744912768333757551522225100,12998640330327483649126047260994986390305724139290048953947420317036818127674
478,0.930553244834737725770809453795078498337136734597276205643419044134989555820510581634734848459402727927438171318361687194913374299463599817581243300658012673,107750704365978096737349877296443640451203657002220714826267094227245063158911,4587955284079444838653932110442929447887571273634432015316154423827523059361
479,0.303259778442979577481105680611308365012795100439645768215051608344109891465004064532586053346881206859102705637436560201893148269008631721417539076625241488,35115083327558229505957565646883196102838461464808227153037766730228984094021,94553444510743840950688026994601631663465510087101848996517752005609620432473
480,0.022536618906809704085837476463091388672557263834123207606128046927635296685585658517667518322888846158121138298176830100970278087079322756274387676819092974,2609562187564696618245953145999392230512578148724779539536829744336762742832,111865009609979708599030905591974232148871114492531348994853613045292192526591
481,0.431184675387904733309598768891155377555926351543704550995067226204064256284123398216932314320231389273677825405707004357511141785526981422778022276312937442,49927774410279481090911343207964989302339097028919079692942611006203850868579,55670803901529429077146002972146483105108269728075137935305613661261823351321
482,0.625482667290270424440710684735484471017555705243993055887804976816205145682279413717104251237424207501040223756154485116544873372339836925162162483655623126,72425944827269548725620793969447882497407783140762355965985304406780370447449,16588807910565909423930084173494226062194790578210762649426540698829250903646
483,0.920644247056704950922892440019145228862876576141159566722684381287730412107345422026496071423370514691600968429497016572996191324960065859599327064862531645,106603320811011757774099552311196937604882834943299724512194791479249101121595,39930666893478731749304125937029833089797102920213933658662170990399915539367
484,0.792941527193572025098748636967114096007619717373572517294279645016122217898375709347346998558246485433947149984902244026077454853882530352232412581573792562,91816356076771878585079101142878882525351316316304893902539016494198713940989,61249731324389286687977835877809654876839120197984032607674488349226955405527
485,0.753792431541211937711407751665727214995643061516337764038248153757884893303815933116592904909659808290455756622084100130888572568160251452056789598113178238,87283200499433571851784788162421167383214930156105005578736694061634109315119,20240429207466315456471126308631595850869214510246680872213077933126979057407
486,0.068013279515688235330400702713667734768892103249986398896314706201498675189220348480265499780158238159302712646091801603077260169782106314693685801072616858,7875399731003101774573729187290100351162370652618569663670094482925961806779,27963006266969169619556983652575419379584219019360023773653130297120653136323
487,0.365652805314964199312108347320838041427360131986584862877779636887961308790860673779320959166073678438869018075367605515350098747843470474525201526416332892,42339702262905340201864387791037939482694432998246355074533887739021586359120,22867439627939135417767266484093375975102205705322068885695624750820245888797
488,0.108695396309694717533412375826402295721203868659676287860617573182332717719367343804004356483277472426974060608581160288962891286620038201179538413896276379,12586067029177620207732754352828525715123271393506331466157681084221467852435,40771154068535943479608624533679232939125141148435208948789146782304649086624
489,0.819598559108205759934994461576264669545819485791302591495504082757718721655715259201169138475150425644292199462533602983983552187598183579900286305016600363,94903029495033133806905666127366283947502037767049470472291833382332224692764,44550900884014303158443852735366236118067750947425487474231360667202905792078
490,0.844145795835307635799774266505338180781382509638553515079849980860192291730699273337461303542749361557495686428281708316556184920063579511191470681498268868,97745405320667239757344769062448062352772796515865377621733224026573435965180,39032888407951353604493187145136684009790177524179052486839826378833825550795
491,0.936668860712423986236490248502976609360405219151529542070545792720863462844068570558500083194192511567807029424336159262273033401114011960349741560059103468,108458844305428292016033655501591942584022664574636680732932099565066096023345,11467571780749776696391062972616838577735621294795764368418915845302054554729
492,0.911608624310643449076006255239506856547385724507267111374408061467017666795927579103440392765555256614050439080919353717567863722817224016265166128505528779,105557067175685080339393248349317927974262097082010705955549582809793352193627,35108547383032060942727276471930887970205042145984463843565206223083424123725
493,0.949255680452772140073441246392738487671834683515942747668496184791989264252884365519302449668338184831905572789024160151315134972497100731594953224972979148,109916298460016698509369300417287988300636921214357143377514708123246163152880,10622687480817623819110948108445560122279429601922324819033275044295391400091
494,0.483277749334829931551705920332786852027548314772991801174584566505637297178222683345155539240723770261799548121077001676583931234515287493411196367236759777,55959740277387955039107092675497941028949181561203344106826050419273798609929,115315403381242300079270423323357933064024953779576064258392729764562118799489
495,0.364089928351160655067763052493143992203283889211969202508347175393079829958871204673752328020877923536194464171439713235524850355689593441007891513995213487,42158733474045654413242720483030520122392342594216011277017445447375862388851,20400096349917668723551110848500328763761891437961616254366358603307953773256
496,0.204697255008128355105573289503290895016259028877068393396418968178214772077413578787360732554533236276356748336715235264366603876650434549647450420646859340,23702322818534867989985679971818802734992141361893808111021327744470650045602,107655415637195736032351935284819352685876079011278095691619180290917100183120
497,0.796779280430802293038303323625249044405437654058481530116866716991365981852414614330532047940920356204576401164629110573556218448185232711027141163540420518,92260737542088044881063844485924270585827454237490236562469363576120463869940,38268311476926716086322868609851371325098493673874878179059116933087725229878
498,0.909039749658897797423034167352386470827519355473184702126124857620946669398986915297997764982993613429436234096096124525013174974996720616352605452650710018,105259611812770668278956978309494110192318769276965835686665120162431745232149,55396104414535624988711828458126624604766128054864323817122443020912252678574
499,0.570456846160489834790370738181284418178404270406095393742580586449291095928455739029754563163985868726309759396593938721923424741098725351513957482329794832,66054390036653395617778680020260613626904592713229091243256368914030003016479,105555012082058957029176126885328085273478941640406802048963267922963046100413
500,0.847701993209617591671711691051069540970234996911966020083297347017354970994594162875261327411250721949604045814917051001203997066324947582372126750985799758,98157184844378847712300751430746047072223144760326232749632461851893831557865,115470364491402892208710960201744921058293857236816801244268369981983180887387
501,0.505297356386892845346796603581959488513534919077307105994480573337484242016273291255435841983535891493762138206343999319410568418759700627057655091283465353,58509436582131060957185165084367417753133262081621888984108644779629701155428,44761688486434245614536239920615213772447256766934027095343896597553491790193
502,0.491821246886310025500572877236981140283369070238681998145133348924142105431770263421213551904028435860538419386251526039049729180220391100859348855453153653,56949009708267730493890506985994938022977214638921849783964132947140627555985,6912804528923689601362819727775250009975285496905063838223640233420759543760
503,0.108301565646033392077819687746845108516810254640726123425767247272280220380281296961363831429943841151765205645525719130477959029409688789053289265382658818,12540464553826556549979554499059649714753445487689150308159421409227433881966,72730051465810005986519023392028451008556327590075077474025586097599850982291
504,0.870199467279741870500786216497390318316804198939251098619710290751100417720401050366396729271346250498603169038770308087487144740705787608159539258955092992,100762214369520885400500098949784164833336107224903920584989687416473031658659,28946028072176436138050181739996160738846011929313432627044035115630729192499
505,0.433614015317280331273625196603981919952099222579756156249474274555579341079844314806674882657145545319606359444130251069760315272746261334636041921070694897,50209072756169515754220093665519723791326920267597049145646128927315101006882,74721398288779377318732758652486355876785103498667579225703484461103115716134
506,0.333874000897485059363028729505035708744285958916980033409754815140028499108111240105700898304686171189795867720558861416848730897953971083952468132798134437,38659968105941377513771184742726419668497227630122618373610445202784042980829,70414957722131613146666933002800036395859536088079274329179780023252684356666
507,0.204421474420024890672800875556443571817827442100401139478021631235153020765407590145942313993996673554606829350282519693023467585675883919086109192894902331,23670389608067272095237372998487973970917806258205998930844336818355714401674,66380501346782370649295202956238218006141821904017776243677643878370420821470
508,0.478238948677384986604979387103124104264389430884788320044543349046528497801303356510408929133177233263133241208573577621329428310930685579816807226525385622,55376287022012042459713011166629376578209704619730163934653494197308835115128,29210790245687129798273738583580890033410647751735428792467765029420933919733
509,0.212769018867562988221839870616530229314541267057727605856851318165494557379784931520039046589857340273429327645602349106587597829481010487672583696335360587,24636969219649066806945274230880364278607192046804120229764891540243948149382,14025668094486055245675467090535044681631084515821364093494874567870319086310
510,0.431876206112249625483791139508443486276143070684614400360222382965492400507978949342479967842272247401277291660792020243939797905664999382337079036879097570,50007848197623170752760865718142146931988990122741246686313859505378527369827,1180284656011960669982361481714661532044518037724235794877600679200830847027
511,0.557693348172115447912303617756290012709663156806574673441939268149206977045996807008385134259631449584974058588295370996899102113202714524897793033363068145,64576477938603242864175688719582979937377221185498131417909028480620374455851,20705314253016183882776822003415859022086198187082337930049701670070453690139
512,0.274710696779634221834384842933793682651380614625068597873856804517543016672722954139363734167649135482290938013671271965188237555872886274590593084363094658,31809325515952716603993860438135646801954922215901515683284707473623428145741,24377531977987817432088011602449325046972761657480460991275213238540072159220
513,0.362339641269823944560535872826750397280236789934914802001008562090183986240775380091218519223409981437453786505144066082665120381841683534137893379200224843,41956064076132592320180781277399036471937539086334974352185957392206853087843,80445473135866953644947060136654042861795644255714452732937639425774561633394
514,0.654857814910130699110631948178105550871745050827360574597826485914776085988975622664674705700811665933597394459806495202037201779825170632083699527112751260,75827354541827746090915769557428734838962266972502112805530189196736906960333,96570036462163023759491147881411408314153451204876534252590428078766327205003
515,0.513921329460775036028545070039682815619344987794074115004605401778508935161684162089392516010965924646442202611661246728092643702752024472500795410926869584,59508024441882239635450194328503315553998351760906079939947489105706013531807,30112637220282991104308429398023056683786774663293739243353117894053240113306
516,0.789004150633425014020580515751822961272929286624782084969134862248895154220202289622466974938058346219007658503393654574430245964052664755789413391558538304,91360439018758418800027836316529808402205617184688697888711381557422642530067,14180608399017377243769303759815057052930066056297568521917899162497911608541
517,0.579269975022846187838012544421546472566693347009403701258559364599422000192399719013393094678370882022290645804913542082552492857622693233270171248561127592,67074880640343329410978715401133577524674986501062143952596178725475218732743,43316832872535182505279050468039170406051278102077300078451727457375332261366
518,0.636909439340843049508747083378347226024989151231960864589266042271631559889538705781872847625385944818506383519168461042758761382119492063683870908147128215,73749074636243924697476787741580531444180630570476002755753667812670856793471,11789686344877174367379831947356463843704913776612667301815898908673425357264
519,0.668141022280649660250039073945670220037428588098033022039982844405196268347630061870197947556758387543405506709528292602077900172964671505839221157579479004,77365444875032653851551437134503119579921896571671744371814321980927402817341,102179542944653850859479111114397983050783127246592373396882988129983787354586
520,0.102263045481206036683423049533648485472797672364345475559416296507543430747350335665172375261679695118920725643252708599139525917296712281936351543646693357,11841251688039534113011606117454703477082488004148077370632699626974787119588,79763949622447667494288191404109174631830984986760713655368681866689760702402
521,0.342335027906355436034644345155914744564931493349780676861457639455013364795456265058970866435865960706054689000739016619753772743306124604083091750761720582,39639688100391838697915618468219718128439006833158947952885703457096191227999,112250423969109195481165166511306661719910390070305702836340395884646125523022
522,0.235344590040705474468483401106334737025469893152781472211940472686293044576483200880329167751489350200041971878974519737118543314504190628812911969861435248,27251041771512964644422115812464998532206071096485073686205820846239118408694,84310340123723968884173352867654767556695348001285402677829051671678964353477
523,0.429767495603341435879776589788930664363094033368857126623375568505515854875083723038055046159778574841546028547442335413511231151518439249441777782175208276,49763676202200007214080144471205690128589146396949409973309192118810625710789,60709959743608194827149646538169932621722268451677758792995739814550105388147
524,0.515472238429989670046162316426400899058349955551970578673829716638979475626163386916924475506993541780169053376273116382056920965360353658958398765372908110,59687607431644494613742867213176643529820466239181270947916668140172188324025,110393711418081037885770217205757364070098338626660477624114491793548322298542
525,0.386099101531742559795605049883122364734266496062380408305871564531689538565373577104145017507871364487957134754302319234557496731062647706908274939971838657,44707221619011140640912714501938510851632382780733616547685754851899099077815,109385841998750600980075569331201205525218358667727469061860098731564822216324
526,0.841742096148212209603063516020764821967924960612226555838649274751460956344940207240286196559525896973800181612037397903458734122259040179199385012292215553,97467075911999377150999991744046749456898634588396531748897816915778311126229,51628529837803832523659223394752260884762035901460393332454826021440407690958
527,0.897875365366074965984585397916038507064930608479602149899093842817756720355618507441622567073809031270346990745474850853452125801667696603973799313023299167,103966864430456435715184730958954497987438673075007020883071711951207468180751,88015308979094714975043983483461057813599791000676092727427763759004552778835
528,0.630532691043743302174216598007411683650057711758815438413617471816436814803932135999042122765798782610964271537634232904040747974539336004186255811509682233,73010697628382246667197873876048784985158810358079334067855867706270927119938,115297075492380522477446560942647975103283158794598758867636515365499453473120
529,0.277919048825254059908113978613507676070414099067825200529551603340399940231850408747341091906833138329604691267242323868446635094665283813675837623766536282,32180827302323854855438624303045526577988673381300105082173502931073036920617,77902877178517899361426096223652845784518248962252487793362283476338087618424
530,0.974087363522324996819975717497197178016918692963358382404347465168391820358615698225004851933394984841156096187856879168134097645523366377480738201723480022,112791610921919116639998455108645099804789294321294941358507543494926600059196,47500110693609358765043610565434055215459031243658215161308199334867143968618
531,0.815730077746751365597419068461253284950104980897481571397587898943430026130343965799043000523778612153381962311722132787055597666375079611993761640598056491,94455089956014712129560687172600972794952495655655352286473093463455680637758,20728017272327808252382331903795534938759378611265640249472343673919930302195
532,0.610512766345341458537660419467420661963567499010367175222969084397805008950429572054823597874140776180037836318519715898931395591871317484914622583272656665,70692548721180549868978569859931951252023279286506317230446330068440451906030,53213675370273821254298906665165796504100563878444707561336310191732937088745
533,0.470030260700780582491226301848431230772383525125253264333471072313881649645374832684857018817407089830526587118194399199752197873298001042439128897362125464,54425785891303780780754379538395861610465866689985055202367937737323593360172,297629882354722590746137567334035729114111818550366593415069344771166108381
534,0.615433282644398418057446958738802996529581502093364848387592486309281074791923207309095915566469965040844927106171358824718141794563333276568519167814510551,71262305583574622149374957733293478308319308484137111902666834892765651271617,83258367813897903567878639857540526086870604464591241934563192741911521117030
535,0.026781481571844738930829330167682633408860494365617352045186211464076842258405675221834262502038292967756315774428098242736784908282906073377442106853184321,3101083704074585218897025745797776621295763806755183367669841843599627060388,9495271803145450225223903255362476753397895139569664462868876555400341176827
536,0.544738529803706410879382543666721779122465809342011069897390961460325169762738093456960029856069412487228192479467567257817866237061909821222826243164583505,63076412454035200652061169729445523056849810377896076180152812031471183079311,27023201624573097140047317649188990762180900604610192034352686379868998929482
537,0.707748914540931240359867806393204151414498593656718629522328042739223411937921599880835160773401005144719193601378282161251153844525144708838485353621095325,81951725470137184040646083655882848261273405109830384312341404825315122366687,16435950863014712496465454830347090950568336562988416162481181698959295888986
538,0.221261306115690342107078707000233838413035434108131127202529308112594361126550633481118771719314499096335239734967352122263197384166576448470836921205923851,25620308902513151751529036333807980949458759994903389704075808322414894259258,76342236446962937966472506516972550040098424107124639035494313950941093898418
539,0.523755900822744577473406907720026309209306273790696871937090977521223262147207470789528195108503244041621118222427846398531535721585325539340941346434184881,60646790006638171052967043190406288592912473730657690957593828694364054336584,19027435790901434716517571819387213424678934613629859170571008795988972467148
540,0.915562342942091524214223034245080725179718426761710331135282035648731776429025182650539633909253864783810562705019591734517416178979879939463555173165003500,106014876516276955518066877952270036651566417729398786795244829164538217210742,63518472909951069922217533501795750681942500730816883940621227587835448700888
541,0.594394187998089162346304346906427577411887326818812022323775730927577458095402419654435821747065359322713292113618403900545929596480454656287090515507275144,68826144858816839393928040730628003182220738547018256634310168131397376285946,46644551548635094701621170545232034678359746393315056969849437957162210168076
542,0.802631548104514889922392155569360558234611869340864189183274356220140099675820790307886132644449459069175437925300320088692181597589766569343802357992943533,92938383842803234758813206997492638891414245996334758249327775959871173680911,58632033665083685776814435893211803039919083561322167937758949703224755416370
543,0.421548069722762300440072346946697893874198753775018633028457915660571377337012550653047725500652868884482944134689416111557299425906643126642584612145948992,48811931707156481713157781514957190989446555994520444913491138144046623387706,79050947378213400004944441769440519004937944957517146480424722132999268363457
544,0.350997851533919693965226701713215664762626981571787619683006275049510056845553902992956510942107418152009707203659104695367152066020847106706203130123160810,40642774546921890450351534067500746567940652935450743476391413540133663964630,231296558979140304091407609626287910650133145768084929373128903689335559108
545,0.708775014040456181803205945148780952609860923488006775062976098835318357867317438929461603678854533423742683658516034988173772470271040422114889945317432390,82070539674952541547326171262424462796599844143288671694438176485634704162523,41944628551711000139270402220925041495489406463547716393807250261041029078236
546,0.353846180800816658304589542631959015189507465820545805074730327518205045688669279149817991594449953565983919773873268544308068399660509788825128290314690873,40972588543571683163898459013733617600895027739805946355377016800201463112583,56350662384591221028584675372203752520782489950152649099866771744041311853159
547,0.867597483676604699479650007924261738429570607184372058075513753711213380253293340011317292714736479477605326913357600025619821946418475628477911133787970935,100460925251952392565161445958004321293972796536332149837483738767559199839250,57423459751675538700839467950969804154474479461155492472401547145181896122848
548,0.405117465914299077327997567065178565455153367703748272047741370942551157635628247102778472378903126207464374395041645200779795159437865004802519357816557871,46909397764743920845001033682428983819265710253067419041357544576184721681090,48803670939550606439823165206242068554707874678756198760837123198174473340597
549,0.215708105986273716241666700533152679735838957090742480242239783147676312216072929694825344682265735248053727629583664218926177406065455635029924664695881031,24977292257575065964102711590417610987398430315022979721894992568046998569120,102198600781056841479152750336306039077171210740463280904159886774359584154357
550,0.243822001975694265841867249530282006617981633776656114553408131058025381895843021300695228354747820106444077548863855464966775977309083349691781749295772917,28232659010790676136581323680341098986306190477972376611854508651358046987706,12935311781510996766143320695161079514230111031329320576212051426473643787274
551,0.299532041283932213077479128874347653059497662271827416648027760080912413310490618068249649302817112066525620214468923770913798831140533444817555195442188864,34683440853784557531593216400035659256615673605311031165676625982104832936029,19449289144716366793308263648064365228096436232212681897952684340511432808899
552,0.078886076403590209479952513239434137877115243251964698145866824312677687068979653514263255896647705677892567063582185391814073035430349088017850016219571733,9134383598506260979624471067568812753855064059339485257957281748946921462230,98298197298561149835762679502213223054108976969215819677532127255129947994405
553,0.298112519022233067428347732059399675052176892168988454628085658373627593718894660925903514383154830454552781152390755628789094928464841720889260905648812605,34519071405383533144899527004512550734797013357188464223100806754575612820859,106028434241438853709860733374294727214424545110829848434656925594349882200495
554,0.840134971474759069452773374394545464517673528588535907780203375774816791794535673404896126566761220867730035284304962568213693276049561579411574542946354146,97280983588395398496312874176806055852877696733329267149640743591626409964678,8258270257636996579892133039938415337430058408318516551666714660569798688450
555,0.844022319697825421620511427820956585803526466915951634293399961825158855646650335309986475578299383874540651590823355252849961180812093462080318572486715418,97731107760737220090009627632737391386462840211246998422945197574101529165353,50647448477475458629698487314395217049067116709413453003018540140155639976773
556,0.849169666714295365139566019259122062321385809177047353194418265269733086884308014831279822300081843699468513071833045381517304793112873772845929214874987890,98327129825803741066266486254158736753359442539042639708393140603108064979451,21013787138148473440010688597769681546063729297014706418193635808476638020981
557,0.062968601405279642218664989597268109913652203728539391194216664821159893617570478687652178841393406391219256390669308396956086835834753979422466461456222954,7291265913069134318316104060779624112587519953549319474011417916777460678382,71200990220127766088695974801768207813873819876860078745477637095535203966387
558,0.485206281724472249901088425898184268399010282880693486166430498184287227857905018856503194986802403143015078560597062606716114536493557124792862366797187471,56183049071946473013046167620525526298774782400276046475387772491536130573612,51024405590217033569624958893737269605185953262247606883989655827793761288700
559,0.538743097968896805440448930155164253965529542172773539165987162247116449961245295192847296467763121276411292331202767798852213389769579127314444630182589751,62382188876002680448062909608581871936542831499435288645098883672510344725785,112461967405621297133129059734895143253881532264488743880341798993448729556039
560,0.070258884133090685933617394143962116178283674605658190711938588472717864608908717834128855300164194102920041526654470681174491463001013318211886738198145175,8135422981253095627867053328236338379654363492279684577013952862650734523381,96428639260437697058464084371980563319994305932424023166987305905608652704390
561,0.327487227496528425526867322735174049045289499213325627052233912407915873589868518491563493180530434455531802888990405141065386514562582954768331143047133005,37920430270359289518926482109188828355418063929086685553551384541806973738006,12281226011196519698222961222611831981082856718586977130397998257362139760126
562,0.318453345042794068447075477162448043557861016724598037843807829380395185204010299790072218212733293039719043631799315418790306370817853951353499014607749774,36874378147117055847761452972829006477111853039800770617511046082758080474338,80610346650388271523306363695394562604080370742321360060175216708411920244550
563,0.867437902904871785747598402975672479396694400659034471331764784613709424108791522242433135498172684470518456755745606652615538850217851295976412128927628472,100442447060991335232459991937379340108106473687918929540282243455646667751018,61238996959978061851514700365735331490028343737933790136513323223716891737394
564,0.013215292550849367652708425170207760788152569500877607671546084696000194148603131341486860963719563045142726670062324139106078132892487971175279188480957383,1530226334345189954413165490796624578729035739473301297639905191263118225247,50539052876236819879278670782204750172682066366862873268184925330399159476687
565,0.253618147001926117936016328117015662763925633577106972971019610493585310340989821546826181158671597175090854115393141594778121316929846321592431275748921048,29366975109849805956344751292159382246210553208448107988221018255773207477922,115758664118787170124780525962499118941047441805726925865332952350456390187822
566,0.051080518219263347321665205230023533148692418714103151215075718883481714611816828515128843583110668478478794362239486792225999664408475245053359748049718002,5914719923933297271568147778426782826352208815884107392242372321642968024190,5539698101944111477570775201773024036027104010480873333537270380789139619941
567,0.335856135550450735116757155725010461129020415339089620411369708561005151614655012628310701834583696333656838378842764683872636105257769875531597954207616659,38889483618557955809251083116274782001661109268106847467266885113975458633153,76880068226848269985925853958596766587889150197396276486768962666052296067685
568,0.175998222727975955149197746966449156572464361634342720379206007731145205904177735739649544474549235957746499224271560328341760204549523473805819856718601118,20379201911726843207609428083504046084725688657640550012022004639646919713187,79794772717140291837639572613195562026734438767958315424336627818297184262216
569,0.707487482142651678608604816167916806947288798992688827410566087354376163756543151989435400879795355921669382294815405986281437990149107704951651949773551492,81921453666546071437342678309780519158628303639071623943459282858389499737083,10568585087627664210099014814683091725321313102473075877209331107611769567262
570,0.978906797992032431366042250347672729982508446701653292502389384700533836780760012310359170984052678202471684898720447890209758350618988591024373952319319288,113349663308108877557362449415591651918308470436266122341257599252501982541240,111684007449251211392202958434367138735578968981384278219616314337650315533657
571,0.317729047671353438799906211961872560829319913241394359274049870313126029227497946686270032566403000630399926211010693332388261835752991386619693667153599877,36790510241248848904894807571328653793951043397537308681351435615787312197955,13239841294455935651315361527218527179703654259317020673410196435556996256220
572,0.719190754063869490248449455766941712283997196654206749694758861664231188553777937867932487624129673461917129480735183693631463656182873247138055792581400585,83276599973216301237479722004493123395246695201839145670741945373670003968425,76259166059883470927593472513830202507565013398335887964219153892012734523046
573,0.234208908403201430247724413147668742496527362353681124460235053459763461417513816139744097857481401069083478789522364922477338524882825291949123254231151156,27119538821997914972727184569769086688548085517823684793129023381917091616317,55985561443658287300101738827964329250083723155342925508006134345519745609033
574,0.012561236933045810812352123357826673210187473275973303477472835404529295021601885627275205430715673838897193638355485322885245037781432906769360052452934197,1454491867882312525425516450523433911287025901841686742571862412631477339839,28868139452561799814148327551290302549702099385855423633248361793889581019593
575,0.822617564612331278573977888616630878047233509518810739538140093346786208600109833437729272240537783380987493596654330256860322507224105838126919962920963721,95252606449774784628523882001683596463348574029121903963330595212461692297189,52158951871410221671088745755755551898323814861796194686840409263967323439048
576,0.931439900308211307497076718794368098301635859670946882886976925215641182361263663830852706570431745171822676616470080402554511927266157303676139459090388855,107853372055685304555362825463589795194079583856074727851799474274024083999762,43022740059762272599942684448053382623938605063561297889523066630058791401280
577,0.761448370887674269387051776819704420834362961345942516705611842425804475775303523396553219222953026698051558720788180012222687624112474015853072654537941223,88169697711434618394414541289608369118510993058815513423370292970629643108669,21001706462184304260619025496404298582609421175728227317716637102168936866888
578,0.138624669934988333388695632513782216603378578596386902511625816044146869560606625345668839284337366370034322879288287688331012251424273349900856578176687642,16051640151605672574525232914011120368388112381839677535894075723756650982280,23791929044836292068489969944074474612491065214491307914694519940098400125496
579,0.334374954601901226053275334835877829748635250097544105882754939916934599636323827863630161761208485035747755026479731249181700120169345673908762191673049075,38717974581986898407422443928581539792098444862148947532499815305322968430287,88929236353535699213074740751723378207034429834788776678660891652503856198440
580,0.190491362937669676300050411049575721794552597415975784000298983085199057919024035738978245479482830239519475873273007311440079289382497643845161553690355094,22057392896216634124155031882304907051835132170934622492353361298728001958150,57616746728786674622602506931758126046228045645792233372606098700137527343302
581,0.294113323999030491323131187211936253002442309612037520348839243051214824203207210927988018808529916558406130830805275774937976456294898289749925425552641629,34055996258379429639831704428554907017049833986031774021498042977852946314083,72692474270934529738845548029639388595780955854080642560211456242364464772200
582,0.552512545144433544975851940832211790419609954463190175453421319025458532028593195999800960088464716930854392210837550251057923704796221924723435285398760666,63976581932100942031900328084181613177236377650863989301148729538305068368115,70271385259505761218279324618187241324005555839370756991447234311295566475974
583,0.983152865774367170548121459639460340254904431452807315610631615582117869033650705289693010832341828628857214331273354547647221143791835171922136259489223227,113841324367668674956139832054941580514505788639951144541092571701494256323013,21401992854357042986898713579853991743383258011412878643995864840885355578422
584,0.049876518912278477466854310610254209019939339813519373020468210852579770579003128292332299696220987403855930047707091027507479367135937290100760028290767590,5775306328737238364860202181521549192122613972105302200250131021945882454211,85027956207581229556349152275062650679720741624344137340345101074338454549844
585,0.800095020106161744872216524690672131955230577997366564563639743274750863261828437912616913876724976357624268294523142085644325740758000083348326081585261016,92644673966464976359578826568801078482279646851098112239420663783514692829292,58913117008879614925712326429783645282690220209078751849907661689772869898507
586,0.868177138287166145687615326653678559384579643849234766570612367533552027241477410222275049254148687776403548723092857915192340864274837562273214345578919091,100528044670345345311281052755366168036095368266836676258887932915054714983772,55415374430461653615819260859413735573419492986780093601815422681552239224824
587,0.730405343835948921346430873424388499083829600816874116100089995000473599348421683359452835264168911831657505125590329291306565397899230180522024526340152457,84575160752864816216192536700396036915271669713746112827817894556432439269947,64208616346246315320015948767343488100127759534509901193392457778983814927011
588,0.388600418744840955966915265680432137544199026618564635058994679023247436731790532018137461851662376999997577384446101713769061116561321880532323010548775797,44996854364961065180698327191898992384717610756137097724908689514160204260023,33967762534107961582805324151001678839919102752428906679344395997198594555712
589,0.816982998163848192910727387385252501568149324571092626763434153616185155915963037104794513044142794070945559490098651601832175777521097176962350392324287362,94600168228758443385994847661662676673013479661140811223154481663159036757391,72456470562440624360963056938117873106956503235884653098864718465724237327326
590,0.792749902689171417834563376128805887172825505596429607615608867424679857885230786660496147749676283472138384701223037626422805570459537497474432178021631824,91794167475058266978756235455694711051766657131232001132563571777229892920132,30087549778290863673554106349594168188251078104277539456890839187857364698130
591,0.489396998683666078075626911242808516875814811777465217396474486301066412087833515761959255058733765298601504285286912792428437416673400559602802843304888851,56668300944053779138135951129639065341599167126638192277845025789805225674690,91409752375449780501160774426939071098320183147197017027845269107094327388397
592,0.113152449628641505084899651474618376296783416682497614887279633558393491487423255835635399907342418723565483148586900402230013629481995018510477371380506671,13102158544820582954611112550789154090414072831343726553762055348931313371051,49211227407112314293504840356519247307762208511058407947219674641102239331078
593,0.194532048800429433319230897761506698768725884767571683685421653662385314775226886791744637225352515254269679149659952155153604788723121763864239678109358249,22525272354217273890390308532632421429623686865349547963775103189999748170654,79017797470931928700978330837619043309410730760415179663551518893868517203813
594,0.715967661067054921854347252259064444963467054401793878418048310774196388235520323013794444158844651346339997228814084798630227413237222262922537901948442782,82903391301308979849992863413521940746987408526536006337381639061933723271703,78630663405682587015221279188137600568993458624356010725308812629798913218043
595,0.029760645691906860943644385956918608423039852927079429888337338006119102388227743884188201730340227823530201190157843108106144705814644066489328790789983896,3446047341717429031049319266829218146266723579535486437968828382088883865530,39734984005333935547330204004664976906991317592041486567516417459907931130145
596,0.803788779076645919833214916434915127039571295183437244910874114443425510266643361949566589543734320272472109356623710946533675056758672061559955019357444800,93072382034796417145441314709478399289285531722312241512258675162240883142476,50525440997307428861340302360049936192038111608712083233624254458001437423520
597,0.836474351581995351323346592910653835930280110654188050458852028528385180272182324789454807664052218875337869024515442141897073899214190134695108645712964463,96857112763108607204856848781991317427619841162787983816415772563597378594638,8980770633011018717256085505982415560211777792726594247161087255698064996390
598,0.458058892765953342280039923607204298288375796617827772188426364524466335292280680441933612740995410710181449418961844396054486336668828550025084440790040545,53039596187101519290287374896174105372462692656921505558233181259683825542107,33971895993725143577843735099017821254942110674508740512060279201239926243778
599,0.131850397376946976776472263589687746444036651876121868411800271258793887889191441899362573230833487678594140999670116346868648592512163966295049265662502230,15267232979047045553765249387694697485409490077540466165370328419197539726990,60817222026739943265707594215627895297840318792211817150488706271037706609539
600,0.080638341667071438393034169317757256864234652197690123011615026004808459825430276449931480753126938254561642422334109970827756968962583354877643292293742261,9337282054262728813459641875683170842043536310235639951580072291837587040826,104544298759528125618159591622183531579955792993612819918431849927883722284387
601,0.113681614644335010634746170456317537589086774069263719502375435561068314442222486825182150268288069322602987637121224216935384868276383604308821897625456003,13163431667539031174236571583288647405476913782898622394668181434950845830856,96638811971487625029004206581676523384758150884546769349855608148751562519787
602,0.090280286066362583722779592901927862046239144213425469920642479165887286438159692332966389094682028697776709318872467973336636651119444198554760300801696401,10453742940566690211718841504138108845686504853829845873395673869019394811877,59243455196123421258029621483752266014945100996516012924044890011014870537027
603,0.340950399767882645729593852987761819049216534079540967746878437757194034445222797660071366035529071605143157125564900885667955103049483291313420955918732810,39479359115421298356936090718880013820402833112117696844475092685672797398837,100748548385459899913844137529916767368012709683367994344934436623741823843439
604,0.885274676672539517326863924460117454769354902741151331946944085551754152300675796333835817411908425885080899547517321700659341420664743496811922370614081248,102507804360802937819088275672558385730077843003893575323125877618708738575165,92684233719400245002731265665660638994892873267619395478197827356510714072534
605,0.714312841021530697507215034799785420054969325015329215991843978191080112115525547579203166593591083967047531246836469760222263928352187959578103481708356657,82711776230925939215419293335627155537455723177820786525137779091978249662810,63303538102231172640766232722070327293962690998166697959720842984958570646685
606,0.715335351264895040977190306430363972209594956976995831810965551343772085874035543667701433360696114878013231522874289854507956087673160505619782385248579457,82830174828271653174658094478005218729724741574618008181167744503870124946762,5147480359328326778610555758514838784736556229273936440219660257465196780701
607,0.566312720396156980112686644681318341220333257314843397982048728950525707162385699365209871284294647041638809864636019183858553271891340435905831662505809571,65574533056339104523567945934233930758897207795798343705968376188736285823198,5922293934076461375687633990922875403819738503144001712278423501178968539820
608,0.509726179393953412252260023786904589638786938648402198262034534440233634507340294225526848334264367832440540805528325736304000104038629737046891961616535814,59022259250980897174933032819060106222455462727803749832190798881529876224885,78187418681102455866100607012276998460109554861516219786849587515421128490880
609,0.770983988499955243490098306579220142492582884528673847760455564231864287589205601818860983773768571746750987858588121587973972628512285287434542580172244400,89273846796928780933521717224391947372867783657926308490174981604830016764505,56820426981803120892867772282865551371688335756059854792238777381745928245083
610,0.265560050833732903594165616817920481989863195272608308637646092337473937913056430849893502023870342498737219926321173455148939774769729732433749874006923026,30749753104005825495555647621191232081993967803901826771560255867775681319664,62346013395368096919674455439957633540348444086213969181612765042887673153726
611,0.417545412393826278650568020831413787770588293858726668571560911045606495459973191699357291851522703812159962397584093653494264503029153742769414818586960949,48348455652537924193914187722539257436089672995724770435597151888385490087085,70440057396143128837995401804671647910607513163849779624528953399754632137117
612,0.388855184020744037226726580217590012737943698616973738767834433796743814550202014553393708437790772371203642034931729613052113296332006767685949122453230260,45026354168523004247311986660207076731103657401427689548786154491576778747368,54237861511005196102481166987257818188753945653031467821781689617605010942155
613,0.201779736499013418079602948705593262375920091925218946795917022236320300112515745310886042482975073981644151555524781848252932283541874445215765462448938855,23364497254975909497984121097456677513979215214293644516338688658774194716604,87920206521745709823721250169811451688385275572554816851304774188872517142046
614,0.850044793162243444077270041163725960573169231662778528038447461704775832690484544902657949486340735389336759376084753555687063724808411739932263324695111496,98428462545558480569141717636814663406514921697570653288002992500403301796109,16169297431622932948318028580022373211488951162918879023093375955068265563560
615,0.282334518133909729261172790363301233957445766734557308861027473590833462449672541158035488510034420606409971167929337144503493726452144918708635267375171979,32692103718536342968862291355800808864344771218287352438806282567882926305034,81830674793191826860426906554153590259728319699456028226394617270826553321220
616,0.400365814912261741733567411229860608015508669747453630328993704572509959728943257740975743357678266322530609078961406211761632301916925348609628401797677548,46359194167891430762743809947103276621456515003499413010357113217258171688612,76291720177389173639240579257128670216288765214974693624525100745644180135633
617,0.021082653106444106827151259445857578908019343132728269970999432297275307068261378348255927586822610839761022785121013543788573336491623242165837524286150600,2441204449860757515911251805502895363103554033241202667259230204451733666071,100733987760073181802021356814423098768757357231935254939552490040780081834824
618,0.823832964275198517943868849320556269433922963608155764310080075624748608512480803446232524640135970976293885157727845094413690117907007927591951015488007096,95393340115996512028737344113604652175717427708819348625843097884330825092034,111562393583683835487348368013676088321905138658577353027279750907850595893270
619,0.587039512868998407251018376602764933561905229623746276203280627148694615576253513965146711916141937225232883858586982576604294077989024826127865473832810233,67974531659957692670645305379036942360303771390431858826619607658994624187403,20664375442730824196036373219384296610687385198683120636985192022562854603671
620,0.515845554124522200673052975391405351627086209593884367118977871082535204553144518787109277253276207142564754932264854077205782105533298255469499871807988559,59730834435859496073805384357868089298202370043015935450806774000798477090756,49377113334861230527675257118613718260179813621233368455213015814962532442548
621,0.734388027452542606973332029242882740588200657434446435460460640353771588344814595792219037502277278984280936572988354284366845213618230721442729308381790567,85036324009601429462606497685594912867517020067511333888827212399054278068437,48766725614344323127455591385617208724038422701211415046310015775590804468050
622,0.938290041371527508513548685490100006553321282415071778781016201800898423418902898251832986141893335788874943286068691265150209828580848010697312153653822181,108646564200977018153865013801948583720241420117120212065137086724247187883943,11744870055458701103330282098354194983466873729141973855782570757323721607950
623,0.102935333969954787716128620478782351304768606915412977972378798003212716669883858583873639823879453326036148107324642643055727537452507112499907940408726398,11919097376721949937606407302602775511297777492023878121899158750979684810404,57279382232121271874585549916975921227246900365248918901403777647930008193059
624,0.239588279886167179368263327348983927809204219297052137632585148899017763157387393870270809722371708218427772496932577569240165005390869449186167628738553184,27742427484794158952951782825309478571014707093782230172301520212837253356939,89366028733270754157536934956270285021689002898010303975418512852274958843693
625,0.477468556684243544925602156477924849622631311057315122097712367024912070708103691089447046484643150623032085157299003613019145948333655631365536455400052413,55287081723594494758389144681960837709286649453958100125259542246462675797860,10347688476015707700869990788624330671229154495662632029744041432202350899525
626,0.470578018701856214143085493334523854685300433036632334787720743531800924794785556747226549455768791158569444090472863460757738626988739297101368470838699198,54489211934644784261545765261324324209404177733047478269757592871502057043684,50048459492231984981112866224344291487989091861840357698384198456182211052794
627,0.187215177252021335771450947151618981333540106629818167031181843332392479359098192048797734014464667754762209849649864088922200461197786130982889137380332782,21678036510946023532545908233027468630259300366200919912180659831266544020881,57406270161105031720499705753482661670072666263595725342942828278949310356986
628,0.615870249313919918428822794056775177376041383736517499067305482462043569033239926358159592709435876431469193852595035798881001588116902995148539905607971692,71312902867165588575328592850332644242165740952584498415390998893724325902593,8575237901906555474499163987165854249629141909714675132389035066913942357421
629,0.150311594731813871707407903353654600710093071593946278570184135769088592597679865462584316440420749572971677310409622678732068464255569474097311257633142894,17404893590589498753982501625031074697578067739932160145625772176745637254488,53982897664598630397408697982552385675842188377988247898408807085014452879343
630,0.939628915453809995098319471804501796447146281947704216705522371946059762507017989104302578469018211160020857508040330086131233429867915597117583163575106306,108801595228190201666988603580737121618293061109471071556422393937799074281942,34583480429284338795649840894325032456828681705695916020793482423296551778198
631,0.919659982467790373712171096998407495507078367486629830312302187872530060640146208958450518449520631371823150843141643218479367392278960913271990681220058207,106489350757899030708786982240822324057463176795553337069558009243382883715048,78493272253867156724632125383162465475492984827861634926217449975350130942529
632,0.801108838242204338370348119174216571184303135713249141004277348087754158793624100465533486072553697346440264764656113306087700987977864227296058755267657675,92762066086544029916602346084363128125569371393606325455779144804291767259006,58613042490857973941345283702815020006393784982203003689090706233918911043045
633,0.790480702388084673203992626048081743483736514235445490302992377052192229728048906557282851183628140734009039191515687686207173674338414770677960366729413368,91531412031297485865664987034173689137086711823436978015774410946057939361371,10806581327490393593744346226744464614922546538959650307631192258360676752617
634,0.285607681506094302736819562530643685261090533923713841758553592193064574308889572804023195878162863501924741488924324248292258622364423104591919297826593990,33071110143816653903668050579753444344611000750967191532305114398053538060786,109849555420752432810117622847202060933645678217731597928453619345965078319325
635,0.298763430834641466066376427712643791289868573928428393168354796100327110350274051344813592844047814138956488717947370880272550647261043693992865423956135041,34594441844051549659218646824502674629388368999392263019719460285770724028284,56238572508084169674276490414452243911649598985880303199943400160597779114101
636,0.833566695258761749335706617219601797375107271338807337577371011141985292071796863885737815018767608134267000436484311959338662575856485622509241674303812903,96520429162657295259484376444065230585507017336974718141242622671861290633300,50060825246674951018852225830525899724649759135524602946300732555504269985621
637,0.342937047058635396095177778296536201816894132520675914216174903642628880380696596227533966415437126055183678005527570025961128553067528745729156140233501512,39709397155795213280952554687557189410608862247709711746857897603243197880547,54338188132968337611950287140633773606282346593092278676032073183508421010108
638,0.676731050811468052222282331189908413237629033389967920940327742613550827990736606389582091704174676779026107875605334731334928497314210987903723429160367930,78360102225224269227152061771900637127899374501365121411651657617080703201551,33915946489918923638725633756915511779857443439047925673988780085908328539576
639,0.235045566675644748790288043800021839887772262678295600688468327365580174884179461630222125316463582977807438515866059951880505922702004274157508665540323445,27216417231341810518948968656698114574620692772522893306026914307693716210238,10561959072059459216643178618547151318845333611751702865753563768126428879248
640,0.473531945537787121715931817682385997661680188305254643129993308015016225084927179538254416213283419915253386501119714916997259610879641808475129515133235122,54831253294431398987334270801158270799356713355680554691022577457356825723686,26919688545876645398971238502086393208136517237059029089049582967369802862517
641,0.750254253976778975380511630660790615309800117839424642818978895654523707068644565082580518139877066518844218411773372142720735588196538568400269488826223640,86873507527155280204707749760213670634269435220809910075990879211382276569298,44914300940532370130207803998822433304686871227920696246848865033873748568829
642,0.007205322675066097740044495634142022382847211016343709826019607754672976810356790881013877601629819214784756872575782992937863543871107205635485153111302672,834319366174911434443804414377324468294305176973178959158874765669207752800,62614332280059178860162677606266335827285475451912749433034204775011678441586
643,0.643247242628190613134955769552691505302376999815438071183358791950259028361505482753086404441192387554878892632210945196138119137588058022185967073216399440,74482942120061029722312231687158629239209283240992427059683569386185795508628,26269747302844342816216211841103825590689945040864485670295898946104936919426
644,0.355118346951613224953613048489286164837816723482278849546902618675576559202375764597359801619855830601655387529582682047522476266172903378183510245573902917,41119895320029412261070310652855035823146669430319293656211354113042219223791,94244699288165618248972487411881676468978765297053545960605932196257763005240
645,0.859417457817248069746103680302321228980904849181372776507429880551682119320633254415791264413145853437702478003964175941118703275648645405846494866580012109,99513742967682215596905661177348122710303268383183180040092915935268763967858,103534320135950950425274166914373244184581738231463055606192390660990639548870
646,0.309898455433653423234294722567105932259667983987757846797942482547549326352916294387262224523926618046846921550792642246717277630923094297314826487833369913,35883789606080053189455821739111607501496035663274321691481660826306669561919,10923539754990059909843075685153306158683943987547965805887757490599335628711
647,0.930777186558970501249229999896241476399444918297824134259896639069897789328446779932898441863086837957196044491577622290991772498374643033765158888677117865,107776635046094416730255683537563996284792650490936368913746118942846998042568,114270438688512718005314474925617121431668425374418347202943971420034725591135
648,0.289153256695025990619013945259757353238658108803544995836213794831510100511451367674490630010273777569736478574162415831069141939873520819219005598289032890,33481659702491046136268801118351176002334844266698260296329360504030994388401,73291343043799719195320827047187756465990633721607455468073441755830263740741
649,0.949225194101533443516880028389311135725271768302186715195531509550518788253744032521083317280521921877764639229549367424924348508769220802669245564736565394,109912768381713547192559656190900519984678221227492261589682398619414833328230,208777548356509704655714880474186333244991988211718006170192782745143995106
650,0.039550109503072419496203899765393640995327761730491808005551941299811295047955886819637649648109530851599511877409100839299502606872212179068965943626132518,4579589808925388887604543367482318993939372637203166933237762869139434455589,87529841709645571486663803748481717650039249180531934302908091924421137323705
651,0.488206877613035805796864837293157366725372695823078632309385223428341560236096332309231363084366464589915811391420329956136151258952994938349629428114279534,56530494338840148359763897029860224482257660647496851143839002109098306245559,35942486639475030797739906717223488364354700961781022957522357016521452799503
652,0.429193288634666438868211664230985056270178708242162758959998319798351477406847451282326904571192606888598356002647627596125339550975970132513581806357254598,49697187577642503134850632687980197203972105302194739614965957085482652823313,53706586385931682536618691000690873732531115381062309466534777005977171543722
653,0.049960903873284356535142947877285660737787781818273270771103325963982630635046960594073126727457511117646833867697109129262752002008582794622409788824155113,5785077439672318561355598759803956289693347933923365264321630487560179493898,68053084850154304803835610988126813514242055395547336791786836575329734474213
654,0.321404406760615697892470972436672119897103356540096479871821202878376273020540480156306120778714015586113426489911754285597375995565597327622788044256789522,37216087748891885589961285709141397529912456212292746489073256879679184985196,114194016062811870618037926875476124555049960810667647237664803547871881593502
655,0.623874740793146145200481601039341321889800833119889740779050005488938989065684373663036315252369159272403384781657318710357886641984124854332818809175341910,72239759658827488940957052128098468803320558761419564503819610688559701350856,2152601739000252410334418990532310012070627346806224260819682866404043862609
656,0.972842460228322238695303926259172702804632444262220547132526208240433864595035554671340211131500458885873347852782143532891790924632964094786444037478662396,112647460968608120391577980169688596009699131692646086743503068187835708900118,107121991138141950168700311995723379534711492442807024964974387519624041770012
657,0.007259294161385659137533720791414424780442281667677600958082846187555006603479145259300210802705081702907252924652701438418151490245294741330292374909146232,840568837335096678017554770873034496984946097058961969222380961981227436837,106931179423578051299593247395825077416803692152841412935693527544646821715377
658,0.685454528925225638258938182353635319610879437868027630167836022656128276338729676858924784030363280969583961633676827821231282705629359382389384334091295843,79370211981432262390751413040171985307808352343416798721621686052287586245719,26020963126123104079315603410509573790223190876753930723844348847656220153178
659,0.466092234843886123612039113894861617147628427830582292017634027665369895006523770551667196646438800192480080939897871606620242517546949718947919363322217419,53969793649863399020770855434229264709773827656833268249672913879830901798391,18583102305834914602501901567764546378624934752105920308282797459033764888559
660,0.853734375780873253347659989960490762763139229818651167869744161442862837730549413764904895301251968153312236739544821276900938580681119416054628618989966357,98855687025383314211985898246263727525285258097751630117742568922541758932550,16020957079669019387976247669706613400835776852262258961995168270278209859115
661,0.225224115037323039427193719827712015660172862834099351363144149697238162137217609840933556816946739562424478470029472876366133988881293263214721165343774563,26079170826797277801402311183297045432249621973891358479895238751284712663597,95846104016684680979508361223377839798874375829071000505680565305711273611461
662,0.379332497525892159913003607288325652543716496906585890443302495912748102768973824592908622037406557196710761483820879962794979383233738488422487205678928929,43923702404132129898414626946184210685648976555262207882775648830408222181516,84091352473634160517017910581967486914343003238342091490812702088859021999187
663,0.405843803123037099156643346056679558689866213974929941973430599437461474043667612714358312790248537953605895988267901422397161531070625020259854403431545886,46993501867634497029239811932041980208212842174621802547212174747229551797691,43672898719659685801420524219371525968016380253633876408314876965279976643105
664,0.859278495992461420095821463690235197170280954643529378490275445428685772256088571752196356751151028823207046237169355060443316307967115551022613314129981568,99497652287665939563020879297477636221935814479911688402638062024321368318260,58667086934011825241770349739899441549080558211340558817422696285873915253346
665,0.040308883882033208719035366616949294708399326938314896674560247832855151805687377297846797724446729416585684720534770465667781567259328408057607086848233465,4667449879525005769604742772813348805994295748463879779096879483477298189605,50788735784580861643898929914788009268080924119828519307263358680666170751235
666,0.497890855249029487686531458807619634515185200882926261032073471307472042725338019317145758143207126277712102514447905355776933592554920348973938102049986055,57651822341439303105710830224768195414772178995963759047208521005654341941035,13320438577725935572148598951579425164443279547479324733098749560779589834235
667,0.787115648028368021199423733132799275493575754249856913443745268361839931371764192882131016231574252580300588747454311059617899994248548400465881991477291296,91141765356588755383928460857479457968737140151876568589555401771493632341085,86496885334864164165694153180495003155813629136715465573893070211192329004148
668,0.252104993268069240579496413609167733423746546666227626995050338743616154894604324140880972444931355324073459511565923742006785586418461529832577663820302357,29191763877669272213006627794843967529726140546011067139552799612202131035223,1399611320974893388979954724639589434668144976584254346632036693141547485064
669,0.779510092162088942674397922988747340625954130542605316284531226377553505642719324043173197309726818865224298961054757745067817383598003696848020419173516916,90261102153021174642253911008498522021467827655266375944564155840700800537001,69773337293400008898126890833134611405501555931426352833840196520160026008295
670,0.166243995156997604748578073689567486015343914420279806498568988019803103547864863716830114172879494201670137470640209769152743942977216490742140066364164477,19249739522387028064507406895586454417712073690775811503892846816542649404067,81415425681340779325772435505956673415283733010144840640065088152395491393694
671,0.603362544620562430748121840740159409974986443951995260305189825962259301511548229698042415571904264805764561858844905897815696298721690557051396336981189613,69864609609158339761679322933203681150615933825157024158212736639198724374665,5746621088595614828836297626857041429520478100941220379136139405653743934977
672,0.823888975584248535765620985447548225126280703773456701274029496465388783195946290017051665313096943960247369510414658086716277535951697654763836063973095226,95399825782492330588569697655447767274429613805559682962109781962079546474950,97174883005751675919160234775743716047369436894109156240308747348476078037524
673,0.463654703194193383654210870638632921332664657904625164573580589521075031671291328178588411162847674151521131942090280866416466659116822182272360977776687498,53687546767563394715590529596623916744862883983627161654912313824430963712548,1438633517988284095397148504260787200106213522326302076143764123189908153914
674,0.766590152945855173894973724484850472530591240793030530616517165889814478601004893665542759293063734835841405531258805177542648408075439223048891801771078548,88765075398354333023041011229266371270735366325814946749116289241685895030361,76895072869747111904338799480188213864453398083444482252685522186286898798002
675,0.131004534966243079100253072627332855126001852450365362679016454802019587490911902521136948383087084153211608251501670765391532145483208549279704937425938917,15169288803304328432233524601600350618425712164514742274992063509195996234977,20003223172986217070673877905848958228912870482038394411654747596371188886590
676,0.607940849958397753912648645485305140764374466987824909201323009059519601745774230109939723830869305288438914488135411138860632555765599299744695640254428414,70394741149392648573152478082757519701267904734669545333759060121801559941552,85443116242781174771804127359848527654718157387458853490441742590112299916261
677,0.672043459794270937199644525333516716009115797048384049484830104911624388617300550982457987651388212008593471876277392128641468252714276585456866264187987872,77817316267852939088004621494790806246458505109181443929638500341909986970332,17558622942170442720682632840367105915947898242579372296619129128621728408916
678,0.184929272707849563458704146847790160621509202333505067207254999470701799735685260682732863088396705698277695123768271827198813345254037501082015380200213864,21413346847979299072096297626703200799330249116933427934849929999957898984661,40243429731744889784158334173744319580807807931247935657270000598946134334037
679,0.970362993896122993569888364617295784288888788333233798260707009334599201078255154097922050561826934437872787433583876433013479496003212139994016488214126328,112360358381809184317644684462405966002192061098297684116627367233419827234341,29341830913991453811860904223059795372293681377637470886777822239964235415536
680,0.626496506607382485540816438866468779628508320028426910956066996773586914596268378365467936268486065935970547037647116343564262747802584164847342114565254105,72543339399948888217005543008269238103778472046331757568527337412781410065005,71083315399852616416802703163572085037198999508166796952991415058957870780526
681,0.966049364567901650845018071022770686477666283843697456491283701427651486583628535168207996133541214394095296969400078900396571604870824807354536647265352985,111860874229699074288505977516278357169203066428254570898564921205602427096122,61596225633583387847511947545532680240855738191814338553661134572340644288603
682,0.608931679626298620577604767020787004282651499514048458799040542193243121085770559909325339179463152215717631124158197034264233822314853989296569740710850761,70509471386717206096297244501227180116902343564173074292543429736740842883367,59531180248983959833651562276288152164518484936660406553973936252171803973973
683,0.751483840428958187444589884640284242557244366133618911480960344024118406960135661052300844328735527549650631081900546888021783330698578235086758949350303604,87015883911351010550756909857819835096395031597057454564333894956158331823709,51998494739842614286277949580291645429085203263870130411817537175964543651002
684,0.920037043866370614845722994578537768874810522810276776037940021567157598079734355895022775809603713955051551281310551121533723656409798175617694988138301332,106533011485011381240316837947542062684762156380316256015465822607383344316605,100205997856469241643856698396201681401982438567557532722475535554847384219034
685,0.919540381147022976145915694239133072289476262670870320185873220504771418249042264305925210472186299483483150180767731046244431623237187642602630241520183861,106475501871091831331084600328067795259524060185176168446832348511915767662043,5514790659265413623252826408750420599538777059519330216448227483179590469077
686,0.682594087485853872447300084098104726333570444989274696123719461643170639329981175279671102061149251043136061737701259086732089650794833101148909168810736881,79038995491026409700179426480293434036110919052307446899847961126390675567679,65277053540290463529574746975922291992006679464767109883135287115569884833591
687,0.228287273698830178485976171382958942021858831734679002476709915691365102925047888944216686547392279971203079466379222933842109588336537582221747190668895734,26433860367878570480959857383678991598213018478561130126946913368849510991389,98911943013362054050747505383613733458930638373507734734702106441549902746534
688,0.645804135580677130701841545282679916900081344993502271599682772214957805934573830784902754108436183098643475098158400815208696729350369810979066427040515194,74779010096985613443306574687539964155150983910173734444413220288285215915259,8414900034796893523548386492390388925603003653511771541325303270604940509202
689,0.818332335162443106030253650950678743981490289931371392425219870648513405719236435132201786838604425279430475123717495010020839668548713000509056536093909232,94756410778910957963729105539753036410922683599898414744987391317238099778911,69096747209336899817163125265705543634477445497941746415586691740015809731104
690,0.964245410857161796361659745673313497839345612539113888141755306162959734788992848727096546187358958370042897363951360109305712428244998384140853535259078261,111651990660645097370968885937510607861316400834705469526577729819272077977091,74306014739664956874018964516052148201370515321762891343593501317573608290927
691,0.839403663484502695153599391365002114766119203937769341609992600194130436496361766265181182421677870504629722457031465857533619311861644838493355241482999189,97196303908327670040715107038411304972660274012542451926400050699260256474140,51318557378905653197821526575707989164755912780180960794828664879620238303896
692,0.951109459004393137985338771555980614381016999394232796674517101547451461722496414184054249268074334385699484946848244814784805608797251081174309848527794251,110130951351492219866881065923522410956215441903970892224263775177938840287298,68563756797990565217165996923923471890512826334265674153376894963085945120356
693,0.193562149856834518365711873252087812331341692941425397283736322943418425187344501205595774098609621418968087721101304862332970205341045236160590288676291143,22412965729189352790905716894429487675795952856554986306099680525439232634741,50022837137842196184011151028754508476619037012362137786991227788037076497330
694,0.104124329927451416414292984524126542111955333387263642044453463776865974862706291145285677480706762389333150008662896627969469978955800512667721604946909953,12056773702735207782031315317634035487889804186935462410540764594989929182055,79519243001373515977542489742049806530395935693251499188708979157160001590949
695,0.989984404317009341410657666525206337080895675359744253637101901180938210494012446792971994049751496992867294912866253388947860755717644670726523500407281940,114632362488226462235637158033647015070370022221884269597083581351777765647174,98994832269215735607206286656703935854747847162027959747763344887963407930048
696,0.228718694019964446725234972347932077186579094338340970687899826413240228073581958562778572290080813531100244656179344154944516238296523577987823767743778016,26483815428202141279109985512074301468438198163006877796709896910763960784190,97223157733576657216144802686430013599130539805822115605983181540010054879687
697,0.562047673537361727489984180776029609744759580924956957500018756098311298549631795123254516282205887730345471804033388787224356699265161611260511369048145354,65080674369864149505269957077621815641231509450123430509789043104279549566262,50153557146536838702963334717359197369769150220863273920784104462141490996130
698,0.167339339570961174499586904229706400056408354809465370991143075712340888574629459306604082949718704920610045874723405239912282358710194058476373187850223626,19376571740514293544874224595548963944791043480988857712767913356015913725131,91747659509198801840740883959124089141767950193940218589177541635459348051044
699,0.218003202819934792860095133279633491735216178385498115296118912102200054689600275154085958169946538907343273816768131382884254973601946943492354627326828255,25243046314946631192432726764341677115664190965638624567195409227297737391864,4152934963423051820150543485209525461264276691865175197618695685366276677843
700,0.927974242399922771011689697509730049116549080834189174888582902359501649224429218072899783012429010179123777814203021564875913522826689422393719121975018140,107452076285902747751532497720806446496517338387294949116623358126676598242544,111737675762402012233957849743930450979759804065551623833836684891135299621626
701,0.408388160408072364613627117079939604659396584579410242672151848973105610921080917389890777050513494524001450311643049923489083767819155096022868618128494090,47288118313434916045856317978425671528241398341806057713124091993755777712188,84449455840469405408212677467659186492765013104004785425448623447378928337406
702,0.431726229930419366621608433294015150075066855835533701416809235587755116698530564464481118665061806614861742182472512164028580583507105903142279487745358483,49990482142193209458821856337796293880553429635371093567572868136732690600535,6832825319070221876537741648606717892973349938526841104914510503011230704656
703,0.294138590562602014887433163723386366882439418445649205128671915499620708465481082583249170715820808182986863423454682090074887849949554105383111999362942330,34058921926563223818993177881497405886837486703441604846912854767259224365060,27981830872592364426231200828497985369202670826439548266054410970528637416402
704,0.514155460560025666386741990306926652467710727193201191409751327840575143331299511935645196252065187739536303486661430581963292430307904925715541841877471564,59535134971019899560897132087903454245694734087289219810627140048402741773882,44138857518787696842616566172411391116453013187786463688769190839271878830122
705,0.434979186452629040482345435723524921051773337451148852819327288450372996619671780760297618615774515314579125442954962795850000877230451637113728223510188157,50367148774098021756894379719831158140371634232837787479707045004151531117870,2651356082758351826483860997570005834390397650644019874657383867403222210756
706,0.416488021394086031691867129577450128099172125953993348056711515637427462485483427168412357738127530633039216342802080214368277115299234843118502490162387926,48226018139537266532056833254182460433141095823478065503301576444102024409646,19661049250938095947137975180319813464062670461627238284527377190961082339094
707,0.475873248940842313416302153441555685060533709650343142478696053947103586366637742537174336022551606429748207032421475231575838650963196184724311941368270510,55102357707009597832560931710307678568097504292544539075849695490339588537410,80695852849644160594012574272119574084815961090808702057475982690856536377563
708,0.634736998224276143126447698835129268561744186388151394520133428564870374954381275223844521224654128735933547782132172408482168779620928660387069179758559578,73497523140611594638637516672720889753569331535618818003432510843099060572927,106261464857197151729853382724365659164989070699086212883378542138676125157964
709,0.201796084209872656097840876955322128959925905119001860303083273547574663702719719466174253834403480321012677656731469396722877548145655592127266909840228592,23366390190570548229609109871603747067392250905608915104847554672336001652004,84427270664495063190771240561731629434214326310832707809063832237624362729359
710,0.860775953462061967343168438843748895897556135220617914879575249059907720508012294662859893328756761521071550447705685336660739695617802215707032341781527247,99671046016615011833828594836399512202482938075420172110195396218981609848590,32407841851313346537281357114087391862675011782022513180570088325298802771447
711,0.601906847895891744099675277551975394262781446689318739964578979967830085068630133570923608754587670484360813841216706522155127944917484512849205200637540030,69696051444112802709201885897784029314928889484582453803766695035324504379029,47238002753613952494413278480926429413274802784421210127991750722467175533517
712,0.235763123024733604022028032434409877304489343197799223386147157940940350686047890882581787940923942032970763470461766704835092709151270384569846987962180946,27299504580148310055618515935595344322239665294840496843011210028098738851530,110770299717773238479200973545407164384247013204121910431117357850460265430417
713,0.472831067749232423331402987691686697357774381608243088969560041605006380761411787197210175866650006640612343939924554458276040656348807450082349512277627489,54750097190994620520388065230551494962378329657789691351406862478928081300546,62139632193517160309157419117965624103563433871157036093473652763675463034625
714,0.076751375833178146092763224710222313412058847188846374585443807661470914919668825459825450941716797984510758564826445235300445803997616846777715307973526007,8887202159562157551482689821893018750390913720189849560618339928992426556389,53736003327954831231302082396999275486678415531067786905523892325425384696944
715,0.885312128737608933916728816975013481207284412816851960661907546042361363264100721807747528927790821646830524406939419655760862969023860984140733232595688774,102512141013663577477633017768687334363278686927492452355899174493401615295644,70904028384568619375805234041050202597630817626373950959530988439914748129350
716,0.895333678681472948669643536291422057324239727981445821319691524084058611592246200854597316182736214795044480859700997491343884618946918458450891934799472432,103672557219059700582724941316804763454445388369094321930162952254514726689810,94332710810352010936573223355048603499746559607973930168473533424531980594809
717,0.049607054179044340667176093884649672294876220429305390388224463958915367962244939256377937953294069351190104796995294624112054721356856112962550770793019270,5744104444300281593421734107178861834508014891377737750884991007926673722346,111423047238114722494855943959778531317939623830826314035892218898253729288372
718,0.842672805061251578831012886816963363343996135621862330839789950859081386528190614575546349991634698002013858749054480692387897561484240376463178596904674659,97574844641511997351435876856203655032520716484790542506625863738550684402700,39482463099393896231632594436987031224275985435096920878302101691948538243424
719,0.123761927205297605092293177876972015288902857099620203232897568061370445174496353103901243880147216988889401323609478527235663549044320640312484945433929041,14330652119138051262983837762860251469449547622625982333821505258196749038698,23978973704198270416688520370703412922893583890439708536115323159342834929801
720,0.603093980550478859402868652743891710849304827571008932172167529169880219046340595799378944793180628715581575632641149758221335128270886219541116417347733031,69833512014389286027692213629836361571815608233587748191633371062216697432096,108784264905963323717913763252039525319075864070762765946577999070510935902805
721,0.649517974390536626213663957683939724127885045949335723477084369522623601060573642290285555528835165042142703372520248964626076304651953622594863198666571504,75209043251869872321878874338842295607491119513807793936750789974819230443769,40152585080487679737232371789872441419364521297360382863795015808518704923323
722,0.164276433370621193479327704779008327133788757005993621351199598027436446512186536903692121201057051551350075474261632474505058337864570169357004999623578711,19021911432438997385914110371317627102956571022430630249654531425927793728850,82139574109001558445555587474707901992318717786943852464448879180394233736157
723,0.197071501774486141121915808800671653004160340195303331206346324472913798349304175284794217609831392319821851120255826305421240109914316121796511812141311489,22819320919603216209586004398200927871138913702251279587927861002304856400389,88142233904708466086248868055526023579930088817175179674586460821739949796709
724,0.034755567158245223575947152428921913175162873325307927769273018067067404731364165832371643398929145679635319920116316385593798846695977768020288538331954310,4024419733881066979914140085067897466413617108476979391850268996778281213962,4176979642993223887211611009544269101398927201320502088654514566292723652382
725,0.088404124610255625422278613939987925442612916489839211987413863240556543346561004820475523080725057083488984042246881334230490884610863978564729465431519790,10236498285817540203904292990692914662256783652188821732154237595356841017982,95681548113513758213395937197297500487055578328748791808293690796935956750428
726,0.593031816607868165766570878977211079761296208690121153887388154362081350990815925637147765744345543692623482855863998103165663141511524002239060656137918271,68668393029226003233217679306775597016819504949167684676801513510404488307579,87751598085004028121526519452261666198062992444601755225119328162928008443
727,0.706044023010585184460401524310077686805880458210931111515379754258765000287490687430557232915123568406079671127051598624021618992017290885248349343243332709,81754312517915408963544513264254074449575236460894228746302488535403086771606,33406002753841360482993232584537889182515601279380322896550711919804385661506
728,0.798120894942594254508285562993602430719475265088627898421359569823660511162192895417403684158496721733655424820262231873257882597216516838693282031984978963,92416085889359538084744118683188412500006191718914745932353853321719224644137,22855381529077174617467158196580236467737452950043054782614260685908001335581
729,0.831747511821008344681632056831078528964783992767704621611050776940130411361347015818248960178534382478307939974755442347106362283107890708576856861002275203,96309782111693905375501550073480503098960569717983595113083084879588454114864,65118732439744661212059746826567215070978347256308332502921666464983229002033
730,0.145540397606304771623580636071085526183221611910646501431853890750996155231453532314666596483027969861130663481797341416365627916986292090459925138308733769,16852426707263722517324369495330470292621144337297102575157999901103010198634,28465233888499948847528502491887115335044138117966586868315632208299488198453
731,0.542272027959602261692147571798754684749359225267722814784211874978938531831867841083842882650469450511960000621413645587935279102646900858757978053796868212,62790811052398688050455561718537495266924096568737086386494514825254084273933,85909261661309890669691955297779062670518902226897425697150700705139960008103
732,0.102310106480098686688991035831513832103599748634785186272984434094602774085179306228479151209673542668613654911713601741871231695331931168573578200467151340,11846700979422909081112221468852484059934262470506372576037132679200943496858,53966610296571655394363825220752816160167462553511518315435079505629131786979
733,0.554014383580883811656987780364353528176687125485525913504769198789255915935503324671720783471904772262240740108552820490965832590870741110713178739028508821,64150482942354422739395405617730670547704742679070209119198509635406027390862,76956477707794844988597481984000386249845441282145371850519193688411856211120
734,0.302278073850061900812565741031539900029314449009155597929908066962921575826533479385717270383295526384455061556376651009270969332490761820619182857195789417,35001409701730422720459696906380155450029953837580151499072384508454726107902,15536316675459756436253704459734247186775739474062665953209636616164943511320
735,0.269494900518616696347437735488330089597188606584661487895087423252252552882129447459620979318159731662083937984519482643364102670846622500477080453133700660,31205377569853315137480346697756329353484608157114600424757420906435992342774,91832872664047863027438568712984818003321082594454294284817251914621822591440
736,0.976751961581869025229636782005903850391068883882875136580935013220572003451144350504268910543925242133328523335256733341237090628513618889186230890358606222,113100150298211418350852476231957971702841987523296705109921460294786086399319,14674736520820952709032210499510993248066984709633208189563224751118770291354
737,0.363839746049410903091124306274377519833595779719393565819437150611205231060692194749262511107864541407017583559026962714539991503426329257946993388184054360,42129764342635849964622277914745179912302387744991263516872852207256833862210,19900795812748879472307476698042011265978017340692305135624064877425222386128
738,0.109038854580688608536667363402209393839037026234666576199380706018523368791228304504047314790803703054154088384905391294356278524467215145487722372797478929,12625836779941839163396983203191745008519147091772493254928048118374322881185,18800116135869424408899460108456975895680416314885848632489278073631685363609
739,0.849833747400100607471348406158830941521853990792050083259843142733574232446672848456527350460949220852602179042849763904506864681607837403358157714333797174,98404025115835279824824375858125556479329235592690512534447397149076383398691,9837499022759501264993973082890597121169555034484403679234591657091403144434
740,0.075330692512582233729892508912777324095642128304592513383225523870484533174076603907039813796194976314637134675772107470818341088179141221065869781536965879,8722698269725748973579416314781400872591462835321467906585911951860857079408,39102269514935006309741981926582243700076880449976085378402851372067753246877
741,0.183880055579389116596822694800204316234071829839439817551769644704347224085240706827590056466861282328955047793238285372772676533722069757539027019238809220,21291855804611286358986072433908533217314496377632685734528861776649192693890,86874316344872162943324564984556348607651931100927821339704964907227924985659
742,0.892828064784208150326366947507252627331873479388604856861451918736157143560018665746604125867766527073546804577171204446376584819099193288356888700536387932,103382426951073355439093897799907203160107938937500829726931006369294351672983,40437391998661805179021509250496100048128584497295384335476661331783345138874
743,0.303048522314021045589421970385716611631155577789291400319609730890737795402843640675418712363304654605643028164143695748641277272807127983923699713720733269,35090621539021933203062037044638647712089367661694881498841381759258364429860,70100280820419098303090614358565240143667911589125864964107362022272286487514
744,0.737440725682759151109405767202374305980760474386082146144995477080166566015804384473156812110674097278053350177031398902176385676015044740980189941661581442,85389802315489260760254434738692720258115917680889857001227239436943280531993,1918127835380198408257252575953932493385463109856936804852835460884996737284
745,0.809047285553411457469368109066820632450738551593312263377291100294294691330927212478897088943406159490639101770561680126258947548863560381341951705363376202,93681275486009057462215818875325459734267184220713191946200784995610100966502,104840504431044290620194915832551252735639805799242015760914068513987938994783
746,0.300053953416406404049959656385718277653739403255067850074544829132813382775627562502211937084152432558600943376629664324037682892207508698101290313312504344,34743874150002047044505855965731741514015122367889293061235133554222509113131,81734438442111883803750158798338574790751594951455812737095133697264405778557
747,0.902812251236525677737024813205806331508378276263545223957174147749684113582609463598258454607724397971861405998561720094312794574526145241725783303154552712,104538516759722109972552289160448240289779689070110298154635908709989220756357,76452679785595879623004498639444536782518974273441854602028679532638464936037
748,0.855692748869686614187983835497268601240903888570402182816670815559676764642075941108198916596855702245759501554646732350566597855193218684474980960823697641,99082451136843149445454885635511399259320390340657111207506773340269000081844,74081412271829742341304398486391961937129916527396459493748398106627994819475
749,0.737694252991010517767581870465257406419568369595219973266881992152439159346193160417263275940678266998203273058238578622951353190991748604763945334045610837,85419158772190399578939787915932521711888988473883946243936674560706306480263,29046998777970957472716186453461872801088618998577095825945156707429223251813
750,0.713565653506338461165252744061630072070173969474075121473155306288528285418019252270344459460848841005002524861724447547553130535148106976348950308432047123,82625257827489791234428348157819416608312691982640433622429008879537276437369,25029341719596139379014532137993932619337032335205852785158027443440686628791
751,0.716024217960407735379499482740309518028740955104197191165309826420186700894549710544590743065114341311829159449910333352903133824653498780047748637117671238,82909940142151074208853160581314929750193175449900397817681531923308842896048,82218446516775636079547873304679065907452315470528120661992928836336065557302
752,0.837254417024771109800241032580353888340075964400758071966211926950914032658535250559837768281670377823484490472797644026240619814307309350667977361865574397,96947438170469444400516860511773706627496493952650249876361242078028367198721,62289113250717384508124861324224992968618595629102378875040613245425071973705
753,0.277158675155269619284786520333219314522713002183372258781427450619120593758349636389830309542645779487369477128775155639705909280158245564656769193701721259,32092782046475310891706110395409108528018109737534753162651999563383295738749,40021171185288561884688619223010029483669143889445750580794514700614289385083
754,0.499626796670033883502770570325772023965088681984700103401361328286057759708118089117514384670022340076560051310415927126894337987603752143291908898027914194,57852830625370997588966967781955020489505302623911609691732847003043800907548,34606942126272204736795160296045392111666077214403759789079698790401735908957
755,0.551576196662832660267438369337044482569977519133547312078173669071683298192986426971455068497452648093765046594620755014099642062133941289752149811551503492,63868160185162186868020805248507867901086901677041195552653695787989352306034,93585644881050614502149300407306119414887574395226543139531266950619369708984
756,0.287519608280626329219758680757878328266916421123339179658780553949141597029031065950269316172989660391501306973168601886433001293261652381879961849228192380,33292496139508480435591294076826278320831232197149445378925486353457179783025,106774342005468187235799815035420318978573953292508041965899298702235373677767
757,0.596848430407648363820198314303866807112739372078301950466948187034442666313323669200179833799509616821027972392857658622510580856778517501653960343030199200,69110326714914524373045869375965379632062129876535357436529901830085438045200,16999150834154862757648172730288856309983665355547411847872929735674256077619
758,0.596509178684138736130743278029022374107521072448491759076761846977212785352217279909362721419617424216384284884250899239088644479062570285125041920591719887,69071044049071984242957433378309385706915641503606837092814085576037717633434,52067948567122453546602867076895112007923301183704861118913394717252541168097
759,0.586004155699471812400585095365285174196715781993697129017076127012358903930575785207691674605538985492766336815629847422549476724098674837912978702671739608,67854645490191374087480424492081048671369561389736011280663480049460995269583,110886831696011036105633376771656335196862943827955278417683067493371644852990
760,0.129712382195400312986546934992537568712604717340558086443187908220694593754719141093719619870546861998326292670641788718036746827152332420849196991669330256,15019667734354657473906648773438631558516663170875196147938301289975110371933,19772905150891991732331507779947216276967054958505367415989390984155118531808
761,0.946821723426800584575663485213486886238583693667763971908996727888812219597477127253909091576311190789366470832573243469222022526216724277008429985626346041,109634465490865607422474139288675804336870340491895087146743758675690103005232,17804127182418972093303419786594058735581975976703628268158484854241019779403
762,0.886500658811546392542153164827829937716881226284892523732672968748238817607978858918925582343713367923207941359491392818101878962943088913489174156419530900,102649763394046177702515304721113390907020317864258104691730084917814466426272,95755207081076798640229202906640215210195146071288083164623560696631440271121
763,0.050164938655226354485791449464582568067483687204886454950547798659342026402137100811502697196004454416320177657492709304901901925045026085516012808717532832,5808703053350462739079460541225786151995552255090446473018522943824163837950,82285442752589609424953587339794378115478222563260514580925683845181348681821
764,0.731904769710415465165789490671171025611482123089500997606065597485526854189259447941475607981683204522795086108097397151783013473333899603460541848651134779,84748782407525787129494170760158675765015842397526673669332584339250861831010,112246844933031639101528663076581907735738616712296026431127371710710906543268
765,0.159007974517511930605266656060273836014347616702371742609619402065792890358891677765603896976352859742664263488321931753098695176565044569719290681684035029,18411865574776641081710917136228421987010311128985246234815120922169346382068,16490656834569493640133570968485910191335846659834412314044669832618346531520
766,0.027267634530320126933072366505637354427099417016013226831298967229867992922289156987356027136939132124174322065813012333039102386496583700253062528254061506,3157376370825352621261575978399740450853098107123052583181680741318160966062,82702474406345139983198587714804105828726256893606455467694736154051314172345
767,0.937880636772964376030093942229410095916673922138993833226798898727568362826307078480501665469410028801190450549108406936384020817760792474468654140684036015,108599158387166028303502114165499774780942436357202873063933364430850900176887,98597759580563853067834126911431967841532891252921443542974334000895256854118
768,0.509320210651344533429631871933969557207310988708885698516266271808750621453889610324736433659810716670575500104205854992927244606414382796687108085017489722,58975251282109168828656228570207763846638031263765102882061971177475908996602,59701029925905093713935634125446731260941957694076583063901374021287172388714
769,0.286764669937868269119606669550860911366965675350080276629656106112738424488083235357208605842657822112132808287668059906646034111316851448209708229499364262,33205080251555167539724424875602067969287932255044258395499060692821056584211,97630444605916187760490092397349857957504852991791849236160808841966742172903
770,0.967762096602771392511859018748671799547799223015649985041241768066016632734708181077356835616008888056689879396296105237575474372873533580373455157032200452,112059195050320321569295190892273608726139372039192241101886656462147364195104,84815278190785973273192774480292581797752660971082749176603278450541275054345
771,0.141316196394716201790224332973796605321143388377808884958474143999374626180799340956762779554469303133422507089215594361603173887697355246036424441081471300,16363297623615079647559822911966850569194136359487167693052693910551574605227,32138615737753903452511013295627577084645753307231717724195842290770938643121
772,0.512522247815495182135498356889919812808487019536859492563659008274370325832614808483622141063999052631145684420676439293148646693083793794320170083021140671,59346021855161703630414767811655941275110741081792526263933734313221529929037,75164143457244259792853312885651991955387682003447507252699906612166725181527
773,0.713745403127270886343211841589328597549390116667339792498337281991203760935677451790969530526393614622112103535577171819968765766566856048890286420435091583,82646071411637172369788941036455100725888433271563725689943552502103496059079,21471741975375172148284463457953814320965506255539909817676538932698156225593
774,0.249152739051616369231443682496667153376291451805975981570633091544352473365411027705528462178344936883046286586425798316428635405455167803474024257716407705,28849916193986518330995564925568841709777897910875726008065376376819232019998,63703616162438325601657196031320208402892796663693983988526256013209981259031
775,0.860117185976194685072908498177827496594671725059536523279808976506137003944692529901508642922843199253883037685755989235500968260510341421231652402062655223,99594765953104825049587759237426869845935591286522701738220392108159044520526,22792394008138859471088931227743900080105628374584480132792966115584895666455
776,0.248299234448911420296474317426465829325353319536135849299910952388713859266287080965714843880329287849873422767244908222243467685257921264113181985415783959,28751087112865646778086692018893182533227425746203364377961037924259350908980,31046895123409507066835582495128245608799288493899898841849119765084328489485
777,0.882785993908654908889204418102273014896557938869701731745108665354497112931086938239905827371122863410953486350493174668614514940804133410982641560995423657,102219634584123840528003342657511800276942438468621242403303479531589799770808,12278017954959284183719811201925395343485572714245469344758045197702617910659
778,0.675482922820365056604296840018904920858538387116737362690803254298590470876242694169152430325302242925743357574489773221424406137309369399226881922494125671,78215578877498878964137448201748685477783657489719972546252826268207495370293,46831517801696326691739594295985619639026987539589148034832302091566992134084
779,0.659874490200802103566287280203108110805154935529228655206265547653087643863317642193192358889217118198925090703130033009746029093993510442376544195655751074,76408245854759808519057583111652983620905198188183032560860962007679319641352,110808480992419485173240623690485358168081063496665745747335291864642896746281
780,0.717900958386861381194042986819303966373251622502297105226563809134914159567128319213131292933245414617110291300867338458530803196346462846720845669167846692,83127251837086273617188848859625453755797454455594281824028113185489137388341,72333533331383901890723844917071271706904576994185322606152093148907753872895
781,0.707717428185896624866450146228924726919827656215501829988454286709073812524391631307469814780145410224044749803802952077863001318953507128616180925140474167,81948079599305258023366916287366578519133464543014239073042141666225564705921,44938383882819968347926023824769903981317569428651841274296932792406516267279
782,0.005713105153665600665366895384631235648360835912731360357492483483474719745030852301404833104566535276995447183197982956820167781702872529402280278972388351,661532381775418287605338997721598927595916797340228688749020868964871839848,80951859722827040063852357569771033711204896184403120688569627505364291002779
783,0.437995534149584419983462644208457296199704162943816130217101352735380832141313529567459483789491517208971279579347985155243789502853758706676915598926292980,50716417975794652248632620237264214396329690718343624741854576525818933894787,33251623820370062564678870814358540053089498693041443989360487393266215959378
784,0.338559649216586743804049988135605634857536498746794986075854553942799010676169198183002945870712890010047876879017102984792659793602915482672047949090345035,39202529114241480390797895816529460960715657515468026582914617006720488664945,98702483840589459763903592510147158906261450722162492386602986570212846520215
785,0.274304677163506063890795382761857000264384659669256387717377171908642533948485444916971592472103471217991858101459318655873254390397654119788068496996882953,31762311656329904073416819482176870635113791343444390677841466654453197683701,38953457736633822008349127576944393219114880948688082650479976087398524641552
786,0.999818323478417784383614003499003782858099209961038584413235920586366637599224269869326933333625259271606344848779063998117906869826632772731750760172207081,115771052533316822311201548150541029732418339211721965352980060588513598353378,97830968187798990713536169699791126360064133345808153482052857677015800950093
787,0.932423515099503245485194278112372756320529318038286589535194261557973257846456675264981096235922534296133739513174060276726369865424211866413668142355001182,107967266867373724783897167378135625398709249943279818370367558878150304230396,109774629114871815210631164678203236783606084246774144105936608890520569478220
788,0.474065668792566450965432899681602381733154710257511011978372587836012078256236447849092181818241047658858310285897328838625316733833986696320111260503239001,54893054225176837927386118960500558088763253024746771759390539427966068255992,33884287592098457297149940178489118083676795546093869604104244041169465925861
789,0.031048232164548024108687343220233970521476233602031412619885484960769825741911641432254147669674427369643835088444342964945981316634106641748450219547342883,3595139669458255784285551776288858084704096884786866475348906945099196024266,67402742973346170631461536240501005173228527736653705769084204274929448175773
790,0.873761421784701411725336640874665470853847931759590511517435637083396216964190109406887992197455770424689204737527150939370296537986301482440532336703399958,101174660523418421030761258204843172366391792435063243361995215983994361848313,64140300895757759748578210556375158491858565096618560213627761600098852318774
791,0.432730146246078896223837492181323844769898442936098273736779762913358483041465204202054039610558277097509313874138550696142315593865288029567516215470999772,50106727709802855404777266426242846811393894788961690955420988615946576148039,70115167880543171434010736136686007498627247708390495327093538879503950521302
792,0.528679197740802678438043952487424345411112036589971527211502548227217334194242990767300526728007747203309431183236362675496799933531321079987183931304195792,61216868842715758480569422765735426582239890686478077006563892427006501086696,44097220789892944828757874217271920111250748999894768045976349940729005002924
793,0.597518361451923035580659970855227197209551126550689135015457630166561940183761761460716330225877556181024293607470484006304207381574362149999995636462927472,69187899430176025592602437181825968396703676220916335970199356144687621466750,17610904839016846146960436898110729850911060206110324292366996253092406008322
794,0.719241087833557676691422787510065537088249562677551692156581924647272628217610110058270075674971414401844520078415911120248823195628851143468568295667069814,83282428225567686243056810125822483600418775396138611939388106312726900775951,104229148911623831438322492379627151464735154695385124141820791411285575641800
795,0.809066073351204457541670241355912924055033020588679261796708442843508471407572262535986167806987123547063821983085632692263274136654715593617433252837729830,93683450964367677178857455953044600111545701649299092295663586457942474875792,63232123066221964762582383447466858297566566996263651194396496077883359695299
796,0.860796365753138774291191757916985186679624008456592284564848617483779345285180343142859883970249634863867628567153457092125834147881048477625877728923814107,99673409598444915537048155704495230326214414208250217145118408763975672686190,66878299941723851087784907677598248093335478319113782295150425418830672184840
797,0.065919299129413510877629622532992462479963819516337941873020597779422243910639541760836187412005359254821368224086872491314002638717943264587840924917387938,7632933367254389043725686807774865361959443051491603985474637828568225089512,20993827829671839537901597498993597532697329291092131227109602323595959705074
798,0.161467728551494397825405022268333567963850541258424255059026822776671064991109969809211231371802349129902481547782400763974711769215082417274009368067749131,18696685633381387419527261684955178657789779606651084019265857879373693085022,25838634231023653079522662818526608444783287092313968986913804490440649168460
799,0.723849289179093088974524870452470855788424210194346583466882542990648992733532257224060487803900704652143220744790561849900585828196269373782161955937765086,83816021486993443265861704373803706819682771424664501305155020204232650190410,4056100711349578146585098362634582395971704392793284955422353540503956137027
800,0.746492351754070035581863306990833118925842844657978989932993722118861161058910226979464034749872211479756963421093052753112771107280583214141271493945428176,86437909009281308503398260170642661211595248684413179545085454152664100371684,99781979305413350678590319448705021484450801335514340563319750190243196392955
801,0.811012089898616976768225650656966637369044551124908206217889739727928339959291517634340323062824072166706086261516036031955975397269677703891105493237843423,93908784286082961568116223374304838951944257916449659852211608984133781688660,59222454180705560088592737070809241035362089520793627099314613789776208014503
802,0.506652684670620997729354004715135033433296910069423216718233650204504552529866358832643475010819005299276143755376876529968214221808249145070486409216477913,58666372875706369781516136997946356053269644950882090373076395002631527139012,53922746182497928609415629243912325691247706385354746076742188148567450155964
803,0.852451095725588575235433164086539417171077430421136506483163571127440440445120301636182577521474968760265373246252296008011808102957515290812091385271905011,98707093346705322703295467988027262659211687903464838441102972973777276930994,18533938094497173064984023156737190714732275189623460203972901688481758839187
804,0.146678615571967562845514275149701706211302031698653832083405315740009340201562384457574795499896854105029801461134693676279999814695627519450261257748053127,16984223343515264939656778554354538164439552373014217008623691942893890306613,4756335945486945801203073952581863873017719885185982918108667335050078759505
805,0.669939523602352753704496734326572457982536055952473975600023653811292879227203833612603625905458738131283849908006435207129115346377312407957017346864910558,77573697100568729571536158026774829552367551981224939291764334174120350499073,2565058243953809553484635438903081189732975118082864889865406940669997901491
806,0.545564160299682614120366493961327343975686170606568148265978331878516897263662480437785847541951919647585801507131591153899636354903832273524954609961722693,63172013934102326807754020235660897927227751106934798168875314874668446178482,84145514714166008700736551717586053050803378465712255381353667985804168425279
807,0.915458836300795978477203618202513694386499278504610357375310781982768672934972886523327296230263716216719188717607970058143216649067013827099634058457508033,106002891266031406808469023940374673537044637549230439111443807050970517772154,58798037975192262954191726747996101928675120371679627254259383805339961758521
808,0.396515293121968854500636380960280806034120342171685191799074368893304351860193304767182484904969965653101510340236957024375880318230098754682984794151045528,45913334205139606246533431118071352734571124873858489884363180535836004123803,26390389681103435765496673762235528562139336758200449373364336166008287333536
809,0.313970330094094106203886664150989231776897641576739302277871724386780925538724051024157844155272015152090663653645492438962498908251160554663025739045353111,36355280480124967333749023998975060455500964580210306938012819111070067527586,404684705893203111567401887597114865257873928745477840013379205365450015619
810,0.776818127518133111750688775452768723589246390921047410563913762800590751743863240986401315222670273436816244739265241876478671581798887156025863702356764680,89949393942744540948348463528171431973904485328538127173694960951117140177258,8108253503054470052532809516699602680443331273829862544308389526560055669836
811,0.966496510065091002489529781374780136632789977510750937519109674028195242671654889185393651988568766910716997723934833275956980263709718467500830933467084504,111912650141011687812173331828379661650540986964058101312012532274303402611165,56548571513048940104568832641965779157660073142851855140840497611165691792498
812,0.271250146111833529776649508556821634727595416528051334565142894881987547254061258414986153322842420354704996604684545777348947243095490401080661990481879152,31408621124216484716430019348971258142955962532598085288079626705829790954352,76246106938494667613685392811316707237730271136478837413176149835313469741655
813,0.868413193812635659900171826611092367638088506145820453783342444425451131845387726824763067584744434559173230877971992050941832965733481055554502832329955646,100555378032815472866981296888825719274763298447879695183924621631837425766013,12814298701680163253919105174308131174176486387698250798070896589865651849186
814,0.348641690102198189624873044932448002818872284636878604409114143518357368759497416185302940399066621031912697692404577642929416721195765010389079223127543553,40369949692162471329779515821864171233748166602952004614710732525474173128224,61025928808637678269825946053617935281711812191481665728737849387493168831010
815,0.676734067288686630658870391322701242470607009178132635813202294346583574187405672329121479593432925516949045698747755594455208721001729379189204909292070592,78360451509423545192832042197241192977713232133008849575301360811430855985565,81573285665509390642490020312570702665272577652706664052161534516694875223380
816,0.016475923637627035626306322869690357323524947292566995530695416592337611365561547726509751516431718376462490948569041598837242088895995497276779986025611898,1907781620115316971818362607071987554749676504310644037178623462989633457761,4066481028353317814169114705471380376198162587408250765270575577875601286197
817,0.152496469284758565380660389636142120222127113939967475139353863152651358550888528390173875698977365193451702790361750534924998267148520691456391069786840317,17657884779796412052256100650612202555644145127312990906174811460317353848395,64077747609961130084899450307375103126043232198501035816234007490492293373615
818,0.848929625953650751272453978978153956716813508688294673566463280956062486235344911954401261897772374282465623085585075356065868871275222338756834989236540657,98299335004626586679932454901357554042220510926826897595098239409615817804955,86672854687129847043317750196912614090128132068978836476036612923468921962188
819,0.919415562923091258649760197249022250244884774608873946652070241419911155297986083750761950451841881972265080202640073197883538887864339090097684660376524062,106461048908167886582823903348689308597630262561671617522674459980313131107873,26234122451782235508128935034816645323277887319910130899174037653236404496706
820,0.743459686218685177303287393785107803997788916290929081379568351954124961756535497621237813516643387245645567062239508508193360995279018621903444489089429862,86086750330981091697503289680158290201397000373603773266952757106926437097490,61782600736081718885298349135980856250074897391448007070007169927514387255913
821,0.725602981294328219763119718043873385596843045798987971807845825140814632266550822651522374436451971785862553935425419259489653228709898266110310531618443840,84019085160895527326793235016777616583310036577695873380995423096936215913949,41603136685805430523207131170811139124670827636446122443569151396214380913272
822,0.867735615844543183916791377391844347465558172848405373324386136501032731270259743234398209597646976212433904316696046368400692407041216228398061815782106806,100476919864268869502192805216100725205449715984150851871319843642493624758758,38055997733644124733976450576334998173596670179139158578354372727313802014120
823,0.932883278350956445683890090042803325977575288130738195202580888595714796366372839694966898703247101560437176250344478952000513999169675187917447832198105798,108020503814814032386269814582127866848850729867452093263821949287344871263068,49661450023613716707072164852559612047520028806812419855944541186939508807504
824,0.929154799315774879356640058159336626771123800235625953021182641524647086101509988806483472499476689422219609053769723638724339361730466778218812578658096504,107588775437652825867599639772585452420221434570331835027346240406457340802074,33056132048324863080350671881649965931461493339695928672758188018166116412187
825,0.555832829180288048236479907041537219966476469686301279001482202609958567669437453251484210635059359030595851446168826831441134154365780965840356654137563804,64361044557473843039620362010383651781216145973550624698393800401228573349799,94972451560914102609426229627185273873065110917398996573062823280619694847818
826,0.650424017434132200322882688955653655077949757199923803765927902331223846957147282870498068515194470802947189350530706209000828907832910020780526616312020295,75313955868826740607135719701600028896287658548855160885573364572407950260560,36248067493320472456731217664409773961252556877922198991359255155336088416066
827,0.467500790484697819134319513314312637094154914694377707020958038848668792471167830732132098979931467850148720976837263303446757683341267463896697900226176300,54132893250319991966647490519826161129373096800738249323386994731399883647934,110492027744492193803656840256891687967764069630606185187040775019745489068497
828,0.494309867004489995879114760036174462804002833262916484441646227435654698714516919904180536660045421044035010112456685171057581329306683487191753646608706763,57237172231069806000281020539524896989311001636431959639538234083622143402217,79384454647799559947296166243472091325065615771286541322936942358707545138806
829,0.114129820942026268738759967893288944269201928737933622582676684532371035920242806354751843564476476331156546360841284106743103239557565949696625642354031083,13215330411158024440471482314346064449498762439511709666903196186708014150767,86994329011597118696559865714447409795569150835432625013836470452227762342608
830,0.860305847916566901869156532249947897201263782128456860628916021895573306094512152996315124110889382342603392163557711243811407227597856440021787536767315788,99616611513340090003896569562498651626489418831291954887938687030653554081566,68620598046055533372533615321465452855582890005230924331301003314172407144259
831,0.384034630646951628569004397555549315081289020639905826999893485610230002336923929637562479907233673043787226356854367536056056898857155669303016810943869229,44468172222091588009987975464769913345784547230247461351109741643955274980556,12334154562957046426304461944199074339517799534793811754947907493811647219203
832,0.886247081333414178516768333100733906915496038485187004396392088850607570663429600867078110858448078218960762110311108472324829601296867180677299734451980757,102620401128069718779965455224901021008003129007145973444680648191228007027750,232215657845472560204017257391677360766117743419298207342956882621720053377
833,0.779861348080758202073387673085672420209615503702786359826285235045597464077413026237086035616815479425282633156336259994546541006821636634484310911521229927,90301774809700861006384418581306533571859280084171306571056303153349265998125,12373358771143276532114529212819982312745741201856844839926064088796273568751
834,0.522034567466840721611946905602009799434377200226258660770320066780496771513095333467160771551162535455730246781116017070142070487516143429016865077120022460,60447473221084182816534904231258090964127408106737592865362710287569437726305,23773919726455954268865587354934762858130986703105038031922404225123927020
835,0.812407984610195545640379645202278570952046954950863254062486284598479611358954737551474771040562522392723272457176321489017429314619181317825248273833875409,94070417851091964967617017238637893064389212343429700267797160801722737892671,34722250848531919261881135561595945405257131211913386678184439829240027999855
836,0.012129911527002641177940637630033872197005820610326805584751088524234370429833703877348721325678449303056875893953778530787383086720257472308891984715322839,1404547797975440184923952282033567635640572294969659428992739798057840576629,51747838169737101691975946499143110340782487602593671641279709124735017086902
837,0.515662614319555104096271595973798991531009830182558745609342091509137285556382131613041367365981033744730346773444373010978592184756934957175211531466428127,59709651453637688806408798085615352818968121654348913642278663253869133301057,51825859138913129710436182874272605548565413610923972471200714469552936603545
838,0.597036732868015210938626729842955246356200040134573668180738444023758077131183470554598842822791720263839712076426258055527337242689574359637632394339693576,69132130650208928530715483929105781973148709202852235861127140886095936537308,43115839651055438800541573537631269544748397908784627440203960888193442600951
839,0.967454146797581153754521025306669561519887032046812671299899717625400086905037967005477229017393307218549646138241756054849941840808637695001529290545059449,112023536898997119305025083237205225327259499730738771276059829191124615826732,42197224148512016206000949809202131927721255894731356160152586075798884999492
840,0.814607259409348257534137086617838165786895896968310308850030333189882366392763804049800202253898860606898650423847257229354436847872452791704256378345938256,94325076474892836435836197242980314343045110606365468158803502506965770671990,112673963867620829674017397775827337371732789560381309105657338626988570255275
841,0.655400162827404090688629387249441616515290801727222300950075597030626184209088120116783331058736792304801146210706464715595042438906988052106519291199172924,75890154140262339230170318369721256714736131214650072339470836289675682178584,39300299210692518614482643182799058137238723788836367901074077974913827173630
842,0.748336506887375655536524894676974348396147409668068721506372067072396896759300462901968323680255109201861259373241959052614839236809165412929050531795464078,86651447585044487593395548802957080623421026632625224675812281857040971491257,1512806245971115478298235877775972337883913045566988444363235949836064392298
843,0.721447498689033944058550912783979246042064630969627898214088323811720368148441068184789456853785648502993584918547335331264634973212854545914789952889853178,83537913148239177361181999985700108240424209892498706777827922407160551097402,30707971369416696465297269498344538092635818818830484852334232802139241677095
844,0.401519976817716047181333751827948583468144484598483192430998306353133174760931086502328017235326229703726110249213644878935383907013329857912938885700082805,46492836986242106596889989919225856187993795617816346015935727579584318326141,113508910156194617367843358999971976546865865891546546842454644319229279544656
845,0.505596415096389434468250644681939749840626204524633014906571447718924579184035165370280440718474491639292805019773332849404236060506443780024958335418097715,58544065214908286625079016708764753275009401535033817761393776863262413819382,62263157670162364867821937556438241135820906846011070212778573607063381914464
846,0.944745933183794347988520257516310626663510714330742211349373129169194454944537705248122954321384027948434192872675947721890313158118827020390170885474196592,109394105401809479005052984465384913855640655335838520611975080919416232864407,27032561792824162304974766786264481440087581844428119360381491956385741691912
847,0.554399550778033154319396996741111005181956705604096402306315347000915440742999493737415185178752309212611541560057403738279307783282838549706986354343304069,64195082256818026385082033051332137180714272266191692092852888839868813027488,28502646571602848964426541982729670971436062498508803787060329552141543872296
848,0.190354901932959664170231456105065143935424947082187542529951770017293809652182829286971561279390180207745596466435422514908587924230346447425379679498972883,22041591791381838573966497818250372694798059502078239963460343226712583133276,62661562590849496504552620556974675260912393591546466706860815064446176315398
849,0.694407678420663039160428578061837475292875207902338545306388266930188489925262271957433903981590541140852315335344871769556779938526361044262591830220359198,80406915866762982385181137366005074930541813796300010412595247358304767583755,25639679719957269118689551096463233370698624379981644808626148876511389372382
850,0.800479799766366625997255917285941362534359043596372404494617934904063360589211562945373666680078782781357133224077248888242480216091183542318313892184240251,92689228407216124158080004853404391814452596712091009895504410873982789858776,65202109507655365871432514741302326923998470981591880009683932358702109578306
851,0.489682092307323717251851930822194607962854225489255141858684595487530065505337439062969856584233467039225031480071343812566925754310462466898763972197676961,56701312530365334333265235579779100672272261764135276597636057504995123317105,52243614607762429189733523692813404750734358978173205133231591188756856063879
852,0.495442322093016954623176385183644966821313369461211875162340165416822974917623475844845350623243329816017156894442589745041044465419787382399351402335444984,57368301571737772419170013581473588220605929057661072315747155870495910910914,31233901288534648163265461034546840415270403685604729083429973825331376133881
853,0.167801922713049650474906605571600578748153855897634627804869358880293105047919224058294943440272549154663773021430307738493156595532042837048751867519693923,19430135208982680472230323525737609149170205051008537991834599852984353485445,30942344784962138284035562622702175974801671804755693466229090019141678997313
854,0.371534302677226970075427966685262150219315138130817934698155591778398112748946260350305708530063208320551701734902242641272405049945359938440537634975191029,43020733130325510772883260070697358506262699888544939850548896037995425759951,10538439467101326800348477553762086935828932767607419933365685128430245869973
855,0.704805955390642917787597708492441812794155137985719157207964614813623722603047868692767919765329288447667754662292510375304676923731710813967840780587147527,81610954081585222348863665575807354249964230946920657207034948063065232045926,44537718599810483173192059382054703814875560925881480174515030455188004231669
856,0.029150706779122267276955722075720500862109610819893283053249016277584058721409082582179954445713553032876067309621962259532447616880380467298830959239045704,3375421240698963741144440113723490961725573859047271641936248195740948615721,10816842363218296002486410475951752019193784475984521169070548422077102417021
857,0.063835551020299309004258000811693873017642251847782406876089692841411200583918988453591329718444592409477866840106632102907908093229268237934329771756629985,7391651820255748495764230807210007430931637392425598673179285943226343010794,19136112201568835007616377033748446456746617777365859543978185814015209623740
858,0.739220676574498294664656294849456664067959391265705316082515111792182699683279001965221700009444104000799749766921461342807690578089903573188801306736960845,85595906547983560209256106286872510197111255832612235549206522464464681314600,113994818790625236089342856520310614915054671659168279237662414547261526372924
859,0.122010022807918369456767051932028356006285784227142959187200078874640778076793111963633199737914336088192109088722088525954102519395282211056995152854178271,14127795448821468157191160981347684500807195216375671190678569413822060016191,3254688037367989980340487179543492539318050578694526625249758507987614697259
860,0.100078380804065142396231658858666029571288318083714106036976576013185568077246293446639762522882652069609547749336462023118660451677784631646848417473175761,11588284800790423106714207968039611055739199349901522880499144521789823382600,114524141956396119374622613359647564019076975405646677400527736665255321559292
861,0.089305573064260762260204146469148472837747560581396037843837526006541476976587839428240313353932157704816672841219465360661339113710292453752732295399612279,10340878885646543732573503823110201641294812664674282994592438200053946634931,39101181552654145951781749816907388499937896928268345738562182723676640617549
862,0.412003620692401157410747089001341982939913813531144364109651312236241171690463204335941664956651101153309308294936873879701732835980238119946192696576231979,47706760013311888206064924020275053028539185280634480850899011295490490353900,23890992454014055299309039956345176906557540259854050892335435108294461838500
863,0.067564333984088295060131661487553551686522324336667714890814747256080000460209824688388561505636649522174814511250813353862075897685631118898466518696254910,7823415389945387132892341923488661525818060720847448373730393601483794220838,4305567823221444228881793389692030740869417496889338202541859904836294329633
864,0.669650476183704756842033365433540544119593789703662318289776802486660628056251459100394417868552446852084546911995713084922734078594057258058500573714153425,77540227696074824825475532097070351053284753436964953390953688602495027106702,427979924414747931308286472538529949803625094815798270454598708714034333933
865,0.550975018648364018424735083134253118524041197332664908194047157391914862823648869659752408207552210705763802697316743506258830795673016881613113844804273762,63798548526863321324895387739239595975286836750913425997668754260857142377903,94691048570467385088659914579533918224617758235527197509445422757005292772242
866,0.891385836808732689764941343292241198887198053983453639540876576688890122763010535480936735728115226951246066589747840061367592727819124652874931546442289044,103215428360636547036376038729274509916656441316638878907215542405695202062895,59475338564491343926742938839101126001959118561803539563070298186202014841426
867,0.356476266890739563935796097861139632406176043879189971109445570117636749916394532235535240063956979684264615103345525476580963030284502707863296311003586486,41277131706797860280382689597722621630636569755279662233672956263482956795315,33713543501050347070258012175710828672169949240499655622512870349270265511327
868,0.281034489727366588281697856077011832919391329859368021113384876854349936263399710288147059869804162729400784088862373283197830249964281541364944798622230597,32541570713274853610843996958357317360219695236323019606672880652365425765335,77152577750519694839607320403648943603295890433849731234112319057962110028144
869,0.569877035353294003451564995462636203436101521184258206332217495459969951683392956175739474358983346032990349159742619998304422239144558555825522141602663181,65987252531925815580137511957762042168697146205184653256998593589557211166539,82171432046850928427236420016500424893488082600306972419541668617854591092594
870,0.473947858488044150965164750623894092700639949909268172351925958775990685418497188540765033503770273733322703841453525109893472273842892103927441200849680064,54879412723882516370019444865502313544355477848470782823904070075043034877911,16825545427986763100132223139884293463050538943623168988653606339413108368397
871,0.192261428539921646436945573246670391531228824574719229354893096967926883022438775232001621002064444812679924796263873266952241205687540660976876626158442523,22262352490388498085048308101917780973854176156938707046366585691463122306645,16192599019808908320522322184212668509889352911085132256471371045132404211773
872,0.805029075357051669525338948967023758141590596077003917356777068052882869249926208724614578765449117389262398076615250594730275379369007346251545261141526185,93215998532377871064367362373726589304646296216438184779129748038309025234978,2487315383138375440160981823368085809422606643197851042721639208388674890592
873,0.680665585384152149639829687371238101587647740137317615712636286521409046200946667614612379900734637611864349979974248794724457141422170631766112146691490875,78815690203571811979761271021208069451729369799596244202430477775986841541927,1649345075855896864903380119053766690204411405978363520003333125725915888271
874,0.365021305764880841309975436273373810430389663924952033107729067659782796801137169335495995047248935914814259019451953994369256260336268399744033425307940984,42266579610648762984025072224850542497747419230001992550394287957390235154938,33410900562247104092765565431007936469471978181515121337546965865584458999579
875,0.954873533842980583868431831036613068846147880796665946287064658853821283330518448126450523749116926104951374329872474163064350427234913857577710174847881662,110566801441097873954842025780957060003469076479022253215959993386975172854216,102705726957330907826326010845848018643359358337017271967325128535366663786866
876,0.019916145052775455918737016802500718230505350073537145630068096866717812372165537417809528455637291383810380072638198379663678194480208816568488898079965061,2306132045214309060186619982794563101465525145603585215532330363294385180638,80570813355747949489969387324382045240083716782983136676761957265100135582657
877,0.973373575183432165987194238641633449136529320454359392884873053412578933537972613474481250990883651748336874585452807200125497049150998127797763125632643694,112708959878885482277823320835643113044029378176341822834218603364795477755978,113497831220013526754015345305898537825301612114424752931995153539049607020672
878,0.100367592489842719831505094118291640536038077769295681116943359714341043276406796186154044445494285227414813823890147047504630300710844790828969921005467227,11621773226118455004244553294835699957290733688232551182739774525219811197633,4580409727599971908406321112819018975987553875515393035153221694524373485149
879,0.635724584318480758049405323149901747905818466506617147032387965708520599660472660444114855620120070156974131788060756546508499012511502680794122385923733937,73611877797761267968537217630265241836596809839506507681333380294096919802723,18309351537585243653077933209837506093916206206959268864599818762852433058333
880,0.778786634781517481661496595208438580814784779870852513340348426420053264076721457301347063384621217934869131028188702645062847318845153479937049964767682041,90177331511450649004679688705469789703480726160781024236536519478100451383340,99067583693268715966951055466966902948422407123618685006885437419736255029411
881,0.352581966025440144123939299475112428885031213856608503858890042325541282250244949412628571054625919797130968646510725764083020239885032121753236776717935321,40826202473486152184692225244860171149533607411873594946633322075417117411108,67759372494276194419768047528460440810129601361111745782475351469175395550243
882,0.722078722124644845368831802387755394248380562435507899955981150481202938491573643608293334266345594400081472924519076822413403591133569149407099535048520879,83611003828624120159273635901558383387367226761134684269182760590126132689751,83135302453865735753166494585477153168705380017358489930916705158837528388820
883,0.113886536426352145945680601127683554794683321227876509082180230136872001091194445067134564392198052270371169531298791759887761184395548089768350805944148968,13187159988809029163353058750601625634832829944790063324176225433998431507215,10974944630979268243126254667622906514346272849538758077384960555015393619880
884,0.600264867794551179815144775094410293182793607064841954530719241292180022609779586195362597166482819449228777137569035566069512657089410303114290659367678407,69505923137692478599645956389955768196441687764554763203924422699992042254540,54618531999081784013986744395734648970502161363885264473292085623515002578839
885,0.348327180635125299077900523416116003236210316738890927867226383698199195522156359712178009038618866783185886634727687957518273019442371355070961883378452723,40333531983885186427926781672869032063665818631447947307262416441273377047334,60065462016475023168833836375566010620015245391562370269813847024779995676517
886,0.002653927447472912238269318533526282846450163449809609792367332775034087983458960472331063123466187885861386836872478899778119230430324613410738063332051229,307303803827146243747330698626127161509966663336886675239244856017752228990,80784419930426978758524991505003250298782648653142395970481260450964504418932
887,0.400192882948331367677306526061938002083938534467219879039433209313179116166618147335699169934868614901014353047009658648527692121891656640687447547593920557,46339170014492020544470875946260377667536508449187946345502725323833767844309,86979208413887791093644901686980398804650203298838601023664539116271019652078
888,0.784881064134984363297627622127747507167567919471792927944536963025094086625316404279217381782085835658702014184768520818106542964912372907123855765813722484,90883018218997805409085532042887622612285217988216691045092617352757699598587,93381819085104803106628743679301139419825085867178135171777970013014903326043
889,0.238283515052117876198801959388031505168018127385374285968890956676982494494041300301731295975467782300423698846657546172652834494457563200956909398331035640,27591346038696209983626482427772154521091953560384253841836673454779368210051,41540689128275670323485114538605437490234874129309808583265488266634883225998
890,0.415681058414713155125498340469171399394752298226002063164623594943916330374066784065406071896666090069289343735434487300957268567260299287968266277610135699,48132578210218511860385403361960598414751871907446419502967776648234593163428,95655136756236967519286752952298618962418480996737621429048048261040700887014
891,0.051798713898612266753865423305802307211507711718064207291714966772548085254447051361681640873200449582330564292169594891674977002466826510570707584684252561,5997881302126322278708037384018889189324136272766709736837228475088208282759,59824765244512514585178307709147943083177856924215639288868258117458784267687
892,0.841552065692306133176831113626827300567422954189683880685169852767242375526038905577898859879585801996733261646265503918997759065866410321129695072532844492,97445071888491292869002650749121664170179392571701235489142233071538494346954,36838643105331792207221462930071818663064895379977304748549059623296861670268
893,0.217886077771651087535169601477696979427664805961019098706169035204873320442391869180434812743560491484015361691202593098377482707095808381847996266412009693,25229484160903839417351684667276229049056289158766012147716609269068701448003,103679033592982008189886129443401919464553799667101142129400235917860917783826
894,0.951955137205485883715057012461748354324286631507978560674286350811596429738451806450744081534084832485239603056367831451436882729064587291987795828685581096,110228874197219204110906950426722970626281439665645511453253472905897455824977,86060100554659221544360955323594427752980484642891435131926247009361018445499
895,0.306261954999796645025559337069885191381946831337314986474407260182518794484772904917940051754934737337472139878041719085064095874262835580669925496486339338,35462711623331370066237617553958880297600093688966719908270572041085626935176,70590736275080356538182395930742521756701368313060821925351513586349597868129
896,0.843036612917104610368856904459929546324570567893987890688813989982900549666858763925944587178640657207062580601048479370767797976723722518342336337400813778,97616970713222168246401966590869273599587881672835036778525179732435629384249,12919221490559941837664415262314426383770750562214746370838766808231547799906
897,0.757607712210075850463633113511113971134230558004944245232761159175913182086092435475712807340311879551839896508184720412522914073695561878711383097345062474,87724979819108069458886583147444788707380522560299351775431036526154518700012,23277704756767111710569449956804709966842262816783103350626601294029234941557
898,0.053328076489704298477173619365949246840866715705531373701462288628061475706105462516011670970679132193242543139725472007853844142760110158210165660430755330,6174969391750263934745258879183957941231109787641063901709510914547154848241,91108345048107039221056751112549822927764123702998884582540102947127914037911
899,0.241978056368327719657618846516100199143231409153821195194010339739605851245395470525309692171937489945984713817284737283719013753617620953417466308141369365,28019144696473731809083987632462799682023559569868962023836313052749791431654,42646364828019869541360974668301066286888807139921688461811090852196956424966
900,0.564062415642588499182417559248472593983803518694861561631588319637273938841637927060437160014944013672405399320577713900246979742258887879003727367905271068,65313965567502746149434976832504998617632000279398195558299237053477325430512,48383972911310030241106857057962775568776506914063576359051039840412062106481
901,0.831357309821710450056327537917548590612889049006121116817688208856062346080110024319314368958154263159940863533370391605643192637857081366639119444600789105,96264599806970624369615620298159673454408475254123175893108980703630885290679,45361019155237242322874850566372092815287361818795946052387387896413692975990
902,0.293282969185612734593110150279408754909444517778426351923918525001414671406154640312136985470894161466505310203391238039331989506459189940520228502706490510,33959847739725525713196808369361096727406323471167696414043680651944022986337,90699118832879763171628836195875785657781416405133197956939110295951246202179
903,0.925174332058884421034452647440925079631734098704564661608851393878563759474655793653354486481368246618787459259210596834771417276721106612038637031294909509,107127868817836750708892782898376066825262690474843968467697238032460362097515,20838263182307258229956137459050252261433503500814540916995091493914401919507
904,0.939384903586065642546280242886966930796567879005722945803713479626996168895848352571052453381849125645949357908572386967884963530509731422375684728646532077,108773340584225383398944210726863776405558313489867333952367269524663523532361,81898022844187213979313589405053425778416617892368872856654288443668326085910
905,0.834366553810845535679789322817820666483372706577553153551087757375030462336958668999389429876185950727281152337111145126488082508284140862373817770512377323,96613046455497411571752916085199408858333954461878961072282398481321133836066,80799334889961896393088247758482342878152493640562368716801366058041121798164
906,0.726239192669978049978772492160940799875332432377961223778577343744277293841708179288685191196605547559342908416212818610958206434677575319478642028571386397,84092753405278568163113404268670459776435329540036489212428325587405815330446,105417219766207367040192010261444851472101635425582648328701706738362294640847
907,0.459360801874527616176973399141045740098263352663963654583459066829834442867276394669599348358767062462637807125451925948406824661058434171913694767267082522,53190346962780426392905612201886658702770885200905522363397129217281644514075,40085813141017615153890503568713776081943325554597757828350011642367428849743
908,0.010565194730473591588222138220546260983341499091550885283906819850175195472351878057281069940587923126095806403727522733486839232652355021301548595904814514,1223365971040620946678222423099977081445589518463933428292005280881241172992,70867758593529052358121798996707908668043540069922918515165360337375515606959
909,0.988389259132578873365793009971532409070072088417954281924716696115388892600282790663739170324130423268117238782944947420685715228618929452023343763703113452,114447657294684414279157264593552122249712168583663632025846113608547679245543,20630285672215430160848700488878631168190795426714216235207200368542090445667
910,0.049330233251471594636303996395471574913896776656911815354332219498231838760997087120438766630222264929956920329286630053734130605577587607176762443800913971,5712050770752021541695407460384349647756232998737583335317430236866642068087,46634226679407233068378416131554387531470818187203175042975588182427583209451
911,0.352955434677428050192275881954989806177987176818618843000749065541767875278895199822549755318858088401711501964405829460011262074322959872646652221373712961,40869447188964475990680434424273405106241666030531774503933208098132760644110,90194581511940398137117308915761013742149578486724853288480875901205890201960
912,0.203441830132882070045017202416110175713319733875290749726682239439340306238771088820714250002218982974421569487405187216762530049560176901344108167676449498,23556954549349603598300839536859228858440445825099330058400425332321432631222,79284867289141760927073770156715685327923321163727491112842140260748589873419
913,0.577620276305271369488836561149851795847418626659746180242388225370320338549498297120916457536831544923472067023244328883723334517388073442697373209776059284,66883858579223219957282096840261635551947775326568365903498756840798632276669,61954670012048390890460133935559901736408176561352552482882498644781650790347
914,0.493366960120830532479705238459092755617993367414352370157264555804044300929551748414399062018132901000757491808333631414037415963763767207265558929650418157,57127991073054629694375591142451287478334437205936176344176951050119783039753,78386580402136932114574157263175159052956719767418655234455348428453071904619
915,0.570874302566476107887466664258669190641905522455562953940699358522095753546313342767537045406924114007460197600865513976796586027682609745030543166795215430,66102728186068047451039777108866035228933196747295071229971943062644300153526,23712142799287023823693160799523244913845034284124839057194713922579265171301
916,0.424809244776836988128047592741129220431670795254091893906147609249801321088523789584302503757393084788089039145139663590724705799107465013646030460942631831,49189549980036407419014278663646667960627848006732538036575210529337842753450,97930921251271310399408953791080579275459595088133472700833787109407669614569
917,0.519940171657133015782510864982226708605898077381634385706607539083602809457316892175644102501988680275521106698744755682999739103530937203201380829755708381,60204958754588247033876125290267510556401223893232754107429442588073285763982,98310448441134742891089434583070468507451936252838383191562557362283582943029
918,0.020844400644606021868351887656275008206994467209124779507639561562817490070631641869376877329920144981161482110424465304310178913593037529860154098211508153,2413616699538591710978679755648959910201014560061660093379884779030233782831,49084655027137032625987065775024818485050843048941862699940795072819046763061
919,0.997742832572616114151520679667397757947818169045588896999675987787761719434874136404351468944163270711399684985117106474586522795106047282618490005197193705,115530727105140997089937273809653742037858444784178959743012823365188330343830,16708380777616664542233433713238498546914743761629507718297114423408078635510
920,0.520406625070966958553918049521699032076609819401377957194575437596206909094030252430672119402597012813777610879237320443177715275356425945317963024379308005,60258970369907957715997220450017929949724869429378141404126087979724798977780,104766698992749898363574195715917207452920176929393782739947481612373860941487
921,0.946225758720088587693067079949959715365969292474370267183524167423300346159920166204590013246400088341418204659229842461079202128269503560397239314378992601,109565457492363720905273198360439342778118121979835173299327572137975778106048,67993053450169425700183327225378942890426326355999708012856077647370016095072
922,0.598612462949772684155922837378757866811366375788666192706061166330712391242661463685889716698771169808353215781905581994484731338305904068105304904897910092,69314587728449713413924907151825963375547220020335119354626735154181409602664,104974989689703217762742999850730487130439955114365578789884799379473889736886
923,0.614779254169140769441815388715841929692492944308488472462844075931445476990015182639522523185426028843830816119024120027078608568698777563116406667699521797,71186574260003842653496195886387724201825615054323158679280571452649245011959,58068723401990970293590958446213694269656760553763520016568993056606721433758
924,0.606784804069994074665568604128518844440776456759869657988854289045912215631461301785285304152694382461266857126147913425926618012041735324071697089684064570,70260880180720177265876109665264949731687955569910318497416260411944176164228,70345018344096059656048307731411081361832474985218267677237760737108618455737
925,0.580397599565876858072377893105168106184237173400491384351023185521620200983101489015703418013040093910126174313486114981562799157551672312036412027203424055,67205450642056124674904280181154341930791605847213386896227952836712329251859,77367570423414092527724341247085114277642410434867490002094103693656391673066
926,0.399313091267993748689996605514848363369153321093663046143021941750803873551560887347233136761041562557635263107493302597856981941729299503863079693589539663,46237297097732118602301161473617647944450209680279228002284325081008042899835,14203244152376913652160990200358235939984900857093340428047047087295235282478
927,0.659741862443966639367524409144832895478136137780373868807053561954263044973216181879344159602829900492010390521188598955809825309234984910297351916966043427,76392888609704971375538364181866237123106978603477316172476684563799239170694,3996112780797764758164762378191959498176457493287557511325527829179811892205
928,0.233751414192709334494195969867082141489377443681479325398538173095256386937168889851909324524701227412365169255537951045451082253981363143217669779794775191,27066564611551058701975802486215014028318043203601687872837096411865290816746,30084548531195118406091568138458043660455150480694895864178076523949506612541
929,0.513734781317503581308456228940304486985874334729986859226915677879902167434893384489472819792302610418958066626296576301950313754307519964551022457656418792,59486423642629495703717684284933936537286316987982718367720497941108143323845,6940899596902860813696557386323577963474687300014302252000739858699234011136
930,0.185441813339575078629865903251200341078375840416246054391082068538338965042082478560448023481526047207040165282899038248425500500845436901078976262709398350,21472694998545810341087402842635025693932917401657511833441774602570226993445,30696514629778228630725965256626290187271533185249755945905135722924377014026
931,0.931784918850952153261790744814719979706368431449526985811727045281898511822281783968354748124344253482241277294893340676577209047505095608967798761824550686,107893322473574881359999707256045496104894724089256451262412562376819602756342,42038685062647798704526306289064254427217105606338748050787931254039117906348
932,0.094568471739489850194455972713090395325564834635617352531690247737694939350560917676915133182051130802383106398224123893308864010471657112184290636289224036,10950280918695623468550336513706017472542838995264273897046906889898602533814,102175168694714552062044303356859508875841274435644545959583894927561734182859
933,0.409798475945881877083626752276367551940629398520231515570427745698723039278658200277717996478864714341056407683190363587389070982365578318629660637590799279,47451421696041728696608826442766386588845626778971630153679074039622668883462,160013975370794273226603291624853754175294829544811666712752577035642950736
934,0.041905880222746286233531642542352862438240184786587378655777286970597634449719978967533546427029877135978492895983182068272042210285081460576942914221288141,4852369422320521860310586800507658028019098796174058096320122963690278404530,44513127033556868135155562285751716912431914736032982094073760131233345460407
935,0.992994161968620346773157909479458491513045176906334433480682265767035536468353121396526768045583361646278576310893274575748752205951283722192786873826882808,114980868614804498996978568854210865684670282777537998016427389110086583596123,61880287059647350967564022071514730376433467756554589224778481395900756707520
936,0.647955543442704115759907180788351543976378105345133794138965892326878111368356190248827170515687739410533807993355392577160448477917130049648643489954567551,75028126108131305746172383950430449271692474089331716954214784055184697306940,74828175006929242360822670180517603773067506026782261978340313101422614338588
937,0.258704818029372348411334223199033251280672438615750556869110061770358228072998234230912975696757284484962693708412047274323349993537160760105434820906937452,29955971375380730733862119543795063837714474293293596478004146213338018331679,90983264124979315512474463819920032510764030614339797591378399639989962307822
938,0.285145886895116812603700308594857569854113966320983512714075573104862532276757804320358067816919958939089848674827005933895594524938851513295298482403736233,33017637981013036649032998093121954021622150965939321345018900900309450489339,67351780601812760611056020645760343172554248665948088822064353314485830343078
939,0.498627422723754890049387474136110111416667690373376589809741249758474538699108902182828065152656051530941095734673227564301263465975594108850917507766652500,57737111028202011537446044015261928356124498612972799279834886370522850629876,96656548001636816883786424274439178965331225417673199711635265938298598905651
940,0.720650169049158359411160216312336916155259492153520439528551743623727196350589164139021707904965591389104485490979136227542655844268135057306677107070424167,83445588683427146478130583119225813043967751198468435811121306068311934376182,39671296816422191883621399169159724293855270217990883188629820029278453399119
941,0.618466082714739222805991060336028045945687030529869816731576556000290114732454777222722062778100598276088263875593943370753341385730609855292457490473947959,71613479839958463447323617215155494004667283221316910852817924823940402068070,37698960089337032728049631736532250885147755858223448370869082591447823424719
942,0.775143683949196464146772769872500026377378735593365899968593117350651443161974382999216110230649002185521916611968950063715890887942682607247211820937719190,89755506623587378436402673544243290158904705164121807234573622682184720625666,114941845628543710730707115067295927771199921739545928378438288005581030894364
943,0.679583922441533073532786299125758846590225272072762800861125984245194109792693794858477191686951558846142859617093362103806056294898323915751490759048113988,78690442191595365891803705968434474176665165070461664849633452404827334570265,98710920535253461523020487905263542061553278539483146004568875283790524776350
944,0.543113521761647302799331661014924931276096588884138090839489584946402628819530824152555993058636728589461064926134637402874309344203963794346373488676015605,62888249377817735939921125049226659805968786010310388240073956051047224980182,45402190117872618473676603800075470808872984106618673962342826710292340973157
945,0.027372594057274926629901371805430201946366597061003801306104700609336170370902788235054918488632050105510331012263513945839803184451145775763630623326182025,3169529853736809282344343989111729072511254753487691680984517457017102552232,7507294951130780086860772156750638625223472732044932547149714357038391991939
946,0.833711244712890803940518579532821072449868713007601869917526142219551591273003543169403548690755075911682258175918591558660573802505216630542791809949129986,96537166845949012094275084244931278156552574725562629104468507969472504225495,69746834902959882415394237212619174082089925695497458040725516856650566749684
947,0.847600677476224945466212011941183766407028366069682578175365102501297429214276267445023554033120291730427910145771513443900735997591797286985936154565647829,98145453283936702286542728654322339997311494255724562625474658035560933555964,51765605012340702801353807359423954092012203713815009966433813980182404087178
948,0.206093971877795812879998792228484532090836161496497624782431663304395727482405264672516918086288614450642190480504770421929226569169899278608062743269509816,23864051582946667194599100441857291778490457502741619251074911234090193045007,55998536845859974789666565836622069600280684108416831756043786382739406915997
949,0.483529067251289741898598117270265054927183216685602629510640287986350795831261330455733911218313736956005704447759917476907928845439025347014610080567979917,55988840903997605775493575856059243795503142380430895250225336482267462187406,93086571401760948008509396416344274560097662707460909614118690824197911956092
950,0.184258486061046848353454813712714482158260228618365653161525337014434742298272796014282276898665041172624224054107485010892174889133020672466212925387746612,21335675060713518984227467451972171680693295018779336711275288689774643675025,42863902366237268677806799836394801351746539012983135805815368003114403977908
951,0.521375011896252323378628535104676571144892903610203304433073553460733516008946478013356302450823428282056487284403209375289316957149149566387983970697026442,60371101903597642007252599526717974594066440363259630373029789489517087879397,114353342033565133987808962042457299637209261378256664170055142370160831616336
952,0.275547864136141066738903252725158960249417898068372256007750933433922986387545331195689230235047772011522263630105215665002992878412679524154550649687267705,31906262873203925290266065372844057464534303977176992244855372856994081788767,37673869398666242618848665898017887794556089219679013496174652094749617974656
953,0.596620729017226377005002811469988989699537602449491671707588368981506480305492418901315809644655295602223771265180715238826001869122348339735540774493353624,69083960695195320700516322101873993499711900292277597006933352262204848736866,9153136500343879196419917143796104611790686903491301617669701240158626718246
954,0.127328679226604735284066476949013799919156282271793531779072348986631300616016955079636701523535079899853276135407462608487755391681026442829180846121529383,14743653787476624398200178407261780581197907524892562193331273142913879786334,8854353746489486137620025413994462454310018548922152633829016438026103310033
955,0.499260075060938715976232962501152715726767975183488301955498342010981709275558830792436794878705721168486670654153523251648778136664689672989738856599807256,57810367164085397764214140051405727434011186679585485105212434925533809667600,17985189591234905539332101005312240588885435095362538223350409637449567306372
956,0.021922300668252349603367993052878085723056682548590616526597656814179382232987117192620229833997439936464086504785453683107553546151241417195587029584140804,2538428995265552529253556746719557182489665396192307266102987283770615341591,100931408650815572652663500994186467822574686222198754321991664706062625393799
957,0.537265403622089840797767326350380225865752738864816290443344062236713081752774395688196493586702608970202070345703430991501841737526252859307164625493140085,62211083560331730731954520443636052626704929811872190213310677794512392594929,106470533573903844348579161162345871907328082808452669988200719897695320167151
958,0.594966545484093723146738814578576686007681877585493921627929029339381636512884682149911353255075897864434737089746666245751677587353843708651754538664482112,68892419327911925453538661995918425922650532908663912530361835945487751864096,19058723689214806993387266882771916280833002063974207099989085737526585307944
959,0.245749749833609449996261146567242954732939408542337413935315503061453970755192738233101625196811472225700699807431887209717653799318715532040791222006992043,28455876962781436282014661742372292250478030700034190115234978155037305442980,111133844391734750292267999501808370913972418039045225938987936489103256063388
960,0.178862079789794412475375933897173195064767256572735072841608901048547919662148458409755151004497097061430591134796493651652809278031610632513715272431007400,20710813904191844182312637564462092785751784896448020643947326160819800499122,38493792272228531836471567121005706905514753699131914161947141017748446708581
961,0.741471122919814973416055291329830920455452545345114948481145181822845657357211411383612724615868912943661765949199277876053638280933611147952343482071194318,85856490432024261173097941808353041043716974894804166561824528320422719504714,36307291816534594696942560061739153851792024789396393149574616408526192524780
962,0.548998706336204406103982440895357476209259304777315557601254757606482701397861198799328569033568723560939941249517480128499127969603277513332270830211384774,63569707195252928793954821260745851419153792724559610865787096931576483607242,49613693403573373855929957376163557937468858845863395810124803831346402777279
963,0.172234786493818086442549378554506145595969413143980701617234430031291950866407946684648751318089650030189475854287397354401196995386628076930037713595472682,19943425767462286065469328493152554819537154330867960948790607785010939156029,73910232349929956317559855642377680741586589334458414719327025196223997923254
964,0.409310465223383749848113077187945205616297229137744289597213532667643606724681612299943120641796184209798141822028648450396578800945318997933288673436344905,47394913914913458397431739383629395945228727796636877454615563189529897036216,30160851653164389768922552485826318683722091657005872895036494157433865985664
965,0.156966391706042833141799617628027687180961537279717196214384943521899786760000621341333929601947845811673580699831257689301512387128604594877286563113455879,18175466435685640462011463760970434389725604334421522353226094587049553630592,65445431532918910938866791380983352244684901747745916257691359199786911724602
966,0.971386768983320039740206935397267643774589113715311448285063762433481702585071827769749197622048656099783883954343895330580764876576878510670457595044332414,112478903438064845856998359203004000327669227472310257618130493716837252660624,85365374086693512187031745658332963218835773244618288165652303952885256857490
967,0.641285737338581108934205863215759510255049945436493760997735434398359220163524459451721166669545932799464413419291747274974513746376259767965364502127666450,74255815324527098264019787365472802426371436116856440263167838015362145648419,10805211914881190626242162146116119629359838046214913241328219737589695278007
968,0.013217569533160244555597462994088685137061948299240973322526472443884610646556500329985886541279455264370676618701877622179424850784688612524198367602063945,1530489990884122803199601392971087348097678202839864874534243280435990644563,63723866719356874858731648781900324856943797474682570238823414653823917298599
969,0.696209692576019453232652571262617557120544231248168886996351531435896663899796274980666783479284849832378652716993735346270139322490032931305360901676091029,80615574850646919253601554381893765356645350669943463488964359776861614436366,46466476881457963874194557586014264944715695432376861815138937092959364335183
970,0.612151715841352098588619260607019649703394118485594357154278607768719085169788755485140945332976477459692575752260823398407680755697265323816070581225546331,70882326107478068305590784757318136364624877908678689251107537569572917967599,9102163869113078962381212208656199158038231621774726247817720224713237034873
971,0.036176496788068451645950550475002859312482335402608069014401967064753122042458609034305011185558146157589270305738306985636341255198851916380620343672218198,4188952144377504872577543353044783539297556781160225361651220788897429085863,102238153623015792305783102190496317326464034286351538866634222785063976480532
972,0.438279326220643069014722054308905809259292721425877566063374339360225819021828185151046896263772026936187467732469573006521872360712969944514940032511163124,50749278852611518116074987930717734345728930615405143691808388297369045988627,55516655495705996737818326710297786692771058194316023405262924268412381878988
973,0.721292658085166165537846973460351067174575868267463031795944385346832439807374616901283141016370126771805919594714913190982934939791047063000365531697821519,83519983831218559623473371632152151749622960459116136903722327406326593432854,112178218860958197127834114865735307837897909940681096732367023827128760532673
974,0.383023062594397891189528523844456758687740239240169952405654330540151418987080868926701440417405320203881434314354647316678539274681833853101147467783160193,44351040643880667492416994458312331607924399681338612015607702656873194215050,32667467786625638095332276296916447531832499388720847855968640455689255566118
975,0.638385022439187904235708924912679586938206123314045715738390158934721435273314525371156950579631711548501443619551316470566944581837268127038605588031335962,73919935486044547635643749904186290594114085231011681055918647991078748748832,103430950940329160183818490892517239789713549053676168873572714985944811351890
976,0.146799147039788002161529099460272082683771312390743647356091525302643680366103679405771120184961295704273701896315260032857714789800272513039184582461877248,16998179933993033954327831450497753957184250157848388525675508541947841108975,56598383925033311562432500870280157968504705196689691390667908787329193411747
977,0.307174744140358431420410840558424498625103100897310506179445343108555436987036976033676062671620040945977755103250785799873314369112774237110536323345912637,35568405384950153592531326292689550184396880162941482075768996405673173309981,58761092104289350547289609893865518066870418385087765655139829932515014206739
978,0.822855844386553431250978189686782398347479448216063918876997228708362946286446376135167215376280815142002472836201300345548403028690785813673751828728040851,95280197362654963686535477872915076980201889764437293614658060516951635835701,664781237851026495561693964040740314612284450467361781713093629441772735820
979,0.125526850603011077818168453951100438939708906413252521001931288860270097318733275724047694865781953801395354419829038492706851751596196793193352874380530356,14535016286703116999316863722510674942857122546703740322036354896040860572757,54375756236557329593961074072062331637027300169045476877981554830068231583153
980,0.075249626779053409230969511233129399795444501768169124291300491889058465039625174574810229688116423498921133917159208164021850706475700926153313647408303104,8713311499074890831674462517804371515505940478664031280149697178225199874418,58417536837704674196988551970802794576457009694709685898052660165138897276068
981,0.827155291232244646253637209085351425855448318427886501870919562466624598319645120497306098899255826715103814131886670669595963454061018972352628321803729687,95778039295482338488486818508546785794686115482815384056990203155783149998604,51748316711733424134144019190412623552720382612148806733593534156499716862746
982,0.736103184155672936924781260935514727852125980401464113368082109449517766796433573230491422244580115049429731765722473362138160357091462694457779918714347056,85234925587626277670286197908091410546298228201443248115289476489102566475492,22134609435932111637074206026883514427063641279690800235685592381494264118419
983,0.161341457834197322778391719177777631337509698356978189151563961452676927534306786101841688481943052964240055616693987414106695318012319345021749355677308907,18682064483216064580021470962419631737002896275684888177019649485523922250882,32396480805805905957161607673854882757168727209833122460772389657012871653181
984,0.427965248416829246805499496600853798515768087387607427180955107210948534154560606136301133183710224347627148743842462322981942870027852745150258345548511555,49554990235151685771690716037862483410316679370613314797708526633734294530935,93238605959772493292287923705938725351836789569939028327859115336422992712118
985,0.223980567593229940736236669334192825053261526549473443967669670741888637039670410144394490596567057398483111748563522124992077097453543609278872971964707717,25935177870180013245232348874477019188904995313845255935526361518696786243502,12930448731405114069817654651522904698686124551017304703731654496298770014782
986,0.759742346364705111289217717468195697265442281928317885765415722741882424961534859848461135883157244345910835193719634360993744715647914342183750414656268034,87972153567629923846604715992172748804066640513023987317119945967580753682254,74705290259082270518564174582901530603714943594145473481107060818859788637319
987,0.143842911080427505798568688718872129475564514268027283194240478669547388820442011148740415808867460928497800269015969643513085307126778146987657651778127768,16655871195980200305733959859059482057762061313341959555438968057505626406383,84797888560612749336559162498022038892460520248667705388440638311672981889902
988,0.350944682478652811985243358533326911014187352543523612824393255004302010380544554094701383713950681142588165226746832036050390974476290008630735243720035079,40636617990929763855462604565382437250978749192918492385050581130398932371999,82520777294342109258665526649765122854859249238176867896759277931852380526218
989,0.388874069541480904976809899728830872559723396095743925075666965950852939031188037131618097741203163879059867176680618802497917403924368897452394516331698560,45028540962425460823340730559757016265782085255635240977324388864496278612574,94465308315614110863379826654597007177283555816532939698673293659957743009170
990,0.045653878467512787897017239888901250596676311155020288533913564217323711324208270704819708168266311986401174547462389684583614803269633255762380211782997651,5286357969539829089049767285263505700043722711983362959574909693924715080136,35744874461672588535067989250976763809337282367033134298955992559026208600386
991,0.060816607359446977063273211406396800001840271595087154306312824722289615353703202373358079298456006169506776541617877770466909883033699509107984599819619360,7042082026475905236004594511521160422175394145624413834159585289967403632236,43744353797913709672074066877437431470206786002587016824120747904095770295744
992,0.411433130850829803210319199364344656430450523454936783607912626985168966682122877679124203254868781438382506731365214731579161086384731996530437040183754713,47640701802667675581908944441371037954427288748957856403167928441663188548107,71584443838378216560924948307257727770615240230245732573990532245522152856534
993,0.192689149982115808560164083308772288960238886691796301060190577451760871744890056999122059170166915403186968389985532857275349527718295019103444017432664043,22311879249791758086263056184350935185788222753756309513742970034332140739452,106399261898077637222812853911747539563880001838270777825375857445712236732282
994,0.687164284186477815233841720271543695869453515096332131387743978172704550303656299524675403682297800292100478501377693179105893226389055597116363100156388970,79568188115217145332178994564460395946918501417772089646242284775080448625349,86283363193958493172076062862470059912316675937279342046517149932984873673252
995,0.970735438138830006051128552476772091777107514810482877657317840103740388954947962408431315914524895930154738523031932157847307959409577331177068220870753496,112403484478796639358483200402016820460502682150943735284692001355210736047511,84724681484066706757687258439260369129627052553687006976373116074855087313900
996,0.004004390879877237901929695382797726264086374202855735948314109073552310186934689334263977792746017203937032242396944230398023608261093574204996857906528651,463676786103840248815728514852949970495894430047425902178769024505740402220,64523151357156012226683798293788522053188085789252907166142165206744089504357
997,0.515766515005523793577447812846879843735651950987245021052745737063249156104930182491704891788026205858121032394093335466921781267727230011548591983399286109,59721682331139193665522507007174532636744770747628994896679583524020756457045,92542626105683380186548215147180573904944937568724641877488786173714090376148
998,0.612744486248497476611973731316884195078501264424532459999397048755011946928251702192852540890255838424631067431492022120628539349885424831355532052232876913,70950964231359486171393111977880337847972856348294378603271762844762950017027,14249376521365538728449559794241658473398072920298808768986093039229344134760
999,0.587892774742454947543903243590892747410438612610955812487242222398107735808246656729657220543450362127057703464985607756488226697932550338350044857880357176,68073332634951771983379810576461367518612914887001815873609470706324019594353,100265349306802633132698962749090572900634375768193967970766835776642803928888
1000,0.290304777783299483363395256541623006262547450956668696930379295985013516566348232461220833081326528176013718620179797731723143838845119009320468638885304703,33614996735103061868086131503312627786077049888376966084542785773152043381677,84557594361191031609962062080128931200952163654712344162477769532776951195137
1001,0.613689120072504168822384602699958892865606711966863187285959456725051204158979295197253415882991535411252273159167531893572466970392371498510679006914729069,71060345355405456317598301652854761888824760306375326141509617556154004171208,109514309081015293483819316246384218693511275190683407238908013543840614501087
1002,0.440266848643830068330738603882619730803236639719977195883992711264934813571707065235922452299949872270913121620379790520806385962376484718019341462046803509,50979418226398354064307890646090950462695374793322891117746178337161733546207,57374329509520666592270701734841155020465928325189499759191567572743336531865
1003,0.123922739539650040802295658942645698658752496214834190817857449802951814033796455674618189866962678026116123254040972342806660701457204704351885836808947780,14349272915307849627448926511180673359811669062810396675640692691917447592678,63212920848101111471721237235180505388418135132657184383089492486356786443129
1004,0.491615039442395764751560758482946447144826016083633918447713273741143046868209090662915179013389055698866023628919416281075888075871821176144210789931218024,56925132517520611538813937311820890502118407354785779752175370087974292898119,87740200331785190780220057779301092554561220523846194196951224120193342801988
1005,0.136137210932387032581914069257422549291971580689198488611453046472909236348377756834003246238605479512181641978156979850098402714589405804702654527444686874,15763612076802297213221159068455199807291048374308277634540433921750014543800,42408210734851483495111522269031519403161114655939954092314068355091688603773
1006,0.208169821165261809682683623710549605300700372328769086775841429407591801447787080985899066803965462355922982200053198484912563232571045191958132532395161609,24104418508884149136023458968295457837985309248893799474535237429965797995295,89602749053937580462431556342463220152905974981882548294650230756429460999517
1007,0.384271878908125030532873345926864466385818166044411636835781924762791705545831810619245609700388819312965071560829598847918606675989780270238080950862578708,44495643693920776669333592987865365015487338911321275887085168395559149757533,51582223649761264444292914141303475192062876148785995808901549959844438915963
1008,0.063176571495929712660028612543079604817145031745118167388339047608188627747759164814653835579323410038325887541348613310742981897755739622597940272628580125,7315347204364380013393719860058852968742061595789402870752265137867828981470,29103137726811576287800535692111503199543004375363047251466777276605325928001
1009,0.143260106818551893158776055322992061323050110649166147700385296997164767627180320343636282058749849633622133688685234731233762929372809676074285656551543402,16588387072881211169912603381099957083340777190416438653969378012072815760511,111795172030560329045025624423007811350580233950545417108712019491427850018123
1010,0.557937628183002687656886188793999645944595481878854955432327644461779330973013100472705976944249917159424995164588021886199085816244296762803242399579142473,64604763631422790700446519288096824911829286709210877922942050695475953573801,27613153574316198770176278138600744959551461027553081402913712519224125507906
1011,0.822348118681124129911755455119497644284558318718300254462942621972212035075389666703658098443978016952799148742806625375344154947491425861428310089966653793,95221406742463814709925149288581000534142126336873978930438619878497627845973,67976965176903183014570678006065038711884862056758282316567209311757357209343
1012,0.402573090209892526555384345858952415763949738332285987267876671659312336498766634743373044362976850895658245977867172001166627632406928243064129550856209661,46614779186126018263857653724162421423867360777617227652835407604421074683425,46965714386768469800343492230970369736980613846854824868251608088496456460219
1013,0.501260661895775457263128063876791478475162097748215423772443640223049185898857175729724329729676508344791039477345105175596956198005560457787295577358749626,58042019293391813668034211588190274039782832744355111113436179868142611594762,60855943506583372239081053336372311110243893237810846777328565855690039736184
1014,0.656325299764192878276970341696521364254978555689071849286246778674667777830499014741062230547510375857059155560629027136894336995188120809563363865608104642,75997277679003723874886121282114309327364729084820552192824321830636672403957,75927542334615293144797143274242561352201643547154136488262199200234236306100
1015,0.498315433560044622851619359987924964613821759750538182933767791085256730060596018693759843338399590456823094495709053174650690659413992342966885360994750754,57700985151116596626523195689260678642400968489603973319270471927484297830787,755592508875438100816034509417436694413626287780462414685623265437567584441
1016,0.696906961355031939573307401115463833260591538788286392287176717176396504542176365078441799137338794553659820605745408452323883012926782690174187042195721532,80696313059328727577892824697890200269333407521634130735596985440165271763285,45302434465055610316872738611670583223874228762064397682754731550971461995690
1017,0.489056141356660672465215258441194434016362154196156210493446480206293063109997301302653515813868924977460175081696605399098623249104829041535830895291844127,56628832362027976144186894824155814197169181594791415519772823319150347283644,98177651841548901661645698977348317264841913928404992417633445580838775527064
1018,0.983198308142524569196229908737043441513990452136902415210632969252687101277954052672765500113427735561213935787892813143908530190683930559679136033776570214,113846586234417511436332236351409690527107644513448889993745078305177067934652,53495705805141935760941344238603457159193429145354255064945007044579610534199
1019,0.948141202463893950394324761315813000368259935772269565787802714508485738602147085521588718461158052451602599843865998344806103749824046544662531983044147606,109787250725275490483682278103237628898710710183552079945788414310551782080447,106742907902766553369536696472552999786619708934740234852555824520179426457493
1020,0.493317810467708455951728222654044068010393167731570318532904667814269682481409797899806790477605755608575428955605291435920207157979233319394284373919144675,57122299932034335072497946099294613467375032048877589198667883096109099940224,14659202938595491388339402871020263650936734597141364696555562261429219920932
1021,0.850109490003121228817076689722055838978653272541846760205058595973864052214228848628163622924250015686883721711590545033238213638146807383164785111374681205,98435953927930773465989290968570050876816804849131278663098101295841856620398,95626901674642051933784525637584199767671452826081401859574477811806042562626
1022,0.739768916203591415978410393279322114363650865030536856688497546715912055939512066413042669262545366099929921761768419662031315902678264592634392486091991224,85659388360038944044662927026947545587776571777413959537951143225757872424146,55044018045565304935582999776905236340233929346800657542857723493644788513378
1023,0.779836841956166489781155009880554874116016378564507167705696551188429389615938002828968462429801394668776325047647997579589525175022216879062513590857224083,90298937194335276667727138861693096527162756736282331952377049573841222516234,8411943968061953383391859795282289661205931295409679174588129172188532695583
1024,0.141112072599059743928594636564031914836180757726828378303785402761806592999841551762542578414709958254562857547142545390373709802422976201658027237772478746,16339661702852967382840638396154683021742565846854739320600712521008743256863,36728284022334234592863792440353097018527397507662959793213172092233334129261
1025,0.388135410918397479519312072278558393660053709983510630539534402163810866538611576703239566904348742143870860494116783498311251024577748855045731828515446707,44943010137225471714194304348624296027256891990958399085832721034717334887046,402857672512758974588195058924752334097195692605106607464771329559072321055
1026,0.070041049179983143665890949642283013526670638073952346675604151502762449060750829248117800718558433907574317677883040928048157764117401301135306409562886657,8110199416923860504729457116408756946691651496902592482990793382008155701737,114895335657730035132638789784507072556140279583130026872604567066132467946007
1027,0.022863525716210782798081382303135474229862094887971116275431098081849670291484937134449091541695774932399526678707800952338993721458469544736456141273168811,2647415410011152641455227348886682701629540585667069827017778760975525012981,95852210586087804936208820215641154949341889117947014445332774632993395447673
1028,0.929098046767401778402465842703936663596134324563546501952236205750495344524967936573801314175271014944912016042711734569389621255129857738882131047388625877,107582203941507162657847417603456962595105903114900940190379824335916727504378,14890880929493638653092778354480633609616214176560385955662749807616364811615
1029,0.665273942680497969494523351191573897659935352155426614045897715839511243687533187070604375720640074242944836942836903251015278670731766392745768563700896845,77033459738121400439403750921211239791834151396814639451895747055422791306590,110193071631470230761673204088712738827313597643462233506941846538676593816128
1030,0.997068706394549236086370586471883570284742289440971205935760404772173192218169565869392243043385351021298955186022944887030714525183214760322851408515147466,115452668626573066237251002172786156914111001176832735576688800567876149812467,111982032231121166068870998514144521914638490447731106345173677855795479776715
1031,0.607011372829216734025323070016647978671728166614007185937256404437506613129053767947965768055103643328456521691733322953134680340723139063004125989189398727,70287115050706475445218042427084866532712588969278114460075554643067084342849,21087473862290273961975124977919161599609823342529447118260089154329453467226
1032,0.089779976468896487942571357814413108805229008523694279160321312781170325313767773089963001668390753858544485625400067629756690934049800907287976157922061252,10395811047010610304449892987279088753547889847142276919506376088209161258558,40800974226270718385500482408677827069282749557186873487653290701005234269240
1033,0.424249329303702822095197978567045552834004739697673401078079416328117305372515882349131677774874570399624919831603462885858914185972509191026051026168901697,49124716197605901946954790259694350747977017170764102526733136725164040893794,79172148574370864275570460569307821397524002388281753105156541663854328144509
1034,0.969433658552618677680500137331655893733491837277641748085521365462515453869230231424679161190767773516821796286825894836239721476457434862110113300770734418,112252748700782740672303426993195757982979565960887526927440026959346985002491,92887572742681078686557891222458154876338023770604704434696858638971099145516
1035,0.635281115825693323425786560126384412582759832903521650089781940293407511519651814520236787462326037069345294775021075204103892195063027854633214664231661383,73560527654470487225018933005177459587928061774539287756934571823584510377150,89019656526770995350748639900396848535731265772018917457466864781834565450761
1036,0.159383237053272743730101644974466791969500364879802610189581951703889718895318212962867168289311683866306861989766393547115311751869926886960713975585723780,18455318007804878715045936205695631264144650551276304903082287972518321768075,12681485441650544166539614650026575263709940558345221794759593716305906825006
1037,0.024371583197882529757972055431544625234943880435533634197878230043811181327940022966604659063095992023095684539567294268903178215483137916606387820275219087,2822036536503889898250758222526838876957062705465092172276519028750740161575,61177653823185784760614190509884641332446866390969121462459801204931530297928
1038,0.886550972900308619574824445676884454419237337176305731907030368945658970870723849707035159152449528499639147992283504715223545691503647133339532126760756160,102655589367502027743041839148187627186934599503422595146477053069689019016631,79688777566710365593400267853319472383922572300030831142410994641663799437012
1039,0.550888919944791087992941859850063765240002027291072454548951566513780251590643459537257733223582956756839195810465957803227963555629665030195802716857918443,63788578978095987329583548731366638130445651383496974292103362446209459277898,34279569661384538980721649142066307593824668979233796706186627506041355009741
1040,0.767505655176711919529613751783323252942200295329508442671152671171779204317185043546212950796318725471117749595062951561241661015198565176373106601695830754,88871083314366659366146325398970835438783621154384153743994020557745219959475,52647415666604687974343148977016671106524739345352795709885844851016547062253
1041,0.945287147346217445444553159064205272817670232903913367928800074194353662467750898719992362377005841800405367073865676543550979176183473302269826430284359894,109456773720401273647273223872605079870877436583308122810882990938481964992701,86109049892103416453243820974786660348443895414090775089722216011914135369202
1042,0.774263138967719282527291251047034737330127831627631035845361268278426835091957008830322496583627458791405134719740505515101810269015166101452433815354219685,89653546480514701685947021856141799355406996587949241254374001955932414771584,21629263880106598754840161108878779907554914005114692414877347289051398948557
1043,0.500680617015787235706860864713199449574188545879163195158276658125654392340097229904131350472470438809363599399319530924677488952899491782435894136364307605,57974854684886569154545474989142732991325459019835594345091869298425289067297,29886440006918492440211842259374538083202818387419735110000749915214294727774
1044,0.911029900009596485741747509707777368083659659721276516822433696195103902832839718618308917532229911708268839867389602072261965379807047273672230594787097240,105490055479774446918489392260645829392931756159884217825802969420392660183197,16230382773352473578857251224158057873028918816923633587927041629079972520519
1045,0.584742948556072854771432141791340164573368245563960996657569144904167136439897802033148425328495885982431773447102580669326794421038295614374146617295455526,67708607680096181342265845953687650038377448881819637960278563076218496998230,85070528655827747956109761517003830187072493882909263814211485826776967262237
1046,0.060144239475844863148662830719849764478388510885546937263701257136670299543395424428357452180012952766388076019135079232248501013219808504230746523843769028,6964227144497543832954438815823180321014917960333134801937131311550582831937,98099633703544209766884595806686464476533491892064577612512923363101127095210
1047,0.057355234634063760324713087407161723813073216352525995137430331430612716866122834922219580157571105442654923571963994461776767823983261308375820029796547759,6641282446974719438176088933522522438272896710283158239519223210790903210845,37919536564683886067880992641069219952009846084931825817972850360479380756915
1048,0.655183253269528863359142571295993592658576037933783592723695268385421260844699447092265510039138351910125082547654992665619762052481602350662501899013736732,75865037729380424105313190822832151777406746200241307352795094935571658469695,25740077236627122090365032358969636249785503190943801458501584456848771462528
1049,0.467839234886409612699083663983786768111922868403873655639630961979791259626119107812957704556306103522676142777502701317574880745167614485308438685311502481,54172082434684874057224937882174374060785787446594483033487959283771235620720,85415240720329089559587126343017081110951426263519942793347547033272553898749
1050,0.284043555200802757831415140835700093945200175929397409155311113255863704501100627113674349973489767649793303763308381132763900077276214221968842488754673259,32889996691095901661100248879426453503197202173886953418712445604218882815411,82837405580485999439180984500847979964458603554544168727063792891727717191415
1051,0.907771282582015147047693481934577940724756291664748127633381940515813692548016662961429212069979302341699389470582201547992468077351717208879002368814122825,105112733359809674803433797360476774123681606811404680011164056836219456848646,82221302336163112434207102476463626928151839719114554144816922764945242995295
1052,0.449192455058702184115919056590090571430666329139792207337314941536356484057240110963415136131741029919604033161155960547813668352735925255121456758816199948,52012932840886387975149480337740413008675854366651189671763106249664158026253,66575643519273299515958385671304107805390381224645185471328709992797721198844
1053,0.134511705389625449636337986729310147957546795174480312231414537399523284664258507872834281295954934791848571469605619651518703316910331759187376589319469073,15575391393939095903958025523383050090606644314959606420695635182144489845137,72628047936129474428101047501641685934480137277161883598902692249046839920579
1054,0.635508717424283010195529509116268602268372742944448136073212297493022916356296988286057457657817725055252571227925930852168698047064136707228444161368965808,73586882119084940055392758325478013179673136503198298843012017697466300005106,15555206416139319080994341361274213691478075004311313395470500396136590620264
1055,0.664584141352060291477848799092018932192062882408032599474475796857532073356094439634814670169316378256477424388283737296267448988669374159535363275744118862,76953586201142925568680672830765434393376473912897211178473418574657113977220,1839327887433802661614819385748162619677780526158579167322743595877971801957
1056,0.931092721050644716165418473677189208907036827420765883590468884681635550261579816633030278809145836447976349476580135802374569052371613637641639425076204915,107813171444111808627925141953346417977951543629764373978088419496383384749624,18176996205940764159890312082232949935534704354858469956217663963549442765377
1057,0.095607924543341866013565194463734455879693251311276900614951563718702657370628296585645405392932033531718070682944945667808969672584306805904778328710260751,11070641330517234611838563204645779939735317499162821290957069738887406864746,65665528269686929082698747558096648324000477703111293368297379615806673966717
1058,0.577134409362933880384398181388788786001474061989046027016641711511717307233392902420502599623732807738589744072438938909639400305820686794065477173726316063,66827599030878615456626821216484505254780092819677049145891292414321759193263,111370803882319931779027270102270056991867883992398773452147313067330149985685
1059,0.743070879230738675451397008251457078798638910045843906996757735421467370540550904243069081804972470348081439613238266958052328138694614400012554889558716487,86041729557536698232696971298287652246299924188643672932871515199831230972640,98013887322070398785426948302547812208046693172235274817852917286806703557454
1060,0.636424786661081357006139763398987365046590849257047387150908642961959153563301319666623172826521914238384930161258034723074687459374845386798904656644961538,73692955689899854370361365030046459225674039024504176783548815532624873551484,112349953617233241434699519045730505637839872441292892318808373741736361855136
1061,0.119738567201436111340467190338832965704344963027460899772787231403553817060864085817706177586640198870323714201140205283326107750532170964108702464072518025,13864778858537072345863685537251374787904070580722853773422141575915501344646,102249685105524310675063738252503695008463737887056844441959384805483271983214
1062,0.750014101307194113836964103479252689015686359075825724481459992531273973849887578144844705983163060457121017305382857144782938866093184285236205448160456750,86845699747808130205937923843154060194211203220630607960792557864336576427168,10392477230021791667811361583365506744677591784085830307509772540315595490299
1063,0.021212808183690721905893861603105007005142695836891989865981321288074481822054967798276868113754980499829957814210669373404054001992658357170997518596385961,2456275378179987351804984883976531892840123628929229224924412528919931217926,29050063229504842308987310316621764440620388436601650843695954611095404278881
1064,0.279672276400425567317047104717831981475156855750256016546258914786740293250606590069732981558432910125931659442016330058343808665976036216836584920084492334,32383837186161437529449363177627777147566748944587415921052303696488507903223,43830709189024054206930959507815811437948475487284087888334071762014314529387
1065,0.318726931151054227891065568669112686285361203092220937929155270509744926344493529282544244145503048143580981075399139421698199259656177607481496654091475780,36906057254178806279587186410388356277877661921494427209905102162600026650541,4515290027071312525644822549517045151151445190248112111781130930243566510689
1066,0.437088677742371354199711108863142029779671601214597989869241258447189977519288277631802741441133290696429129508055019894752130883511576717163439685176199756,50611411177765204981082314314923538076608889426614356089049351148657730215552,51320891993385509596873327267886411328402809324582226230655433938995057234638
1067,0.934483916840369459496542377134087812158074594438582561827827590530842900198423669483290490168444159124981834913126534700215342626397232078902435655636322024,108205845089616827075978705778160003359679779764443317727867367750371234979261,37004654048204939869570179208304015214299466789755059470816991068308830445063
1068,0.651655094053907787927525760442972099744115593839018532743823480435686682203208764894418693384449497410475354653073951789085573085592264845759421573058448757,75456504802641769026759899589175538271782694192987724856753914565217574873642,75175513601508222312135596087454585166810770813579024559820715561814600124001
1069,0.936619915428517381801574276649958218644546283550751090044711139936339283356126955142931763567937192892962035168158633746232397911671711742147878439808133879,108453176828746432699057428679285508262110569934715048708181032050089554174997,62598370607634573184894893623519034838802176836721973791262258015538104480421
1070,0.635021067877213408570672462491819792269512439617963220883161008387102851368173753390750195266645627750072345328457462283783674291170274927449525895060749087,73530416159214119919642181113694483594361299534740679976624779550693670541046,13122960046400774534161623755791928676489471657014533053067767583930447539807
1071,0.804109569628813166885986019646177147920731501277732683031760576562911799809159517818318417861887255082791116511984321746836942100207206717403451814854883411,93109527043039454952428931633496601151163708480268774547995981715224463654786,63215027190010091919086000477361047542644631475111295771825091561850092592492
1072,0.177714438489743146648851038087834209386926283396464509645494955602071112453576969813619119794724771418846579373799470218107398198063016194925014531839815369,20577926120363878438125881001407601760228282444136359149273215277130477869930,36490111814318088926044890492640341348814719158273468167282839251307865167625
1073,0.434558482189759815929502376343330107354207269572575673291637319548076029892585570900224283444121576352327276177930531447242582755754554360090204314898221252,50318434548549349177047988712545192741194548564134724026382040213613737472212,76317700157643470059229324399757317635917937350494039839376638938327238425217
1074,0.463784861684294857251484979976441919014886071178411240153134973340717561621363563593875535335924772337718303174493840402873285936317407532686371822971199119,53702618091064218883070201660320805996063470717082300342082334240998138071356,10446758900552970893249781905490211888871055740020361891927292097978304939528
1075,0.895218949664624057339884249898371712959974552494564184971627259373866831811253225059720939897511558992481699624936600204221388225457049248734363423731044625,103659272506502624204534860015181461633793184403774755691749618081859688403940,40685300737508019964861365655150412123658912744295190516399432855347660849047
1076,0.182753059372638655878746134398956706619802999299300146483799585833489136281812437096836123547780901507183515565885722607171181526603353601425364404102329167,21161358559269120158684731897608149725955339509752769990415244609658837761091,96738314469041960562883884505295107994783776511786699381586832252557788857842
1077,0.539043856538107889364524950297376400491627235825836595502316896287671615937754729062869055433964669524011692210124520444714758447320362886219508159220151476,62417014339087657816972200567752625908240854248718482126145328071147403761407,112741592632340455162300812355453836198939388889809889165820806429879325442676
1078,0.367746879230101083708410585161633134863418492812527763498421586477230515308921646910956544522392030329929679712602665895011063939248881900224824211487952670,42582179456556406421539755045999301581753840674405138066052916161670608360420,21656117769930576717305234700922214957477901363101079070068453511086502861343
1079,0.019837340006862621102497130048259963361128457878966632270991650638721926831051397049551409385160779718942345484099806547133808557072119041832718223271284491,2297007044305619291226058579223068036221850362448541582106669727684964584233,65870861859873148428044411059967650489233251007609914436254677084349693542436
1080,0.437758475463865729460178469333758038763045324514053204688087102876186271314171661904987415972128670038876574645145470590024342123418110313796297965627513480,50688968455303432741210170831498384124136964432909832505154309889956809516695,8567513898535084902887417904127896521161142818259942247721838666927253042718
1081,0.014669489249231297407701181336316564048348177584433899186165337354546433944277437468647233516640120720325391981405166093727173016323863246926211911375489469,1698610808212840948452552661280172874859986941671401111115616181890744482652,96365639403144223713187051699508563957495436600509088802877931007953070744771
1082,0.765387038934794201753824982761170000517829830014100991075423594543298943092672343700057101557204733014504938386735084402662888061187492086745740455042669803,88625764313422895512680813557078676924421089564792209225155947503054134261460,48773453080964904462749630323250235938882325757833951885575791927637242383619
1083,0.990347448361394131147403852750335357650935838097229102692832251533080926775670467135233776353009597824054178635234810502958384220254344282101655368174415062,114674400116610941990465343339118988453423742330920159307594979348445762468553,29141945335105630824884058743851467069071392004894408583787510541075280007717
1084,0.725411937770992744202991039870452009589518123914849197199563815018362602683723161465645627543952308727686066681077751297247681188574769502226281421234892990,83996963832193254641759201000464481926697659898888791017052148945762008197723,91748871968674442265045015242736064741363835083337843545829786409225744713036
1085,0.034741512966769762942087570422055493839475094567477772954843393026425021309153078667232545262942438481014907879950450440834827154635988272287696815325721535,4022792369687582113631564250599416695891215927467575923522290109318074280577,89650808700347263055496971133635976042505408121357231568224399348349341444270
1086,0.574693108030214943570228691930141242344587985227780852181454228378004670677870891377054520756976314426187698720833777935479388500599154058220914394325905928,66544915649105245368891779732617319141060449911867078254056656735539417337291,113143661598042923349066912678650633655288318975808094299659042997301676553093
1087,0.219428766499173289865394424039737068318759777863688919916698256964170106952096353930803418469283734547597283047963635862483065600444704188289175533193696161,25408115311706492038587483730296650016368989371079330283793858878645778990018,707883503953833314835293710655640239166537174124801745180749537477006846845
1088,0.307267299835023117174157145427949874613493202018290167100311701115400188319740104497734179724899440640025584360234844824354984013272412513390030453791587562,35579122602206188675808759440269830280325075380045248625467533524211066311773,52100195544908573251452267095535372413902242614209127279222220115515509794509
1089,0.958656984953195068619165932188621502404298353146309537824087691906192154870079240716907001843526449042486756242764950968807222365054308978773942017714699172,111004895149676852605235358905300926554673598871063861574880842568946209320207,38147726046196383583295426591830068098876030265689385645199702694681288039307
1090,0.224518266402246167084646802783094900466401676085009465031038494772249019053859347457912024437038268184292765306514031736171360549123737331228104293753492248,25997439138656418764651116199730603780048278142449669577821168880972421359263,101207088567899232814148572082684543397746892819688845118213057764980026900293
1091,0.564676283722627423936749074553346787754924480824049081694660231013158900646474445977047093302292026756635833893685940878293992014738804515671550663730888540,65385046635006553285299644570108597803164417871597141144770605018809888037760,86247154130978410559378133629249278041664393894014886985422941143168161923790
1092,0.336330184316795471265072670646047315733764674985935610210096711882194162831291579808349928702878773625325622222727662767715916160596644390036714948145309822,38944374715613385151692520563992296334766976320011303501309420938220126573490,110269611428557761999721607651560593136794251816624123932125735751426570544395
1093,0.651413386748755512798241840800603229839644249785988256331322105494055507127653679805778519566113542700199961172889092783778633536382833665792333414263181600,75428517008794265568372547429075576350465568468968952780218068367160235290356,32413931116387812477170578539477061677245878303161990767548815674138953758744
1094,0.030565077245117816937742172051814851276352792728041563082783127405048787452760085079615155529341651413660059276006117798079507915626906407033005799711085726,3539194151912144918979671563229768768888047802229495083472664200039713015430,104246033954110374230362454053996844444606468840852684623296608387933748228805
1095,0.580256314580986200919464019189527495356082883389301580020362877993376685361357743623811683205765297592949824393151076719376513462363441802700437139465306675,67189090958477772831500862816583578870907213977274273861176457448640950298883,22083863808029749357654784408183218723504971475032638602053371215598300909924
1096,0.532130283718442534554494605534499580674564512151590297967889667790024162197599266938841941966605731162746630035265698603092818984269022938086055588159584879,61616477298204283304245796768272613847429293939128307174032485242036760522058,82004418005192510616724585699400768495388732433151052753910727765282187177367
1097,0.839007116340816923048963029206662388221180011303245809178851808592175375404377816309223556989050781784830439397128517352008242728731527842422431426328238107,97150386886079204269695744502973791752383674711727171634479395784695613924338,100221581264403920101267854344633863585854116148464599457619980317771771546041
1098,0.101649021721383524088412083142059985353163753479344866056741367435616759971470887794645690280870751549703858452107494251206251387487983665661375442291018551,11770152594048333327825720127909540825639906276701824670374836458613722597467,42916747915694890590712917491940342711027234407878732623833916161044251783240
1099,0.976550905846618908470977319826021141131967648520161754614157029338195365966121569444291443875989288432113542223509664297078014544684454524531215089837402190,113076869634573662611715741808240524226943222975130928194545008802106583706301,77953966230364546524277356586724596977107489647794902139053134903754876710040
1100,0.014961494672674480035952237982586427051497296593399450836060214735885781080482037131460128048298428776247708178538591687831011464847486706875060163277068395,1732422726261954253920837851671442511355380185900985528237828962783854066474,44025485277430088364328941557538055088974303739605243408922990757219756833423
