family,label,d,d_net,x,y,xn,yn,dX_num,dX_den,dF_num,dF_den,primary_rule,X_fixed,F_fixed,F_reflect,X_beta
add_+1,1->+1,1,2,55066263022277343669578718895168534326250603453777594175500187360389116729240,32670510020758816978083085130507043184471273380659243275938904335757337482424,89565891926547004231252920425935692360644145829622209833684329913297188986597,12158399299693830322967808612713398636155367887041628176798871954788371653930,34499628904269660561674201530767158034393542375844615658184142552908072257357,115792089237316195423570985008687907853269984665640564039457584007908834671663,-20512110721064986655115276517793644548315905493617615099140032380968965828494,13407807929942597099574024998205846127479365820592393377723561443720769383374469661147847687812952081302854773939601805382211292725060150247698793015185569,none,False,False,False,False
add_+1,2->+1,2,3,89565891926547004231252920425935692360644145829622209833684329913297188986597,12158399299693830322967808612713398636155367887041628176798871954788371653930,112711660439710606056748659173929673102114977341539408544630613555209775888121,25583027980570883691656905877401976406448868254816295069919888960541586679410,23145768513163601825495738747993980741470831511917198710946283641912586901524,115792089237316195423570985008687907853269984665640564039457584007908834671663,13424628680877053368689097264688577770293500367774666893121017005753215025480,13407807929942597099574024998205846127479365820592393377723561443720769383374469661147847687812952081302854773939601805382211292725060150247698793015185569,none,False,False,False,False
add_+1,3->+1,3,4,112711660439710606056748659173929673102114977341539408544630613555209775888121,25583027980570883691656905877401976406448868254816295069919888960541586679410,103388573995635080359749164254216598308788835304023601477803095234286494993683,37057141145242123013015316630864329550140216928701153669873286428255828810018,-9323086444075525696999494919713074793326142037515807066827518320923280894438,115792089237316195423570985008687907853269984665640564039457584007908834671663,11474113164671239321358410753462353143691348673884858599953397467714242130608,13407807929942597099574024998205846127479365820592393377723561443720769383374469661147847687812952081302854773939601805382211292725060150247698793015185569,none,False,False,False,False
add_+1,4->+1,4,5,103388573995635080359749164254216598308788835304023601477803095234286494993683,37057141145242123013015316630864329550140216928701153669873286428255828810018,21505829891763648114329055987619236494102133314575206970830385799158076338148,98003708678762621233683240503080860129026887322874138805529884920309963580118,-81882744103871432245420108266597361814686701989448394506972709435128418655535,115792089237316195423570985008687907853269984665640564039457584007908834671663,60946567533520498220667923872216530578886670394172985135656598492054134770100,13407807929942597099574024998205846127479365820592393377723561443720769383374469661147847687812952081302854773939601805382211292725060150247698793015185569,none,False,False,False,False
add_+1,5->+1,5,6,21505829891763648114329055987619236494102133314575206970830385799158076338148,98003708678762621233683240503080860129026887322874138805529884920309963580118,115780575977492633039504758427830329241728645270042306223540962614150928364886,78735063515800386211891312544505775871260717697865196436804966483607426560663,94274746085728984925175702440211092747626511955467099252710576814992852026738,115792089237316195423570985008687907853269984665640564039457584007908834671663,-19268645162962235021791927958575084257766169625008942368724918436702537019455,13407807929942597099574024998205846127479365820592393377723561443720769383374469661147847687812952081302854773939601805382211292725060150247698793015185569,none,False,False,False,False
add_+1,6->+1,6,7,115780575977492633039504758427830329241728645270042306223540962614150928364886,78735063515800386211891312544505775871260717697865196436804966483607426560663,41948375291644419605210209193538855353224492619856392092318293986323063962044,48361766907851246668144012348516735800090617714386977531302791340517493990618,-73832200685848213434294549234291473888504152650185914131222668627827864402842,115792089237316195423570985008687907853269984665640564039457584007908834671663,-30373296607949139543747300195989040071170099983478218905502175143089932570045,13407807929942597099574024998205846127479365820592393377723561443720769383374469661147847687812952081302854773939601805382211292725060150247698793015185569,none,False,False,False,False
add_+1,7->+1,7,8,41948375291644419605210209193538855353224492619856392092318293986323063962044,48361766907851246668144012348516735800090617714386977531302791340517493990618,21262057306151627953595685090280431278183829487175876377991189246716355947009,41749993296225487051377864631615517161996906063147759678534462689479575333124,-20686317985492791651614524103258424075040663132680515714327104739606708015035,115792089237316195423570985008687907853269984665640564039457584007908834671663,-6611773611625759616766147716901218638093711651239217852768328651037918657494,13407807929942597099574024998205846127479365820592393377723561443720769383374469661147847687812952081302854773939601805382211292725060150247698793015185569,none,False,False,False,False
add_+1,8->+1,8,9,21262057306151627953595685090280431278183829487175876377991189246716355947009,41749993296225487051377864631615517161996906063147759678534462689479575333124,78173298682877769088723994436027545680738210601369041078747105985693655485630,92362876758821804597230797234617159328445543067760556585160674174871431781431,56911241376726141135128309345747114402554381114193164700755916738977299538621,115792089237316195423570985008687907853269984665640564039457584007908834671663,50612883462596317545852932603001642166448637004612796906626211485391856448307,13407807929942597099574024998205846127479365820592393377723561443720769383374469661147847687812952081302854773939601805382211292725060150247698793015185569,none,False,False,False,False
add_+1,9->+1,9,10,78173298682877769088723994436027545680738210601369041078747105985693655485630,92362876758821804597230797234617159328445543067760556585160674174871431781431,72488970228380509287422715226575535698893157273063074627791787432852706183111,62070622898698443831883535403436258712770888294397026493185421712108624767191,-5684328454497259801301279209452009981845053328305966450955318552840949302519,115792089237316195423570985008687907853269984665640564039457584007908834671663,-30292253860123360765347261831180900615674654773363530091975252462762807014240,13407807929942597099574024998205846127479365820592393377723561443720769383374469661147847687812952081302854773939601805382211292725060150247698793015185569,none,False,False,False,False
add_+1,10->+1,10,11,72488970228380509287422715226575535698893157273063074627791787432852706183111,62070622898698443831883535403436258712770888294397026493185421712108624767191,53957576663012291606402345341061437133522758407718089353314528343643821967563,98386217607324929854432842186271083758341411730506808463586570492533445740059,-18531393565368217681020369885514098565370398865344985274477259089208884215548,115792089237316195423570985008687907853269984665640564039457584007908834671663,36315594708626486022549306782834825045570523436109781970401148780424820972868,13407807929942597099574024998205846127479365820592393377723561443720769383374469661147847687812952081302854773939601805382211292725060150247698793015185569,none,False,False,False,False
add_+1,11->+1,11,12,53957576663012291606402345341061437133522758407718089353314528343643821967563,98386217607324929854432842186271083758341411730506808463586570492533445740059,94111259592240215275188773285036844871058226277992966241101117022315524122714,76870767327212528811304566602812752860184934880685532702451763239157141742375,40153682929227923668786427943975407737535467870274876887786588678671702155151,115792089237316195423570985008687907853269984665640564039457584007908834671663,-21515450280112401043128275583458330898156476849821275761134807253376303997684,13407807929942597099574024998205846127479365820592393377723561443720769383374469661147847687812952081302854773939601805382211292725060150247698793015185569,none,False,False,False,False
add_+1,12->+1,12,13,94111259592240215275188773285036844871058226277992966241101117022315524122714,76870767327212528811304566602812752860184934880685532702451763239157141742375,109699032664856045668214896063362497021339186688470416858630178803463338613416,4835088675770141268294878046681321747490758260515711581034896622314066275713,15587773072615830393026122778325652150280960410477450617529061781147814490702,115792089237316195423570985008687907853269984665640564039457584007908834671663,-72035678651442387543009688556131431112694176620169821121416866616843075466662,13407807929942597099574024998205846127479365820592393377723561443720769383374469661147847687812952081302854773939601805382211292725060150247698793015185569,none,False,False,False,False
add_+1,13->+1,13,14,109699032664856045668214896063362497021339186688470416858630178803463338613416,4835088675770141268294878046681321747490758260515711581034896622314066275713,33301309993451753050311554695703528430361259803437469669590207169100761277412,91711666877231500617203373035680263572492971120307578300405368749466283229019,-76397722671404292617903341367658968590977926885032947189039971634362577336004,115792089237316195423570985008687907853269984665640564039457584007908834671663,86876578201461359348908494988998941825002212859791866719370472127152216953306,13407807929942597099574024998205846127479365820592393377723561443720769383374469661147847687812952081302854773939601805382211292725060150247698793015185569,none,False,False,False,False
add_+1,14->+1,14,15,33301309993451753050311554695703528430361259803437469669590207169100761277412,91711666877231500617203373035680263572492971120307578300405368749466283229019,97505755694356382817881959832717013755620551362654128955029190924747025549326,39856815248295663243990443767776362321337592747889787217974905533720651000664,64204445700904629767570405137013485325259291559216659285438983755646264271914,115792089237316195423570985008687907853269984665640564039457584007908834671663,-51854851628935837373212929267903901251155378372417791082430463215745632228355,13407807929942597099574024998205846127479365820592393377723561443720769383374469661147847687812952081302854773939601805382211292725060150247698793015185569,none,False,False,False,False
add_+1,15->+1,15,16,97505755694356382817881959832717013755620551362654128955029190924747025549326,39856815248295663243990443767776362321337592747889787217974905533720651000664,104059883622109321374094289636044428849728529177856482232626205340719788190730,112122903140080327253741791678230372394936108416576609264408917599318947489825,6554127927752938556212329803327415094107977815202353277597014415972762641404,115792089237316195423570985008687907853269984665640564039457584007908834671663,72266087891784664009751347910454010073598515668686822046434012065598296489161,13407807929942597099574024998205846127479365820592393377723561443720769383374469661147847687812952081302854773939601805382211292725060150247698793015185569,none,False,False,False,False
add_+1,16->+1,16,17,104059883622109321374094289636044428849728529177856482232626205340719788190730,112122903140080327253741791678230372394936108416576609264408917599318947489825,100862081773581120499222301212791081193994281440454033593790618293887747050036,29883864782608871580821802176208615141762369223249393426421538275393411672951,-3197801848528200874871988423253347655734247737402448638835587046832041140694,115792089237316195423570985008687907853269984665640564039457584007908834671663,-82239038357471455672919989502021757253173739193327215837987379323925535816874,13407807929942597099574024998205846127479365820592393377723561443720769383374469661147847687812952081302854773939601805382211292725060150247698793015185569,none,False,False,False,False
add_+1,17->+1,17,18,100862081773581120499222301212791081193994281440454033593790618293887747050036,29883864782608871580821802176208615141762369223249393426421538275393411672951,38901272619685732968285380035171577070479117282397203902622597987558769928140,87393127487643849618870152207476122589010570440825041333620493866032028851544,-61960809153895387530936921177619504123515164158056829691168020306328977121896,115792089237316195423570985008687907853269984665640564039457584007908834671663,57509262705034978038048350031267507447248201217575647907198955590638617178593,13407807929942597099574024998205846127479365820592393377723561443720769383374469661147847687812952081302854773939601805382211292725060150247698793015185569,none,False,False,False,False
add_+1,18->+1,18,19,38901272619685732968285380035171577070479117282397203902622597987558769928140,87393127487643849618870152207476122589010570440825041333620493866032028851544,19588375357829479297593261744848590434972900972071148260168833594658324503404,60568592333449737531184420002591396163903580402725242236305558432410218044282,-19312897261856253670692118290322986635506216310326055642453764392900445424736,115792089237316195423570985008687907853269984665640564039457584007908834671663,-26824535154194112087685732204884726425106990038099799097314935433621810807262,13407807929942597099574024998205846127479365820592393377723561443720769383374469661147847687812952081302854773939601805382211292725060150247698793015185569,none,False,False,False,False
add_+1,19->+1,19,20,19588375357829479297593261744848590434972900972071148260168833594658324503404,60568592333449737531184420002591396163903580402725242236305558432410218044282,34773495056115281091786765947597603724784643419904767525769502836017890139287,8470533044743364938367028725608288731153024648869546164814808839694950063162,15185119698285801794193504202749013289811742447833619265600669241359565635883,115792089237316195423570985008687907853269984665640564039457584007908834671663,-52098059288706372592817391276983107432750555753855696071490749592715267981120,13407807929942597099574024998205846127479365820592393377723561443720769383374469661147847687812952081302854773939601805382211292725060150247698793015185569,none,False,False,False,False
add_+1,20->+1,20,21,34773495056115281091786765947597603724784643419904767525769502836017890139287,8470533044743364938367028725608288731153024648869546164814808839694950063162,24049875635381557237058143631624836741422505207761609709712554171343558302165,22669890352939653242079781319904043788036611953081321775127194249638113810828,-10723619420733723854728622315972766983362138212143157816056948664674331837122,115792089237316195423570985008687907853269984665640564039457584007908834671663,14199357308196288303712752594295755056883587304211775610312385409943163747666,13407807929942597099574024998205846127479365820592393377723561443720769383374469661147847687812952081302854773939601805382211292725060150247698793015185569,none,False,False,False,False
add_+1,21->+1,21,22,24049875635381557237058143631624836741422505207761609709712554171343558302165,22669890352939653242079781319904043788036611953081321775127194249638113810828,29908081367423272746086114569421970207888665320998202915346633185016778189308,19705544727792599099830884487151299095417296550955739824847212341657057716097,5858205732041715509027970937797133466466160113236593205634079013673219887143,115792089237316195423570985008687907853269984665640564039457584007908834671663,-2964345625147054142248896832752744692619315402125581950279981907981056094731,13407807929942597099574024998205846127479365820592393377723561443720769383374469661147847687812952081302854773939601805382211292725060150247698793015185569,none,False,False,False,False
add_+1,22->+1,22,23,29908081367423272746086114569421970207888665320998202915346633185016778189308,19705544727792599099830884487151299095417296550955739824847212341657057716097,21545045623056848826483343441081830815719530893582365358444562918095175994431,1296978981679745807043951140304019026881137717020402959957988455650813508967,-8363035744366423919602771128340139392169134427415837556902070266921602194877,115792089237316195423570985008687907853269984665640564039457584007908834671663,-18408565746112853292786933346847280068536158833935336864889223886006244207130,13407807929942597099574024998205846127479365820592393377723561443720769383374469661147847687812952081302854773939601805382211292725060150247698793015185569,none,False,False,False,False
add_+1,23->+1,23,24,21545045623056848826483343441081830815719530893582365358444562918095175994431,1296978981679745807043951140304019026881137717020402959957988455650813508967,115090238283566018960826468250608273126387416636633736439689841211757211870926,47185183227829754668635270747409548752084785367264057948864458978444304762303,93545192660509170134343124809526442310667885743051371081245278293662035876495,115792089237316195423570985008687907853269984665640564039457584007908834671663,45888204246150008861591319607105529725203647650243654988906470522793491253336,13407807929942597099574024998205846127479365820592393377723561443720769383374469661147847687812952081302854773939601805382211292725060150247698793015185569,none,False,False,False,False
add_+1,24->+1,24,25,115090238283566018960826468250608273126387416636633736439689841211757211870926,47185183227829754668635270747409548752084785367264057948864458978444304762303,66165162229742397718677620062386824252848999675912518712054484685772795754260,52018513869565587577673992057861898728543589604141463438466108080111932355586,-48925076053823621242148848188221448873538416960721217727635356525984416116666,115792089237316195423570985008687907853269984665640564039457584007908834671663,4833330641735832909038721310452349976458804236877405489601649101667627593283,13407807929942597099574024998205846127479365820592393377723561443720769383374469661147847687812952081302854773939601805382211292725060150247698793015185569,none,False,False,False,False
add_+1,25->+1,25,26,66165162229742397718677620062386824252848999675912518712054484685772795754260,52018513869565587577673992057861898728543589604141463438466108080111932355586,46375854666189782329411331467438732923135312366454677774518044107217916677258,28872066516664221627799718496556756366588329842312456769228220433104069963108,-19789307563552615389266288594948091329713687309457840937536440578554879077002,115792089237316195423570985008687907853269984665640564039457584007908834671663,-23146447352901365949874273561305142361955259761829006669237887647007862392478,13407807929942597099574024998205846127479365820592393377723561443720769383374469661147847687812952081302854773939601805382211292725060150247698793015185569,none,False,False,False,False
add_+1,26->+1,26,27,46375854666189782329411331467438732923135312366454677774518044107217916677258,28872066516664221627799718496556756366588329842312456769228220433104069963108,99023490166718961467148584643029653267652245207820783364668071358307234645801,75362751621984629832705305750958516370071248757681753180287377123479199292501,52647635500529179137737253175590920344516932841366105590150027251089317968543,115792089237316195423570985008687907853269984665640564039457584007908834671663,46490685105320408204905587254401760003482918915369296411059156690375129329393,13407807929942597099574024998205846127479365820592393377723561443720769383374469661147847687812952081302854773939601805382211292725060150247698793015185569,none,False,False,False,False
add_+1,27->+1,27,28,99023490166718961467148584643029653267652245207820783364668071358307234645801,75362751621984629832705305750958516370071248757681753180287377123479199292501,38862517885349586199469132990077977525522399615397327331631717567532241615208,56796032415390392137148811074183321813766115156763923072036584114852967736264,-60160972281369375267679451652951675742129845592423456033036353790774993030593,115792089237316195423570985008687907853269984665640564039457584007908834671663,-18566719206594237695556494676775194556305133600917830108250793008626231556237,13407807929942597099574024998205846127479365820592393377723561443720769383374469661147847687812952081302854773939601805382211292725060150247698793015185569,none,False,False,False,False
add_+1,28->+1,28,29,38862517885349586199469132990077977525522399615397327331631717567532241615208,56796032415390392137148811074183321813766115156763923072036584114852967736264,88789495143442116025801984763830218317601484092281216301053684219001740388315,14971629676138079947354454610178388572791590863859394042797260533911845233794,49926977258092529826332851773752240792079084476883888969421966651469498773107,115792089237316195423570985008687907853269984665640564039457584007908834671663,-41824402739252312189794356464004933240974524292904529029239323580941122502470,13407807929942597099574024998205846127479365820592393377723561443720769383374469661147847687812952081302854773939601805382211292725060150247698793015185569,none,False,False,False,False
add_+1,29->+1,29,30,88789495143442116025801984763830218317601484092281216301053684219001740388315,14971629676138079947354454610178388572791590863859394042797260533911845233794,49378132684229722274313556995573891527709373183446262831552359577455015004672,78123232289538034746933569305416412888858560602643272431489024958214987548923,-39411362459212393751488427768256326789892110908834953469501324641546725383643,115792089237316195423570985008687907853269984665640564039457584007908834671663,63151602613399954799579114695238024316066969738783878388691764424303142315129,13407807929942597099574024998205846127479365820592393377723561443720769383374469661147847687812952081302854773939601805382211292725060150247698793015185569,none,False,False,False,False
add_+1,30->+1,30,31,49378132684229722274313556995573891527709373183446262831552359577455015004672,78123232289538034746933569305416412888858560602643272431489024958214987548923,48009403158434809478298710137233764200988036438868259456275038304221065242292,101379581344212856035375194820281365028426536613141130008386086305632315345538,-1368729525794912796014846858340127326721336744578003375277321273233949762380,115792089237316195423570985008687907853269984665640564039457584007908834671663,23256349054674821288441625514864952139567976010497857576897061347417327796615,13407807929942597099574024998205846127479365820592393377723561443720769383374469661147847687812952081302854773939601805382211292725060150247698793015185569,none,False,False,False,False
add_+1,31->+1,31,32,48009403158434809478298710137233764200988036438868259456275038304221065242292,101379581344212856035375194820281365028426536613141130008386086305632315345538,95440839670107969455973995843666399663662641812074432045896568980475242364517,67400892360194400039319989411395972789004161889863182881857158544061243615929,47431436511673159977675285706432635462674605373206172589621530676254177122225,115792089237316195423570985008687907853269984665640564039457584007908834671663,-33978688984018455996055205408885392239422374723277947126528927761571071729609,13407807929942597099574024998205846127479365820592393377723561443720769383374469661147847687812952081302854773939601805382211292725060150247698793015185569,none,False,False,False,False
add_+1,32->+1,32,33,95440839670107969455973995843666399663662641812074432045896568980475242364517,67400892360194400039319989411395972789004161889863182881857158544061243615929,10219441022991940610048493520113102240595005085840974180672104038719657072293,84023467742492607926612431243360899514584580916128500081114886405247779677078,-85221398647116028845925502323553297423067636726233457865224464941755585292224,115792089237316195423570985008687907853269984665640564039457584007908834671663,16622575382298207887292441831964926725580419026265317199257727861186536061149,13407807929942597099574024998205846127479365820592393377723561443720769383374469661147847687812952081302854773939601805382211292725060150247698793015185569,none,False,False,False,False
add_+1,33->+1,33,34,10219441022991940610048493520113102240595005085840974180672104038719657072293,84023467742492607926612431243360899514584580916128500081114886405247779677078,12619776604307790469550660645393525758448419897555601226868753617320214526993,86272100689574882152938150858861318820088413186167100601966648021512258522745,2400335581315849859502167125280423517853414811714627046196649578600557454700,115792089237316195423570985008687907853269984665640564039457584007908834671663,2248632947082274226325719615500419305503832270038600520851761616264478845667,13407807929942597099574024998205846127479365820592393377723561443720769383374469661147847687812952081302854773939601805382211292725060150247698793015185569,none,False,False,False,False
add_+1,34->+1,34,35,12619776604307790469550660645393525758448419897555601226868753617320214526993,86272100689574882152938150858861318820088413186167100601966648021512258522745,43584328072464330665967763306297595761508151294385275883849271528835646125177,1171731419844835688478928898148416329180259014376715189840427072871218252873,30964551468156540196417102660904070003059731396829674656980517911515431598184,115792089237316195423570985008687907853269984665640564039457584007908834671663,-85100369269730046464459221960712902490908154171790385412126220948641040269872,13407807929942597099574024998205846127479365820592393377723561443720769383374469661147847687812952081302854773939601805382211292725060150247698793015185569,none,False,False,False,False
add_+1,35->+1,35,36,43584328072464330665967763306297595761508151294385275883849271528835646125177,1171731419844835688478928898148416329180259014376715189840427072871218252873,101419098787597942766661010883841213675986572091206578880178916574081925093625,53748097764673089702489673031527129553025318704228137363806494938199580582828,57834770715133612100693247577543617914478420796821302996329645045246278968448,115792089237316195423570985008687907853269984665640564039457584007908834671663,52576366344828254014010744133378713223845059689851422173966067865328362329955,13407807929942597099574024998205846127479365820592393377723561443720769383374469661147847687812952081302854773939601805382211292725060150247698793015185569,none,False,False,False,False
add_+1,36->+1,36,37,101419098787597942766661010883841213675986572091206578880178916574081925093625,53748097764673089702489673031527129553025318704228137363806494938199580582828,44696466249196887777481833878429299174322536392992392205634510941844339159869,58341336599715296255997469230977942456412351469447624645098110293822755987119,-56722632538401054989179177005411914501664035698214186674544405632237585933756,115792089237316195423570985008687907853269984665640564039457584007908834671663,4593238835042206553507796199450812903387032765219487281291615355623175404291,13407807929942597099574024998205846127479365820592393377723561443720769383374469661147847687812952081302854773939601805382211292725060150247698793015185569,none,False,False,False,False
add_+1,37->+1,37,38,44696466249196887777481833878429299174322536392992392205634510941844339159869,58341336599715296255997469230977942456412351469447624645098110293822755987119,82592391416753704330480457266605199466589998476548643675167586509583694299127,96352244311289141626709213538144106127822954871227876742730890119647945927428,37895925167556816552998623388175900292267462083556251469533075567739355139258,115792089237316195423570985008687907853269984665640564039457584007908834671663,38010907711573845370711744307166163671410603401780252097632779825825189940309,13407807929942597099574024998205846127479365820592393377723561443720769383374469661147847687812952081302854773939601805382211292725060150247698793015185569,none,False,False,False,False
add_+1,38->+1,38,39,82592391416753704330480457266605199466589998476548643675167586509583694299127,96352244311289141626709213538144106127822954871227876742730890119647945927428,58245954963044076335222193032419637688317373475605757277584156718458924469103,12764036181290433088658499435961200322530176588733628912045896254235383420282,-24346436453709627995258264234185561778272625000942886397583429791124769830024,115792089237316195423570985008687907853269984665640564039457584007908834671663,-83588208129998708538050714102182905805292778282494247830684993865412562507146,13407807929942597099574024998205846127479365820592393377723561443720769383374469661147847687812952081302854773939601805382211292725060150247698793015185569,none,False,False,False,False
add_+1,39->+1,39,40,58245954963044076335222193032419637688317373475605757277584156718458924469103,12764036181290433088658499435961200322530176588733628912045896254235383420282,65977930378964483966842705159007630837451149704819265634327747226133817150731,106574384264472205627876631445935175739834375489227447805380155393950263965849,7731975415920407631620512126587993149133776229213508356743590507674892681628,115792089237316195423570985008687907853269984665640564039457584007908834671663,93810348083181772539218132009973975417304198900493818893334259139714880545567,13407807929942597099574024998205846127479365820592393377723561443720769383374469661147847687812952081302854773939601805382211292725060150247698793015185569,none,False,False,False,False
add_+1,40->+1,40,41,65977930378964483966842705159007630837451149704819265634327747226133817150731,106574384264472205627876631445935175739834375489227447805380155393950263965849,55442706224332212356956949983947160877073898960448236395042968736464621521147,5905242281663190858892708265754696019921609450612128937011632221309721495543,-10535224154632271609885755175060469960377250744371029239284778489669195629584,115792089237316195423570985008687907853269984665640564039457584007908834671663,-100669141982809014768983923180180479719912766038615318868368523172640542470306,13407807929942597099574024998205846127479365820592393377723561443720769383374469661147847687812952081302854773939601805382211292725060150247698793015185569,none,False,False,False,False
add_+1,41->+1,41,42,55442706224332212356956949983947160877073898960448236395042968736464621521147,5905242281663190858892708265754696019921609450612128937011632221309721495543,115136800820456833737994126771386015026287095034625623644186278108926690779567,3479535755779840016334846590594739014278212596066547564422106861430200972724,59694094596124621381037176787438854149213196074177387249143309372462069258420,115792089237316195423570985008687907853269984665640564039457584007908834671663,-2425706525883350842557861675159957005643396854545581372589525359879520522819,13407807929942597099574024998205846127479365820592393377723561443720769383374469661147847687812952081302854773939601805382211292725060150247698793015185569,none,False,False,False,False
add_+1,42->+1,42,43,115136800820456833737994126771386015026287095034625623644186278108926690779567,3479535755779840016334846590594739014278212596066547564422106861430200972724,96414945312501980282409358461754977502747357521062737878469375231739675541449,108016644921439980219149763541432916357155273945921323318636524851968650287411,-18721855507954853455584768309631037523539737513562885765716902877187015238118,115792089237316195423570985008687907853269984665640564039457584007908834671663,104537109165660140202814916950838177342877061349854775754214417990538449314687,13407807929942597099574024998205846127479365820592393377723561443720769383374469661147847687812952081302854773939601805382211292725060150247698793015185569,none,False,False,False,False
add_+1,43->+1,43,44,96414945312501980282409358461754977502747357521062737878469375231739675541449,108016644921439980219149763541432916357155273945921323318636524851968650287411,42072772011086351294328511389423850314698152445154323541536957340534349973349,99133657745585934968186133288050721248258413615930917407282740640761199917928,-54342173301415628988080847072331127188049205075908414336932417891205325568100,115792089237316195423570985008687907853269984665640564039457584007908834671663,-8882987175854045250963630253382195108896860329990405911353784211207450369483,13407807929942597099574024998205846127479365820592393377723561443720769383374469661147847687812952081302854773939601805382211292725060150247698793015185569,none,False,False,False,False
add_+1,44->+1,44,45,42072772011086351294328511389423850314698152445154323541536957340534349973349,99133657745585934968186133288050721248258413615930917407282740640761199917928,2069755349039566255304036353648839232649715781170511813011535420394543798627,53173698995439924366951845531266805314230463309822098990695656330917108292762,-40003016662046785039024475035775011082048436663983811728525421920139806174722,115792089237316195423570985008687907853269984665640564039457584007908834671663,-45959958750146010601234287756783915934027950306108818416587084309844091625166,13407807929942597099574024998205846127479365820592393377723561443720769383374469661147847687812952081302854773939601805382211292725060150247698793015185569,none,False,False,False,False
add_+1,45->+1,45,46,2069755349039566255304036353648839232649715781170511813011535420394543798627,53173698995439924366951845531266805314230463309822098990695656330917108292762,112485767891133126222498548010271946438760990210983300801299715976951536768791,85739109496996784368776054024999276184984966609644199395125789597014054674947,110416012542093559967194511656623107206111274429812788988288180556556992970164,115792089237316195423570985008687907853269984665640564039457584007908834671663,32565410501556860001824208493732470870754503299822100404430133266096946382185,13407807929942597099574024998205846127479365820592393377723561443720769383374469661147847687812952081302854773939601805382211292725060150247698793015185569,none,False,False,False,False
add_+1,46->+1,46,47,112485767891133126222498548010271946438760990210983300801299715976951536768791,85739109496996784368776054024999276184984966609644199395125789597014054674947,54253141229701892740678441538472478126466317116121420289154985997987923385716,67647191893224491627918802490479062705030965032432110320079555712709270724822,-58232626661431233481820106471799468312294673094861880512144729978963613383075,115792089237316195423570985008687907853269984665640564039457584007908834671663,-18091917603772292740857251534520213479954001577212089075046233884304783950125,13407807929942597099574024998205846127479365820592393377723561443720769383374469661147847687812952081302854773939601805382211292725060150247698793015185569,none,False,False,False,False
add_+1,47->+1,47,48,54253141229701892740678441538472478126466317116121420289154985997987923385716,67647191893224491627918802490479062705030965032432110320079555712709270724822,50111670963408569345385204828013406423962206186815367070190059614189255189955,96344650049071302355595011727277439354119658646232861677212062449792674989672,-4141470266293323395293236710459071702504110929306053218964926383798668195761,115792089237316195423570985008687907853269984665640564039457584007908834671663,28697458155846810727676209236798376649088693613800751357132506737083404264850,13407807929942597099574024998205846127479365820592393377723561443720769383374469661147847687812952081302854773939601805382211292725060150247698793015185569,none,False,False,False,False
add_+1,48->+1,48,49,50111670963408569345385204828013406423962206186815367070190059614189255189955,96344650049071302355595011727277439354119658646232861677212062449792674989672,109846273198995465046214558810696509369395695668678477567979041624391316796720,101711840700253487202274292900077312932162220876743713596510869779955653950519,59734602235586895700829353982683102945433489481863110497788982010202061606765,115792089237316195423570985008687907853269984665640564039457584007908834671663,5367190651182184846679281172799873578042562230510851919298807330162978960847,13407807929942597099574024998205846127479365820592393377723561443720769383374469661147847687812952081302854773939601805382211292725060150247698793015185569,none,False,False,False,False
add_+1,49->+1,49,50,109846273198995465046214558810696509369395695668678477567979041624391316796720,101711840700253487202274292900077312932162220876743713596510869779955653950519,18752372355191540835222161239240920883340654532661984440989362140194381601434,88478450163343634110113046083156231725329016889379853417393465962619872936244,-91093900843803924210992397571455588486055041136016493126989679484196935195286,115792089237316195423570985008687907853269984665640564039457584007908834671663,-13233390536909853092161246816921081206833203987363860179117403817335781014275,13407807929942597099574024998205846127479365820592393377723561443720769383374469661147847687812952081302854773939601805382211292725060150247698793015185569,none,False,False,False,False
add_+1,50->+1,50,51,18752372355191540835222161239240920883340654532661984440989362140194381601434,88478450163343634110113046083156231725329016889379853417393465962619872936244,31766568681566786811585556083273569704981103744700868374944839455567139361883,42892316439533998508363691869839348703863091985464714880496520815537080971390,13014196326375245976363394844032648821640449212038883933955477315372757760449,115792089237316195423570985008687907853269984665640564039457584007908834671663,-45586133723809635601749354213316883021465924903915138536896945147082791964854,13407807929942597099574024998205846127479365820592393377723561443720769383374469661147847687812952081302854773939601805382211292725060150247698793015185569,none,False,False,False,False
add_+1,51->+1,51,52,31766568681566786811585556083273569704981103744700868374944839455567139361883,42892316439533998508363691869839348703863091985464714880496520815537080971390,19511180689223863964676874168627421459323156917296991798297923962201555596949,57367979562017697409196531308288663269903370049256107839675184520239291074509,-12255387992342922846908681914646148245657946827403876576646915493365583764934,115792089237316195423570985008687907853269984665640564039457584007908834671663,14475663122483698900832839438449314566040278063791392959178663704702210103119,13407807929942597099574024998205846127479365820592393377723561443720769383374469661147847687812952081302854773939601805382211292725060150247698793015185569,none,False,False,False,False
add_+1,52->+1,52,53,19511180689223863964676874168627421459323156917296991798297923962201555596949,57367979562017697409196531308288663269903370049256107839675184520239291074509,109204401742901676102938274178210524270147101032576152349016621748734496666183,93562928090829704595527535353598406140745506107437687143296992058804640357878,89693221053677812138261400009583102810823944115279160550718697786532941069234,115792089237316195423570985008687907853269984665640564039457584007908834671663,36194948528812007186331004045309742870842136058181579303621807538565349283369,13407807929942597099574024998205846127479365820592393377723561443720769383374469661147847687812952081302854773939601805382211292725060150247698793015185569,none,False,False,False,False
add_+1,53->+1,53,54,109204401742901676102938274178210524270147101032576152349016621748734496666183,93562928090829704595527535353598406140745506107437687143296992058804640357878,36122698064134239917117034944532638029925389202648589133547978226819319812203,17027329777463400105144356958107372283640412543533161381521436991456009891579,-73081703678767436185821239233677886240221711829927563215468643521915176853980,115792089237316195423570985008687907853269984665640564039457584007908834671663,-76535598313366304490383178395491033857105093563904525761775555067348630466299,13407807929942597099574024998205846127479365820592393377723561443720769383374469661147847687812952081302854773939601805382211292725060150247698793015185569,none,False,False,False,False
add_+1,54->+1,54,55,36122698064134239917117034944532638029925389202648589133547978226819319812203,17027329777463400105144356958107372283640412543533161381521436991456009891579,91804187441772561664481510830917750223077921964002572402238128845622951625169,91945440139593333380184788272080657792196709314822575974121657953469941695606,55681489377638321747364475886385112193152532761353983268690150618803631812966,115792089237316195423570985008687907853269984665640564039457584007908834671663,74918110362129933275040431313973285508556296771289414592600220962013931804027,13407807929942597099574024998205846127479365820592393377723561443720769383374469661147847687812952081302854773939601805382211292725060150247698793015185569,none,False,False,False,False
add_+1,55->+1,55,56,91804187441772561664481510830917750223077921964002572402238128845622951625169,91945440139593333380184788272080657792196709314822575974121657953469941695606,85443494863408502680908561006538876660936831179320971186834465657383528300823,41574129741798670788318102088797945519763253166412892215513009393101328479924,-6360692578364058983572949824378873562141090784681601215403663188239423324346,115792089237316195423570985008687907853269984665640564039457584007908834671663,-50371310397794662591866686183282712272433456148409683758608648560368613215682,13407807929942597099574024998205846127479365820592393377723561443720769383374469661147847687812952081302854773939601805382211292725060150247698793015185569,none,False,False,False,False
add_+1,56->+1,56,57,85443494863408502680908561006538876660936831179320971186834465657383528300823,41574129741798670788318102088797945519763253166412892215513009393101328479924,17189284425153064836001861279656763224636129289551722165462018837400972173600,29445779904272847763706160655321487704701247799275275841430067857695472241472,-68254210438255437844906699726882113436300701889769249021372446819982556127223,115792089237316195423570985008687907853269984665640564039457584007908834671663,-12128349837525823024611941433476457815062005367137616374082941535405856238452,13407807929942597099574024998205846127479365820592393377723561443720769383374469661147847687812952081302854773939601805382211292725060150247698793015185569,none,False,False,False,False
add_+1,57->+1,57,58,17189284425153064836001861279656763224636129289551722165462018837400972173600,29445779904272847763706160655321487704701247799275275841430067857695472241472,31361859868524256934340493392748324439250961207479738197811398391136366390587,66949045302018276465653829790546454755295341269007016439257946146448951430658,14172575443371192098338632113091561214614831917928016032349379553735394216987,115792089237316195423570985008687907853269984665640564039457584007908834671663,37503265397745428701947669135224967050594093469731740597827878288753479189186,13407807929942597099574024998205846127479365820592393377723561443720769383374469661147847687812952081302854773939601805382211292725060150247698793015185569,none,False,False,False,False
add_+1,58->+1,58,59,31361859868524256934340493392748324439250961207479738197811398391136366390587,66949045302018276465653829790546454755295341269007016439257946146448951430658,53467956276192349861948221937171498503643177269204461230384245004177138836533,4119214727602775607932521128681884153131966461396859633231677764244527094881,22106096407668092927607728544423174064392216061724723032572846613040772445946,115792089237316195423570985008687907853269984665640564039457584007908834671663,-62829830574415500857721308661864570602163374807610156806026268382204424335777,13407807929942597099574024998205846127479365820592393377723561443720769383374469661147847687812952081302854773939601805382211292725060150247698793015185569,none,False,False,False,False
add_+1,59->+1,59,60,53467956276192349861948221937171498503643177269204461230384245004177138836533,4119214727602775607932521128681884153131966461396859633231677764244527094881,518559790775991926153431284348924991691752894319091408626305042091127390610,7754554211713140270585379622151031431183921268920287121212618482407411327399,-52949396485416357935794790652822573511951424374885369821757939962086011445923,115792089237316195423570985008687907853269984665640564039457584007908834671663,3635339484110364662652858493469147278051954807523427487980940718162884232518,13407807929942597099574024998205846127479365820592393377723561443720769383374469661147847687812952081302854773939601805382211292725060150247698793015185569,none,False,False,False,False
add_+1,60->+1,60,61,518559790775991926153431284348924991691752894319091408626305042091127390610,7754554211713140270585379622151031431183921268920287121212618482407411327399,53058764004935428650100139287376587679652978405430403380587712871864611556376,2918800479109537269737873642942211407706668016660669097675760428828773803651,52540204214159436723946708003027662687961225511111311971961407829773484165766,115792089237316195423570985008687907853269984665640564039457584007908834671663,-4835753732603603000847505979208820023477253252259618023536858053578637523748,13407807929942597099574024998205846127479365820592393377723561443720769383374469661147847687812952081302854773939601805382211292725060150247698793015185569,none,False,False,False,False
add_+1,61->+1,61,62,53058764004935428650100139287376587679652978405430403380587712871864611556376,2918800479109537269737873642942211407706668016660669097675760428828773803651,7470696802146976875048795875680307511987987110754117830917946933599684326041,35498370868222357101075189419100726924131867018781426271212491175192595798687,-45588067202788451775051343411696280167664991294676285549669765938264927230335,115792089237316195423570985008687907853269984665640564039457584007908834671663,32579570389112819831337315776158515516425199002120757173536730746363821995036,13407807929942597099574024998205846127479365820592393377723561443720769383374469661147847687812952081302854773939601805382211292725060150247698793015185569,none,False,False,False,False
add_+1,62->+1,62,63,7470696802146976875048795875680307511987987110754117830917946933599684326041,35498370868222357101075189419100726924131867018781426271212491175192595798687,103082696326686084252692006348842617458364360484939043050040089399696685644264,40612530833850030770560071666434436443194162318210174699750855405684277524469,95611999524539107377643210473162309946376373374184925219122142466097001318223,115792089237316195423570985008687907853269984665640564039457584007908834671663,5114159965627673669484882247333709519062295299428748428538364230491681725782,13407807929942597099574024998205846127479365820592393377723561443720769383374469661147847687812952081302854773939601805382211292725060150247698793015185569,none,False,False,False,False
add_+1,63->+1,63,64,103082696326686084252692006348842617458364360484939043050040089399696685644264,40612530833850030770560071666434436443194162318210174699750855405684277524469,86454928033100054822938644242727206101601557724291916072342392316125160730507,41929975541376036990359335647717381527212342035893043668288666074313354583455,-16627768293586029429753362106115411356762802760647126977697697083571524913757,115792089237316195423570985008687907853269984665640564039457584007908834671663,1317444707526006219799263981282945084018179717682868968537810668629077058986,13407807929942597099574024998205846127479365820592393377723561443720769383374469661147847687812952081302854773939601805382211292725060150247698793015185569,none,False,False,False,False
add_+1,64->+1,64,65,86454928033100054822938644242727206101601557724291916072342392316125160730507,41929975541376036990359335647717381527212342035893043668288666074313354583455,11045059572793568563399009827450521654436229950346969273826455203229685425899,26950030226550877209429637342197821712469081306958210747276495411981785794699,-75409868460306486259539634415276684447165327773944946798515937112895475304608,115792089237316195423570985008687907853269984665640564039457584007908834671663,-14979945314825159780929698305519559814743260728934832921012170662331568788756,13407807929942597099574024998205846127479365820592393377723561443720769383374469661147847687812952081302854773939601805382211292725060150247698793015185569,none,False,False,False,False
double,1->2d,1,2,55066263022277343669578718895168534326250603453777594175500187360389116729240,32670510020758816978083085130507043184471273380659243275938904335757337482424,89565891926547004231252920425935692360644145829622209833684329913297188986597,12158399299693830322967808612713398636155367887041628176798871954788371653930,34499628904269660561674201530767158034393542375844615658184142552908072257357,115792089237316195423570985008687907853269984665640564039457584007908834671663,-20512110721064986655115276517793644548315905493617615099140032380968965828494,13407807929942597099574024998205846127479365820592393377723561443720769383374469661147847687812952081302854773939601805382211292725060150247698793015185569,none,False,False,False,False
double,2->2d,2,4,89565891926547004231252920425935692360644145829622209833684329913297188986597,12158399299693830322967808612713398636155367887041628176798871954788371653930,103388573995635080359749164254216598308788835304023601477803095234286494993683,37057141145242123013015316630864329550140216928701153669873286428255828810018,13822682069088076128496243828280905948144689474401391644118765320989306007086,115792089237316195423570985008687907853269984665640564039457584007908834671663,24898741845548292690047508018150930913984849041659525493074414473467457156088,13407807929942597099574024998205846127479365820592393377723561443720769383374469661147847687812952081302854773939601805382211292725060150247698793015185569,none,False,False,False,False
double,3->2d,3,6,112711660439710606056748659173929673102114977341539408544630613555209775888121,25583027980570883691656905877401976406448868254816295069919888960541586679410,115780575977492633039504758427830329241728645270042306223540962614150928364886,78735063515800386211891312544505775871260717697865196436804966483607426560663,3068915537782026982756099253900656139613667928502897678910349058941152476765,115792089237316195423570985008687907853269984665640564039457584007908834671663,53152035535229502520234406667103799464811849443048901366885077523065839881253,13407807929942597099574024998205846127479365820592393377723561443720769383374469661147847687812952081302854773939601805382211292725060150247698793015185569,none,False,False,False,False
double,4->2d,4,8,103388573995635080359749164254216598308788835304023601477803095234286494993683,37057141145242123013015316630864329550140216928701153669873286428255828810018,21262057306151627953595685090280431278183829487175876377991189246716355947009,41749993296225487051377864631615517161996906063147759678534462689479575333124,-82126516689483452406153479163936167030605005816847725099811905987570139046674,115792089237316195423570985008687907853269984665640564039457584007908834671663,4692852150983364038362548000751187611856689134446606008661176261223746523106,13407807929942597099574024998205846127479365820592393377723561443720769383374469661147847687812952081302854773939601805382211292725060150247698793015185569,none,False,False,False,False
double,5->2d,5,10,21505829891763648114329055987619236494102133314575206970830385799158076338148,98003708678762621233683240503080860129026887322874138805529884920309963580118,72488970228380509287422715226575535698893157273063074627791787432852706183111,62070622898698443831883535403436258712770888294397026493185421712108624767191,50983140336616861173093659238956299204791023958487867656961401633694629844963,115792089237316195423570985008687907853269984665640564039457584007908834671663,-35933085780064177401799705099644601416255999028477112312344463208201338812927,13407807929942597099574024998205846127479365820592393377723561443720769383374469661147847687812952081302854773939601805382211292725060150247698793015185569,none,False,False,False,False
double,6->2d,6,12,115780575977492633039504758427830329241728645270042306223540962614150928364886,78735063515800386211891312544505775871260717697865196436804966483607426560663,94111259592240215275188773285036844871058226277992966241101117022315524122714,76870767327212528811304566602812752860184934880685532702451763239157141742375,-21669316385252417764315985142793484370670418992049339982439845591835404242172,115792089237316195423570985008687907853269984665640564039457584007908834671663,-1864296188587857400586745941693023011075782817179663734353203244450284818288,13407807929942597099574024998205846127479365820592393377723561443720769383374469661147847687812952081302854773939601805382211292725060150247698793015185569,none,False,False,False,False
double,7->2d,7,14,41948375291644419605210209193538855353224492619856392092318293986323063962044,48361766907851246668144012348516735800090617714386977531302791340517493990618,33301309993451753050311554695703528430361259803437469669590207169100761277412,91711666877231500617203373035680263572492971120307578300405368749466283229019,-8647065298192666554898654497835326922863232816418922422728086817222302684632,115792089237316195423570985008687907853269984665640564039457584007908834671663,43349899969380253949059360687163527772402353405920600769102577408948789238401,13407807929942597099574024998205846127479365820592393377723561443720769383374469661147847687812952081302854773939601805382211292725060150247698793015185569,none,False,False,False,False
double,8->2d,8,16,21262057306151627953595685090280431278183829487175876377991189246716355947009,41749993296225487051377864631615517161996906063147759678534462689479575333124,104059883622109321374094289636044428849728529177856482232626205340719788190730,112122903140080327253741791678230372394936108416576609264408917599318947489825,82797826315957693420498604545763997571544699690680605854635016094003432243721,115792089237316195423570985008687907853269984665640564039457584007908834671663,70372909843854840202363927046614855232939202353428849585874454909839372156701,13407807929942597099574024998205846127479365820592393377723561443720769383374469661147847687812952081302854773939601805382211292725060150247698793015185569,none,False,False,False,False
double,9->2d,9,18,78173298682877769088723994436027545680738210601369041078747105985693655485630,92362876758821804597230797234617159328445543067760556585160674174871431781431,38901272619685732968285380035171577070479117282397203902622597987558769928140,87393127487643849618870152207476122589010570440825041333620493866032028851544,-39272026063192036120438614400855968610259093318971837176124507998134885557490,115792089237316195423570985008687907853269984665640564039457584007908834671663,-4969749271177954978360645027141036739434972626935515251540180308839402929887,13407807929942597099574024998205846127479365820592393377723561443720769383374469661147847687812952081302854773939601805382211292725060150247698793015185569,none,False,False,False,False
double,10->2d,10,20,72488970228380509287422715226575535698893157273063074627791787432852706183111,62070622898698443831883535403436258712770888294397026493185421712108624767191,34773495056115281091786765947597603724784643419904767525769502836017890139287,8470533044743364938367028725608288731153024648869546164814808839694950063162,-37715475172265228195635949278977931974108513853158307102022284596834816043824,115792089237316195423570985008687907853269984665640564039457584007908834671663,-53600089853955078893516506677827969981617863645527480328370612872413674704029,13407807929942597099574024998205846127479365820592393377723561443720769383374469661147847687812952081302854773939601805382211292725060150247698793015185569,none,False,False,False,False
double,11->2d,11,22,53957576663012291606402345341061437133522758407718089353314528343643821967563,98386217607324929854432842186271083758341411730506808463586570492533445740059,29908081367423272746086114569421970207888665320998202915346633185016778189308,19705544727792599099830884487151299095417296550955739824847212341657057716097,-24049495295589018860316230771639466925634093086719886437967895158627043778255,115792089237316195423570985008687907853269984665640564039457584007908834671663,-78680672879532330754601957699119784662924115179551068638739358150876388023962,13407807929942597099574024998205846127479365820592393377723561443720769383374469661147847687812952081302854773939601805382211292725060150247698793015185569,none,False,False,False,False
double,12->2d,12,24,94111259592240215275188773285036844871058226277992966241101117022315524122714,76870767327212528811304566602812752860184934880685532702451763239157141742375,115090238283566018960826468250608273126387416636633736439689841211757211870926,47185183227829754668635270747409548752084785367264057948864458978444304762303,20978978691325803685637694965571428255329190358640770198588724189441687748212,115792089237316195423570985008687907853269984665640564039457584007908834671663,-29685584099382774142669295855403204108100149513421474753587304260712836980072,13407807929942597099574024998205846127479365820592393377723561443720769383374469661147847687812952081302854773939601805382211292725060150247698793015185569,none,False,False,False,False
double,13->2d,13,26,109699032664856045668214896063362497021339186688470416858630178803463338613416,4835088675770141268294878046681321747490758260515711581034896622314066275713,46375854666189782329411331467438732923135312366454677774518044107217916677258,28872066516664221627799718496556756366588329842312456769228220433104069963108,-63323177998666263338803564595923764098203874322015739084112134696245421936158,115792089237316195423570985008687907853269984665640564039457584007908834671663,24036977840894080359504840449875434619097571581796745188193323810790003687395,13407807929942597099574024998205846127479365820592393377723561443720769383374469661147847687812952081302854773939601805382211292725060150247698793015185569,none,False,False,False,False
double,14->2d,14,28,33301309993451753050311554695703528430361259803437469669590207169100761277412,91711666877231500617203373035680263572492971120307578300405368749466283229019,38862517885349586199469132990077977525522399615397327331631717567532241615208,56796032415390392137148811074183321813766115156763923072036584114852967736264,5561207891897833149157578294374449095161139811959857662041510398431480337796,115792089237316195423570985008687907853269984665640564039457584007908834671663,-34915634461841108480054561961496941758726855963543655228368784634613315492755,13407807929942597099574024998205846127479365820592393377723561443720769383374469661147847687812952081302854773939601805382211292725060150247698793015185569,none,False,False,False,False
double,15->2d,15,30,97505755694356382817881959832717013755620551362654128955029190924747025549326,39856815248295663243990443767776362321337592747889787217974905533720651000664,49378132684229722274313556995573891527709373183446262831552359577455015004672,78123232289538034746933569305416412888858560602643272431489024958214987548923,-48127623010126660543568402837143122227911178179207866123476831347292010544654,115792089237316195423570985008687907853269984665640564039457584007908834671663,38266417041242371502943125537640050567520967854753485213514119424494336548259,13407807929942597099574024998205846127479365820592393377723561443720769383374469661147847687812952081302854773939601805382211292725060150247698793015185569,none,False,False,False,False
double,16->2d,16,32,104059883622109321374094289636044428849728529177856482232626205340719788190730,112122903140080327253741791678230372394936108416576609264408917599318947489825,95440839670107969455973995843666399663662641812074432045896568980475242364517,67400892360194400039319989411395972789004161889863182881857158544061243615929,-8619043952001351918120293792378029186065887365782050186729636360244545826213,115792089237316195423570985008687907853269984665640564039457584007908834671663,-44722010779885927214421802266834399605931946526713426382551759055257703873896,13407807929942597099574024998205846127479365820592393377723561443720769383374469661147847687812952081302854773939601805382211292725060150247698793015185569,none,False,False,False,False
double,17->2d,17,34,100862081773581120499222301212791081193994281440454033593790618293887747050036,29883864782608871580821802176208615141762369223249393426421538275393411672951,12619776604307790469550660645393525758448419897555601226868753617320214526993,86272100689574882152938150858861318820088413186167100601966648021512258522745,-88242305169273330029671640567397555435545861542898432366921864676567532523043,115792089237316195423570985008687907853269984665640564039457584007908834671663,56388235906966010572116348682652703678326043962917707175545109746118846849794,13407807929942597099574024998205846127479365820592393377723561443720769383374469661147847687812952081302854773939601805382211292725060150247698793015185569,none,False,False,False,False
double,18->2d,18,36,38901272619685732968285380035171577070479117282397203902622597987558769928140,87393127487643849618870152207476122589010570440825041333620493866032028851544,101419098787597942766661010883841213675986572091206578880178916574081925093625,53748097764673089702489673031527129553025318704228137363806494938199580582828,62517826167912209798375630848669636605507454808809374977556318586523155165485,115792089237316195423570985008687907853269984665640564039457584007908834671663,-33645029722970759916380479175948993035985251736596903969813998927832448268716,13407807929942597099574024998205846127479365820592393377723561443720769383374469661147847687812952081302854773939601805382211292725060150247698793015185569,none,False,False,False,False
double,19->2d,19,38,19588375357829479297593261744848590434972900972071148260168833594658324503404,60568592333449737531184420002591396163903580402725242236305558432410218044282,82592391416753704330480457266605199466589998476548643675167586509583694299127,96352244311289141626709213538144106127822954871227876742730890119647945927428,63004016058924225032887195521756609031617097504477495414998752914925369795723,115792089237316195423570985008687907853269984665640564039457584007908834671663,35783651977839404095524793535552709963919374468502634506425331687237727883146,13407807929942597099574024998205846127479365820592393377723561443720769383374469661147847687812952081302854773939601805382211292725060150247698793015185569,none,False,False,False,False
double,20->2d,20,40,34773495056115281091786765947597603724784643419904767525769502836017890139287,8470533044743364938367028725608288731153024648869546164814808839694950063162,65977930378964483966842705159007630837451149704819265634327747226133817150731,106574384264472205627876631445935175739834375489227447805380155393950263965849,31204435322849202875055939211410027112666506284914498108558244390115927011444,115792089237316195423570985008687907853269984665640564039457584007908834671663,98103851219728840689509602720326887008681350840357901640565346554255313902687,13407807929942597099574024998205846127479365820592393377723561443720769383374469661147847687812952081302854773939601805382211292725060150247698793015185569,none,False,False,False,False
double,21->2d,21,42,24049875635381557237058143631624836741422505207761609709712554171343558302165,22669890352939653242079781319904043788036611953081321775127194249638113810828,115136800820456833737994126771386015026287095034625623644186278108926690779567,3479535755779840016334846590594739014278212596066547564422106861430200972724,91086925185075276500935983139761178284864589826864013934473723937583132477402,115792089237316195423570985008687907853269984665640564039457584007908834671663,-19190354597159813225744934729309304773758399357014774210705087388207912838104,13407807929942597099574024998205846127479365820592393377723561443720769383374469661147847687812952081302854773939601805382211292725060150247698793015185569,none,False,False,False,False
double,22->2d,22,44,29908081367423272746086114569421970207888665320998202915346633185016778189308,19705544727792599099830884487151299095417296550955739824847212341657057716097,42072772011086351294328511389423850314698152445154323541536957340534349973349,99133657745585934968186133288050721248258413615930917407282740640761199917928,12164690643663078548242396820001880106809487124156120626190324155517571784041,115792089237316195423570985008687907853269984665640564039457584007908834671663,79428113017793335868355248800899422152841117064975177582435528299104142201831,13407807929942597099574024998205846127479365820592393377723561443720769383374469661147847687812952081302854773939601805382211292725060150247698793015185569,none,False,False,False,False
double,23->2d,23,46,21545045623056848826483343441081830815719530893582365358444562918095175994431,1296978981679745807043951140304019026881137717020402959957988455650813508967,112485767891133126222498548010271946438760990210983300801299715976951536768791,85739109496996784368776054024999276184984966609644199395125789597014054674947,90940722268076277396015204569190115623041459317400935442855153058856360774360,115792089237316195423570985008687907853269984665640564039457584007908834671663,84442130515317038561732102884695257158103828892623796435167801141363241165980,13407807929942597099574024998205846127479365820592393377723561443720769383374469661147847687812952081302854773939601805382211292725060150247698793015185569,none,False,False,False,False
double,24->2d,24,48,115090238283566018960826468250608273126387416636633736439689841211757211870926,47185183227829754668635270747409548752084785367264057948864458978444304762303,50111670963408569345385204828013406423962206186815367070190059614189255189955,96344650049071302355595011727277439354119658646232861677212062449792674989672,-64978567320157449615441263422594866702425210449818369369499781597567956680971,115792089237316195423570985008687907853269984665640564039457584007908834671663,49159466821241547686959740979867890602034873278968803728347603471348370227369,13407807929942597099574024998205846127479365820592393377723561443720769383374469661147847687812952081302854773939601805382211292725060150247698793015185569,none,False,False,False,False
double,25->2d,25,50,66165162229742397718677620062386824252848999675912518712054484685772795754260,52018513869565587577673992057861898728543589604141463438466108080111932355586,18752372355191540835222161239240920883340654532661984440989362140194381601434,88478450163343634110113046083156231725329016889379853417393465962619872936244,-47412789874550856883455458823145903369508345143250534271065122545578414152826,115792089237316195423570985008687907853269984665640564039457584007908834671663,36459936293778046532439054025294332996785427285238389978927357882507940580658,13407807929942597099574024998205846127479365820592393377723561443720769383374469661147847687812952081302854773939601805382211292725060150247698793015185569,none,False,False,False,False
double,26->2d,26,52,46375854666189782329411331467438732923135312366454677774518044107217916677258,28872066516664221627799718496556756366588329842312456769228220433104069963108,19511180689223863964676874168627421459323156917296991798297923962201555596949,57367979562017697409196531308288663269903370049256107839675184520239291074509,-26864673976965918364734457298811311463812155449157685976220120145016361080309,115792089237316195423570985008687907853269984665640564039457584007908834671663,28495913045353475781396812811731906903315040206943651070446964087135221111401,13407807929942597099574024998205846127479365820592393377723561443720769383374469661147847687812952081302854773939601805382211292725060150247698793015185569,none,False,False,False,False
double,27->2d,27,54,99023490166718961467148584643029653267652245207820783364668071358307234645801,75362751621984629832705305750958516370071248757681753180287377123479199292501,36122698064134239917117034944532638029925389202648589133547978226819319812203,17027329777463400105144356958107372283640412543533161381521436991456009891579,-62900792102584721550031549698497015237726856005172194231120093131487914833598,115792089237316195423570985008687907853269984665640564039457584007908834671663,-58335421844521229727560948792851144086430836214148591798765940132023189400922,13407807929942597099574024998205846127479365820592393377723561443720769383374469661147847687812952081302854773939601805382211292725060150247698793015185569,none,False,False,False,False
double,28->2d,28,56,38862517885349586199469132990077977525522399615397327331631717567532241615208,56796032415390392137148811074183321813766115156763923072036584114852967736264,85443494863408502680908561006538876660936831179320971186834465657383528300823,41574129741798670788318102088797945519763253166412892215513009393101328479924,46580976978058916481439428016460899135414431563923643855202748089851286685615,115792089237316195423570985008687907853269984665640564039457584007908834671663,-15221902673591721348830708985385376294002861990351030856523574721751639256340,13407807929942597099574024998205846127479365820592393377723561443720769383374469661147847687812952081302854773939601805382211292725060150247698793015185569,none,False,False,False,False
double,29->2d,29,58,88789495143442116025801984763830218317601484092281216301053684219001740388315,14971629676138079947354454610178388572791590863859394042797260533911845233794,31361859868524256934340493392748324439250961207479738197811398391136366390587,66949045302018276465653829790546454755295341269007016439257946146448951430658,-57427635274917859091461491371081893878350522884801478103242285827865373997728,115792089237316195423570985008687907853269984665640564039457584007908834671663,51977415625880196518299375180368066182503750405147622396460685612537106196864,13407807929942597099574024998205846127479365820592393377723561443720769383374469661147847687812952081302854773939601805382211292725060150247698793015185569,none,False,False,False,False
double,30->2d,30,60,49378132684229722274313556995573891527709373183446262831552359577455015004672,78123232289538034746933569305416412888858560602643272431489024958214987548923,518559790775991926153431284348924991691752894319091408626305042091127390610,7754554211713140270585379622151031431183921268920287121212618482407411327399,-48859572893453730348160125711224966536017620289127171422926054535363887614062,115792089237316195423570985008687907853269984665640564039457584007908834671663,-70368678077824894476348189683265381457674639333722985310276406475807576221524,13407807929942597099574024998205846127479365820592393377723561443720769383374469661147847687812952081302854773939601805382211292725060150247698793015185569,none,False,False,False,False
double,31->2d,31,62,48009403158434809478298710137233764200988036438868259456275038304221065242292,101379581344212856035375194820281365028426536613141130008386086305632315345538,7470696802146976875048795875680307511987987110754117830917946933599684326041,35498370868222357101075189419100726924131867018781426271212491175192595798687,-40538706356287832603249914261553456689000049328114141625357091370621380916251,115792089237316195423570985008687907853269984665640564039457584007908834671663,-65881210475990498934300005401180638104294669594359703737173595130439719546851,13407807929942597099574024998205846127479365820592393377723561443720769383374469661147847687812952081302854773939601805382211292725060150247698793015185569,none,False,False,False,False
double,32->2d,32,64,95440839670107969455973995843666399663662641812074432045896568980475242364517,67400892360194400039319989411395972789004161889863182881857158544061243615929,86454928033100054822938644242727206101601557724291916072342392316125160730507,41929975541376036990359335647717381527212342035893043668288666074313354583455,-8985911637007914633035351600939193562061084087782515973554176664350081634010,115792089237316195423570985008687907853269984665640564039457584007908834671663,-25470916818818363048960653763678591261791819853970139213568492469747889032474,13407807929942597099574024998205846127479365820592393377723561443720769383374469661147847687812952081302854773939601805382211292725060150247698793015185569,none,False,False,False,False
double,33->2d,33,66,10219441022991940610048493520113102240595005085840974180672104038719657072293,84023467742492607926612431243360899514584580916128500081114886405247779677078,3424845089359850216662036433701154320174571538574732765710185710213042263842,50402943044099287338970517565438553175068884535895555750200109900004591912417,-6794595933632090393386457086411947920420433547266241414961918328506614808451,115792089237316195423570985008687907853269984665640564039457584007908834671663,-33620524698393320587641913677922346339515696380232944330914776505243187764661,13407807929942597099574024998205846127479365820592393377723561443720769383374469661147847687812952081302854773939601805382211292725060150247698793015185569,none,False,False,False,False
double,34->2d,34,68,12619776604307790469550660645393525758448419897555601226868753617320214526993,86272100689574882152938150858861318820088413186167100601966648021512258522745,51066658180107921513962315407412637295052131625923864803877804316114485295337,33347816669304080943742680598459188657402202482318798658365673129240153230584,38446881575800131044411654762019111536603711728368263577009050698794270768344,115792089237316195423570985008687907853269984665640564039457584007908834671663,-52924284020270801209195470260402130162686210703848301943600974892272105292161,13407807929942597099574024998205846127479365820592393377723561443720769383374469661147847687812952081302854773939601805382211292725060150247698793015185569,none,False,False,False,False
double,35->2d,35,70,43584328072464330665967763306297595761508151294385275883849271528835646125177,1171731419844835688478928898148416329180259014376715189840427072871218252873,86865106983614620555782830675279365848528790960271514243101794703912353027136,107186483708804024343949399862843037919568693300460965445053323392260478671799,43280778911150289889815067368981770087020639665886238359252523175076706901959,115792089237316195423570985008687907853269984665640564039457584007908834671663,106014752288959188655470470964694621590388434286084250255212896319389260418926,13407807929942597099574024998205846127479365820592393377723561443720769383374469661147847687812952081302854773939601805382211292725060150247698793015185569,none,False,False,False,False
double,36->2d,36,72,101419098787597942766661010883841213675986572091206578880178916574081925093625,53748097764673089702489673031527129553025318704228137363806494938199580582828,76417524908279090471280141612151274819536228432327196024616750366929236333900,28547740495103478414520291360192300769496233495473526474752559351111853416127,-25001573879318852295380869271689938856450343658879382855562166207152688759725,115792089237316195423570985008687907853269984665640564039457584007908834671663,-25200357269569611287969381671334828783529085208754610889053935587087727166701,13407807929942597099574024998205846127479365820592393377723561443720769383374469661147847687812952081302854773939601805382211292725060150247698793015185569,none,False,False,False,False
double,37->2d,37,74,44696466249196887777481833878429299174322536392992392205634510941844339159869,58341336599715296255997469230977942456412351469447624645098110293822755987119,17844299963945865753556978175977048283527667030971488871107009726265147492416,92339455426497992527764828083353129240162541312856283586209097866972992126025,-26852166285251022023924855702452250890794869362020903334527501215579191667453,115792089237316195423570985008687907853269984665640564039457584007908834671663,33998118826782696271767358852375186783750189843408658941110987573150236138906,13407807929942597099574024998205846127479365820592393377723561443720769383374469661147847687812952081302854773939601805382211292725060150247698793015185569,none,False,False,False,False
double,38->2d,38,76,82592391416753704330480457266605199466589998476548643675167586509583694299127,96352244311289141626709213538144106127822954871227876742730890119647945927428,67990777350807742601404023085488753338978132210207570380931332031538910989091,85792528080009126161701413187313528408286619337671538805045464108358228475888,-14601614065945961729076434181116446127611866266341073294236254478044783310036,115792089237316195423570985008687907853269984665640564039457584007908834671663,-10559716231280015465007800350830577719536335533556337937685426011289717451540,13407807929942597099574024998205846127479365820592393377723561443720769383374469661147847687812952081302854773939601805382211292725060150247698793015185569,none,False,False,False,False
double,39->2d,39,78,58245954963044076335222193032419637688317373475605757277584156718458924469103,12764036181290433088658499435961200322530176588733628912045896254235383420282,20748939091719637471895272621629400096581453981910040513983032651039194532014,107007136602518391288517914008460549905372181058811316095661346454061774229193,-37497015871324438863326920410790237591735919493695716763601124067419729937089,115792089237316195423570985008687907853269984665640564039457584007908834671663,94243100421227958199859414572499349582842004470077687183615450199826390808911,13407807929942597099574024998205846127479365820592393377723561443720769383374469661147847687812952081302854773939601805382211292725060150247698793015185569,none,False,False,False,False
double,40->2d,40,80,65977930378964483966842705159007630837451149704819265634327747226133817150731,106574384264472205627876631445935175739834375489227447805380155393950263965849,105562457083132745572708143974180364633865373973280165462544121334166431725102,25628918875802021943667012249582785274069049593485836199662819559539854993207,39584526704168261605865438815172733796414224268460899828216374108032614574371,115792089237316195423570985008687907853269984665640564039457584007908834671663,-80945465388670183684209619196352390465765325895741611605717335834410408972642,13407807929942597099574024998205846127479365820592393377723561443720769383374469661147847687812952081302854773939601805382211292725060150247698793015185569,none,False,False,False,False
double,41->2d,41,82,55442706224332212356956949983947160877073898960448236395042968736464621521147,5905242281663190858892708265754696019921609450612128937011632221309721495543,102837171301428769333771264773335921346950557806327713809549280863721245858271,15164023296287171181043853434909470869363674779362801745003407514667801193163,47394465077096556976814314789388760469876658845879477414506312127256624337124,115792089237316195423570985008687907853269984665640564039457584007908834671663,9258781014623980322151145169154774849442065328750672807991775293358079697620,13407807929942597099574024998205846127479365820592393377723561443720769383374469661147847687812952081302854773939601805382211292725060150247698793015185569,none,False,False,False,False
double,42->2d,42,84,115136800820456833737994126771386015026287095034625623644186278108926690779567,3479535755779840016334846590594739014278212596066547564422106861430200972724,61401677321786128624431159032263749752468788015947186556533285933672418059129,65545782242346006913034221054137782170449115459338816031208854498684321262830,-53735123498670705113562967739122265273818307018678437087652992175254272720438,115792089237316195423570985008687907853269984665640564039457584007908834671663,62066246486566166896699374463543043156170902863272268466786747637254120290106,13407807929942597099574024998205846127479365820592393377723561443720769383374469661147847687812952081302854773939601805382211292725060150247698793015185569,none,False,False,False,False
double,43->2d,43,86,96414945312501980282409358461754977502747357521062737878469375231739675541449,108016644921439980219149763541432916357155273945921323318636524851968650287411,33238836385049624224277173107813446262790356254484721792146647050258190102188,68765426899485956695091900677198638765507724712483592192815717200004462122786,-63176108927452356058132185353941531239957001266578016086322728181481485439261,115792089237316195423570985008687907853269984665640564039457584007908834671663,-39251218021954023524057862864234277591647549233437731125820807651964188164625,13407807929942597099574024998205846127479365820592393377723561443720769383374469661147847687812952081302854773939601805382211292725060150247698793015185569,none,False,False,False,False
double,44->2d,44,88,42072772011086351294328511389423850314698152445154323541536957340534349973349,99133657745585934968186133288050721248258413615930917407282740640761199917928,76298145411769127142051742143984516410310388698796900364544497222460493284606,73411481198600422535897182689311125186386648944480927088108065877811504729128,34225373400682775847723230754560666095612236253642576823007539881926143311257,115792089237316195423570985008687907853269984665640564039457584007908834671663,-25722176546985512432288950598739596061871764671449990319174674762949695188800,13407807929942597099574024998205846127479365820592393377723561443720769383374469661147847687812952081302854773939601805382211292725060150247698793015185569,none,False,False,False,False
double,45->2d,45,90,2069755349039566255304036353648839232649715781170511813011535420394543798627,53173698995439924366951845531266805314230463309822098990695656330917108292762,106424249689785792809434743491778818298150289868329582003793750155851559913753,49930311026718593748365085023583718822918480166988780383065338740169345896747,104354494340746226554130707138129979065500574087159070190782214735457016115126,115792089237316195423570985008687907853269984665640564039457584007908834671663,-3243387968721330618586760507683086491311983142833318607630317590747762396015,13407807929942597099574024998205846127479365820592393377723561443720769383374469661147847687812952081302854773939601805382211292725060150247698793015185569,none,False,False,False,False
double,46->2d,46,92,112485767891133126222498548010271946438760990210983300801299715976951536768791,85739109496996784368776054024999276184984966609644199395125789597014054674947,100465062236661070713292652798360405767974933403943197785038031859530698082328,94188634306238076314961349736363811510818492108777651132739519725941790023149,-12020705654472055509205895211911540670786056807040103016261684117420838686463,115792089237316195423570985008687907853269984665640564039457584007908834671663,8449524809241291946185295711364535325833525499133451737613730128927735348202,13407807929942597099574024998205846127479365820592393377723561443720769383374469661147847687812952081302854773939601805382211292725060150247698793015185569,none,False,False,False,False
double,47->2d,47,94,54253141229701892740678441538472478126466317116121420289154985997987923385716,67647191893224491627918802490479062705030965032432110320079555712709270724822,60099623364316816814360901080340830187927628082720539824424530667494328140530,13168532797630625326505420165580249887582853122297745568490807466396307907166,5846482134614924073682459541868352061461310966599119535269544669506404754814,115792089237316195423570985008687907853269984665640564039457584007908834671663,-54478659095593866301413382324898812817448111910134364751588748246312962817656,13407807929942597099574024998205846127479365820592393377723561443720769383374469661147847687812952081302854773939601805382211292725060150247698793015185569,none,False,False,False,False
double,48->2d,48,96,50111670963408569345385204828013406423962206186815367070190059614189255189955,96344650049071302355595011727277439354119658646232861677212062449792674989672,28521334929257642662355968364187618978461680651983966049366919313167261413603,92001216339226101051709000074262638298012195154973025878101242482331580579919,-21590336034150926683029236463825787445500525534831401020823140301021993776352,115792089237316195423570985008687907853269984665640564039457584007908834671663,-4343433709845201303886011653014801056107463491259835799110819967461094409753,13407807929942597099574024998205846127479365820592393377723561443720769383374469661147847687812952081302854773939601805382211292725060150247698793015185569,none,False,False,False,False
double,49->2d,49,98,109846273198995465046214558810696509369395695668678477567979041624391316796720,101711840700253487202274292900077312932162220876743713596510869779955653950519,32260807620578486927060573094567194421889620277145625073289289981635159254452,90489276162980686059013225219161110475382237731883191038134170438145132642754,-77585465578416978119153985716129314947506075391532852494689751642756157542268,115792089237316195423570985008687907853269984665640564039457584007908834671663,-11222564537272801143261067680916202456779983144860522558376699341810521307765,13407807929942597099574024998205846127479365820592393377723561443720769383374469661147847687812952081302854773939601805382211292725060150247698793015185569,none,False,False,False,False
double,50->2d,50,100,18752372355191540835222161239240920883340654532661984440989362140194381601434,88478450163343634110113046083156231725329016889379853417393465962619872936244,107303582290733097924842193972465022053148211775194373671539518313500194639752,103795966108782717446806684023742168462365449272639790795591544606836007446638,88551209935541557089620032733224101169807557242532389230550156173305813038318,115792089237316195423570985008687907853269984665640564039457584007908834671663,15317515945439083336693637940585936737036432383259937378198078644216134510394,13407807929942597099574024998205846127479365820592393377723561443720769383374469661147847687812952081302854773939601805382211292725060150247698793015185569,none,False,False,False,False
double,51->2d,51,102,31766568681566786811585556083273569704981103744700868374944839455567139361883,42892316439533998508363691869839348703863091985464714880496520815537080971390,21841708194828928921666110851241958462886709384697305319615860361086400216190,113487651941779314094220983893393587394651167102082064827741952919143428386628,-9924860486737857889919445232031611242094394360003563055328979094480739145693,115792089237316195423570985008687907853269984665640564039457584007908834671663,70595335502245315585857292023554238690788075116617349947245432103606347415238,13407807929942597099574024998205846127479365820592393377723561443720769383374469661147847687812952081302854773939601805382211292725060150247698793015185569,none,False,False,False,False
double,52->2d,52,104,19511180689223863964676874168627421459323156917296991798297923962201555596949,57367979562017697409196531308288663269903370049256107839675184520239291074509,11083056710745658442716244053978689766248928868045541316920857988142616618716,73295948688289636522856678705391718926042994078803433438999783280726367302604,-8428123978478205521960630114648731693074228049251450481377065974058938978233,115792089237316195423570985008687907853269984665640564039457584007908834671663,15927969126271939113660147397103055656139624029547325599324598760487076228095,13407807929942597099574024998205846127479365820592393377723561443720769383374469661147847687812952081302854773939601805382211292725060150247698793015185569,none,False,False,False,False
double,53->2d,53,106,109204401742901676102938274178210524270147101032576152349016621748734496666183,93562928090829704595527535353598406140745506107437687143296992058804640357878,14373907026342837540790248859274986984173658260367602253381563663365555664677,81785417689942388173318251866511952071411678624370309798925652125755161605821,-94830494716558838562148025318935537285973442772208550095635058085368941001506,115792089237316195423570985008687907853269984665640564039457584007908834671663,-11777510400887316422209283487086454069333827483067377344371339933049478752057,13407807929942597099574024998205846127479365820592393377723561443720769383374469661147847687812952081302854773939601805382211292725060150247698793015185569,none,False,False,False,False
double,54->2d,54,108,36122698064134239917117034944532638029925389202648589133547978226819319812203,17027329777463400105144356958107372283640412543533161381521436991456009891579,57171719647679641348870527589448445187713379178559972218492971811710413619742,20384627872896850454765672663812599248828542672123482939352167575322079323145,21049021583545401431753492644915807157787989975911383084944993584891093807539,115792089237316195423570985008687907853269984665640564039457584007908834671663,3357298095433450349621315705705226965188130128590321557830730583866069431566,13407807929942597099574024998205846127479365820592393377723561443720769383374469661147847687812952081302854773939601805382211292725060150247698793015185569,none,False,False,False,False
double,55->2d,55,110,91804187441772561664481510830917750223077921964002572402238128845622951625169,91945440139593333380184788272080657792196709314822575974121657953469941695606,27014530906007957169531703425481274912103442539779119437726046076907210423569,70052204206988426097199854494650803460514936258189950471015657998938191627469,-64789656535764604494949807405436475310974479424223452964512082768715741201600,115792089237316195423570985008687907853269984665640564039457584007908834671663,-21893235932604907282984933777429854331681773056632625503105999954531750068137,13407807929942597099574024998205846127479365820592393377723561443720769383374469661147847687812952081302854773939601805382211292725060150247698793015185569,none,False,False,False,False
double,56->2d,56,112,85443494863408502680908561006538876660936831179320971186834465657383528300823,41574129741798670788318102088797945519763253166412892215513009393101328479924,85266034062537391250069302603695295958363496297733629154359044325623246713660,104008187123861977772044407350424193061842796463977286446819904307346548430832,-177460800871111430839258402843580702573334881587342032475421331760281587163,115792089237316195423570985008687907853269984665640564039457584007908834671663,62434057382063306983726305261626247542079543297564394231306894914245219950908,13407807929942597099574024998205846127479365820592393377723561443720769383374469661147847687812952081302854773939601805382211292725060150247698793015185569,none,False,False,False,False
double,57->2d,57,114,17189284425153064836001861279656763224636129289551722165462018837400972173600,29445779904272847763706160655321487704701247799275275841430067857695472241472,82912915632544328137725003247398238301133292886065754328746761508550033533621,45428548577043322980129453651062737965397557139722875099846570462824032485896,65723631207391263301723141967741475076497163596514032163284742671149061360021,115792089237316195423570985008687907853269984665640564039457584007908834671663,15982768672770475216423292995741250260696309340447599258416502605128560244424,13407807929942597099574024998205846127479365820592393377723561443720769383374469661147847687812952081302854773939601805382211292725060150247698793015185569,none,False,False,False,False
double,58->2d,58,116,31361859868524256934340493392748324439250961207479738197811398391136366390587,66949045302018276465653829790546454755295341269007016439257946146448951430658,114152903724621333860948567490368962046201128763751000060784744139047430517897,18179381626911943442892238595623401469111522068766957311520922177387435689861,82791043856097076926608074097620637606950167556271261862973345747911064127310,115792089237316195423570985008687907853269984665640564039457584007908834671663,-48769663675106333022761591194923053286183819200240059127737023969061515740797,13407807929942597099574024998205846127479365820592393377723561443720769383374469661147847687812952081302854773939601805382211292725060150247698793015185569,none,False,False,False,False
double,59->2d,59,118,53467956276192349861948221937171498503643177269204461230384245004177138836533,4119214727602775607932521128681884153131966461396859633231677764244527094881,75877098474662534417929450349056078294512972958195098726037530636752650087936,73465368254320768818737410323553632318291283168879707900928649380068364463054,22409142198470184555981228411884579790869795688990637495653285632575511251403,115792089237316195423570985008687907853269984665640564039457584007908834671663,69346153526717993210804889194871748165159316707482848267696971615823837368173,13407807929942597099574024998205846127479365820592393377723561443720769383374469661147847687812952081302854773939601805382211292725060150247698793015185569,none,False,False,False,False
double,60->2d,60,120,518559790775991926153431284348924991691752894319091408626305042091127390610,7754554211713140270585379622151031431183921268920287121212618482407411327399,100123071679209893182588265588059937212528901448156035976966973357987233384486,97120429522865428736604364081867499884484173130052754040658916206897719370828,99604511888433901256434834303711012220837148553836944568340668315896105993876,115792089237316195423570985008687907853269984665640564039457584007908834671663,89365875311152288466018984459716468453300251861132466919446297724490308043429,13407807929942597099574024998205846127479365820592393377723561443720769383374469661147847687812952081302854773939601805382211292725060150247698793015185569,none,False,False,False,False
double,61->2d,61,122,53058764004935428650100139287376587679652978405430403380587712871864611556376,2918800479109537269737873642942211407706668016660669097675760428828773803651,8867615028791025514053889708816324119300371263542482224594222618236029461047,270978666408934671010140251149040886335834074615197330399395361317583393906,-44191148976144403136046249578560263560352607141887921155993490253628582095329,115792089237316195423570985008687907853269984665640564039457584007908834671663,-2647821812700602598727733391793170521370833942045471767276365067511190409745,13407807929942597099574024998205846127479365820592393377723561443720769383374469661147847687812952081302854773939601805382211292725060150247698793015185569,none,False,False,False,False
double,62->2d,62,124,7470696802146976875048795875680307511987987110754117830917946933599684326041,35498370868222357101075189419100726924131867018781426271212491175192595798687,112646285902968154960007259049732142913051411320680941933393840099389647122915,46665699167462702249052103304923986648651527250540480428802282851073771668982,105175589100821178084958463174051835401063424209926824102475893165789962796874,115792089237316195423570985008687907853269984665640564039457584007908834671663,11167328299240345147976913885823259724519660231759054157589791675881175870295,13407807929942597099574024998205846127479365820592393377723561443720769383374469661147847687812952081302854773939601805382211292725060150247698793015185569,none,False,False,False,False
double,63->2d,63,126,103082696326686084252692006348842617458364360484939043050040089399696685644264,40612530833850030770560071666434436443194162318210174699750855405684277524469,49739765455947337879790908850139477504649012398313168454724745098982761739033,71531864240966930926898922546635941869813841859894270770914769905489190838066,-53342930870738746372901097498703139953715348086625874595315344300713923905231,115792089237316195423570985008687907853269984665640564039457584007908834671663,30919333407116900156338850880201505426619679541684096071163914499804913313597,13407807929942597099574024998205846127479365820592393377723561443720769383374469661147847687812952081302854773939601805382211292725060150247698793015185569,none,False,False,False,False
double,64->2d,64,128,86454928033100054822938644242727206101601557724291916072342392316125160730507,41929975541376036990359335647717381527212342035893043668288666074313354583455,23971227478092690611538379282579297124953800109492367109857348294863777014350,42342609885299334444880650568116455571250837701978463648617679521175848103706,-62483700555007364211400264960147908976647757614799548962485044021261383716157,115792089237316195423570985008687907853269984665640564039457584007908834671663,412634343923297454521314920399074044038495666085419980329013446862493520251,13407807929942597099574024998205846127479365820592393377723561443720769383374469661147847687812952081302854773939601805382211292725060150247698793015185569,none,False,False,False,False
double_add_+1,1->2d+1,1,3,55066263022277343669578718895168534326250603453777594175500187360389116729240,32670510020758816978083085130507043184471273380659243275938904335757337482424,112711660439710606056748659173929673102114977341539408544630613555209775888121,25583027980570883691656905877401976406448868254816295069919888960541586679410,57645397417433262387169940278761138775864373887761814369130426194820659158881,115792089237316195423570985008687907853269984665640564039457584007908834671663,-7087482040187933286426179253105066778022405125842948206019015375215750803014,13407807929942597099574024998205846127479365820592393377723561443720769383374469661147847687812952081302854773939601805382211292725060150247698793015185569,none,False,False,False,False
double_add_+1,2->2d+1,2,5,89565891926547004231252920425935692360644145829622209833684329913297188986597,12158399299693830322967808612713398636155367887041628176798871954788371653930,21505829891763648114329055987619236494102133314575206970830385799158076338148,98003708678762621233683240503080860129026887322874138805529884920309963580118,-68060062034783356116923864438316455866542012515047002862853944114139112648449,115792089237316195423570985008687907853269984665640564039457584007908834671663,85845309379068790910715431890367461492871519435832510628731012965521591926188,13407807929942597099574024998205846127479365820592393377723561443720769383374469661147847687812952081302854773939601805382211292725060150247698793015185569,none,False,False,False,False
double_add_+1,3->2d+1,3,7,112711660439710606056748659173929673102114977341539408544630613555209775888121,25583027980570883691656905877401976406448868254816295069919888960541586679410,41948375291644419605210209193538855353224492619856392092318293986323063962044,48361766907851246668144012348516735800090617714386977531302791340517493990618,-70763285148066186451538449980390817748890484721683016452312319568886711926077,115792089237316195423570985008687907853269984665640564039457584007908834671663,22778738927280362976487106471114759393641749459570682461382902379975907311208,13407807929942597099574024998205846127479365820592393377723561443720769383374469661147847687812952081302854773939601805382211292725060150247698793015185569,none,False,False,False,False
double_add_+1,4->2d+1,4,9,103388573995635080359749164254216598308788835304023601477803095234286494993683,37057141145242123013015316630864329550140216928701153669873286428255828810018,78173298682877769088723994436027545680738210601369041078747105985693655485630,92362876758821804597230797234617159328445543067760556585160674174871431781431,-25215275312757311271025169818189052628050624702654560399055989248592839508053,115792089237316195423570985008687907853269984665640564039457584007908834671663,55305735613579681584215480603752829778305326139059402915287387746615602971413,13407807929942597099574024998205846127479365820592393377723561443720769383374469661147847687812952081302854773939601805382211292725060150247698793015185569,none,False,False,False,False
double_add_+1,5->2d+1,5,11,21505829891763648114329055987619236494102133314575206970830385799158076338148,98003708678762621233683240503080860129026887322874138805529884920309963580118,53957576663012291606402345341061437133522758407718089353314528343643821967563,98386217607324929854432842186271083758341411730506808463586570492533445740059,32451746771248643492073289353442200639420625093142882382484142544485745629415,115792089237316195423570985008687907853269984665640564039457584007908834671663,382508928562308620749601683190223629314524407632669658056685572223482159941,13407807929942597099574024998205846127479365820592393377723561443720769383374469661147847687812952081302854773939601805382211292725060150247698793015185569,none,False,False,False,False
double_add_+1,6->2d+1,6,13,115780575977492633039504758427830329241728645270042306223540962614150928364886,78735063515800386211891312544505775871260717697865196436804966483607426560663,109699032664856045668214896063362497021339186688470416858630178803463338613416,4835088675770141268294878046681321747490758260515711581034896622314066275713,-6081543312636587371289862364467832220389458581571889364910783810687589751470,115792089237316195423570985008687907853269984665640564039457584007908834671663,-73899974840030244943596434497824454123769959437349484855770069861293360284950,13407807929942597099574024998205846127479365820592393377723561443720769383374469661147847687812952081302854773939601805382211292725060150247698793015185569,none,False,False,False,False
double_add_+1,7->2d+1,7,15,41948375291644419605210209193538855353224492619856392092318293986323063962044,48361766907851246668144012348516735800090617714386977531302791340517493990618,97505755694356382817881959832717013755620551362654128955029190924747025549326,39856815248295663243990443767776362321337592747889787217974905533720651000664,55557380402711963212671750639178158402396058742797736862710896938423961587282,115792089237316195423570985008687907853269984665640564039457584007908834671663,-8504951659555583424153568580740373478753024966497190313327885806796842989954,13407807929942597099574024998205846127479365820592393377723561443720769383374469661147847687812952081302854773939601805382211292725060150247698793015185569,none,False,False,False,False
double_add_+1,8->2d+1,8,17,21262057306151627953595685090280431278183829487175876377991189246716355947009,41749993296225487051377864631615517161996906063147759678534462689479575333124,100862081773581120499222301212791081193994281440454033593790618293887747050036,29883864782608871580821802176208615141762369223249393426421538275393411672951,79600024467429492545626616122510649915810451953278157215799429047171391103027,115792089237316195423570985008687907853269984665640564039457584007908834671663,-11866128513616615470556062455406902020234536839898366252112924414086163660173,13407807929942597099574024998205846127479365820592393377723561443720769383374469661147847687812952081302854773939601805382211292725060150247698793015185569,none,False,False,False,False
double_add_+1,9->2d+1,9,19,78173298682877769088723994436027545680738210601369041078747105985693655485630,92362876758821804597230797234617159328445543067760556585160674174871431781431,19588375357829479297593261744848590434972900972071148260168833594658324503404,60568592333449737531184420002591396163903580402725242236305558432410218044282,-58584923325048289791130732691178955245765309629297892818578272391035330982226,115792089237316195423570985008687907853269984665640564039457584007908834671663,-31794284425372067066046377232025763164541962665035314348855115742461213737149,13407807929942597099574024998205846127479365820592393377723561443720769383374469661147847687812952081302854773939601805382211292725060150247698793015185569,none,False,False,False,False
double_add_+1,10->2d+1,10,21,72488970228380509287422715226575535698893157273063074627791787432852706183111,62070622898698443831883535403436258712770888294397026493185421712108624767191,24049875635381557237058143631624836741422505207761609709712554171343558302165,22669890352939653242079781319904043788036611953081321775127194249638113810828,-48439094592998952050364571594950698957470652065301464918079233261509147880946,115792089237316195423570985008687907853269984665640564039457584007908834671663,-39400732545758790589803754083532214924734276341315704718058227462470510956363,13407807929942597099574024998205846127479365820592393377723561443720769383374469661147847687812952081302854773939601805382211292725060150247698793015185569,none,False,False,False,False
double_add_+1,11->2d+1,11,23,53957576663012291606402345341061437133522758407718089353314528343643821967563,98386217607324929854432842186271083758341411730506808463586570492533445740059,21545045623056848826483343441081830815719530893582365358444562918095175994431,1296978981679745807043951140304019026881137717020402959957988455650813508967,-32412531039955442779919001899979606317803227514135723994869965425548645973132,115792089237316195423570985008687907853269984665640564039457584007908834671663,-97089238625645184047388891045967064731460274013486405503628582036882632231092,13407807929942597099574024998205846127479365820592393377723561443720769383374469661147847687812952081302854773939601805382211292725060150247698793015185569,none,False,False,False,False
double_add_+1,12->2d+1,12,25,94111259592240215275188773285036844871058226277992966241101117022315524122714,76870767327212528811304566602812752860184934880685532702451763239157141742375,66165162229742397718677620062386824252848999675912518712054484685772795754260,52018513869565587577673992057861898728543589604141463438466108080111932355586,-27946097362497817556511153222650020618209226602080447529046632336542728368454,115792089237316195423570985008687907853269984665640564039457584007908834671663,-24852253457646941233630574544950854131641345276544069263985655159045209386789,13407807929942597099574024998205846127479365820592393377723561443720769383374469661147847687812952081302854773939601805382211292725060150247698793015185569,none,False,False,False,False
double_add_+1,13->2d+1,13,27,109699032664856045668214896063362497021339186688470416858630178803463338613416,4835088675770141268294878046681321747490758260515711581034896622314066275713,99023490166718961467148584643029653267652245207820783364668071358307234645801,75362751621984629832705305750958516370071248757681753180287377123479199292501,-10675542498137084201066311420332843753686941480649633493962107445156103967615,115792089237316195423570985008687907853269984665640564039457584007908834671663,70527662946214488564410427704277194622580490497166041599252480501165133016788,13407807929942597099574024998205846127479365820592393377723561443720769383374469661147847687812952081302854773939601805382211292725060150247698793015185569,none,False,False,False,False
double_add_+1,14->2d+1,14,29,33301309993451753050311554695703528430361259803437469669590207169100761277412,91711666877231500617203373035680263572492971120307578300405368749466283229019,88789495143442116025801984763830218317601484092281216301053684219001740388315,14971629676138079947354454610178388572791590863859394042797260533911845233794,55488185149990362975490430068126689887240224288843746631463477049900979110903,115792089237316195423570985008687907853269984665640564039457584007908834671663,-76740037201093420669848918425501874999701380256448184257608108215554437995225,13407807929942597099574024998205846127479365820592393377723561443720769383374469661147847687812952081302854773939601805382211292725060150247698793015185569,none,False,False,False,False
double_add_+1,15->2d+1,15,31,97505755694356382817881959832717013755620551362654128955029190924747025549326,39856815248295663243990443767776362321337592747889787217974905533720651000664,48009403158434809478298710137233764200988036438868259456275038304221065242292,101379581344212856035375194820281365028426536613141130008386086305632315345538,-49496352535921573339583249695483249554632514923785869498754152620525960307034,115792089237316195423570985008687907853269984665640564039457584007908834671663,61522766095917192791384751052505002707088943865251342790411180771911664344874,13407807929942597099574024998205846127479365820592393377723561443720769383374469661147847687812952081302854773939601805382211292725060150247698793015185569,none,False,False,False,False
double_add_+1,16->2d+1,16,33,104059883622109321374094289636044428849728529177856482232626205340719788190730,112122903140080327253741791678230372394936108416576609264408917599318947489825,10219441022991940610048493520113102240595005085840974180672104038719657072293,84023467742492607926612431243360899514584580916128500081114886405247779677078,-93840442599117380764045796115931326609133524092015508051954101302000131118437,115792089237316195423570985008687907853269984665640564039457584007908834671663,-28099435397587719327129360434869472880351527500448109183294031194071167812747,13407807929942597099574024998205846127479365820592393377723561443720769383374469661147847687812952081302854773939601805382211292725060150247698793015185569,none,False,False,False,False
double_add_+1,17->2d+1,17,35,100862081773581120499222301212791081193994281440454033593790618293887747050036,29883864782608871580821802176208615141762369223249393426421538275393411672951,43584328072464330665967763306297595761508151294385275883849271528835646125177,1171731419844835688478928898148416329180259014376715189840427072871218252873,-57277753701116789833254537906493485432486130146068757709941346765052100924859,115792089237316195423570985008687907853269984665640564039457584007908834671663,-28712133362764035892342873278060198812582110208872678236581111202522193420078,13407807929942597099574024998205846127479365820592393377723561443720769383374469661147847687812952081302854773939601805382211292725060150247698793015185569,none,False,False,False,False
double_add_+1,18->2d+1,18,37,38901272619685732968285380035171577070479117282397203902622597987558769928140,87393127487643849618870152207476122589010570440825041333620493866032028851544,44696466249196887777481833878429299174322536392992392205634510941844339159869,58341336599715296255997469230977942456412351469447624645098110293822755987119,5795193629511154809196453843257722103843419110595188303011912954285569231729,115792089237316195423570985008687907853269984665640564039457584007908834671663,-29051790887928553362872682976498180132598218971377416688522383572209272864425,13407807929942597099574024998205846127479365820592393377723561443720769383374469661147847687812952081302854773939601805382211292725060150247698793015185569,none,False,False,False,False
double_add_+1,19->2d+1,19,39,19588375357829479297593261744848590434972900972071148260168833594658324503404,60568592333449737531184420002591396163903580402725242236305558432410218044282,58245954963044076335222193032419637688317373475605757277584156718458924469103,12764036181290433088658499435961200322530176588733628912045896254235383420282,38657579605214597037628931287571047253344472503534609017415323123800599965699,115792089237316195423570985008687907853269984665640564039457584007908834671663,-47804556152159304442525920566630195841373403813991613324259662178174834624000,13407807929942597099574024998205846127479365820592393377723561443720769383374469661147847687812952081302854773939601805382211292725060150247698793015185569,none,False,False,False,False
double_add_+1,20->2d+1,20,41,34773495056115281091786765947597603724784643419904767525769502836017890139287,8470533044743364938367028725608288731153024648869546164814808839694950063162,55442706224332212356956949983947160877073898960448236395042968736464621521147,5905242281663190858892708265754696019921609450612128937011632221309721495543,20669211168216931265170184036349557152289255540543468869273465900446731381860,115792089237316195423570985008687907853269984665640564039457584007908834671663,-2565290763080174079474320459853592711231415198257417227803176618385228567619,13407807929942597099574024998205846127479365820592393377723561443720769383374469661147847687812952081302854773939601805382211292725060150247698793015185569,none,False,False,False,False
double_add_+1,21->2d+1,21,43,24049875635381557237058143631624836741422505207761609709712554171343558302165,22669890352939653242079781319904043788036611953081321775127194249638113810828,96414945312501980282409358461754977502747357521062737878469375231739675541449,108016644921439980219149763541432916357155273945921323318636524851968650287411,72365069677120423045351214830130140761324852313301128168756821060396117239284,115792089237316195423570985008687907853269984665640564039457584007908834671663,85346754568500326977069982221528872569118661992840001543509330602330536476583,13407807929942597099574024998205846127479365820592393377723561443720769383374469661147847687812952081302854773939601805382211292725060150247698793015185569,none,False,False,False,False
double_add_+1,22->2d+1,22,45,29908081367423272746086114569421970207888665320998202915346633185016778189308,19705544727792599099830884487151299095417296550955739824847212341657057716097,2069755349039566255304036353648839232649715781170511813011535420394543798627,53173698995439924366951845531266805314230463309822098990695656330917108292762,-27838326018383706490782078215773130975238949539827691102335097764622234390681,115792089237316195423570985008687907853269984665640564039457584007908834671663,33468154267647325267120961044115506218813166758866359165848443989260050576665,13407807929942597099574024998205846127479365820592393377723561443720769383374469661147847687812952081302854773939601805382211292725060150247698793015185569,none,False,False,False,False
double_add_+1,23->2d+1,23,47,21545045623056848826483343441081830815719530893582365358444562918095175994431,1296978981679745807043951140304019026881137717020402959957988455650813508967,54253141229701892740678441538472478126466317116121420289154985997987923385716,67647191893224491627918802490479062705030965032432110320079555712709270724822,32708095606645043914195098097390647310746786222539054930710423079892747391285,115792089237316195423570985008687907853269984665640564039457584007908834671663,66350212911544745820874851350175043678149827315411707360121567257058457215855,13407807929942597099574024998205846127479365820592393377723561443720769383374469661147847687812952081302854773939601805382211292725060150247698793015185569,none,False,False,False,False
double_add_+1,24->2d+1,24,49,115090238283566018960826468250608273126387416636633736439689841211757211870926,47185183227829754668635270747409548752084785367264057948864458978444304762303,109846273198995465046214558810696509369395695668678477567979041624391316796720,101711840700253487202274292900077312932162220876743713596510869779955653950519,-5243965084570553914611909439911763756991720967955258871710799587365895074206,115792089237316195423570985008687907853269984665640564039457584007908834671663,54526657472423732533639022152667764180077435509479655647646410801511349188216,13407807929942597099574024998205846127479365820592393377723561443720769383374469661147847687812952081302854773939601805382211292725060150247698793015185569,none,False,False,False,False
double_add_+1,25->2d+1,25,51,66165162229742397718677620062386824252848999675912518712054484685772795754260,52018513869565587577673992057861898728543589604141463438466108080111932355586,31766568681566786811585556083273569704981103744700868374944839455567139361883,42892316439533998508363691869839348703863091985464714880496520815537080971390,-34398593548175610907092063979113254547867895931211650337109645230205656392377,115792089237316195423570985008687907853269984665640564039457584007908834671663,-9126197430031589069310300188022550024680497618676748557969587264574851384196,13407807929942597099574024998205846127479365820592393377723561443720769383374469661147847687812952081302854773939601805382211292725060150247698793015185569,none,False,False,False,False
double_add_+1,26->2d+1,26,53,46375854666189782329411331467438732923135312366454677774518044107217916677258,28872066516664221627799718496556756366588329842312456769228220433104069963108,109204401742901676102938274178210524270147101032576152349016621748734496666183,93562928090829704595527535353598406140745506107437687143296992058804640357878,62828547076711893773526942710771791347011788666121474574498577641516579988925,115792089237316195423570985008687907853269984665640564039457584007908834671663,64690861574165482967727816857041649774157176265125230374068771625700570394770,13407807929942597099574024998205846127479365820592393377723561443720769383374469661147847687812952081302854773939601805382211292725060150247698793015185569,none,False,False,False,False
double_add_+1,27->2d+1,27,55,99023490166718961467148584643029653267652245207820783364668071358307234645801,75362751621984629832705305750958516370071248757681753180287377123479199292501,91804187441772561664481510830917750223077921964002572402238128845622951625169,91945440139593333380184788272080657792196709314822575974121657953469941695606,-7219302724946399802667073812111903044574323243818210962429942512684283020632,115792089237316195423570985008687907853269984665640564039457584007908834671663,16582688517608703547479482521122141422125460557140822793834280829990742403105,13407807929942597099574024998205846127479365820592393377723561443720769383374469661147847687812952081302854773939601805382211292725060150247698793015185569,none,False,False,False,False
double_add_+1,28->2d+1,28,57,38862517885349586199469132990077977525522399615397327331631717567532241615208,56796032415390392137148811074183321813766115156763923072036584114852967736264,17189284425153064836001861279656763224636129289551722165462018837400972173600,29445779904272847763706160655321487704701247799275275841430067857695472241472,-21673233460196521363467271710421214300886270325845605166169698730131269441608,115792089237316195423570985008687907853269984665640564039457584007908834671663,-27350252511117544373442650418861834109064867357488647230606516257157495494792,13407807929942597099574024998205846127479365820592393377723561443720769383374469661147847687812952081302854773939601805382211292725060150247698793015185569,none,False,False,False,False
double_add_+1,29->2d+1,29,59,88789495143442116025801984763830218317601484092281216301053684219001740388315,14971629676138079947354454610178388572791590863859394042797260533911845233794,53467956276192349861948221937171498503643177269204461230384245004177138836533,4119214727602775607932521128681884153131966461396859633231677764244527094881,-35321538867249766163853762826658719813958306823076755070669439214824601551782,115792089237316195423570985008687907853269984665640564039457584007908834671663,-10852414948535304339421933481496504419659624402462534409565582769667318138913,13407807929942597099574024998205846127479365820592393377723561443720769383374469661147847687812952081302854773939601805382211292725060150247698793015185569,none,False,False,False,False
double_add_+1,30->2d+1,30,61,49378132684229722274313556995573891527709373183446262831552359577455015004672,78123232289538034746933569305416412888858560602643272431489024958214987548923,53058764004935428650100139287376587679652978405430403380587712871864611556376,2918800479109537269737873642942211407706668016660669097675760428828773803651,3680631320705706375786582291802696151943605221984140549035353294409596551704,115792089237316195423570985008687907853269984665640564039457584007908834671663,-75204431810428497477195695662474201481151892585982603333813264529386213745272,13407807929942597099574024998205846127479365820592393377723561443720769383374469661147847687812952081302854773939601805382211292725060150247698793015185569,none,False,False,False,False
double_add_+1,31->2d+1,31,63,48009403158434809478298710137233764200988036438868259456275038304221065242292,101379581344212856035375194820281365028426536613141130008386086305632315345538,103082696326686084252692006348842617458364360484939043050040089399696685644264,40612530833850030770560071666434436443194162318210174699750855405684277524469,55073293168251274774393296211608853257376324046070783593765051095475620401972,115792089237316195423570985008687907853269984665640564039457584007908834671663,-60767050510362825264815123153846928585232374294930955308635230899948037821069,13407807929942597099574024998205846127479365820592393377723561443720769383374469661147847687812952081302854773939601805382211292725060150247698793015185569,none,False,False,False,False
double_add_+1,32->2d+1,32,65,95440839670107969455973995843666399663662641812074432045896568980475242364517,67400892360194400039319989411395972789004161889863182881857158544061243615929,11045059572793568563399009827450521654436229950346969273826455203229685425899,26950030226550877209429637342197821712469081306958210747276495411981785794699,-84395780097314400892574986016215878009226411861727462772070113777245556938618,115792089237316195423570985008687907853269984665640564039457584007908834671663,-40450862133643522829890352069198151076535080582904972134580663132079457821230,13407807929942597099574024998205846127479365820592393377723561443720769383374469661147847687812952081302854773939601805382211292725060150247698793015185569,none,False,False,False,False
double_add_+1,33->2d+1,33,67,10219441022991940610048493520113102240595005085840974180672104038719657072293,84023467742492607926612431243360899514584580916128500081114886405247779677078,101143937713719082963090668683011527973146442333401502687785111310791413372479,38862116509156141457510692564259449296113038651200971193676748814312797774871,90924496690727142353042175162898425732551437247560528507113007272071756300186,115792089237316195423570985008687907853269984665640564039457584007908834671663,-45161351233336466469101738679101450218471542264927528887438137590934981902207,13407807929942597099574024998205846127479365820592393377723561443720769383374469661147847687812952081302854773939601805382211292725060150247698793015185569,none,False,False,False,False
double_add_+1,34->2d+1,34,69,12619776604307790469550660645393525758448419897555601226868753617320214526993,86272100689574882152938150858861318820088413186167100601966648021512258522745,42908521165389054147656703915977693567694617347068492019141574585392160469315,108411282694261654019124559002505901449633459510310773275932971604470807505000,30288744561081263678106043270584167809246197449512890792272820968071945942322,115792089237316195423570985008687907853269984665640564039457584007908834671663,22139182004686771866186408143644582629545046324143672673966323582958548982255,13407807929942597099574024998205846127479365820592393377723561443720769383374469661147847687812952081302854773939601805382211292725060150247698793015185569,none,False,False,False,False
double_add_+1,35->2d+1,35,71,43584328072464330665967763306297595761508151294385275883849271528835646125177,1171731419844835688478928898148416329180259014376715189840427072871218252873,18558249036237948424307693058273877802345585340121675077454343655866234916794,102925297616426326316829909679718431975894466554508612202063072243624669625978,-25026079036226382241660070248023717959162565954263600806394927872969411208383,115792089237316195423570985008687907853269984665640564039457584007908834671663,101753566196581490628350980781570015646714207540131897012222645170753451373105,13407807929942597099574024998205846127479365820592393377723561443720769383374469661147847687812952081302854773939601805382211292725060150247698793015185569,none,False,False,False,False
double_add_+1,36->2d+1,36,73,101419098787597942766661010883841213675986572091206578880178916574081925093625,53748097764673089702489673031527129553025318704228137363806494938199580582828,79261216420675310801454986871094078214179215048846508873397145435821838777157,112870164830798121167268857427192869563479593708946619428596289634189538482630,-22157882366922631965206024012747135461807357042360070006781771138260086316468,115792089237316195423570985008687907853269984665640564039457584007908834671663,59122067066125031464779184395665740010454275004718482064789794695989957899802,13407807929942597099574024998205846127479365820592393377723561443720769383374469661147847687812952081302854773939601805382211292725060150247698793015185569,none,False,False,False,False
double_add_+1,37->2d+1,37,75,44696466249196887777481833878429299174322536392992392205634510941844339159869,58341336599715296255997469230977942456412351469447624645098110293822755987119,53566794082043239731631458522702919010529639281102255921088692156396552332442,52600923530647757045878761903221944743155065681530260944723915263453709490582,8870327832846351954149624644273619836207102888109863715454181214552213172573,115792089237316195423570985008687907853269984665640564039457584007908834671663,-5740413069067539210118707327755997713257285787917363700374195030369046496537,13407807929942597099574024998205846127479365820592393377723561443720769383374469661147847687812952081302854773939601805382211292725060150247698793015185569,none,False,False,False,False
double_add_+1,38->2d+1,38,77,82592391416753704330480457266605199466589998476548643675167586509583694299127,96352244311289141626709213538144106127822954871227876742730890119647945927428,40644470064564665175584579054027955840271219296244836168773903573899753995838,89198703056127888476103653459098745055229124294272713714806438613549071761262,-41947921352189039154895878212577243626318779180303807506393682935683940303289,115792089237316195423570985008687907853269984665640564039457584007908834671663,-7153541255161253150605560079045361072593830576955163027924451506098874166166,13407807929942597099574024998205846127479365820592393377723561443720769383374469661147847687812952081302854773939601805382211292725060150247698793015185569,none,False,False,False,False
double_add_+1,39->2d+1,39,79,58245954963044076335222193032419637688317373475605757277584156718458924469103,12764036181290433088658499435961200322530176588733628912045896254235383420282,109111382237769790097646325753800985432696951592160583206768965440742916720568,101869497968125946738442255681207126574780898195001593990841056036912564106045,50865427274725713762424132721381347744379578116554825929184808722283992251465,115792089237316195423570985008687907853269984665640564039457584007908834671663,89105461786835513649783756245245926252250721606267965078795159782677180685763,13407807929942597099574024998205846127479365820592393377723561443720769383374469661147847687812952081302854773939601805382211292725060150247698793015185569,none,False,False,False,False
double_add_+1,40->2d+1,40,81,65977930378964483966842705159007630837451149704819265634327747226133817150731,106574384264472205627876631445935175739834375489227447805380155393950263965849,53974893190710647917392856271326699739646766314291179501052839205294496567852,22123123627253076826349264475542573056506312214169115841604592410105799074722,-12003037188253836049449848887680931097804383390528086133274908020839320582879,115792089237316195423570985008687907853269984665640564039457584007908834671663,-84451260637219128801527366970392602683328063275058331963775562983844464891127,13407807929942597099574024998205846127479365820592393377723561443720769383374469661147847687812952081302854773939601805382211292725060150247698793015185569,none,False,False,False,False
double_add_+1,41->2d+1,41,83,55442706224332212356956949983947160877073898960448236395042968736464621521147,5905242281663190858892708265754696019921609450612128937011632221309721495543,67192827200719728671013143999224641878827088629569520859649981708262221161753,103384655191190246127885605668210506147248415550730308407050901448849831220606,11750120976387516314056194015277481001753189669121284464607012971797599640606,115792089237316195423570985008687907853269984665640564039457584007908834671663,97479412909527055268992897402455810127326806100118179470039269227540109725063,13407807929942597099574024998205846127479365820592393377723561443720769383374469661147847687812952081302854773939601805382211292725060150247698793015185569,none,False,False,False,False
double_add_+1,42->2d+1,42,85,115136800820456833737994126771386015026287095034625623644186278108926690779567,3479535755779840016334846590594739014278212596066547564422106861430200972724,54903456146219450286355757115060875348400970025202805483700188422117596624811,7257110762626116538834930806768650551131081767862086604424125342895754982455,-60233344674237383451638369656325139677886125009422818160486089686809094154756,115792089237316195423570985008687907853269984665640564039457584007908834671663,3777575006846276522500084216173911536852869171795539040002018481465554009731,13407807929942597099574024998205846127479365820592393377723561443720769383374469661147847687812952081302854773939601805382211292725060150247698793015185569,none,False,False,False,False
double_add_+1,43->2d+1,43,87,96414945312501980282409358461754977502747357521062737878469375231739675541449,108016644921439980219149763541432916357155273945921323318636524851968650287411,24007976370911127292608057090268039794368741649196644859589589701956893165514,108122176419818886633859099635006568033852272535729709179944422224910380249873,-72406968941590852989801301371486937708378615871866093018879785529782782375935,115792089237316195423570985008687907853269984665640564039457584007908834671663,105531498378906414709336093573651676696998589808385861307897372941729962462,13407807929942597099574024998205846127479365820592393377723561443720769383374469661147847687812952081302854773939601805382211292725060150247698793015185569,none,False,False,False,False
double_add_+1,44->2d+1,44,89,42072772011086351294328511389423850314698152445154323541536957340534349973349,99133657745585934968186133288050721248258413615930917407282740640761199917928,95798783811477552110532139218095995588261607922943497599304995669953488256687,62969615922034445131819050050848042428434876063790599311067024316063183397028,53726011800391200816203627828672145273563455477789174057768038329419138283338,115792089237316195423570985008687907853269984665640564039457584007908834671663,-36164041823551489836367083237202678819823537552140318096215716324698016520900,13407807929942597099574024998205846127479365820592393377723561443720769383374469661147847687812952081302854773939601805382211292725060150247698793015185569,none,False,False,False,False
double_add_+1,45->2d+1,45,91,2069755349039566255304036353648839232649715781170511813011535420394543798627,53173698995439924366951845531266805314230463309822098990695656330917108292762,10015981868058348984327315527227986149044397160813174099363811020333633533456,47219187787383500334941697973860741060370165858155730325633999467122388338037,7946226519018782729023279173579146916394681379642662286352275599939089734829,115792089237316195423570985008687907853269984665640564039457584007908834671663,-5954511208056424032010147557406064253860297451666368665061656863794719954725,13407807929942597099574024998205846127479365820592393377723561443720769383374469661147847687812952081302854773939601805382211292725060150247698793015185569,none,False,False,False,False
double_add_+1,46->2d+1,46,93,112485767891133126222498548010271946438760990210983300801299715976951536768791,85739109496996784368776054024999276184984966609644199395125789597014054674947,52123589984427115055350294688910839421572550614785792489607179155035488918740,110935648994881791085672996607117404349410644183587602534412205839211144014365,-60362177906706011167148253321361107017188439596197508311692536821916047850051,115792089237316195423570985008687907853269984665640564039457584007908834671663,25196539497885006716896942582118128164425677573943403139286416242197089339418,13407807929942597099574024998205846127479365820592393377723561443720769383374469661147847687812952081302854773939601805382211292725060150247698793015185569,none,False,False,False,False
double_add_+1,47->2d+1,47,95,54253141229701892740678441538472478126466317116121420289154985997987923385716,67647191893224491627918802490479062705030965032432110320079555712709270724822,9882445446243370679019973441389370914782298169440461435976781902375353582684,96538225645603539151345674925865127760117360282144134748082597779357475014413,-44370695783458522061658468097083107211684018946680958853178204095612569803032,115792089237316195423570985008687907853269984665640564039457584007908834671663,28891033752379047523426872435386065055086395249712024428003042066648204289591,13407807929942597099574024998205846127479365820592393377723561443720769383374469661147847687812952081302854773939601805382211292725060150247698793015185569,none,False,False,False,False
double_add_+1,48->2d+1,48,97,50111670963408569345385204828013406423962206186815367070190059614189255189955,96344650049071302355595011727277439354119658646232861677212062449792674989672,73191618600684934363477573887062328895873581780579362909629019010919633615168,107578895931616695567160590117601145860790445681836575682502992073140827825705,23079947637276365018092369059048922471911375593763995839438959396730378425213,115792089237316195423570985008687907853269984665640564039457584007908834671663,11234245882545393211565578390323706506670787035603714005290929623348152836033,13407807929942597099574024998205846127479365820592393377723561443720769383374469661147847687812952081302854773939601805382211292725060150247698793015185569,none,False,False,False,False
double_add_+1,49->2d+1,49,99,109846273198995465046214558810696509369395695668678477567979041624391316796720,101711840700253487202274292900077312932162220876743713596510869779955653950519,102307057510119735131891022126563080960391958005135852855745919500808248060288,4758751832773844050529323980822146180231708918603439844720489409288611158534,-7539215688875729914323536684133428409003737663542624712233122123583068736432,115792089237316195423570985008687907853269984665640564039457584007908834671663,-96953088867479643151744968919255166751930511958140273751790380370667042791985,13407807929942597099574024998205846127479365820592393377723561443720769383374469661147847687812952081302854773939601805382211292725060150247698793015185569,none,False,False,False,False
double_add_+1,50->2d+1,50,101,18752372355191540835222161239240920883340654532661984440989362140194381601434,88478450163343634110113046083156231725329016889379853417393465962619872936244,22192605861032339923219300220952640740143957092649363892436849832160947841459,46523550145918266838590957012521308010601656596758343153930544136769822884724,3440233505840799087997138981711719856803302559987379451447487691966566240025,115792089237316195423570985008687907853269984665640564039457584007908834671663,-41954900017425367271522089070634923714727360292621510263462921825850050051520,13407807929942597099574024998205846127479365820592393377723561443720769383374469661147847687812952081302854773939601805382211292725060150247698793015185569,none,False,False,False,False
double_add_+1,51->2d+1,51,103,31766568681566786811585556083273569704981103744700868374944839455567139361883,42892316439533998508363691869839348703863091985464714880496520815537080971390,23863015881719216153051207260816138099927482493539250656531368598936158919647,4186147428965581719261549093321561779791482494625560151183589172097408281582,-7903552799847570658534348822457431605053621251161617718413470856630980442236,115792089237316195423570985008687907853269984665640564039457584007908834671663,-38706169010568416789102142776517786924071609490839154729312931643439672689808,13407807929942597099574024998205846127479365820592393377723561443720769383374469661147847687812952081302854773939601805382211292725060150247698793015185569,none,False,False,False,False
double_add_+1,52->2d+1,52,105,19511180689223863964676874168627421459323156917296991798297923962201555596949,57367979562017697409196531308288663269903370049256107839675184520239291074509,109505498060993265589267516557028234335074575762343151902387717331321322442083,34703259824710120586099512839167510148099278997938800873450731840992711239377,89994317371769401624590642388400812875751418845046160104089793369119766845134,115792089237316195423570985008687907853269984665640564039457584007908834671663,-22664719737307576823097018469121153121804091051317306966224452679246579835132,13407807929942597099574024998205846127479365820592393377723561443720769383374469661147847687812952081302854773939601805382211292725060150247698793015185569,none,False,False,False,False
double_add_+1,53->2d+1,53,107,109204401742901676102938274178210524270147101032576152349016621748734496666183,93562928090829704595527535353598406140745506107437687143296992058804640357878,97573163324582665367447127690214795536159248412174285990449644020553366942792,113289505690612447053339725371588416733632595634688575080315168267493236300091,-11631238418319010735491146487995728733987852620401866358566977728181129723391,115792089237316195423570985008687907853269984665640564039457584007908834671663,19726577599782742457812190017990010592887089527250887937018176208688595942213,13407807929942597099574024998205846127479365820592393377723561443720769383374469661147847687812952081302854773939601805382211292725060150247698793015185569,none,False,False,False,False
double_add_+1,54->2d+1,54,109,36122698064134239917117034944532638029925389202648589133547978226819319812203,17027329777463400105144356958107372283640412543533161381521436991456009891579,22988641330376138291556463519387137775168751717144469933681756424377754723519,43054880981465441319990816631611930439085360624934399797394257936366286280289,-13134056733758101625560571425145500254756637485504119199866221802441565088684,115792089237316195423570985008687907853269984665640564039457584007908834671663,26027551204002041214846459673504558155444948081401238415872820944910276388710,13407807929942597099574024998205846127479365820592393377723561443720769383374469661147847687812952081302854773939601805382211292725060150247698793015185569,none,False,False,False,False
double_add_+1,55->2d+1,55,111,91804187441772561664481510830917750223077921964002572402238128845622951625169,91945440139593333380184788272080657792196709314822575974121657953469941695606,52641354787079659835760017335606513692779259671592999628953750318451309889461,64568943818380334826688611802596472118277221273089442952338325742929836584950,-39162832654692901828721493495311236530298662292409572773284378527171641735708,115792089237316195423570985008687907853269984665640564039457584007908834671663,-27376496321212998553496176469484185673919488041733133021783332210540105110656,13407807929942597099574024998205846127479365820592393377723561443720769383374469661147847687812952081302854773939601805382211292725060150247698793015185569,none,False,False,False,False
double_add_+1,56->2d+1,56,113,85443494863408502680908561006538876660936831179320971186834465657383528300823,41574129741798670788318102088797945519763253166412892215513009393101328479924,107663894668589988416485732804907196067323549228812138412798187263568142054102,64119329745161208050770810592499096484002065820040768955395483699057524509726,22220399805181485735577171798368319406386718049491167225963721606184613753279,115792089237316195423570985008687907853269984665640564039457584007908834671663,22545200003362537262452708503701150964238812653627876739882474305956196029802,13407807929942597099574024998205846127479365820592393377723561443720769383374469661147847687812952081302854773939601805382211292725060150247698793015185569,none,False,False,False,False
double_add_+1,57->2d+1,57,115,17189284425153064836001861279656763224636129289551722165462018837400972173600,29445779904272847763706160655321487704701247799275275841430067857695472241472,10368879287274847063683326775245528892741533064032799844366072780982279055029,42641425814606490851272551281672045263853946447473496814652144068027627890509,-6820405137878217772318534504411234331894596225518922321095946056418693118571,115792089237316195423570985008687907853269984665640564039457584007908834671663,13195645910333643087566390626350557559152698648198220973222076210332155649037,13407807929942597099574024998205846127479365820592393377723561443720769383374469661147847687812952081302854773939601805382211292725060150247698793015185569,none,False,False,False,False
double_add_+1,58->2d+1,58,117,31361859868524256934340493392748324439250961207479738197811398391136366390587,66949045302018276465653829790546454755295341269007016439257946146448951430658,106134458340345658891368879553264730672951336951557149795602277080076735987097,111437454760900401415457100214588370191818201503160573158882948552237860521948,74772598471821401957028386160516406233700375744077411597790878688940369596510,115792089237316195423570985008687907853269984665640564039457584007908834671663,44488409458882124949803270424041915436522860234153556719625002405788909091290,13407807929942597099574024998205846127479365820592393377723561443720769383374469661147847687812952081302854773939601805382211292725060150247698793015185569,none,False,False,False,False
double_add_+1,59->2d+1,59,119,53467956276192349861948221937171498503643177269204461230384245004177138836533,4119214727602775607932521128681884153131966461396859633231677764244527094881,3414570185207774988195907254638111010663682235814498718978778746795753512785,110308138054162063872434202072244781559310362415331225986456498158446496177588,-50053386090984574873752314682533387492979495033389962511405466257381385323748,115792089237316195423570985008687907853269984665640564039457584007908834671663,106188923326559288264501680943562897406178395953934366353224820394201969082707,13407807929942597099574024998205846127479365820592393377723561443720769383374469661147847687812952081302854773939601805382211292725060150247698793015185569,none,False,False,False,False
double_add_+1,60->2d+1,60,121,518559790775991926153431284348924991691752894319091408626305042091127390610,7754554211713140270585379622151031431183921268920287121212618482407411327399,33158942591319202694013880364699812464227945537966885412147324692873653802917,29916548433595920274169576651554938867030867506507533063627691297992682067500,32640382800543210767860449080350887472536192643647794003521019650782526412307,115792089237316195423570985008687907853269984665640564039457584007908834671663,22161994221882780003584197029403907435846946237587245942415072815585270740101,13407807929942597099574024998205846127479365820592393377723561443720769383374469661147847687812952081302854773939601805382211292725060150247698793015185569,none,False,False,False,False
double_add_+1,61->2d+1,61,123,53058764004935428650100139287376587679652978405430403380587712871864611556376,2918800479109537269737873642942211407706668016660669097675760428828773803651,74901340345789065325870760596348306623878342739272826068162779513906431781301,14607169553442007236852410049041684566594265431374316230317606814245957553771,21842576340853636675770621308971718944225364333842422687575066642041820224925,115792089237316195423570985008687907853269984665640564039457584007908834671663,11688369074332469967114536406099473158887597414713647132641846385417183750120,13407807929942597099574024998205846127479365820592393377723561443720769383374469661147847687812952081302854773939601805382211292725060150247698793015185569,none,False,False,False,False
double_add_+1,62->2d+1,62,125,7470696802146976875048795875680307511987987110754117830917946933599684326041,35498370868222357101075189419100726924131867018781426271212491175192595798687,88697642802751524418503359630328367758668035510641882938485860024669701757335,2235526159614022905352095433317649097888860456206003419057354640784531036435,81226946000604547543454563754648060246680048399887765107567913091070017431294,115792089237316195423570985008687907853269984665640564039457584007908834671663,-33262844708608334195723093985783077826243006562575422852155136534408064762252,13407807929942597099574024998205846127479365820592393377723561443720769383374469661147847687812952081302854773939601805382211292725060150247698793015185569,none,False,False,False,False
double_add_+1,63->2d+1,63,127,103082696326686084252692006348842617458364360484939043050040089399696685644264,40612530833850030770560071666434436443194162318210174699750855405684277524469,59757199831985803063258861155590945323274916778537213861841761251128847378561,3265850877202437352564708587060002316627909249385655507505588671348225171796,-43325496494700281189433145193251672135089443706401829188198328148567838265703,115792089237316195423570985008687907853269984665640564039457584007908834671663,-37346679956647593417995363079374434126566253068824519192245266734336052352673,13407807929942597099574024998205846127479365820592393377723561443720769383374469661147847687812952081302854773939601805382211292725060150247698793015185569,none,False,False,False,False
double_add_+1,64->2d+1,64,129,86454928033100054822938644242727206101601557724291916072342392316125160730507,41929975541376036990359335647717381527212342035893043668288666074313354583455,42781960159024299958163639356878453190501432691827926213851649420102986506453,26209845635735715128050436215405957538148584136159453271268754283021438363749,-43672967874075754864775004885848752911100125032463989858490742896022174224054,115792089237316195423570985008687907853269984665640564039457584007908834671663,-15720129905640321862308899432311423989063757899733590397019911791291916219706,13407807929942597099574024998205846127479365820592393377723561443720769383374469661147847687812952081302854773939601805382211292725060150247698793015185569,none,False,False,False,False
negation,1->-d,1,115792089237316195423570985008687907852837564279074904382605163141518161494336,55066263022277343669578718895168534326250603453777594175500187360389116729240,32670510020758816978083085130507043184471273380659243275938904335757337482424,55066263022277343669578718895168534326250603453777594175500187360389116729240,83121579216557378445487899878180864668798711284981320763518679672151497189239,0,1,50451069195798561467404814747673821484327437904322077487579775336394159706815,13407807929942597099574024998205846127479365820592393377723561443720769383374469661147847687812952081302854773939601805382211292725060150247698793015185569,negation_canonical_layers,True,False,True,False
negation,2->-d,2,115792089237316195423570985008687907852837564279074904382605163141518161494335,89565891926547004231252920425935692360644145829622209833684329913297188986597,12158399299693830322967808612713398636155367887041628176798871954788371653930,89565891926547004231252920425935692360644145829622209833684329913297188986597,103633689937622365100603176395974509217114616778598935862658712053120463017733,0,1,91475290637928534777635367783261110580959248891557307685859840098332091363803,13407807929942597099574024998205846127479365820592393377723561443720769383374469661147847687812952081302854773939601805382211292725060150247698793015185569,negation_canonical_layers,True,False,True,False
negation,3->-d,3,115792089237316195423570985008687907852837564279074904382605163141518161494334,112711660439710606056748659173929673102114977341539408544630613555209775888121,25583027980570883691656905877401976406448868254816295069919888960541586679410,112711660439710606056748659173929673102114977341539408544630613555209775888121,90209061256745311731914079131285931446821116410824268969537695047367247992253,0,1,64626033276174428040257173253883955040372248156007973899617806086825661312843,13407807929942597099574024998205846127479365820592393377723561443720769383374469661147847687812952081302854773939601805382211292725060150247698793015185569,negation_canonical_layers,True,False,True,False
negation,4->-d,4,115792089237316195423570985008687907852837564279074904382605163141518161494333,103388573995635080359749164254216598308788835304023601477803095234286494993683,37057141145242123013015316630864329550140216928701153669873286428255828810018,103388573995635080359749164254216598308788835304023601477803095234286494993683,78734948092074072410555668377823578303129767736939410369584297579653005861645,0,1,41677806946831949397540351746959248752989550808238256699711011151397177051627,13407807929942597099574024998205846127479365820592393377723561443720769383374469661147847687812952081302854773939601805382211292725060150247698793015185569,negation_canonical_layers,True,False,True,False
negation,5->-d,5,115792089237316195423570985008687907852837564279074904382605163141518161494332,21505829891763648114329055987619236494102133314575206970830385799158076338148,98003708678762621233683240503080860129026887322874138805529884920309963580118,21505829891763648114329055987619236494102133314575206970830385799158076338148,17788380558553574189887744505607047724243097342766425233927699087598871091545,0,1,-80215328120209047043795495997473812404783789980107713571602185832711092488573,13407807929942597099574024998205846127479365820592393377723561443720769383374469661147847687812952081302854773939601805382211292725060150247698793015185569,negation_canonical_layers,True,False,True,False
negation,6->-d,6,115792089237316195423570985008687907852837564279074904382605163141518161494331,115780575977492633039504758427830329241728645270042306223540962614150928364886,78735063515800386211891312544505775871260717697865196436804966483607426560663,115780575977492633039504758427830329241728645270042306223540962614150928364886,37057025721515809211679672464182131982009266967775367602652617524301408111000,0,1,-41678037794284577000211640080323643889251450730089828834152348959306018449663,13407807929942597099574024998205846127479365820592393377723561443720769383374469661147847687812952081302854773939601805382211292725060150247698793015185569,negation_canonical_layers,True,False,True,False
negation,7->-d,7,115792089237316195423570985008687907852837564279074904382605163141518161494330,41948375291644419605210209193538855353224492619856392092318293986323063962044,48361766907851246668144012348516735800090617714386977531302791340517493990618,41948375291644419605210209193538855353224492619856392092318293986323063962044,67430322329464948755426972660171172053179366951253586508154792667391340681045,0,1,19068555421613702087282960311654436253088749236866608976852001326873846690427,13407807929942597099574024998205846127479365820592393377723561443720769383374469661147847687812952081302854773939601805382211292725060150247698793015185569,negation_canonical_layers,True,False,True,False
negation,8->-d,8,115792089237316195423570985008687907852837564279074904382605163141518161494329,21262057306151627953595685090280431278183829487175876377991189246716355947009,41749993296225487051377864631615517161996906063147759678534462689479575333124,21262057306151627953595685090280431278183829487175876377991189246716355947009,74042095941090708372193120377072390691273078602492804360923121318429259338539,0,1,32292102644865221320815255745456873529276172539345044682388658628949684005415,13407807929942597099574024998205846127479365820592393377723561443720769383374469661147847687812952081302854773939601805382211292725060150247698793015185569,negation_canonical_layers,True,False,True,False
negation,9->-d,9,115792089237316195423570985008687907852837564279074904382605163141518161494328,78173298682877769088723994436027545680738210601369041078747105985693655485630,92362876758821804597230797234617159328445543067760556585160674174871431781431,78173298682877769088723994436027545680738210601369041078747105985693655485630,23429212478494390826340187774070748524824441597880007454296909833037402890232,0,1,-68933664280327413770890609460546410803621101469880549130863764341834028891199,13407807929942597099574024998205846127479365820592393377723561443720769383374469661147847687812952081302854773939601805382211292725060150247698793015185569,negation_canonical_layers,True,False,True,False
negation,10->-d,10,115792089237316195423570985008687907852837564279074904382605163141518161494327,72488970228380509287422715226575535698893157273063074627791787432852706183111,62070622898698443831883535403436258712770888294397026493185421712108624767191,72488970228380509287422715226575535698893157273063074627791787432852706183111,53721466338617751591687449605251649140499096371243537546272162295800209904472,0,1,-8349156560080692240196085798184609572271791923153488946913259416308414862719,13407807929942597099574024998205846127479365820592393377723561443720769383374469661147847687812952081302854773939601805382211292725060150247698793015185569,negation_canonical_layers,True,False,True,False
negation,11->-d,11,115792089237316195423570985008687907852837564279074904382605163141518161494326,53957576663012291606402345341061437133522758407718089353314528343643821967563,98386217607324929854432842186271083758341411730506808463586570492533445740059,53957576663012291606402345341061437133522758407718089353314528343643821967563,17405871629991265569138142822416824094928572935133755575871013515375388931604,0,1,-80980345977333664285294699363854259663412838795373052887715556977158056808455,13407807929942597099574024998205846127479365820592393377723561443720769383374469661147847687812952081302854773939601805382211292725060150247698793015185569,negation_canonical_layers,True,False,True,False
negation,12->-d,12,115792089237316195423570985008687907852837564279074904382605163141518161494325,94111259592240215275188773285036844871058226277992966241101117022315524122714,76870767327212528811304566602812752860184934880685532702451763239157141742375,94111259592240215275188773285036844871058226277992966241101117022315524122714,38921321910103666612266418405875154993085049784955031337005820768751692929288,0,1,-37949445417108862199038148196937597867099885095730501365445942470405448813087,13407807929942597099574024998205846127479365820592393377723561443720769383374469661147847687812952081302854773939601805382211292725060150247698793015185569,negation_canonical_layers,True,False,True,False
negation,13->-d,13,115792089237316195423570985008687907852837564279074904382605163141518161494324,109699032664856045668214896063362497021339186688470416858630178803463338613416,4835088675770141268294878046681321747490758260515711581034896622314066275713,109699032664856045668214896063362497021339186688470416858630178803463338613416,110957000561546054155276106962006586105779226405124852458422687385594768395950,0,1,106121911885775912886981228915325264358288468144609140877387790763280702120237,13407807929942597099574024998205846127479365820592393377723561443720769383374469661147847687812952081302854773939601805382211292725060150247698793015185569,negation_canonical_layers,True,False,True,False
negation,14->-d,14,115792089237316195423570985008687907852837564279074904382605163141518161494323,33301309993451753050311554695703528430361259803437469669590207169100761277412,91711666877231500617203373035680263572492971120307578300405368749466283229019,33301309993451753050311554695703528430361259803437469669590207169100761277412,24080422360084694806367611973007644280777013545332985739052215258442551442644,0,1,-67631244517146805810835761062672619291715957574974592561353153491023731786375,13407807929942597099574024998205846127479365820592393377723561443720769383374469661147847687812952081302854773939601805382211292725060150247698793015185569,negation_canonical_layers,True,False,True,False
negation,15->-d,15,115792089237316195423570985008687907852837564279074904382605163141518161494322,97505755694356382817881959832717013755620551362654128955029190924747025549326,39856815248295663243990443767776362321337592747889787217974905533720651000664,97505755694356382817881959832717013755620551362654128955029190924747025549326,75935273989020532179580541240911545531932391917750776821482678474188183670999,0,1,36078458740724868935590097473135183210594799169860989603507772940467532670335,13407807929942597099574024998205846127479365820592393377723561443720769383374469661147847687812952081302854773939601805382211292725060150247698793015185569,negation_canonical_layers,True,False,True,False
negation,16->-d,16,115792089237316195423570985008687907852837564279074904382605163141518161494321,104059883622109321374094289636044428849728529177856482232626205340719788190730,112122903140080327253741791678230372394936108416576609264408917599318947489825,104059883622109321374094289636044428849728529177856482232626205340719788190730,3669186097235868169829193330457535458333876249063954775048666408589887181838,0,1,-108453717042844459083912598347772836936602232167512654489360251190729060307987,13407807929942597099574024998205846127479365820592393377723561443720769383374469661147847687812952081302854773939601805382211292725060150247698793015185569,negation_canonical_layers,True,False,True,False
negation,17->-d,17,115792089237316195423570985008687907852837564279074904382605163141518161494320,100862081773581120499222301212791081193994281440454033593790618293887747050036,29883864782608871580821802176208615141762369223249393426421538275393411672951,100862081773581120499222301212791081193994281440454033593790618293887747050036,85908224454707323842749182832479292711507615442391170613036045732515422998712,0,1,56024359672098452261927380656270677569745246219141777186614507457122011325761,13407807929942597099574024998205846127479365820592393377723561443720769383374469661147847687812952081302854773939601805382211292725060150247698793015185569,negation_canonical_layers,True,False,True,False
negation,18->-d,18,115792089237316195423570985008687907852837564279074904382605163141518161494319,38901272619685732968285380035171577070479117282397203902622597987558769928140,87393127487643849618870152207476122589010570440825041333620493866032028851544,38901272619685732968285380035171577070479117282397203902622597987558769928140,28398961749672345804700832801211785264259414224815522705837090141876805820119,0,1,-58994165737971503814169319406264337324751156216009518627783403724155223031425,13407807929942597099574024998205846127479365820592393377723561443720769383374469661147847687812952081302854773939601805382211292725060150247698793015185569,negation_canonical_layers,True,False,True,False
negation,19->-d,19,115792089237316195423570985008687907852837564279074904382605163141518161494318,19588375357829479297593261744848590434972900972071148260168833594658324503404,60568592333449737531184420002591396163903580402725242236305558432410218044282,19588375357829479297593261744848590434972900972071148260168833594658324503404,55223496903866457892386565006096511689366404262915321803152025575498616627381,0,1,-5345095429583279638797854996494884474537176139809920433153532856911601416901,13407807929942597099574024998205846127479365820592393377723561443720769383374469661147847687812952081302854773939601805382211292725060150247698793015185569,negation_canonical_layers,True,False,True,False
negation,20->-d,20,115792089237316195423570985008687907852837564279074904382605163141518161494317,34773495056115281091786765947597603724784643419904767525769502836017890139287,8470533044743364938367028725608288731153024648869546164814808839694950063162,34773495056115281091786765947597603724784643419904767525769502836017890139287,107321556192572830485203956283079619122116960016771017874642775168213884608501,0,1,98851023147829465546836927557471330390963935367901471709827966328518934545339,13407807929942597099574024998205846127479365820592393377723561443720769383374469661147847687812952081302854773939601805382211292725060150247698793015185569,negation_canonical_layers,True,False,True,False
negation,21->-d,21,115792089237316195423570985008687907852837564279074904382605163141518161494316,24049875635381557237058143631624836741422505207761609709712554171343558302165,22669890352939653242079781319904043788036611953081321775127194249638113810828,24049875635381557237058143631624836741422505207761609709712554171343558302165,93122198884376542181491203688783864065233372712559242264330389758270720860835,0,1,70452308531436888939411422368879820277196760759477920489203195508632607050007,13407807929942597099574024998205846127479365820592393377723561443720769383374469661147847687812952081302854773939601805382211292725060150247698793015185569,negation_canonical_layers,True,False,True,False
negation,22->-d,22,115792089237316195423570985008687907852837564279074904382605163141518161494315,29908081367423272746086114569421970207888665320998202915346633185016778189308,19705544727792599099830884487151299095417296550955739824847212341657057716097,29908081367423272746086114569421970207888665320998202915346633185016778189308,96086544509523596323740100521536608757852688114684824214610371666251776955566,0,1,76380999781730997223909216034385309662435391563729084389763159324594719239469,13407807929942597099574024998205846127479365820592393377723561443720769383374469661147847687812952081302854773939601805382211292725060150247698793015185569,negation_canonical_layers,True,False,True,False
negation,23->-d,23,115792089237316195423570985008687907852837564279074904382605163141518161494314,21545045623056848826483343441081830815719530893582365358444562918095175994431,1296978981679745807043951140304019026881137717020402959957988455650813508967,21545045623056848826483343441081830815719530893582365358444562918095175994431,114495110255636449616527033868383888826388846948620161079499595552258021162696,0,1,113198131273956703809483082728079869799507709231599758119541607096607207653729,13407807929942597099574024998205846127479365820592393377723561443720769383374469661147847687812952081302854773939601805382211292725060150247698793015185569,negation_canonical_layers,True,False,True,False
negation,24->-d,24,115792089237316195423570985008687907852837564279074904382605163141518161494313,115090238283566018960826468250608273126387416636633736439689841211757211870926,47185183227829754668635270747409548752084785367264057948864458978444304762303,115090238283566018960826468250608273126387416636633736439689841211757211870926,68606906009486440754935714261278359101185199298376506090593125029464529909360,0,1,21421722781656686086300443513868810349100413931112448141728666051020225147057,13407807929942597099574024998205846127479365820592393377723561443720769383374469661147847687812952081302854773939601805382211292725060150247698793015185569,negation_canonical_layers,True,False,True,False
negation,25->-d,25,115792089237316195423570985008687907852837564279074904382605163141518161494312,66165162229742397718677620062386824252848999675912518712054484685772795754260,52018513869565587577673992057861898728543589604141463438466108080111932355586,66165162229742397718677620062386824252848999675912518712054484685772795754260,63773575367750607845896992950826009124726395061499100600991475927796902316077,0,1,11755061498185020268223000892964110396182805457357637162525367847684969960491,13407807929942597099574024998205846127479365820592393377723561443720769383374469661147847687812952081302854773939601805382211292725060150247698793015185569,negation_canonical_layers,True,False,True,False
negation,26->-d,26,115792089237316195423570985008687907852837564279074904382605163141518161494311,46375854666189782329411331467438732923135312366454677774518044107217916677258,28872066516664221627799718496556756366588329842312456769228220433104069963108,46375854666189782329411331467438732923135312366454677774518044107217916677258,86920022720651973795771266512131151486681654823328107270229363574804764708555,0,1,58047956203987752167971548015574395120093324981015650501001143141700694745447,13407807929942597099574024998205846127479365820592393377723561443720769383374469661147847687812952081302854773939601805382211292725060150247698793015185569,negation_canonical_layers,True,False,True,False
negation,27->-d,27,115792089237316195423570985008687907852837564279074904382605163141518161494310,99023490166718961467148584643029653267652245207820783364668071358307234645801,75362751621984629832705305750958516370071248757681753180287377123479199292501,99023490166718961467148584643029653267652245207820783364668071358307234645801,40429337615331565590865679257729391483198735907958810859170206884429635379162,0,1,-34933414006653064241839626493229124886872512849722942321117170239049563913339,13407807929942597099574024998205846127479365820592393377723561443720769383374469661147847687812952081302854773939601805382211292725060150247698793015185569,negation_canonical_layers,True,False,True,False
negation,28->-d,28,115792089237316195423570985008687907852837564279074904382605163141518161494309,38862517885349586199469132990077977525522399615397327331631717567532241615208,56796032415390392137148811074183321813766115156763923072036584114852967736264,38862517885349586199469132990077977525522399615397327331631717567532241615208,58996056821925803286422173934504586039503869508876640967420999893055866935399,0,1,2200024406535411149273362860321264225737754352112717895384415778202899199135,13407807929942597099574024998205846127479365820592393377723561443720769383374469661147847687812952081302854773939601805382211292725060150247698793015185569,negation_canonical_layers,True,False,True,False
negation,29->-d,29,115792089237316195423570985008687907852837564279074904382605163141518161494308,88789495143442116025801984763830218317601484092281216301053684219001740388315,14971629676138079947354454610178388572791590863859394042797260533911845233794,88789495143442116025801984763830218317601484092281216301053684219001740388315,100820459561178115476216530398509519280478393801781169996660323473996989437869,0,1,85848829885040035528862075788331130707686802937921775953863062940085144204075,13407807929942597099574024998205846127479365820592393377723561443720769383374469661147847687812952081302854773939601805382211292725060150247698793015185569,negation_canonical_layers,True,False,True,False
negation,30->-d,30,115792089237316195423570985008687907852837564279074904382605163141518161494307,49378132684229722274313556995573891527709373183446262831552359577455015004672,78123232289538034746933569305416412888858560602643272431489024958214987548923,49378132684229722274313556995573891527709373183446262831552359577455015004672,37668856947778160676637415703271494964411424062997291607968559049693847122740,0,1,-40454375341759874070296153602144917924447136539645980823520465908521140426183,13407807929942597099574024998205846127479365820592393377723561443720769383374469661147847687812952081302854773939601805382211292725060150247698793015185569,negation_canonical_layers,True,False,True,False
negation,31->-d,31,115792089237316195423570985008687907852837564279074904382605163141518161494306,48009403158434809478298710137233764200988036438868259456275038304221065242292,101379581344212856035375194820281365028426536613141130008386086305632315345538,48009403158434809478298710137233764200988036438868259456275038304221065242292,14412507893103339388195790188406542824843448052499434031071497702276519326125,0,1,-86967073451109516647179404631874822203583088560641695977314588603355796019413,13407807929942597099574024998205846127479365820592393377723561443720769383374469661147847687812952081302854773939601805382211292725060150247698793015185569,negation_canonical_layers,True,False,True,False
negation,32->-d,32,115792089237316195423570985008687907852837564279074904382605163141518161494305,95440839670107969455973995843666399663662641812074432045896568980475242364517,67400892360194400039319989411395972789004161889863182881857158544061243615929,95440839670107969455973995843666399663662641812074432045896568980475242364517,48391196877121795384250995597291935064265822775777381157600425463847591055734,0,1,-19009695483072604655068993814104037724738339114085801724256733080213652560195,13407807929942597099574024998205846127479365820592393377723561443720769383374469661147847687812952081302854773939601805382211292725060150247698793015185569,negation_canonical_layers,True,False,True,False
negation,33->-d,33,115792089237316195423570985008687907852837564279074904382605163141518161494304,10219441022991940610048493520113102240595005085840974180672104038719657072293,84023467742492607926612431243360899514584580916128500081114886405247779677078,10219441022991940610048493520113102240595005085840974180672104038719657072293,31768621494823587496958553765327008338685403749512063958342697602661054994585,0,1,-52254846247669020429653877478033891175899177166616436122772188802586724682493,13407807929942597099574024998205846127479365820592393377723561443720769383374469661147847687812952081302854773939601805382211292725060150247698793015185569,negation_canonical_layers,True,False,True,False
negation,34->-d,34,115792089237316195423570985008687907852837564279074904382605163141518161494303,12619776604307790469550660645393525758448419897555601226868753617320214526993,86272100689574882152938150858861318820088413186167100601966648021512258522745,12619776604307790469550660645393525758448419897555601226868753617320214526993,29519988547741313270632834149826589033181571479473463437490935986396576148918,0,1,-56752112141833568882305316709034729786906841706693637164475712035115682373827,13407807929942597099574024998205846127479365820592393377723561443720769383374469661147847687812952081302854773939601805382211292725060150247698793015185569,negation_canonical_layers,True,False,True,False
negation,35->-d,35,115792089237316195423570985008687907852837564279074904382605163141518161494302,43584328072464330665967763306297595761508151294385275883849271528835646125177,1171731419844835688478928898148416329180259014376715189840427072871218252873,43584328072464330665967763306297595761508151294385275883849271528835646125177,114620357817471359735092056110539491524089725651263848849617156935037616418790,0,1,113448626397626524046613127212391075194909466636887133659776729862166398165917,13407807929942597099574024998205846127479365820592393377723561443720769383374469661147847687812952081302854773939601805382211292725060150247698793015185569,negation_canonical_layers,True,False,True,False
negation,36->-d,36,115792089237316195423570985008687907852837564279074904382605163141518161494301,101419098787597942766661010883841213675986572091206578880178916574081925093625,53748097764673089702489673031527129553025318704228137363806494938199580582828,101419098787597942766661010883841213675986572091206578880178916574081925093625,62043991472643105721081311977160778300244665961412426675651089069709254088835,0,1,8295893707970016018591638945633648747219347257184289311844594131509673506007,13407807929942597099574024998205846127479365820592393377723561443720769383374469661147847687812952081302854773939601805382211292725060150247698793015185569,negation_canonical_layers,True,False,True,False
negation,37->-d,37,115792089237316195423570985008687907852837564279074904382605163141518161494300,44696466249196887777481833878429299174322536392992392205634510941844339159869,58341336599715296255997469230977942456412351469447624645098110293822755987119,44696466249196887777481833878429299174322536392992392205634510941844339159869,57450752637600899167573515777709965396857633196192939394359473714086078684544,0,1,-890583962114397088423953453267977059554718273254685250738636579736677302575,13407807929942597099574024998205846127479365820592393377723561443720769383374469661147847687812952081302854773939601805382211292725060150247698793015185569,negation_canonical_layers,True,False,True,False
negation,38->-d,38,115792089237316195423570985008687907852837564279074904382605163141518161494299,82592391416753704330480457266605199466589998476548643675167586509583694299127,96352244311289141626709213538144106127822954871227876742730890119647945927428,82592391416753704330480457266605199466589998476548643675167586509583694299127,19439844926027053796861771470543801725447029794412687296726693888260888744235,0,1,-76912399385262087829847442067600304402375925076815189446004196231387057183193,13407807929942597099574024998205846127479365820592393377723561443720769383374469661147847687812952081302854773939601805382211292725060150247698793015185569,negation_canonical_layers,True,False,True,False
negation,39->-d,39,115792089237316195423570985008687907852837564279074904382605163141518161494298,58245954963044076335222193032419637688317373475605757277584156718458924469103,12764036181290433088658499435961200322530176588733628912045896254235383420282,58245954963044076335222193032419637688317373475605757277584156718458924469103,103028053056025762334912485572726707530739808076906935127411687753673451251381,0,1,90264016874735329246253986136765507208209631488173306215365791499438067831099,13407807929942597099574024998205846127479365820592393377723561443720769383374469661147847687812952081302854773939601805382211292725060150247698793015185569,negation_canonical_layers,True,False,True,False
negation,40->-d,40,115792089237316195423570985008687907852837564279074904382605163141518161494297,65977930378964483966842705159007630837451149704819265634327747226133817150731,106574384264472205627876631445935175739834375489227447805380155393950263965849,65977930378964483966842705159007630837451149704819265634327747226133817150731,9217704972843989795694353562752732113435609176413116234077428613958570705814,0,1,-97356679291628215832182277883182443626398766312814331571302726779991693260035,13407807929942597099574024998205846127479365820592393377723561443720769383374469661147847687812952081302854773939601805382211292725060150247698793015185569,negation_canonical_layers,True,False,True,False
negation,41->-d,41,115792089237316195423570985008687907852837564279074904382605163141518161494296,55442706224332212356956949983947160877073898960448236395042968736464621521147,5905242281663190858892708265754696019921609450612128937011632221309721495543,55442706224332212356956949983947160877073898960448236395042968736464621521147,109886846955653004564678276742933211833348375215028435102445951786599113176120,0,1,103981604673989813705785568477178515813426765764416306165434319565289391680577,13407807929942597099574024998205846127479365820592393377723561443720769383374469661147847687812952081302854773939601805382211292725060150247698793015185569,negation_canonical_layers,True,False,True,False
negation,42->-d,42,115792089237316195423570985008687907852837564279074904382605163141518161494295,115136800820456833737994126771386015026287095034625623644186278108926690779567,3479535755779840016334846590594739014278212596066547564422106861430200972724,115136800820456833737994126771386015026287095034625623644186278108926690779567,112312553481536355407236138418093168838991772069574016475035477146478633698939,0,1,108833017725756515390901291827498429824713559473507468910613370285048432726215,13407807929942597099574024998205846127479365820592393377723561443720769383374469661147847687812952081302854773939601805382211292725060150247698793015185569,negation_canonical_layers,True,False,True,False
negation,43->-d,43,115792089237316195423570985008687907852837564279074904382605163141518161494294,96414945312501980282409358461754977502747357521062737878469375231739675541449,108016644921439980219149763541432916357155273945921323318636524851968650287411,96414945312501980282409358461754977502747357521062737878469375231739675541449,7775444315876215204421221467254991496114710719719240720821059155940184384252,0,1,-100241200605563765014728542074177924861040563226202082597815465696028465903159,13407807929942597099574024998205846127479365820592393377723561443720769383374469661147847687812952081302854773939601805382211292725060150247698793015185569,negation_canonical_layers,True,False,True,False
negation,44->-d,44,115792089237316195423570985008687907852837564279074904382605163141518161494293,42072772011086351294328511389423850314698152445154323541536957340534349973349,99133657745585934968186133288050721248258413615930917407282740640761199917928,42072772011086351294328511389423850314698152445154323541536957340534349973349,16658431491730260455384851720637186605011571049709646632174843367147634753735,0,1,-82475226253855674512801281567413534643246842566221270775107897273613565164193,13407807929942597099574024998205846127479365820592393377723561443720769383374469661147847687812952081302854773939601805382211292725060150247698793015185569,negation_canonical_layers,True,False,True,False
negation,45->-d,45,115792089237316195423570985008687907852837564279074904382605163141518161494292,2069755349039566255304036353648839232649715781170511813011535420394543798627,53173698995439924366951845531266805314230463309822098990695656330917108292762,2069755349039566255304036353648839232649715781170511813011535420394543798627,62618390241876271056619139477421102539039521355818465048761927676991726378901,0,1,9444691246436346689667293946154297224809058045996366058066271346074618086139,13407807929942597099574024998205846127479365820592393377723561443720769383374469661147847687812952081302854773939601805382211292725060150247698793015185569,negation_canonical_layers,True,False,True,False
negation,46->-d,46,115792089237316195423570985008687907852837564279074904382605163141518161494291,112485767891133126222498548010271946438760990210983300801299715976951536768791,85739109496996784368776054024999276184984966609644199395125789597014054674947,112485767891133126222498548010271946438760990210983300801299715976951536768791,30052979740319411054794930983688631668285018055996364644331794410894779996716,0,1,-55686129756677373313981123041310644516699948553647834750793995186119274678231,13407807929942597099574024998205846127479365820592393377723561443720769383374469661147847687812952081302854773939601805382211292725060150247698793015185569,negation_canonical_layers,True,False,True,False
negation,47->-d,47,115792089237316195423570985008687907852837564279074904382605163141518161494290,54253141229701892740678441538472478126466317116121420289154985997987923385716,67647191893224491627918802490479062705030965032432110320079555712709270724822,54253141229701892740678441538472478126466317116121420289154985997987923385716,48144897344091703795652182518208845148239019633208453719378028295199563946841,0,1,-19502294549132787832266619972270217556791945399223656600701527417509706777981,13407807929942597099574024998205846127479365820592393377723561443720769383374469661147847687812952081302854773939601805382211292725060150247698793015185569,negation_canonical_layers,True,False,True,False
negation,48->-d,48,115792089237316195423570985008687907852837564279074904382605163141518161494289,50111670963408569345385204828013406423962206186815367070190059614189255189955,96344650049071302355595011727277439354119658646232861677212062449792674989672,50111670963408569345385204828013406423962206186815367070190059614189255189955,19447439188244893067975973281410468499150326019407702362245521558116159681991,0,1,-76897210860826409287619038445866970854969332626825159314966540891676515307681,13407807929942597099574024998205846127479365820592393377723561443720769383374469661147847687812952081302854773939601805382211292725060150247698793015185569,negation_canonical_layers,True,False,True,False
negation,49->-d,49,115792089237316195423570985008687907852837564279074904382605163141518161494288,109846273198995465046214558810696509369395695668678477567979041624391316796720,101711840700253487202274292900077312932162220876743713596510869779955653950519,109846273198995465046214558810696509369395695668678477567979041624391316796720,14080248537062708221296692108610594921107763788896850442946714227953180721144,0,1,-87631592163190778980977600791466718011054457087846863153564155552002473229375,13407807929942597099574024998205846127479365820592393377723561443720769383374469661147847687812952081302854773939601805382211292725060150247698793015185569,negation_canonical_layers,True,False,True,False
negation,50->-d,50,115792089237316195423570985008687907852837564279074904382605163141518161494287,18752372355191540835222161239240920883340654532661984440989362140194381601434,88478450163343634110113046083156231725329016889379853417393465962619872936244,18752372355191540835222161239240920883340654532661984440989362140194381601434,27313639073972561313457938925531676127940967776260710622064118045288961735419,0,1,-61164811089371072796655107157624555597388049113119142795329347917330911200825,13407807929942597099574024998205846127479365820592393377723561443720769383374469661147847687812952081302854773939601805382211292725060150247698793015185569,negation_canonical_layers,True,False,True,False
negation,51->-d,51,115792089237316195423570985008687907852837564279074904382605163141518161494286,31766568681566786811585556083273569704981103744700868374944839455567139361883,42892316439533998508363691869839348703863091985464714880496520815537080971390,31766568681566786811585556083273569704981103744700868374944839455567139361883,72899772797782196915207293138848559149406892680175849158961063192371753700273,0,1,30007456358248198406843601269009210445543800694711134278464542376834672728883,13407807929942597099574024998205846127479365820592393377723561443720769383374469661147847687812952081302854773939601805382211292725060150247698793015185569,negation_canonical_layers,True,False,True,False
negation,52->-d,52,115792089237316195423570985008687907852837564279074904382605163141518161494285,19511180689223863964676874168627421459323156917296991798297923962201555596949,57367979562017697409196531308288663269903370049256107839675184520239291074509,19511180689223863964676874168627421459323156917296991798297923962201555596949,58424109675298498014374453700399244583366614616384456199782399487669543597154,0,1,1056130113280800605177922392110581313463244567128348360107214967430252522645,13407807929942597099574024998205846127479365820592393377723561443720769383374469661147847687812952081302854773939601805382211292725060150247698793015185569,negation_canonical_layers,True,False,True,False
negation,53->-d,53,115792089237316195423570985008687907852837564279074904382605163141518161494284,109204401742901676102938274178210524270147101032576152349016621748734496666183,93562928090829704595527535353598406140745506107437687143296992058804640357878,109204401742901676102938274178210524270147101032576152349016621748734496666183,22229161146486490828043449655089501712524478558202876896160591949104194313785,0,1,-71333766944343213767484085698508904428221027549234810247136400109700446044093,13407807929942597099574024998205846127479365820592393377723561443720769383374469661147847687812952081302854773939601805382211292725060150247698793015185569,negation_canonical_layers,True,False,True,False
negation,54->-d,54,115792089237316195423570985008687907852837564279074904382605163141518161494283,36122698064134239917117034944532638029925389202648589133547978226819319812203,17027329777463400105144356958107372283640412543533161381521436991456009891579,36122698064134239917117034944532638029925389202648589133547978226819319812203,98764759459852795318426628050580535569629572122107402657936147016452824780084,0,1,81737429682389395213282271092473163285989159578574241276414710024996814888505,13407807929942597099574024998205846127479365820592393377723561443720769383374469661147847687812952081302854773939601805382211292725060150247698793015185569,negation_canonical_layers,True,False,True,False
negation,55->-d,55,115792089237316195423570985008687907852837564279074904382605163141518161494282,91804187441772561664481510830917750223077921964002572402238128845622951625169,91945440139593333380184788272080657792196709314822575974121657953469941695606,91804187441772561664481510830917750223077921964002572402238128845622951625169,23846649097722862043386196736607250061073275350817988065335926054438892976057,0,1,-68098791041870471336798591535473407731123433964004587908785731899031048719549,13407807929942597099574024998205846127479365820592393377723561443720769383374469661147847687812952081302854773939601805382211292725060150247698793015185569,negation_canonical_layers,True,False,True,False
negation,56->-d,56,115792089237316195423570985008687907852837564279074904382605163141518161494281,85443494863408502680908561006538876660936831179320971186834465657383528300823,41574129741798670788318102088797945519763253166412892215513009393101328479924,85443494863408502680908561006538876660936831179320971186834465657383528300823,74217959495517524635252882919889962333506731499227671823944574614807506191739,0,1,32643829753718853846934780831092016813743478332814779608431565221706177711815,13407807929942597099574024998205846127479365820592393377723561443720769383374469661147847687812952081302854773939601805382211292725060150247698793015185569,negation_canonical_layers,True,False,True,False
negation,57->-d,57,115792089237316195423570985008687907852837564279074904382605163141518161494280,17189284425153064836001861279656763224636129289551722165462018837400972173600,29445779904272847763706160655321487704701247799275275841430067857695472241472,17189284425153064836001861279656763224636129289551722165462018837400972173600,86346309333043347659864824353366420148568736866365288198027516150213362430191,0,1,56900529428770499896158663698044932443867489067090012356597448292517890188719,13407807929942597099574024998205846127479365820592393377723561443720769383374469661147847687812952081302854773939601805382211292725060150247698793015185569,negation_canonical_layers,True,False,True,False
negation,58->-d,58,115792089237316195423570985008687907852837564279074904382605163141518161494279,31361859868524256934340493392748324439250961207479738197811398391136366390587,66949045302018276465653829790546454755295341269007016439257946146448951430658,31361859868524256934340493392748324439250961207479738197811398391136366390587,48843043935297918957917155218141453097974643396633547600199637861459883241005,0,1,-18106001366720357507736674572405001657320697872373468839058308284989068189653,13407807929942597099574024998205846127479365820592393377723561443720769383374469661147847687812952081302854773939601805382211292725060150247698793015185569,negation_canonical_layers,True,False,True,False
negation,59->-d,59,115792089237316195423570985008687907852837564279074904382605163141518161494278,53467956276192349861948221937171498503643177269204461230384245004177138836533,4119214727602775607932521128681884153131966461396859633231677764244527094881,53467956276192349861948221937171498503643177269204461230384245004177138836533,111672874509713419815638463880006023700138018204243704406225906243664307576782,0,1,107553659782110644207705942751324139547006051742846844772994228479419780481901,13407807929942597099574024998205846127479365820592393377723561443720769383374469661147847687812952081302854773939601805382211292725060150247698793015185569,negation_canonical_layers,True,False,True,False
negation,60->-d,60,115792089237316195423570985008687907852837564279074904382605163141518161494277,518559790775991926153431284348924991691752894319091408626305042091127390610,7754554211713140270585379622151031431183921268920287121212618482407411327399,518559790775991926153431284348924991691752894319091408626305042091127390610,108037535025603055152985605386536876422086063396720276918244965525501423344264,0,1,100282980813889914882400225764385844990902142127799989797032347043094012016865,13407807929942597099574024998205846127479365820592393377723561443720769383374469661147847687812952081302854773939601805382211292725060150247698793015185569,negation_canonical_layers,True,False,True,False
negation,61->-d,61,115792089237316195423570985008687907852837564279074904382605163141518161494276,53058764004935428650100139287376587679652978405430403380587712871864611556376,2918800479109537269737873642942211407706668016660669097675760428828773803651,53058764004935428650100139287376587679652978405430403380587712871864611556376,112873288758206658153833111365745696445563316648979894941781823579080060868012,0,1,109954488279097120884095237722803485037856648632319225844106063150251287064361,13407807929942597099574024998205846127479365820592393377723561443720769383374469661147847687812952081302854773939601805382211292725060150247698793015185569,negation_canonical_layers,True,False,True,False
negation,62->-d,62,115792089237316195423570985008687907852837564279074904382605163141518161494275,7470696802146976875048795875680307511987987110754117830917946933599684326041,35498370868222357101075189419100726924131867018781426271212491175192595798687,7470696802146976875048795875680307511987987110754117830917946933599684326041,80293718369093838322495795589587180929138117646859137768245092832716238872976,0,1,44795347500871481221420606170486454005006250628077711497032601657523643074289,13407807929942597099574024998205846127479365820592393377723561443720769383374469661147847687812952081302854773939601805382211292725060150247698793015185569,negation_canonical_layers,True,False,True,False
negation,63->-d,63,115792089237316195423570985008687907852837564279074904382605163141518161494274,103082696326686084252692006348842617458364360484939043050040089399696685644264,40612530833850030770560071666434436443194162318210174699750855405684277524469,103082696326686084252692006348842617458364360484939043050040089399696685644264,75179558403466164653010913342253471410075822347430389339706728602224557147194,0,1,34567027569616133882450841675819034966881660029220214639955873196540279622725,13407807929942597099574024998205846127479365820592393377723561443720769383374469661147847687812952081302854773939601805382211292725060150247698793015185569,negation_canonical_layers,True,False,True,False
negation,64->-d,64,115792089237316195423570985008687907852837564279074904382605163141518161494273,86454928033100054822938644242727206101601557724291916072342392316125160730507,41929975541376036990359335647717381527212342035893043668288666074313354583455,86454928033100054822938644242727206101601557724291916072342392316125160730507,73862113695940158433211649360970526326057642629747520371168917933595480088208,0,1,31932138154564121442852313713253144798845300593854476702880251859282125504753,13407807929942597099574024998205846127479365820592393377723561443720769383374469661147847687812952081302854773939601805382211292725060150247698793015185569,negation_canonical_layers,True,False,True,False
glv_lambda,1->lam,1,37718080363155996902926221483475020450927657555482586988616620542887997980018,55066263022277343669578718895168534326250603453777594175500187360389116729240,32670510020758816978083085130507043184471273380659243275938904335757337482424,85340279321737800624759429340272274763154997815782306132637707972559913914315,32670510020758816978083085130507043184471273380659243275938904335757337482424,30274016299460456955180710445103740436904394362004711957137520612170797185075,115792089237316195423570985008687907853269984665640564039457584007908834671663,0,1,glv_psi,False,True,False,True
glv_lambda,2->lam,2,75436160726311993805852442966950040901855315110965173977233241085775995960036,89565891926547004231252920425935692360644145829622209833684329913297188986597,12158399299693830322967808612713398636155367887041628176798871954788371653930,88371774108400680421763666133644293059454024478702477677781730340800895799521,12158399299693830322967808612713398636155367887041628176798871954788371653930,-1194117818146323809489254292291399301190121350919732155902599572496293187076,115792089237316195423570985008687907853269984665640564039457584007908834671663,0,1,glv_psi,False,True,False,True
glv_lambda,3->lam,3,113154241089467990708778664450425061352782972666447760965849861628663993940054,112711660439710606056748659173929673102114977341539408544630613555209775888121,25583027980570883691656905877401976406448868254816295069919888960541586679410,101061657593633116932541771993078247718285424141741249311972729832973889727279,25583027980570883691656905877401976406448868254816295069919888960541586679410,-11650002846077489124206887180851425383829553199798159232657883722235886160842,115792089237316195423570985008687907853269984665640564039457584007908834671663,0,1,glv_psi,False,True,False,True
glv_lambda,4->lam,4,35080232215307792188133900925212173950873065942855443571861319030033830425735,103388573995635080359749164254216598308788835304023601477803095234286494993683,37057141145242123013015316630864329550140216928701153669873286428255828810018,12423710204573961111438767137516234389224586660616369170493998072264343445760,37057141145242123013015316630864329550140216928701153669873286428255828810018,-90964863791061119248310397116700363919564248643407232307309097162022151547923,115792089237316195423570985008687907853269984665640564039457584007908834671663,0,1,glv_psi,False,True,False,True
glv_lambda,5->lam,5,72798312578463789091060122408687194401800723498338030560477939572921828405753,21505829891763648114329055987619236494102133314575206970830385799158076338148,98003708678762621233683240503080860129026887322874138805529884920309963580118,23285849548026170226712523888619559634478006467037872208296602441247713932904,98003708678762621233683240503080860129026887322874138805529884920309963580118,1780019656262522112383467901000323140375873152462665237466216642089637594756,115792089237316195423570985008687907853269984665640564039457584007908834671663,0,1,glv_psi,False,True,False,True
glv_lambda,6->lam,6,110516392941619785993986343892162214852728381053820617549094560115809826385771,115780575977492633039504758427830329241728645270042306223540962614150928364886,78735063515800386211891312544505775871260717697865196436804966483607426560663,104137619877220100546085207083471309513075849319446187634548796990848593264709,78735063515800386211891312544505775871260717697865196436804966483607426560663,-11642956100272532493419551344359019728652795950596118588992165623302335100177,115792089237316195423570985008687907853269984665640564039457584007908834671663,0,1,glv_psi,False,True,False,True
glv_lambda,7->lam,7,32442384067459587473341580366949327450818474330228300155106017517179662871452,41948375291644419605210209193538855353224492619856392092318293986323063962044,48361766907851246668144012348516735800090617714386977531302791340517493990618,9022283467165039724578134058499718296951115296076842411565902651565704199316,48361766907851246668144012348516735800090617714386977531302791340517493990618,-32926091824479379880632075135039137056273377323779549680752391334757359762728,115792089237316195423570985008687907853269984665640564039457584007908834671663,0,1,glv_psi,False,True,False,True
glv_lambda,8->lam,8,70160464430615584376267801850424347901746131885710887143722638060067660851470,21262057306151627953595685090280431278183829487175876377991189246716355947009,41749993296225487051377864631615517161996906063147759678534462689479575333124,32417040261787708794315877067301603447831896086125322282170624607732801916019,41749993296225487051377864631615517161996906063147759678534462689479575333124,11154982955636080840720191977021172169648066598949445904179435361016445969010,115792089237316195423570985008687907853269984665640564039457584007908834671663,0,1,glv_psi,False,True,False,True
glv_lambda,9->lam,9,107878544793771581279194023333899368352673789441193474132339258602955658831488,78173298682877769088723994436027545680738210601369041078747105985693655485630,92362876758821804597230797234617159328445543067760556585160674174871431781431,61380294731563994070722960080245491119333112318411144468599437789212844571218,92362876758821804597230797234617159328445543067760556585160674174871431781431,-16793003951313775018001034355782054561405098282957896610147668196480810914412,115792089237316195423570985008687907853269984665640564039457584007908834671663,0,1,glv_psi,False,True,False,True
glv_lambda,10->lam,10,29804535919611382758549259808686480950763882717601156738350716004325495317169,72488970228380509287422715226575535698893157273063074627791787432852706183111,62070622898698443831883535403436258712770888294397026493185421712108624767191,17552125212740815495342691468277183929301538069635228625712697617498804780585,62070622898698443831883535403436258712770888294397026493185421712108624767191,-54936845015639693792080023758298351769591619203427846002079089815353901402526,115792089237316195423570985008687907853269984665640564039457584007908834671663,0,1,glv_psi,False,True,False,True
glv_lambda,11->lam,11,67522616282767379661475481292161501401691540273083743726967336547213493297187,53957576663012291606402345341061437133522758407718089353314528343643821967563,98386217607324929854432842186271083758341411730506808463586570492533445740059,37069913324592918673367882718135058896847819547408713518915155606566617521383,98386217607324929854432842186271083758341411730506808463586570492533445740059,-16887663338419372933034462622926378236674938860309375834399372737077204446180,115792089237316195423570985008687907853269984665640564039457584007908834671663,0,1,glv_psi,False,True,False,True
glv_lambda,12->lam,12,105240696645923376564401702775636521852619197828566330715583957090101491277205,94111259592240215275188773285036844871058226277992966241101117022315524122714,76870767327212528811304566602812752860184934880685532702451763239157141742375,61671989979823043238709997868641405987232637421329644094496460161299425433061,76870767327212528811304566602812752860184934880685532702451763239157141742375,-32439269612417172036478775416395438883825588856663322146604656861016098689653,115792089237316195423570985008687907853269984665640564039457584007908834671663,0,1,glv_psi,False,True,False,True
glv_lambda,13->lam,13,27166687771763178043756939250423634450709291104974013321595414491471327762886,109699032664856045668214896063362497021339186688470416858630178803463338613416,4835088675770141268294878046681321747490758260515711581034896622314066275713,109144052577005066955167001519712745164036751631545422023221861590714904721016,4835088675770141268294878046681321747490758260515711581034896622314066275713,-554980087850978713047894543649751857302435056924994835408317212748433892400,115792089237316195423570985008687907853269984665640564039457584007908834671663,0,1,glv_psi,False,True,False,True
glv_lambda,14->lam,14,64884768134919174946683160733898654901636948660456600310212035034359325742904,33301309993451753050311554695703528430361259803437469669590207169100761277412,91711666877231500617203373035680263572492971120307578300405368749466283229019,55666850198831051171516924581601140695224350157238422446806729868355175494744,91711666877231500617203373035680263572492971120307578300405368749466283229019,22365540205379298121205369885897612264863090353800952777216522699254414217332,115792089237316195423570985008687907853269984665640564039457584007908834671663,0,1,glv_psi,False,True,False,True
glv_lambda,15->lam,15,102602848498075171849609382217373675352564606215939187298828655577247323722922,97505755694356382817881959832717013755620551362654128955029190924747025549326,39856815248295663243990443767776362321337592747889787217974905533720651000664,58064012580203728459499721317473024375460761585834732600782411149552380916660,39856815248295663243990443767776362321337592747889787217974905533720651000664,-39441743114152654358382238515243989380159789776819396354246779775194644632666,115792089237316195423570985008687907853269984665640564039457584007908834671663,0,1,glv_psi,False,True,False,True
glv_lambda,16->lam,16,24528839623914973328964618692160787950654699492346869904840112978617160208603,104059883622109321374094289636044428849728529177856482232626205340719788190730,112122903140080327253741791678230372394936108416576609264408917599318947489825,43645477923350492674816791651054354302825804275844253229615909133511442679881,112122903140080327253741791678230372394936108416576609264408917599318947489825,-60414405698758828699277497984990074546902724902012229003010296207208345510849,115792089237316195423570985008687907853269984665640564039457584007908834671663,0,1,glv_psi,False,True,False,True
glv_lambda,17->lam,17,62246919987070970231890840175635808401582357047829456893456733521505158188621,100862081773581120499222301212791081193994281440454033593790618293887747050036,29883864782608871580821802176208615141762369223249393426421538275393411672951,88160977168296434905193680326802775723623226883814510735899613138384775757001,29883864782608871580821802176208615141762369223249393426421538275393411672951,-12701104605284685594028620885988305470371054556639522857891005155502971293035,115792089237316195423570985008687907853269984665640564039457584007908834671663,0,1,glv_psi,False,True,False,True
glv_lambda,18->lam,18,99965000350226967134817061659110828852510014603312043882073354064393156168639,38901272619685732968285380035171577070479117282397203902622597987558769928140,87393127487643849618870152207476122589010570440825041333620493866032028851544,28277866246199914063658833769489930906126664083813653388004255422453167454026,87393127487643849618870152207476122589010570440825041333620493866032028851544,-10623406373485818904626546265681646164352453198583550514618342565105602474114,115792089237316195423570985008687907853269984665640564039457584007908834671663,0,1,glv_psi,False,True,False,True
glv_lambda,19->lam,19,21890991476066768614172298133897941450600107879719726488084811465762992654320,19588375357829479297593261744848590434972900972071148260168833594658324503404,60568592333449737531184420002591396163903580402725242236305558432410218044282,38427340122064878604885325359984646396448195218470422804369531964680180295529,60568592333449737531184420002591396163903580402725242236305558432410218044282,18838964764235399307292063615136055961475294246399274544200698370021855792125,115792089237316195423570985008687907853269984665640564039457584007908834671663,0,1,glv_psi,False,True,False,True
glv_lambda,20->lam,20,59609071839222765517098519617372961901527765435202313476701432008650990634338,34773495056115281091786765947597603724784643419904767525769502836017890139287,8470533044743364938367028725608288731153024648869546164814808839694950063162,86265815968636029847875545326446097555497733253328019858766074948576567401768,8470533044743364938367028725608288731153024648869546164814808839694950063162,51492320912520748756088779378848493830713089833423252332996572112558677262481,115792089237316195423570985008687907853269984665640564039457584007908834671663,0,1,glv_psi,False,True,False,True
glv_lambda,21->lam,21,97327152202378762420024741100847982352455422990684900465318052551538988614356,24049875635381557237058143631624836741422505207761609709712554171343558302165,22669890352939653242079781319904043788036611953081321775127194249638113810828,47066535551922614225602481068620504906381075324763597931503783513304364465205,22669890352939653242079781319904043788036611953081321775127194249638113810828,23016659916541056988544337436995668164958570117001988221791229341960806163040,115792089237316195423570985008687907853269984665640564039457584007908834671663,0,1,glv_psi,False,True,False,True
glv_lambda,22->lam,22,19253143328218563899379977575635094950545516267092583071329509952908825100037,29908081367423272746086114569421970207888665320998202915346633185016778189308,19705544727792599099830884487151299095417296550955739824847212341657057716097,59153605141589474974209121810211749542139749532744288701911879967238381796822,19705544727792599099830884487151299095417296550955739824847212341657057716097,29245523774166202228123007240789779334251084211746085786565246782221603607514,115792089237316195423570985008687907853269984665640564039457584007908834671663,0,1,glv_psi,False,True,False,True
glv_lambda,23->lam,23,56971223691374560802306199059110115401473173822575170059946130495796823080055,21545045623056848826483343441081830815719530893582365358444562918095175994431,1296978981679745807043951140304019026881137717020402959957988455650813508967,84526433196662687117298915114996856472754327916037881680190161543792947704060,1296978981679745807043951140304019026881137717020402959957988455650813508967,62981387573605838290815571673915025657034797022455516321745598625697771709629,115792089237316195423570985008687907853269984665640564039457584007908834671663,0,1,glv_psi,False,True,False,True
glv_lambda,24->lam,24,94689304054530557705232420542585135852400831378057757048562751038684821060073,115090238283566018960826468250608273126387416636633736439689841211757211870926,47185183227829754668635270747409548752084785367264057948864458978444304762303,107043937501801258532126080348262368637516159935334193121335585282793049064437,47185183227829754668635270747409548752084785367264057948864458978444304762303,-8046300781764760428700387902345904488871256701299543318354255928964162806489,115792089237316195423570985008687907853269984665640564039457584007908834671663,0,1,glv_psi,False,True,False,True
glv_lambda,25->lam,25,16615295180370359184587657017372248450490924654465439654574208440054657545754,66165162229742397718677620062386824252848999675912518712054484685772795754260,52018513869565587577673992057861898728543589604141463438466108080111932355586,111871999499426361007840142543024447815336238915084240073376416922078041707966,52018513869565587577673992057861898728543589604141463438466108080111932355586,45706837269683963289162522480637623562487239239171721361321932236305245953706,115792089237316195423570985008687907853269984665640564039457584007908834671663,0,1,glv_psi,False,True,False,True
glv_lambda,26->lam,26,54333375543526356087513878500847268901418582209948026643190828982942655525772,46375854666189782329411331467438732923135312366454677774518044107217916677258,28872066516664221627799718496556756366588329842312456769228220433104069963108,97285798892256975069762846308585096204247524753859711164921513311017082852528,28872066516664221627799718496556756366588329842312456769228220433104069963108,50909944226067192740351514841146363281112212387405033390403469203799166175270,115792089237316195423570985008687907853269984665640564039457584007908834671663,0,1,glv_psi,False,True,False,True
glv_lambda,27->lam,27,92051455906682352990440099984322289352346239765430613631807449525830653505790,99023490166718961467148584643029653267652245207820783364668071358307234645801,75362751621984629832705305750958516370071248757681753180287377123479199292501,63623284983919817186851519194724277888340656433281985362171100192928211628585,75362751621984629832705305750958516370071248757681753180287377123479199292501,-35400205182799144280297065448305375379311588774538798002496971165379023017216,115792089237316195423570985008687907853269984665640564039457584007908834671663,0,1,glv_psi,False,True,False,True
glv_lambda,28->lam,28,13977447032522154469795336459109401950436333041838296237818906927200489991471,38862517885349586199469132990077977525522399615397327331631717567532241615208,56796032415390392137148811074183321813766115156763923072036584114852967736264,104684580805091300048016048642615187571737667022338003548230690484314911293195,56796032415390392137148811074183321813766115156763923072036584114852967736264,65822062919741713848546915652537210046215267406940676216598972916782669677987,115792089237316195423570985008687907853269984665640564039457584007908834671663,0,1,glv_psi,False,True,False,True
glv_lambda,29->lam,29,51695527395678151372721557942584422401363990597320883226435527470088487971489,88789495143442116025801984763830218317601484092281216301053684219001740388315,14971629676138079947354454610178388572791590863859394042797260533911845233794,103363318826089240491524458077212513844065204917840214003369889517615078678560,14971629676138079947354454610178388572791590863859394042797260533911845233794,14573823682647124465722473313382295526463720825558997702316205298613338290245,115792089237316195423570985008687907853269984665640564039457584007908834671663,0,1,glv_psi,False,True,False,True
glv_lambda,30->lam,30,89413607758834148275647779426059442852291648152803470215052148012976485951507,49378132684229722274313556995573891527709373183446262831552359577455015004672,78123232289538034746933569305416412888858560602643272431489024958214987548923,35040383632579961642943330187112607450357135488209058616920397941672135278490,78123232289538034746933569305416412888858560602643272431489024958214987548923,-14337749051649760631370226808461284077352237695237204214631961635782879726182,115792089237316195423570985008687907853269984665640564039457584007908834671663,0,1,glv_psi,False,True,False,True
glv_lambda,31->lam,31,11339598884673949755003015900846555450381741429211152821063605414346322437188,48009403158434809478298710137233764200988036438868259456275038304221065242292,101379581344212856035375194820281365028426536613141130008386086305632315345538,104037783398474122564864949764011285182932472481657272496902758773708085271451,101379581344212856035375194820281365028426536613141130008386086305632315345538,56028380240039313086566239626777520981944436042789013040627720469487020029159,115792089237316195423570985008687907853269984665640564039457584007908834671663,0,1,glv_psi,False,True,False,True
glv_lambda,32->lam,32,49057679247829946657929237384321575901309398984693739809680225957234320417206,95440839670107969455973995843666399663662641812074432045896568980475242364517,67400892360194400039319989411395972789004161889863182881857158544061243615929,28766766637172714361045944285669645291071687613837818796466615103517718469502,67400892360194400039319989411395972789004161889863182881857158544061243615929,-66674073032935255094928051557996754372590954198236613249429953876957523895015,115792089237316195423570985008687907853269984665640564039457584007908834671663,0,1,glv_psi,False,True,False,True
glv_lambda,33->lam,33,86775759610985943560855458867796596352237056540176326798296846500122318397224,10219441022991940610048493520113102240595005085840974180672104038719657072293,84023467742492607926612431243360899514584580916128500081114886405247779677078,95851897577382686743698107117500630926081640980286842182810239752453419754833,84023467742492607926612431243360899514584580916128500081114886405247779677078,85632456554390746133649613597387528685486635894445868002138135713733762682540,115792089237316195423570985008687907853269984665640564039457584007908834671663,0,1,glv_psi,False,True,False,True
glv_lambda,34->lam,34,8701750736825745040210695342583708950327149816584009404308303901492154882905,12619776604307790469550660645393525758448419897555601226868753617320214526993,86272100689574882152938150858861318820088413186167100601966648021512258522745,51551006545467761256193390422884288820997482529825264290846266385758756731191,86272100689574882152938150858861318820088413186167100601966648021512258522745,38931229941159970786642729777490763062549062632269663063977512768438542204198,115792089237316195423570985008687907853269984665640564039457584007908834671663,0,1,glv_psi,False,True,False,True
glv_lambda,35->lam,35,46419831099981741943136916826058729401254807372066596392924924444380152862923,43584328072464330665967763306297595761508151294385275883849271528835646125177,1171731419844835688478928898148416329180259014376715189840427072871218252873,57879414303055319572542456796714123133955257524363684744128470709430227939391,1171731419844835688478928898148416329180259014376715189840427072871218252873,14295086230590988906574693490416527372447106229978408860279199180594581814214,115792089237316195423570985008687907853269984665640564039457584007908834671663,0,1,glv_psi,False,True,False,True
glv_lambda,36->lam,36,84137911463137738846063138309533749852182464927549183381541544987268150842941,101419098787597942766661010883841213675986572091206578880178916574081925093625,53748097764673089702489673031527129553025318704228137363806494938199580582828,46809149891666521540701238187515217713916991620889916260889919523044396101861,53748097764673089702489673031527129553025318704228137363806494938199580582828,-54609948895931421225959772696325995962069580470316662619288997051037528991764,115792089237316195423570985008687907853269984665640564039457584007908834671663,0,1,glv_psi,False,True,False,True
glv_lambda,37->lam,37,6063902588977540325418374784320862450272558203956865987553002388637987328622,44696466249196887777481833878429299174322536392992392205634510941844339159869,58341336599715296255997469230977942456412351469447624645098110293822755987119,77585845515585707502586000236757811835715694068681727597368914869424018488499,58341336599715296255997469230977942456412351469447624645098110293822755987119,32889379266388819725104166358328512661393157675689335391734403927579679328630,115792089237316195423570985008687907853269984665640564039457584007908834671663,0,1,glv_psi,False,True,False,True
glv_lambda,38->lam,38,43781982952133537228344596267795882901200215759439452976169622931525985308640,82592391416753704330480457266605199466589998476548643675167586509583694299127,96352244311289141626709213538144106127822954871227876742730890119647945927428,52685135442410893169325801891648762888999670891725818116741671339751837675905,96352244311289141626709213538144106127822954871227876742730890119647945927428,-29907255974342811161154655374956436577590327584822825558425915169831856623222,115792089237316195423570985008687907853269984665640564039457584007908834671663,0,1,glv_psi,False,True,False,True
glv_lambda,39->lam,39,81500063315289534131270817751270903352127873314922039964786243474413983288658,58245954963044076335222193032419637688317373475605757277584156718458924469103,12764036181290433088658499435961200322530176588733628912045896254235383420282,9296479315318536273783799500856523072365352700816020665403020337930083193249,12764036181290433088658499435961200322530176588733628912045896254235383420282,-48949475647725540061438393531563114615952020774789736612181136380528841275854,115792089237316195423570985008687907853269984665640564039457584007908834671663,0,1,glv_psi,False,True,False,True
glv_lambda,40->lam,40,3426054441129335610626054226058015950217966591329722570797700875783819774339,65977930378964483966842705159007630837451149704819265634327747226133817150731,106574384264472205627876631445935175739834375489227447805380155393950263965849,19605104809705008034038027825892158687532217789636836917877954769572573086831,106574384264472205627876631445935175739834375489227447805380155393950263965849,-46372825569259475932804677333115472149918931915182428716449792456561244063900,115792089237316195423570985008687907853269984665640564039457584007908834671663,0,1,glv_psi,False,True,False,True
glv_lambda,41->lam,41,41144134804285332513552275709533036401145624146812309559414321418671817754357,55442706224332212356956949983947160877073898960448236395042968736464621521147,5905242281663190858892708265754696019921609450612128937011632221309721495543,89107609726895725343546818457521936289977909400504198136924360416366931080515,5905242281663190858892708265754696019921609450612128937011632221309721495543,33664903502563512986589868473574775412904010440055961741881391679902309559368,115792089237316195423570985008687907853269984665640564039457584007908834671663,0,1,glv_psi,False,True,False,True
glv_lambda,42->lam,42,78862215167441329416478497193008056852073281702294896548030941961559815734375,115136800820456833737994126771386015026287095034625623644186278108926690779567,3479535755779840016334846590594739014278212596066547564422106861430200972724,19405792876383271072737396219110607534950709578809752682824333191004522698304,3479535755779840016334846590594739014278212596066547564422106861430200972724,-95731007944073562665256730552275407491336385455815870961361944917922168081263,115792089237316195423570985008687907853269984665640564039457584007908834671663,0,1,glv_psi,False,True,False,True
glv_lambda,43->lam,43,788206293281130895833733667795169450163374978702579154042399362929652220056,96414945312501980282409358461754977502747357521062737878469375231739675541449,108016644921439980219149763541432916357155273945921323318636524851968650287411,105745496869602797920087026503836077002449883541253452527671164307793826948583,108016644921439980219149763541432916357155273945921323318636524851968650287411,9330551557100817637677668042081099499702526020190714649201789076054151407134,115792089237316195423570985008687907853269984665640564039457584007908834671663,0,1,glv_psi,False,True,False,True
glv_lambda,44->lam,44,38506286656437127798759955151270189901091032534185166142659019905817650200074,42072772011086351294328511389423850314698152445154323541536957340534349973349,99133657745585934968186133288050721248258413615930917407282740640761199917928,51131596592760925396014323542907836708958991884456764742374799442837268106799,99133657745585934968186133288050721248258413615930917407282740640761199917928,9058824581674574101685812153483986394260839439302441200837842102302918133450,115792089237316195423570985008687907853269984665640564039457584007908834671663,0,1,glv_psi,False,True,False,True
glv_lambda,45->lam,45,76224367019593124701686176634745210352018690089667753131275640448705648180092,2069755349039566255304036353648839232649715781170511813011535420394543798627,53173698995439924366951845531266805314230463309822098990695656330917108292762,42661455690504792529415870800393181816725637431946403343634092470130122528573,53173698995439924366951845531266805314230463309822098990695656330917108292762,40591700341465226274111834446744342584075921650775891530622557049735578729946,115792089237316195423570985008687907853269984665640564039457584007908834671663,0,1,glv_psi,False,True,False,True
glv_lambda,46->lam,46,113942447382749121604612398118220230802946347645150340119892260991593646160110,112485767891133126222498548010271946438760990210983300801299715976951536768791,85739109496996784368776054024999276184984966609644199395125789597014054674947,74233602091380592035342003443891971668942860535497546592174884473911435962489,85739109496996784368776054024999276184984966609644199395125789597014054674947,-38252165799752534187156544566379974769818129675485754209124831503040100806302,115792089237316195423570985008687907853269984665640564039457584007908834671663,0,1,glv_psi,False,True,False,True
glv_lambda,47->lam,47,35868438508588923083967634593007343401036440921558022725903718392963482645791,54253141229701892740678441538472478126466317116121420289154985997987923385716,67647191893224491627918802490479062705030965032432110320079555712709270724822,72663127237732884842843710633829242592601893122735556471912425668247284759724,67647191893224491627918802490479062705030965032432110320079555712709270724822,18409986008030992102165269095356764466135576006614136182757439670259361374008,115792089237316195423570985008687907853269984665640564039457584007908834671663,0,1,glv_psi,False,True,False,True
glv_lambda,48->lam,48,73586518871744919986893856076482363851964098477040609714520338935851480625809,50111670963408569345385204828013406423962206186815367070190059614189255189955,96344650049071302355595011727277439354119658646232861677212062449792674989672,54238976811829085540910300676774760595730813948923155470045873837446863787885,96344650049071302355595011727277439354119658646232861677212062449792674989672,4127305848420516195525095848761354171768607762107788399855814223257608597930,115792089237316195423570985008687907853269984665640564039457584007908834671663,0,1,glv_psi,False,True,False,True
glv_lambda,49->lam,49,111304599234900916889820077559957384302891756032523196703136959478739478605827,109846273198995465046214558810696509369395695668678477567979041624391316796720,101711840700253487202274292900077312932162220876743713596510869779955653950519,61852916318739024950209820486116739353571983449760257198164848165423059330542,101711840700253487202274292900077312932162220876743713596510869779955653950519,-47993356880256440096004738324579770015823712218918220369814193458968257466178,115792089237316195423570985008687907853269984665640564039457584007908834671663,0,1,glv_psi,False,True,False,True
glv_lambda,50->lam,50,33230590360740718369175314034744496900981849308930879309148416880109315091508,18752372355191540835222161239240920883340654532661984440989362140194381601434,88478450163343634110113046083156231725329016889379853417393465962619872936244,65048166793865101970309456357074523791392807487387413561853219237267858720313,88478450163343634110113046083156231725329016889379853417393465962619872936244,46295794438673561135087295117833602908052152954725429120863857097073477118879,115792089237316195423570985008687907853269984665640564039457584007908834671663,0,1,glv_psi,False,True,False,True
glv_lambda,51->lam,51,70948670723896715272101535518219517351909506864413466297765037422997313071526,31766568681566786811585556083273569704981103744700868374944839455567139361883,42892316439533998508363691869839348703863091985464714880496520815537080971390,95820699099274136358443754434399909885206341843232952438118710775412887461069,42892316439533998508363691869839348703863091985464714880496520815537080971390,64054130417707349546858198351126340180225238098532084063173871319845748099186,115792089237316195423570985008687907853269984665640564039457584007908834671663,0,1,glv_psi,False,True,False,True
glv_lambda,52->lam,52,108666751087052712175027757001694537802837164419896053286381657965885311051544,19511180689223863964676874168627421459323156917296991798297923962201555596949,57367979562017697409196531308288663269903370049256107839675184520239291074509,46384749630072528439754431465793519200846935944163828401652638023423736426836,57367979562017697409196531308288663269903370049256107839675184520239291074509,26873568940848664475077557297166097741523779026866836603354714061222180829887,115792089237316195423570985008687907853269984665640564039457584007908834671663,0,1,glv_psi,False,True,False,True
glv_lambda,53->lam,53,30592742212892513654382993476481650400927257696303735892393115367255147537225,109204401742901676102938274178210524270147101032576152349016621748734496666183,93562928090829704595527535353598406140745506107437687143296992058804640357878,77194311988506611425792554193458936351671684013380322037925705385597085169232,93562928090829704595527535353598406140745506107437687143296992058804640357878,-32010089754395064677145719984751587918475417019195830311090916363137411496951,115792089237316195423570985008687907853269984665640564039457584007908834671663,0,1,glv_psi,False,True,False,True
glv_lambda,54->lam,54,68310822576048510557309214959956670851854915251786322881009735910143145517243,36122698064134239917117034944532638029925389202648589133547978226819319812203,17027329777463400105144356958107372283640412543533161381521436991456009891579,80779446933497326795688450804154137057208023920552289313721508134323752394951,17027329777463400105144356958107372283640412543533161381521436991456009891579,44656748869363086878571415859621499027282634717903700180173529907504432582748,115792089237316195423570985008687907853269984665640564039457584007908834671663,0,1,glv_psi,False,True,False,True
glv_lambda,55->lam,55,106028902939204507460235436443431691302782572807268909869626356453031143497261,91804187441772561664481510830917750223077921964002572402238128845622951625169,91945440139593333380184788272080657792196709314822575974121657953469941695606,70502619685483279458352420588324559671613202563807639707266592212890000093952,91945440139593333380184788272080657792196709314822575974121657953469941695606,-21301567756289282206129090242593190551464719400194932694971536632732951531217,115792089237316195423570985008687907853269984665640564039457584007908834671663,0,1,glv_psi,False,True,False,True
glv_lambda,56->lam,56,27954894065044308939590672918218803900872666083676592475637813854400979982942,85443494863408502680908561006538876660936831179320971186834465657383528300823,41574129741798670788318102088797945519763253166412892215513009393101328479924,47859804293204670897592393490923047748855137842418923152614918304601083473523,41574129741798670788318102088797945519763253166412892215513009393101328479924,-37583690570203831783316167515615828912081693336902048034219547352782444827300,115792089237316195423570985008687907853269984665640564039457584007908834671663,0,1,glv_psi,False,True,False,True
glv_lambda,57->lam,57,65672974428200305842516894401693824351800323639159179464254434397288977962960,17189284425153064836001861279656763224636129289551722165462018837400972173600,29445779904272847763706160655321487704701247799275275841430067857695472241472,49093193075174814113570091781641641596146554890349074574647074854139623526659,29445779904272847763706160655321487704701247799275275841430067857695472241472,31903908650021749277568230501984878371510425600797352409185056016738651353059,115792089237316195423570985008687907853269984665640564039457584007908834671663,0,1,glv_psi,False,True,False,True
glv_lambda,58->lam,58,103391054791356302745443115885168844802727981194641766452871054940176975942978,31361859868524256934340493392748324439250961207479738197811398391136366390587,66949045302018276465653829790546454755295341269007016439257946146448951430658,69028025978235962892064158283956203659260762679129310030471581061109321630449,66949045302018276465653829790546454755295341269007016439257946146448951430658,37666166109711705957723664891207879220009801471649571832660182669972955239862,115792089237316195423570985008687907853269984665640564039457584007908834671663,0,1,glv_psi,False,True,False,True
glv_lambda,59->lam,59,25317045917196104224798352359955957400818074471049449058882512341546812428659,53467956276192349861948221937171498503643177269204461230384245004177138836533,4119214727602775607932521128681884153131966461396859633231677764244527094881,113759764774524747520017994622916995365682802007324117841475272842929590682063,4119214727602775607932521128681884153131966461396859633231677764244527094881,60291808498332397658069772685745496862039624738119656611091027838752451845530,115792089237316195423570985008687907853269984665640564039457584007908834671663,0,1,glv_psi,False,True,False,True
glv_lambda,60->lam,60,63035126280352101127724573843430977851745732026532036047499132884434810408677,518559790775991926153431284348924991691752894319091408626305042091127390610,7754554211713140270585379622151031431183921268920287121212618482407411327399,47831785607280038584402690455773170729189724804035321195851359334612106298763,7754554211713140270585379622151031431183921268920287121212618482407411327399,47313225816504046658249259171424245737497971909716229787225054292520978908153,115792089237316195423570985008687907853269984665640564039457584007908834671663,0,1,glv_psi,False,True,False,True
glv_lambda,61->lam,61,100753206643508098030650795326905998302673389582014623036115753427322808388695,53058764004935428650100139287376587679652978405430403380587712871864611556376,2918800479109537269737873642942211407706668016660669097675760428828773803651,85944490455485223510696957353950975569076337197506588076515285064889128461592,2918800479109537269737873642942211407706668016660669097675760428828773803651,32885726450549794860596818066574387889423358792076184695927572193024516905216,115792089237316195423570985008687907853269984665640564039457584007908834671663,0,1,glv_psi,False,True,False,True
glv_lambda,62->lam,62,22679197769347899510006031801693110900763482858422305642127210828692644874376,7470696802146976875048795875680307511987987110754117830917946933599684326041,35498370868222357101075189419100726924131867018781426271212491175192595798687,34116828215766453242944724009858355994307773034420310135825101752975013971792,35498370868222357101075189419100726924131867018781426271212491175192595798687,26646131413619476367895928134178048482319785923666192304907154819375329645751,115792089237316195423570985008687907853269984665640564039457584007908834671663,0,1,glv_psi,False,True,False,True
glv_lambda,63->lam,63,60397278132503896412932253285168131351691140413904892630743831371580642854394,103082696326686084252692006348842617458364360484939043050040089399696685644264,40612530833850030770560071666434436443194162318210174699750855405684277524469,61397235381159372631701783575780400022923837346576525427712108274827842744182,40612530833850030770560071666434436443194162318210174699750855405684277524469,-41685460945526711620990222773062217435440523138362517622327981124868842900082,115792089237316195423570985008687907853269984665640564039457584007908834671663,0,1,glv_psi,False,True,False,True
glv_lambda,64->lam,64,98115358495659893315858474768643151802618797969387479619360451914468640834412,86454928033100054822938644242727206101601557724291916072342392316125160730507,41929975541376036990359335647717381527212342035893043668288666074313354583455,87053731908222359493429534309374354424116448651514466631790549933050078125523,41929975541376036990359335647717381527212342035893043668288666074313354583455,598803875122304670490890066647148322514890927222550559448157616924917395016,115792089237316195423570985008687907853269984665640564039457584007908834671663,0,1,glv_psi,False,True,False,True
glv_lambda2,1->lam2,1,78074008874160198520644763525212887401909906723592317393988542598630163514318,55066263022277343669578718895168534326250603453777594175500187360389116729240,32670510020758816978083085130507043184471273380659243275938904335757337482424,91177636130617246552803821781935006617134368061721227770777272682868638699771,32670510020758816978083085130507043184471273380659243275938904335757337482424,36111373108339902883225102886766472290883764607943633595277085322479521970531,115792089237316195423570985008687907853269984665640564039457584007908834671663,0,1,glv_psi2,False,True,False,False
glv_lambda2,2->lam2,2,40355928511004201617718542041737866950982249168109730405371922055742165534299,89565891926547004231252920425935692360644145829622209833684329913297188986597,12158399299693830322967808612713398636155367887041628176798871954788371653930,53646512439684706194125383457795830286441799022956440567449107761719584557208,12158399299693830322967808612713398636155367887041628176798871954788371653930,-35919379486862298037127536968139862074202346806665769266235222151577604429389,115792089237316195423570985008687907853269984665640564039457584007908834671663,0,1,glv_psi2,False,True,False,False
glv_lambda2,3->lam2,3,2637848147848204714792320558262846500054591612627143416755301512854167554280,112711660439710606056748659173929673102114977341539408544630613555209775888121,25583027980570883691656905877401976406448868254816295069919888960541586679410,17810860441288667857851538850367894886139567848000470222311824627634003727926,25583027980570883691656905877401976406448868254816295069919888960541586679410,-94900799998421938198897120323561778215975409493538938322318788927575772160195,115792089237316195423570985008687907853269984665640564039457584007908834671663,0,1,glv_psi2,False,True,False,False
glv_lambda2,4->lam2,4,80711857022008403235437084083475733901964498336219460810743844111484331068598,103388573995635080359749164254216598308788835304023601477803095234286494993683,37057141145242123013015316630864329550140216928701153669873286428255828810018,115771894274423349375954038625642983008526547366641157430618074709266830903883,37057141145242123013015316630864329550140216928701153669873286428255828810018,12383320278788269016204874371426384699737712062617555952814979474980335910200,115792089237316195423570985008687907853269984665640564039457584007908834671663,0,1,glv_psi2,False,True,False,False
glv_lambda2,5->lam2,5,42993776658852406332510862600000713451036840780736873822127223568596333088579,21505829891763648114329055987619236494102133314575206970830385799158076338148,98003708678762621233683240503080860129026887322874138805529884920309963580118,71000409797526377082529405132449111724689844884027484860330595767503044400611,98003708678762621233683240503080860129026887322874138805529884920309963580118,49494579905762728968200349144829875230587711569452277889500209968344968062463,115792089237316195423570985008687907853269984665640564039457584007908834671663,0,1,glv_psi2,False,True,False,False
glv_lambda2,6->lam2,6,5275696295696409429584641116525693000109183225254286833510603025708335108560,115780575977492633039504758427830329241728645270042306223540962614150928364886,78735063515800386211891312544505775871260717697865196436804966483607426560663,11665982619919657261552004506074176951735474741792634220825408410818147713731,78735063515800386211891312544505775871260717697865196436804966483607426560663,-104114593357572975777952753921756152289993170528249672002715554203332780651155,115792089237316195423570985008687907853269984665640564039457584007908834671663,0,1,glv_psi2,False,True,False,False
glv_lambda2,7->lam2,7,83349705169856607950229404641738580402019089948846604227499145624338498622878,41948375291644419605210209193538855353224492619856392092318293986323063962044,48361766907851246668144012348516735800090617714386977531302791340517493990618,64821430478506736093782641756649334203094376749707329535573387370020066510303,48361766907851246668144012348516735800090617714386977531302791340517493990618,22873055186862316488572432563110478849869884129850937443255093383697002548259,115792089237316195423570985008687907853269984665640564039457584007908834671663,0,1,glv_psi2,False,True,False,False
glv_lambda2,8->lam2,8,45631624806700611047303183158263559951091432393364017238882525081450500642859,21262057306151627953595685090280431278183829487175876377991189246716355947009,41749993296225487051377864631615517161996906063147759678534462689479575333124,62112991669376858675659422851105873127254259092339365379295770153459676808635,41749993296225487051377864631615517161996906063147759678534462689479575333124,40850934363225230722063737760825441849070429605163489001304580906743320861626,115792089237316195423570985008687907853269984665640564039457584007908834671663,0,1,glv_psi2,False,True,False,False
glv_lambda2,9->lam2,9,7913544443544614144376961674788539500163774837881430250265904538562502662840,78173298682877769088723994436027545680738210601369041078747105985693655485630,92362876758821804597230797234617159328445543067760556585160674174871431781431,92030585060190627687695015501102778906468646411500942531568624240911169286478,92362876758821804597230797234617159328445543067760556585160674174871431781431,13857286377312858598971021065075233225730435810131901452821518255217513800848,115792089237316195423570985008687907853269984665640564039457584007908834671663,0,1,glv_psi2,False,True,False,False
glv_lambda2,10->lam2,10,85987553317704812665021725200001426902073681561473747644254447137192666177158,72488970228380509287422715226575535698893157273063074627791787432852706183111,62070622898698443831883535403436258712770888294397026493185421712108624767191,25750993796194870640805578313835188225075289322942260785953098957557323707967,62070622898698443831883535403436258712770888294397026493185421712108624767191,-46737976432185638646617136912740347473817867950120813841838688475295382475144,115792089237316195423570985008687907853269984665640564039457584007908834671663,0,1,glv_psi2,False,True,False,False
glv_lambda2,11->lam2,11,48269472954548815762095503716526406451146024005991160655637826594304668197139,53957576663012291606402345341061437133522758407718089353314528343643821967563,98386217607324929854432842186271083758341411730506808463586570492533445740059,24764599249710985143800756949491411822899406710513761167227900057698395182717,98386217607324929854432842186271083758341411730506808463586570492533445740059,-29192977413301306462601588391570025310623351697204328186086628285945426784846,115792089237316195423570985008687907853269984665640564039457584007908834671663,0,1,glv_psi2,False,True,False,False
glv_lambda2,12->lam2,12,10551392591392818859169282233051386000218366450508573667021206051416670217120,94111259592240215275188773285036844871058226277992966241101117022315524122714,76870767327212528811304566602812752860184934880685532702451763239157141742375,75800928902569132333243198863697564848249105631958517743317590832202719787551,76870767327212528811304566602812752860184934880685532702451763239157141742375,-18310330689671082941945574421339280022809120646034448497783526190112804335163,115792089237316195423570985008687907853269984665640564039457584007908834671663,0,1,glv_psi2,False,True,False,False
glv_lambda2,13->lam2,13,88625401465553017379814045758264273402128273174100891061009748650046833731438,109699032664856045668214896063362497021339186688470416858630178803463338613416,4835088675770141268294878046681321747490758260515711581034896622314066275713,12741093232771278223760072434300573521164031011265289197063127621639426008894,4835088675770141268294878046681321747490758260515711581034896622314066275713,-96957939432084767444454823629061923500175155677205127661567051181823912604522,115792089237316195423570985008687907853269984665640564039457584007908834671663,0,1,glv_psi2,False,True,False,False
glv_lambda2,14->lam2,14,50907321102397020476887824274789252951200615618618304072393128107158835751419,33301309993451753050311554695703528430361259803437469669590207169100761277412,91711666877231500617203373035680263572492971120307578300405368749466283229019,26823929045033391201742505731383238727684374704964671923060646970452897899507,91711666877231500617203373035680263572492971120307578300405368749466283229019,-6477380948418361848569048964320289702676885098472797746529560198647863377905,115792089237316195423570985008687907853269984665640564039457584007908834671663,0,1,glv_psi2,False,True,False,False
glv_lambda2,15->lam2,15,13189240739241023573961602791314232500272958063135717083776507564270837771400,97505755694356382817881959832717013755620551362654128955029190924747025549326,39856815248295663243990443767776362321337592747889787217974905533720651000664,76014410200072279569760288867185777575458656382792266523103565941518262877340,39856815248295663243990443767776362321337592747889787217974905533720651000664,-21491345494284103248121670965531236180161894979861862431925624983228762671986,115792089237316195423570985008687907853269984665640564039457584007908834671663,0,1,glv_psi2,False,True,False,False
glv_lambda2,16->lam2,16,91263249613401222094606366316527119902182864786728034477765050162901001285718,104059883622109321374094289636044428849728529177856482232626205340719788190730,112122903140080327253741791678230372394936108416576609264408917599318947489825,83878816929172576798230888730277032553985635877580392616673053541586438472715,112122903140080327253741791678230372394936108416576609264408917599318947489825,-20181066692936744575863400905767396295742893300276089615953151799133349718015,115792089237316195423570985008687907853269984665640564039457584007908834671663,0,1,glv_psi2,False,True,False,False
glv_lambda2,17->lam2,17,53545169250245225191680144833052099451255207231245447489148429620013003305699,100862081773581120499222301212791081193994281440454033593790618293887747050036,29883864782608871580821802176208615141762369223249393426421538275393411672951,42561119532754835442725988477781958788922461007012583749224936583545146536289,29883864782608871580821802176208615141762369223249393426421538275393411672951,-58300962240826285056496312735009122405071820433441449844565681710342600513747,115792089237316195423570985008687907853269984665640564039457584007908834671663,0,1,glv_psi2,False,True,False,False
glv_lambda2,18->lam2,18,15827088887089228288753923349577079000327549675762860500531809077125005325680,38901272619685732968285380035171577070479117282397203902622597987558769928140,87393127487643849618870152207476122589010570440825041333620493866032028851544,48612950371430548391626771204026399876664203299429706748830730597896897289497,87393127487643849618870152207476122589010570440825041333620493866032028851544,9711677751744815423341391168854822806185086017032502846208132610338127361357,115792089237316195423570985008687907853269984665640564039457584007908834671663,0,1,glv_psi2,False,True,False,False
glv_lambda2,19->lam2,19,93901097761249426809398686874789966402237456399355177894520351675755168839998,19588375357829479297593261744848590434972900972071148260168833594658324503404,60568592333449737531184420002591396163903580402725242236305558432410218044282,57776373757421837521092397903854671021848888475098992974919218448570329872730,60568592333449737531184420002591396163903580402725242236305558432410218044282,38187998399592358223499136159006080586875987503027844714750384853912005369326,115792089237316195423570985008687907853269984665640564039457584007908834671663,0,1,glv_psi2,False,True,False,False
glv_lambda2,20->lam2,20,56183017398093429906472465391314945951309798843872590905903731132867170859979,34773495056115281091786765947597603724784643419904767525769502836017890139287,8470533044743364938367028725608288731153024648869546164814808839694950063162,110544867449881079907479658743332114426257592658048340694379590231223211802271,8470533044743364938367028725608288731153024648869546164814808839694950063162,75771372393765798815692892795734510701472949238143573168610087395205321662984,115792089237316195423570985008687907853269984665640564039457584007908834671663,0,1,glv_psi2,False,True,False,False
glv_lambda2,21->lam2,21,18464937034937433003546243907839925500382141288390003917287110589979172879960,24049875635381557237058143631624836741422505207761609709712554171343558302165,22669890352939653242079781319904043788036611953081321775127194249638113810828,44675678050012023960910360308442566205466404133115356398241246323260911904293,22669890352939653242079781319904043788036611953081321775127194249638113810828,20625802414630466723852216676817729464043898925353746688528692151917353602128,115792089237316195423570985008687907853269984665640564039457584007908834671663,0,1,glv_psi2,False,True,False,False
glv_lambda2,22->lam2,22,96538945909097631524191007433052812902292048011982321311275653188609336394278,29908081367423272746086114569421970207888665320998202915346633185016778189308,19705544727792599099830884487151299095417296550955739824847212341657057716097,26730402728303447703275748629054188103241569811898072422199070855653674685533,19705544727792599099830884487151299095417296550955739824847212341657057716097,-3177678639119825042810365940367782104647095509100130493147562329363103503775,115792089237316195423570985008687907853269984665640564039457584007908834671663,0,1,glv_psi2,False,True,False,False
glv_lambda2,23->lam2,23,58820865545941634621264785949577792451364390456499734322659032645721338414259,21545045623056848826483343441081830815719530893582365358444562918095175994431,1296978981679745807043951140304019026881137717020402959957988455650813508967,9720610417596659479788726452609220564796125856020317000822859546020710973172,1296978981679745807043951140304019026881137717020402959957988455650813508967,-11824435205460189346694616988472610250923405037562048357621703372074465021259,115792089237316195423570985008687907853269984665640564039457584007908834671663,0,1,glv_psi2,False,True,False,False
glv_lambda2,24->lam2,24,21102785182785637718338564466102772000436732901017147334042412102833340434240,115090238283566018960826468250608273126387416636633736439689841211757211870926,47185183227829754668635270747409548752084785367264057948864458978444304762303,9450002689265113354189421418505173942636392759313198517889741521267408407963,47185183227829754668635270747409548752084785367264057948864458978444304762303,-105640235594300905606637046832103099183751023877320537921800099690489803462963,115792089237316195423570985008687907853269984665640564039457584007908834671663,0,1,glv_psi2,False,True,False,False
glv_lambda2,25->lam2,25,99176794056945836238983327991315659402346639624609464728030954701463503948558,66165162229742397718677620062386824252848999675912518712054484685772795754260,52018513869565587577673992057861898728543589604141463438466108080111932355586,53547016745463632120624207411964543638354730740284369293484266407966831881100,52018513869565587577673992057861898728543589604141463438466108080111932355586,-12618145484278765598053412650422280614494268935628149418570218277805963873160,115792089237316195423570985008687907853269984665640564039457584007908834671663,0,1,glv_psi2,False,True,False,False
glv_lambda2,26->lam2,26,61458713693789839336057106507840638951418982069126877739414334158575505968539,46375854666189782329411331467438732923135312366454677774518044107217916677258,28872066516664221627799718496556756366588329842312456769228220433104069963108,87922524916185633447967792241351986579157132210966739139475610597582669813540,28872066516664221627799718496556756366588329842312456769228220433104069963108,41546670249995851118556460773913253656021819844512061364957566490364753136282,115792089237316195423570985008687907853269984665640564039457584007908834671663,0,1,glv_psi2,False,True,False,False
glv_lambda2,27->lam2,27,23740633330633842433130885024365618500491324513644290750797713615687507988520,99023490166718961467148584643029653267652245207820783364668071358307234645801,75362751621984629832705305750958516370071248757681753180287377123479199292501,68937403323993612193141866179621884550547067690178359352075996464582223068940,75362751621984629832705305750958516370071248757681753180287377123479199292501,-30086086842725349274006718463407768717105177517642424012592074893725011576861,115792089237316195423570985008687907853269984665640564039457584007908834671663,0,1,glv_psi2,False,True,False,False
glv_lambda2,28->lam2,28,101814642204794040953775648549578505902401231237236608144786256214317671502838,38862517885349586199469132990077977525522399615397327331631717567532241615208,56796032415390392137148811074183321813766115156763923072036584114852967736264,88037079784191504599656788384682650609279902693545797199052759963970516434923,56796032415390392137148811074183321813766115156763923072036584114852967736264,49174561898841918400187655394604673083757503078148469867421042396438274819715,115792089237316195423570985008687907853269984665640564039457584007908834671663,0,1,glv_psi2,False,True,False,False
glv_lambda2,29->lam2,29,64096561841638044050849427066103485451473573681754021156169635671429673522819,88789495143442116025801984763830218317601484092281216301053684219001740388315,14971629676138079947354454610178388572791590863859394042797260533911845233794,39431364505101034329815527176333083544873280321159697774491594279200850276451,14971629676138079947354454610178388572791590863859394042797260533911845233794,-49358130638341081695986457587497134772728203771121518526562089939800890111864,115792089237316195423570985008687907853269984665640564039457584007908834671663,0,1,glv_psi2,False,True,False,False
glv_lambda2,30->lam2,30,26378481478482047147923205582628465000545916126271434167553015128541675542800,49378132684229722274313556995573891527709373183446262831552359577455015004672,78123232289538034746933569305416412888858560602643272431489024958214987548923,31373572920506511506314097826001408875203475993985242590984826488781684388501,78123232289538034746933569305416412888858560602643272431489024958214987548923,-18004559763723210767999459169572482652505897189461020240567533088673330616171,115792089237316195423570985008687907853269984665640564039457584007908834671663,0,1,glv_psi2,False,True,False,False
glv_lambda2,31->lam2,31,104452490352642245668567969107841352402455822849863751561541557727171839057118,48009403158434809478298710137233764200988036438868259456275038304221065242292,101379581344212856035375194820281365028426536613141130008386086305632315345538,79536991917723458803978310116130766322619460410755596125737370937888518829583,101379581344212856035375194820281365028426536613141130008386086305632315345538,31527588759288649325679599978897002121631423971887336669462332633667453587291,115792089237316195423570985008687907853269984665640564039457584007908834671663,0,1,glv_psi2,False,True,False,False
glv_lambda2,32->lam2,32,66734409989486248765641747624366331951528165294381164572924937184283841077099,95440839670107969455973995843666399663662641812074432045896568980475242364517,67400892360194400039319989411395972789004161889863182881857158544061243615929,107376572167351707030122029888039770751805639905368877236551983931824708509307,67400892360194400039319989411395972789004161889863182881857158544061243615929,11935732497243737574148034044373371088142998093294445190655414951349466144790,115792089237316195423570985008687907853269984665640564039457584007908834671663,0,1,glv_psi2,False,True,False,False
glv_lambda2,33->lam2,33,29016329626330251862715526140891311500600507738898577584308316641395843097080,10219441022991940610048493520113102240595005085840974180672104038719657072293,84023467742492607926612431243360899514584580916128500081114886405247779677078,9720750636941568069824384371074174686593338599512747675975240216735757844537,84023467742492607926612431243360899514584580916128500081114886405247779677078,-498690386050372540224109149038927554001666486328226504696863821983899227756,115792089237316195423570985008687907853269984665640564039457584007908834671663,0,1,glv_psi2,False,True,False,False
glv_lambda2,34->lam2,34,107090338500490450383360289666104198902510414462490894978296859240026006611398,12619776604307790469550660645393525758448419897555601226868753617320214526993,86272100689574882152938150858861318820088413186167100601966648021512258522745,51621306087540643697826933940410093273824082238259698521742564004829863413479,86272100689574882152938150858861318820088413186167100601966648021512258522745,39001529483232853228276273295016567515375662340704097294873810387509648886486,115792089237316195423570985008687907853269984665640564039457584007908834671663,0,1,glv_psi2,False,True,False,False
glv_lambda2,35->lam2,35,69372258137334453480434068182629178451582756907008307989680238697138008631379,43584328072464330665967763306297595761508151294385275883849271528835646125177,1171731419844835688478928898148416329180259014376715189840427072871218252873,14328346861796545185060764905676188957806575846891603411479841769642960607095,1171731419844835688478928898148416329180259014376715189840427072871218252873,-29255981210667785480906998400621406803701575447493672472369429759192685518082,115792089237316195423570985008687907853269984665640564039457584007908834671663,0,1,glv_psi2,False,True,False,False
glv_lambda2,36->lam2,36,31654177774178456577507846699154158000655099351525721001063618154250010651360,101419098787597942766661010883841213675986572091206578880178916574081925093625,53748097764673089702489673031527129553025318704228137363806494938199580582828,83355929795367926539779720946019384316636405619184632937846331918691348147840,53748097764673089702489673031527129553025318704228137363806494938199580582828,-18063168992230016226881289937821829359350166472021945942332584655390576945785,115792089237316195423570985008687907853269984665640564039457584007908834671663,0,1,glv_psi2,False,True,False,False
glv_lambda2,37->lam2,37,109728186648338655098152610224367045402565006075118038395052160752880174165678,44696466249196887777481833878429299174322536392992392205634510941844339159869,58341336599715296255997469230977942456412351469447624645098110293822755987119,109301866709849795567074135902188704696501738869607008275911742204549311694958,58341336599715296255997469230977942456412351469447624645098110293822755987119,64605400460652907789592302023759405522179202476614616070277231262704972535089,115792089237316195423570985008687907853269984665640564039457584007908834671663,0,1,glv_psi2,False,True,False,False
glv_lambda2,38->lam2,38,72010106285182658195226388740892024951637348519635451406435540209992176185659,82592391416753704330480457266605199466589998476548643675167586509583694299127,96352244311289141626709213538144106127822954871227876742730890119647945927428,96306651615467793347335710859121853350950299963006666287005910166482137368294,96352244311289141626709213538144106127822954871227876742730890119647945927428,13714260198714089016855253592516653884360301486458022611838323656898443069167,115792089237316195423570985008687907853269984665640564039457584007908834671663,0,1,glv_psi2,False,True,False,False
glv_lambda2,39->lam2,39,34292025922026661292300167257417004500709690964152864417818919667104178205640,58245954963044076335222193032419637688317373475605757277584156718458924469103,12764036181290433088658499435961200322530176588733628912045896254235383420282,48249654958953582814564992475411747092587258489218786096470406951519827009311,12764036181290433088658499435961200322530176588733628912045896254235383420282,-9996300004090493520657200557007890595730114986386971181113749766939097459792,115792089237316195423570985008687907853269984665640564039457584007908834671663,0,1,glv_psi2,False,True,False,False
glv_lambda2,40->lam2,40,112366034796186859812944930782629891902619597687745181811807462265734341719958,65977930378964483966842705159007630837451149704819265634327747226133817150731,106574384264472205627876631445935175739834375489227447805380155393950263965849,30209054048646703422690252023788118328286617171184461487251882012202444434101,106574384264472205627876631445935175739834375489227447805380155393950263965849,-35768876330317780544152453135219512509164532533634804147075865213931372716630,115792089237316195423570985008687907853269984665640564039457584007908834671663,0,1,glv_psi2,False,True,False,False
glv_lambda2,41->lam2,41,74647954433030862910018709299154871451691940132262594823190841722846343739939,55442706224332212356956949983947160877073898960448236395042968736464621521147,5905242281663190858892708265754696019921609450612128937011632221309721495543,87033862523404453146638201575906718539488160970328693546947838862986116741664,5905242281663190858892708265754696019921609450612128937011632221309721495543,31591156299072240789681251591959557662414262009880457151904870126521495220517,115792089237316195423570985008687907853269984665640564039457584007908834671663,0,1,glv_psi2,False,True,False,False
glv_lambda2,42->lam2,42,36929874069874866007092487815679851000764282576780007834574221179958345759920,115136800820456833737994126771386015026287095034625623644186278108926690779567,3479535755779840016334846590594739014278212596066547564422106861430200972724,97041584777792286036410447026879193145302164717845751751904556715886455865455,3479535755779840016334846590594739014278212596066547564422106861430200972724,-18095216042664547701583679744506821880984930316779871892281721393040234914112,115792089237316195423570985008687907853269984665640564039457584007908834671663,0,1,glv_psi2,False,True,False,False
glv_lambda2,43->lam2,43,115003882944035064527737251340892738402674189300372325228562763778588509274238,96414945312501980282409358461754977502747357521062737878469375231739675541449,108016644921439980219149763541432916357155273945921323318636524851968650287411,29423736292527612644645585051784761201342728268964937672774628476284166853294,108016644921439980219149763541432916357155273945921323318636524851968650287411,-66991209019974367637763773409970216301404629252097800205694746755455508688155,115792089237316195423570985008687907853269984665640564039457584007908834671663,0,1,glv_psi2,False,True,False,False
glv_lambda2,44->lam2,44,77285802580879067624811029857417717951746531744889738239946143235700511294219,42072772011086351294328511389423850314698152445154323541536957340534349973349,99133657745585934968186133288050721248258413615930917407282740640761199917928,22587720633468918733228150076356220829612840336029475755545827224537216591515,99133657745585934968186133288050721248258413615930917407282740640761199917928,-19485051377617432561100361313067629485085312109124847785991130115997133381834,115792089237316195423570985008687907853269984665640564039457584007908834671663,0,1,glv_psi2,False,True,False,False
glv_lambda2,45->lam2,45,39567722217723070721884808373942697500818874189407151251329522692812513314200,2069755349039566255304036353648839232649715781170511813011535420394543798627,53173698995439924366951845531266805314230463309822098990695656330917108292762,71060878197771836638851077854645886803894631452523648882811956117384168344463,53173698995439924366951845531266805314230463309822098990695656330917108292762,68991122848732270383547041500997047571244915671353137069800420696989624545836,115792089237316195423570985008687907853269984665640564039457584007908834671663,0,1,glv_psi2,False,True,False,False
glv_lambda2,46->lam2,46,1849641854567073818958586890467677049891216633924564262712902149924515334181,112485767891133126222498548010271946438760990210983300801299715976951536768791,85739109496996784368776054024999276184984966609644199395125789597014054674947,44864808492118672589301418563211897598836118584800280685440567564954696612046,85739109496996784368776054024999276184984966609644199395125789597014054674947,-67620959399014453633197129447060048839924871626183020115859148411996840156745,115792089237316195423570985008687907853269984665640564039457584007908834671663,0,1,glv_psi2,False,True,False,False
glv_lambda2,47->lam2,47,79923650728727272339603350415680564451801123357516881656701444748554678848499,54253141229701892740678441538472478126466317116121420289154985997987923385716,67647191893224491627918802490479062705030965032432110320079555712709270724822,104667910007197613263619817845074094987471759092424151317847756349582461197886,67647191893224491627918802490479062705030965032432110320079555712709270724822,50414768777495720522941376306601616861005441976302731028692770351594537812170,115792089237316195423570985008687907853269984665640564039457584007908834671663,0,1,glv_psi2,False,True,False,False
glv_lambda2,48->lam2,48,42205570365571275436677128932205544000873465802034294668084824205666680868480,50111670963408569345385204828013406423962206186815367070190059614189255189955,96344650049071302355595011727277439354119658646232861677212062449792674989672,11441441462078540537275479503899740833576964529902041499221650556272715693823,96344650049071302355595011727277439354119658646232861677212062449792674989672,-38670229501330028808109725324113665590385241656913325570968409057916539496132,115792089237316195423570985008687907853269984665640564039457584007908834671663,0,1,glv_psi2,False,True,False,False
glv_lambda2,49->lam2,49,4487490002415278533750907448730523549945808246551707679468203662778682888461,109846273198995465046214558810696509369395695668678477567979041624391316796720,101711840700253487202274292900077312932162220876743713596510869779955653950519,59884988956897900850717590720562566983572290212842393312771278226003293216064,101711840700253487202274292900077312932162220876743713596510869779955653950519,-49961284242097564195496968090133942385823405455836084255207763398388023580656,115792089237316195423570985008687907853269984665640564039457584007908834671663,0,1,glv_psi2,False,True,False,False
glv_lambda2,50->lam2,50,82561498876575477054395670973943410951855714970144025073456746261408846402779,18752372355191540835222161239240920883340654532661984440989362140194381601434,88478450163343634110113046083156231725329016889379853417393465962619872936244,31991550088259552618039367412372463178536522645591166036615002630446594349916,88478450163343634110113046083156231725329016889379853417393465962619872936244,13239177733068011782817206173131542295195868112929181595625640490252212748482,115792089237316195423570985008687907853269984665640564039457584007908834671663,0,1,glv_psi2,False,True,False,False
glv_lambda2,51->lam2,51,44843418513419480151469449490468390500928057414661438084840125718520848422760,31766568681566786811585556083273569704981103744700868374944839455567139361883,42892316439533998508363691869839348703863091985464714880496520815537080971390,103996910693791467677112659499702336116352523743347307265851617784837642520374,42892316439533998508363691869839348703863091985464714880496520815537080971390,72230342012224680865527103416428766411371419998646438890906778329270503158491,115792089237316195423570985008687907853269984665640564039457584007908834671663,0,1,glv_psi2,False,True,False,False
glv_lambda2,52->lam2,52,7125338150263483248543228006993370050000399859178851096223505175632850442741,19511180689223863964676874168627421459323156917296991798297923962201555596949,57367979562017697409196531308288663269903370049256107839675184520239291074509,49896158918019803019139679374266967193099891804179743839507022022283542647878,57367979562017697409196531308288663269903370049256107839675184520239291074509,30384978228795939054462805205639545733776734886882752041209098060081987050929,115792089237316195423570985008687907853269984665640564039457584007908834671663,0,1,glv_psi2,False,True,False,False
glv_lambda2,53->lam2,53,85199347024423681769187991532206257451910306582771168490212047774263013957059,109204401742901676102938274178210524270147101032576152349016621748734496666183,93562928090829704595527535353598406140745506107437687143296992058804640357878,45185464743224103318411141645706355084721184285324653691972840881486087507911,93562928090829704595527535353598406140745506107437687143296992058804640357878,-64018936999677572784527132532504169185425916747251498657043780867248409158272,115792089237316195423570985008687907853269984665640564039457584007908834671663,0,1,glv_psi2,False,True,False,False
glv_lambda2,54->lam2,54,47481266661267684866261770048731237000982649027288581501595427231375015977040,36122698064134239917117034944532638029925389202648589133547978226819319812203,17027329777463400105144356958107372283640412543533161381521436991456009891579,114682033477000824134336484268689040619406556208080249631645681654674597136172,17027329777463400105144356958107372283640412543533161381521436991456009891579,78559335412866584217219449324156402589481167005431660498097703427855277323969,115792089237316195423570985008687907853269984665640564039457584007908834671663,0,1,glv_psi2,False,True,False,False
glv_lambda2,55->lam2,55,9763186298111687963335548565256216550054991471805994512978806688487017997021,91804187441772561664481510830917750223077921964002572402238128845622951625169,91945440139593333380184788272080657792196709314822575974121657953469941695606,69277371347376549724308038598133505811848844803470915969410446957304717624205,91945440139593333380184788272080657792196709314822575974121657953469941695606,-22526816094396011940173472232784244411229077160531656432827681888318234000964,115792089237316195423570985008687907853269984665640564039457584007908834671663,0,1,glv_psi2,False,True,False,False
glv_lambda2,56->lam2,56,87837195172271886483980312090469103951964898195398311906967349287117181511339,85443494863408502680908561006538876660936831179320971186834465657383528300823,41574129741798670788318102088797945519763253166412892215513009393101328479924,98280879318019217268641015519913891296748000309541233739465784053833057568980,41574129741798670788318102088797945519763253166412892215513009393101328479924,12837384454610714587732454513375014635811169130220262552631318396449529268157,115792089237316195423570985008687907853269984665640564039457584007908834671663,0,1,glv_psi2,False,True,False,False
glv_lambda2,57->lam2,57,50119114809115889581054090606994083501037240639915724918350728744229183531320,17189284425153064836001861279656763224636129289551722165462018837400972173600,29445779904272847763706160655321487704701247799275275841430067857695472241472,49509611736988316473999031947389503032487300485739767299348490316368238971404,29445779904272847763706160655321487704701247799275275841430067857695472241472,32320327311835251637997170667732739807851171196188045133886471478967266797804,115792089237316195423570985008687907853269984665640564039457584007908834671663,0,1,glv_psi2,False,True,False,False
glv_lambda2,58->lam2,58,12401034445959892678127869123519063050109583084433137929734108201341185551301,31361859868524256934340493392748324439250961207479738197811398391136366390587,66949045302018276465653829790546454755295341269007016439257946146448951430658,15402203390555975597166333331983379754758260779031515811174604555663146650627,66949045302018276465653829790546454755295341269007016439257946146448951430658,-15959656477968281337174160060764944684492700428448222386636793835473219739960,115792089237316195423570985008687907853269984665640564039457584007908834671663,0,1,glv_psi2,False,True,False,False
glv_lambda2,59->lam2,59,90475043320120091198772632648731950452019489808025455323722650799971349065619,53467956276192349861948221937171498503643177269204461230384245004177138836533,4119214727602775607932521128681884153131966461396859633231677764244527094881,64356457423915293465175753457287321837213990054752549007055650168710939824730,4119214727602775607932521128681884153131966461396859633231677764244527094881,10888501147722943603227531520115823333570812785548087776671405164533800988197,115792089237316195423570985008687907853269984665640564039457584007908834671663,0,1,glv_psi2,False,True,False,False
glv_lambda2,60->lam2,60,52756962956964094295846411165256930001091832252542868335106030257083351085600,518559790775991926153431284348924991691752894319091408626305042091127390610,7754554211713140270585379622151031431183921268920287121212618482407411327399,67441743839260164913014863268565812132388506967286151434979919631205600982290,7754554211713140270585379622151031431183921268920287121212618482407411327399,66923184048484172986861431984216887140696754072967060026353614589114473591680,115792089237316195423570985008687907853269984665640564039457584007908834671663,0,1,glv_psi2,False,True,False,False
glv_lambda2,61->lam2,61,15038882593808097392920189681781909550164174697060281346489409714195353105581,53058764004935428650100139287376587679652978405430403380587712871864611556376,2918800479109537269737873642942211407706668016660669097675760428828773803651,92580924014211738686344873376048252457810653728344136621812170079063929325358,2918800479109537269737873642942211407706668016660669097675760428828773803651,39522160009276310036244734088671664778157675322913733241224457207199317768982,115792089237316195423570985008687907853269984665640564039457584007908834671663,0,1,glv_psi2,False,True,False,False
glv_lambda2,62->lam2,62,93112891467968295913564953206994796952074081420652598740477952312825516619899,7470696802146976875048795875680307511987987110754117830917946933599684326041,35498370868222357101075189419100726924131867018781426271212491175192595798687,74204564219402765305577465123149244346974224520466136072714535321334136373830,35498370868222357101075189419100726924131867018781426271212491175192595798687,66733867417255788430528669247468936834986237409712018241796588387734452047789,115792089237316195423570985008687907853269984665640564039457584007908834671663,0,1,glv_psi2,False,True,False,False
glv_lambda2,63->lam2,63,55394811104812299010638731723519776501146423865170011751861331769937518639880,103082696326686084252692006348842617458364360484939043050040089399696685644264,40612530833850030770560071666434436443194162318210174699750855405684277524469,67104246766786933962748180092752798225251771499765559601162970341293140954880,40612530833850030770560071666434436443194162318210174699750855405684277524469,-35978449559899150289943826256089819233112588985173483448877119058403544689384,115792089237316195423570985008687907853269984665640564039457584007908834671663,0,1,glv_psi2,False,True,False,False
glv_lambda2,64->lam2,64,17676730741656302107712510240044756050218766309687424763244711227049520659861,86454928033100054822938644242727206101601557724291916072342392316125160730507,41929975541376036990359335647717381527212342035893043668288666074313354583455,58075518533309976530773791465274255180821962955474745374782225766642430487296,41929975541376036990359335647717381527212342035893043668288666074313354583455,-28379409499790078292164852777452950920779594768817170697560166549482730243211,115792089237316195423570985008687907853269984665640564039457584007908834671663,0,1,glv_psi2,False,True,False,False
hold_add_+1,p105,29083230144918045706788529192435,29083230144918045706788529192436,85472652198433121950841823744746716770135193065697857406943610820940839638907,2273491733972386163740165494026048845412452493532013887904800652580241064735,65263043299909276204245624351797472398195925607724996700671051522959368142585,50853317349168387726249591170885615402365391280398735173196470646042146581273,-20209608898523845746596199392949244371939267457972860706272559297981471496322,115792089237316195423570985008687907853269984665640564039457584007908834671663,48579825615196001562509425676859566556952938786866721285291669993461905516538,13407807929942597099574024998205846127479365820592393377723561443720769383374469661147847687812952081302854773939601805382211292725060150247698793015185569,none,False,False,False,False
hold_add_+1,p110,1090246098153987172547740458951748,1090246098153987172547740458951749,4338352488447277069681865763767263000525504203189618609162334752999592040061,1327516183598579617836816008839248279861745347961002707181648029680335235001,68808162210799459402223202070530227384002697852934139968328639061705298534004,96663791297086969578954984814755536947051900563835194857730691129420833669516,64469809722352182332541336306762964383477193649744521359166304308705706493943,115792089237316195423570985008687907853269984665640564039457584007908834671663,95336275113488389961118168805916288667190155215874192150549043099740498434515,13407807929942597099574024998205846127479365820592393377723561443720769383374469661147847687812952081302854773939601805382211292725060150247698793015185569,none,False,False,False,False
hold_add_+1,p115,31464123230573852164273674364426950,31464123230573852164273674364426951,32939465712855543687621080654651021859979376333843015892822995152318610898773,46560755643746305144975040470607841658328142774650200719470619734417618747604,9009413945395262892431879124028177385602678243498490213561494001985618963995,66840226118806232544650656537529876452049065385017358356129782279572722660720,-23930051767460280795189201530622844474376698090344525679261501150332991934778,115792089237316195423570985008687907853269984665640564039457584007908834671663,20279470475059927399675616066922034793720922610367157636659162545155103913116,13407807929942597099574024998205846127479365820592393377723561443720769383374469661147847687812952081302854773939601805382211292725060150247698793015185569,none,False,False,False,False
hold_add_+1,p120,919343500840980333540511050618764323,919343500840980333540511050618764324,93499419120076195219278579763555015417347613618260420189054155605804414805552,19494200143356336257404688340550956357466777176798681646526975620299854296492,64962682380277909434181552020034107484108220082596137887643208610311746983841,112757783985577453320959192943177655700038018227258611466311984270472477728569,-28536736739798285785097027743520907933239393535664282301410946995492667821711,115792089237316195423570985008687907853269984665640564039457584007908834671663,93263583842221117063554504602626699342571241050459929819785008650172623432077,13407807929942597099574024998205846127479365820592393377723561443720769383374469661147847687812952081302854773939601805382211292725060150247698793015185569,none,False,False,False,False
hold_add_+1,p125,37650549717742544505774009877315221420,37650549717742544505774009877315221421,23266937399999944120243183575366069139753606644194491618844068395400303144974,19046944643243374794723275227850600835724258179117516648603681200280499231816,41776047409348402755566491982774715142613195508522278564895142602688225887219,112451558685756544527572839447190399602066342007477508656480492204710013784447,18509110009348458635323308407408646002859588864327786946051074207287922742245,115792089237316195423570985008687907853269984665640564039457584007908834671663,93404614042513169732849564219339798766342083828359992007876811004429514552631,13407807929942597099574024998205846127479365820592393377723561443720769383374469661147847687812952081302854773939601805382211292725060150247698793015185569,none,False,False,False,False
hold_add_+1,p130,1103873984953507439627945351144005829577,1103873984953507439627945351144005829578,44886295857190546091508615621464465421050773292389158775895365558788257183826,79820197542983972470655013754473404410649480536210503962616926227235987362275,89987640034705553888463884969573197600050121355987055700909201138920171550633,49410981660074839076675027919770638620749769279538796811098142832612643312695,45101344177515007796955269348108732178999348063597896925013835580131914366807,115792089237316195423570985008687907853269984665640564039457584007908834671663,-30409215882909133393979985834702765789899711256671707151518783394623344049580,13407807929942597099574024998205846127479365820592393377723561443720769383374469661147847687812952081302854773939601805382211292725060150247698793015185569,none,False,False,False,False
hold_double,p105,29083230144918045706788529192435,58166460289836091413577058384870,85472652198433121950841823744746716770135193065697857406943610820940839638907,2273491733972386163740165494026048845412452493532013887904800652580241064735,95583291476498106651080573233860811428154583851776496344954894879513850051238,77947252985122340430455032647441777202845581802456096848580328873638876612047,10110639278064984700238749489114094658019390786078638938011284058573010412331,115792089237316195423570985008687907853269984665640564039457584007908834671663,75673761251149954266714867153415728357433129308924082960675528221058635547312,13407807929942597099574024998205846127479365820592393377723561443720769383374469661147847687812952081302854773939601805382211292725060150247698793015185569,none,False,False,False,False
hold_double,p110,1090246098153987172547740458951748,2180492196307974345095480917903496,4338352488447277069681865763767263000525504203189618609162334752999592040061,1327516183598579617836816008839248279861745347961002707181648029680335235001,14440303686351534396166627682407015058869994022333552508101776178912786879769,9664618727711696324501095412964563588084587660374301311070975652804016130814,10101951197904257326484761918639752058344489819143933898939441425913194839708,115792089237316195423570985008687907853269984665640564039457584007908834671663,8337102544113116706664279404125315308222842312413298603889327623123680895813,13407807929942597099574024998205846127479365820592393377723561443720769383374469661147847687812952081302854773939601805382211292725060150247698793015185569,none,False,False,False,False
hold_double,p115,31464123230573852164273674364426950,62928246461147704328547348728853900,32939465712855543687621080654651021859979376333843015892822995152318610898773,46560755643746305144975040470607841658328142774650200719470619734417618747604,3935818868745287464405785844868235894641894642492918196549573216786623535545,100549093280626884924323236575815667086684466407964263550819984581842529441862,-29003646844110256223215294809782785965337481691350097696273421935531987363228,115792089237316195423570985008687907853269984665640564039457584007908834671663,53988337636880579779348196105207825428356323633314062831349364847424910694258,13407807929942597099574024998205846127479365820592393377723561443720769383374469661147847687812952081302854773939601805382211292725060150247698793015185569,none,False,False,False,False
hold_double,p120,919343500840980333540511050618764323,1838687001681960667081022101237528646,93499419120076195219278579763555015417347613618260420189054155605804414805552,19494200143356336257404688340550956357466777176798681646526975620299854296492,38813776646377425835109907286104763311032509306745695108175406642196518131228,64600396061582308595245952682682787820547748332510527667832691250362928115984,-54685642473698769384168672477450252106315104311514725080878748963607896674324,115792089237316195423570985008687907853269984665640564039457584007908834671663,45106195918225972337841264342131831463080971155711846021305715630063073819492,13407807929942597099574024998205846127479365820592393377723561443720769383374469661147847687812952081302854773939601805382211292725060150247698793015185569,none,False,False,False,False
hold_double,p125,37650549717742544505774009877315221420,75301099435485089011548019754630442840,23266937399999944120243183575366069139753606644194491618844068395400303144974,19046944643243374794723275227850600835724258179117516648603681200280499231816,79903757947445726773667593516770826466145366697114970360675478652996360780343,23545703696154462794746301145403673978254013294386683655076367795970468128846,56636820547445782653424409941404757326391760052920478741831410257596057635369,115792089237316195423570985008687907853269984665640564039457584007908834671663,4498759052911088000023025917553073142529755115269167006472686595689968897030,13407807929942597099574024998205846127479365820592393377723561443720769383374469661147847687812952081302854773939601805382211292725060150247698793015185569,none,False,False,False,False
hold_double,p130,1103873984953507439627945351144005829577,2207747969907014879255890702288011659154,44886295857190546091508615621464465421050773292389158775895365558788257183826,79820197542983972470655013754473404410649480536210503962616926227235987362275,10723187609537399482918198568440674324483560558388833512447268967463295538278,37483800376942083616204685483603546063239554887844437538222475711804929790398,-34163108247653146608590417053023791096567212734000325263448096591324961645548,115792089237316195423570985008687907853269984665640564039457584007908834671663,-42336397166041888854450328270869858347409925648366066424394450515431057571877,13407807929942597099574024998205846127479365820592393377723561443720769383374469661147847687812952081302854773939601805382211292725060150247698793015185569,none,False,False,False,False
hold_neg,p105,29083230144918045706788529192435,115792089237316195423570985008687907852837564249991674237687117434729632301902,85472652198433121950841823744746716770135193065697857406943610820940839638907,2273491733972386163740165494026048845412452493532013887904800652580241064735,85472652198433121950841823744746716770135193065697857406943610820940839638907,113518597503343809259830819514661859007857532172108550151552783355328593606928,0,1,111245105769371423096090654020635810162445079678576536263647982702748352542193,13407807929942597099574024998205846127479365820592393377723561443720769383374469661147847687812952081302854773939601805382211292725060150247698793015185569,negation_canonical_layers,True,False,True,False
hold_neg,p110,1090246098153987172547740458951748,115792089237316195423570985008687907852837563188828806228617990593777702542589,4338352488447277069681865763767263000525504203189618609162334752999592040061,1327516183598579617836816008839248279861745347961002707181648029680335235001,4338352488447277069681865763767263000525504203189618609162334752999592040061,114464573053717615805734168999848659573408239317679561332275935978228499436662,0,1,113137056870119036187897352991009411293546493969718558625094287948548164201661,13407807929942597099574024998205846127479365820592393377723561443720769383374469661147847687812952081302854773939601805382211292725060150247698793015185569,negation_canonical_layers,True,False,True,False
hold_neg,p115,31464123230573852164273674364426950,115792089237316195423570985008687907852837532814951673808752998867843797067387,32939465712855543687621080654651021859979376333843015892822995152318610898773,46560755643746305144975040470607841658328142774650200719470619734417618747604,32939465712855543687621080654651021859979376333843015892822995152318610898773,69231333593569890278595944538080066194941841890990363319986964273491215924059,0,1,22670577949823585133620904067472224536613699116340162600516344539073597176455,13407807929942597099574024998205846127479365820592393377723561443720769383374469661147847687812952081302854773939601805382211292725060150247698793015185569,negation_canonical_layers,True,False,True,False
hold_neg,p120,919343500840980333540511050618764323,115792089237316195423570985008687907852836644935574063402271622630467542730014,93499419120076195219278579763555015417347613618260420189054155605804414805552,19494200143356336257404688340550956357466777176798681646526975620299854296492,93499419120076195219278579763555015417347613618260420189054155605804414805552,96297889093959859166166296668136951495803207488841882392930608387608980375171,0,1,76803688950603522908761608327585995138336430312043200746403632767309126078679,13407807929942597099574024998205846127479365820592393377723561443720769383374469661147847687812952081302854773939601805382211292725060150247698793015185569,negation_canonical_layers,True,False,True,False
hold_neg,p125,37650549717742544505774009877315221420,115792089237316195423570985008687907852799913729357161838099389131640846272917,23266937399999944120243183575366069139753606644194491618844068395400303144974,19046944643243374794723275227850600835724258179117516648603681200280499231816,23266937399999944120243183575366069139753606644194491618844068395400303144974,96745144594072820628847709780837307017545726486523047390853902807628335439847,0,1,77698199950829445834124434552986706181821468307405530742250221607347836208031,13407807929942597099574024998205846127479365820592393377723561443720769383374469661147847687812952081302854773939601805382211292725060150247698793015185569,negation_canonical_layers,True,False,True,False
hold_neg,p130,1103873984953507439627945351144005829577,115792089237316195423570985008687907851733690294121396942977217790374155664760,44886295857190546091508615621464465421050773292389158775895365558788257183826,79820197542983972470655013754473404410649480536210503962616926227235987362275,44886295857190546091508615621464465421050773292389158775895365558788257183826,35971891694332222952915971254214503442620504129430060076840657780672847309388,0,1,-43848305848651749517739042500258900968028976406780443885776268446563140052887,13407807929942597099574024998205846127479365820592393377723561443720769383374469661147847687812952081302854773939601805382211292725060150247698793015185569,negation_canonical_layers,True,False,True,False
hold_glv,p105,29083230144918045706788529192435,70826578424378765527368665564969720004460961065623455591205143536345583748566,85472652198433121950841823744746716770135193065697857406943610820940839638907,2273491733972386163740165494026048845412452493532013887904800652580241064735,96006937818439416308657629761886405786054735336034342600333958722530011216898,2273491733972386163740165494026048845412452493532013887904800652580241064735,10534285620006294357815806017139689015919542270336485193390347901589171577991,115792089237316195423570985008687907853269984665640564039457584007908834671663,0,1,glv_psi,False,True,False,True
hold_glv,p110,1090246098153987172547740458951748,56004383803840230933303254429645983638466758612982131850052271550017100938047,4338352488447277069681865763767263000525504203189618609162334752999592040061,1327516183598579617836816008839248279861745347961002707181648029680335235001,81050150128012775115787372333320919915713446951655073534665667750275770848243,1327516183598579617836816008839248279861745347961002707181648029680335235001,76711797639565498046105506569553656915187942748465454925503332997276178808182,115792089237316195423570985008687907853269984665640564039457584007908834671663,0,1,glv_psi,False,True,False,True
hold_glv,p115,31464123230573852164273674364426950,77731733286257787659726226733509225733856360153264918090999317050089587230934,32939465712855543687621080654651021859979376333843015892822995152318610898773,46560755643746305144975040470607841658328142774650200719470619734417618747604,101799235034238312377638536491601060306370383419401458561357245694173516387397,46560755643746305144975040470607841658328142774650200719470619734417618747604,68859769321382768690017455836950038446391007085558442668534250541854905488624,115792089237316195423570985008687907853269984665640564039457584007908834671663,0,1,glv_psi,False,True,False,True
hold_glv,p120,919343500840980333540511050618764323,63152690918015820977278384561369443481546020407038157684394072039433953693301,93499419120076195219278579763555015417347613618260420189054155605804414805552,19494200143356336257404688340550956357466777176798681646526975620299854296492,9282750518438415736594171833778980262852475184778590245272637136145108151826,19494200143356336257404688340550956357466777176798681646526975620299854296492,-84216668601637779482684407929776035154495138433481829943781518469659306653726,115792089237316195423570985008687907853269984665640564039457584007908834671663,0,1,glv_psi,False,True,False,True
hold_glv,p125,37650549717742544505774009877315221420,58604516775007114171642855412390325599023393856488428094096806863898122031430,23266937399999944120243183575366069139753606644194491618844068395400303144974,19046944643243374794723275227850600835724258179117516648603681200280499231816,130153809788748693704355580455907576149983134721873698082100443001958093452,19046944643243374794723275227850600835724258179117516648603681200280499231816,-23136783590211195426538827994910161563603623509472617920761967952398345051522,115792089237316195423570985008687907853269984665640564039457584007908834671663,0,1,glv_psi,False,True,False,True
hold_glv,p130,1103873984953507439627945351144005829577,70698005671758789728983742870535296608530591930299860450083263145555579293798,44886295857190546091508615621464465421050773292389158775895365558788257183826,79820197542983972470655013754473404410649480536210503962616926227235987362275,110656234983291505648476369432787298487439211794675534436033366747854187627161,79820197542983972470655013754473404410649480536210503962616926227235987362275,65769939126100959556967753811322833066388438502286375660138001189065930443335,115792089237316195423570985008687907853269984665640564039457584007908834671663,0,1,glv_psi,False,True,False,True
