RANK-FIRST FULL MATRIX — every sort key
Solved Spearman cohort size (Px,sVH,sCHK,h160,z,r): 82
Cells = dense linear ranks (1=smallest). Blank=missing.
Y2p/X3p Delta_Rk always 0 (mod-p identity). Use y2_full/x3plus7_full/p_carry for real account.

=== ROW ORDER = rank(n) ===
  n    n h160   Px   Py neg_  Y2p  X3p y2_f x3pl p_ca    r    s    z   Ry  sVH
------------------------------------------------------------------------------
  1    1   65   51   26   63   24   24   26   51   51   11   82   76   54  132
  2    2   73   86   21   68   82   82   21   86   86   37   64   59   80   46
  3    3   50   41   40   49   73   73   40   41   41   31   18   74   33   98
  4    4   87   20   31   58   62   62   31   20   20   62   70   69   13   33
  5    5   84   23   18   71   51   51   18   23   23   47   35   20   28   78
  6    6  157   82   81    8   30   30   81   82   82   30    1   19   65  145
  7    7  134   62   66   23   76   76   66   62   62   69    9    9   52   89
  8    8  129    2   74   15   11   11   74    2    2   36    4   64   26   69
  9    9   72   31   51   38    3    3   51   31   31    3   50    3   18   42
 10   10  124   69   77   12   27   27   77   69   69   56   41   24   51  135
 11   11  154   58   12   77   21   21   12   58   58    9   84   14   49  155
 12   12   79   57   35   54   87   87   35   57   57   16   37   83   36  149
 13   13  156   70   17   72   83   83   17   70   70   86   33   30   12   66
 14   14   88   74   45   44   19   19   45   74   74   70   58   41   58   19
 15   15  159   88   70   19   65   65   70   88   88   61   83   28   16  100
 16   16   62   64   49   40    1    1   49   64   64   60   52   48   63    6
 17   17  105   29   22   67   69   69   22   29   29   33   88   42    8   15
 18   18   99    5   53   36   63   63   53    5    5    5   85   68   67   43
 19   19  140   54   25   64   68   68   25   54   54   17   55   79   32  131
 20   20  106   25   52   37   79   79   52   25   25   18   29   22   20  121
 21   21   18   13   16   73   22   22   16   13   13   44   74   78    9  120
 22   22   77   27   43   46   74   74   43   27   27    7   10   72   44   14
 23   23  121   85   55   34    6    6   55   85   85    1   53   57   73  138
 24   24    3   47   76   13   48   48   76   47   47   52   20   36   72   51
 25   25   22    1   64   25   61   61   64    1    1   12   78   56   40   54
 26   26  110   37    6   83   47   47    6   37   37   23   49   75   82   49
 27   27    5   14    3   86    4    4    3   14   14   68   48    8   70   47
 28   28    9   80    7   82   49   49    7   80   80   79   71   21   81  160
 29   29   46   46   85    4   43   43   85   46   46   73   60   27   27  122
 30   30  123    6   63   26   42   42   63    6    6   66    2   32   50  105
 31   31  125   56   24   65   10   10   24   56   56   39   51   63   11   88
 32   32   91    4   27   62   20   20   27    4    4   81   59   45   57   35
 33   33   40   66    4   85    2    2    4   66   66   65   17   65   19  110
 34   34  148   26   71   18   23   23   71   26   26    8   24   23   25   25
 35   35  149   84   54   35   28   28   54   84   84   29   86   53   60  153
 36   36   64   73   41   48   53   53   41   73   73   26   87   84   64  154
 37   37   17   52   34   55   84   84   34   52   52   63   36   39   48   86
 38   38  104   76   20   69   60   60   20   76   76   88   66   50   55   56
 39   39    4   19   19   70   32   32   19   19   19   46    3   26   53   13
 40   40   86   65   47   42    9    9   47   65   65   75   40   60    7  146
 41   41  122   72   56   33   75   75   56   72   72   50   77   70   37  148
 42   42   83   81   13   76   18   18   13   81   81   82   27   34   71  119
 43   43  155   68   69   20   56   56   69   68   68   27   25    5   46   55
 44   44   78   43   44   45   71   71   44   43   43   24   65   52   74  140
 45   45  146   48   61   28   57   57   61   48   48   72   57   86   30  113
 46   46   90   87   59   30   34   34   59   87   87   64   79   43   17   71
 47   47  153   24   67   22   64   64   67   24   24   67   42   15   15   16
 48   48   80   61   32   57   85   85   32   61   61   59   14   80   68    4
 49   49    6   39   65   24   17   17   65   39   39   49   61   10    5  108
 50   50  130   83   83    6   52   52   83   83   83   25   43   13   75   82
 51   51  145   59   48   41   14   14   48   59   59   85   39   49   43    2
 52   52   29   50   79   10   40   40   79   50   50   43   54   73    6   10
 53   53   23    7   37   52   29   29   37    7    7   45   62    6   14  109
 54   54  116   35    1   88    7    7    1   35   35   14   75   35    3  123
 55   55  127   55   10   79   25   25   10   55   55   74   26   33    2  137
 56   56   36   28   80    9    5    5   80   28   28   41   68   38   29   27
 57   57   25   67   42   47   44   44   42   67   67   83   63   44   56   41
 58   58   82    9   29   60   41   41   29    9    9   21   31   77   42   11
 59   59  102   30    8   81   37   37    8   30   30   53   11   17   61   84
 60   60  118   33   72   17   36   36   72   33   33   77   67   61    1   40
 61   61   56   34   75   14   67   67   75   34   34   38   12   81   38   60
 62   62  136   17   23   66   50   50   23   17   17   48   73   71   78   21
 63   63  144   45   30   59   80   80   30   45   45   76    8   12   10   23
 64   64   32    8   28   61   45   45   28    8    8   28   69   82   31    8
 65   65   43   21   82    7   13   13   82   21   21   35   46   18   66  159
 66   66   14   38   46   43   39   39   46   38   38   20   23   31   22   67
 67   67   63   10   84    5   38   38   84   10   10   42   76    4   41   79
 68   68  132   16   11   78   77   77   11   16   16   32   13   16    4   36
 69   69   52   36   73   16   86   86   73   36   36    6    6   55   77  144
 70   70   49   60   78   11   31   31   78   60   60   22   45   87   59   76
 71   71  150                                                               90
 72   72  109                                                               34
 73   73    8                                                              114
 74   74   93                                                               83
 75   75  108   49   57   32   54   54   57   49   49   13   47   85   35  157
 76   76   81                                                               77
 77   77   67                                                               24
 78   78   27                                                              136
 79   79   55                                                               57
 80   80   61   53   36   53   15   15   36   53   53   51   28   25   23   74
 81   81   28                                                               39
 82   82   13                                                               12
 83   83   16                                                               63
 84   84   71                                                              125
 85   85  117   18    9   80   26   26    9   18   18    4   81   29   62  124
 86   86  112                                                                7
 87   87  158                                                              106
 88   88   30                                                               65
 89   89   48                                                              139
 90   90  120   40   60   29   81   81   60   40   40    2   80   67   39   20
 91   91   89                                                              126
 92   92   54                                                              117
 93   93   35                                                               26
 94   94  113                                                               52
 95   95   51   63   58   31   12   12   58   63   63   78   44   40   21   80
 96   96   20                                                              111
 97   97   45                                                               44
 98   98   75                                                                9
 99   99  111                                                               17
100  100  114   78   50   39   35   35   50   78   78   34   56   11   76   97
101  101   69                                                               31
102  102  152                                                              115
103  103   59                                                              158
104  104   85                                                              107
105  105   70   75    5   84   55   55    5   75   75   15   34   58   24   87
106  106   42                                                               94
107  107   21                                                              151
108  108  103                                                              133
109  109  101                                                              129
110  110    7    3    2   87   72   72    2    3    3   19   38    2   69   92
111  111   39                                                              147
112  112   41                                                              150
113  113  141                                                               37
114  114   34                                                               50
115  115  139   32   39   50   46   46   39   32   32   55    5    1   47   91
116  116  137                                                               81
117  117  115                                                               29
118  118  147                                                               48
119  119  100                                                               95
120  120   37   77   15   74   66   66   15   77   77   58   15   46   34   64
121  121   98                                                                1
122  122  135                                                               73
123  123   76                                                               75
124  124   66                                                              127
125  125  151   22   14   75   70   70   14   22   22   10   72   37   79   38
126  126   57                                                               70
127  127   97                                                              143
128  128  133                                                              112
129  129  107                                                              134
130  130   94   44   62   27   58   58   62   44   44   57   19   51   45   93
131  131   33                                                                5
132  132  119                                                               59
133  133    1                                                              156
134  134   10                                                              141
135  135   31   12   38   51   59   59   38   12   12   71   22   54        85
136  136    2                                                               32
137  137   26                                                              130
138  138   58                                                               22
139  139   96                                                               72
140  140  160   15   88    1    8    8   88   15   15   80   21   88       118
141  141   68                                                               61
142  142   24                                                              103
143  143   11                                                                3
144  144  142                                                              104
145  145   47   71   33   56   33   33   33   71   71   54    7    7       102
146  146  128                                                               18
147  147   44                                                               99
148  148   95                                                               28
149  149   74                                                              128
150  150  131   11   87    2   16   16   87   11   11   87   32   66        58
151  151   12                                                              142
152  152  126                                                               53
153  153   38                                                              152
154  154  143                                                              116
155  155   60   42   86    3   88   88   86   42   42   84   16   47        62
156  156   92                                                               30
157  157   15                                                               45
158  158   53                                                               68
159  159   19                                                               96
160  160  138   79   68   21   78   78   68   79   79   40   30   62       101

=== ROW ORDER = rank(d) ===
  n    d h160   Px   Py neg_  Y2p  X3p y2_f x3pl p_ca    r    s    z   Ry  sVH
------------------------------------------------------------------------------
  1    1   65   51   26   63   24   24   26   51   51   11   82   76   54  132
  2    2   73   86   21   68   82   82   21   86   86   37   64   59   80   46
  3    3   50   41   40   49   73   73   40   41   41   31   18   74   33   98
  4    4   87   20   31   58   62   62   31   20   20   62   70   69   13   33
  5    5   84   23   18   71   51   51   18   23   23   47   35   20   28   78
  6    6  157   82   81    8   30   30   81   82   82   30    1   19   65  145
  7    7  134   62   66   23   76   76   66   62   62   69    9    9   52   89
  8    8  129    2   74   15   11   11   74    2    2   36    4   64   26   69
  9    9   72   31   51   38    3    3   51   31   31    3   50    3   18   42
 10   10  124   69   77   12   27   27   77   69   69   56   41   24   51  135
 11   11  154   58   12   77   21   21   12   58   58    9   84   14   49  155
 12   12   79   57   35   54   87   87   35   57   57   16   37   83   36  149
 13   13  156   70   17   72   83   83   17   70   70   86   33   30   12   66
 14   14   88   74   45   44   19   19   45   74   74   70   58   41   58   19
 15   15  159   88   70   19   65   65   70   88   88   61   83   28   16  100
 16   16   62   64   49   40    1    1   49   64   64   60   52   48   63    6
 17   17  105   29   22   67   69   69   22   29   29   33   88   42    8   15
 18   18   99    5   53   36   63   63   53    5    5    5   85   68   67   43
 19   19  140   54   25   64   68   68   25   54   54   17   55   79   32  131
 20   20  106   25   52   37   79   79   52   25   25   18   29   22   20  121
 21   21   18   13   16   73   22   22   16   13   13   44   74   78    9  120
 22   22   77   27   43   46   74   74   43   27   27    7   10   72   44   14
 23   23  121   85   55   34    6    6   55   85   85    1   53   57   73  138
 24   24    3   47   76   13   48   48   76   47   47   52   20   36   72   51
 25   25   22    1   64   25   61   61   64    1    1   12   78   56   40   54
 26   26  110   37    6   83   47   47    6   37   37   23   49   75   82   49
 27   27    5   14    3   86    4    4    3   14   14   68   48    8   70   47
 28   28    9   80    7   82   49   49    7   80   80   79   71   21   81  160
 29   29   46   46   85    4   43   43   85   46   46   73   60   27   27  122
 30   30  123    6   63   26   42   42   63    6    6   66    2   32   50  105
 31   31  125   56   24   65   10   10   24   56   56   39   51   63   11   88
 32   32   91    4   27   62   20   20   27    4    4   81   59   45   57   35
 33   33   40   66    4   85    2    2    4   66   66   65   17   65   19  110
 34   34  148   26   71   18   23   23   71   26   26    8   24   23   25   25
 35   35  149   84   54   35   28   28   54   84   84   29   86   53   60  153
 36   36   64   73   41   48   53   53   41   73   73   26   87   84   64  154
 37   37   17   52   34   55   84   84   34   52   52   63   36   39   48   86
 38   38  104   76   20   69   60   60   20   76   76   88   66   50   55   56
 39   39    4   19   19   70   32   32   19   19   19   46    3   26   53   13
 40   40   86   65   47   42    9    9   47   65   65   75   40   60    7  146
 41   41  122   72   56   33   75   75   56   72   72   50   77   70   37  148
 42   42   83   81   13   76   18   18   13   81   81   82   27   34   71  119
 43   43  155   68   69   20   56   56   69   68   68   27   25    5   46   55
 44   44   78   43   44   45   71   71   44   43   43   24   65   52   74  140
 45   45  146   48   61   28   57   57   61   48   48   72   57   86   30  113
 46   46   90   87   59   30   34   34   59   87   87   64   79   43   17   71
 47   47  153   24   67   22   64   64   67   24   24   67   42   15   15   16
 48   48   80   61   32   57   85   85   32   61   61   59   14   80   68    4
 49   49    6   39   65   24   17   17   65   39   39   49   61   10    5  108
 50   50  130   83   83    6   52   52   83   83   83   25   43   13   75   82
 51   51  145   59   48   41   14   14   48   59   59   85   39   49   43    2
 52   52   29   50   79   10   40   40   79   50   50   43   54   73    6   10
 53   53   23    7   37   52   29   29   37    7    7   45   62    6   14  109
 54   54  116   35    1   88    7    7    1   35   35   14   75   35    3  123
 55   55  127   55   10   79   25   25   10   55   55   74   26   33    2  137
 56   56   36   28   80    9    5    5   80   28   28   41   68   38   29   27
 57   57   25   67   42   47   44   44   42   67   67   83   63   44   56   41
 58   58   82    9   29   60   41   41   29    9    9   21   31   77   42   11
 59   59  102   30    8   81   37   37    8   30   30   53   11   17   61   84
 60   60  118   33   72   17   36   36   72   33   33   77   67   61    1   40
 61   61   56   34   75   14   67   67   75   34   34   38   12   81   38   60
 62   62  136   17   23   66   50   50   23   17   17   48   73   71   78   21
 63   63  144   45   30   59   80   80   30   45   45   76    8   12   10   23
 64   64   32    8   28   61   45   45   28    8    8   28   69   82   31    8
 65   65   43   21   82    7   13   13   82   21   21   35   46   18   66  159
 66   66   14   38   46   43   39   39   46   38   38   20   23   31   22   67
 67   67   63   10   84    5   38   38   84   10   10   42   76    4   41   79
 68   68  132   16   11   78   77   77   11   16   16   32   13   16    4   36
 69   69   52   36   73   16   86   86   73   36   36    6    6   55   77  144
 70   70   49   60   78   11   31   31   78   60   60   22   45   87   59   76
 75   71  108   49   57   32   54   54   57   49   49   13   47   85   35  157
 80   72   61   53   36   53   15   15   36   53   53   51   28   25   23   74
 85   73  117   18    9   80   26   26    9   18   18    4   81   29   62  124
 90   74  120   40   60   29   81   81   60   40   40    2   80   67   39   20
 95   75   51   63   58   31   12   12   58   63   63   78   44   40   21   80
100   76  114   78   50   39   35   35   50   78   78   34   56   11   76   97
105   77   70   75    5   84   55   55    5   75   75   15   34   58   24   87
110   78    7    3    2   87   72   72    2    3    3   19   38    2   69   92
115   79  139   32   39   50   46   46   39   32   32   55    5    1   47   91
120   80   37   77   15   74   66   66   15   77   77   58   15   46   34   64
125   81  151   22   14   75   70   70   14   22   22   10   72   37   79   38
130   82   94   44   62   27   58   58   62   44   44   57   19   51   45   93
 71       150                                                               90
 72       109                                                               34
 73         8                                                              114
 74        93                                                               83
 76        81                                                               77
 77        67                                                               24
 78        27                                                              136
 79        55                                                               57
 81        28                                                               39
 82        13                                                               12
 83        16                                                               63
 84        71                                                              125
 86       112                                                                7
 87       158                                                              106
 88        30                                                               65
 89        48                                                              139
 91        89                                                              126
 92        54                                                              117
 93        35                                                               26
 94       113                                                               52
 96        20                                                              111
 97        45                                                               44
 98        75                                                                9
 99       111                                                               17
101        69                                                               31
102       152                                                              115
103        59                                                              158
104        85                                                              107
106        42                                                               94
107        21                                                              151
108       103                                                              133
109       101                                                              129
111        39                                                              147
112        41                                                              150
113       141                                                               37
114        34                                                               50
116       137                                                               81
117       115                                                               29
118       147                                                               48
119       100                                                               95
121        98                                                                1
122       135                                                               73
123        76                                                               75
124        66                                                              127
126        57                                                               70
127        97                                                              143
128       133                                                              112
129       107                                                              134
131        33                                                                5
132       119                                                               59
133         1                                                              156
134        10                                                              141
135        31   12   38   51   59   59   38   12   12   71   22   54        85
136         2                                                               32
137        26                                                              130
138        58                                                               22
139        96                                                               72
140       160   15   88    1    8    8   88   15   15   80   21   88       118
141        68                                                               61
142        24                                                              103
143        11                                                                3
144       142                                                              104
145        47   71   33   56   33   33   33   71   71   54    7    7       102
146       128                                                               18
147        44                                                               99
148        95                                                               28
149        74                                                              128
150       131   11   87    2   16   16   87   11   11   87   32   66        58
151        12                                                              142
152       126                                                               53
153        38                                                              152
154       143                                                              116
155        60   42   86    3   88   88   86   42   42   84   16   47        62
156        92                                                               30
157        15                                                               45
158        53                                                               68
159        19                                                               96
160       138   79   68   21   78   78   68   79   79   40   30   62       101

=== ROW ORDER = rank(Px) ===
  n   Px h160   Py neg_  Y2p  X3p y2_f x3pl p_ca    r    s    z   Ry  sVH sCHK
------------------------------------------------------------------------------
 25    1   22   64   25   61   61   64    1    1   12   78   56   40   54   83
  8    2  129   74   15   11   11   74    2    2   36    4   64   26   69   57
110    3    7    2   87   72   72    2    3    3   19   38    2   69   92   46
 32    4   91   27   62   20   20   27    4    4   81   59   45   57   35   14
 18    5   99   53   36   63   63   53    5    5    5   85   68   67   43  130
 30    6  123   63   26   42   42   63    6    6   66    2   32   50  105   10
 53    7   23   37   52   29   29   37    7    7   45   62    6   14  109   76
 64    8   32   28   61   45   45   28    8    8   28   69   82   31    8   43
 58    9   82   29   60   41   41   29    9    9   21   31   77   42   11  118
 67   10   63   84    5   38   38   84   10   10   42   76    4   41   79   71
150   11  131   87    2   16   16   87   11   11   87   32   66        58    7
135   12   31   38   51   59   59   38   12   12   71   22   54        85   79
 21   13   18   16   73   22   22   16   13   13   44   74   78    9  120   31
 27   14    5    3   86    4    4    3   14   14   68   48    8   70   47  122
140   15  160   88    1    8    8   88   15   15   80   21   88       118   72
 68   16  132   11   78   77   77   11   16   16   32   13   16    4   36   35
 62   17  136   23   66   50   50   23   17   17   48   73   71   78   21  159
 85   18  117    9   80   26   26    9   18   18    4   81   29   62  124    5
 39   19    4   19   70   32   32   19   19   19   46    3   26   53   13   58
  4   20   87   31   58   62   62   31   20   20   62   70   69   13   33   48
 65   21   43   82    7   13   13   82   21   21   35   46   18   66  159  158
125   22  151   14   75   70   70   14   22   22   10   72   37   79   38   82
  5   23   84   18   71   51   51   18   23   23   47   35   20   28   78  120
 47   24  153   67   22   64   64   67   24   24   67   42   15   15   16  149
 20   25  106   52   37   79   79   52   25   25   18   29   22   20  121   30
 34   26  148   71   18   23   23   71   26   26    8   24   23   25   25  155
 22   27   77   43   46   74   74   43   27   27    7   10   72   44   14  153
 56   28   36   80    9    5    5   80   28   28   41   68   38   29   27   62
 17   29  105   22   67   69   69   22   29   29   33   88   42    8   15  156
 59   30  102    8   81   37   37    8   30   30   53   11   17   61   84   68
  9   31   72   51   38    3    3   51   31   31    3   50    3   18   42   91
115   32  139   39   50   46   46   39   32   32   55    5    1   47   91   94
 60   33  118   72   17   36   36   72   33   33   77   67   61    1   40  116
 61   34   56   75   14   67   67   75   34   34   38   12   81   38   60   74
 54   35  116    1   88    7    7    1   35   35   14   75   35    3  123   99
 69   36   52   73   16   86   86   73   36   36    6    6   55   77  144  127
 26   37  110    6   83   47   47    6   37   37   23   49   75   82   49   41
 66   38   14   46   43   39   39   46   38   38   20   23   31   22   67  154
 49   39    6   65   24   17   17   65   39   39   49   61   10    5  108   13
 90   40  120   60   29   81   81   60   40   40    2   80   67   39   20  132
  3   41   50   40   49   73   73   40   41   41   31   18   74   33   98   42
155   42   60   86    3   88   88   86   42   42   84   16   47        62  135
 44   43   78   44   45   71   71   44   43   43   24   65   52   74  140   34
130   44   94   62   27   58   58   62   44   44   57   19   51   45   93   12
 63   45  144   30   59   80   80   30   45   45   76    8   12   10   23   98
 29   46   46   85    4   43   43   85   46   46   73   60   27   27  122  128
 24   47    3   76   13   48   48   76   47   47   52   20   36   72   51    1
 45   48  146   61   28   57   57   61   48   48   72   57   86   30  113  109
 75   49  108   57   32   54   54   57   49   49   13   47   85   35  157  110
 52   50   29   79   10   40   40   79   50   50   43   54   73    6   10  124
  1   51   65   26   63   24   24   26   51   51   11   82   76   54  132   51
 37   52   17   34   55   84   84   34   52   52   63   36   39   48   86  126
 80   53   61   36   53   15   15   36   53   53   51   28   25   23   74   70
 19   54  140   25   64   68   68   25   54   54   17   55   79   32  131   84
 55   55  127   10   79   25   25   10   55   55   74   26   33    2  137  107
 31   56  125   24   65   10   10   24   56   56   39   51   63   11   88   55
 12   57   79   35   54   87   87   35   57   57   16   37   83   36  149   89
 11   58  154   12   77   21   21   12   58   58    9   84   14   49  155   60
 51   59  145   48   41   14   14   48   59   59   85   39   49   43    2   53
 70   60   49   78   11   31   31   78   60   60   22   45   87   59   76   45
 48   61   80   32   57   85   85   32   61   61   59   14   80   68    4  115
  7   62  134   66   23   76   76   66   62   62   69    9    9   52   89   50
 95   63   51   58   31   12   12   58   63   63   78   44   40   21   80   78
 16   64   62   49   40    1    1   49   64   64   60   52   48   63    6   27
 40   65   86   47   42    9    9   47   65   65   75   40   60    7  146  117
 33   66   40    4   85    2    2    4   66   66   65   17   65   19  110   28
 57   67   25   42   47   44   44   42   67   67   83   63   44   56   41   18
 43   68  155   69   20   56   56   69   68   68   27   25    5   46   55  114
 10   69  124   77   12   27   27   77   69   69   56   41   24   51  135  111
 13   70  156   17   72   83   83   17   70   70   86   33   30   12   66   49
145   71   47   33   56   33   33   33   71   71   54    7    7       102   75
 41   72  122   56   33   75   75   56   72   72   50   77   70   37  148  113
 36   73   64   41   48   53   53   41   73   73   26   87   84   64  154  152
 14   74   88   45   44   19   19   45   74   74   70   58   41   58   19   44
105   75   70    5   84   55   55    5   75   75   15   34   58   24   87   64
 38   76  104   20   69   60   60   20   76   76   88   66   50   55   56  137
120   77   37   15   74   66   66   15   77   77   58   15   46   34   64  160
100   78  114   50   39   35   35   50   78   78   34   56   11   76   97   47
160   79  138   68   21   78   78   68   79   79   40   30   62       101   56
 28   80    9    7   82   49   49    7   80   80   79   71   21   81  160   66
 42   81   83   13   76   18   18   13   81   81   82   27   34   71  119   16
  6   82  157   81    8   30   30   81   82   82   30    1   19   65  145   81
 50   83  130   83    6   52   52   83   83   83   25   43   13   75   82  102
 35   84  149   54   35   28   28   54   84   84   29   86   53   60  153  125
 23   85  121   55   34    6    6   55   85   85    1   53   57   73  138  143
  2   86   73   21   68   82   82   21   86   86   37   64   59   80   46  112
 46   87   90   59   30   34   34   59   87   87   64   79   43   17   71   88
 15   88  159   70   19   65   65   70   88   88   61   83   28   16  100  101
 71       150                                                          90  108
 72       109                                                          34   15
 73         8                                                         114   17
 74        93                                                          83   95
 76        81                                                          77  103
 77        67                                                          24   37
 78        27                                                         136  157
 79        55                                                          57  136
 81        28                                                          39  129
 82        13                                                          12  131
 83        16                                                          63   69
 84        71                                                         125  148
 86       112                                                           7   29
 87       158                                                         106   32
 88        30                                                          65    3
 89        48                                                         139   67
 91        89                                                         126   52
 92        54                                                         117    2
 93        35                                                          26  104
 94       113                                                          52   97
 96        20                                                         111   63
 97        45                                                          44  151
 98        75                                                           9  141
 99       111                                                          17   26
101        69                                                          31   11
102       152                                                         115  123
103        59                                                         158   86
104        85                                                         107   87
106        42                                                          94   19
107        21                                                         151   77
108       103                                                         133    6
109       101                                                         129  100
111        39                                                         147   93
112        41                                                         150  145
113       141                                                          37  134
114        34                                                          50   59
116       137                                                          81   61
117       115                                                          29   96
118       147                                                          48  144
119       100                                                          95   90
121        98                                                           1  142
122       135                                                          73  133
123        76                                                          75  146
124        66                                                         127   24
126        57                                                          70   38
127        97                                                         143   20
128       133                                                         112   22
129       107                                                         134  105
131        33                                                           5   36
132       119                                                          59    4
133         1                                                         156    8
134        10                                                         141   21
136         2                                                          32  147
137        26                                                         130   23
138        58                                                          22   85
139        96                                                          72   40
141        68                                                          61   33
142        24                                                         103  121
143        11                                                           3   54
144       142                                                         104   80
146       128                                                          18   92
147        44                                                          99   25
148        95                                                          28  139
149        74                                                         128   39
151        12                                                         142  119
152       126                                                          53   73
153        38                                                         152   65
154       143                                                         116  106
156        92                                                          30  140
157        15                                                          45  150
158        53                                                          68    9
159        19                                                          96  138

=== ROW ORDER = rank(Py) ===
  n   Py h160   Px neg_  Y2p  X3p y2_f x3pl p_ca    r    s    z   Ry  sVH sCHK
------------------------------------------------------------------------------
 54    1  116   35   88    7    7    1   35   35   14   75   35    3  123   99
110    2    7    3   87   72   72    2    3    3   19   38    2   69   92   46
 27    3    5   14   86    4    4    3   14   14   68   48    8   70   47  122
 33    4   40   66   85    2    2    4   66   66   65   17   65   19  110   28
105    5   70   75   84   55   55    5   75   75   15   34   58   24   87   64
 26    6  110   37   83   47   47    6   37   37   23   49   75   82   49   41
 28    7    9   80   82   49   49    7   80   80   79   71   21   81  160   66
 59    8  102   30   81   37   37    8   30   30   53   11   17   61   84   68
 85    9  117   18   80   26   26    9   18   18    4   81   29   62  124    5
 55   10  127   55   79   25   25   10   55   55   74   26   33    2  137  107
 68   11  132   16   78   77   77   11   16   16   32   13   16    4   36   35
 11   12  154   58   77   21   21   12   58   58    9   84   14   49  155   60
 42   13   83   81   76   18   18   13   81   81   82   27   34   71  119   16
125   14  151   22   75   70   70   14   22   22   10   72   37   79   38   82
120   15   37   77   74   66   66   15   77   77   58   15   46   34   64  160
 21   16   18   13   73   22   22   16   13   13   44   74   78    9  120   31
 13   17  156   70   72   83   83   17   70   70   86   33   30   12   66   49
  5   18   84   23   71   51   51   18   23   23   47   35   20   28   78  120
 39   19    4   19   70   32   32   19   19   19   46    3   26   53   13   58
 38   20  104   76   69   60   60   20   76   76   88   66   50   55   56  137
  2   21   73   86   68   82   82   21   86   86   37   64   59   80   46  112
 17   22  105   29   67   69   69   22   29   29   33   88   42    8   15  156
 62   23  136   17   66   50   50   23   17   17   48   73   71   78   21  159
 31   24  125   56   65   10   10   24   56   56   39   51   63   11   88   55
 19   25  140   54   64   68   68   25   54   54   17   55   79   32  131   84
  1   26   65   51   63   24   24   26   51   51   11   82   76   54  132   51
 32   27   91    4   62   20   20   27    4    4   81   59   45   57   35   14
 64   28   32    8   61   45   45   28    8    8   28   69   82   31    8   43
 58   29   82    9   60   41   41   29    9    9   21   31   77   42   11  118
 63   30  144   45   59   80   80   30   45   45   76    8   12   10   23   98
  4   31   87   20   58   62   62   31   20   20   62   70   69   13   33   48
 48   32   80   61   57   85   85   32   61   61   59   14   80   68    4  115
145   33   47   71   56   33   33   33   71   71   54    7    7       102   75
 37   34   17   52   55   84   84   34   52   52   63   36   39   48   86  126
 12   35   79   57   54   87   87   35   57   57   16   37   83   36  149   89
 80   36   61   53   53   15   15   36   53   53   51   28   25   23   74   70
 53   37   23    7   52   29   29   37    7    7   45   62    6   14  109   76
135   38   31   12   51   59   59   38   12   12   71   22   54        85   79
115   39  139   32   50   46   46   39   32   32   55    5    1   47   91   94
  3   40   50   41   49   73   73   40   41   41   31   18   74   33   98   42
 36   41   64   73   48   53   53   41   73   73   26   87   84   64  154  152
 57   42   25   67   47   44   44   42   67   67   83   63   44   56   41   18
 22   43   77   27   46   74   74   43   27   27    7   10   72   44   14  153
 44   44   78   43   45   71   71   44   43   43   24   65   52   74  140   34
 14   45   88   74   44   19   19   45   74   74   70   58   41   58   19   44
 66   46   14   38   43   39   39   46   38   38   20   23   31   22   67  154
 40   47   86   65   42    9    9   47   65   65   75   40   60    7  146  117
 51   48  145   59   41   14   14   48   59   59   85   39   49   43    2   53
 16   49   62   64   40    1    1   49   64   64   60   52   48   63    6   27
100   50  114   78   39   35   35   50   78   78   34   56   11   76   97   47
  9   51   72   31   38    3    3   51   31   31    3   50    3   18   42   91
 20   52  106   25   37   79   79   52   25   25   18   29   22   20  121   30
 18   53   99    5   36   63   63   53    5    5    5   85   68   67   43  130
 35   54  149   84   35   28   28   54   84   84   29   86   53   60  153  125
 23   55  121   85   34    6    6   55   85   85    1   53   57   73  138  143
 41   56  122   72   33   75   75   56   72   72   50   77   70   37  148  113
 75   57  108   49   32   54   54   57   49   49   13   47   85   35  157  110
 95   58   51   63   31   12   12   58   63   63   78   44   40   21   80   78
 46   59   90   87   30   34   34   59   87   87   64   79   43   17   71   88
 90   60  120   40   29   81   81   60   40   40    2   80   67   39   20  132
 45   61  146   48   28   57   57   61   48   48   72   57   86   30  113  109
130   62   94   44   27   58   58   62   44   44   57   19   51   45   93   12
 30   63  123    6   26   42   42   63    6    6   66    2   32   50  105   10
 25   64   22    1   25   61   61   64    1    1   12   78   56   40   54   83
 49   65    6   39   24   17   17   65   39   39   49   61   10    5  108   13
  7   66  134   62   23   76   76   66   62   62   69    9    9   52   89   50
 47   67  153   24   22   64   64   67   24   24   67   42   15   15   16  149
160   68  138   79   21   78   78   68   79   79   40   30   62       101   56
 43   69  155   68   20   56   56   69   68   68   27   25    5   46   55  114
 15   70  159   88   19   65   65   70   88   88   61   83   28   16  100  101
 34   71  148   26   18   23   23   71   26   26    8   24   23   25   25  155
 60   72  118   33   17   36   36   72   33   33   77   67   61    1   40  116
 69   73   52   36   16   86   86   73   36   36    6    6   55   77  144  127
  8   74  129    2   15   11   11   74    2    2   36    4   64   26   69   57
 61   75   56   34   14   67   67   75   34   34   38   12   81   38   60   74
 24   76    3   47   13   48   48   76   47   47   52   20   36   72   51    1
 10   77  124   69   12   27   27   77   69   69   56   41   24   51  135  111
 70   78   49   60   11   31   31   78   60   60   22   45   87   59   76   45
 52   79   29   50   10   40   40   79   50   50   43   54   73    6   10  124
 56   80   36   28    9    5    5   80   28   28   41   68   38   29   27   62
  6   81  157   82    8   30   30   81   82   82   30    1   19   65  145   81
 65   82   43   21    7   13   13   82   21   21   35   46   18   66  159  158
 50   83  130   83    6   52   52   83   83   83   25   43   13   75   82  102
 67   84   63   10    5   38   38   84   10   10   42   76    4   41   79   71
 29   85   46   46    4   43   43   85   46   46   73   60   27   27  122  128
155   86   60   42    3   88   88   86   42   42   84   16   47        62  135
150   87  131   11    2   16   16   87   11   11   87   32   66        58    7
140   88  160   15    1    8    8   88   15   15   80   21   88       118   72
 71       150                                                          90  108
 72       109                                                          34   15
 73         8                                                         114   17
 74        93                                                          83   95
 76        81                                                          77  103
 77        67                                                          24   37
 78        27                                                         136  157
 79        55                                                          57  136
 81        28                                                          39  129
 82        13                                                          12  131
 83        16                                                          63   69
 84        71                                                         125  148
 86       112                                                           7   29
 87       158                                                         106   32
 88        30                                                          65    3
 89        48                                                         139   67
 91        89                                                         126   52
 92        54                                                         117    2
 93        35                                                          26  104
 94       113                                                          52   97
 96        20                                                         111   63
 97        45                                                          44  151
 98        75                                                           9  141
 99       111                                                          17   26
101        69                                                          31   11
102       152                                                         115  123
103        59                                                         158   86
104        85                                                         107   87
106        42                                                          94   19
107        21                                                         151   77
108       103                                                         133    6
109       101                                                         129  100
111        39                                                         147   93
112        41                                                         150  145
113       141                                                          37  134
114        34                                                          50   59
116       137                                                          81   61
117       115                                                          29   96
118       147                                                          48  144
119       100                                                          95   90
121        98                                                           1  142
122       135                                                          73  133
123        76                                                          75  146
124        66                                                         127   24
126        57                                                          70   38
127        97                                                         143   20
128       133                                                         112   22
129       107                                                         134  105
131        33                                                           5   36
132       119                                                          59    4
133         1                                                         156    8
134        10                                                         141   21
136         2                                                          32  147
137        26                                                         130   23
138        58                                                          22   85
139        96                                                          72   40
141        68                                                          61   33
142        24                                                         103  121
143        11                                                           3   54
144       142                                                         104   80
146       128                                                          18   92
147        44                                                          99   25
148        95                                                          28  139
149        74                                                         128   39
151        12                                                         142  119
152       126                                                          53   73
153        38                                                         152   65
154       143                                                         116  106
156        92                                                          30  140
157        15                                                          45  150
158        53                                                          68    9
159        19                                                          96  138

=== ROW ORDER = rank(Pmy) ===
  n  Pmy h160   Px   Py neg_  Y2p  X3p y2_f x3pl p_ca    r    s    z   Ry  sVH
------------------------------------------------------------------------------
140    1  160   15   88    1    8    8   88   15   15   80   21   88       118
150    2  131   11   87    2   16   16   87   11   11   87   32   66        58
155    3   60   42   86    3   88   88   86   42   42   84   16   47        62
 29    4   46   46   85    4   43   43   85   46   46   73   60   27   27  122
 67    5   63   10   84    5   38   38   84   10   10   42   76    4   41   79
 50    6  130   83   83    6   52   52   83   83   83   25   43   13   75   82
 65    7   43   21   82    7   13   13   82   21   21   35   46   18   66  159
  6    8  157   82   81    8   30   30   81   82   82   30    1   19   65  145
 56    9   36   28   80    9    5    5   80   28   28   41   68   38   29   27
 52   10   29   50   79   10   40   40   79   50   50   43   54   73    6   10
 70   11   49   60   78   11   31   31   78   60   60   22   45   87   59   76
 10   12  124   69   77   12   27   27   77   69   69   56   41   24   51  135
 24   13    3   47   76   13   48   48   76   47   47   52   20   36   72   51
 61   14   56   34   75   14   67   67   75   34   34   38   12   81   38   60
  8   15  129    2   74   15   11   11   74    2    2   36    4   64   26   69
 69   16   52   36   73   16   86   86   73   36   36    6    6   55   77  144
 60   17  118   33   72   17   36   36   72   33   33   77   67   61    1   40
 34   18  148   26   71   18   23   23   71   26   26    8   24   23   25   25
 15   19  159   88   70   19   65   65   70   88   88   61   83   28   16  100
 43   20  155   68   69   20   56   56   69   68   68   27   25    5   46   55
160   21  138   79   68   21   78   78   68   79   79   40   30   62       101
 47   22  153   24   67   22   64   64   67   24   24   67   42   15   15   16
  7   23  134   62   66   23   76   76   66   62   62   69    9    9   52   89
 49   24    6   39   65   24   17   17   65   39   39   49   61   10    5  108
 25   25   22    1   64   25   61   61   64    1    1   12   78   56   40   54
 30   26  123    6   63   26   42   42   63    6    6   66    2   32   50  105
130   27   94   44   62   27   58   58   62   44   44   57   19   51   45   93
 45   28  146   48   61   28   57   57   61   48   48   72   57   86   30  113
 90   29  120   40   60   29   81   81   60   40   40    2   80   67   39   20
 46   30   90   87   59   30   34   34   59   87   87   64   79   43   17   71
 95   31   51   63   58   31   12   12   58   63   63   78   44   40   21   80
 75   32  108   49   57   32   54   54   57   49   49   13   47   85   35  157
 41   33  122   72   56   33   75   75   56   72   72   50   77   70   37  148
 23   34  121   85   55   34    6    6   55   85   85    1   53   57   73  138
 35   35  149   84   54   35   28   28   54   84   84   29   86   53   60  153
 18   36   99    5   53   36   63   63   53    5    5    5   85   68   67   43
 20   37  106   25   52   37   79   79   52   25   25   18   29   22   20  121
  9   38   72   31   51   38    3    3   51   31   31    3   50    3   18   42
100   39  114   78   50   39   35   35   50   78   78   34   56   11   76   97
 16   40   62   64   49   40    1    1   49   64   64   60   52   48   63    6
 51   41  145   59   48   41   14   14   48   59   59   85   39   49   43    2
 40   42   86   65   47   42    9    9   47   65   65   75   40   60    7  146
 66   43   14   38   46   43   39   39   46   38   38   20   23   31   22   67
 14   44   88   74   45   44   19   19   45   74   74   70   58   41   58   19
 44   45   78   43   44   45   71   71   44   43   43   24   65   52   74  140
 22   46   77   27   43   46   74   74   43   27   27    7   10   72   44   14
 57   47   25   67   42   47   44   44   42   67   67   83   63   44   56   41
 36   48   64   73   41   48   53   53   41   73   73   26   87   84   64  154
  3   49   50   41   40   49   73   73   40   41   41   31   18   74   33   98
115   50  139   32   39   50   46   46   39   32   32   55    5    1   47   91
135   51   31   12   38   51   59   59   38   12   12   71   22   54        85
 53   52   23    7   37   52   29   29   37    7    7   45   62    6   14  109
 80   53   61   53   36   53   15   15   36   53   53   51   28   25   23   74
 12   54   79   57   35   54   87   87   35   57   57   16   37   83   36  149
 37   55   17   52   34   55   84   84   34   52   52   63   36   39   48   86
145   56   47   71   33   56   33   33   33   71   71   54    7    7       102
 48   57   80   61   32   57   85   85   32   61   61   59   14   80   68    4
  4   58   87   20   31   58   62   62   31   20   20   62   70   69   13   33
 63   59  144   45   30   59   80   80   30   45   45   76    8   12   10   23
 58   60   82    9   29   60   41   41   29    9    9   21   31   77   42   11
 64   61   32    8   28   61   45   45   28    8    8   28   69   82   31    8
 32   62   91    4   27   62   20   20   27    4    4   81   59   45   57   35
  1   63   65   51   26   63   24   24   26   51   51   11   82   76   54  132
 19   64  140   54   25   64   68   68   25   54   54   17   55   79   32  131
 31   65  125   56   24   65   10   10   24   56   56   39   51   63   11   88
 62   66  136   17   23   66   50   50   23   17   17   48   73   71   78   21
 17   67  105   29   22   67   69   69   22   29   29   33   88   42    8   15
  2   68   73   86   21   68   82   82   21   86   86   37   64   59   80   46
 38   69  104   76   20   69   60   60   20   76   76   88   66   50   55   56
 39   70    4   19   19   70   32   32   19   19   19   46    3   26   53   13
  5   71   84   23   18   71   51   51   18   23   23   47   35   20   28   78
 13   72  156   70   17   72   83   83   17   70   70   86   33   30   12   66
 21   73   18   13   16   73   22   22   16   13   13   44   74   78    9  120
120   74   37   77   15   74   66   66   15   77   77   58   15   46   34   64
125   75  151   22   14   75   70   70   14   22   22   10   72   37   79   38
 42   76   83   81   13   76   18   18   13   81   81   82   27   34   71  119
 11   77  154   58   12   77   21   21   12   58   58    9   84   14   49  155
 68   78  132   16   11   78   77   77   11   16   16   32   13   16    4   36
 55   79  127   55   10   79   25   25   10   55   55   74   26   33    2  137
 85   80  117   18    9   80   26   26    9   18   18    4   81   29   62  124
 59   81  102   30    8   81   37   37    8   30   30   53   11   17   61   84
 28   82    9   80    7   82   49   49    7   80   80   79   71   21   81  160
 26   83  110   37    6   83   47   47    6   37   37   23   49   75   82   49
105   84   70   75    5   84   55   55    5   75   75   15   34   58   24   87
 33   85   40   66    4   85    2    2    4   66   66   65   17   65   19  110
 27   86    5   14    3   86    4    4    3   14   14   68   48    8   70   47
110   87    7    3    2   87   72   72    2    3    3   19   38    2   69   92
 54   88  116   35    1   88    7    7    1   35   35   14   75   35    3  123
 71       150                                                               90
 72       109                                                               34
 73         8                                                              114
 74        93                                                               83
 76        81                                                               77
 77        67                                                               24
 78        27                                                              136
 79        55                                                               57
 81        28                                                               39
 82        13                                                               12
 83        16                                                               63
 84        71                                                              125
 86       112                                                                7
 87       158                                                              106
 88        30                                                               65
 89        48                                                              139
 91        89                                                              126
 92        54                                                              117
 93        35                                                               26
 94       113                                                               52
 96        20                                                              111
 97        45                                                               44
 98        75                                                                9
 99       111                                                               17
101        69                                                               31
102       152                                                              115
103        59                                                              158
104        85                                                              107
106        42                                                               94
107        21                                                              151
108       103                                                              133
109       101                                                              129
111        39                                                              147
112        41                                                              150
113       141                                                               37
114        34                                                               50
116       137                                                               81
117       115                                                               29
118       147                                                               48
119       100                                                               95
121        98                                                                1
122       135                                                               73
123        76                                                               75
124        66                                                              127
126        57                                                               70
127        97                                                              143
128       133                                                              112
129       107                                                              134
131        33                                                                5
132       119                                                               59
133         1                                                              156
134        10                                                              141
136         2                                                               32
137        26                                                              130
138        58                                                               22
139        96                                                               72
141        68                                                               61
142        24                                                              103
143        11                                                                3
144       142                                                              104
146       128                                                               18
147        44                                                               99
148        95                                                               28
149        74                                                              128
151        12                                                              142
152       126                                                               53
153        38                                                              152
154       143                                                              116
156        92                                                               30
157        15                                                               45
158        53                                                               68
159        19                                                               96

=== ROW ORDER = rank(neg_y) ===
  n neg_ h160   Px   Py  Y2p  X3p y2_f x3pl p_ca    r    s    z   Ry  sVH sCHK
------------------------------------------------------------------------------
140    1  160   15   88    8    8   88   15   15   80   21   88       118   72
150    2  131   11   87   16   16   87   11   11   87   32   66        58    7
155    3   60   42   86   88   88   86   42   42   84   16   47        62  135
 29    4   46   46   85   43   43   85   46   46   73   60   27   27  122  128
 67    5   63   10   84   38   38   84   10   10   42   76    4   41   79   71
 50    6  130   83   83   52   52   83   83   83   25   43   13   75   82  102
 65    7   43   21   82   13   13   82   21   21   35   46   18   66  159  158
  6    8  157   82   81   30   30   81   82   82   30    1   19   65  145   81
 56    9   36   28   80    5    5   80   28   28   41   68   38   29   27   62
 52   10   29   50   79   40   40   79   50   50   43   54   73    6   10  124
 70   11   49   60   78   31   31   78   60   60   22   45   87   59   76   45
 10   12  124   69   77   27   27   77   69   69   56   41   24   51  135  111
 24   13    3   47   76   48   48   76   47   47   52   20   36   72   51    1
 61   14   56   34   75   67   67   75   34   34   38   12   81   38   60   74
  8   15  129    2   74   11   11   74    2    2   36    4   64   26   69   57
 69   16   52   36   73   86   86   73   36   36    6    6   55   77  144  127
 60   17  118   33   72   36   36   72   33   33   77   67   61    1   40  116
 34   18  148   26   71   23   23   71   26   26    8   24   23   25   25  155
 15   19  159   88   70   65   65   70   88   88   61   83   28   16  100  101
 43   20  155   68   69   56   56   69   68   68   27   25    5   46   55  114
160   21  138   79   68   78   78   68   79   79   40   30   62       101   56
 47   22  153   24   67   64   64   67   24   24   67   42   15   15   16  149
  7   23  134   62   66   76   76   66   62   62   69    9    9   52   89   50
 49   24    6   39   65   17   17   65   39   39   49   61   10    5  108   13
 25   25   22    1   64   61   61   64    1    1   12   78   56   40   54   83
 30   26  123    6   63   42   42   63    6    6   66    2   32   50  105   10
130   27   94   44   62   58   58   62   44   44   57   19   51   45   93   12
 45   28  146   48   61   57   57   61   48   48   72   57   86   30  113  109
 90   29  120   40   60   81   81   60   40   40    2   80   67   39   20  132
 46   30   90   87   59   34   34   59   87   87   64   79   43   17   71   88
 95   31   51   63   58   12   12   58   63   63   78   44   40   21   80   78
 75   32  108   49   57   54   54   57   49   49   13   47   85   35  157  110
 41   33  122   72   56   75   75   56   72   72   50   77   70   37  148  113
 23   34  121   85   55    6    6   55   85   85    1   53   57   73  138  143
 35   35  149   84   54   28   28   54   84   84   29   86   53   60  153  125
 18   36   99    5   53   63   63   53    5    5    5   85   68   67   43  130
 20   37  106   25   52   79   79   52   25   25   18   29   22   20  121   30
  9   38   72   31   51    3    3   51   31   31    3   50    3   18   42   91
100   39  114   78   50   35   35   50   78   78   34   56   11   76   97   47
 16   40   62   64   49    1    1   49   64   64   60   52   48   63    6   27
 51   41  145   59   48   14   14   48   59   59   85   39   49   43    2   53
 40   42   86   65   47    9    9   47   65   65   75   40   60    7  146  117
 66   43   14   38   46   39   39   46   38   38   20   23   31   22   67  154
 14   44   88   74   45   19   19   45   74   74   70   58   41   58   19   44
 44   45   78   43   44   71   71   44   43   43   24   65   52   74  140   34
 22   46   77   27   43   74   74   43   27   27    7   10   72   44   14  153
 57   47   25   67   42   44   44   42   67   67   83   63   44   56   41   18
 36   48   64   73   41   53   53   41   73   73   26   87   84   64  154  152
  3   49   50   41   40   73   73   40   41   41   31   18   74   33   98   42
115   50  139   32   39   46   46   39   32   32   55    5    1   47   91   94
135   51   31   12   38   59   59   38   12   12   71   22   54        85   79
 53   52   23    7   37   29   29   37    7    7   45   62    6   14  109   76
 80   53   61   53   36   15   15   36   53   53   51   28   25   23   74   70
 12   54   79   57   35   87   87   35   57   57   16   37   83   36  149   89
 37   55   17   52   34   84   84   34   52   52   63   36   39   48   86  126
145   56   47   71   33   33   33   33   71   71   54    7    7       102   75
 48   57   80   61   32   85   85   32   61   61   59   14   80   68    4  115
  4   58   87   20   31   62   62   31   20   20   62   70   69   13   33   48
 63   59  144   45   30   80   80   30   45   45   76    8   12   10   23   98
 58   60   82    9   29   41   41   29    9    9   21   31   77   42   11  118
 64   61   32    8   28   45   45   28    8    8   28   69   82   31    8   43
 32   62   91    4   27   20   20   27    4    4   81   59   45   57   35   14
  1   63   65   51   26   24   24   26   51   51   11   82   76   54  132   51
 19   64  140   54   25   68   68   25   54   54   17   55   79   32  131   84
 31   65  125   56   24   10   10   24   56   56   39   51   63   11   88   55
 62   66  136   17   23   50   50   23   17   17   48   73   71   78   21  159
 17   67  105   29   22   69   69   22   29   29   33   88   42    8   15  156
  2   68   73   86   21   82   82   21   86   86   37   64   59   80   46  112
 38   69  104   76   20   60   60   20   76   76   88   66   50   55   56  137
 39   70    4   19   19   32   32   19   19   19   46    3   26   53   13   58
  5   71   84   23   18   51   51   18   23   23   47   35   20   28   78  120
 13   72  156   70   17   83   83   17   70   70   86   33   30   12   66   49
 21   73   18   13   16   22   22   16   13   13   44   74   78    9  120   31
120   74   37   77   15   66   66   15   77   77   58   15   46   34   64  160
125   75  151   22   14   70   70   14   22   22   10   72   37   79   38   82
 42   76   83   81   13   18   18   13   81   81   82   27   34   71  119   16
 11   77  154   58   12   21   21   12   58   58    9   84   14   49  155   60
 68   78  132   16   11   77   77   11   16   16   32   13   16    4   36   35
 55   79  127   55   10   25   25   10   55   55   74   26   33    2  137  107
 85   80  117   18    9   26   26    9   18   18    4   81   29   62  124    5
 59   81  102   30    8   37   37    8   30   30   53   11   17   61   84   68
 28   82    9   80    7   49   49    7   80   80   79   71   21   81  160   66
 26   83  110   37    6   47   47    6   37   37   23   49   75   82   49   41
105   84   70   75    5   55   55    5   75   75   15   34   58   24   87   64
 33   85   40   66    4    2    2    4   66   66   65   17   65   19  110   28
 27   86    5   14    3    4    4    3   14   14   68   48    8   70   47  122
110   87    7    3    2   72   72    2    3    3   19   38    2   69   92   46
 54   88  116   35    1    7    7    1   35   35   14   75   35    3  123   99
 71       150                                                          90  108
 72       109                                                          34   15
 73         8                                                         114   17
 74        93                                                          83   95
 76        81                                                          77  103
 77        67                                                          24   37
 78        27                                                         136  157
 79        55                                                          57  136
 81        28                                                          39  129
 82        13                                                          12  131
 83        16                                                          63   69
 84        71                                                         125  148
 86       112                                                           7   29
 87       158                                                         106   32
 88        30                                                          65    3
 89        48                                                         139   67
 91        89                                                         126   52
 92        54                                                         117    2
 93        35                                                          26  104
 94       113                                                          52   97
 96        20                                                         111   63
 97        45                                                          44  151
 98        75                                                           9  141
 99       111                                                          17   26
101        69                                                          31   11
102       152                                                         115  123
103        59                                                         158   86
104        85                                                         107   87
106        42                                                          94   19
107        21                                                         151   77
108       103                                                         133    6
109       101                                                         129  100
111        39                                                         147   93
112        41                                                         150  145
113       141                                                          37  134
114        34                                                          50   59
116       137                                                          81   61
117       115                                                          29   96
118       147                                                          48  144
119       100                                                          95   90
121        98                                                           1  142
122       135                                                          73  133
123        76                                                          75  146
124        66                                                         127   24
126        57                                                          70   38
127        97                                                         143   20
128       133                                                         112   22
129       107                                                         134  105
131        33                                                           5   36
132       119                                                          59    4
133         1                                                         156    8
134        10                                                         141   21
136         2                                                          32  147
137        26                                                         130   23
138        58                                                          22   85
139        96                                                          72   40
141        68                                                          61   33
142        24                                                         103  121
143        11                                                           3   54
144       142                                                         104   80
146       128                                                          18   92
147        44                                                          99   25
148        95                                                          28  139
149        74                                                         128   39
151        12                                                         142  119
152       126                                                          53   73
153        38                                                         152   65
154       143                                                         116  106
156        92                                                          30  140
157        15                                                          45  150
158        53                                                          68    9
159        19                                                          96  138

=== ROW ORDER = rank(Y2p) ===
  n  Y2p h160   Px   Py neg_  X3p y2_f x3pl p_ca    r    s    z   Ry  sVH sCHK
------------------------------------------------------------------------------
 16    1   62   64   49   40    1   49   64   64   60   52   48   63    6   27
 33    2   40   66    4   85    2    4   66   66   65   17   65   19  110   28
  9    3   72   31   51   38    3   51   31   31    3   50    3   18   42   91
 27    4    5   14    3   86    4    3   14   14   68   48    8   70   47  122
 56    5   36   28   80    9    5   80   28   28   41   68   38   29   27   62
 23    6  121   85   55   34    6   55   85   85    1   53   57   73  138  143
 54    7  116   35    1   88    7    1   35   35   14   75   35    3  123   99
140    8  160   15   88    1    8   88   15   15   80   21   88       118   72
 40    9   86   65   47   42    9   47   65   65   75   40   60    7  146  117
 31   10  125   56   24   65   10   24   56   56   39   51   63   11   88   55
  8   11  129    2   74   15   11   74    2    2   36    4   64   26   69   57
 95   12   51   63   58   31   12   58   63   63   78   44   40   21   80   78
 65   13   43   21   82    7   13   82   21   21   35   46   18   66  159  158
 51   14  145   59   48   41   14   48   59   59   85   39   49   43    2   53
 80   15   61   53   36   53   15   36   53   53   51   28   25   23   74   70
150   16  131   11   87    2   16   87   11   11   87   32   66        58    7
 49   17    6   39   65   24   17   65   39   39   49   61   10    5  108   13
 42   18   83   81   13   76   18   13   81   81   82   27   34   71  119   16
 14   19   88   74   45   44   19   45   74   74   70   58   41   58   19   44
 32   20   91    4   27   62   20   27    4    4   81   59   45   57   35   14
 11   21  154   58   12   77   21   12   58   58    9   84   14   49  155   60
 21   22   18   13   16   73   22   16   13   13   44   74   78    9  120   31
 34   23  148   26   71   18   23   71   26   26    8   24   23   25   25  155
  1   24   65   51   26   63   24   26   51   51   11   82   76   54  132   51
 55   25  127   55   10   79   25   10   55   55   74   26   33    2  137  107
 85   26  117   18    9   80   26    9   18   18    4   81   29   62  124    5
 10   27  124   69   77   12   27   77   69   69   56   41   24   51  135  111
 35   28  149   84   54   35   28   54   84   84   29   86   53   60  153  125
 53   29   23    7   37   52   29   37    7    7   45   62    6   14  109   76
  6   30  157   82   81    8   30   81   82   82   30    1   19   65  145   81
 70   31   49   60   78   11   31   78   60   60   22   45   87   59   76   45
 39   32    4   19   19   70   32   19   19   19   46    3   26   53   13   58
145   33   47   71   33   56   33   33   71   71   54    7    7       102   75
 46   34   90   87   59   30   34   59   87   87   64   79   43   17   71   88
100   35  114   78   50   39   35   50   78   78   34   56   11   76   97   47
 60   36  118   33   72   17   36   72   33   33   77   67   61    1   40  116
 59   37  102   30    8   81   37    8   30   30   53   11   17   61   84   68
 67   38   63   10   84    5   38   84   10   10   42   76    4   41   79   71
 66   39   14   38   46   43   39   46   38   38   20   23   31   22   67  154
 52   40   29   50   79   10   40   79   50   50   43   54   73    6   10  124
 58   41   82    9   29   60   41   29    9    9   21   31   77   42   11  118
 30   42  123    6   63   26   42   63    6    6   66    2   32   50  105   10
 29   43   46   46   85    4   43   85   46   46   73   60   27   27  122  128
 57   44   25   67   42   47   44   42   67   67   83   63   44   56   41   18
 64   45   32    8   28   61   45   28    8    8   28   69   82   31    8   43
115   46  139   32   39   50   46   39   32   32   55    5    1   47   91   94
 26   47  110   37    6   83   47    6   37   37   23   49   75   82   49   41
 24   48    3   47   76   13   48   76   47   47   52   20   36   72   51    1
 28   49    9   80    7   82   49    7   80   80   79   71   21   81  160   66
 62   50  136   17   23   66   50   23   17   17   48   73   71   78   21  159
  5   51   84   23   18   71   51   18   23   23   47   35   20   28   78  120
 50   52  130   83   83    6   52   83   83   83   25   43   13   75   82  102
 36   53   64   73   41   48   53   41   73   73   26   87   84   64  154  152
 75   54  108   49   57   32   54   57   49   49   13   47   85   35  157  110
105   55   70   75    5   84   55    5   75   75   15   34   58   24   87   64
 43   56  155   68   69   20   56   69   68   68   27   25    5   46   55  114
 45   57  146   48   61   28   57   61   48   48   72   57   86   30  113  109
130   58   94   44   62   27   58   62   44   44   57   19   51   45   93   12
135   59   31   12   38   51   59   38   12   12   71   22   54        85   79
 38   60  104   76   20   69   60   20   76   76   88   66   50   55   56  137
 25   61   22    1   64   25   61   64    1    1   12   78   56   40   54   83
  4   62   87   20   31   58   62   31   20   20   62   70   69   13   33   48
 18   63   99    5   53   36   63   53    5    5    5   85   68   67   43  130
 47   64  153   24   67   22   64   67   24   24   67   42   15   15   16  149
 15   65  159   88   70   19   65   70   88   88   61   83   28   16  100  101
120   66   37   77   15   74   66   15   77   77   58   15   46   34   64  160
 61   67   56   34   75   14   67   75   34   34   38   12   81   38   60   74
 19   68  140   54   25   64   68   25   54   54   17   55   79   32  131   84
 17   69  105   29   22   67   69   22   29   29   33   88   42    8   15  156
125   70  151   22   14   75   70   14   22   22   10   72   37   79   38   82
 44   71   78   43   44   45   71   44   43   43   24   65   52   74  140   34
110   72    7    3    2   87   72    2    3    3   19   38    2   69   92   46
  3   73   50   41   40   49   73   40   41   41   31   18   74   33   98   42
 22   74   77   27   43   46   74   43   27   27    7   10   72   44   14  153
 41   75  122   72   56   33   75   56   72   72   50   77   70   37  148  113
  7   76  134   62   66   23   76   66   62   62   69    9    9   52   89   50
 68   77  132   16   11   78   77   11   16   16   32   13   16    4   36   35
160   78  138   79   68   21   78   68   79   79   40   30   62       101   56
 20   79  106   25   52   37   79   52   25   25   18   29   22   20  121   30
 63   80  144   45   30   59   80   30   45   45   76    8   12   10   23   98
 90   81  120   40   60   29   81   60   40   40    2   80   67   39   20  132
  2   82   73   86   21   68   82   21   86   86   37   64   59   80   46  112
 13   83  156   70   17   72   83   17   70   70   86   33   30   12   66   49
 37   84   17   52   34   55   84   34   52   52   63   36   39   48   86  126
 48   85   80   61   32   57   85   32   61   61   59   14   80   68    4  115
 69   86   52   36   73   16   86   73   36   36    6    6   55   77  144  127
 12   87   79   57   35   54   87   35   57   57   16   37   83   36  149   89
155   88   60   42   86    3   88   86   42   42   84   16   47        62  135
 71       150                                                          90  108
 72       109                                                          34   15
 73         8                                                         114   17
 74        93                                                          83   95
 76        81                                                          77  103
 77        67                                                          24   37
 78        27                                                         136  157
 79        55                                                          57  136
 81        28                                                          39  129
 82        13                                                          12  131
 83        16                                                          63   69
 84        71                                                         125  148
 86       112                                                           7   29
 87       158                                                         106   32
 88        30                                                          65    3
 89        48                                                         139   67
 91        89                                                         126   52
 92        54                                                         117    2
 93        35                                                          26  104
 94       113                                                          52   97
 96        20                                                         111   63
 97        45                                                          44  151
 98        75                                                           9  141
 99       111                                                          17   26
101        69                                                          31   11
102       152                                                         115  123
103        59                                                         158   86
104        85                                                         107   87
106        42                                                          94   19
107        21                                                         151   77
108       103                                                         133    6
109       101                                                         129  100
111        39                                                         147   93
112        41                                                         150  145
113       141                                                          37  134
114        34                                                          50   59
116       137                                                          81   61
117       115                                                          29   96
118       147                                                          48  144
119       100                                                          95   90
121        98                                                           1  142
122       135                                                          73  133
123        76                                                          75  146
124        66                                                         127   24
126        57                                                          70   38
127        97                                                         143   20
128       133                                                         112   22
129       107                                                         134  105
131        33                                                           5   36
132       119                                                          59    4
133         1                                                         156    8
134        10                                                         141   21
136         2                                                          32  147
137        26                                                         130   23
138        58                                                          22   85
139        96                                                          72   40
141        68                                                          61   33
142        24                                                         103  121
143        11                                                           3   54
144       142                                                         104   80
146       128                                                          18   92
147        44                                                          99   25
148        95                                                          28  139
149        74                                                         128   39
151        12                                                         142  119
152       126                                                          53   73
153        38                                                         152   65
154       143                                                         116  106
156        92                                                          30  140
157        15                                                          45  150
158        53                                                          68    9
159        19                                                          96  138

=== ROW ORDER = rank(X3p) ===
  n  X3p h160   Px   Py neg_  Y2p y2_f x3pl p_ca    r    s    z   Ry  sVH sCHK
------------------------------------------------------------------------------
 16    1   62   64   49   40    1   49   64   64   60   52   48   63    6   27
 33    2   40   66    4   85    2    4   66   66   65   17   65   19  110   28
  9    3   72   31   51   38    3   51   31   31    3   50    3   18   42   91
 27    4    5   14    3   86    4    3   14   14   68   48    8   70   47  122
 56    5   36   28   80    9    5   80   28   28   41   68   38   29   27   62
 23    6  121   85   55   34    6   55   85   85    1   53   57   73  138  143
 54    7  116   35    1   88    7    1   35   35   14   75   35    3  123   99
140    8  160   15   88    1    8   88   15   15   80   21   88       118   72
 40    9   86   65   47   42    9   47   65   65   75   40   60    7  146  117
 31   10  125   56   24   65   10   24   56   56   39   51   63   11   88   55
  8   11  129    2   74   15   11   74    2    2   36    4   64   26   69   57
 95   12   51   63   58   31   12   58   63   63   78   44   40   21   80   78
 65   13   43   21   82    7   13   82   21   21   35   46   18   66  159  158
 51   14  145   59   48   41   14   48   59   59   85   39   49   43    2   53
 80   15   61   53   36   53   15   36   53   53   51   28   25   23   74   70
150   16  131   11   87    2   16   87   11   11   87   32   66        58    7
 49   17    6   39   65   24   17   65   39   39   49   61   10    5  108   13
 42   18   83   81   13   76   18   13   81   81   82   27   34   71  119   16
 14   19   88   74   45   44   19   45   74   74   70   58   41   58   19   44
 32   20   91    4   27   62   20   27    4    4   81   59   45   57   35   14
 11   21  154   58   12   77   21   12   58   58    9   84   14   49  155   60
 21   22   18   13   16   73   22   16   13   13   44   74   78    9  120   31
 34   23  148   26   71   18   23   71   26   26    8   24   23   25   25  155
  1   24   65   51   26   63   24   26   51   51   11   82   76   54  132   51
 55   25  127   55   10   79   25   10   55   55   74   26   33    2  137  107
 85   26  117   18    9   80   26    9   18   18    4   81   29   62  124    5
 10   27  124   69   77   12   27   77   69   69   56   41   24   51  135  111
 35   28  149   84   54   35   28   54   84   84   29   86   53   60  153  125
 53   29   23    7   37   52   29   37    7    7   45   62    6   14  109   76
  6   30  157   82   81    8   30   81   82   82   30    1   19   65  145   81
 70   31   49   60   78   11   31   78   60   60   22   45   87   59   76   45
 39   32    4   19   19   70   32   19   19   19   46    3   26   53   13   58
145   33   47   71   33   56   33   33   71   71   54    7    7       102   75
 46   34   90   87   59   30   34   59   87   87   64   79   43   17   71   88
100   35  114   78   50   39   35   50   78   78   34   56   11   76   97   47
 60   36  118   33   72   17   36   72   33   33   77   67   61    1   40  116
 59   37  102   30    8   81   37    8   30   30   53   11   17   61   84   68
 67   38   63   10   84    5   38   84   10   10   42   76    4   41   79   71
 66   39   14   38   46   43   39   46   38   38   20   23   31   22   67  154
 52   40   29   50   79   10   40   79   50   50   43   54   73    6   10  124
 58   41   82    9   29   60   41   29    9    9   21   31   77   42   11  118
 30   42  123    6   63   26   42   63    6    6   66    2   32   50  105   10
 29   43   46   46   85    4   43   85   46   46   73   60   27   27  122  128
 57   44   25   67   42   47   44   42   67   67   83   63   44   56   41   18
 64   45   32    8   28   61   45   28    8    8   28   69   82   31    8   43
115   46  139   32   39   50   46   39   32   32   55    5    1   47   91   94
 26   47  110   37    6   83   47    6   37   37   23   49   75   82   49   41
 24   48    3   47   76   13   48   76   47   47   52   20   36   72   51    1
 28   49    9   80    7   82   49    7   80   80   79   71   21   81  160   66
 62   50  136   17   23   66   50   23   17   17   48   73   71   78   21  159
  5   51   84   23   18   71   51   18   23   23   47   35   20   28   78  120
 50   52  130   83   83    6   52   83   83   83   25   43   13   75   82  102
 36   53   64   73   41   48   53   41   73   73   26   87   84   64  154  152
 75   54  108   49   57   32   54   57   49   49   13   47   85   35  157  110
105   55   70   75    5   84   55    5   75   75   15   34   58   24   87   64
 43   56  155   68   69   20   56   69   68   68   27   25    5   46   55  114
 45   57  146   48   61   28   57   61   48   48   72   57   86   30  113  109
130   58   94   44   62   27   58   62   44   44   57   19   51   45   93   12
135   59   31   12   38   51   59   38   12   12   71   22   54        85   79
 38   60  104   76   20   69   60   20   76   76   88   66   50   55   56  137
 25   61   22    1   64   25   61   64    1    1   12   78   56   40   54   83
  4   62   87   20   31   58   62   31   20   20   62   70   69   13   33   48
 18   63   99    5   53   36   63   53    5    5    5   85   68   67   43  130
 47   64  153   24   67   22   64   67   24   24   67   42   15   15   16  149
 15   65  159   88   70   19   65   70   88   88   61   83   28   16  100  101
120   66   37   77   15   74   66   15   77   77   58   15   46   34   64  160
 61   67   56   34   75   14   67   75   34   34   38   12   81   38   60   74
 19   68  140   54   25   64   68   25   54   54   17   55   79   32  131   84
 17   69  105   29   22   67   69   22   29   29   33   88   42    8   15  156
125   70  151   22   14   75   70   14   22   22   10   72   37   79   38   82
 44   71   78   43   44   45   71   44   43   43   24   65   52   74  140   34
110   72    7    3    2   87   72    2    3    3   19   38    2   69   92   46
  3   73   50   41   40   49   73   40   41   41   31   18   74   33   98   42
 22   74   77   27   43   46   74   43   27   27    7   10   72   44   14  153
 41   75  122   72   56   33   75   56   72   72   50   77   70   37  148  113
  7   76  134   62   66   23   76   66   62   62   69    9    9   52   89   50
 68   77  132   16   11   78   77   11   16   16   32   13   16    4   36   35
160   78  138   79   68   21   78   68   79   79   40   30   62       101   56
 20   79  106   25   52   37   79   52   25   25   18   29   22   20  121   30
 63   80  144   45   30   59   80   30   45   45   76    8   12   10   23   98
 90   81  120   40   60   29   81   60   40   40    2   80   67   39   20  132
  2   82   73   86   21   68   82   21   86   86   37   64   59   80   46  112
 13   83  156   70   17   72   83   17   70   70   86   33   30   12   66   49
 37   84   17   52   34   55   84   34   52   52   63   36   39   48   86  126
 48   85   80   61   32   57   85   32   61   61   59   14   80   68    4  115
 69   86   52   36   73   16   86   73   36   36    6    6   55   77  144  127
 12   87   79   57   35   54   87   35   57   57   16   37   83   36  149   89
155   88   60   42   86    3   88   86   42   42   84   16   47        62  135
 71       150                                                          90  108
 72       109                                                          34   15
 73         8                                                         114   17
 74        93                                                          83   95
 76        81                                                          77  103
 77        67                                                          24   37
 78        27                                                         136  157
 79        55                                                          57  136
 81        28                                                          39  129
 82        13                                                          12  131
 83        16                                                          63   69
 84        71                                                         125  148
 86       112                                                           7   29
 87       158                                                         106   32
 88        30                                                          65    3
 89        48                                                         139   67
 91        89                                                         126   52
 92        54                                                         117    2
 93        35                                                          26  104
 94       113                                                          52   97
 96        20                                                         111   63
 97        45                                                          44  151
 98        75                                                           9  141
 99       111                                                          17   26
101        69                                                          31   11
102       152                                                         115  123
103        59                                                         158   86
104        85                                                         107   87
106        42                                                          94   19
107        21                                                         151   77
108       103                                                         133    6
109       101                                                         129  100
111        39                                                         147   93
112        41                                                         150  145
113       141                                                          37  134
114        34                                                          50   59
116       137                                                          81   61
117       115                                                          29   96
118       147                                                          48  144
119       100                                                          95   90
121        98                                                           1  142
122       135                                                          73  133
123        76                                                          75  146
124        66                                                         127   24
126        57                                                          70   38
127        97                                                         143   20
128       133                                                         112   22
129       107                                                         134  105
131        33                                                           5   36
132       119                                                          59    4
133         1                                                         156    8
134        10                                                         141   21
136         2                                                          32  147
137        26                                                         130   23
138        58                                                          22   85
139        96                                                          72   40
141        68                                                          61   33
142        24                                                         103  121
143        11                                                           3   54
144       142                                                         104   80
146       128                                                          18   92
147        44                                                          99   25
148        95                                                          28  139
149        74                                                         128   39
151        12                                                         142  119
152       126                                                          53   73
153        38                                                         152   65
154       143                                                         116  106
156        92                                                          30  140
157        15                                                          45  150
158        53                                                          68    9
159        19                                                          96  138

=== ROW ORDER = rank(y2_full) ===
  n y2_f h160   Px   Py neg_  Y2p  X3p x3pl p_ca    r    s    z   Ry  sVH sCHK
------------------------------------------------------------------------------
 54    1  116   35    1   88    7    7   35   35   14   75   35    3  123   99
110    2    7    3    2   87   72   72    3    3   19   38    2   69   92   46
 27    3    5   14    3   86    4    4   14   14   68   48    8   70   47  122
 33    4   40   66    4   85    2    2   66   66   65   17   65   19  110   28
105    5   70   75    5   84   55   55   75   75   15   34   58   24   87   64
 26    6  110   37    6   83   47   47   37   37   23   49   75   82   49   41
 28    7    9   80    7   82   49   49   80   80   79   71   21   81  160   66
 59    8  102   30    8   81   37   37   30   30   53   11   17   61   84   68
 85    9  117   18    9   80   26   26   18   18    4   81   29   62  124    5
 55   10  127   55   10   79   25   25   55   55   74   26   33    2  137  107
 68   11  132   16   11   78   77   77   16   16   32   13   16    4   36   35
 11   12  154   58   12   77   21   21   58   58    9   84   14   49  155   60
 42   13   83   81   13   76   18   18   81   81   82   27   34   71  119   16
125   14  151   22   14   75   70   70   22   22   10   72   37   79   38   82
120   15   37   77   15   74   66   66   77   77   58   15   46   34   64  160
 21   16   18   13   16   73   22   22   13   13   44   74   78    9  120   31
 13   17  156   70   17   72   83   83   70   70   86   33   30   12   66   49
  5   18   84   23   18   71   51   51   23   23   47   35   20   28   78  120
 39   19    4   19   19   70   32   32   19   19   46    3   26   53   13   58
 38   20  104   76   20   69   60   60   76   76   88   66   50   55   56  137
  2   21   73   86   21   68   82   82   86   86   37   64   59   80   46  112
 17   22  105   29   22   67   69   69   29   29   33   88   42    8   15  156
 62   23  136   17   23   66   50   50   17   17   48   73   71   78   21  159
 31   24  125   56   24   65   10   10   56   56   39   51   63   11   88   55
 19   25  140   54   25   64   68   68   54   54   17   55   79   32  131   84
  1   26   65   51   26   63   24   24   51   51   11   82   76   54  132   51
 32   27   91    4   27   62   20   20    4    4   81   59   45   57   35   14
 64   28   32    8   28   61   45   45    8    8   28   69   82   31    8   43
 58   29   82    9   29   60   41   41    9    9   21   31   77   42   11  118
 63   30  144   45   30   59   80   80   45   45   76    8   12   10   23   98
  4   31   87   20   31   58   62   62   20   20   62   70   69   13   33   48
 48   32   80   61   32   57   85   85   61   61   59   14   80   68    4  115
145   33   47   71   33   56   33   33   71   71   54    7    7       102   75
 37   34   17   52   34   55   84   84   52   52   63   36   39   48   86  126
 12   35   79   57   35   54   87   87   57   57   16   37   83   36  149   89
 80   36   61   53   36   53   15   15   53   53   51   28   25   23   74   70
 53   37   23    7   37   52   29   29    7    7   45   62    6   14  109   76
135   38   31   12   38   51   59   59   12   12   71   22   54        85   79
115   39  139   32   39   50   46   46   32   32   55    5    1   47   91   94
  3   40   50   41   40   49   73   73   41   41   31   18   74   33   98   42
 36   41   64   73   41   48   53   53   73   73   26   87   84   64  154  152
 57   42   25   67   42   47   44   44   67   67   83   63   44   56   41   18
 22   43   77   27   43   46   74   74   27   27    7   10   72   44   14  153
 44   44   78   43   44   45   71   71   43   43   24   65   52   74  140   34
 14   45   88   74   45   44   19   19   74   74   70   58   41   58   19   44
 66   46   14   38   46   43   39   39   38   38   20   23   31   22   67  154
 40   47   86   65   47   42    9    9   65   65   75   40   60    7  146  117
 51   48  145   59   48   41   14   14   59   59   85   39   49   43    2   53
 16   49   62   64   49   40    1    1   64   64   60   52   48   63    6   27
100   50  114   78   50   39   35   35   78   78   34   56   11   76   97   47
  9   51   72   31   51   38    3    3   31   31    3   50    3   18   42   91
 20   52  106   25   52   37   79   79   25   25   18   29   22   20  121   30
 18   53   99    5   53   36   63   63    5    5    5   85   68   67   43  130
 35   54  149   84   54   35   28   28   84   84   29   86   53   60  153  125
 23   55  121   85   55   34    6    6   85   85    1   53   57   73  138  143
 41   56  122   72   56   33   75   75   72   72   50   77   70   37  148  113
 75   57  108   49   57   32   54   54   49   49   13   47   85   35  157  110
 95   58   51   63   58   31   12   12   63   63   78   44   40   21   80   78
 46   59   90   87   59   30   34   34   87   87   64   79   43   17   71   88
 90   60  120   40   60   29   81   81   40   40    2   80   67   39   20  132
 45   61  146   48   61   28   57   57   48   48   72   57   86   30  113  109
130   62   94   44   62   27   58   58   44   44   57   19   51   45   93   12
 30   63  123    6   63   26   42   42    6    6   66    2   32   50  105   10
 25   64   22    1   64   25   61   61    1    1   12   78   56   40   54   83
 49   65    6   39   65   24   17   17   39   39   49   61   10    5  108   13
  7   66  134   62   66   23   76   76   62   62   69    9    9   52   89   50
 47   67  153   24   67   22   64   64   24   24   67   42   15   15   16  149
160   68  138   79   68   21   78   78   79   79   40   30   62       101   56
 43   69  155   68   69   20   56   56   68   68   27   25    5   46   55  114
 15   70  159   88   70   19   65   65   88   88   61   83   28   16  100  101
 34   71  148   26   71   18   23   23   26   26    8   24   23   25   25  155
 60   72  118   33   72   17   36   36   33   33   77   67   61    1   40  116
 69   73   52   36   73   16   86   86   36   36    6    6   55   77  144  127
  8   74  129    2   74   15   11   11    2    2   36    4   64   26   69   57
 61   75   56   34   75   14   67   67   34   34   38   12   81   38   60   74
 24   76    3   47   76   13   48   48   47   47   52   20   36   72   51    1
 10   77  124   69   77   12   27   27   69   69   56   41   24   51  135  111
 70   78   49   60   78   11   31   31   60   60   22   45   87   59   76   45
 52   79   29   50   79   10   40   40   50   50   43   54   73    6   10  124
 56   80   36   28   80    9    5    5   28   28   41   68   38   29   27   62
  6   81  157   82   81    8   30   30   82   82   30    1   19   65  145   81
 65   82   43   21   82    7   13   13   21   21   35   46   18   66  159  158
 50   83  130   83   83    6   52   52   83   83   25   43   13   75   82  102
 67   84   63   10   84    5   38   38   10   10   42   76    4   41   79   71
 29   85   46   46   85    4   43   43   46   46   73   60   27   27  122  128
155   86   60   42   86    3   88   88   42   42   84   16   47        62  135
150   87  131   11   87    2   16   16   11   11   87   32   66        58    7
140   88  160   15   88    1    8    8   15   15   80   21   88       118   72
 71       150                                                          90  108
 72       109                                                          34   15
 73         8                                                         114   17
 74        93                                                          83   95
 76        81                                                          77  103
 77        67                                                          24   37
 78        27                                                         136  157
 79        55                                                          57  136
 81        28                                                          39  129
 82        13                                                          12  131
 83        16                                                          63   69
 84        71                                                         125  148
 86       112                                                           7   29
 87       158                                                         106   32
 88        30                                                          65    3
 89        48                                                         139   67
 91        89                                                         126   52
 92        54                                                         117    2
 93        35                                                          26  104
 94       113                                                          52   97
 96        20                                                         111   63
 97        45                                                          44  151
 98        75                                                           9  141
 99       111                                                          17   26
101        69                                                          31   11
102       152                                                         115  123
103        59                                                         158   86
104        85                                                         107   87
106        42                                                          94   19
107        21                                                         151   77
108       103                                                         133    6
109       101                                                         129  100
111        39                                                         147   93
112        41                                                         150  145
113       141                                                          37  134
114        34                                                          50   59
116       137                                                          81   61
117       115                                                          29   96
118       147                                                          48  144
119       100                                                          95   90
121        98                                                           1  142
122       135                                                          73  133
123        76                                                          75  146
124        66                                                         127   24
126        57                                                          70   38
127        97                                                         143   20
128       133                                                         112   22
129       107                                                         134  105
131        33                                                           5   36
132       119                                                          59    4
133         1                                                         156    8
134        10                                                         141   21
136         2                                                          32  147
137        26                                                         130   23
138        58                                                          22   85
139        96                                                          72   40
141        68                                                          61   33
142        24                                                         103  121
143        11                                                           3   54
144       142                                                         104   80
146       128                                                          18   92
147        44                                                          99   25
148        95                                                          28  139
149        74                                                         128   39
151        12                                                         142  119
152       126                                                          53   73
153        38                                                         152   65
154       143                                                         116  106
156        92                                                          30  140
157        15                                                          45  150
158        53                                                          68    9
159        19                                                          96  138

=== ROW ORDER = rank(x3plus7_full) ===
  n x3pl h160   Px   Py neg_  Y2p  X3p y2_f p_ca    r    s    z   Ry  sVH sCHK
------------------------------------------------------------------------------
 25    1   22    1   64   25   61   61   64    1   12   78   56   40   54   83
  8    2  129    2   74   15   11   11   74    2   36    4   64   26   69   57
110    3    7    3    2   87   72   72    2    3   19   38    2   69   92   46
 32    4   91    4   27   62   20   20   27    4   81   59   45   57   35   14
 18    5   99    5   53   36   63   63   53    5    5   85   68   67   43  130
 30    6  123    6   63   26   42   42   63    6   66    2   32   50  105   10
 53    7   23    7   37   52   29   29   37    7   45   62    6   14  109   76
 64    8   32    8   28   61   45   45   28    8   28   69   82   31    8   43
 58    9   82    9   29   60   41   41   29    9   21   31   77   42   11  118
 67   10   63   10   84    5   38   38   84   10   42   76    4   41   79   71
150   11  131   11   87    2   16   16   87   11   87   32   66        58    7
135   12   31   12   38   51   59   59   38   12   71   22   54        85   79
 21   13   18   13   16   73   22   22   16   13   44   74   78    9  120   31
 27   14    5   14    3   86    4    4    3   14   68   48    8   70   47  122
140   15  160   15   88    1    8    8   88   15   80   21   88       118   72
 68   16  132   16   11   78   77   77   11   16   32   13   16    4   36   35
 62   17  136   17   23   66   50   50   23   17   48   73   71   78   21  159
 85   18  117   18    9   80   26   26    9   18    4   81   29   62  124    5
 39   19    4   19   19   70   32   32   19   19   46    3   26   53   13   58
  4   20   87   20   31   58   62   62   31   20   62   70   69   13   33   48
 65   21   43   21   82    7   13   13   82   21   35   46   18   66  159  158
125   22  151   22   14   75   70   70   14   22   10   72   37   79   38   82
  5   23   84   23   18   71   51   51   18   23   47   35   20   28   78  120
 47   24  153   24   67   22   64   64   67   24   67   42   15   15   16  149
 20   25  106   25   52   37   79   79   52   25   18   29   22   20  121   30
 34   26  148   26   71   18   23   23   71   26    8   24   23   25   25  155
 22   27   77   27   43   46   74   74   43   27    7   10   72   44   14  153
 56   28   36   28   80    9    5    5   80   28   41   68   38   29   27   62
 17   29  105   29   22   67   69   69   22   29   33   88   42    8   15  156
 59   30  102   30    8   81   37   37    8   30   53   11   17   61   84   68
  9   31   72   31   51   38    3    3   51   31    3   50    3   18   42   91
115   32  139   32   39   50   46   46   39   32   55    5    1   47   91   94
 60   33  118   33   72   17   36   36   72   33   77   67   61    1   40  116
 61   34   56   34   75   14   67   67   75   34   38   12   81   38   60   74
 54   35  116   35    1   88    7    7    1   35   14   75   35    3  123   99
 69   36   52   36   73   16   86   86   73   36    6    6   55   77  144  127
 26   37  110   37    6   83   47   47    6   37   23   49   75   82   49   41
 66   38   14   38   46   43   39   39   46   38   20   23   31   22   67  154
 49   39    6   39   65   24   17   17   65   39   49   61   10    5  108   13
 90   40  120   40   60   29   81   81   60   40    2   80   67   39   20  132
  3   41   50   41   40   49   73   73   40   41   31   18   74   33   98   42
155   42   60   42   86    3   88   88   86   42   84   16   47        62  135
 44   43   78   43   44   45   71   71   44   43   24   65   52   74  140   34
130   44   94   44   62   27   58   58   62   44   57   19   51   45   93   12
 63   45  144   45   30   59   80   80   30   45   76    8   12   10   23   98
 29   46   46   46   85    4   43   43   85   46   73   60   27   27  122  128
 24   47    3   47   76   13   48   48   76   47   52   20   36   72   51    1
 45   48  146   48   61   28   57   57   61   48   72   57   86   30  113  109
 75   49  108   49   57   32   54   54   57   49   13   47   85   35  157  110
 52   50   29   50   79   10   40   40   79   50   43   54   73    6   10  124
  1   51   65   51   26   63   24   24   26   51   11   82   76   54  132   51
 37   52   17   52   34   55   84   84   34   52   63   36   39   48   86  126
 80   53   61   53   36   53   15   15   36   53   51   28   25   23   74   70
 19   54  140   54   25   64   68   68   25   54   17   55   79   32  131   84
 55   55  127   55   10   79   25   25   10   55   74   26   33    2  137  107
 31   56  125   56   24   65   10   10   24   56   39   51   63   11   88   55
 12   57   79   57   35   54   87   87   35   57   16   37   83   36  149   89
 11   58  154   58   12   77   21   21   12   58    9   84   14   49  155   60
 51   59  145   59   48   41   14   14   48   59   85   39   49   43    2   53
 70   60   49   60   78   11   31   31   78   60   22   45   87   59   76   45
 48   61   80   61   32   57   85   85   32   61   59   14   80   68    4  115
  7   62  134   62   66   23   76   76   66   62   69    9    9   52   89   50
 95   63   51   63   58   31   12   12   58   63   78   44   40   21   80   78
 16   64   62   64   49   40    1    1   49   64   60   52   48   63    6   27
 40   65   86   65   47   42    9    9   47   65   75   40   60    7  146  117
 33   66   40   66    4   85    2    2    4   66   65   17   65   19  110   28
 57   67   25   67   42   47   44   44   42   67   83   63   44   56   41   18
 43   68  155   68   69   20   56   56   69   68   27   25    5   46   55  114
 10   69  124   69   77   12   27   27   77   69   56   41   24   51  135  111
 13   70  156   70   17   72   83   83   17   70   86   33   30   12   66   49
145   71   47   71   33   56   33   33   33   71   54    7    7       102   75
 41   72  122   72   56   33   75   75   56   72   50   77   70   37  148  113
 36   73   64   73   41   48   53   53   41   73   26   87   84   64  154  152
 14   74   88   74   45   44   19   19   45   74   70   58   41   58   19   44
105   75   70   75    5   84   55   55    5   75   15   34   58   24   87   64
 38   76  104   76   20   69   60   60   20   76   88   66   50   55   56  137
120   77   37   77   15   74   66   66   15   77   58   15   46   34   64  160
100   78  114   78   50   39   35   35   50   78   34   56   11   76   97   47
160   79  138   79   68   21   78   78   68   79   40   30   62       101   56
 28   80    9   80    7   82   49   49    7   80   79   71   21   81  160   66
 42   81   83   81   13   76   18   18   13   81   82   27   34   71  119   16
  6   82  157   82   81    8   30   30   81   82   30    1   19   65  145   81
 50   83  130   83   83    6   52   52   83   83   25   43   13   75   82  102
 35   84  149   84   54   35   28   28   54   84   29   86   53   60  153  125
 23   85  121   85   55   34    6    6   55   85    1   53   57   73  138  143
  2   86   73   86   21   68   82   82   21   86   37   64   59   80   46  112
 46   87   90   87   59   30   34   34   59   87   64   79   43   17   71   88
 15   88  159   88   70   19   65   65   70   88   61   83   28   16  100  101
 71       150                                                          90  108
 72       109                                                          34   15
 73         8                                                         114   17
 74        93                                                          83   95
 76        81                                                          77  103
 77        67                                                          24   37
 78        27                                                         136  157
 79        55                                                          57  136
 81        28                                                          39  129
 82        13                                                          12  131
 83        16                                                          63   69
 84        71                                                         125  148
 86       112                                                           7   29
 87       158                                                         106   32
 88        30                                                          65    3
 89        48                                                         139   67
 91        89                                                         126   52
 92        54                                                         117    2
 93        35                                                          26  104
 94       113                                                          52   97
 96        20                                                         111   63
 97        45                                                          44  151
 98        75                                                           9  141
 99       111                                                          17   26
101        69                                                          31   11
102       152                                                         115  123
103        59                                                         158   86
104        85                                                         107   87
106        42                                                          94   19
107        21                                                         151   77
108       103                                                         133    6
109       101                                                         129  100
111        39                                                         147   93
112        41                                                         150  145
113       141                                                          37  134
114        34                                                          50   59
116       137                                                          81   61
117       115                                                          29   96
118       147                                                          48  144
119       100                                                          95   90
121        98                                                           1  142
122       135                                                          73  133
123        76                                                          75  146
124        66                                                         127   24
126        57                                                          70   38
127        97                                                         143   20
128       133                                                         112   22
129       107                                                         134  105
131        33                                                           5   36
132       119                                                          59    4
133         1                                                         156    8
134        10                                                         141   21
136         2                                                          32  147
137        26                                                         130   23
138        58                                                          22   85
139        96                                                          72   40
141        68                                                          61   33
142        24                                                         103  121
143        11                                                           3   54
144       142                                                         104   80
146       128                                                          18   92
147        44                                                          99   25
148        95                                                          28  139
149        74                                                         128   39
151        12                                                         142  119
152       126                                                          53   73
153        38                                                         152   65
154       143                                                         116  106
156        92                                                          30  140
157        15                                                          45  150
158        53                                                          68    9
159        19                                                          96  138

=== ROW ORDER = rank(p_carry) ===
  n p_ca h160   Px   Py neg_  Y2p  X3p y2_f x3pl    r    s    z   Ry  sVH sCHK
------------------------------------------------------------------------------
 25    1   22    1   64   25   61   61   64    1   12   78   56   40   54   83
  8    2  129    2   74   15   11   11   74    2   36    4   64   26   69   57
110    3    7    3    2   87   72   72    2    3   19   38    2   69   92   46
 32    4   91    4   27   62   20   20   27    4   81   59   45   57   35   14
 18    5   99    5   53   36   63   63   53    5    5   85   68   67   43  130
 30    6  123    6   63   26   42   42   63    6   66    2   32   50  105   10
 53    7   23    7   37   52   29   29   37    7   45   62    6   14  109   76
 64    8   32    8   28   61   45   45   28    8   28   69   82   31    8   43
 58    9   82    9   29   60   41   41   29    9   21   31   77   42   11  118
 67   10   63   10   84    5   38   38   84   10   42   76    4   41   79   71
150   11  131   11   87    2   16   16   87   11   87   32   66        58    7
135   12   31   12   38   51   59   59   38   12   71   22   54        85   79
 21   13   18   13   16   73   22   22   16   13   44   74   78    9  120   31
 27   14    5   14    3   86    4    4    3   14   68   48    8   70   47  122
140   15  160   15   88    1    8    8   88   15   80   21   88       118   72
 68   16  132   16   11   78   77   77   11   16   32   13   16    4   36   35
 62   17  136   17   23   66   50   50   23   17   48   73   71   78   21  159
 85   18  117   18    9   80   26   26    9   18    4   81   29   62  124    5
 39   19    4   19   19   70   32   32   19   19   46    3   26   53   13   58
  4   20   87   20   31   58   62   62   31   20   62   70   69   13   33   48
 65   21   43   21   82    7   13   13   82   21   35   46   18   66  159  158
125   22  151   22   14   75   70   70   14   22   10   72   37   79   38   82
  5   23   84   23   18   71   51   51   18   23   47   35   20   28   78  120
 47   24  153   24   67   22   64   64   67   24   67   42   15   15   16  149
 20   25  106   25   52   37   79   79   52   25   18   29   22   20  121   30
 34   26  148   26   71   18   23   23   71   26    8   24   23   25   25  155
 22   27   77   27   43   46   74   74   43   27    7   10   72   44   14  153
 56   28   36   28   80    9    5    5   80   28   41   68   38   29   27   62
 17   29  105   29   22   67   69   69   22   29   33   88   42    8   15  156
 59   30  102   30    8   81   37   37    8   30   53   11   17   61   84   68
  9   31   72   31   51   38    3    3   51   31    3   50    3   18   42   91
115   32  139   32   39   50   46   46   39   32   55    5    1   47   91   94
 60   33  118   33   72   17   36   36   72   33   77   67   61    1   40  116
 61   34   56   34   75   14   67   67   75   34   38   12   81   38   60   74
 54   35  116   35    1   88    7    7    1   35   14   75   35    3  123   99
 69   36   52   36   73   16   86   86   73   36    6    6   55   77  144  127
 26   37  110   37    6   83   47   47    6   37   23   49   75   82   49   41
 66   38   14   38   46   43   39   39   46   38   20   23   31   22   67  154
 49   39    6   39   65   24   17   17   65   39   49   61   10    5  108   13
 90   40  120   40   60   29   81   81   60   40    2   80   67   39   20  132
  3   41   50   41   40   49   73   73   40   41   31   18   74   33   98   42
155   42   60   42   86    3   88   88   86   42   84   16   47        62  135
 44   43   78   43   44   45   71   71   44   43   24   65   52   74  140   34
130   44   94   44   62   27   58   58   62   44   57   19   51   45   93   12
 63   45  144   45   30   59   80   80   30   45   76    8   12   10   23   98
 29   46   46   46   85    4   43   43   85   46   73   60   27   27  122  128
 24   47    3   47   76   13   48   48   76   47   52   20   36   72   51    1
 45   48  146   48   61   28   57   57   61   48   72   57   86   30  113  109
 75   49  108   49   57   32   54   54   57   49   13   47   85   35  157  110
 52   50   29   50   79   10   40   40   79   50   43   54   73    6   10  124
  1   51   65   51   26   63   24   24   26   51   11   82   76   54  132   51
 37   52   17   52   34   55   84   84   34   52   63   36   39   48   86  126
 80   53   61   53   36   53   15   15   36   53   51   28   25   23   74   70
 19   54  140   54   25   64   68   68   25   54   17   55   79   32  131   84
 55   55  127   55   10   79   25   25   10   55   74   26   33    2  137  107
 31   56  125   56   24   65   10   10   24   56   39   51   63   11   88   55
 12   57   79   57   35   54   87   87   35   57   16   37   83   36  149   89
 11   58  154   58   12   77   21   21   12   58    9   84   14   49  155   60
 51   59  145   59   48   41   14   14   48   59   85   39   49   43    2   53
 70   60   49   60   78   11   31   31   78   60   22   45   87   59   76   45
 48   61   80   61   32   57   85   85   32   61   59   14   80   68    4  115
  7   62  134   62   66   23   76   76   66   62   69    9    9   52   89   50
 95   63   51   63   58   31   12   12   58   63   78   44   40   21   80   78
 16   64   62   64   49   40    1    1   49   64   60   52   48   63    6   27
 40   65   86   65   47   42    9    9   47   65   75   40   60    7  146  117
 33   66   40   66    4   85    2    2    4   66   65   17   65   19  110   28
 57   67   25   67   42   47   44   44   42   67   83   63   44   56   41   18
 43   68  155   68   69   20   56   56   69   68   27   25    5   46   55  114
 10   69  124   69   77   12   27   27   77   69   56   41   24   51  135  111
 13   70  156   70   17   72   83   83   17   70   86   33   30   12   66   49
145   71   47   71   33   56   33   33   33   71   54    7    7       102   75
 41   72  122   72   56   33   75   75   56   72   50   77   70   37  148  113
 36   73   64   73   41   48   53   53   41   73   26   87   84   64  154  152
 14   74   88   74   45   44   19   19   45   74   70   58   41   58   19   44
105   75   70   75    5   84   55   55    5   75   15   34   58   24   87   64
 38   76  104   76   20   69   60   60   20   76   88   66   50   55   56  137
120   77   37   77   15   74   66   66   15   77   58   15   46   34   64  160
100   78  114   78   50   39   35   35   50   78   34   56   11   76   97   47
160   79  138   79   68   21   78   78   68   79   40   30   62       101   56
 28   80    9   80    7   82   49   49    7   80   79   71   21   81  160   66
 42   81   83   81   13   76   18   18   13   81   82   27   34   71  119   16
  6   82  157   82   81    8   30   30   81   82   30    1   19   65  145   81
 50   83  130   83   83    6   52   52   83   83   25   43   13   75   82  102
 35   84  149   84   54   35   28   28   54   84   29   86   53   60  153  125
 23   85  121   85   55   34    6    6   55   85    1   53   57   73  138  143
  2   86   73   86   21   68   82   82   21   86   37   64   59   80   46  112
 46   87   90   87   59   30   34   34   59   87   64   79   43   17   71   88
 15   88  159   88   70   19   65   65   70   88   61   83   28   16  100  101
 71       150                                                          90  108
 72       109                                                          34   15
 73         8                                                         114   17
 74        93                                                          83   95
 76        81                                                          77  103
 77        67                                                          24   37
 78        27                                                         136  157
 79        55                                                          57  136
 81        28                                                          39  129
 82        13                                                          12  131
 83        16                                                          63   69
 84        71                                                         125  148
 86       112                                                           7   29
 87       158                                                         106   32
 88        30                                                          65    3
 89        48                                                         139   67
 91        89                                                         126   52
 92        54                                                         117    2
 93        35                                                          26  104
 94       113                                                          52   97
 96        20                                                         111   63
 97        45                                                          44  151
 98        75                                                           9  141
 99       111                                                          17   26
101        69                                                          31   11
102       152                                                         115  123
103        59                                                         158   86
104        85                                                         107   87
106        42                                                          94   19
107        21                                                         151   77
108       103                                                         133    6
109       101                                                         129  100
111        39                                                         147   93
112        41                                                         150  145
113       141                                                          37  134
114        34                                                          50   59
116       137                                                          81   61
117       115                                                          29   96
118       147                                                          48  144
119       100                                                          95   90
121        98                                                           1  142
122       135                                                          73  133
123        76                                                          75  146
124        66                                                         127   24
126        57                                                          70   38
127        97                                                         143   20
128       133                                                         112   22
129       107                                                         134  105
131        33                                                           5   36
132       119                                                          59    4
133         1                                                         156    8
134        10                                                         141   21
136         2                                                          32  147
137        26                                                         130   23
138        58                                                          22   85
139        96                                                          72   40
141        68                                                          61   33
142        24                                                         103  121
143        11                                                           3   54
144       142                                                         104   80
146       128                                                          18   92
147        44                                                          99   25
148        95                                                          28  139
149        74                                                         128   39
151        12                                                         142  119
152       126                                                          53   73
153        38                                                         152   65
154       143                                                         116  106
156        92                                                          30  140
157        15                                                          45  150
158        53                                                          68    9
159        19                                                          96  138

=== ROW ORDER = rank(r) ===
  n    r h160   Px   Py neg_  Y2p  X3p y2_f x3pl p_ca    s    z   Ry  sVH sCHK
------------------------------------------------------------------------------
 23    1  121   85   55   34    6    6   55   85   85   53   57   73  138  143
 90    2  120   40   60   29   81   81   60   40   40   80   67   39   20  132
  9    3   72   31   51   38    3    3   51   31   31   50    3   18   42   91
 85    4  117   18    9   80   26   26    9   18   18   81   29   62  124    5
 18    5   99    5   53   36   63   63   53    5    5   85   68   67   43  130
 69    6   52   36   73   16   86   86   73   36   36    6   55   77  144  127
 22    7   77   27   43   46   74   74   43   27   27   10   72   44   14  153
 34    8  148   26   71   18   23   23   71   26   26   24   23   25   25  155
 11    9  154   58   12   77   21   21   12   58   58   84   14   49  155   60
125   10  151   22   14   75   70   70   14   22   22   72   37   79   38   82
  1   11   65   51   26   63   24   24   26   51   51   82   76   54  132   51
 25   12   22    1   64   25   61   61   64    1    1   78   56   40   54   83
 75   13  108   49   57   32   54   54   57   49   49   47   85   35  157  110
 54   14  116   35    1   88    7    7    1   35   35   75   35    3  123   99
105   15   70   75    5   84   55   55    5   75   75   34   58   24   87   64
 12   16   79   57   35   54   87   87   35   57   57   37   83   36  149   89
 19   17  140   54   25   64   68   68   25   54   54   55   79   32  131   84
 20   18  106   25   52   37   79   79   52   25   25   29   22   20  121   30
110   19    7    3    2   87   72   72    2    3    3   38    2   69   92   46
 66   20   14   38   46   43   39   39   46   38   38   23   31   22   67  154
 58   21   82    9   29   60   41   41   29    9    9   31   77   42   11  118
 70   22   49   60   78   11   31   31   78   60   60   45   87   59   76   45
 26   23  110   37    6   83   47   47    6   37   37   49   75   82   49   41
 44   24   78   43   44   45   71   71   44   43   43   65   52   74  140   34
 50   25  130   83   83    6   52   52   83   83   83   43   13   75   82  102
 36   26   64   73   41   48   53   53   41   73   73   87   84   64  154  152
 43   27  155   68   69   20   56   56   69   68   68   25    5   46   55  114
 64   28   32    8   28   61   45   45   28    8    8   69   82   31    8   43
 35   29  149   84   54   35   28   28   54   84   84   86   53   60  153  125
  6   30  157   82   81    8   30   30   81   82   82    1   19   65  145   81
  3   31   50   41   40   49   73   73   40   41   41   18   74   33   98   42
 68   32  132   16   11   78   77   77   11   16   16   13   16    4   36   35
 17   33  105   29   22   67   69   69   22   29   29   88   42    8   15  156
100   34  114   78   50   39   35   35   50   78   78   56   11   76   97   47
 65   35   43   21   82    7   13   13   82   21   21   46   18   66  159  158
  8   36  129    2   74   15   11   11   74    2    2    4   64   26   69   57
  2   37   73   86   21   68   82   82   21   86   86   64   59   80   46  112
 61   38   56   34   75   14   67   67   75   34   34   12   81   38   60   74
 31   39  125   56   24   65   10   10   24   56   56   51   63   11   88   55
160   40  138   79   68   21   78   78   68   79   79   30   62       101   56
 56   41   36   28   80    9    5    5   80   28   28   68   38   29   27   62
 67   42   63   10   84    5   38   38   84   10   10   76    4   41   79   71
 52   43   29   50   79   10   40   40   79   50   50   54   73    6   10  124
 21   44   18   13   16   73   22   22   16   13   13   74   78    9  120   31
 53   45   23    7   37   52   29   29   37    7    7   62    6   14  109   76
 39   46    4   19   19   70   32   32   19   19   19    3   26   53   13   58
  5   47   84   23   18   71   51   51   18   23   23   35   20   28   78  120
 62   48  136   17   23   66   50   50   23   17   17   73   71   78   21  159
 49   49    6   39   65   24   17   17   65   39   39   61   10    5  108   13
 41   50  122   72   56   33   75   75   56   72   72   77   70   37  148  113
 80   51   61   53   36   53   15   15   36   53   53   28   25   23   74   70
 24   52    3   47   76   13   48   48   76   47   47   20   36   72   51    1
 59   53  102   30    8   81   37   37    8   30   30   11   17   61   84   68
145   54   47   71   33   56   33   33   33   71   71    7    7       102   75
115   55  139   32   39   50   46   46   39   32   32    5    1   47   91   94
 10   56  124   69   77   12   27   27   77   69   69   41   24   51  135  111
130   57   94   44   62   27   58   58   62   44   44   19   51   45   93   12
120   58   37   77   15   74   66   66   15   77   77   15   46   34   64  160
 48   59   80   61   32   57   85   85   32   61   61   14   80   68    4  115
 16   60   62   64   49   40    1    1   49   64   64   52   48   63    6   27
 15   61  159   88   70   19   65   65   70   88   88   83   28   16  100  101
  4   62   87   20   31   58   62   62   31   20   20   70   69   13   33   48
 37   63   17   52   34   55   84   84   34   52   52   36   39   48   86  126
 46   64   90   87   59   30   34   34   59   87   87   79   43   17   71   88
 33   65   40   66    4   85    2    2    4   66   66   17   65   19  110   28
 30   66  123    6   63   26   42   42   63    6    6    2   32   50  105   10
 47   67  153   24   67   22   64   64   67   24   24   42   15   15   16  149
 27   68    5   14    3   86    4    4    3   14   14   48    8   70   47  122
  7   69  134   62   66   23   76   76   66   62   62    9    9   52   89   50
 14   70   88   74   45   44   19   19   45   74   74   58   41   58   19   44
135   71   31   12   38   51   59   59   38   12   12   22   54        85   79
 45   72  146   48   61   28   57   57   61   48   48   57   86   30  113  109
 29   73   46   46   85    4   43   43   85   46   46   60   27   27  122  128
 55   74  127   55   10   79   25   25   10   55   55   26   33    2  137  107
 40   75   86   65   47   42    9    9   47   65   65   40   60    7  146  117
 63   76  144   45   30   59   80   80   30   45   45    8   12   10   23   98
 60   77  118   33   72   17   36   36   72   33   33   67   61    1   40  116
 95   78   51   63   58   31   12   12   58   63   63   44   40   21   80   78
 28   79    9   80    7   82   49   49    7   80   80   71   21   81  160   66
140   80  160   15   88    1    8    8   88   15   15   21   88       118   72
 32   81   91    4   27   62   20   20   27    4    4   59   45   57   35   14
 42   82   83   81   13   76   18   18   13   81   81   27   34   71  119   16
 57   83   25   67   42   47   44   44   42   67   67   63   44   56   41   18
155   84   60   42   86    3   88   88   86   42   42   16   47        62  135
 51   85  145   59   48   41   14   14   48   59   59   39   49   43    2   53
 13   86  156   70   17   72   83   83   17   70   70   33   30   12   66   49
150   87  131   11   87    2   16   16   87   11   11   32   66        58    7
 38   88  104   76   20   69   60   60   20   76   76   66   50   55   56  137
 71       150                                                          90  108
 72       109                                                          34   15
 73         8                                                         114   17
 74        93                                                          83   95
 76        81                                                          77  103
 77        67                                                          24   37
 78        27                                                         136  157
 79        55                                                          57  136
 81        28                                                          39  129
 82        13                                                          12  131
 83        16                                                          63   69
 84        71                                                         125  148
 86       112                                                           7   29
 87       158                                                         106   32
 88        30                                                          65    3
 89        48                                                         139   67
 91        89                                                         126   52
 92        54                                                         117    2
 93        35                                                          26  104
 94       113                                                          52   97
 96        20                                                         111   63
 97        45                                                          44  151
 98        75                                                           9  141
 99       111                                                          17   26
101        69                                                          31   11
102       152                                                         115  123
103        59                                                         158   86
104        85                                                         107   87
106        42                                                          94   19
107        21                                                         151   77
108       103                                                         133    6
109       101                                                         129  100
111        39                                                         147   93
112        41                                                         150  145
113       141                                                          37  134
114        34                                                          50   59
116       137                                                          81   61
117       115                                                          29   96
118       147                                                          48  144
119       100                                                          95   90
121        98                                                           1  142
122       135                                                          73  133
123        76                                                          75  146
124        66                                                         127   24
126        57                                                          70   38
127        97                                                         143   20
128       133                                                         112   22
129       107                                                         134  105
131        33                                                           5   36
132       119                                                          59    4
133         1                                                         156    8
134        10                                                         141   21
136         2                                                          32  147
137        26                                                         130   23
138        58                                                          22   85
139        96                                                          72   40
141        68                                                          61   33
142        24                                                         103  121
143        11                                                           3   54
144       142                                                         104   80
146       128                                                          18   92
147        44                                                          99   25
148        95                                                          28  139
149        74                                                         128   39
151        12                                                         142  119
152       126                                                          53   73
153        38                                                         152   65
154       143                                                         116  106
156        92                                                          30  140
157        15                                                          45  150
158        53                                                          68    9
159        19                                                          96  138

=== ROW ORDER = rank(s) ===
  n    s h160   Px   Py neg_  Y2p  X3p y2_f x3pl p_ca    r    z   Ry  sVH sCHK
------------------------------------------------------------------------------
  6    1  157   82   81    8   30   30   81   82   82   30   19   65  145   81
 30    2  123    6   63   26   42   42   63    6    6   66   32   50  105   10
 39    3    4   19   19   70   32   32   19   19   19   46   26   53   13   58
  8    4  129    2   74   15   11   11   74    2    2   36   64   26   69   57
115    5  139   32   39   50   46   46   39   32   32   55    1   47   91   94
 69    6   52   36   73   16   86   86   73   36   36    6   55   77  144  127
145    7   47   71   33   56   33   33   33   71   71   54    7       102   75
 63    8  144   45   30   59   80   80   30   45   45   76   12   10   23   98
  7    9  134   62   66   23   76   76   66   62   62   69    9   52   89   50
 22   10   77   27   43   46   74   74   43   27   27    7   72   44   14  153
 59   11  102   30    8   81   37   37    8   30   30   53   17   61   84   68
 61   12   56   34   75   14   67   67   75   34   34   38   81   38   60   74
 68   13  132   16   11   78   77   77   11   16   16   32   16    4   36   35
 48   14   80   61   32   57   85   85   32   61   61   59   80   68    4  115
120   15   37   77   15   74   66   66   15   77   77   58   46   34   64  160
155   16   60   42   86    3   88   88   86   42   42   84   47        62  135
 33   17   40   66    4   85    2    2    4   66   66   65   65   19  110   28
  3   18   50   41   40   49   73   73   40   41   41   31   74   33   98   42
130   19   94   44   62   27   58   58   62   44   44   57   51   45   93   12
 24   20    3   47   76   13   48   48   76   47   47   52   36   72   51    1
140   21  160   15   88    1    8    8   88   15   15   80   88       118   72
135   22   31   12   38   51   59   59   38   12   12   71   54        85   79
 66   23   14   38   46   43   39   39   46   38   38   20   31   22   67  154
 34   24  148   26   71   18   23   23   71   26   26    8   23   25   25  155
 43   25  155   68   69   20   56   56   69   68   68   27    5   46   55  114
 55   26  127   55   10   79   25   25   10   55   55   74   33    2  137  107
 42   27   83   81   13   76   18   18   13   81   81   82   34   71  119   16
 80   28   61   53   36   53   15   15   36   53   53   51   25   23   74   70
 20   29  106   25   52   37   79   79   52   25   25   18   22   20  121   30
160   30  138   79   68   21   78   78   68   79   79   40   62       101   56
 58   31   82    9   29   60   41   41   29    9    9   21   77   42   11  118
150   32  131   11   87    2   16   16   87   11   11   87   66        58    7
 13   33  156   70   17   72   83   83   17   70   70   86   30   12   66   49
105   34   70   75    5   84   55   55    5   75   75   15   58   24   87   64
  5   35   84   23   18   71   51   51   18   23   23   47   20   28   78  120
 37   36   17   52   34   55   84   84   34   52   52   63   39   48   86  126
 12   37   79   57   35   54   87   87   35   57   57   16   83   36  149   89
110   38    7    3    2   87   72   72    2    3    3   19    2   69   92   46
 51   39  145   59   48   41   14   14   48   59   59   85   49   43    2   53
 40   40   86   65   47   42    9    9   47   65   65   75   60    7  146  117
 10   41  124   69   77   12   27   27   77   69   69   56   24   51  135  111
 47   42  153   24   67   22   64   64   67   24   24   67   15   15   16  149
 50   43  130   83   83    6   52   52   83   83   83   25   13   75   82  102
 95   44   51   63   58   31   12   12   58   63   63   78   40   21   80   78
 70   45   49   60   78   11   31   31   78   60   60   22   87   59   76   45
 65   46   43   21   82    7   13   13   82   21   21   35   18   66  159  158
 75   47  108   49   57   32   54   54   57   49   49   13   85   35  157  110
 27   48    5   14    3   86    4    4    3   14   14   68    8   70   47  122
 26   49  110   37    6   83   47   47    6   37   37   23   75   82   49   41
  9   50   72   31   51   38    3    3   51   31   31    3    3   18   42   91
 31   51  125   56   24   65   10   10   24   56   56   39   63   11   88   55
 16   52   62   64   49   40    1    1   49   64   64   60   48   63    6   27
 23   53  121   85   55   34    6    6   55   85   85    1   57   73  138  143
 52   54   29   50   79   10   40   40   79   50   50   43   73    6   10  124
 19   55  140   54   25   64   68   68   25   54   54   17   79   32  131   84
100   56  114   78   50   39   35   35   50   78   78   34   11   76   97   47
 45   57  146   48   61   28   57   57   61   48   48   72   86   30  113  109
 14   58   88   74   45   44   19   19   45   74   74   70   41   58   19   44
 32   59   91    4   27   62   20   20   27    4    4   81   45   57   35   14
 29   60   46   46   85    4   43   43   85   46   46   73   27   27  122  128
 49   61    6   39   65   24   17   17   65   39   39   49   10    5  108   13
 53   62   23    7   37   52   29   29   37    7    7   45    6   14  109   76
 57   63   25   67   42   47   44   44   42   67   67   83   44   56   41   18
  2   64   73   86   21   68   82   82   21   86   86   37   59   80   46  112
 44   65   78   43   44   45   71   71   44   43   43   24   52   74  140   34
 38   66  104   76   20   69   60   60   20   76   76   88   50   55   56  137
 60   67  118   33   72   17   36   36   72   33   33   77   61    1   40  116
 56   68   36   28   80    9    5    5   80   28   28   41   38   29   27   62
 64   69   32    8   28   61   45   45   28    8    8   28   82   31    8   43
  4   70   87   20   31   58   62   62   31   20   20   62   69   13   33   48
 28   71    9   80    7   82   49   49    7   80   80   79   21   81  160   66
125   72  151   22   14   75   70   70   14   22   22   10   37   79   38   82
 62   73  136   17   23   66   50   50   23   17   17   48   71   78   21  159
 21   74   18   13   16   73   22   22   16   13   13   44   78    9  120   31
 54   75  116   35    1   88    7    7    1   35   35   14   35    3  123   99
 67   76   63   10   84    5   38   38   84   10   10   42    4   41   79   71
 41   77  122   72   56   33   75   75   56   72   72   50   70   37  148  113
 25   78   22    1   64   25   61   61   64    1    1   12   56   40   54   83
 46   79   90   87   59   30   34   34   59   87   87   64   43   17   71   88
 90   80  120   40   60   29   81   81   60   40   40    2   67   39   20  132
 85   81  117   18    9   80   26   26    9   18   18    4   29   62  124    5
  1   82   65   51   26   63   24   24   26   51   51   11   76   54  132   51
 15   83  159   88   70   19   65   65   70   88   88   61   28   16  100  101
 11   84  154   58   12   77   21   21   12   58   58    9   14   49  155   60
 18   85   99    5   53   36   63   63   53    5    5    5   68   67   43  130
 35   86  149   84   54   35   28   28   54   84   84   29   53   60  153  125
 36   87   64   73   41   48   53   53   41   73   73   26   84   64  154  152
 17   88  105   29   22   67   69   69   22   29   29   33   42    8   15  156
 71       150                                                          90  108
 72       109                                                          34   15
 73         8                                                         114   17
 74        93                                                          83   95
 76        81                                                          77  103
 77        67                                                          24   37
 78        27                                                         136  157
 79        55                                                          57  136
 81        28                                                          39  129
 82        13                                                          12  131
 83        16                                                          63   69
 84        71                                                         125  148
 86       112                                                           7   29
 87       158                                                         106   32
 88        30                                                          65    3
 89        48                                                         139   67
 91        89                                                         126   52
 92        54                                                         117    2
 93        35                                                          26  104
 94       113                                                          52   97
 96        20                                                         111   63
 97        45                                                          44  151
 98        75                                                           9  141
 99       111                                                          17   26
101        69                                                          31   11
102       152                                                         115  123
103        59                                                         158   86
104        85                                                         107   87
106        42                                                          94   19
107        21                                                         151   77
108       103                                                         133    6
109       101                                                         129  100
111        39                                                         147   93
112        41                                                         150  145
113       141                                                          37  134
114        34                                                          50   59
116       137                                                          81   61
117       115                                                          29   96
118       147                                                          48  144
119       100                                                          95   90
121        98                                                           1  142
122       135                                                          73  133
123        76                                                          75  146
124        66                                                         127   24
126        57                                                          70   38
127        97                                                         143   20
128       133                                                         112   22
129       107                                                         134  105
131        33                                                           5   36
132       119                                                          59    4
133         1                                                         156    8
134        10                                                         141   21
136         2                                                          32  147
137        26                                                         130   23
138        58                                                          22   85
139        96                                                          72   40
141        68                                                          61   33
142        24                                                         103  121
143        11                                                           3   54
144       142                                                         104   80
146       128                                                          18   92
147        44                                                          99   25
148        95                                                          28  139
149        74                                                         128   39
151        12                                                         142  119
152       126                                                          53   73
153        38                                                         152   65
154       143                                                         116  106
156        92                                                          30  140
157        15                                                          45  150
158        53                                                          68    9
159        19                                                          96  138

=== ROW ORDER = rank(z) ===
  n    z h160   Px   Py neg_  Y2p  X3p y2_f x3pl p_ca    r    s   Ry  sVH sCHK
------------------------------------------------------------------------------
115    1  139   32   39   50   46   46   39   32   32   55    5   47   91   94
110    2    7    3    2   87   72   72    2    3    3   19   38   69   92   46
  9    3   72   31   51   38    3    3   51   31   31    3   50   18   42   91
 67    4   63   10   84    5   38   38   84   10   10   42   76   41   79   71
 43    5  155   68   69   20   56   56   69   68   68   27   25   46   55  114
 53    6   23    7   37   52   29   29   37    7    7   45   62   14  109   76
145    7   47   71   33   56   33   33   33   71   71   54    7       102   75
 27    8    5   14    3   86    4    4    3   14   14   68   48   70   47  122
  7    9  134   62   66   23   76   76   66   62   62   69    9   52   89   50
 49   10    6   39   65   24   17   17   65   39   39   49   61    5  108   13
100   11  114   78   50   39   35   35   50   78   78   34   56   76   97   47
 63   12  144   45   30   59   80   80   30   45   45   76    8   10   23   98
 50   13  130   83   83    6   52   52   83   83   83   25   43   75   82  102
 11   14  154   58   12   77   21   21   12   58   58    9   84   49  155   60
 47   15  153   24   67   22   64   64   67   24   24   67   42   15   16  149
 68   16  132   16   11   78   77   77   11   16   16   32   13    4   36   35
 59   17  102   30    8   81   37   37    8   30   30   53   11   61   84   68
 65   18   43   21   82    7   13   13   82   21   21   35   46   66  159  158
  6   19  157   82   81    8   30   30   81   82   82   30    1   65  145   81
  5   20   84   23   18   71   51   51   18   23   23   47   35   28   78  120
 28   21    9   80    7   82   49   49    7   80   80   79   71   81  160   66
 20   22  106   25   52   37   79   79   52   25   25   18   29   20  121   30
 34   23  148   26   71   18   23   23   71   26   26    8   24   25   25  155
 10   24  124   69   77   12   27   27   77   69   69   56   41   51  135  111
 80   25   61   53   36   53   15   15   36   53   53   51   28   23   74   70
 39   26    4   19   19   70   32   32   19   19   19   46    3   53   13   58
 29   27   46   46   85    4   43   43   85   46   46   73   60   27  122  128
 15   28  159   88   70   19   65   65   70   88   88   61   83   16  100  101
 85   29  117   18    9   80   26   26    9   18   18    4   81   62  124    5
 13   30  156   70   17   72   83   83   17   70   70   86   33   12   66   49
 66   31   14   38   46   43   39   39   46   38   38   20   23   22   67  154
 30   32  123    6   63   26   42   42   63    6    6   66    2   50  105   10
 55   33  127   55   10   79   25   25   10   55   55   74   26    2  137  107
 42   34   83   81   13   76   18   18   13   81   81   82   27   71  119   16
 54   35  116   35    1   88    7    7    1   35   35   14   75    3  123   99
 24   36    3   47   76   13   48   48   76   47   47   52   20   72   51    1
125   37  151   22   14   75   70   70   14   22   22   10   72   79   38   82
 56   38   36   28   80    9    5    5   80   28   28   41   68   29   27   62
 37   39   17   52   34   55   84   84   34   52   52   63   36   48   86  126
 95   40   51   63   58   31   12   12   58   63   63   78   44   21   80   78
 14   41   88   74   45   44   19   19   45   74   74   70   58   58   19   44
 17   42  105   29   22   67   69   69   22   29   29   33   88    8   15  156
 46   43   90   87   59   30   34   34   59   87   87   64   79   17   71   88
 57   44   25   67   42   47   44   44   42   67   67   83   63   56   41   18
 32   45   91    4   27   62   20   20   27    4    4   81   59   57   35   14
120   46   37   77   15   74   66   66   15   77   77   58   15   34   64  160
155   47   60   42   86    3   88   88   86   42   42   84   16        62  135
 16   48   62   64   49   40    1    1   49   64   64   60   52   63    6   27
 51   49  145   59   48   41   14   14   48   59   59   85   39   43    2   53
 38   50  104   76   20   69   60   60   20   76   76   88   66   55   56  137
130   51   94   44   62   27   58   58   62   44   44   57   19   45   93   12
 44   52   78   43   44   45   71   71   44   43   43   24   65   74  140   34
 35   53  149   84   54   35   28   28   54   84   84   29   86   60  153  125
135   54   31   12   38   51   59   59   38   12   12   71   22        85   79
 69   55   52   36   73   16   86   86   73   36   36    6    6   77  144  127
 25   56   22    1   64   25   61   61   64    1    1   12   78   40   54   83
 23   57  121   85   55   34    6    6   55   85   85    1   53   73  138  143
105   58   70   75    5   84   55   55    5   75   75   15   34   24   87   64
  2   59   73   86   21   68   82   82   21   86   86   37   64   80   46  112
 40   60   86   65   47   42    9    9   47   65   65   75   40    7  146  117
 60   61  118   33   72   17   36   36   72   33   33   77   67    1   40  116
160   62  138   79   68   21   78   78   68   79   79   40   30       101   56
 31   63  125   56   24   65   10   10   24   56   56   39   51   11   88   55
  8   64  129    2   74   15   11   11   74    2    2   36    4   26   69   57
 33   65   40   66    4   85    2    2    4   66   66   65   17   19  110   28
150   66  131   11   87    2   16   16   87   11   11   87   32        58    7
 90   67  120   40   60   29   81   81   60   40   40    2   80   39   20  132
 18   68   99    5   53   36   63   63   53    5    5    5   85   67   43  130
  4   69   87   20   31   58   62   62   31   20   20   62   70   13   33   48
 41   70  122   72   56   33   75   75   56   72   72   50   77   37  148  113
 62   71  136   17   23   66   50   50   23   17   17   48   73   78   21  159
 22   72   77   27   43   46   74   74   43   27   27    7   10   44   14  153
 52   73   29   50   79   10   40   40   79   50   50   43   54    6   10  124
  3   74   50   41   40   49   73   73   40   41   41   31   18   33   98   42
 26   75  110   37    6   83   47   47    6   37   37   23   49   82   49   41
  1   76   65   51   26   63   24   24   26   51   51   11   82   54  132   51
 58   77   82    9   29   60   41   41   29    9    9   21   31   42   11  118
 21   78   18   13   16   73   22   22   16   13   13   44   74    9  120   31
 19   79  140   54   25   64   68   68   25   54   54   17   55   32  131   84
 48   80   80   61   32   57   85   85   32   61   61   59   14   68    4  115
 61   81   56   34   75   14   67   67   75   34   34   38   12   38   60   74
 64   82   32    8   28   61   45   45   28    8    8   28   69   31    8   43
 12   83   79   57   35   54   87   87   35   57   57   16   37   36  149   89
 36   84   64   73   41   48   53   53   41   73   73   26   87   64  154  152
 75   85  108   49   57   32   54   54   57   49   49   13   47   35  157  110
 45   86  146   48   61   28   57   57   61   48   48   72   57   30  113  109
 70   87   49   60   78   11   31   31   78   60   60   22   45   59   76   45
140   88  160   15   88    1    8    8   88   15   15   80   21       118   72
 71       150                                                          90  108
 72       109                                                          34   15
 73         8                                                         114   17
 74        93                                                          83   95
 76        81                                                          77  103
 77        67                                                          24   37
 78        27                                                         136  157
 79        55                                                          57  136
 81        28                                                          39  129
 82        13                                                          12  131
 83        16                                                          63   69
 84        71                                                         125  148
 86       112                                                           7   29
 87       158                                                         106   32
 88        30                                                          65    3
 89        48                                                         139   67
 91        89                                                         126   52
 92        54                                                         117    2
 93        35                                                          26  104
 94       113                                                          52   97
 96        20                                                         111   63
 97        45                                                          44  151
 98        75                                                           9  141
 99       111                                                          17   26
101        69                                                          31   11
102       152                                                         115  123
103        59                                                         158   86
104        85                                                         107   87
106        42                                                          94   19
107        21                                                         151   77
108       103                                                         133    6
109       101                                                         129  100
111        39                                                         147   93
112        41                                                         150  145
113       141                                                          37  134
114        34                                                          50   59
116       137                                                          81   61
117       115                                                          29   96
118       147                                                          48  144
119       100                                                          95   90
121        98                                                           1  142
122       135                                                          73  133
123        76                                                          75  146
124        66                                                         127   24
126        57                                                          70   38
127        97                                                         143   20
128       133                                                         112   22
129       107                                                         134  105
131        33                                                           5   36
132       119                                                          59    4
133         1                                                         156    8
134        10                                                         141   21
136         2                                                          32  147
137        26                                                         130   23
138        58                                                          22   85
139        96                                                          72   40
141        68                                                          61   33
142        24                                                         103  121
143        11                                                           3   54
144       142                                                         104   80
146       128                                                          18   92
147        44                                                          99   25
148        95                                                          28  139
149        74                                                         128   39
151        12                                                         142  119
152       126                                                          53   73
153        38                                                         152   65
154       143                                                         116  106
156        92                                                          30  140
157        15                                                          45  150
158        53                                                          68    9
159        19                                                          96  138

=== ROW ORDER = rank(Ry) ===
  n   Ry h160   Px   Py neg_  Y2p  X3p y2_f x3pl p_ca    r    s    z  sVH sCHK
------------------------------------------------------------------------------
 60    1  118   33   72   17   36   36   72   33   33   77   67   61   40  116
 55    2  127   55   10   79   25   25   10   55   55   74   26   33  137  107
 54    3  116   35    1   88    7    7    1   35   35   14   75   35  123   99
 68    4  132   16   11   78   77   77   11   16   16   32   13   16   36   35
 49    5    6   39   65   24   17   17   65   39   39   49   61   10  108   13
 52    6   29   50   79   10   40   40   79   50   50   43   54   73   10  124
 40    7   86   65   47   42    9    9   47   65   65   75   40   60  146  117
 17    8  105   29   22   67   69   69   22   29   29   33   88   42   15  156
 21    9   18   13   16   73   22   22   16   13   13   44   74   78  120   31
 63   10  144   45   30   59   80   80   30   45   45   76    8   12   23   98
 31   11  125   56   24   65   10   10   24   56   56   39   51   63   88   55
 13   12  156   70   17   72   83   83   17   70   70   86   33   30   66   49
  4   13   87   20   31   58   62   62   31   20   20   62   70   69   33   48
 53   14   23    7   37   52   29   29   37    7    7   45   62    6  109   76
 47   15  153   24   67   22   64   64   67   24   24   67   42   15   16  149
 15   16  159   88   70   19   65   65   70   88   88   61   83   28  100  101
 46   17   90   87   59   30   34   34   59   87   87   64   79   43   71   88
  9   18   72   31   51   38    3    3   51   31   31    3   50    3   42   91
 33   19   40   66    4   85    2    2    4   66   66   65   17   65  110   28
 20   20  106   25   52   37   79   79   52   25   25   18   29   22  121   30
 95   21   51   63   58   31   12   12   58   63   63   78   44   40   80   78
 66   22   14   38   46   43   39   39   46   38   38   20   23   31   67  154
 80   23   61   53   36   53   15   15   36   53   53   51   28   25   74   70
105   24   70   75    5   84   55   55    5   75   75   15   34   58   87   64
 34   25  148   26   71   18   23   23   71   26   26    8   24   23   25  155
  8   26  129    2   74   15   11   11   74    2    2   36    4   64   69   57
 29   27   46   46   85    4   43   43   85   46   46   73   60   27  122  128
  5   28   84   23   18   71   51   51   18   23   23   47   35   20   78  120
 56   29   36   28   80    9    5    5   80   28   28   41   68   38   27   62
 45   30  146   48   61   28   57   57   61   48   48   72   57   86  113  109
 64   31   32    8   28   61   45   45   28    8    8   28   69   82    8   43
 19   32  140   54   25   64   68   68   25   54   54   17   55   79  131   84
  3   33   50   41   40   49   73   73   40   41   41   31   18   74   98   42
120   34   37   77   15   74   66   66   15   77   77   58   15   46   64  160
 75   35  108   49   57   32   54   54   57   49   49   13   47   85  157  110
 12   36   79   57   35   54   87   87   35   57   57   16   37   83  149   89
 41   37  122   72   56   33   75   75   56   72   72   50   77   70  148  113
 61   38   56   34   75   14   67   67   75   34   34   38   12   81   60   74
 90   39  120   40   60   29   81   81   60   40   40    2   80   67   20  132
 25   40   22    1   64   25   61   61   64    1    1   12   78   56   54   83
 67   41   63   10   84    5   38   38   84   10   10   42   76    4   79   71
 58   42   82    9   29   60   41   41   29    9    9   21   31   77   11  118
 51   43  145   59   48   41   14   14   48   59   59   85   39   49    2   53
 22   44   77   27   43   46   74   74   43   27   27    7   10   72   14  153
130   45   94   44   62   27   58   58   62   44   44   57   19   51   93   12
 43   46  155   68   69   20   56   56   69   68   68   27   25    5   55  114
115   47  139   32   39   50   46   46   39   32   32   55    5    1   91   94
 37   48   17   52   34   55   84   84   34   52   52   63   36   39   86  126
 11   49  154   58   12   77   21   21   12   58   58    9   84   14  155   60
 30   50  123    6   63   26   42   42   63    6    6   66    2   32  105   10
 10   51  124   69   77   12   27   27   77   69   69   56   41   24  135  111
  7   52  134   62   66   23   76   76   66   62   62   69    9    9   89   50
 39   53    4   19   19   70   32   32   19   19   19   46    3   26   13   58
  1   54   65   51   26   63   24   24   26   51   51   11   82   76  132   51
 38   55  104   76   20   69   60   60   20   76   76   88   66   50   56  137
 57   56   25   67   42   47   44   44   42   67   67   83   63   44   41   18
 32   57   91    4   27   62   20   20   27    4    4   81   59   45   35   14
 14   58   88   74   45   44   19   19   45   74   74   70   58   41   19   44
 70   59   49   60   78   11   31   31   78   60   60   22   45   87   76   45
 35   60  149   84   54   35   28   28   54   84   84   29   86   53  153  125
 59   61  102   30    8   81   37   37    8   30   30   53   11   17   84   68
 85   62  117   18    9   80   26   26    9   18   18    4   81   29  124    5
 16   63   62   64   49   40    1    1   49   64   64   60   52   48    6   27
 36   64   64   73   41   48   53   53   41   73   73   26   87   84  154  152
  6   65  157   82   81    8   30   30   81   82   82   30    1   19  145   81
 65   66   43   21   82    7   13   13   82   21   21   35   46   18  159  158
 18   67   99    5   53   36   63   63   53    5    5    5   85   68   43  130
 48   68   80   61   32   57   85   85   32   61   61   59   14   80    4  115
110   69    7    3    2   87   72   72    2    3    3   19   38    2   92   46
 27   70    5   14    3   86    4    4    3   14   14   68   48    8   47  122
 42   71   83   81   13   76   18   18   13   81   81   82   27   34  119   16
 24   72    3   47   76   13   48   48   76   47   47   52   20   36   51    1
 23   73  121   85   55   34    6    6   55   85   85    1   53   57  138  143
 44   74   78   43   44   45   71   71   44   43   43   24   65   52  140   34
 50   75  130   83   83    6   52   52   83   83   83   25   43   13   82  102
100   76  114   78   50   39   35   35   50   78   78   34   56   11   97   47
 69   77   52   36   73   16   86   86   73   36   36    6    6   55  144  127
 62   78  136   17   23   66   50   50   23   17   17   48   73   71   21  159
125   79  151   22   14   75   70   70   14   22   22   10   72   37   38   82
  2   80   73   86   21   68   82   82   21   86   86   37   64   59   46  112
 28   81    9   80    7   82   49   49    7   80   80   79   71   21  160   66
 26   82  110   37    6   83   47   47    6   37   37   23   49   75   49   41
 71       150                                                          90  108
 72       109                                                          34   15
 73         8                                                         114   17
 74        93                                                          83   95
 76        81                                                          77  103
 77        67                                                          24   37
 78        27                                                         136  157
 79        55                                                          57  136
 81        28                                                          39  129
 82        13                                                          12  131
 83        16                                                          63   69
 84        71                                                         125  148
 86       112                                                           7   29
 87       158                                                         106   32
 88        30                                                          65    3
 89        48                                                         139   67
 91        89                                                         126   52
 92        54                                                         117    2
 93        35                                                          26  104
 94       113                                                          52   97
 96        20                                                         111   63
 97        45                                                          44  151
 98        75                                                           9  141
 99       111                                                          17   26
101        69                                                          31   11
102       152                                                         115  123
103        59                                                         158   86
104        85                                                         107   87
106        42                                                          94   19
107        21                                                         151   77
108       103                                                         133    6
109       101                                                         129  100
111        39                                                         147   93
112        41                                                         150  145
113       141                                                          37  134
114        34                                                          50   59
116       137                                                          81   61
117       115                                                          29   96
118       147                                                          48  144
119       100                                                          95   90
121        98                                                           1  142
122       135                                                          73  133
123        76                                                          75  146
124        66                                                         127   24
126        57                                                          70   38
127        97                                                         143   20
128       133                                                         112   22
129       107                                                         134  105
131        33                                                           5   36
132       119                                                          59    4
133         1                                                         156    8
134        10                                                         141   21
135        31   12   38   51   59   59   38   12   12   71   22   54   85   79
136         2                                                          32  147
137        26                                                         130   23
138        58                                                          22   85
139        96                                                          72   40
140       160   15   88    1    8    8   88   15   15   80   21   88  118   72
141        68                                                          61   33
142        24                                                         103  121
143        11                                                           3   54
144       142                                                         104   80
145        47   71   33   56   33   33   33   71   71   54    7    7  102   75
146       128                                                          18   92
147        44                                                          99   25
148        95                                                          28  139
149        74                                                         128   39
150       131   11   87    2   16   16   87   11   11   87   32   66   58    7
151        12                                                         142  119
152       126                                                          53   73
153        38                                                         152   65
154       143                                                         116  106
155        60   42   86    3   88   88   86   42   42   84   16   47   62  135
156        92                                                          30  140
157        15                                                          45  150
158        53                                                          68    9
159        19                                                          96  138
160       138   79   68   21   78   78   68   79   79   40   30   62  101   56

=== ROW ORDER = rank(h160) ===
  n h160   Px   Py neg_  Y2p  X3p y2_f x3pl p_ca    r    s    z   Ry  sVH sCHK
------------------------------------------------------------------------------
133    1                                                              156    8
136    2                                                               32  147
 24    3   47   76   13   48   48   76   47   47   52   20   36   72   51    1
 39    4   19   19   70   32   32   19   19   19   46    3   26   53   13   58
 27    5   14    3   86    4    4    3   14   14   68   48    8   70   47  122
 49    6   39   65   24   17   17   65   39   39   49   61   10    5  108   13
110    7    3    2   87   72   72    2    3    3   19   38    2   69   92   46
 73    8                                                              114   17
 28    9   80    7   82   49   49    7   80   80   79   71   21   81  160   66
134   10                                                              141   21
143   11                                                                3   54
151   12                                                              142  119
 82   13                                                               12  131
 66   14   38   46   43   39   39   46   38   38   20   23   31   22   67  154
157   15                                                               45  150
 83   16                                                               63   69
 37   17   52   34   55   84   84   34   52   52   63   36   39   48   86  126
 21   18   13   16   73   22   22   16   13   13   44   74   78    9  120   31
159   19                                                               96  138
 96   20                                                              111   63
107   21                                                              151   77
 25   22    1   64   25   61   61   64    1    1   12   78   56   40   54   83
 53   23    7   37   52   29   29   37    7    7   45   62    6   14  109   76
142   24                                                              103  121
 57   25   67   42   47   44   44   42   67   67   83   63   44   56   41   18
137   26                                                              130   23
 78   27                                                              136  157
 81   28                                                               39  129
 52   29   50   79   10   40   40   79   50   50   43   54   73    6   10  124
 88   30                                                               65    3
135   31   12   38   51   59   59   38   12   12   71   22   54        85   79
 64   32    8   28   61   45   45   28    8    8   28   69   82   31    8   43
131   33                                                                5   36
114   34                                                               50   59
 93   35                                                               26  104
 56   36   28   80    9    5    5   80   28   28   41   68   38   29   27   62
120   37   77   15   74   66   66   15   77   77   58   15   46   34   64  160
153   38                                                              152   65
111   39                                                              147   93
 33   40   66    4   85    2    2    4   66   66   65   17   65   19  110   28
112   41                                                              150  145
106   42                                                               94   19
 65   43   21   82    7   13   13   82   21   21   35   46   18   66  159  158
147   44                                                               99   25
 97   45                                                               44  151
 29   46   46   85    4   43   43   85   46   46   73   60   27   27  122  128
145   47   71   33   56   33   33   33   71   71   54    7    7       102   75
 89   48                                                              139   67
 70   49   60   78   11   31   31   78   60   60   22   45   87   59   76   45
  3   50   41   40   49   73   73   40   41   41   31   18   74   33   98   42
 95   51   63   58   31   12   12   58   63   63   78   44   40   21   80   78
 69   52   36   73   16   86   86   73   36   36    6    6   55   77  144  127
158   53                                                               68    9
 92   54                                                              117    2
 79   55                                                               57  136
 61   56   34   75   14   67   67   75   34   34   38   12   81   38   60   74
126   57                                                               70   38
138   58                                                               22   85
103   59                                                              158   86
155   60   42   86    3   88   88   86   42   42   84   16   47        62  135
 80   61   53   36   53   15   15   36   53   53   51   28   25   23   74   70
 16   62   64   49   40    1    1   49   64   64   60   52   48   63    6   27
 67   63   10   84    5   38   38   84   10   10   42   76    4   41   79   71
 36   64   73   41   48   53   53   41   73   73   26   87   84   64  154  152
  1   65   51   26   63   24   24   26   51   51   11   82   76   54  132   51
124   66                                                              127   24
 77   67                                                               24   37
141   68                                                               61   33
101   69                                                               31   11
105   70   75    5   84   55   55    5   75   75   15   34   58   24   87   64
 84   71                                                              125  148
  9   72   31   51   38    3    3   51   31   31    3   50    3   18   42   91
  2   73   86   21   68   82   82   21   86   86   37   64   59   80   46  112
149   74                                                              128   39
 98   75                                                                9  141
123   76                                                               75  146
 22   77   27   43   46   74   74   43   27   27    7   10   72   44   14  153
 44   78   43   44   45   71   71   44   43   43   24   65   52   74  140   34
 12   79   57   35   54   87   87   35   57   57   16   37   83   36  149   89
 48   80   61   32   57   85   85   32   61   61   59   14   80   68    4  115
 76   81                                                               77  103
 58   82    9   29   60   41   41   29    9    9   21   31   77   42   11  118
 42   83   81   13   76   18   18   13   81   81   82   27   34   71  119   16
  5   84   23   18   71   51   51   18   23   23   47   35   20   28   78  120
104   85                                                              107   87
 40   86   65   47   42    9    9   47   65   65   75   40   60    7  146  117
  4   87   20   31   58   62   62   31   20   20   62   70   69   13   33   48
 14   88   74   45   44   19   19   45   74   74   70   58   41   58   19   44
 91   89                                                              126   52
 46   90   87   59   30   34   34   59   87   87   64   79   43   17   71   88
 32   91    4   27   62   20   20   27    4    4   81   59   45   57   35   14
156   92                                                               30  140
 74   93                                                               83   95
130   94   44   62   27   58   58   62   44   44   57   19   51   45   93   12
148   95                                                               28  139
139   96                                                               72   40
127   97                                                              143   20
121   98                                                                1  142
 18   99    5   53   36   63   63   53    5    5    5   85   68   67   43  130
119  100                                                               95   90
109  101                                                              129  100
 59  102   30    8   81   37   37    8   30   30   53   11   17   61   84   68
108  103                                                              133    6
 38  104   76   20   69   60   60   20   76   76   88   66   50   55   56  137
 17  105   29   22   67   69   69   22   29   29   33   88   42    8   15  156
 20  106   25   52   37   79   79   52   25   25   18   29   22   20  121   30
129  107                                                              134  105
 75  108   49   57   32   54   54   57   49   49   13   47   85   35  157  110
 72  109                                                               34   15
 26  110   37    6   83   47   47    6   37   37   23   49   75   82   49   41
 99  111                                                               17   26
 86  112                                                                7   29
 94  113                                                               52   97
100  114   78   50   39   35   35   50   78   78   34   56   11   76   97   47
117  115                                                               29   96
 54  116   35    1   88    7    7    1   35   35   14   75   35    3  123   99
 85  117   18    9   80   26   26    9   18   18    4   81   29   62  124    5
 60  118   33   72   17   36   36   72   33   33   77   67   61    1   40  116
132  119                                                               59    4
 90  120   40   60   29   81   81   60   40   40    2   80   67   39   20  132
 23  121   85   55   34    6    6   55   85   85    1   53   57   73  138  143
 41  122   72   56   33   75   75   56   72   72   50   77   70   37  148  113
 30  123    6   63   26   42   42   63    6    6   66    2   32   50  105   10
 10  124   69   77   12   27   27   77   69   69   56   41   24   51  135  111
 31  125   56   24   65   10   10   24   56   56   39   51   63   11   88   55
152  126                                                               53   73
 55  127   55   10   79   25   25   10   55   55   74   26   33    2  137  107
146  128                                                               18   92
  8  129    2   74   15   11   11   74    2    2   36    4   64   26   69   57
 50  130   83   83    6   52   52   83   83   83   25   43   13   75   82  102
150  131   11   87    2   16   16   87   11   11   87   32   66        58    7
 68  132   16   11   78   77   77   11   16   16   32   13   16    4   36   35
128  133                                                              112   22
  7  134   62   66   23   76   76   66   62   62   69    9    9   52   89   50
122  135                                                               73  133
 62  136   17   23   66   50   50   23   17   17   48   73   71   78   21  159
116  137                                                               81   61
160  138   79   68   21   78   78   68   79   79   40   30   62       101   56
115  139   32   39   50   46   46   39   32   32   55    5    1   47   91   94
 19  140   54   25   64   68   68   25   54   54   17   55   79   32  131   84
113  141                                                               37  134
144  142                                                              104   80
154  143                                                              116  106
 63  144   45   30   59   80   80   30   45   45   76    8   12   10   23   98
 51  145   59   48   41   14   14   48   59   59   85   39   49   43    2   53
 45  146   48   61   28   57   57   61   48   48   72   57   86   30  113  109
118  147                                                               48  144
 34  148   26   71   18   23   23   71   26   26    8   24   23   25   25  155
 35  149   84   54   35   28   28   54   84   84   29   86   53   60  153  125
 71  150                                                               90  108
125  151   22   14   75   70   70   14   22   22   10   72   37   79   38   82
102  152                                                              115  123
 47  153   24   67   22   64   64   67   24   24   67   42   15   15   16  149
 11  154   58   12   77   21   21   12   58   58    9   84   14   49  155   60
 43  155   68   69   20   56   56   69   68   68   27   25    5   46   55  114
 13  156   70   17   72   83   83   17   70   70   86   33   30   12   66   49
  6  157   82   81    8   30   30   81   82   82   30    1   19   65  145   81
 87  158                                                              106   32
 15  159   88   70   19   65   65   70   88   88   61   83   28   16  100  101
140  160   15   88    1    8    8   88   15   15   80   21   88       118   72

=== ROW ORDER = rank(rmd160) ===
  n rmd1 h160   Px   Py neg_  Y2p  X3p y2_f x3pl p_ca    r    s    z   Ry  sVH
------------------------------------------------------------------------------
133    1    1                                                              156
136    2    2                                                               32
 24    3    3   47   76   13   48   48   76   47   47   52   20   36   72   51
 39    4    4   19   19   70   32   32   19   19   19   46    3   26   53   13
 27    5    5   14    3   86    4    4    3   14   14   68   48    8   70   47
 49    6    6   39   65   24   17   17   65   39   39   49   61   10    5  108
110    7    7    3    2   87   72   72    2    3    3   19   38    2   69   92
 73    8    8                                                              114
 28    9    9   80    7   82   49   49    7   80   80   79   71   21   81  160
134   10   10                                                              141
143   11   11                                                                3
151   12   12                                                              142
 82   13   13                                                               12
 66   14   14   38   46   43   39   39   46   38   38   20   23   31   22   67
157   15   15                                                               45
 83   16   16                                                               63
 37   17   17   52   34   55   84   84   34   52   52   63   36   39   48   86
 21   18   18   13   16   73   22   22   16   13   13   44   74   78    9  120
159   19   19                                                               96
 96   20   20                                                              111
107   21   21                                                              151
 25   22   22    1   64   25   61   61   64    1    1   12   78   56   40   54
 53   23   23    7   37   52   29   29   37    7    7   45   62    6   14  109
142   24   24                                                              103
 57   25   25   67   42   47   44   44   42   67   67   83   63   44   56   41
137   26   26                                                              130
 78   27   27                                                              136
 81   28   28                                                               39
 52   29   29   50   79   10   40   40   79   50   50   43   54   73    6   10
 88   30   30                                                               65
135   31   31   12   38   51   59   59   38   12   12   71   22   54        85
 64   32   32    8   28   61   45   45   28    8    8   28   69   82   31    8
131   33   33                                                                5
114   34   34                                                               50
 93   35   35                                                               26
 56   36   36   28   80    9    5    5   80   28   28   41   68   38   29   27
120   37   37   77   15   74   66   66   15   77   77   58   15   46   34   64
153   38   38                                                              152
111   39   39                                                              147
 33   40   40   66    4   85    2    2    4   66   66   65   17   65   19  110
112   41   41                                                              150
106   42   42                                                               94
 65   43   43   21   82    7   13   13   82   21   21   35   46   18   66  159
147   44   44                                                               99
 97   45   45                                                               44
 29   46   46   46   85    4   43   43   85   46   46   73   60   27   27  122
145   47   47   71   33   56   33   33   33   71   71   54    7    7       102
 89   48   48                                                              139
 70   49   49   60   78   11   31   31   78   60   60   22   45   87   59   76
  3   50   50   41   40   49   73   73   40   41   41   31   18   74   33   98
 95   51   51   63   58   31   12   12   58   63   63   78   44   40   21   80
 69   52   52   36   73   16   86   86   73   36   36    6    6   55   77  144
158   53   53                                                               68
 92   54   54                                                              117
 79   55   55                                                               57
 61   56   56   34   75   14   67   67   75   34   34   38   12   81   38   60
126   57   57                                                               70
138   58   58                                                               22
103   59   59                                                              158
155   60   60   42   86    3   88   88   86   42   42   84   16   47        62
 80   61   61   53   36   53   15   15   36   53   53   51   28   25   23   74
 16   62   62   64   49   40    1    1   49   64   64   60   52   48   63    6
 67   63   63   10   84    5   38   38   84   10   10   42   76    4   41   79
 36   64   64   73   41   48   53   53   41   73   73   26   87   84   64  154
  1   65   65   51   26   63   24   24   26   51   51   11   82   76   54  132
124   66   66                                                              127
 77   67   67                                                               24
141   68   68                                                               61
101   69   69                                                               31
105   70   70   75    5   84   55   55    5   75   75   15   34   58   24   87
 84   71   71                                                              125
  9   72   72   31   51   38    3    3   51   31   31    3   50    3   18   42
  2   73   73   86   21   68   82   82   21   86   86   37   64   59   80   46
149   74   74                                                              128
 98   75   75                                                                9
123   76   76                                                               75
 22   77   77   27   43   46   74   74   43   27   27    7   10   72   44   14
 44   78   78   43   44   45   71   71   44   43   43   24   65   52   74  140
 12   79   79   57   35   54   87   87   35   57   57   16   37   83   36  149
 48   80   80   61   32   57   85   85   32   61   61   59   14   80   68    4
 76   81   81                                                               77
 58   82   82    9   29   60   41   41   29    9    9   21   31   77   42   11
 42   83   83   81   13   76   18   18   13   81   81   82   27   34   71  119
  5   84   84   23   18   71   51   51   18   23   23   47   35   20   28   78
104   85   85                                                              107
 40   86   86   65   47   42    9    9   47   65   65   75   40   60    7  146
  4   87   87   20   31   58   62   62   31   20   20   62   70   69   13   33
 14   88   88   74   45   44   19   19   45   74   74   70   58   41   58   19
 91   89   89                                                              126
 46   90   90   87   59   30   34   34   59   87   87   64   79   43   17   71
 32   91   91    4   27   62   20   20   27    4    4   81   59   45   57   35
156   92   92                                                               30
 74   93   93                                                               83
130   94   94   44   62   27   58   58   62   44   44   57   19   51   45   93
148   95   95                                                               28
139   96   96                                                               72
127   97   97                                                              143
121   98   98                                                                1
 18   99   99    5   53   36   63   63   53    5    5    5   85   68   67   43
119  100  100                                                               95
109  101  101                                                              129
 59  102  102   30    8   81   37   37    8   30   30   53   11   17   61   84
108  103  103                                                              133
 38  104  104   76   20   69   60   60   20   76   76   88   66   50   55   56
 17  105  105   29   22   67   69   69   22   29   29   33   88   42    8   15
 20  106  106   25   52   37   79   79   52   25   25   18   29   22   20  121
129  107  107                                                              134
 75  108  108   49   57   32   54   54   57   49   49   13   47   85   35  157
 72  109  109                                                               34
 26  110  110   37    6   83   47   47    6   37   37   23   49   75   82   49
 99  111  111                                                               17
 86  112  112                                                                7
 94  113  113                                                               52
100  114  114   78   50   39   35   35   50   78   78   34   56   11   76   97
117  115  115                                                               29
 54  116  116   35    1   88    7    7    1   35   35   14   75   35    3  123
 85  117  117   18    9   80   26   26    9   18   18    4   81   29   62  124
 60  118  118   33   72   17   36   36   72   33   33   77   67   61    1   40
132  119  119                                                               59
 90  120  120   40   60   29   81   81   60   40   40    2   80   67   39   20
 23  121  121   85   55   34    6    6   55   85   85    1   53   57   73  138
 41  122  122   72   56   33   75   75   56   72   72   50   77   70   37  148
 30  123  123    6   63   26   42   42   63    6    6   66    2   32   50  105
 10  124  124   69   77   12   27   27   77   69   69   56   41   24   51  135
 31  125  125   56   24   65   10   10   24   56   56   39   51   63   11   88
152  126  126                                                               53
 55  127  127   55   10   79   25   25   10   55   55   74   26   33    2  137
146  128  128                                                               18
  8  129  129    2   74   15   11   11   74    2    2   36    4   64   26   69
 50  130  130   83   83    6   52   52   83   83   83   25   43   13   75   82
150  131  131   11   87    2   16   16   87   11   11   87   32   66        58
 68  132  132   16   11   78   77   77   11   16   16   32   13   16    4   36
128  133  133                                                              112
  7  134  134   62   66   23   76   76   66   62   62   69    9    9   52   89
122  135  135                                                               73
 62  136  136   17   23   66   50   50   23   17   17   48   73   71   78   21
116  137  137                                                               81
160  138  138   79   68   21   78   78   68   79   79   40   30   62       101
115  139  139   32   39   50   46   46   39   32   32   55    5    1   47   91
 19  140  140   54   25   64   68   68   25   54   54   17   55   79   32  131
113  141  141                                                               37
144  142  142                                                              104
154  143  143                                                              116
 63  144  144   45   30   59   80   80   30   45   45   76    8   12   10   23
 51  145  145   59   48   41   14   14   48   59   59   85   39   49   43    2
 45  146  146   48   61   28   57   57   61   48   48   72   57   86   30  113
118  147  147                                                               48
 34  148  148   26   71   18   23   23   71   26   26    8   24   23   25   25
 35  149  149   84   54   35   28   28   54   84   84   29   86   53   60  153
 71  150  150                                                               90
125  151  151   22   14   75   70   70   14   22   22   10   72   37   79   38
102  152  152                                                              115
 47  153  153   24   67   22   64   64   67   24   24   67   42   15   15   16
 11  154  154   58   12   77   21   21   12   58   58    9   84   14   49  155
 43  155  155   68   69   20   56   56   69   68   68   27   25    5   46   55
 13  156  156   70   17   72   83   83   17   70   70   86   33   30   12   66
  6  157  157   82   81    8   30   30   81   82   82   30    1   19   65  145
 87  158  158                                                              106
 15  159  159   88   70   19   65   65   70   88   88   61   83   28   16  100
140  160  160   15   88    1    8    8   88   15   15   80   21   88       118

=== ROW ORDER = rank(address_payload) ===
  n addr h160   Px   Py neg_  Y2p  X3p y2_f x3pl p_ca    r    s    z   Ry  sVH
------------------------------------------------------------------------------
133    1    1                                                              156
136    2    2                                                               32
 24    3    3   47   76   13   48   48   76   47   47   52   20   36   72   51
 39    4    4   19   19   70   32   32   19   19   19   46    3   26   53   13
 27    5    5   14    3   86    4    4    3   14   14   68   48    8   70   47
 49    6    6   39   65   24   17   17   65   39   39   49   61   10    5  108
110    7    7    3    2   87   72   72    2    3    3   19   38    2   69   92
 73    8    8                                                              114
 28    9    9   80    7   82   49   49    7   80   80   79   71   21   81  160
134   10   10                                                              141
143   11   11                                                                3
151   12   12                                                              142
 82   13   13                                                               12
 66   14   14   38   46   43   39   39   46   38   38   20   23   31   22   67
157   15   15                                                               45
 83   16   16                                                               63
 37   17   17   52   34   55   84   84   34   52   52   63   36   39   48   86
 21   18   18   13   16   73   22   22   16   13   13   44   74   78    9  120
159   19   19                                                               96
 96   20   20                                                              111
107   21   21                                                              151
 25   22   22    1   64   25   61   61   64    1    1   12   78   56   40   54
 53   23   23    7   37   52   29   29   37    7    7   45   62    6   14  109
142   24   24                                                              103
 57   25   25   67   42   47   44   44   42   67   67   83   63   44   56   41
137   26   26                                                              130
 78   27   27                                                              136
 81   28   28                                                               39
 52   29   29   50   79   10   40   40   79   50   50   43   54   73    6   10
 88   30   30                                                               65
135   31   31   12   38   51   59   59   38   12   12   71   22   54        85
 64   32   32    8   28   61   45   45   28    8    8   28   69   82   31    8
131   33   33                                                                5
114   34   34                                                               50
 93   35   35                                                               26
 56   36   36   28   80    9    5    5   80   28   28   41   68   38   29   27
120   37   37   77   15   74   66   66   15   77   77   58   15   46   34   64
153   38   38                                                              152
111   39   39                                                              147
 33   40   40   66    4   85    2    2    4   66   66   65   17   65   19  110
112   41   41                                                              150
106   42   42                                                               94
 65   43   43   21   82    7   13   13   82   21   21   35   46   18   66  159
147   44   44                                                               99
 97   45   45                                                               44
 29   46   46   46   85    4   43   43   85   46   46   73   60   27   27  122
145   47   47   71   33   56   33   33   33   71   71   54    7    7       102
 89   48   48                                                              139
 70   49   49   60   78   11   31   31   78   60   60   22   45   87   59   76
  3   50   50   41   40   49   73   73   40   41   41   31   18   74   33   98
 95   51   51   63   58   31   12   12   58   63   63   78   44   40   21   80
 69   52   52   36   73   16   86   86   73   36   36    6    6   55   77  144
158   53   53                                                               68
 92   54   54                                                              117
 79   55   55                                                               57
 61   56   56   34   75   14   67   67   75   34   34   38   12   81   38   60
126   57   57                                                               70
138   58   58                                                               22
103   59   59                                                              158
155   60   60   42   86    3   88   88   86   42   42   84   16   47        62
 80   61   61   53   36   53   15   15   36   53   53   51   28   25   23   74
 16   62   62   64   49   40    1    1   49   64   64   60   52   48   63    6
 67   63   63   10   84    5   38   38   84   10   10   42   76    4   41   79
 36   64   64   73   41   48   53   53   41   73   73   26   87   84   64  154
  1   65   65   51   26   63   24   24   26   51   51   11   82   76   54  132
124   66   66                                                              127
 77   67   67                                                               24
141   68   68                                                               61
101   69   69                                                               31
105   70   70   75    5   84   55   55    5   75   75   15   34   58   24   87
 84   71   71                                                              125
  9   72   72   31   51   38    3    3   51   31   31    3   50    3   18   42
  2   73   73   86   21   68   82   82   21   86   86   37   64   59   80   46
149   74   74                                                              128
 98   75   75                                                                9
123   76   76                                                               75
 22   77   77   27   43   46   74   74   43   27   27    7   10   72   44   14
 44   78   78   43   44   45   71   71   44   43   43   24   65   52   74  140
 12   79   79   57   35   54   87   87   35   57   57   16   37   83   36  149
 48   80   80   61   32   57   85   85   32   61   61   59   14   80   68    4
 76   81   81                                                               77
 58   82   82    9   29   60   41   41   29    9    9   21   31   77   42   11
 42   83   83   81   13   76   18   18   13   81   81   82   27   34   71  119
  5   84   84   23   18   71   51   51   18   23   23   47   35   20   28   78
104   85   85                                                              107
 40   86   86   65   47   42    9    9   47   65   65   75   40   60    7  146
  4   87   87   20   31   58   62   62   31   20   20   62   70   69   13   33
 14   88   88   74   45   44   19   19   45   74   74   70   58   41   58   19
 91   89   89                                                              126
 46   90   90   87   59   30   34   34   59   87   87   64   79   43   17   71
 32   91   91    4   27   62   20   20   27    4    4   81   59   45   57   35
156   92   92                                                               30
 74   93   93                                                               83
130   94   94   44   62   27   58   58   62   44   44   57   19   51   45   93
148   95   95                                                               28
139   96   96                                                               72
127   97   97                                                              143
121   98   98                                                                1
 18   99   99    5   53   36   63   63   53    5    5    5   85   68   67   43
119  100  100                                                               95
109  101  101                                                              129
 59  102  102   30    8   81   37   37    8   30   30   53   11   17   61   84
108  103  103                                                              133
 38  104  104   76   20   69   60   60   20   76   76   88   66   50   55   56
 17  105  105   29   22   67   69   69   22   29   29   33   88   42    8   15
 20  106  106   25   52   37   79   79   52   25   25   18   29   22   20  121
129  107  107                                                              134
 75  108  108   49   57   32   54   54   57   49   49   13   47   85   35  157
 72  109  109                                                               34
 26  110  110   37    6   83   47   47    6   37   37   23   49   75   82   49
 99  111  111                                                               17
 86  112  112                                                                7
 94  113  113                                                               52
100  114  114   78   50   39   35   35   50   78   78   34   56   11   76   97
117  115  115                                                               29
 54  116  116   35    1   88    7    7    1   35   35   14   75   35    3  123
 85  117  117   18    9   80   26   26    9   18   18    4   81   29   62  124
 60  118  118   33   72   17   36   36   72   33   33   77   67   61    1   40
132  119  119                                                               59
 90  120  120   40   60   29   81   81   60   40   40    2   80   67   39   20
 23  121  121   85   55   34    6    6   55   85   85    1   53   57   73  138
 41  122  122   72   56   33   75   75   56   72   72   50   77   70   37  148
 30  123  123    6   63   26   42   42   63    6    6   66    2   32   50  105
 10  124  124   69   77   12   27   27   77   69   69   56   41   24   51  135
 31  125  125   56   24   65   10   10   24   56   56   39   51   63   11   88
152  126  126                                                               53
 55  127  127   55   10   79   25   25   10   55   55   74   26   33    2  137
146  128  128                                                               18
  8  129  129    2   74   15   11   11   74    2    2   36    4   64   26   69
 50  130  130   83   83    6   52   52   83   83   83   25   43   13   75   82
150  131  131   11   87    2   16   16   87   11   11   87   32   66        58
 68  132  132   16   11   78   77   77   11   16   16   32   13   16    4   36
128  133  133                                                              112
  7  134  134   62   66   23   76   76   66   62   62   69    9    9   52   89
122  135  135                                                               73
 62  136  136   17   23   66   50   50   23   17   17   48   73   71   78   21
116  137  137                                                               81
160  138  138   79   68   21   78   78   68   79   79   40   30   62       101
115  139  139   32   39   50   46   46   39   32   32   55    5    1   47   91
 19  140  140   54   25   64   68   68   25   54   54   17   55   79   32  131
113  141  141                                                               37
144  142  142                                                              104
154  143  143                                                              116
 63  144  144   45   30   59   80   80   30   45   45   76    8   12   10   23
 51  145  145   59   48   41   14   14   48   59   59   85   39   49   43    2
 45  146  146   48   61   28   57   57   61   48   48   72   57   86   30  113
118  147  147                                                               48
 34  148  148   26   71   18   23   23   71   26   26    8   24   23   25   25
 35  149  149   84   54   35   28   28   54   84   84   29   86   53   60  153
 71  150  150                                                               90
125  151  151   22   14   75   70   70   14   22   22   10   72   37   79   38
102  152  152                                                              115
 47  153  153   24   67   22   64   64   67   24   24   67   42   15   15   16
 11  154  154   58   12   77   21   21   12   58   58    9   84   14   49  155
 43  155  155   68   69   20   56   56   69   68   68   27   25    5   46   55
 13  156  156   70   17   72   83   83   17   70   70   86   33   30   12   66
  6  157  157   82   81    8   30   30   81   82   82   30    1   19   65  145
 87  158  158                                                              106
 15  159  159   88   70   19   65   65   70   88   88   61   83   28   16  100
140  160  160   15   88    1    8    8   88   15   15   80   21   88       118

=== ROW ORDER = rank(checksum4) ===
  n chec h160   Px   Py neg_  Y2p  X3p y2_f x3pl p_ca    r    s    z   Ry  sVH
------------------------------------------------------------------------------
 24    1    3   47   76   13   48   48   76   47   47   52   20   36   72   51
 92    2   54                                                              117
 88    3   30                                                               65
132    4  119                                                               59
 85    5  117   18    9   80   26   26    9   18   18    4   81   29   62  124
108    6  103                                                              133
150    7  131   11   87    2   16   16   87   11   11   87   32   66        58
133    8    1                                                              156
158    9   53                                                               68
 30   10  123    6   63   26   42   42   63    6    6   66    2   32   50  105
101   11   69                                                               31
130   12   94   44   62   27   58   58   62   44   44   57   19   51   45   93
 49   13    6   39   65   24   17   17   65   39   39   49   61   10    5  108
 32   14   91    4   27   62   20   20   27    4    4   81   59   45   57   35
 72   15  109                                                               34
 42   16   83   81   13   76   18   18   13   81   81   82   27   34   71  119
 73   17    8                                                              114
 57   18   25   67   42   47   44   44   42   67   67   83   63   44   56   41
106   19   42                                                               94
127   20   97                                                              143
134   21   10                                                              141
128   22  133                                                              112
137   23   26                                                              130
124   24   66                                                              127
147   25   44                                                               99
 99   26  111                                                               17
 16   27   62   64   49   40    1    1   49   64   64   60   52   48   63    6
 33   28   40   66    4   85    2    2    4   66   66   65   17   65   19  110
 86   29  112                                                                7
 20   30  106   25   52   37   79   79   52   25   25   18   29   22   20  121
 21   31   18   13   16   73   22   22   16   13   13   44   74   78    9  120
 87   32  158                                                              106
141   33   68                                                               61
 44   34   78   43   44   45   71   71   44   43   43   24   65   52   74  140
 68   35  132   16   11   78   77   77   11   16   16   32   13   16    4   36
131   36   33                                                                5
 77   37   67                                                               24
126   38   57                                                               70
149   39   74                                                              128
139   40   96                                                               72
 26   41  110   37    6   83   47   47    6   37   37   23   49   75   82   49
  3   42   50   41   40   49   73   73   40   41   41   31   18   74   33   98
 64   43   32    8   28   61   45   45   28    8    8   28   69   82   31    8
 14   44   88   74   45   44   19   19   45   74   74   70   58   41   58   19
 70   45   49   60   78   11   31   31   78   60   60   22   45   87   59   76
110   46    7    3    2   87   72   72    2    3    3   19   38    2   69   92
100   47  114   78   50   39   35   35   50   78   78   34   56   11   76   97
  4   48   87   20   31   58   62   62   31   20   20   62   70   69   13   33
 13   49  156   70   17   72   83   83   17   70   70   86   33   30   12   66
  7   50  134   62   66   23   76   76   66   62   62   69    9    9   52   89
  1   51   65   51   26   63   24   24   26   51   51   11   82   76   54  132
 91   52   89                                                              126
 51   53  145   59   48   41   14   14   48   59   59   85   39   49   43    2
143   54   11                                                                3
 31   55  125   56   24   65   10   10   24   56   56   39   51   63   11   88
160   56  138   79   68   21   78   78   68   79   79   40   30   62       101
  8   57  129    2   74   15   11   11   74    2    2   36    4   64   26   69
 39   58    4   19   19   70   32   32   19   19   19   46    3   26   53   13
114   59   34                                                               50
 11   60  154   58   12   77   21   21   12   58   58    9   84   14   49  155
116   61  137                                                               81
 56   62   36   28   80    9    5    5   80   28   28   41   68   38   29   27
 96   63   20                                                              111
105   64   70   75    5   84   55   55    5   75   75   15   34   58   24   87
153   65   38                                                              152
 28   66    9   80    7   82   49   49    7   80   80   79   71   21   81  160
 89   67   48                                                              139
 59   68  102   30    8   81   37   37    8   30   30   53   11   17   61   84
 83   69   16                                                               63
 80   70   61   53   36   53   15   15   36   53   53   51   28   25   23   74
 67   71   63   10   84    5   38   38   84   10   10   42   76    4   41   79
140   72  160   15   88    1    8    8   88   15   15   80   21   88       118
152   73  126                                                               53
 61   74   56   34   75   14   67   67   75   34   34   38   12   81   38   60
145   75   47   71   33   56   33   33   33   71   71   54    7    7       102
 53   76   23    7   37   52   29   29   37    7    7   45   62    6   14  109
107   77   21                                                              151
 95   78   51   63   58   31   12   12   58   63   63   78   44   40   21   80
135   79   31   12   38   51   59   59   38   12   12   71   22   54        85
144   80  142                                                              104
  6   81  157   82   81    8   30   30   81   82   82   30    1   19   65  145
125   82  151   22   14   75   70   70   14   22   22   10   72   37   79   38
 25   83   22    1   64   25   61   61   64    1    1   12   78   56   40   54
 19   84  140   54   25   64   68   68   25   54   54   17   55   79   32  131
138   85   58                                                               22
103   86   59                                                              158
104   87   85                                                              107
 46   88   90   87   59   30   34   34   59   87   87   64   79   43   17   71
 12   89   79   57   35   54   87   87   35   57   57   16   37   83   36  149
119   90  100                                                               95
  9   91   72   31   51   38    3    3   51   31   31    3   50    3   18   42
146   92  128                                                               18
111   93   39                                                              147
115   94  139   32   39   50   46   46   39   32   32   55    5    1   47   91
 74   95   93                                                               83
117   96  115                                                               29
 94   97  113                                                               52
 63   98  144   45   30   59   80   80   30   45   45   76    8   12   10   23
 54   99  116   35    1   88    7    7    1   35   35   14   75   35    3  123
109  100  101                                                              129
 15  101  159   88   70   19   65   65   70   88   88   61   83   28   16  100
 50  102  130   83   83    6   52   52   83   83   83   25   43   13   75   82
 76  103   81                                                               77
 93  104   35                                                               26
129  105  107                                                              134
154  106  143                                                              116
 55  107  127   55   10   79   25   25   10   55   55   74   26   33    2  137
 71  108  150                                                               90
 45  109  146   48   61   28   57   57   61   48   48   72   57   86   30  113
 75  110  108   49   57   32   54   54   57   49   49   13   47   85   35  157
 10  111  124   69   77   12   27   27   77   69   69   56   41   24   51  135
  2  112   73   86   21   68   82   82   21   86   86   37   64   59   80   46
 41  113  122   72   56   33   75   75   56   72   72   50   77   70   37  148
 43  114  155   68   69   20   56   56   69   68   68   27   25    5   46   55
 48  115   80   61   32   57   85   85   32   61   61   59   14   80   68    4
 60  116  118   33   72   17   36   36   72   33   33   77   67   61    1   40
 40  117   86   65   47   42    9    9   47   65   65   75   40   60    7  146
 58  118   82    9   29   60   41   41   29    9    9   21   31   77   42   11
151  119   12                                                              142
  5  120   84   23   18   71   51   51   18   23   23   47   35   20   28   78
142  121   24                                                              103
 27  122    5   14    3   86    4    4    3   14   14   68   48    8   70   47
102  123  152                                                              115
 52  124   29   50   79   10   40   40   79   50   50   43   54   73    6   10
 35  125  149   84   54   35   28   28   54   84   84   29   86   53   60  153
 37  126   17   52   34   55   84   84   34   52   52   63   36   39   48   86
 69  127   52   36   73   16   86   86   73   36   36    6    6   55   77  144
 29  128   46   46   85    4   43   43   85   46   46   73   60   27   27  122
 81  129   28                                                               39
 18  130   99    5   53   36   63   63   53    5    5    5   85   68   67   43
 82  131   13                                                               12
 90  132  120   40   60   29   81   81   60   40   40    2   80   67   39   20
122  133  135                                                               73
113  134  141                                                               37
155  135   60   42   86    3   88   88   86   42   42   84   16   47        62
 79  136   55                                                               57
 38  137  104   76   20   69   60   60   20   76   76   88   66   50   55   56
159  138   19                                                               96
148  139   95                                                               28
156  140   92                                                               30
 98  141   75                                                                9
121  142   98                                                                1
 23  143  121   85   55   34    6    6   55   85   85    1   53   57   73  138
118  144  147                                                               48
112  145   41                                                              150
123  146   76                                                               75
136  147    2                                                               32
 84  148   71                                                              125
 47  149  153   24   67   22   64   64   67   24   24   67   42   15   15   16
157  150   15                                                               45
 97  151   45                                                               44
 36  152   64   73   41   48   53   53   41   73   73   26   87   84   64  154
 22  153   77   27   43   46   74   74   43   27   27    7   10   72   44   14
 66  154   14   38   46   43   39   39   46   38   38   20   23   31   22   67
 34  155  148   26   71   18   23   23   71   26   26    8   24   23   25   25
 17  156  105   29   22   67   69   69   22   29   29   33   88   42    8   15
 78  157   27                                                              136
 65  158   43   21   82    7   13   13   82   21   21   35   46   18   66  159
 62  159  136   17   23   66   50   50   23   17   17   48   73   71   78   21
120  160   37   77   15   74   66   66   15   77   77   58   15   46   34   64

=== ROW ORDER = rank(addr_x) ===
  n addr h160   Px   Py neg_  Y2p  X3p y2_f x3pl p_ca    r    s    z   Ry  sVH
------------------------------------------------------------------------------
133    1    1                                                              156
136    2    2                                                               32
 24    3    3   47   76   13   48   48   76   47   47   52   20   36   72   51
 39    4    4   19   19   70   32   32   19   19   19   46    3   26   53   13
 27    5    5   14    3   86    4    4    3   14   14   68   48    8   70   47
 49    6    6   39   65   24   17   17   65   39   39   49   61   10    5  108
110    7    7    3    2   87   72   72    2    3    3   19   38    2   69   92
 73    8    8                                                              114
 28    9    9   80    7   82   49   49    7   80   80   79   71   21   81  160
134   10   10                                                              141
143   11   11                                                                3
151   12   12                                                              142
 82   13   13                                                               12
 66   14   14   38   46   43   39   39   46   38   38   20   23   31   22   67
157   15   15                                                               45
 83   16   16                                                               63
 37   17   17   52   34   55   84   84   34   52   52   63   36   39   48   86
 21   18   18   13   16   73   22   22   16   13   13   44   74   78    9  120
159   19   19                                                               96
 96   20   20                                                              111
107   21   21                                                              151
 25   22   22    1   64   25   61   61   64    1    1   12   78   56   40   54
 53   23   23    7   37   52   29   29   37    7    7   45   62    6   14  109
142   24   24                                                              103
 57   25   25   67   42   47   44   44   42   67   67   83   63   44   56   41
137   26   26                                                              130
 78   27   27                                                              136
 81   28   28                                                               39
 52   29   29   50   79   10   40   40   79   50   50   43   54   73    6   10
 88   30   30                                                               65
135   31   31   12   38   51   59   59   38   12   12   71   22   54        85
 64   32   32    8   28   61   45   45   28    8    8   28   69   82   31    8
131   33   33                                                                5
114   34   34                                                               50
 93   35   35                                                               26
 56   36   36   28   80    9    5    5   80   28   28   41   68   38   29   27
120   37   37   77   15   74   66   66   15   77   77   58   15   46   34   64
153   38   38                                                              152
111   39   39                                                              147
 33   40   40   66    4   85    2    2    4   66   66   65   17   65   19  110
112   41   41                                                              150
106   42   42                                                               94
 65   43   43   21   82    7   13   13   82   21   21   35   46   18   66  159
147   44   44                                                               99
 97   45   45                                                               44
 29   46   46   46   85    4   43   43   85   46   46   73   60   27   27  122
145   47   47   71   33   56   33   33   33   71   71   54    7    7       102
 89   48   48                                                              139
 70   49   49   60   78   11   31   31   78   60   60   22   45   87   59   76
  3   50   50   41   40   49   73   73   40   41   41   31   18   74   33   98
 95   51   51   63   58   31   12   12   58   63   63   78   44   40   21   80
 69   52   52   36   73   16   86   86   73   36   36    6    6   55   77  144
158   53   53                                                               68
 92   54   54                                                              117
 79   55   55                                                               57
 61   56   56   34   75   14   67   67   75   34   34   38   12   81   38   60
126   57   57                                                               70
138   58   58                                                               22
103   59   59                                                              158
155   60   60   42   86    3   88   88   86   42   42   84   16   47        62
 80   61   61   53   36   53   15   15   36   53   53   51   28   25   23   74
 16   62   62   64   49   40    1    1   49   64   64   60   52   48   63    6
 67   63   63   10   84    5   38   38   84   10   10   42   76    4   41   79
 36   64   64   73   41   48   53   53   41   73   73   26   87   84   64  154
  1   65   65   51   26   63   24   24   26   51   51   11   82   76   54  132
124   66   66                                                              127
 77   67   67                                                               24
141   68   68                                                               61
101   69   69                                                               31
105   70   70   75    5   84   55   55    5   75   75   15   34   58   24   87
 84   71   71                                                              125
  9   72   72   31   51   38    3    3   51   31   31    3   50    3   18   42
  2   73   73   86   21   68   82   82   21   86   86   37   64   59   80   46
149   74   74                                                              128
 98   75   75                                                                9
123   76   76                                                               75
 22   77   77   27   43   46   74   74   43   27   27    7   10   72   44   14
 44   78   78   43   44   45   71   71   44   43   43   24   65   52   74  140
 12   79   79   57   35   54   87   87   35   57   57   16   37   83   36  149
 48   80   80   61   32   57   85   85   32   61   61   59   14   80   68    4
 76   81   81                                                               77
 58   82   82    9   29   60   41   41   29    9    9   21   31   77   42   11
 42   83   83   81   13   76   18   18   13   81   81   82   27   34   71  119
  5   84   84   23   18   71   51   51   18   23   23   47   35   20   28   78
104   85   85                                                              107
 40   86   86   65   47   42    9    9   47   65   65   75   40   60    7  146
  4   87   87   20   31   58   62   62   31   20   20   62   70   69   13   33
 14   88   88   74   45   44   19   19   45   74   74   70   58   41   58   19
 91   89   89                                                              126
 46   90   90   87   59   30   34   34   59   87   87   64   79   43   17   71
 32   91   91    4   27   62   20   20   27    4    4   81   59   45   57   35
156   92   92                                                               30
 74   93   93                                                               83
130   94   94   44   62   27   58   58   62   44   44   57   19   51   45   93
148   95   95                                                               28
139   96   96                                                               72
127   97   97                                                              143
121   98   98                                                                1
 18   99   99    5   53   36   63   63   53    5    5    5   85   68   67   43
119  100  100                                                               95
109  101  101                                                              129
 59  102  102   30    8   81   37   37    8   30   30   53   11   17   61   84
108  103  103                                                              133
 38  104  104   76   20   69   60   60   20   76   76   88   66   50   55   56
 17  105  105   29   22   67   69   69   22   29   29   33   88   42    8   15
 20  106  106   25   52   37   79   79   52   25   25   18   29   22   20  121
129  107  107                                                              134
 75  108  108   49   57   32   54   54   57   49   49   13   47   85   35  157
 72  109  109                                                               34
 26  110  110   37    6   83   47   47    6   37   37   23   49   75   82   49
 99  111  111                                                               17
 86  112  112                                                                7
 94  113  113                                                               52
100  114  114   78   50   39   35   35   50   78   78   34   56   11   76   97
117  115  115                                                               29
 54  116  116   35    1   88    7    7    1   35   35   14   75   35    3  123
 85  117  117   18    9   80   26   26    9   18   18    4   81   29   62  124
 60  118  118   33   72   17   36   36   72   33   33   77   67   61    1   40
132  119  119                                                               59
 90  120  120   40   60   29   81   81   60   40   40    2   80   67   39   20
 23  121  121   85   55   34    6    6   55   85   85    1   53   57   73  138
 41  122  122   72   56   33   75   75   56   72   72   50   77   70   37  148
 30  123  123    6   63   26   42   42   63    6    6   66    2   32   50  105
 10  124  124   69   77   12   27   27   77   69   69   56   41   24   51  135
 31  125  125   56   24   65   10   10   24   56   56   39   51   63   11   88
152  126  126                                                               53
 55  127  127   55   10   79   25   25   10   55   55   74   26   33    2  137
146  128  128                                                               18
  8  129  129    2   74   15   11   11   74    2    2   36    4   64   26   69
 50  130  130   83   83    6   52   52   83   83   83   25   43   13   75   82
150  131  131   11   87    2   16   16   87   11   11   87   32   66        58
 68  132  132   16   11   78   77   77   11   16   16   32   13   16    4   36
128  133  133                                                              112
  7  134  134   62   66   23   76   76   66   62   62   69    9    9   52   89
122  135  135                                                               73
 62  136  136   17   23   66   50   50   23   17   17   48   73   71   78   21
116  137  137                                                               81
160  138  138   79   68   21   78   78   68   79   79   40   30   62       101
115  139  139   32   39   50   46   46   39   32   32   55    5    1   47   91
 19  140  140   54   25   64   68   68   25   54   54   17   55   79   32  131
113  141  141                                                               37
144  142  142                                                              104
154  143  143                                                              116
 63  144  144   45   30   59   80   80   30   45   45   76    8   12   10   23
 51  145  145   59   48   41   14   14   48   59   59   85   39   49   43    2
 45  146  146   48   61   28   57   57   61   48   48   72   57   86   30  113
118  147  147                                                               48
 34  148  148   26   71   18   23   23   71   26   26    8   24   23   25   25
 35  149  149   84   54   35   28   28   54   84   84   29   86   53   60  153
 71  150  150                                                               90
125  151  151   22   14   75   70   70   14   22   22   10   72   37   79   38
102  152  152                                                              115
 47  153  153   24   67   22   64   64   67   24   24   67   42   15   15   16
 11  154  154   58   12   77   21   21   12   58   58    9   84   14   49  155
 43  155  155   68   69   20   56   56   69   68   68   27   25    5   46   55
 13  156  156   70   17   72   83   83   17   70   70   86   33   30   12   66
  6  157  157   82   81    8   30   30   81   82   82   30    1   19   65  145
 87  158  158                                                              106
 15  159  159   88   70   19   65   65   70   88   88   61   83   28   16  100
140  160  160   15   88    1    8    8   88   15   15   80   21   88       118

=== ROW ORDER = rank(addr_y) ===
  n addr h160   Px   Py neg_  Y2p  X3p y2_f x3pl p_ca    r    s    z   Ry  sVH
------------------------------------------------------------------------------
 24    1    3   47   76   13   48   48   76   47   47   52   20   36   72   51
 92    2   54                                                              117
 88    3   30                                                               65
132    4  119                                                               59
 85    5  117   18    9   80   26   26    9   18   18    4   81   29   62  124
108    6  103                                                              133
150    7  131   11   87    2   16   16   87   11   11   87   32   66        58
133    8    1                                                              156
158    9   53                                                               68
 30   10  123    6   63   26   42   42   63    6    6   66    2   32   50  105
101   11   69                                                               31
130   12   94   44   62   27   58   58   62   44   44   57   19   51   45   93
 49   13    6   39   65   24   17   17   65   39   39   49   61   10    5  108
 32   14   91    4   27   62   20   20   27    4    4   81   59   45   57   35
 72   15  109                                                               34
 42   16   83   81   13   76   18   18   13   81   81   82   27   34   71  119
 73   17    8                                                              114
 57   18   25   67   42   47   44   44   42   67   67   83   63   44   56   41
106   19   42                                                               94
127   20   97                                                              143
134   21   10                                                              141
128   22  133                                                              112
137   23   26                                                              130
124   24   66                                                              127
147   25   44                                                               99
 99   26  111                                                               17
 16   27   62   64   49   40    1    1   49   64   64   60   52   48   63    6
 33   28   40   66    4   85    2    2    4   66   66   65   17   65   19  110
 86   29  112                                                                7
 20   30  106   25   52   37   79   79   52   25   25   18   29   22   20  121
 21   31   18   13   16   73   22   22   16   13   13   44   74   78    9  120
 87   32  158                                                              106
141   33   68                                                               61
 44   34   78   43   44   45   71   71   44   43   43   24   65   52   74  140
 68   35  132   16   11   78   77   77   11   16   16   32   13   16    4   36
131   36   33                                                                5
 77   37   67                                                               24
126   38   57                                                               70
149   39   74                                                              128
139   40   96                                                               72
 26   41  110   37    6   83   47   47    6   37   37   23   49   75   82   49
  3   42   50   41   40   49   73   73   40   41   41   31   18   74   33   98
 64   43   32    8   28   61   45   45   28    8    8   28   69   82   31    8
 14   44   88   74   45   44   19   19   45   74   74   70   58   41   58   19
 70   45   49   60   78   11   31   31   78   60   60   22   45   87   59   76
110   46    7    3    2   87   72   72    2    3    3   19   38    2   69   92
100   47  114   78   50   39   35   35   50   78   78   34   56   11   76   97
  4   48   87   20   31   58   62   62   31   20   20   62   70   69   13   33
 13   49  156   70   17   72   83   83   17   70   70   86   33   30   12   66
  7   50  134   62   66   23   76   76   66   62   62   69    9    9   52   89
  1   51   65   51   26   63   24   24   26   51   51   11   82   76   54  132
 91   52   89                                                              126
 51   53  145   59   48   41   14   14   48   59   59   85   39   49   43    2
143   54   11                                                                3
 31   55  125   56   24   65   10   10   24   56   56   39   51   63   11   88
160   56  138   79   68   21   78   78   68   79   79   40   30   62       101
  8   57  129    2   74   15   11   11   74    2    2   36    4   64   26   69
 39   58    4   19   19   70   32   32   19   19   19   46    3   26   53   13
114   59   34                                                               50
 11   60  154   58   12   77   21   21   12   58   58    9   84   14   49  155
116   61  137                                                               81
 56   62   36   28   80    9    5    5   80   28   28   41   68   38   29   27
 96   63   20                                                              111
105   64   70   75    5   84   55   55    5   75   75   15   34   58   24   87
153   65   38                                                              152
 28   66    9   80    7   82   49   49    7   80   80   79   71   21   81  160
 89   67   48                                                              139
 59   68  102   30    8   81   37   37    8   30   30   53   11   17   61   84
 83   69   16                                                               63
 80   70   61   53   36   53   15   15   36   53   53   51   28   25   23   74
 67   71   63   10   84    5   38   38   84   10   10   42   76    4   41   79
140   72  160   15   88    1    8    8   88   15   15   80   21   88       118
152   73  126                                                               53
 61   74   56   34   75   14   67   67   75   34   34   38   12   81   38   60
145   75   47   71   33   56   33   33   33   71   71   54    7    7       102
 53   76   23    7   37   52   29   29   37    7    7   45   62    6   14  109
107   77   21                                                              151
 95   78   51   63   58   31   12   12   58   63   63   78   44   40   21   80
135   79   31   12   38   51   59   59   38   12   12   71   22   54        85
144   80  142                                                              104
  6   81  157   82   81    8   30   30   81   82   82   30    1   19   65  145
125   82  151   22   14   75   70   70   14   22   22   10   72   37   79   38
 25   83   22    1   64   25   61   61   64    1    1   12   78   56   40   54
 19   84  140   54   25   64   68   68   25   54   54   17   55   79   32  131
138   85   58                                                               22
103   86   59                                                              158
104   87   85                                                              107
 46   88   90   87   59   30   34   34   59   87   87   64   79   43   17   71
 12   89   79   57   35   54   87   87   35   57   57   16   37   83   36  149
119   90  100                                                               95
  9   91   72   31   51   38    3    3   51   31   31    3   50    3   18   42
146   92  128                                                               18
111   93   39                                                              147
115   94  139   32   39   50   46   46   39   32   32   55    5    1   47   91
 74   95   93                                                               83
117   96  115                                                               29
 94   97  113                                                               52
 63   98  144   45   30   59   80   80   30   45   45   76    8   12   10   23
 54   99  116   35    1   88    7    7    1   35   35   14   75   35    3  123
109  100  101                                                              129
 15  101  159   88   70   19   65   65   70   88   88   61   83   28   16  100
 50  102  130   83   83    6   52   52   83   83   83   25   43   13   75   82
 76  103   81                                                               77
 93  104   35                                                               26
129  105  107                                                              134
154  106  143                                                              116
 55  107  127   55   10   79   25   25   10   55   55   74   26   33    2  137
 71  108  150                                                               90
 45  109  146   48   61   28   57   57   61   48   48   72   57   86   30  113
 75  110  108   49   57   32   54   54   57   49   49   13   47   85   35  157
 10  111  124   69   77   12   27   27   77   69   69   56   41   24   51  135
  2  112   73   86   21   68   82   82   21   86   86   37   64   59   80   46
 41  113  122   72   56   33   75   75   56   72   72   50   77   70   37  148
 43  114  155   68   69   20   56   56   69   68   68   27   25    5   46   55
 48  115   80   61   32   57   85   85   32   61   61   59   14   80   68    4
 60  116  118   33   72   17   36   36   72   33   33   77   67   61    1   40
 40  117   86   65   47   42    9    9   47   65   65   75   40   60    7  146
 58  118   82    9   29   60   41   41   29    9    9   21   31   77   42   11
151  119   12                                                              142
  5  120   84   23   18   71   51   51   18   23   23   47   35   20   28   78
142  121   24                                                              103
 27  122    5   14    3   86    4    4    3   14   14   68   48    8   70   47
102  123  152                                                              115
 52  124   29   50   79   10   40   40   79   50   50   43   54   73    6   10
 35  125  149   84   54   35   28   28   54   84   84   29   86   53   60  153
 37  126   17   52   34   55   84   84   34   52   52   63   36   39   48   86
 69  127   52   36   73   16   86   86   73   36   36    6    6   55   77  144
 29  128   46   46   85    4   43   43   85   46   46   73   60   27   27  122
 81  129   28                                                               39
 18  130   99    5   53   36   63   63   53    5    5    5   85   68   67   43
 82  131   13                                                               12
 90  132  120   40   60   29   81   81   60   40   40    2   80   67   39   20
122  133  135                                                               73
113  134  141                                                               37
155  135   60   42   86    3   88   88   86   42   42   84   16   47        62
 79  136   55                                                               57
 38  137  104   76   20   69   60   60   20   76   76   88   66   50   55   56
159  138   19                                                               96
148  139   95                                                               28
156  140   92                                                               30
 98  141   75                                                                9
121  142   98                                                                1
 23  143  121   85   55   34    6    6   55   85   85    1   53   57   73  138
118  144  147                                                               48
112  145   41                                                              150
123  146   76                                                               75
136  147    2                                                               32
 84  148   71                                                              125
 47  149  153   24   67   22   64   64   67   24   24   67   42   15   15   16
157  150   15                                                               45
 97  151   45                                                               44
 36  152   64   73   41   48   53   53   41   73   73   26   87   84   64  154
 22  153   77   27   43   46   74   74   43   27   27    7   10   72   44   14
 66  154   14   38   46   43   39   39   46   38   38   20   23   31   22   67
 34  155  148   26   71   18   23   23   71   26   26    8   24   23   25   25
 17  156  105   29   22   67   69   69   22   29   29   33   88   42    8   15
 78  157   27                                                              136
 65  158   43   21   82    7   13   13   82   21   21   35   46   18   66  159
 62  159  136   17   23   66   50   50   23   17   17   48   73   71   78   21
120  160   37   77   15   74   66   66   15   77   77   58   15   46   34   64

=== ROW ORDER = rank(sVH) ===
  n  sVH h160   Px   Py neg_  Y2p  X3p y2_f x3pl p_ca    r    s    z   Ry sCHK
------------------------------------------------------------------------------
121    1   98                                                              142
 51    2  145   59   48   41   14   14   48   59   59   85   39   49   43   53
143    3   11                                                               54
 48    4   80   61   32   57   85   85   32   61   61   59   14   80   68  115
131    5   33                                                               36
 16    6   62   64   49   40    1    1   49   64   64   60   52   48   63   27
 86    7  112                                                               29
 64    8   32    8   28   61   45   45   28    8    8   28   69   82   31   43
 98    9   75                                                              141
 52   10   29   50   79   10   40   40   79   50   50   43   54   73    6  124
 58   11   82    9   29   60   41   41   29    9    9   21   31   77   42  118
 82   12   13                                                              131
 39   13    4   19   19   70   32   32   19   19   19   46    3   26   53   58
 22   14   77   27   43   46   74   74   43   27   27    7   10   72   44  153
 17   15  105   29   22   67   69   69   22   29   29   33   88   42    8  156
 47   16  153   24   67   22   64   64   67   24   24   67   42   15   15  149
 99   17  111                                                               26
146   18  128                                                               92
 14   19   88   74   45   44   19   19   45   74   74   70   58   41   58   44
 90   20  120   40   60   29   81   81   60   40   40    2   80   67   39  132
 62   21  136   17   23   66   50   50   23   17   17   48   73   71   78  159
138   22   58                                                               85
 63   23  144   45   30   59   80   80   30   45   45   76    8   12   10   98
 77   24   67                                                               37
 34   25  148   26   71   18   23   23   71   26   26    8   24   23   25  155
 93   26   35                                                              104
 56   27   36   28   80    9    5    5   80   28   28   41   68   38   29   62
148   28   95                                                              139
117   29  115                                                               96
156   30   92                                                              140
101   31   69                                                               11
136   32    2                                                              147
  4   33   87   20   31   58   62   62   31   20   20   62   70   69   13   48
 72   34  109                                                               15
 32   35   91    4   27   62   20   20   27    4    4   81   59   45   57   14
 68   36  132   16   11   78   77   77   11   16   16   32   13   16    4   35
113   37  141                                                              134
125   38  151   22   14   75   70   70   14   22   22   10   72   37   79   82
 81   39   28                                                              129
 60   40  118   33   72   17   36   36   72   33   33   77   67   61    1  116
 57   41   25   67   42   47   44   44   42   67   67   83   63   44   56   18
  9   42   72   31   51   38    3    3   51   31   31    3   50    3   18   91
 18   43   99    5   53   36   63   63   53    5    5    5   85   68   67  130
 97   44   45                                                              151
157   45   15                                                              150
  2   46   73   86   21   68   82   82   21   86   86   37   64   59   80  112
 27   47    5   14    3   86    4    4    3   14   14   68   48    8   70  122
118   48  147                                                              144
 26   49  110   37    6   83   47   47    6   37   37   23   49   75   82   41
114   50   34                                                               59
 24   51    3   47   76   13   48   48   76   47   47   52   20   36   72    1
 94   52  113                                                               97
152   53  126                                                               73
 25   54   22    1   64   25   61   61   64    1    1   12   78   56   40   83
 43   55  155   68   69   20   56   56   69   68   68   27   25    5   46  114
 38   56  104   76   20   69   60   60   20   76   76   88   66   50   55  137
 79   57   55                                                              136
150   58  131   11   87    2   16   16   87   11   11   87   32   66         7
132   59  119                                                                4
 61   60   56   34   75   14   67   67   75   34   34   38   12   81   38   74
141   61   68                                                               33
155   62   60   42   86    3   88   88   86   42   42   84   16   47       135
 83   63   16                                                               69
120   64   37   77   15   74   66   66   15   77   77   58   15   46   34  160
 88   65   30                                                                3
 13   66  156   70   17   72   83   83   17   70   70   86   33   30   12   49
 66   67   14   38   46   43   39   39   46   38   38   20   23   31   22  154
158   68   53                                                                9
  8   69  129    2   74   15   11   11   74    2    2   36    4   64   26   57
126   70   57                                                               38
 46   71   90   87   59   30   34   34   59   87   87   64   79   43   17   88
139   72   96                                                               40
122   73  135                                                              133
 80   74   61   53   36   53   15   15   36   53   53   51   28   25   23   70
123   75   76                                                              146
 70   76   49   60   78   11   31   31   78   60   60   22   45   87   59   45
 76   77   81                                                              103
  5   78   84   23   18   71   51   51   18   23   23   47   35   20   28  120
 67   79   63   10   84    5   38   38   84   10   10   42   76    4   41   71
 95   80   51   63   58   31   12   12   58   63   63   78   44   40   21   78
116   81  137                                                               61
 50   82  130   83   83    6   52   52   83   83   83   25   43   13   75  102
 74   83   93                                                               95
 59   84  102   30    8   81   37   37    8   30   30   53   11   17   61   68
135   85   31   12   38   51   59   59   38   12   12   71   22   54        79
 37   86   17   52   34   55   84   84   34   52   52   63   36   39   48  126
105   87   70   75    5   84   55   55    5   75   75   15   34   58   24   64
 31   88  125   56   24   65   10   10   24   56   56   39   51   63   11   55
  7   89  134   62   66   23   76   76   66   62   62   69    9    9   52   50
 71   90  150                                                              108
115   91  139   32   39   50   46   46   39   32   32   55    5    1   47   94
110   92    7    3    2   87   72   72    2    3    3   19   38    2   69   46
130   93   94   44   62   27   58   58   62   44   44   57   19   51   45   12
106   94   42                                                               19
119   95  100                                                               90
159   96   19                                                              138
100   97  114   78   50   39   35   35   50   78   78   34   56   11   76   47
  3   98   50   41   40   49   73   73   40   41   41   31   18   74   33   42
147   99   44                                                               25
 15  100  159   88   70   19   65   65   70   88   88   61   83   28   16  101
160  101  138   79   68   21   78   78   68   79   79   40   30   62        56
145  102   47   71   33   56   33   33   33   71   71   54    7    7        75
142  103   24                                                              121
144  104  142                                                               80
 30  105  123    6   63   26   42   42   63    6    6   66    2   32   50   10
 87  106  158                                                               32
104  107   85                                                               87
 49  108    6   39   65   24   17   17   65   39   39   49   61   10    5   13
 53  109   23    7   37   52   29   29   37    7    7   45   62    6   14   76
 33  110   40   66    4   85    2    2    4   66   66   65   17   65   19   28
 96  111   20                                                               63
128  112  133                                                               22
 45  113  146   48   61   28   57   57   61   48   48   72   57   86   30  109
 73  114    8                                                               17
102  115  152                                                              123
154  116  143                                                              106
 92  117   54                                                                2
140  118  160   15   88    1    8    8   88   15   15   80   21   88        72
 42  119   83   81   13   76   18   18   13   81   81   82   27   34   71   16
 21  120   18   13   16   73   22   22   16   13   13   44   74   78    9   31
 20  121  106   25   52   37   79   79   52   25   25   18   29   22   20   30
 29  122   46   46   85    4   43   43   85   46   46   73   60   27   27  128
 54  123  116   35    1   88    7    7    1   35   35   14   75   35    3   99
 85  124  117   18    9   80   26   26    9   18   18    4   81   29   62    5
 84  125   71                                                              148
 91  126   89                                                               52
124  127   66                                                               24
149  128   74                                                               39
109  129  101                                                              100
137  130   26                                                               23
 19  131  140   54   25   64   68   68   25   54   54   17   55   79   32   84
  1  132   65   51   26   63   24   24   26   51   51   11   82   76   54   51
108  133  103                                                                6
129  134  107                                                              105
 10  135  124   69   77   12   27   27   77   69   69   56   41   24   51  111
 78  136   27                                                              157
 55  137  127   55   10   79   25   25   10   55   55   74   26   33    2  107
 23  138  121   85   55   34    6    6   55   85   85    1   53   57   73  143
 89  139   48                                                               67
 44  140   78   43   44   45   71   71   44   43   43   24   65   52   74   34
134  141   10                                                               21
151  142   12                                                              119
127  143   97                                                               20
 69  144   52   36   73   16   86   86   73   36   36    6    6   55   77  127
  6  145  157   82   81    8   30   30   81   82   82   30    1   19   65   81
 40  146   86   65   47   42    9    9   47   65   65   75   40   60    7  117
111  147   39                                                               93
 41  148  122   72   56   33   75   75   56   72   72   50   77   70   37  113
 12  149   79   57   35   54   87   87   35   57   57   16   37   83   36   89
112  150   41                                                              145
107  151   21                                                               77
153  152   38                                                               65
 35  153  149   84   54   35   28   28   54   84   84   29   86   53   60  125
 36  154   64   73   41   48   53   53   41   73   73   26   87   84   64  152
 11  155  154   58   12   77   21   21   12   58   58    9   84   14   49   60
133  156    1                                                                8
 75  157  108   49   57   32   54   54   57   49   49   13   47   85   35  110
103  158   59                                                               86
 65  159   43   21   82    7   13   13   82   21   21   35   46   18   66  158
 28  160    9   80    7   82   49   49    7   80   80   79   71   21   81   66

=== ROW ORDER = rank(sCHK) ===
  n sCHK h160   Px   Py neg_  Y2p  X3p y2_f x3pl p_ca    r    s    z   Ry  sVH
------------------------------------------------------------------------------
 24    1    3   47   76   13   48   48   76   47   47   52   20   36   72   51
 92    2   54                                                              117
 88    3   30                                                               65
132    4  119                                                               59
 85    5  117   18    9   80   26   26    9   18   18    4   81   29   62  124
108    6  103                                                              133
150    7  131   11   87    2   16   16   87   11   11   87   32   66        58
133    8    1                                                              156
158    9   53                                                               68
 30   10  123    6   63   26   42   42   63    6    6   66    2   32   50  105
101   11   69                                                               31
130   12   94   44   62   27   58   58   62   44   44   57   19   51   45   93
 49   13    6   39   65   24   17   17   65   39   39   49   61   10    5  108
 32   14   91    4   27   62   20   20   27    4    4   81   59   45   57   35
 72   15  109                                                               34
 42   16   83   81   13   76   18   18   13   81   81   82   27   34   71  119
 73   17    8                                                              114
 57   18   25   67   42   47   44   44   42   67   67   83   63   44   56   41
106   19   42                                                               94
127   20   97                                                              143
134   21   10                                                              141
128   22  133                                                              112
137   23   26                                                              130
124   24   66                                                              127
147   25   44                                                               99
 99   26  111                                                               17
 16   27   62   64   49   40    1    1   49   64   64   60   52   48   63    6
 33   28   40   66    4   85    2    2    4   66   66   65   17   65   19  110
 86   29  112                                                                7
 20   30  106   25   52   37   79   79   52   25   25   18   29   22   20  121
 21   31   18   13   16   73   22   22   16   13   13   44   74   78    9  120
 87   32  158                                                              106
141   33   68                                                               61
 44   34   78   43   44   45   71   71   44   43   43   24   65   52   74  140
 68   35  132   16   11   78   77   77   11   16   16   32   13   16    4   36
131   36   33                                                                5
 77   37   67                                                               24
126   38   57                                                               70
149   39   74                                                              128
139   40   96                                                               72
 26   41  110   37    6   83   47   47    6   37   37   23   49   75   82   49
  3   42   50   41   40   49   73   73   40   41   41   31   18   74   33   98
 64   43   32    8   28   61   45   45   28    8    8   28   69   82   31    8
 14   44   88   74   45   44   19   19   45   74   74   70   58   41   58   19
 70   45   49   60   78   11   31   31   78   60   60   22   45   87   59   76
110   46    7    3    2   87   72   72    2    3    3   19   38    2   69   92
100   47  114   78   50   39   35   35   50   78   78   34   56   11   76   97
  4   48   87   20   31   58   62   62   31   20   20   62   70   69   13   33
 13   49  156   70   17   72   83   83   17   70   70   86   33   30   12   66
  7   50  134   62   66   23   76   76   66   62   62   69    9    9   52   89
  1   51   65   51   26   63   24   24   26   51   51   11   82   76   54  132
 91   52   89                                                              126
 51   53  145   59   48   41   14   14   48   59   59   85   39   49   43    2
143   54   11                                                                3
 31   55  125   56   24   65   10   10   24   56   56   39   51   63   11   88
160   56  138   79   68   21   78   78   68   79   79   40   30   62       101
  8   57  129    2   74   15   11   11   74    2    2   36    4   64   26   69
 39   58    4   19   19   70   32   32   19   19   19   46    3   26   53   13
114   59   34                                                               50
 11   60  154   58   12   77   21   21   12   58   58    9   84   14   49  155
116   61  137                                                               81
 56   62   36   28   80    9    5    5   80   28   28   41   68   38   29   27
 96   63   20                                                              111
105   64   70   75    5   84   55   55    5   75   75   15   34   58   24   87
153   65   38                                                              152
 28   66    9   80    7   82   49   49    7   80   80   79   71   21   81  160
 89   67   48                                                              139
 59   68  102   30    8   81   37   37    8   30   30   53   11   17   61   84
 83   69   16                                                               63
 80   70   61   53   36   53   15   15   36   53   53   51   28   25   23   74
 67   71   63   10   84    5   38   38   84   10   10   42   76    4   41   79
140   72  160   15   88    1    8    8   88   15   15   80   21   88       118
152   73  126                                                               53
 61   74   56   34   75   14   67   67   75   34   34   38   12   81   38   60
145   75   47   71   33   56   33   33   33   71   71   54    7    7       102
 53   76   23    7   37   52   29   29   37    7    7   45   62    6   14  109
107   77   21                                                              151
 95   78   51   63   58   31   12   12   58   63   63   78   44   40   21   80
135   79   31   12   38   51   59   59   38   12   12   71   22   54        85
144   80  142                                                              104
  6   81  157   82   81    8   30   30   81   82   82   30    1   19   65  145
125   82  151   22   14   75   70   70   14   22   22   10   72   37   79   38
 25   83   22    1   64   25   61   61   64    1    1   12   78   56   40   54
 19   84  140   54   25   64   68   68   25   54   54   17   55   79   32  131
138   85   58                                                               22
103   86   59                                                              158
104   87   85                                                              107
 46   88   90   87   59   30   34   34   59   87   87   64   79   43   17   71
 12   89   79   57   35   54   87   87   35   57   57   16   37   83   36  149
119   90  100                                                               95
  9   91   72   31   51   38    3    3   51   31   31    3   50    3   18   42
146   92  128                                                               18
111   93   39                                                              147
115   94  139   32   39   50   46   46   39   32   32   55    5    1   47   91
 74   95   93                                                               83
117   96  115                                                               29
 94   97  113                                                               52
 63   98  144   45   30   59   80   80   30   45   45   76    8   12   10   23
 54   99  116   35    1   88    7    7    1   35   35   14   75   35    3  123
109  100  101                                                              129
 15  101  159   88   70   19   65   65   70   88   88   61   83   28   16  100
 50  102  130   83   83    6   52   52   83   83   83   25   43   13   75   82
 76  103   81                                                               77
 93  104   35                                                               26
129  105  107                                                              134
154  106  143                                                              116
 55  107  127   55   10   79   25   25   10   55   55   74   26   33    2  137
 71  108  150                                                               90
 45  109  146   48   61   28   57   57   61   48   48   72   57   86   30  113
 75  110  108   49   57   32   54   54   57   49   49   13   47   85   35  157
 10  111  124   69   77   12   27   27   77   69   69   56   41   24   51  135
  2  112   73   86   21   68   82   82   21   86   86   37   64   59   80   46
 41  113  122   72   56   33   75   75   56   72   72   50   77   70   37  148
 43  114  155   68   69   20   56   56   69   68   68   27   25    5   46   55
 48  115   80   61   32   57   85   85   32   61   61   59   14   80   68    4
 60  116  118   33   72   17   36   36   72   33   33   77   67   61    1   40
 40  117   86   65   47   42    9    9   47   65   65   75   40   60    7  146
 58  118   82    9   29   60   41   41   29    9    9   21   31   77   42   11
151  119   12                                                              142
  5  120   84   23   18   71   51   51   18   23   23   47   35   20   28   78
142  121   24                                                              103
 27  122    5   14    3   86    4    4    3   14   14   68   48    8   70   47
102  123  152                                                              115
 52  124   29   50   79   10   40   40   79   50   50   43   54   73    6   10
 35  125  149   84   54   35   28   28   54   84   84   29   86   53   60  153
 37  126   17   52   34   55   84   84   34   52   52   63   36   39   48   86
 69  127   52   36   73   16   86   86   73   36   36    6    6   55   77  144
 29  128   46   46   85    4   43   43   85   46   46   73   60   27   27  122
 81  129   28                                                               39
 18  130   99    5   53   36   63   63   53    5    5    5   85   68   67   43
 82  131   13                                                               12
 90  132  120   40   60   29   81   81   60   40   40    2   80   67   39   20
122  133  135                                                               73
113  134  141                                                               37
155  135   60   42   86    3   88   88   86   42   42   84   16   47        62
 79  136   55                                                               57
 38  137  104   76   20   69   60   60   20   76   76   88   66   50   55   56
159  138   19                                                               96
148  139   95                                                               28
156  140   92                                                               30
 98  141   75                                                                9
121  142   98                                                                1
 23  143  121   85   55   34    6    6   55   85   85    1   53   57   73  138
118  144  147                                                               48
112  145   41                                                              150
123  146   76                                                               75
136  147    2                                                               32
 84  148   71                                                              125
 47  149  153   24   67   22   64   64   67   24   24   67   42   15   15   16
157  150   15                                                               45
 97  151   45                                                               44
 36  152   64   73   41   48   53   53   41   73   73   26   87   84   64  154
 22  153   77   27   43   46   74   74   43   27   27    7   10   72   44   14
 66  154   14   38   46   43   39   39   46   38   38   20   23   31   22   67
 34  155  148   26   71   18   23   23   71   26   26    8   24   23   25   25
 17  156  105   29   22   67   69   69   22   29   29   33   88   42    8   15
 78  157   27                                                              136
 65  158   43   21   82    7   13   13   82   21   21   35   46   18   66  159
 62  159  136   17   23   66   50   50   23   17   17   48   73   71   78   21
120  160   37   77   15   74   66   66   15   77   77   58   15   46   34   64

=== ROW ORDER = rank(sha256_vh) ===
  n sha2 h160   Px   Py neg_  Y2p  X3p y2_f x3pl p_ca    r    s    z   Ry  sVH
------------------------------------------------------------------------------
121    1   98                                                                1
 51    2  145   59   48   41   14   14   48   59   59   85   39   49   43    2
143    3   11                                                                3
 48    4   80   61   32   57   85   85   32   61   61   59   14   80   68    4
131    5   33                                                                5
 16    6   62   64   49   40    1    1   49   64   64   60   52   48   63    6
 86    7  112                                                                7
 64    8   32    8   28   61   45   45   28    8    8   28   69   82   31    8
 98    9   75                                                                9
 52   10   29   50   79   10   40   40   79   50   50   43   54   73    6   10
 58   11   82    9   29   60   41   41   29    9    9   21   31   77   42   11
 82   12   13                                                               12
 39   13    4   19   19   70   32   32   19   19   19   46    3   26   53   13
 22   14   77   27   43   46   74   74   43   27   27    7   10   72   44   14
 17   15  105   29   22   67   69   69   22   29   29   33   88   42    8   15
 47   16  153   24   67   22   64   64   67   24   24   67   42   15   15   16
 99   17  111                                                               17
146   18  128                                                               18
 14   19   88   74   45   44   19   19   45   74   74   70   58   41   58   19
 90   20  120   40   60   29   81   81   60   40   40    2   80   67   39   20
 62   21  136   17   23   66   50   50   23   17   17   48   73   71   78   21
138   22   58                                                               22
 63   23  144   45   30   59   80   80   30   45   45   76    8   12   10   23
 77   24   67                                                               24
 34   25  148   26   71   18   23   23   71   26   26    8   24   23   25   25
 93   26   35                                                               26
 56   27   36   28   80    9    5    5   80   28   28   41   68   38   29   27
148   28   95                                                               28
117   29  115                                                               29
156   30   92                                                               30
101   31   69                                                               31
136   32    2                                                               32
  4   33   87   20   31   58   62   62   31   20   20   62   70   69   13   33
 72   34  109                                                               34
 32   35   91    4   27   62   20   20   27    4    4   81   59   45   57   35
 68   36  132   16   11   78   77   77   11   16   16   32   13   16    4   36
113   37  141                                                               37
125   38  151   22   14   75   70   70   14   22   22   10   72   37   79   38
 81   39   28                                                               39
 60   40  118   33   72   17   36   36   72   33   33   77   67   61    1   40
 57   41   25   67   42   47   44   44   42   67   67   83   63   44   56   41
  9   42   72   31   51   38    3    3   51   31   31    3   50    3   18   42
 18   43   99    5   53   36   63   63   53    5    5    5   85   68   67   43
 97   44   45                                                               44
157   45   15                                                               45
  2   46   73   86   21   68   82   82   21   86   86   37   64   59   80   46
 27   47    5   14    3   86    4    4    3   14   14   68   48    8   70   47
118   48  147                                                               48
 26   49  110   37    6   83   47   47    6   37   37   23   49   75   82   49
114   50   34                                                               50
 24   51    3   47   76   13   48   48   76   47   47   52   20   36   72   51
 94   52  113                                                               52
152   53  126                                                               53
 25   54   22    1   64   25   61   61   64    1    1   12   78   56   40   54
 43   55  155   68   69   20   56   56   69   68   68   27   25    5   46   55
 38   56  104   76   20   69   60   60   20   76   76   88   66   50   55   56
 79   57   55                                                               57
150   58  131   11   87    2   16   16   87   11   11   87   32   66        58
132   59  119                                                               59
 61   60   56   34   75   14   67   67   75   34   34   38   12   81   38   60
141   61   68                                                               61
155   62   60   42   86    3   88   88   86   42   42   84   16   47        62
 83   63   16                                                               63
120   64   37   77   15   74   66   66   15   77   77   58   15   46   34   64
 88   65   30                                                               65
 13   66  156   70   17   72   83   83   17   70   70   86   33   30   12   66
 66   67   14   38   46   43   39   39   46   38   38   20   23   31   22   67
158   68   53                                                               68
  8   69  129    2   74   15   11   11   74    2    2   36    4   64   26   69
126   70   57                                                               70
 46   71   90   87   59   30   34   34   59   87   87   64   79   43   17   71
139   72   96                                                               72
122   73  135                                                               73
 80   74   61   53   36   53   15   15   36   53   53   51   28   25   23   74
123   75   76                                                               75
 70   76   49   60   78   11   31   31   78   60   60   22   45   87   59   76
 76   77   81                                                               77
  5   78   84   23   18   71   51   51   18   23   23   47   35   20   28   78
 67   79   63   10   84    5   38   38   84   10   10   42   76    4   41   79
 95   80   51   63   58   31   12   12   58   63   63   78   44   40   21   80
116   81  137                                                               81
 50   82  130   83   83    6   52   52   83   83   83   25   43   13   75   82
 74   83   93                                                               83
 59   84  102   30    8   81   37   37    8   30   30   53   11   17   61   84
135   85   31   12   38   51   59   59   38   12   12   71   22   54        85
 37   86   17   52   34   55   84   84   34   52   52   63   36   39   48   86
105   87   70   75    5   84   55   55    5   75   75   15   34   58   24   87
 31   88  125   56   24   65   10   10   24   56   56   39   51   63   11   88
  7   89  134   62   66   23   76   76   66   62   62   69    9    9   52   89
 71   90  150                                                               90
115   91  139   32   39   50   46   46   39   32   32   55    5    1   47   91
110   92    7    3    2   87   72   72    2    3    3   19   38    2   69   92
130   93   94   44   62   27   58   58   62   44   44   57   19   51   45   93
106   94   42                                                               94
119   95  100                                                               95
159   96   19                                                               96
100   97  114   78   50   39   35   35   50   78   78   34   56   11   76   97
  3   98   50   41   40   49   73   73   40   41   41   31   18   74   33   98
147   99   44                                                               99
 15  100  159   88   70   19   65   65   70   88   88   61   83   28   16  100
160  101  138   79   68   21   78   78   68   79   79   40   30   62       101
145  102   47   71   33   56   33   33   33   71   71   54    7    7       102
142  103   24                                                              103
144  104  142                                                              104
 30  105  123    6   63   26   42   42   63    6    6   66    2   32   50  105
 87  106  158                                                              106
104  107   85                                                              107
 49  108    6   39   65   24   17   17   65   39   39   49   61   10    5  108
 53  109   23    7   37   52   29   29   37    7    7   45   62    6   14  109
 33  110   40   66    4   85    2    2    4   66   66   65   17   65   19  110
 96  111   20                                                              111
128  112  133                                                              112
 45  113  146   48   61   28   57   57   61   48   48   72   57   86   30  113
 73  114    8                                                              114
102  115  152                                                              115
154  116  143                                                              116
 92  117   54                                                              117
140  118  160   15   88    1    8    8   88   15   15   80   21   88       118
 42  119   83   81   13   76   18   18   13   81   81   82   27   34   71  119
 21  120   18   13   16   73   22   22   16   13   13   44   74   78    9  120
 20  121  106   25   52   37   79   79   52   25   25   18   29   22   20  121
 29  122   46   46   85    4   43   43   85   46   46   73   60   27   27  122
 54  123  116   35    1   88    7    7    1   35   35   14   75   35    3  123
 85  124  117   18    9   80   26   26    9   18   18    4   81   29   62  124
 84  125   71                                                              125
 91  126   89                                                              126
124  127   66                                                              127
149  128   74                                                              128
109  129  101                                                              129
137  130   26                                                              130
 19  131  140   54   25   64   68   68   25   54   54   17   55   79   32  131
  1  132   65   51   26   63   24   24   26   51   51   11   82   76   54  132
108  133  103                                                              133
129  134  107                                                              134
 10  135  124   69   77   12   27   27   77   69   69   56   41   24   51  135
 78  136   27                                                              136
 55  137  127   55   10   79   25   25   10   55   55   74   26   33    2  137
 23  138  121   85   55   34    6    6   55   85   85    1   53   57   73  138
 89  139   48                                                              139
 44  140   78   43   44   45   71   71   44   43   43   24   65   52   74  140
134  141   10                                                              141
151  142   12                                                              142
127  143   97                                                              143
 69  144   52   36   73   16   86   86   73   36   36    6    6   55   77  144
  6  145  157   82   81    8   30   30   81   82   82   30    1   19   65  145
 40  146   86   65   47   42    9    9   47   65   65   75   40   60    7  146
111  147   39                                                              147
 41  148  122   72   56   33   75   75   56   72   72   50   77   70   37  148
 12  149   79   57   35   54   87   87   35   57   57   16   37   83   36  149
112  150   41                                                              150
107  151   21                                                              151
153  152   38                                                              152
 35  153  149   84   54   35   28   28   54   84   84   29   86   53   60  153
 36  154   64   73   41   48   53   53   41   73   73   26   87   84   64  154
 11  155  154   58   12   77   21   21   12   58   58    9   84   14   49  155
133  156    1                                                              156
 75  157  108   49   57   32   54   54   57   49   49   13   47   85   35  157
103  158   59                                                              158
 65  159   43   21   82    7   13   13   82   21   21   35   46   18   66  159
 28  160    9   80    7   82   49   49    7   80   80   79   71   21   81  160

=== ROW ORDER = rank(sha256_chk) ===
  n sha2 h160   Px   Py neg_  Y2p  X3p y2_f x3pl p_ca    r    s    z   Ry  sVH
------------------------------------------------------------------------------
 24    1    3   47   76   13   48   48   76   47   47   52   20   36   72   51
 92    2   54                                                              117
 88    3   30                                                               65
132    4  119                                                               59
 85    5  117   18    9   80   26   26    9   18   18    4   81   29   62  124
108    6  103                                                              133
150    7  131   11   87    2   16   16   87   11   11   87   32   66        58
133    8    1                                                              156
158    9   53                                                               68
 30   10  123    6   63   26   42   42   63    6    6   66    2   32   50  105
101   11   69                                                               31
130   12   94   44   62   27   58   58   62   44   44   57   19   51   45   93
 49   13    6   39   65   24   17   17   65   39   39   49   61   10    5  108
 32   14   91    4   27   62   20   20   27    4    4   81   59   45   57   35
 72   15  109                                                               34
 42   16   83   81   13   76   18   18   13   81   81   82   27   34   71  119
 73   17    8                                                              114
 57   18   25   67   42   47   44   44   42   67   67   83   63   44   56   41
106   19   42                                                               94
127   20   97                                                              143
134   21   10                                                              141
128   22  133                                                              112
137   23   26                                                              130
124   24   66                                                              127
147   25   44                                                               99
 99   26  111                                                               17
 16   27   62   64   49   40    1    1   49   64   64   60   52   48   63    6
 33   28   40   66    4   85    2    2    4   66   66   65   17   65   19  110
 86   29  112                                                                7
 20   30  106   25   52   37   79   79   52   25   25   18   29   22   20  121
 21   31   18   13   16   73   22   22   16   13   13   44   74   78    9  120
 87   32  158                                                              106
141   33   68                                                               61
 44   34   78   43   44   45   71   71   44   43   43   24   65   52   74  140
 68   35  132   16   11   78   77   77   11   16   16   32   13   16    4   36
131   36   33                                                                5
 77   37   67                                                               24
126   38   57                                                               70
149   39   74                                                              128
139   40   96                                                               72
 26   41  110   37    6   83   47   47    6   37   37   23   49   75   82   49
  3   42   50   41   40   49   73   73   40   41   41   31   18   74   33   98
 64   43   32    8   28   61   45   45   28    8    8   28   69   82   31    8
 14   44   88   74   45   44   19   19   45   74   74   70   58   41   58   19
 70   45   49   60   78   11   31   31   78   60   60   22   45   87   59   76
110   46    7    3    2   87   72   72    2    3    3   19   38    2   69   92
100   47  114   78   50   39   35   35   50   78   78   34   56   11   76   97
  4   48   87   20   31   58   62   62   31   20   20   62   70   69   13   33
 13   49  156   70   17   72   83   83   17   70   70   86   33   30   12   66
  7   50  134   62   66   23   76   76   66   62   62   69    9    9   52   89
  1   51   65   51   26   63   24   24   26   51   51   11   82   76   54  132
 91   52   89                                                              126
 51   53  145   59   48   41   14   14   48   59   59   85   39   49   43    2
143   54   11                                                                3
 31   55  125   56   24   65   10   10   24   56   56   39   51   63   11   88
160   56  138   79   68   21   78   78   68   79   79   40   30   62       101
  8   57  129    2   74   15   11   11   74    2    2   36    4   64   26   69
 39   58    4   19   19   70   32   32   19   19   19   46    3   26   53   13
114   59   34                                                               50
 11   60  154   58   12   77   21   21   12   58   58    9   84   14   49  155
116   61  137                                                               81
 56   62   36   28   80    9    5    5   80   28   28   41   68   38   29   27
 96   63   20                                                              111
105   64   70   75    5   84   55   55    5   75   75   15   34   58   24   87
153   65   38                                                              152
 28   66    9   80    7   82   49   49    7   80   80   79   71   21   81  160
 89   67   48                                                              139
 59   68  102   30    8   81   37   37    8   30   30   53   11   17   61   84
 83   69   16                                                               63
 80   70   61   53   36   53   15   15   36   53   53   51   28   25   23   74
 67   71   63   10   84    5   38   38   84   10   10   42   76    4   41   79
140   72  160   15   88    1    8    8   88   15   15   80   21   88       118
152   73  126                                                               53
 61   74   56   34   75   14   67   67   75   34   34   38   12   81   38   60
145   75   47   71   33   56   33   33   33   71   71   54    7    7       102
 53   76   23    7   37   52   29   29   37    7    7   45   62    6   14  109
107   77   21                                                              151
 95   78   51   63   58   31   12   12   58   63   63   78   44   40   21   80
135   79   31   12   38   51   59   59   38   12   12   71   22   54        85
144   80  142                                                              104
  6   81  157   82   81    8   30   30   81   82   82   30    1   19   65  145
125   82  151   22   14   75   70   70   14   22   22   10   72   37   79   38
 25   83   22    1   64   25   61   61   64    1    1   12   78   56   40   54
 19   84  140   54   25   64   68   68   25   54   54   17   55   79   32  131
138   85   58                                                               22
103   86   59                                                              158
104   87   85                                                              107
 46   88   90   87   59   30   34   34   59   87   87   64   79   43   17   71
 12   89   79   57   35   54   87   87   35   57   57   16   37   83   36  149
119   90  100                                                               95
  9   91   72   31   51   38    3    3   51   31   31    3   50    3   18   42
146   92  128                                                               18
111   93   39                                                              147
115   94  139   32   39   50   46   46   39   32   32   55    5    1   47   91
 74   95   93                                                               83
117   96  115                                                               29
 94   97  113                                                               52
 63   98  144   45   30   59   80   80   30   45   45   76    8   12   10   23
 54   99  116   35    1   88    7    7    1   35   35   14   75   35    3  123
109  100  101                                                              129
 15  101  159   88   70   19   65   65   70   88   88   61   83   28   16  100
 50  102  130   83   83    6   52   52   83   83   83   25   43   13   75   82
 76  103   81                                                               77
 93  104   35                                                               26
129  105  107                                                              134
154  106  143                                                              116
 55  107  127   55   10   79   25   25   10   55   55   74   26   33    2  137
 71  108  150                                                               90
 45  109  146   48   61   28   57   57   61   48   48   72   57   86   30  113
 75  110  108   49   57   32   54   54   57   49   49   13   47   85   35  157
 10  111  124   69   77   12   27   27   77   69   69   56   41   24   51  135
  2  112   73   86   21   68   82   82   21   86   86   37   64   59   80   46
 41  113  122   72   56   33   75   75   56   72   72   50   77   70   37  148
 43  114  155   68   69   20   56   56   69   68   68   27   25    5   46   55
 48  115   80   61   32   57   85   85   32   61   61   59   14   80   68    4
 60  116  118   33   72   17   36   36   72   33   33   77   67   61    1   40
 40  117   86   65   47   42    9    9   47   65   65   75   40   60    7  146
 58  118   82    9   29   60   41   41   29    9    9   21   31   77   42   11
151  119   12                                                              142
  5  120   84   23   18   71   51   51   18   23   23   47   35   20   28   78
142  121   24                                                              103
 27  122    5   14    3   86    4    4    3   14   14   68   48    8   70   47
102  123  152                                                              115
 52  124   29   50   79   10   40   40   79   50   50   43   54   73    6   10
 35  125  149   84   54   35   28   28   54   84   84   29   86   53   60  153
 37  126   17   52   34   55   84   84   34   52   52   63   36   39   48   86
 69  127   52   36   73   16   86   86   73   36   36    6    6   55   77  144
 29  128   46   46   85    4   43   43   85   46   46   73   60   27   27  122
 81  129   28                                                               39
 18  130   99    5   53   36   63   63   53    5    5    5   85   68   67   43
 82  131   13                                                               12
 90  132  120   40   60   29   81   81   60   40   40    2   80   67   39   20
122  133  135                                                               73
113  134  141                                                               37
155  135   60   42   86    3   88   88   86   42   42   84   16   47        62
 79  136   55                                                               57
 38  137  104   76   20   69   60   60   20   76   76   88   66   50   55   56
159  138   19                                                               96
148  139   95                                                               28
156  140   92                                                               30
 98  141   75                                                                9
121  142   98                                                                1
 23  143  121   85   55   34    6    6   55   85   85    1   53   57   73  138
118  144  147                                                               48
112  145   41                                                              150
123  146   76                                                               75
136  147    2                                                               32
 84  148   71                                                              125
 47  149  153   24   67   22   64   64   67   24   24   67   42   15   15   16
157  150   15                                                               45
 97  151   45                                                               44
 36  152   64   73   41   48   53   53   41   73   73   26   87   84   64  154
 22  153   77   27   43   46   74   74   43   27   27    7   10   72   44   14
 66  154   14   38   46   43   39   39   46   38   38   20   23   31   22   67
 34  155  148   26   71   18   23   23   71   26   26    8   24   23   25   25
 17  156  105   29   22   67   69   69   22   29   29   33   88   42    8   15
 78  157   27                                                              136
 65  158   43   21   82    7   13   13   82   21   21   35   46   18   66  159
 62  159  136   17   23   66   50   50   23   17   17   48   73   71   78   21
120  160   37   77   15   74   66   66   15   77   77   58   15   46   34   64

=== ROW ORDER = rank(sha256_pubkey) ===
  n sha2 h160   Px   Py neg_  Y2p  X3p y2_f x3pl p_ca    r    s    z   Ry  sVH
------------------------------------------------------------------------------
 21    1   18   13   16   73   22   22   16   13   13   44   74   78    9  120
 68    2  132   16   11   78   77   77   11   16   16   32   13   16    4   36
  1    3   65   51   26   63   24   24   26   51   51   11   82   76   54  132
 56    4   36   28   80    9    5    5   80   28   28   41   68   38   29   27
 64    5   32    8   28   61   45   45   28    8    8   28   69   82   31    8
105    6   70   75    5   84   55   55    5   75   75   15   34   58   24   87
 18    7   99    5   53   36   63   63   53    5    5    5   85   68   67   43
 45    8  146   48   61   28   57   57   61   48   48   72   57   86   30  113
  7    9  134   62   66   23   76   76   66   62   62   69    9    9   52   89
 32   10   91    4   27   62   20   20   27    4    4   81   59   45   57   35
 31   11  125   56   24   65   10   10   24   56   56   39   51   63   11   88
 54   12  116   35    1   88    7    7    1   35   35   14   75   35    3  123
 25   13   22    1   64   25   61   61   64    1    1   12   78   56   40   54
 43   14  155   68   69   20   56   56   69   68   68   27   25    5   46   55
 19   15  140   54   25   64   68   68   25   54   54   17   55   79   32  131
 34   16  148   26   71   18   23   23   71   26   26    8   24   23   25   25
 57   17   25   67   42   47   44   44   42   67   67   83   63   44   56   41
 30   18  123    6   63   26   42   42   63    6    6   66    2   32   50  105
110   19    7    3    2   87   72   72    2    3    3   19   38    2   69   92
 11   20  154   58   12   77   21   21   12   58   58    9   84   14   49  155
 51   21  145   59   48   41   14   14   48   59   59   85   39   49   43    2
 59   22  102   30    8   81   37   37    8   30   30   53   11   17   61   84
 53   23   23    7   37   52   29   29   37    7    7   45   62    6   14  109
 95   24   51   63   58   31   12   12   58   63   63   78   44   40   21   80
115   25  139   32   39   50   46   46   39   32   32   55    5    1   47   91
140   26  160   15   88    1    8    8   88   15   15   80   21   88       118
 23   27  121   85   55   34    6    6   55   85   85    1   53   57   73  138
 85   28  117   18    9   80   26   26    9   18   18    4   81   29   62  124
  8   29  129    2   74   15   11   11   74    2    2   36    4   64   26   69
100   30  114   78   50   39   35   35   50   78   78   34   56   11   76   97
 61   31   56   34   75   14   67   67   75   34   34   38   12   81   38   60
  6   32  157   82   81    8   30   30   81   82   82   30    1   19   65  145
 35   33  149   84   54   35   28   28   54   84   84   29   86   53   60  153
 44   34   78   43   44   45   71   71   44   43   43   24   65   52   74  140
 48   35   80   61   32   57   85   85   32   61   61   59   14   80   68    4
 66   36   14   38   46   43   39   39   46   38   38   20   23   31   22   67
 90   37  120   40   60   29   81   81   60   40   40    2   80   67   39   20
 49   38    6   39   65   24   17   17   65   39   39   49   61   10    5  108
 46   39   90   87   59   30   34   34   59   87   87   64   79   43   17   71
 65   40   43   21   82    7   13   13   82   21   21   35   46   18   66  159
 14   41   88   74   45   44   19   19   45   74   74   70   58   41   58   19
 33   42   40   66    4   85    2    2    4   66   66   65   17   65   19  110
 36   43   64   73   41   48   53   53   41   73   73   26   87   84   64  154
 20   44  106   25   52   37   79   79   52   25   25   18   29   22   20  121
 10   45  124   69   77   12   27   27   77   69   69   56   41   24   51  135
160   46  138   79   68   21   78   78   68   79   79   40   30   62       101
 27   47    5   14    3   86    4    4    3   14   14   68   48    8   70   47
155   48   60   42   86    3   88   88   86   42   42   84   16   47        62
 52   49   29   50   79   10   40   40   79   50   50   43   54   73    6   10
 80   50   61   53   36   53   15   15   36   53   53   51   28   25   23   74
 40   51   86   65   47   42    9    9   47   65   65   75   40   60    7  146
130   52   94   44   62   27   58   58   62   44   44   57   19   51   45   93
 38   53  104   76   20   69   60   60   20   76   76   88   66   50   55   56
 22   54   77   27   43   46   74   74   43   27   27    7   10   72   44   14
 50   55  130   83   83    6   52   52   83   83   83   25   43   13   75   82
 62   56  136   17   23   66   50   50   23   17   17   48   73   71   78   21
  3   57   50   41   40   49   73   73   40   41   41   31   18   74   33   98
 60   58  118   33   72   17   36   36   72   33   33   77   67   61    1   40
120   59   37   77   15   74   66   66   15   77   77   58   15   46   34   64
150   60  131   11   87    2   16   16   87   11   11   87   32   66        58
 47   61  153   24   67   22   64   64   67   24   24   67   42   15   15   16
 67   62   63   10   84    5   38   38   84   10   10   42   76    4   41   79
 39   63    4   19   19   70   32   32   19   19   19   46    3   26   53   13
 28   64    9   80    7   82   49   49    7   80   80   79   71   21   81  160
  9   65   72   31   51   38    3    3   51   31   31    3   50    3   18   42
  4   66   87   20   31   58   62   62   31   20   20   62   70   69   13   33
 41   67  122   72   56   33   75   75   56   72   72   50   77   70   37  148
135   68   31   12   38   51   59   59   38   12   12   71   22   54        85
 37   69   17   52   34   55   84   84   34   52   52   63   36   39   48   86
 69   70   52   36   73   16   86   86   73   36   36    6    6   55   77  144
 29   71   46   46   85    4   43   43   85   46   46   73   60   27   27  122
 12   72   79   57   35   54   87   87   35   57   57   16   37   83   36  149
 63   73  144   45   30   59   80   80   30   45   45   76    8   12   10   23
 55   74  127   55   10   79   25   25   10   55   55   74   26   33    2  137
 15   75  159   88   70   19   65   65   70   88   88   61   83   28   16  100
 58   76   82    9   29   60   41   41   29    9    9   21   31   77   42   11
 16   77   62   64   49   40    1    1   49   64   64   60   52   48   63    6
 13   78  156   70   17   72   83   83   17   70   70   86   33   30   12   66
  5   79   84   23   18   71   51   51   18   23   23   47   35   20   28   78
 75   80  108   49   57   32   54   54   57   49   49   13   47   85   35  157
  2   81   73   86   21   68   82   82   21   86   86   37   64   59   80   46
 70   82   49   60   78   11   31   31   78   60   60   22   45   87   59   76
 24   83    3   47   76   13   48   48   76   47   47   52   20   36   72   51
145   84   47   71   33   56   33   33   33   71   71   54    7    7       102
125   85  151   22   14   75   70   70   14   22   22   10   72   37   79   38
 42   86   83   81   13   76   18   18   13   81   81   82   27   34   71  119
 17   87  105   29   22   67   69   69   22   29   29   33   88   42    8   15
 26   88  110   37    6   83   47   47    6   37   37   23   49   75   82   49
 71       150                                                               90
 72       109                                                               34
 73         8                                                              114
 74        93                                                               83
 76        81                                                               77
 77        67                                                               24
 78        27                                                              136
 79        55                                                               57
 81        28                                                               39
 82        13                                                               12
 83        16                                                               63
 84        71                                                              125
 86       112                                                                7
 87       158                                                              106
 88        30                                                               65
 89        48                                                              139
 91        89                                                              126
 92        54                                                              117
 93        35                                                               26
 94       113                                                               52
 96        20                                                              111
 97        45                                                               44
 98        75                                                                9
 99       111                                                               17
101        69                                                               31
102       152                                                              115
103        59                                                              158
104        85                                                              107
106        42                                                               94
107        21                                                              151
108       103                                                              133
109       101                                                              129
111        39                                                              147
112        41                                                              150
113       141                                                               37
114        34                                                               50
116       137                                                               81
117       115                                                               29
118       147                                                               48
119       100                                                               95
121        98                                                                1
122       135                                                               73
123        76                                                               75
124        66                                                              127
126        57                                                               70
127        97                                                              143
128       133                                                              112
129       107                                                              134
131        33                                                                5
132       119                                                               59
133         1                                                              156
134        10                                                              141
136         2                                                               32
137        26                                                              130
138        58                                                               22
139        96                                                               72
141        68                                                               61
142        24                                                              103
143        11                                                                3
144       142                                                              104
146       128                                                               18
147        44                                                               99
148        95                                                               28
149        74                                                              128
151        12                                                              142
152       126                                                               53
153        38                                                              152
154       143                                                              116
156        92                                                               30
157        15                                                               45
158        53                                                               68
159        19                                                               96

=== ROW ORDER = rank(h160_hamming) ===
  n h160 h160   Px   Py neg_  Y2p  X3p y2_f x3pl p_ca    r    s    z   Ry  sVH
------------------------------------------------------------------------------
137    1   26                                                              130
 78    2   27                                                              136
128    3  133                                                              112
  8    4  129    2   74   15   11   11   74    2    2   36    4   64   26   69
159    5   19                                                               96
 94    6  113                                                               52
 83    7   16                                                               63
111    8   39                                                              147
126    9   57                                                               70
 47   10  153   24   67   22   64   64   67   24   24   67   42   15   15   16
109   11  101                                                              129
122   12  135                                                               73
154   13  143                                                              116
 21   14   18   13   16   73   22   22   16   13   13   44   74   78    9  120
 46   15   90   87   59   30   34   34   59   87   87   64   79   43   17   71
 66   16   14   38   46   43   39   39   46   38   38   20   23   31   22   67
114   17   34                                                               50
130   18   94   44   62   27   58   58   62   44   44   57   19   51   45   93
 11   19  154   58   12   77   21   21   12   58   58    9   84   14   49  155
 15   20  159   88   70   19   65   65   70   88   88   61   83   28   16  100
 37   21   17   52   34   55   84   84   34   52   52   63   36   39   48   86
 89   22   48                                                              139
116   23  137                                                               81
 95   24   51   63   58   31   12   12   58   63   63   78   44   40   21   80
101   25   69                                                               31
110   26    7    3    2   87   72   72    2    3    3   19   38    2   69   92
112   27   41                                                              150
118   28  147                                                               48
129   29  107                                                              134
 24   30    3   47   76   13   48   48   76   47   47   52   20   36   72   51
 43   31  155   68   69   20   56   56   69   68   68   27   25    5   46   55
 53   32   23    7   37   52   29   29   37    7    7   45   62    6   14  109
 77   33   67                                                               24
 90   34  120   40   60   29   81   81   60   40   40    2   80   67   39   20
102   35  152                                                              115
131   36   33                                                                5
138   37   58                                                               22
 39   38    4   19   19   70   32   32   19   19   19   46    3   26   53   13
 40   39   86   65   47   42    9    9   47   65   65   75   40   60    7  146
106   40   42                                                               94
119   41  100                                                               95
124   42   66                                                              127
133   43    1                                                              156
  1   44   65   51   26   63   24   24   26   51   51   11   82   76   54  132
  7   45  134   62   66   23   76   76   66   62   62   69    9    9   52   89
 12   46   79   57   35   54   87   87   35   57   57   16   37   83   36  149
 13   47  156   70   17   72   83   83   17   70   70   86   33   30   12   66
 30   48  123    6   63   26   42   42   63    6    6   66    2   32   50  105
 44   49   78   43   44   45   71   71   44   43   43   24   65   52   74  140
 64   50   32    8   28   61   45   45   28    8    8   28   69   82   31    8
 69   51   52   36   73   16   86   86   73   36   36    6    6   55   77  144
 70   52   49   60   78   11   31   31   78   60   60   22   45   87   59   76
 82   53   13                                                               12
 86   54  112                                                                7
127   55   97                                                              143
151   56   12                                                              142
156   57   92                                                               30
 18   58   99    5   53   36   63   63   53    5    5    5   85   68   67   43
 58   59   82    9   29   60   41   41   29    9    9   21   31   77   42   11
 61   60   56   34   75   14   67   67   75   34   34   38   12   81   38   60
 84   61   71                                                              125
 85   62  117   18    9   80   26   26    9   18   18    4   81   29   62  124
 87   63  158                                                              106
148   64   95                                                               28
 14   65   88   74   45   44   19   19   45   74   74   70   58   41   58   19
 20   66  106   25   52   37   79   79   52   25   25   18   29   22   20  121
 25   67   22    1   64   25   61   61   64    1    1   12   78   56   40   54
 28   68    9   80    7   82   49   49    7   80   80   79   71   21   81  160
 42   69   83   81   13   76   18   18   13   81   81   82   27   34   71  119
 56   70   36   28   80    9    5    5   80   28   28   41   68   38   29   27
 57   71   25   67   42   47   44   44   42   67   67   83   63   44   56   41
 62   72  136   17   23   66   50   50   23   17   17   48   73   71   78   21
 92   73   54                                                              117
113   74  141                                                               37
144   75  142                                                              104
158   76   53                                                               68
 10   77  124   69   77   12   27   27   77   69   69   56   41   24   51  135
 26   78  110   37    6   83   47   47    6   37   37   23   49   75   82   49
 59   79  102   30    8   81   37   37    8   30   30   53   11   17   61   84
107   80   21                                                              151
121   81   98                                                                1
136   82    2                                                               32
145   83   47   71   33   56   33   33   33   71   71   54    7    7       102
146   84  128                                                               18
160   85  138   79   68   21   78   78   68   79   79   40   30   62       101
 23   86  121   85   55   34    6    6   55   85   85    1   53   57   73  138
 32   87   91    4   27   62   20   20   27    4    4   81   59   45   57   35
 36   88   64   73   41   48   53   53   41   73   73   26   87   84   64  154
 38   89  104   76   20   69   60   60   20   76   76   88   66   50   55   56
 45   90  146   48   61   28   57   57   61   48   48   72   57   86   30  113
 65   91   43   21   82    7   13   13   82   21   21   35   46   18   66  159
 81   92   28                                                               39
117   93  115                                                               29
120   94   37   77   15   74   66   66   15   77   77   58   15   46   34   64
125   95  151   22   14   75   70   70   14   22   22   10   72   37   79   38
135   96   31   12   38   51   59   59   38   12   12   71   22   54        85
143   97   11                                                                3
157   98   15                                                               45
  4   99   87   20   31   58   62   62   31   20   20   62   70   69   13   33
 22  100   77   27   43   46   74   74   43   27   27    7   10   72   44   14
 67  101   63   10   84    5   38   38   84   10   10   42   76    4   41   79
 76  102   81                                                               77
 93  103   35                                                               26
 96  104   20                                                              111
123  105   76                                                               75
134  106   10                                                              141
  9  107   72   31   51   38    3    3   51   31   31    3   50    3   18   42
 27  108    5   14    3   86    4    4    3   14   14   68   48    8   70   47
 29  109   46   46   85    4   43   43   85   46   46   73   60   27   27  122
 50  110  130   83   83    6   52   52   83   83   83   25   43   13   75   82
 60  111  118   33   72   17   36   36   72   33   33   77   67   61    1   40
 79  112   55                                                               57
132  113  119                                                               59
  6  114  157   82   81    8   30   30   81   82   82   30    1   19   65  145
 41  115  122   72   56   33   75   75   56   72   72   50   77   70   37  148
 48  116   80   61   32   57   85   85   32   61   61   59   14   80   68    4
 52  117   29   50   79   10   40   40   79   50   50   43   54   73    6   10
 54  118  116   35    1   88    7    7    1   35   35   14   75   35    3  123
 73  119    8                                                              114
 91  120   89                                                              126
108  121  103                                                              133
  2  122   73   86   21   68   82   82   21   86   86   37   64   59   80   46
 17  123  105   29   22   67   69   69   22   29   29   33   88   42    8   15
 63  124  144   45   30   59   80   80   30   45   45   76    8   12   10   23
150  125  131   11   87    2   16   16   87   11   11   87   32   66        58
 68  126  132   16   11   78   77   77   11   16   16   32   13   16    4   36
 71  127  150                                                               90
 72  128  109                                                               34
 75  129  108   49   57   32   54   54   57   49   49   13   47   85   35  157
 88  130   30                                                               65
103  131   59                                                              158
104  132   85                                                              107
139  133   96                                                               72
147  134   44                                                               99
149  135   74                                                              128
152  136  126                                                               53
  5  137   84   23   18   71   51   51   18   23   23   47   35   20   28   78
 34  138  148   26   71   18   23   23   71   26   26    8   24   23   25   25
 35  139  149   84   54   35   28   28   54   84   84   29   86   53   60  153
 74  140   93                                                               83
105  141   70   75    5   84   55   55    5   75   75   15   34   58   24   87
 31  142  125   56   24   65   10   10   24   56   56   39   51   63   11   88
 33  143   40   66    4   85    2    2    4   66   66   65   17   65   19  110
 49  144    6   39   65   24   17   17   65   39   39   49   61   10    5  108
 55  145  127   55   10   79   25   25   10   55   55   74   26   33    2  137
 99  146  111                                                               17
100  147  114   78   50   39   35   35   50   78   78   34   56   11   76   97
155  148   60   42   86    3   88   88   86   42   42   84   16   47        62
115  149  139   32   39   50   46   46   39   32   32   55    5    1   47   91
  3  150   50   41   40   49   73   73   40   41   41   31   18   74   33   98
 80  151   61   53   36   53   15   15   36   53   53   51   28   25   23   74
141  152   68                                                               61
 19  153  140   54   25   64   68   68   25   54   54   17   55   79   32  131
 51  154  145   59   48   41   14   14   48   59   59   85   39   49   43    2
140  155  160   15   88    1    8    8   88   15   15   80   21   88       118
142  156   24                                                              103
 16  157   62   64   49   40    1    1   49   64   64   60   52   48   63    6
 97  158   45                                                               44
 98  159   75                                                                9
153  160   38                                                              152

=== ROW ORDER = rank(s_inv_z_mod_N) ===
  n s_in h160   Px   Py neg_  Y2p  X3p y2_f x3pl p_ca    r    s    z   Ry  sVH
------------------------------------------------------------------------------
 26    1  110   37    6   83   47   47    6   37   37   23   49   75   82   49
 44    2   78   43   44   45   71   71   44   43   43   24   65   52   74  140
 68    3  132   16   11   78   77   77   11   16   16   32   13   16    4   36
 36    4   64   73   41   48   53   53   41   73   73   26   87   84   64  154
  6    5  157   82   81    8   30   30   81   82   82   30    1   19   65  145
110    6    7    3    2   87   72   72    2    3    3   19   38    2   69   92
 34    7  148   26   71   18   23   23   71   26   26    8   24   23   25   25
 62    8  136   17   23   66   50   50   23   17   17   48   73   71   78   21
 51    9  145   59   48   41   14   14   48   59   59   85   39   49   43    2
 54   10  116   35    1   88    7    7    1   35   35   14   75   35    3  123
 21   11   18   13   16   73   22   22   16   13   13   44   74   78    9  120
 66   12   14   38   46   43   39   39   46   38   38   20   23   31   22   67
 22   13   77   27   43   46   74   74   43   27   27    7   10   72   44   14
 12   14   79   57   35   54   87   87   35   57   57   16   37   83   36  149
 57   15   25   67   42   47   44   44   42   67   67   83   63   44   56   41
  3   16   50   41   40   49   73   73   40   41   41   31   18   74   33   98
 70   17   49   60   78   11   31   31   78   60   60   22   45   87   59   76
  7   18  134   62   66   23   76   76   66   62   62   69    9    9   52   89
130   19   94   44   62   27   58   58   62   44   44   57   19   51   45   93
 65   20   43   21   82    7   13   13   82   21   21   35   46   18   66  159
145   21   47   71   33   56   33   33   33   71   71   54    7    7       102
 61   22   56   34   75   14   67   67   75   34   34   38   12   81   38   60
 19   23  140   54   25   64   68   68   25   54   54   17   55   79   32  131
 55   24  127   55   10   79   25   25   10   55   55   74   26   33    2  137
 48   25   80   61   32   57   85   85   32   61   61   59   14   80   68    4
 67   26   63   10   84    5   38   38   84   10   10   42   76    4   41   79
  2   27   73   86   21   68   82   82   21   86   86   37   64   59   80   46
 32   28   91    4   27   62   20   20   27    4    4   81   59   45   57   35
 52   29   29   50   79   10   40   40   79   50   50   43   54   73    6   10
 39   30    4   19   19   70   32   32   19   19   19   46    3   26   53   13
 56   31   36   28   80    9    5    5   80   28   28   41   68   38   29   27
150   32  131   11   87    2   16   16   87   11   11   87   32   66        58
 60   33  118   33   72   17   36   36   72   33   33   77   67   61    1   40
 63   34  144   45   30   59   80   80   30   45   45   76    8   12   10   23
 31   35  125   56   24   65   10   10   24   56   56   39   51   63   11   88
 80   36   61   53   36   53   15   15   36   53   53   51   28   25   23   74
 27   37    5   14    3   86    4    4    3   14   14   68   48    8   70   47
 20   38  106   25   52   37   79   79   52   25   25   18   29   22   20  121
 58   39   82    9   29   60   41   41   29    9    9   21   31   77   42   11
 53   40   23    7   37   52   29   29   37    7    7   45   62    6   14  109
 28   41    9   80    7   82   49   49    7   80   80   79   71   21   81  160
 69   42   52   36   73   16   86   86   73   36   36    6    6   55   77  144
  8   43  129    2   74   15   11   11   74    2    2   36    4   64   26   69
 35   44  149   84   54   35   28   28   54   84   84   29   86   53   60  153
 42   45   83   81   13   76   18   18   13   81   81   82   27   34   71  119
 46   46   90   87   59   30   34   34   59   87   87   64   79   43   17   71
 13   47  156   70   17   72   83   83   17   70   70   86   33   30   12   66
  1   48   65   51   26   63   24   24   26   51   51   11   82   76   54  132
 23   49  121   85   55   34    6    6   55   85   85    1   53   57   73  138
100   50  114   78   50   39   35   35   50   78   78   34   56   11   76   97
 47   51  153   24   67   22   64   64   67   24   24   67   42   15   15   16
105   52   70   75    5   84   55   55    5   75   75   15   34   58   24   87
 14   53   88   74   45   44   19   19   45   74   74   70   58   41   58   19
 18   54   99    5   53   36   63   63   53    5    5    5   85   68   67   43
 38   55  104   76   20   69   60   60   20   76   76   88   66   50   55   56
 17   56  105   29   22   67   69   69   22   29   29   33   88   42    8   15
 40   57   86   65   47   42    9    9   47   65   65   75   40   60    7  146
 90   58  120   40   60   29   81   81   60   40   40    2   80   67   39   20
 30   59  123    6   63   26   42   42   63    6    6   66    2   32   50  105
 41   60  122   72   56   33   75   75   56   72   72   50   77   70   37  148
  5   61   84   23   18   71   51   51   18   23   23   47   35   20   28   78
115   62  139   32   39   50   46   46   39   32   32   55    5    1   47   91
  4   63   87   20   31   58   62   62   31   20   20   62   70   69   13   33
125   64  151   22   14   75   70   70   14   22   22   10   72   37   79   38
 85   65  117   18    9   80   26   26    9   18   18    4   81   29   62  124
 10   66  124   69   77   12   27   27   77   69   69   56   41   24   51  135
 11   67  154   58   12   77   21   21   12   58   58    9   84   14   49  155
 75   68  108   49   57   32   54   54   57   49   49   13   47   85   35  157
 64   69   32    8   28   61   45   45   28    8    8   28   69   82   31    8
 24   70    3   47   76   13   48   48   76   47   47   52   20   36   72   51
135   71   31   12   38   51   59   59   38   12   12   71   22   54        85
160   72  138   79   68   21   78   78   68   79   79   40   30   62       101
 33   73   40   66    4   85    2    2    4   66   66   65   17   65   19  110
  9   74   72   31   51   38    3    3   51   31   31    3   50    3   18   42
 15   75  159   88   70   19   65   65   70   88   88   61   83   28   16  100
 25   76   22    1   64   25   61   61   64    1    1   12   78   56   40   54
 37   77   17   52   34   55   84   84   34   52   52   63   36   39   48   86
120   78   37   77   15   74   66   66   15   77   77   58   15   46   34   64
 29   79   46   46   85    4   43   43   85   46   46   73   60   27   27  122
 59   80  102   30    8   81   37   37    8   30   30   53   11   17   61   84
 49   81    6   39   65   24   17   17   65   39   39   49   61   10    5  108
 43   82  155   68   69   20   56   56   69   68   68   27   25    5   46   55
 95   83   51   63   58   31   12   12   58   63   63   78   44   40   21   80
155   84   60   42   86    3   88   88   86   42   42   84   16   47        62
 16   85   62   64   49   40    1    1   49   64   64   60   52   48   63    6
 45   86  146   48   61   28   57   57   61   48   48   72   57   86   30  113
 50   87  130   83   83    6   52   52   83   83   83   25   43   13   75   82
140   88  160   15   88    1    8    8   88   15   15   80   21   88       118
 71       150                                                               90
 72       109                                                               34
 73         8                                                              114
 74        93                                                               83
 76        81                                                               77
 77        67                                                               24
 78        27                                                              136
 79        55                                                               57
 81        28                                                               39
 82        13                                                               12
 83        16                                                               63
 84        71                                                              125
 86       112                                                                7
 87       158                                                              106
 88        30                                                               65
 89        48                                                              139
 91        89                                                              126
 92        54                                                              117
 93        35                                                               26
 94       113                                                               52
 96        20                                                              111
 97        45                                                               44
 98        75                                                                9
 99       111                                                               17
101        69                                                               31
102       152                                                              115
103        59                                                              158
104        85                                                              107
106        42                                                               94
107        21                                                              151
108       103                                                              133
109       101                                                              129
111        39                                                              147
112        41                                                              150
113       141                                                               37
114        34                                                               50
116       137                                                               81
117       115                                                               29
118       147                                                               48
119       100                                                               95
121        98                                                                1
122       135                                                               73
123        76                                                               75
124        66                                                              127
126        57                                                               70
127        97                                                              143
128       133                                                              112
129       107                                                              134
131        33                                                                5
132       119                                                               59
133         1                                                              156
134        10                                                              141
136         2                                                               32
137        26                                                              130
138        58                                                               22
139        96                                                               72
141        68                                                               61
142        24                                                              103
143        11                                                                3
144       142                                                              104
146       128                                                               18
147        44                                                               99
148        95                                                               28
149        74                                                              128
151        12                                                              142
152       126                                                               53
153        38                                                              152
154       143                                                              116
156        92                                                               30
157        15                                                               45
158        53                                                               68
159        19                                                               96

=== ROW ORDER = rank(s_inv_mod_N) ===
  n s_in h160   Px   Py neg_  Y2p  X3p y2_f x3pl p_ca    r    s    z   Ry  sVH
------------------------------------------------------------------------------
 95    1   51   63   58   31   12   12   58   63   63   78   44   40   21   80
 70    2   49   60   78   11   31   31   78   60   60   22   45   87   59   76
 30    3  123    6   63   26   42   42   63    6    6   66    2   32   50  105
 54    4  116   35    1   88    7    7    1   35   35   14   75   35    3  123
 59    5  102   30    8   81   37   37    8   30   30   53   11   17   61   84
 47    6  153   24   67   22   64   64   67   24   24   67   42   15   15   16
 12    7   79   57   35   54   87   87   35   57   57   16   37   83   36  149
 43    8  155   68   69   20   56   56   69   68   68   27   25    5   46   55
 21    9   18   13   16   73   22   22   16   13   13   44   74   78    9  120
 19   10  140   54   25   64   68   68   25   54   54   17   55   79   32  131
 62   11  136   17   23   66   50   50   23   17   17   48   73   71   78   21
120   12   37   77   15   74   66   66   15   77   77   58   15   46   34   64
 27   13    5   14    3   86    4    4    3   14   14   68   48    8   70   47
 16   14   62   64   49   40    1    1   49   64   64   60   52   48   63    6
 45   15  146   48   61   28   57   57   61   48   48   72   57   86   30  113
 22   16   77   27   43   46   74   74   43   27   27    7   10   72   44   14
  7   17  134   62   66   23   76   76   66   62   62   69    9    9   52   89
 46   18   90   87   59   30   34   34   59   87   87   64   79   43   17   71
 41   19  122   72   56   33   75   75   56   72   72   50   77   70   37  148
 35   20  149   84   54   35   28   28   54   84   84   29   86   53   60  153
 13   21  156   70   17   72   83   83   17   70   70   86   33   30   12   66
130   22   94   44   62   27   58   58   62   44   44   57   19   51   45   93
 69   23   52   36   73   16   86   86   73   36   36    6    6   55   77  144
125   24  151   22   14   75   70   70   14   22   22   10   72   37   79   38
 31   25  125   56   24   65   10   10   24   56   56   39   51   63   11   88
 64   26   32    8   28   61   45   45   28    8    8   28   69   82   31    8
 65   27   43   21   82    7   13   13   82   21   21   35   46   18   66  159
160   28  138   79   68   21   78   78   68   79   79   40   30   62       101
  1   29   65   51   26   63   24   24   26   51   51   11   82   76   54  132
  2   30   73   86   21   68   82   82   21   86   86   37   64   59   80   46
  5   31   84   23   18   71   51   51   18   23   23   47   35   20   28   78
 67   32   63   10   84    5   38   38   84   10   10   42   76    4   41   79
 61   33   56   34   75   14   67   67   75   34   34   38   12   81   38   60
 66   34   14   38   46   43   39   39   46   38   38   20   23   31   22   67
 48   35   80   61   32   57   85   85   32   61   61   59   14   80   68    4
 39   36    4   19   19   70   32   32   19   19   19   46    3   26   53   13
 53   37   23    7   37   52   29   29   37    7    7   45   62    6   14  109
 29   38   46   46   85    4   43   43   85   46   46   73   60   27   27  122
  8   39  129    2   74   15   11   11   74    2    2   36    4   64   26   69
 42   40   83   81   13   76   18   18   13   81   81   82   27   34   71  119
 25   41   22    1   64   25   61   61   64    1    1   12   78   56   40   54
155   42   60   42   86    3   88   88   86   42   42   84   16   47        62
 58   43   82    9   29   60   41   41   29    9    9   21   31   77   42   11
 63   44  144   45   30   59   80   80   30   45   45   76    8   12   10   23
  3   45   50   41   40   49   73   73   40   41   41   31   18   74   33   98
150   46  131   11   87    2   16   16   87   11   11   87   32   66        58
 80   47   61   53   36   53   15   15   36   53   53   51   28   25   23   74
 56   48   36   28   80    9    5    5   80   28   28   41   68   38   29   27
105   49   70   75    5   84   55   55    5   75   75   15   34   58   24   87
 60   50  118   33   72   17   36   36   72   33   33   77   67   61    1   40
 37   51   17   52   34   55   84   84   34   52   52   63   36   39   48   86
 90   52  120   40   60   29   81   81   60   40   40    2   80   67   39   20
 20   53  106   25   52   37   79   79   52   25   25   18   29   22   20  121
 23   54  121   85   55   34    6    6   55   85   85    1   53   57   73  138
 51   55  145   59   48   41   14   14   48   59   59   85   39   49   43    2
 17   56  105   29   22   67   69   69   22   29   29   33   88   42    8   15
 57   57   25   67   42   47   44   44   42   67   67   83   63   44   56   41
115   58  139   32   39   50   46   46   39   32   32   55    5    1   47   91
 10   59  124   69   77   12   27   27   77   69   69   56   41   24   51  135
  4   60   87   20   31   58   62   62   31   20   20   62   70   69   13   33
 55   61  127   55   10   79   25   25   10   55   55   74   26   33    2  137
 32   62   91    4   27   62   20   20   27    4    4   81   59   45   57   35
 34   63  148   26   71   18   23   23   71   26   26    8   24   23   25   25
 24   64    3   47   76   13   48   48   76   47   47   52   20   36   72   51
 44   65   78   43   44   45   71   71   44   43   43   24   65   52   74  140
110   66    7    3    2   87   72   72    2    3    3   19   38    2   69   92
140   67  160   15   88    1    8    8   88   15   15   80   21   88       118
 11   68  154   58   12   77   21   21   12   58   58    9   84   14   49  155
 75   69  108   49   57   32   54   54   57   49   49   13   47   85   35  157
 14   70   88   74   45   44   19   19   45   74   74   70   58   41   58   19
145   71   47   71   33   56   33   33   33   71   71   54    7    7       102
 49   72    6   39   65   24   17   17   65   39   39   49   61   10    5  108
 85   73  117   18    9   80   26   26    9   18   18    4   81   29   62  124
100   74  114   78   50   39   35   35   50   78   78   34   56   11   76   97
 68   75  132   16   11   78   77   77   11   16   16   32   13   16    4   36
 40   76   86   65   47   42    9    9   47   65   65   75   40   60    7  146
 52   77   29   50   79   10   40   40   79   50   50   43   54   73    6   10
 26   78  110   37    6   83   47   47    6   37   37   23   49   75   82   49
 15   79  159   88   70   19   65   65   70   88   88   61   83   28   16  100
 28   80    9   80    7   82   49   49    7   80   80   79   71   21   81  160
 18   81   99    5   53   36   63   63   53    5    5    5   85   68   67   43
135   82   31   12   38   51   59   59   38   12   12   71   22   54        85
  9   83   72   31   51   38    3    3   51   31   31    3   50    3   18   42
 36   84   64   73   41   48   53   53   41   73   73   26   87   84   64  154
 33   85   40   66    4   85    2    2    4   66   66   65   17   65   19  110
  6   86  157   82   81    8   30   30   81   82   82   30    1   19   65  145
 38   87  104   76   20   69   60   60   20   76   76   88   66   50   55   56
 50   88  130   83   83    6   52   52   83   83   83   25   43   13   75   82
 71       150                                                               90
 72       109                                                               34
 73         8                                                              114
 74        93                                                               83
 76        81                                                               77
 77        67                                                               24
 78        27                                                              136
 79        55                                                               57
 81        28                                                               39
 82        13                                                               12
 83        16                                                               63
 84        71                                                              125
 86       112                                                                7
 87       158                                                              106
 88        30                                                               65
 89        48                                                              139
 91        89                                                              126
 92        54                                                              117
 93        35                                                               26
 94       113                                                               52
 96        20                                                              111
 97        45                                                               44
 98        75                                                                9
 99       111                                                               17
101        69                                                               31
102       152                                                              115
103        59                                                              158
104        85                                                              107
106        42                                                               94
107        21                                                              151
108       103                                                              133
109       101                                                              129
111        39                                                              147
112        41                                                              150
113       141                                                               37
114        34                                                               50
116       137                                                               81
117       115                                                               29
118       147                                                               48
119       100                                                               95
121        98                                                                1
122       135                                                               73
123        76                                                               75
124        66                                                              127
126        57                                                               70
127        97                                                              143
128       133                                                              112
129       107                                                              134
131        33                                                                5
132       119                                                               59
133         1                                                              156
134        10                                                              141
136         2                                                               32
137        26                                                              130
138        58                                                               22
139        96                                                               72
141        68                                                               61
142        24                                                              103
143        11                                                                3
144       142                                                              104
146       128                                                               18
147        44                                                               99
148        95                                                               28
149        74                                                              128
151        12                                                              142
152       126                                                               53
153        38                                                              152
154       143                                                              116
156        92                                                               30
157        15                                                               45
158        53                                                               68
159        19                                                               96

=== ROW ORDER = rank(Delta_mod_N) ===
  n Delt h160   Px   Py neg_  Y2p  X3p y2_f x3pl p_ca    r    s    z   Ry  sVH
------------------------------------------------------------------------------
  1    1   65   51   26   63   24   24   26   51   51   11   82   76   54  132
  2    2   73   86   21   68   82   82   21   86   86   37   64   59   80   46
  3    3   50   41   40   49   73   73   40   41   41   31   18   74   33   98
  4    4   87   20   31   58   62   62   31   20   20   62   70   69   13   33
  5    5   84   23   18   71   51   51   18   23   23   47   35   20   28   78
  6    6  157   82   81    8   30   30   81   82   82   30    1   19   65  145
  7    7  134   62   66   23   76   76   66   62   62   69    9    9   52   89
  8    8  129    2   74   15   11   11   74    2    2   36    4   64   26   69
  9    9   72   31   51   38    3    3   51   31   31    3   50    3   18   42
 10   10  124   69   77   12   27   27   77   69   69   56   41   24   51  135
 11   11  154   58   12   77   21   21   12   58   58    9   84   14   49  155
 12   12   79   57   35   54   87   87   35   57   57   16   37   83   36  149
 13   13  156   70   17   72   83   83   17   70   70   86   33   30   12   66
 14   14   88   74   45   44   19   19   45   74   74   70   58   41   58   19
 15   15  159   88   70   19   65   65   70   88   88   61   83   28   16  100
 16   16   62   64   49   40    1    1   49   64   64   60   52   48   63    6
 17   17  105   29   22   67   69   69   22   29   29   33   88   42    8   15
 18   18   99    5   53   36   63   63   53    5    5    5   85   68   67   43
 19   19  140   54   25   64   68   68   25   54   54   17   55   79   32  131
 20   20  106   25   52   37   79   79   52   25   25   18   29   22   20  121
 21   21   18   13   16   73   22   22   16   13   13   44   74   78    9  120
 22   22   77   27   43   46   74   74   43   27   27    7   10   72   44   14
 23   23  121   85   55   34    6    6   55   85   85    1   53   57   73  138
 24   24    3   47   76   13   48   48   76   47   47   52   20   36   72   51
 25   25   22    1   64   25   61   61   64    1    1   12   78   56   40   54
 26   26  110   37    6   83   47   47    6   37   37   23   49   75   82   49
 27   27    5   14    3   86    4    4    3   14   14   68   48    8   70   47
 28   28    9   80    7   82   49   49    7   80   80   79   71   21   81  160
 29   29   46   46   85    4   43   43   85   46   46   73   60   27   27  122
 30   30  123    6   63   26   42   42   63    6    6   66    2   32   50  105
 31   31  125   56   24   65   10   10   24   56   56   39   51   63   11   88
 32   32   91    4   27   62   20   20   27    4    4   81   59   45   57   35
 33   33   40   66    4   85    2    2    4   66   66   65   17   65   19  110
 34   34  148   26   71   18   23   23   71   26   26    8   24   23   25   25
 35   35  149   84   54   35   28   28   54   84   84   29   86   53   60  153
 36   36   64   73   41   48   53   53   41   73   73   26   87   84   64  154
 37   37   17   52   34   55   84   84   34   52   52   63   36   39   48   86
 38   38  104   76   20   69   60   60   20   76   76   88   66   50   55   56
 39   39    4   19   19   70   32   32   19   19   19   46    3   26   53   13
 40   40   86   65   47   42    9    9   47   65   65   75   40   60    7  146
 41   41  122   72   56   33   75   75   56   72   72   50   77   70   37  148
 42   42   83   81   13   76   18   18   13   81   81   82   27   34   71  119
 43   43  155   68   69   20   56   56   69   68   68   27   25    5   46   55
 44   44   78   43   44   45   71   71   44   43   43   24   65   52   74  140
 45   45  146   48   61   28   57   57   61   48   48   72   57   86   30  113
 46   46   90   87   59   30   34   34   59   87   87   64   79   43   17   71
 47   47  153   24   67   22   64   64   67   24   24   67   42   15   15   16
 48   48   80   61   32   57   85   85   32   61   61   59   14   80   68    4
 49   49    6   39   65   24   17   17   65   39   39   49   61   10    5  108
 50   50  130   83   83    6   52   52   83   83   83   25   43   13   75   82
 51   51  145   59   48   41   14   14   48   59   59   85   39   49   43    2
 52   52   29   50   79   10   40   40   79   50   50   43   54   73    6   10
 53   53   23    7   37   52   29   29   37    7    7   45   62    6   14  109
 54   54  116   35    1   88    7    7    1   35   35   14   75   35    3  123
 55   55  127   55   10   79   25   25   10   55   55   74   26   33    2  137
 56   56   36   28   80    9    5    5   80   28   28   41   68   38   29   27
 57   57   25   67   42   47   44   44   42   67   67   83   63   44   56   41
 58   58   82    9   29   60   41   41   29    9    9   21   31   77   42   11
 59   59  102   30    8   81   37   37    8   30   30   53   11   17   61   84
 60   60  118   33   72   17   36   36   72   33   33   77   67   61    1   40
 61   61   56   34   75   14   67   67   75   34   34   38   12   81   38   60
 62   62  136   17   23   66   50   50   23   17   17   48   73   71   78   21
 63   63  144   45   30   59   80   80   30   45   45   76    8   12   10   23
 64   64   32    8   28   61   45   45   28    8    8   28   69   82   31    8
 65   65   43   21   82    7   13   13   82   21   21   35   46   18   66  159
 66   66   14   38   46   43   39   39   46   38   38   20   23   31   22   67
 67   67   63   10   84    5   38   38   84   10   10   42   76    4   41   79
 68   68  132   16   11   78   77   77   11   16   16   32   13   16    4   36
 69   69   52   36   73   16   86   86   73   36   36    6    6   55   77  144
 70   70   49   60   78   11   31   31   78   60   60   22   45   87   59   76
 75   71  108   49   57   32   54   54   57   49   49   13   47   85   35  157
 80   72   61   53   36   53   15   15   36   53   53   51   28   25   23   74
 85   73  117   18    9   80   26   26    9   18   18    4   81   29   62  124
 90   74  120   40   60   29   81   81   60   40   40    2   80   67   39   20
 95   75   51   63   58   31   12   12   58   63   63   78   44   40   21   80
100   76  114   78   50   39   35   35   50   78   78   34   56   11   76   97
105   77   70   75    5   84   55   55    5   75   75   15   34   58   24   87
110   78    7    3    2   87   72   72    2    3    3   19   38    2   69   92
115   79  139   32   39   50   46   46   39   32   32   55    5    1   47   91
120   80   37   77   15   74   66   66   15   77   77   58   15   46   34   64
125   81  151   22   14   75   70   70   14   22   22   10   72   37   79   38
130   82   94   44   62   27   58   58   62   44   44   57   19   51   45   93
135   83   31   12   38   51   59   59   38   12   12   71   22   54        85
140   84  160   15   88    1    8    8   88   15   15   80   21   88       118
145   85   47   71   33   56   33   33   33   71   71   54    7    7       102
150   86  131   11   87    2   16   16   87   11   11   87   32   66        58
155   87   60   42   86    3   88   88   86   42   42   84   16   47        62
160   88  138   79   68   21   78   78   68   79   79   40   30   62       101
 71       150                                                               90
 72       109                                                               34
 73         8                                                              114
 74        93                                                               83
 76        81                                                               77
 77        67                                                               24
 78        27                                                              136
 79        55                                                               57
 81        28                                                               39
 82        13                                                               12
 83        16                                                               63
 84        71                                                              125
 86       112                                                                7
 87       158                                                              106
 88        30                                                               65
 89        48                                                              139
 91        89                                                              126
 92        54                                                              117
 93        35                                                               26
 94       113                                                               52
 96        20                                                              111
 97        45                                                               44
 98        75                                                                9
 99       111                                                               17
101        69                                                               31
102       152                                                              115
103        59                                                              158
104        85                                                              107
106        42                                                               94
107        21                                                              151
108       103                                                              133
109       101                                                              129
111        39                                                              147
112        41                                                              150
113       141                                                               37
114        34                                                               50
116       137                                                               81
117       115                                                               29
118       147                                                               48
119       100                                                               95
121        98                                                                1
122       135                                                               73
123        76                                                               75
124        66                                                              127
126        57                                                               70
127        97                                                              143
128       133                                                              112
129       107                                                              134
131        33                                                                5
132       119                                                               59
133         1                                                              156
134        10                                                              141
136         2                                                               32
137        26                                                              130
138        58                                                               22
139        96                                                               72
141        68                                                               61
142        24                                                              103
143        11                                                                3
144       142                                                              104
146       128                                                               18
147        44                                                               99
148        95                                                               28
149        74                                                              128
151        12                                                              142
152       126                                                               53
153        38                                                              152
154       143                                                              116
156        92                                                               30
157        15                                                               45
158        53                                                               68
159        19                                                               96

=== ROW ORDER = rank(Delta_full_over_p) ===
  n Delt h160   Px   Py neg_  Y2p  X3p y2_f x3pl p_ca    r    s    z   Ry  sVH
------------------------------------------------------------------------------
 25    1   22    1   64   25   61   61   64    1    1   12   78   56   40   54
  8    2  129    2   74   15   11   11   74    2    2   36    4   64   26   69
110    3    7    3    2   87   72   72    2    3    3   19   38    2   69   92
 32    4   91    4   27   62   20   20   27    4    4   81   59   45   57   35
 18    5   99    5   53   36   63   63   53    5    5    5   85   68   67   43
 30    6  123    6   63   26   42   42   63    6    6   66    2   32   50  105
 53    7   23    7   37   52   29   29   37    7    7   45   62    6   14  109
 64    8   32    8   28   61   45   45   28    8    8   28   69   82   31    8
 58    9   82    9   29   60   41   41   29    9    9   21   31   77   42   11
 67   10   63   10   84    5   38   38   84   10   10   42   76    4   41   79
150   11  131   11   87    2   16   16   87   11   11   87   32   66        58
135   12   31   12   38   51   59   59   38   12   12   71   22   54        85
 21   13   18   13   16   73   22   22   16   13   13   44   74   78    9  120
 27   14    5   14    3   86    4    4    3   14   14   68   48    8   70   47
140   15  160   15   88    1    8    8   88   15   15   80   21   88       118
 68   16  132   16   11   78   77   77   11   16   16   32   13   16    4   36
 62   17  136   17   23   66   50   50   23   17   17   48   73   71   78   21
 85   18  117   18    9   80   26   26    9   18   18    4   81   29   62  124
 39   19    4   19   19   70   32   32   19   19   19   46    3   26   53   13
  4   20   87   20   31   58   62   62   31   20   20   62   70   69   13   33
 65   21   43   21   82    7   13   13   82   21   21   35   46   18   66  159
125   22  151   22   14   75   70   70   14   22   22   10   72   37   79   38
  5   23   84   23   18   71   51   51   18   23   23   47   35   20   28   78
 47   24  153   24   67   22   64   64   67   24   24   67   42   15   15   16
 20   25  106   25   52   37   79   79   52   25   25   18   29   22   20  121
 34   26  148   26   71   18   23   23   71   26   26    8   24   23   25   25
 22   27   77   27   43   46   74   74   43   27   27    7   10   72   44   14
 56   28   36   28   80    9    5    5   80   28   28   41   68   38   29   27
 17   29  105   29   22   67   69   69   22   29   29   33   88   42    8   15
 59   30  102   30    8   81   37   37    8   30   30   53   11   17   61   84
  9   31   72   31   51   38    3    3   51   31   31    3   50    3   18   42
115   32  139   32   39   50   46   46   39   32   32   55    5    1   47   91
 60   33  118   33   72   17   36   36   72   33   33   77   67   61    1   40
 61   34   56   34   75   14   67   67   75   34   34   38   12   81   38   60
 54   35  116   35    1   88    7    7    1   35   35   14   75   35    3  123
 69   36   52   36   73   16   86   86   73   36   36    6    6   55   77  144
 26   37  110   37    6   83   47   47    6   37   37   23   49   75   82   49
 66   38   14   38   46   43   39   39   46   38   38   20   23   31   22   67
 49   39    6   39   65   24   17   17   65   39   39   49   61   10    5  108
 90   40  120   40   60   29   81   81   60   40   40    2   80   67   39   20
  3   41   50   41   40   49   73   73   40   41   41   31   18   74   33   98
155   42   60   42   86    3   88   88   86   42   42   84   16   47        62
 44   43   78   43   44   45   71   71   44   43   43   24   65   52   74  140
130   44   94   44   62   27   58   58   62   44   44   57   19   51   45   93
 63   45  144   45   30   59   80   80   30   45   45   76    8   12   10   23
 29   46   46   46   85    4   43   43   85   46   46   73   60   27   27  122
 24   47    3   47   76   13   48   48   76   47   47   52   20   36   72   51
 45   48  146   48   61   28   57   57   61   48   48   72   57   86   30  113
 75   49  108   49   57   32   54   54   57   49   49   13   47   85   35  157
 52   50   29   50   79   10   40   40   79   50   50   43   54   73    6   10
  1   51   65   51   26   63   24   24   26   51   51   11   82   76   54  132
 37   52   17   52   34   55   84   84   34   52   52   63   36   39   48   86
 80   53   61   53   36   53   15   15   36   53   53   51   28   25   23   74
 19   54  140   54   25   64   68   68   25   54   54   17   55   79   32  131
 55   55  127   55   10   79   25   25   10   55   55   74   26   33    2  137
 31   56  125   56   24   65   10   10   24   56   56   39   51   63   11   88
 12   57   79   57   35   54   87   87   35   57   57   16   37   83   36  149
 11   58  154   58   12   77   21   21   12   58   58    9   84   14   49  155
 51   59  145   59   48   41   14   14   48   59   59   85   39   49   43    2
 70   60   49   60   78   11   31   31   78   60   60   22   45   87   59   76
 48   61   80   61   32   57   85   85   32   61   61   59   14   80   68    4
  7   62  134   62   66   23   76   76   66   62   62   69    9    9   52   89
 95   63   51   63   58   31   12   12   58   63   63   78   44   40   21   80
 16   64   62   64   49   40    1    1   49   64   64   60   52   48   63    6
 40   65   86   65   47   42    9    9   47   65   65   75   40   60    7  146
 33   66   40   66    4   85    2    2    4   66   66   65   17   65   19  110
 57   67   25   67   42   47   44   44   42   67   67   83   63   44   56   41
 43   68  155   68   69   20   56   56   69   68   68   27   25    5   46   55
 10   69  124   69   77   12   27   27   77   69   69   56   41   24   51  135
 13   70  156   70   17   72   83   83   17   70   70   86   33   30   12   66
145   71   47   71   33   56   33   33   33   71   71   54    7    7       102
 41   72  122   72   56   33   75   75   56   72   72   50   77   70   37  148
 36   73   64   73   41   48   53   53   41   73   73   26   87   84   64  154
 14   74   88   74   45   44   19   19   45   74   74   70   58   41   58   19
105   75   70   75    5   84   55   55    5   75   75   15   34   58   24   87
 38   76  104   76   20   69   60   60   20   76   76   88   66   50   55   56
120   77   37   77   15   74   66   66   15   77   77   58   15   46   34   64
100   78  114   78   50   39   35   35   50   78   78   34   56   11   76   97
160   79  138   79   68   21   78   78   68   79   79   40   30   62       101
 28   80    9   80    7   82   49   49    7   80   80   79   71   21   81  160
 42   81   83   81   13   76   18   18   13   81   81   82   27   34   71  119
  6   82  157   82   81    8   30   30   81   82   82   30    1   19   65  145
 50   83  130   83   83    6   52   52   83   83   83   25   43   13   75   82
 35   84  149   84   54   35   28   28   54   84   84   29   86   53   60  153
 23   85  121   85   55   34    6    6   55   85   85    1   53   57   73  138
  2   86   73   86   21   68   82   82   21   86   86   37   64   59   80   46
 46   87   90   87   59   30   34   34   59   87   87   64   79   43   17   71
 15   88  159   88   70   19   65   65   70   88   88   61   83   28   16  100
 71       150                                                               90
 72       109                                                               34
 73         8                                                              114
 74        93                                                               83
 76        81                                                               77
 77        67                                                               24
 78        27                                                              136
 79        55                                                               57
 81        28                                                               39
 82        13                                                               12
 83        16                                                               63
 84        71                                                              125
 86       112                                                                7
 87       158                                                              106
 88        30                                                               65
 89        48                                                              139
 91        89                                                              126
 92        54                                                              117
 93        35                                                               26
 94       113                                                               52
 96        20                                                              111
 97        45                                                               44
 98        75                                                                9
 99       111                                                               17
101        69                                                               31
102       152                                                              115
103        59                                                              158
104        85                                                              107
106        42                                                               94
107        21                                                              151
108       103                                                              133
109       101                                                              129
111        39                                                              147
112        41                                                              150
113       141                                                               37
114        34                                                               50
116       137                                                               81
117       115                                                               29
118       147                                                               48
119       100                                                               95
121        98                                                                1
122       135                                                               73
123        76                                                               75
124        66                                                              127
126        57                                                               70
127        97                                                              143
128       133                                                              112
129       107                                                              134
131        33                                                                5
132       119                                                               59
133         1                                                              156
134        10                                                              141
136         2                                                               32
137        26                                                              130
138        58                                                               22
139        96                                                               72
141        68                                                               61
142        24                                                              103
143        11                                                                3
144       142                                                              104
146       128                                                               18
147        44                                                               99
148        95                                                               28
149        74                                                              128
151        12                                                              142
152       126                                                               53
153        38                                                              152
154       143                                                              116
156        92                                                               30
157        15                                                               45
158        53                                                               68
159        19                                                               96

