delta_a,delta_b,similarity,hamming_similarity,mod_similarity,factor_similarity,bitlength_similarity,popcount_similarity,x_hamming_similarity,y_hamming_similarity,carry_chain_similarity,second_difference_similarity,cf_prefix_similarity
1,2,0.577240625,0.9921875,0.04,0.5,0.5,1.0,0.515625,0.51171875,1.0,0.6666666666666666,0.0
1,3,0.47585937500000003,0.9921875,0.0,0.5,0.5,1.0,0.48046875,0.49609375,0.25,0.16666666666666666,0.0
1,4,0.42909479166666664,0.984375,0.04,0.3333333333333333,0.3333333333333333,0.3333333333333333,0.5234375,0.48828125,0.5,0.13333333333333333,0.0
1,5,0.43151249999999997,0.984375,0.08,0.3333333333333333,0.25,0.3333333333333333,0.51953125,0.5078125,0.25,0.5,0.0
1,6,0.3796021522038567,0.98828125,0.04,0.2,0.25,0.25,0.51171875,0.48046875,0.3333333333333333,0.01652892561983471,0.0
1,7,0.3971729793233083,0.984375,0.08,0.3333333333333333,0.14285714285714285,0.3333333333333333,0.53125,0.5234375,0.25,0.021052631578947368,0.0
1,8,0.3458242984693878,0.98046875,0.0,0.14285714285714285,0.14285714285714285,0.16666666666666666,0.5078125,0.4921875,0.25,0.01020408163265306,0.0
1,9,0.36623014520202024,0.984375,0.08,0.3333333333333333,0.2,0.2,0.4921875,0.42578125,0.1,0.003367003367003367,0.0
1,10,0.42983355137479645,0.984375,0.08,0.5,0.1111111111111111,0.3333333333333333,0.5625,0.44921875,0.5,0.002254791431792559,0.0
1,11,0.3800262482231698,0.96875,0.08,0.3333333333333333,0.1,0.14285714285714285,0.49609375,0.515625,0.3333333333333333,0.001990049751243781,0.0
1,12,0.35019106692725877,0.96875,0.0,0.3333333333333333,0.09090909090909091,0.14285714285714285,0.515625,0.5078125,0.09090909090909091,0.0007155635062611807,0.0
1,13,0.35207147952803214,0.9765625,0.04,0.14285714285714285,0.08333333333333333,0.2,0.5078125,0.47265625,0.3333333333333333,0.00018190086402910413,0.0
1,14,0.3526343406593407,0.96484375,0.04,0.3333333333333333,0.07692307692307693,0.1,0.5078125,0.48828125,0.14285714285714285,0.0002403846153846154,0.0
1,15,0.38295580304185733,0.984375,0.04,0.3333333333333333,0.07142857142857142,0.2,0.53515625,0.515625,0.3333333333333333,0.00010167768174885612,0.0
1,16,0.3723676751255702,0.96484375,0.04,0.3333333333333333,0.06666666666666667,0.125,0.5234375,0.5078125,0.3333333333333333,3.4168759503186236e-05,0.0
1,17,0.3527561193648372,0.96484375,0.08,0.3333333333333333,0.0625,0.1,0.51953125,0.47265625,0.09090909090909091,3.570153516601214e-05,0.0
1,18,0.4649156032580018,0.97265625,0.04,1.0,0.058823529411764705,0.125,0.46484375,0.5625,0.5,5.7650843431839405e-06,0.0
1,19,0.3612866798155167,0.94921875,0.16,0.3333333333333333,0.05555555555555555,0.07142857142857142,0.50390625,0.48828125,0.125,4.518089300035015e-06,0.0
1,20,0.3397394341911333,0.94921875,0.12,0.2,0.05263157894736842,0.07142857142857142,0.48828125,0.4765625,0.16666666666666666,8.087604936674054e-06,0.0
1,21,0.3573475728750992,0.953125,0.04,0.5,0.05,0.07692307692307693,0.44921875,0.50390625,0.09090909090909091,1.4331164550431368e-06,0.0
1,22,0.358846001378019,0.96484375,0.0,0.5,0.047619047619047616,0.1,0.453125,0.4765625,0.16666666666666666,3.205860312651527e-07,0.0
1,23,0.4220030325732439,0.953125,0.12,1.0,0.043478260869565216,0.07692307692307693,0.45703125,0.45703125,0.0625,2.014715684833593e-07,0.0
1,24,0.37765837954903736,0.94921875,0.08,0.5,0.041666666666666664,0.08333333333333333,0.4609375,0.51953125,0.25,7.702617349375318e-07,0.0
1,25,0.3304687533279968,0.94921875,0.0,0.3333333333333333,0.041666666666666664,0.08333333333333333,0.46484375,0.48828125,0.08333333333333333,5.546661483866176e-08,0.0
1,26,0.3487326725138045,0.9609375,0.0,0.3333333333333333,0.04,0.09090909090909091,0.4921875,0.48046875,0.25,3.432098370528928e-08,0.0
1,27,0.350542550167879,0.9453125,0.08,0.25,0.038461538461538464,0.06666666666666667,0.5078125,0.51171875,0.25,3.4849265340023673e-08,0.0
1,28,0.38386296322418534,0.95703125,0.16,0.5,0.037037037037037035,0.08333333333333333,0.4765625,0.48046875,0.2,4.353706392101276e-09,0.0
1,29,0.33563540667868297,0.94921875,0.04,0.25,0.034482758620689655,0.07142857142857142,0.515625,0.48828125,0.14285714285714285,4.579034719653877e-09,0.0
1,30,0.356983622225317,0.92578125,0.04,0.5,0.034482758620689655,0.05,0.5078125,0.48046875,0.125,2.5594363834426785e-08,0.0
1,31,0.31819776546580436,0.9296875,0.0,0.2,0.034482758620689655,0.05263157894736842,0.54296875,0.5078125,0.0625,6.551189214694651e-10,0.0
1,32,0.36353064520194533,0.95703125,0.08,0.3333333333333333,0.03225806451612903,0.08333333333333333,0.5703125,0.48046875,0.2,6.775827168952009e-10,0.0
1,33,0.3524629465467009,0.9375,0.12,0.3333333333333333,0.03125,0.06666666666666667,0.46875,0.52734375,0.14285714285714285,1.9688244329458316e-09,0.0
1,34,0.32841746795608207,0.953125,0.0,0.25,0.03125,0.07692307692307693,0.49609375,0.46875,0.16666666666666666,1.227362935851524e-10,0.0
1,35,0.34400659138992645,0.9140625,0.08,0.3333333333333333,0.029411764705882353,0.047619047619047616,0.546875,0.52734375,0.058823529411764705,5.619730943025e-11,0.0
1,36,0.3345034304618961,0.9296875,0.04,0.25,0.02857142857142857,0.05263157894736842,0.5390625,0.5,0.14285714285714285,1.7947175797141387e-10,0.0
1,37,0.38662762605134293,0.9296875,0.2,0.5,0.02857142857142857,0.058823529411764705,0.51953125,0.53125,0.125,1.5380657072188647e-11,0.0
1,38,0.3242812176135285,0.921875,0.08,0.2,0.02702702702702703,0.05263157894736842,0.546875,0.46484375,0.07142857142857142,3.974775978882638e-12,0.0
1,39,0.3454106570518146,0.90234375,0.0,0.5,0.02564102564102564,0.041666666666666664,0.51953125,0.4609375,0.125,8.876042225468372e-12,0.0
1,40,0.34381012135129424,0.9296875,0.08,0.25,0.02631578947368421,0.058823529411764705,0.5390625,0.53515625,0.14285714285714285,2.0355787510002934e-12,0.0
1,41,0.3798458411654525,0.921875,0.16,0.5,0.025,0.05263157894736842,0.51171875,0.53515625,0.14285714285714285,6.499173967240031e-13,0.0
1,42,0.3905703869047964,0.9453125,0.16,0.5,0.023809523809523808,0.06666666666666667,0.48828125,0.53515625,0.25,5.746277351840336e-13,0.0
1,43,0.36044370421248945,0.90234375,0.08,0.5,0.023809523809523808,0.038461538461538464,0.515625,0.52734375,0.1,5.876736544544815e-13,0.0
1,44,0.3252774891774936,0.92578125,0.04,0.25,0.023809523809523808,0.05,0.5234375,0.48046875,0.09090909090909091,7.456980882591411e-14,0.0
1,45,0.3064223484848517,0.90625,0.04,0.2,0.022727272727272728,0.04,0.47265625,0.4609375,0.08333333333333333,5.428029799850181e-14,0.0
1,46,0.41638923611114764,0.91015625,0.08,1.0,0.022222222222222223,0.041666666666666664,0.44140625,0.5078125,0.16666666666666666,6.09323845321513e-13,0.0
1,47,0.3235556482919263,0.9140625,0.04,0.25,0.021739130434782608,0.047619047619047616,0.5,0.48828125,0.125,1.3663851447380888e-14,0.0
1,48,0.3473819977894521,0.921875,0.12,0.3333333333333333,0.02127659574468085,0.047619047619047616,0.5234375,0.5,0.09090909090909091,1.2586263736883277e-13,0.0
1,49,0.3057774748817968,0.90625,0.0,0.1111111111111111,0.02127659574468085,0.04,0.5234375,0.53515625,0.1111111111111111,1.6056423197882894e-15,0.0
1,50,0.31758456439393956,0.91015625,0.08,0.125,0.02,0.045454545454545456,0.53515625,0.5234375,0.08333333333333333,2.8165161984464045e-15,0.0
1,51,0.3337375000000003,0.90234375,0.08,0.16666666666666666,0.02,0.041666666666666664,0.52734375,0.52734375,0.25,5.1352864587159945e-15,0.0
1,52,0.3281686274509806,0.8984375,0.08,0.25,0.0196078431372549,0.04,0.52734375,0.5,0.1,3.01394125135377e-15,0.0
1,53,0.34093469887955186,0.88671875,0.0,0.5,0.0196078431372549,0.03333333333333333,0.4921875,0.47265625,0.14285714285714285,1.186228083571536e-16,0.0
1,54,0.3215693287037037,0.890625,0.04,0.25,0.018518518518518517,0.037037037037037035,0.51953125,0.49609375,0.125,3.3912195022262337e-16,0.0
1,55,0.31422616783323193,0.8828125,0.0,0.25,0.018867924528301886,0.03225806451612903,0.53515625,0.4765625,0.125,2.5045813546244837e-17,0.0
1,56,0.3413285510037348,0.890625,0.12,0.3333333333333333,0.017857142857142856,0.037037037037037035,0.48046875,0.58203125,0.058823529411764705,6.192696741358186e-17,0.0
1,57,0.32148534902597403,0.88671875,0.04,0.25,0.01818181818181818,0.03571428571428571,0.50390625,0.5078125,0.14285714285714285,7.594086732058649e-18,0.0
1,58,0.3485890325670498,0.8984375,0.12,0.3333333333333333,0.017241379310344827,0.037037037037037035,0.5234375,0.4765625,0.2,7.020567638347582e-18,0.0
1,59,0.3447710701904028,0.8671875,0.04,0.5,0.01694915254237288,0.02857142857142857,0.51953125,0.50390625,0.09090909090909091,6.265177911109429e-18,0.0
1,60,0.29742327586206896,0.8828125,0.04,0.125,0.017241379310344827,0.034482758620689655,0.46484375,0.546875,0.05,9.124758596141048e-19,0.0
1,61,0.31546993129218903,0.86328125,0.12,0.2,0.01639344262295082,0.029411764705882353,0.5078125,0.47265625,0.1,7.685590465172325e-19,0.0
1,62,0.3396818141772838,0.87109375,0.04,0.5,0.016129032258064516,0.029411764705882353,0.484375,0.50390625,0.07142857142857142,5.374061553003417e-19,0.0
1,63,0.34484379480286736,0.890625,0.12,0.3333333333333333,0.016129032258064516,0.037037037037037035,0.53515625,0.5,0.125,5.047608352436246e-19,0.0
1,64,0.3581890873015873,0.89453125,0.08,0.5,0.015873015873015872,0.03571428571428571,0.546875,0.48046875,0.1111111111111111,6.646438709449632e-19,0.0
1,65,0.3311318685807656,0.87109375,0.08,0.3333333333333333,0.015873015873015872,0.029411764705882353,0.51171875,0.47265625,0.14285714285714285,2.835556743390599e-20,0.0
1,66,0.30380047348484845,0.87109375,0.12,0.125,0.015151515151515152,0.03125,0.4765625,0.4765625,0.09090909090909091,2.1491590323371292e-18,0.0
1,67,0.32137168926231435,0.859375,0.0,0.3333333333333333,0.015151515151515152,0.02702702702702703,0.484375,0.54296875,0.14285714285714285,2.027349573439499e-19,0.0
1,68,0.30930634469696966,0.875,0.0,0.3333333333333333,0.015151515151515152,0.030303030303030304,0.45703125,0.47265625,0.08333333333333333,3.3569085869152238e-21,0.0
1,69,0.3219497919114767,0.8515625,0.08,0.3333333333333333,0.014492753623188406,0.02702702702702703,0.46484375,0.5390625,0.0625,0.0,0.0
2,3,0.4521104166666667,0.9921875,0.04,0.3333333333333333,0.3333333333333333,1.0,0.44921875,0.5234375,0.25,0.25,0.0
2,4,0.4347875,0.9921875,0.04,0.25,0.5,0.3333333333333333,0.5078125,0.4765625,0.5,0.2,0.0
2,5,0.44919479166666676,0.9921875,0.08,0.5,0.3333333333333333,0.3333333333333333,0.50390625,0.47265625,0.25,0.3333333333333333,0.08333333333333333
2,6,0.37831156163911844,0.98046875,0.04,0.16666666666666666,0.3333333333333333,0.25,0.49609375,0.46875,0.3333333333333333,0.024793388429752067,0.0
2,7,0.4110374451754386,0.9921875,0.08,0.5,0.16666666666666666,0.3333333333333333,0.4765625,0.48828125,0.25,0.031578947368421054,0.0
2,8,0.3439392006802722,0.97265625,0.0,0.125,0.16666666666666666,0.16666666666666666,0.5,0.49609375,0.25,0.015306122448979591,0.0
2,9,0.3687155303030303,0.984375,0.04,0.25,0.25,0.2,0.546875,0.5,0.1,0.005050505050505051,0.0
2,10,0.40609043122886135,0.984375,0.08,0.3333333333333333,0.125,0.3333333333333333,0.4921875,0.484375,0.5,0.0033821871476888386,0.0
2,11,0.40402171360459604,0.96875,0.08,0.5,0.1111111111111111,0.14285714285714285,0.49609375,0.49609375,0.3333333333333333,0.0029850746268656717,0.08333333333333333
2,12,0.34661793155971937,0.9765625,0.04,0.25,0.1,0.14285714285714285,0.546875,0.45703125,0.09090909090909091,0.001073345259391771,0.0
2,13,0.36778076501715656,0.9765625,0.08,0.16666666666666666,0.09090909090909091,0.2,0.53125,0.4609375,0.3333333333333333,0.00027285129604365623,0.08333333333333333
2,14,0.3424762477106228,0.95703125,0.0,0.25,0.08333333333333333,0.1,0.4921875,0.5703125,0.14285714285714285,0.0003605769230769231,0.0
2,15,0.37532653881187017,0.9765625,0.08,0.25,0.07692307692307693,0.2,0.51953125,0.51171875,0.3333333333333333,0.0001525165226232842,0.0
2,16,0.35689027756930775,0.96484375,0.04,0.25,0.07142857142857142,0.125,0.4453125,0.54296875,0.3333333333333333,5.125313925477936e-05,0.0
2,17,0.34288114874422554,0.96484375,0.04,0.25,0.06666666666666667,0.1,0.51953125,0.4765625,0.09090909090909091,5.355230274901821e-05,0.08333333333333333
2,18,0.4298755188575909,0.96484375,0.2,0.5,0.0625,0.125,0.51171875,0.54296875,0.5,8.647626514775911e-06,0.0
2,19,0.3464951282666925,0.94921875,0.12,0.25,0.058823529411764705,0.07142857142857142,0.47265625,0.53125,0.125,6.777133950052522e-06,0.0
2,20,0.32800171994793625,0.94921875,0.0,0.16666666666666666,0.05555555555555555,0.07142857142857142,0.51953125,0.52734375,0.16666666666666666,1.213140740501108e-05,0.0
2,21,0.34341751718438224,0.9453125,0.04,0.3333333333333333,0.05263157894736842,0.07692307692307693,0.51953125,0.4921875,0.09090909090909091,2.1496746825647052e-06,0.0
2,22,0.3844333621860761,0.95703125,0.24,0.3333333333333333,0.05,0.1,0.4921875,0.51171875,0.16666666666666666,4.808790468977291e-07,0.08333333333333333
2,23,0.3853142663841894,0.9453125,0.2,0.5,0.045454545454545456,0.07692307692307693,0.51953125,0.515625,0.0625,3.0220735272503895e-07,0.0
2,24,0.37658145519312136,0.94921875,0.16,0.3333333333333333,0.043478260869565216,0.08333333333333333,0.4921875,0.5078125,0.25,1.1553926024062976e-06,0.08333333333333333
2,25,0.3351980575282272,0.94921875,0.04,0.25,0.043478260869565216,0.08333333333333333,0.50390625,0.53125,0.08333333333333333,8.319992225799264e-08,0.0
2,26,0.3581128818767673,0.9609375,0.08,0.25,0.041666666666666664,0.09090909090909091,0.5078125,0.4921875,0.25,5.1481475557933924e-08,0.08333333333333333
2,27,0.34182500313643394,0.9375,0.0,0.2,0.04,0.06666666666666667,0.53125,0.53125,0.25,5.227389801003551e-08,0.08333333333333333
2,28,0.35751754846875666,0.95703125,0.12,0.3333333333333333,0.038461538461538464,0.08333333333333333,0.453125,0.5,0.2,6.530559588151914e-09,0.0
2,29,0.3301245539835417,0.94921875,0.04,0.2,0.03571428571428571,0.07142857142857142,0.515625,0.4921875,0.14285714285714285,6.868552079480815e-09,0.0
2,30,0.34135402016063554,0.91796875,0.08,0.3333333333333333,0.03571428571428571,0.05,0.53125,0.453125,0.125,3.839154575164018e-08,0.0
2,31,0.32604316265294564,0.9296875,0.08,0.16666666666666666,0.03571428571428571,0.05263157894736842,0.51171875,0.55078125,0.0625,9.826783822041977e-10,0.0
2,32,0.34322604172764914,0.94921875,0.08,0.25,0.03333333333333333,0.08333333333333333,0.4921875,0.484375,0.2,1.0163740753428014e-09,0.0
2,33,0.32707171676705593,0.9453125,0.0,0.25,0.03225806451612903,0.06666666666666667,0.5234375,0.4609375,0.14285714285714285,2.9532366494187474e-09,0.0
2,34,0.3261449881210545,0.9453125,0.04,0.2,0.03225806451612903,0.07692307692307693,0.48828125,0.47265625,0.16666666666666666,1.8410444037772858e-10,0.0
2,35,0.3694185176393842,0.921875,0.16,0.5,0.030303030303030304,0.047619047619047616,0.515625,0.4921875,0.058823529411764705,8.429596414537501e-11,0.0
2,36,0.3305237823580366,0.9296875,0.04,0.2,0.029411764705882353,0.05263157894736842,0.5234375,0.48828125,0.14285714285714285,2.692076369571208e-10,0.08333333333333333
2,37,0.34653547794256073,0.9375,0.08,0.3333333333333333,0.029411764705882353,0.058823529411764705,0.53515625,0.46484375,0.125,2.307098560828297e-11,0.0
2,38,0.3182569026737077,0.921875,0.04,0.16666666666666666,0.027777777777777776,0.05263157894736842,0.5078125,0.546875,0.07142857142857142,5.962163968323958e-12,0.0
2,39,0.3486177631586936,0.91015625,0.08,0.3333333333333333,0.02631578947368421,0.041666666666666664,0.55859375,0.51953125,0.125,1.3314063338202556e-11,0.0
2,40,0.3117451453556227,0.9375,0.0,0.2,0.02702702702702703,0.058823529411764705,0.4453125,0.484375,0.14285714285714285,3.0533681265004403e-12,0.0
2,41,0.41755024821675407,0.9296875,0.04,1.0,0.02564102564102564,0.05263157894736842,0.49609375,0.484375,0.14285714285714285,9.748760950860047e-13,0.0
2,42,0.3534262195122469,0.9375,0.04,0.3333333333333333,0.024390243902439025,0.06666666666666667,0.48046875,0.5546875,0.25,8.619416027760504e-13,0.0
2,43,0.3380182868199404,0.90234375,0.16,0.3333333333333333,0.024390243902439025,0.038461538461538464,0.4375,0.484375,0.1,8.815104816817224e-13,0.0
2,44,0.3186208217849291,0.92578125,0.04,0.2,0.024390243902439025,0.05,0.5078125,0.4921875,0.09090909090909091,1.1185471323887116e-13,0.0
2,45,0.31392400678295057,0.90625,0.08,0.16666666666666666,0.023255813953488372,0.04,0.51171875,0.47265625,0.08333333333333333,8.142044699775272e-14,0.0
2,46,0.36478901515157,0.91015625,0.08,0.5,0.022727272727272728,0.041666666666666664,0.47265625,0.50390625,0.16666666666666666,9.139857679822694e-13,0.08333333333333333
2,47,0.3147286706349219,0.9140625,0.0,0.2,0.022222222222222223,0.047619047619047616,0.5,0.515625,0.125,2.0495777171071332e-14,0.0
2,48,0.31270337556466404,0.9140625,0.04,0.25,0.021739130434782608,0.047619047619047616,0.484375,0.42578125,0.09090909090909091,1.8879395605324916e-13,0.0
2,49,0.3127655193236717,0.90625,0.12,0.1,0.021739130434782608,0.04,0.5078125,0.46875,0.1111111111111111,2.408463479682434e-15,0.0
2,50,0.31733819959802123,0.91015625,0.08,0.14285714285714285,0.02040816326530612,0.045454545454545456,0.51171875,0.52734375,0.08333333333333333,4.2247742976696065e-15,0.0
2,51,0.33813577806122497,0.90234375,0.12,0.2,0.02040816326530612,0.041666666666666664,0.51953125,0.484375,0.25,7.702929688073992e-15,0.0
2,52,0.3430718750000003,0.8984375,0.16,0.3333333333333333,0.02,0.04,0.50390625,0.46484375,0.1,4.520911877030655e-15,0.0
2,53,0.32976919642857144,0.88671875,0.04,0.3333333333333333,0.02,0.03333333333333333,0.4765625,0.5234375,0.14285714285714285,1.7793421253573041e-16,0.0
2,54,0.3169254061844864,0.890625,0.04,0.2,0.018867924528301886,0.037037037037037035,0.52734375,0.5,0.125,5.086829253339351e-16,0.0
2,55,0.31656457040942926,0.875,0.08,0.2,0.019230769230769232,0.03225806451612903,0.51953125,0.48046875,0.125,3.756872031936726e-17,0.0
2,56,0.3203889000297088,0.8984375,0.04,0.25,0.01818181818181818,0.037037037037037035,0.48046875,0.5703125,0.058823529411764705,9.289045112037278e-17,0.0
2,57,0.31262166005291003,0.89453125,0.04,0.2,0.018518518518518517,0.03571428571428571,0.46484375,0.51171875,0.14285714285714285,1.1391130098087973e-17,0.0
2,58,0.32561635599415206,0.8984375,0.04,0.25,0.017543859649122806,0.037037037037037035,0.4921875,0.49609375,0.2,1.0530851457521373e-17,0.0
2,59,0.32534132333184057,0.8671875,0.04,0.3333333333333333,0.017241379310344827,0.02857142857142857,0.48828125,0.546875,0.09090909090909091,9.397766866664143e-18,0.0
2,60,0.2988622064320283,0.8828125,0.08,0.14285714285714285,0.017543859649122806,0.034482758620689655,0.44140625,0.51171875,0.05,1.3687137894211574e-18,0.0
2,61,0.3122449142156863,0.86328125,0.04,0.25,0.016666666666666666,0.029411764705882353,0.46875,0.5390625,0.1,1.1528385697758487e-18,0.0
2,62,0.3353560920064747,0.86328125,0.12,0.3333333333333333,0.01639344262295082,0.029411764705882353,0.46875,0.53125,0.07142857142857142,8.061092329505126e-19,0.08333333333333333
2,63,0.34936807263205827,0.8984375,0.04,0.5,0.01639344262295082,0.037037037037037035,0.50390625,0.48046875,0.125,7.571412528654368e-19,0.0
2,64,0.33052519361239113,0.88671875,0.0,0.3333333333333333,0.016129032258064516,0.03571428571428571,0.5390625,0.5390625,0.1111111111111111,9.969658064174449e-19,0.0
2,65,0.30971797489156955,0.87109375,0.0,0.25,0.016129032258064516,0.029411764705882353,0.51953125,0.4609375,0.14285714285714285,4.253335115085898e-20,0.0
2,66,0.2996838536463536,0.87109375,0.04,0.14285714285714285,0.015384615384615385,0.03125,0.5078125,0.48828125,0.09090909090909091,3.2237385485056936e-18,0.0
2,67,0.3120934622809623,0.8515625,0.0,0.25,0.015384615384615385,0.02702702702702703,0.4921875,0.5546875,0.14285714285714285,3.0410243601592485e-19,0.0
2,68,0.3193781177156177,0.8671875,0.04,0.25,0.015384615384615385,0.030303030303030304,0.52734375,0.546875,0.08333333333333333,5.035362880372836e-21,0.0
2,69,0.29709496720985695,0.859375,0.0,0.25,0.014705882352941176,0.02702702702702703,0.46484375,0.48828125,0.0625,0.0,0.0
3,4,0.47805416666666667,0.9921875,0.08,0.5,0.25,0.3333333333333333,0.54296875,0.484375,0.3333333333333333,0.8,0.0
3,5,0.448240625,0.984375,0.04,0.25,0.2,0.3333333333333333,0.5078125,0.53515625,1.0,0.08333333333333333,0.0
3,6,0.4061972882231405,0.98828125,0.08,0.25,0.2,0.25,0.4921875,0.4609375,0.5,0.09917355371900827,0.08333333333333333
3,7,0.4433883223684211,0.984375,0.08,0.25,0.125,0.3333333333333333,0.44921875,0.53515625,1.0,0.12631578947368421,0.0
3,8,0.42190471938775514,0.98046875,0.08,0.16666666666666666,0.125,0.16666666666666666,0.48828125,0.51953125,1.0,0.061224489795918366,0.0
3,9,0.398705275974026,0.984375,0.08,0.5,0.16666666666666666,0.2,0.50390625,0.46875,0.14285714285714285,0.020202020202020204,0.08333333333333333
3,10,0.476678391582112,0.9921875,0.08,1.0,0.1,0.3333333333333333,0.51171875,0.5,0.3333333333333333,0.013528748590755355,0.0
3,11,0.3825511987546036,0.96875,0.04,0.25,0.09090909090909091,0.14285714285714285,0.5078125,0.55078125,0.5,0.011940298507462687,0.0
3,12,0.3852113231003492,0.9765625,0.08,0.5,0.08333333333333333,0.14285714285714285,0.51953125,0.50390625,0.125,0.004293381037567084,0.0
3,13,0.36256933046489664,0.9765625,0.04,0.125,0.07692307692307693,0.2,0.49609375,0.484375,0.5,0.001091405184174625,0.0
3,14,0.3870101991758242,0.96484375,0.04,0.5,0.07142857142857142,0.1,0.54296875,0.5078125,0.25,0.0014423076923076924,0.0
3,15,0.428466812298763,0.984375,0.12,0.5,0.06666666666666667,0.2,0.5234375,0.54296875,0.5,0.0006100660904931368,0.0
3,16,0.4099623007534211,0.97265625,0.08,0.5,0.0625,0.125,0.51953125,0.48828125,0.5,0.00020501255701911743,0.0
3,17,0.35668435990560093,0.95703125,0.08,0.25,0.058823529411764705,0.1,0.5390625,0.578125,0.125,0.00021420921099607284,0.0
3,18,0.41083193654147465,0.96484375,0.2,0.5,0.05555555555555555,0.125,0.5078125,0.49609375,0.3333333333333333,3.4590506059103645e-05,0.0
3,19,0.3381697421136518,0.94140625,0.0,0.25,0.05263157894736842,0.07142857142857142,0.515625,0.5234375,0.2,2.710853580021009e-05,0.0
3,20,0.35633654249015817,0.94921875,0.04,0.25,0.05,0.07142857142857142,0.53125,0.51171875,0.3333333333333333,4.852562962004432e-05,0.0
3,21,0.41652542434683226,0.953125,0.04,1.0,0.047619047619047616,0.07692307692307693,0.4765625,0.4375,0.125,8.598698730258821e-06,0.0
3,22,0.44810314571400167,0.96484375,0.12,1.0,0.045454545454545456,0.1,0.45703125,0.46484375,0.3333333333333333,1.9235161875909163e-06,0.0
3,23,0.36499013663232877,0.9453125,0.08,0.5,0.041666666666666664,0.07692307692307693,0.515625,0.4765625,0.07692307692307693,1.2088294109001558e-06,0.0
3,24,0.4916909022942246,0.95703125,0.04,1.0,0.04,0.08333333333333333,0.49609375,0.4609375,1.0,4.62157040962519e-06,0.0
3,25,0.36899203385687024,0.95703125,0.08,0.5,0.04,0.08333333333333333,0.5390625,0.4375,0.1111111111111111,3.3279968903197057e-07,0.0
3,26,0.44566898088702267,0.9609375,0.08,0.5,0.038461538461538464,0.09090909090909091,0.51171875,0.515625,1.0,2.059259022317357e-07,0.0
3,27,0.4136567255086985,0.9453125,0.04,0.3333333333333333,0.037037037037037035,0.06666666666666667,0.48828125,0.5234375,1.0,2.0909559204014204e-07,0.0
3,28,0.3841352694244771,0.94921875,0.08,0.3333333333333333,0.03571428571428571,0.08333333333333333,0.53515625,0.5,0.5,2.6122238352607657e-08,0.0
3,29,0.3239992576008334,0.94140625,0.0,0.2,0.03333333333333333,0.07142857142857142,0.47265625,0.46875,0.25,2.747420831792326e-08,0.0
3,30,0.45055105088063757,0.92578125,0.16,1.0,0.03333333333333333,0.05,0.54296875,0.546875,0.2,1.535661830065607e-07,0.0
3,31,0.3415377827931978,0.9296875,0.08,0.25,0.03333333333333333,0.05263157894736842,0.5078125,0.55078125,0.07692307692307693,3.930713528816791e-09,0.08333333333333333
3,32,0.3614593752439297,0.94921875,0.04,0.25,0.03125,0.08333333333333333,0.51171875,0.4609375,0.5,4.0654963013712054e-09,0.0
3,33,0.37231174313301924,0.9453125,0.08,0.5,0.030303030303030304,0.06666666666666667,0.48046875,0.46875,0.25,1.181294659767499e-08,0.0
3,34,0.36266566875047873,0.953125,0.04,0.3333333333333333,0.030303030303030304,0.07692307692307693,0.4765625,0.49609375,0.3333333333333333,7.364177615109143e-10,0.08333333333333333
3,35,0.32116964287737393,0.9140625,0.0,0.25,0.02857142857142857,0.047619047619047616,0.53515625,0.515625,0.07142857142857142,3.3718385658150003e-10,0.0
3,36,0.3547832420236742,0.9296875,0.08,0.3333333333333333,0.027777777777777776,0.05263157894736842,0.50390625,0.50390625,0.25,1.0768305478284832e-09,0.0
3,37,0.43162350899246515,0.9375,0.08,1.0,0.027777777777777776,0.058823529411764705,0.4609375,0.49609375,0.2,9.228394243313188e-11,0.08333333333333333
3,38,0.34217338516889506,0.9296875,0.08,0.25,0.02631578947368421,0.05263157894736842,0.56640625,0.53125,0.09090909090909091,2.384865587329583e-11,0.0
3,39,0.43839375000319547,0.91015625,0.12,1.0,0.025,0.041666666666666664,0.53125,0.53515625,0.2,5.3256253352810226e-11,0.0
3,40,0.36162444381672076,0.9375,0.08,0.3333333333333333,0.02564102564102564,0.058823529411764705,0.49609375,0.515625,0.25,1.2213472506001761e-11,0.08333333333333333
3,41,0.34399036424927126,0.921875,0.04,0.3333333333333333,0.024390243902439025,0.05263157894736842,0.484375,0.4921875,0.25,3.899504380344019e-12,0.0
3,42,0.415522965116486,0.9375,0.04,0.3333333333333333,0.023255813953488372,0.06666666666666667,0.4921875,0.5625,1.0,3.4477664111042017e-12,0.0
3,43,0.3378373538527544,0.89453125,0.04,0.3333333333333333,0.023255813953488372,0.038461538461538464,0.52734375,0.5234375,0.14285714285714285,3.5260419267268895e-12,0.0
3,44,0.32719484011630595,0.91796875,0.04,0.2,0.023255813953488372,0.05,0.52734375,0.4921875,0.125,4.4741885295548464e-13,0.08333333333333333
3,45,0.33744479166668623,0.90625,0.12,0.25,0.022222222222222223,0.04,0.5078125,0.53515625,0.1111111111111111,3.2568178799101086e-13,0.0
3,46,0.3744495471016686,0.90234375,0.08,0.5,0.021739130434782608,0.041666666666666664,0.515625,0.48046875,0.3333333333333333,3.6559430719290775e-12,0.0
3,47,0.3601467705167223,0.921875,0.16,0.3333333333333333,0.02127659574468085,0.047619047619047616,0.50390625,0.5078125,0.2,8.198310868428533e-14,0.0
3,48,0.3206956845238549,0.9140625,0.0,0.25,0.020833333333333332,0.047619047619047616,0.50390625,0.51171875,0.125,7.551758242129966e-13,0.0
3,49,0.32860000000000056,0.90625,0.08,0.125,0.020833333333333332,0.04,0.55078125,0.5078125,0.16666666666666666,9.633853918729736e-15,0.08333333333333333
3,50,0.3109993724004763,0.91015625,0.08,0.1111111111111111,0.0196078431372549,0.045454545454545456,0.53125,0.45703125,0.1111111111111111,1.6899097190678426e-14,0.0
3,51,0.3831396095938393,0.90234375,0.04,0.14285714285714285,0.0196078431372549,0.041666666666666664,0.5390625,0.4921875,1.0,3.081171875229597e-14,0.0
3,52,0.3309326579670341,0.8984375,0.12,0.2,0.019230769230769232,0.04,0.515625,0.51171875,0.14285714285714285,1.808364750812262e-14,0.0
3,53,0.43304783653846163,0.88671875,0.16,1.0,0.019230769230769232,0.03333333333333333,0.47265625,0.5078125,0.25,7.117368501429217e-16,0.0
3,54,0.35723301767676774,0.8984375,0.16,0.3333333333333333,0.01818181818181818,0.037037037037037035,0.5546875,0.46875,0.2,2.0347317013357402e-15,0.0
3,55,0.34660759035244926,0.8828125,0.12,0.3333333333333333,0.018518518518518517,0.03225806451612903,0.5,0.46484375,0.2,1.5027488127746903e-16,0.08333333333333333
3,56,0.34494001670843777,0.8984375,0.04,0.5,0.017543859649122806,0.037037037037037035,0.53125,0.4453125,0.07142857142857142,3.7156180448149113e-16,0.0
3,57,0.35117767857142856,0.89453125,0.08,0.3333333333333333,0.017857142857142856,0.03571428571428571,0.5390625,0.45703125,0.25,4.556452039235189e-17,0.08333333333333333
3,58,0.34100002942561203,0.890625,0.0,0.25,0.01694915254237288,0.037037037037037035,0.47265625,0.50390625,0.5,4.212340583008549e-17,0.0
3,59,0.4128413690476191,0.8671875,0.08,1.0,0.016666666666666666,0.02857142857142857,0.546875,0.46875,0.125,3.759106746665657e-17,0.0
3,60,0.29076098840690573,0.8828125,0.0,0.1111111111111111,0.01694915254237288,0.034482758620689655,0.4453125,0.51953125,0.058823529411764705,5.4748551576846295e-18,0.08333333333333333
3,61,0.29909297489156955,0.86328125,0.0,0.16666666666666666,0.016129032258064516,0.029411764705882353,0.48046875,0.515625,0.14285714285714285,4.611354279103395e-18,0.0
3,62,0.3323666494249215,0.86328125,0.08,0.3333333333333333,0.015873015873015872,0.029411764705882353,0.55859375,0.484375,0.09090909090909091,3.2244369318020503e-18,0.0
3,63,0.3309264384920635,0.890625,0.08,0.25,0.015873015873015872,0.037037037037037035,0.4765625,0.52734375,0.2,3.028565011461747e-18,0.0
3,64,0.4080293154761904,0.89453125,0.04,1.0,0.015625,0.03571428571428571,0.44921875,0.5078125,0.16666666666666666,3.9878632256697794e-18,0.0
3,65,0.36054283088235295,0.87109375,0.08,0.5,0.015625,0.029411764705882353,0.515625,0.4765625,0.25,1.7013340460343592e-19,0.0
3,66,0.2954398631840796,0.87109375,0.04,0.1111111111111111,0.014925373134328358,0.03125,0.48828125,0.48046875,0.125,1.2894954194022774e-17,0.0
3,67,0.3526094014723679,0.859375,0.08,0.5,0.014925373134328358,0.02702702702702703,0.44921875,0.5,0.25,1.2164097440636994e-18,0.0
3,68,0.362138600557817,0.875,0.12,0.5,0.014925373134328358,0.030303030303030304,0.5078125,0.5,0.1111111111111111,2.0141451521491344e-20,0.08333333333333333
3,69,0.33506519991832495,0.859375,0.04,0.5,0.014285714285714285,0.02702702702702703,0.5078125,0.44921875,0.07692307692307693,0.0,0.0
4,5,0.45360104166666665,0.9921875,0.08,0.2,0.5,1.0,0.49609375,0.49609375,0.3333333333333333,0.06666666666666667,0.0
4,6,0.44521614152892564,0.98828125,0.08,0.2,0.5,0.5,0.51953125,0.5234375,0.5,0.12396694214876033,0.0
4,7,0.4272622258771929,0.984375,0.08,0.2,0.2,1.0,0.46875,0.46484375,0.3333333333333333,0.15789473684210525,0.0
4,8,0.3869826105442177,0.97265625,0.12,0.14285714285714285,0.2,0.25,0.53125,0.51953125,0.3333333333333333,0.07653061224489796,0.0
4,9,0.3924894570707071,0.9921875,0.08,0.3333333333333333,0.3333333333333333,0.3333333333333333,0.515625,0.4375,0.1111111111111111,0.025252525252525252,0.0
4,10,0.5044494775728781,0.984375,0.04,0.5,0.14285714285714285,1.0,0.484375,0.4609375,1.0,0.016910935738444193,0.08333333333333333
4,11,0.3780173973880596,0.96875,0.08,0.2,0.125,0.2,0.51171875,0.44140625,0.5,0.014925373134328358,0.0
4,12,0.38325151746670644,0.9765625,0.16,0.3333333333333333,0.1111111111111111,0.2,0.5,0.55859375,0.1,0.005366726296958855,0.0
4,13,0.37404643872214643,0.96875,0.04,0.1111111111111111,0.1,0.3333333333333333,0.515625,0.5078125,0.5,0.001364256480218281,0.0
4,14,0.3586861086829836,0.95703125,0.12,0.3333333333333333,0.09090909090909091,0.125,0.4609375,0.4609375,0.16666666666666666,0.0018028846153846155,0.0
4,15,0.40874679662345365,0.9765625,0.12,0.3333333333333333,0.08333333333333333,0.3333333333333333,0.47265625,0.52734375,0.5,0.000762582613116421,0.0
4,16,0.39143172209562255,0.97265625,0.08,0.3333333333333333,0.07692307692307693,0.16666666666666666,0.5078125,0.48046875,0.5,0.00025626569627389676,0.0
4,17,0.33932097640511044,0.96484375,0.08,0.2,0.07142857142857142,0.125,0.51953125,0.46875,0.1,0.00026776151374509105,0.0
4,18,0.4157796776212878,0.95703125,0.04,0.3333333333333333,0.06666666666666667,0.16666666666666666,0.44140625,0.49609375,1.0,4.3238132573879556e-05,0.0
4,19,0.3301712295687565,0.94140625,0.04,0.2,0.0625,0.08333333333333333,0.50390625,0.4921875,0.14285714285714285,3.388566975026261e-05,0.0
4,20,0.3298407717751627,0.95703125,0.04,0.2,0.058823529411764705,0.08333333333333333,0.50390625,0.41796875,0.2,6.06570370250554e-05,0.0
4,21,0.36581838480139467,0.953125,0.08,0.5,0.05555555555555555,0.09090909090909091,0.51171875,0.4375,0.1,1.0748373412823526e-05,0.0
4,22,0.37703567057950355,0.95703125,0.08,0.5,0.05263157894736842,0.125,0.46875,0.49609375,0.2,2.4043952344886453e-06,0.0
4,23,0.3454599932596084,0.9375,0.12,0.3333333333333333,0.047619047619047616,0.09090909090909091,0.44140625,0.5234375,0.06666666666666667,1.5110367636251949e-06,0.0
4,24,0.38820650192081096,0.94921875,0.08,0.5,0.045454545454545456,0.1,0.4921875,0.5078125,0.3333333333333333,5.7769630120314884e-06,0.0
4,25,0.3673559908690676,0.95703125,0.16,0.3333333333333333,0.045454545454545456,0.1,0.53515625,0.515625,0.09090909090909091,4.159996112899632e-07,0.0
4,26,0.3692616096473412,0.9609375,0.08,0.3333333333333333,0.043478260869565216,0.1111111111111111,0.4921875,0.4921875,0.3333333333333333,2.5740737778966964e-07,0.0
4,27,0.34677790029755395,0.9375,0.04,0.25,0.041666666666666664,0.07692307692307693,0.5078125,0.46875,0.3333333333333333,2.6136949005017756e-07,0.0
4,28,0.39308437695916787,0.94921875,0.16,0.5,0.04,0.1,0.4921875,0.515625,0.25,3.265279794075957e-08,0.0
4,29,0.3244994233568618,0.94140625,0.0,0.16666666666666666,0.037037037037037035,0.08333333333333333,0.53125,0.5,0.16666666666666666,3.434276039740408e-08,0.0
4,30,0.36507175424233146,0.91796875,0.12,0.5,0.037037037037037035,0.05555555555555555,0.4609375,0.5,0.14285714285714285,1.919577287582009e-07,0.0
4,31,0.34589133335580574,0.9296875,0.12,0.3333333333333333,0.037037037037037035,0.058823529411764705,0.49609375,0.50390625,0.06666666666666667,4.913391911020988e-09,0.0
4,32,0.34484299599456736,0.94921875,0.04,0.2,0.034482758620689655,0.1,0.546875,0.5,0.25,5.081870376714007e-09,0.0
4,33,0.35681538550135555,0.9453125,0.08,0.3333333333333333,0.03333333333333333,0.07692307692307693,0.5078125,0.5390625,0.16666666666666666,1.4766183247093737e-08,0.0
4,34,0.35675558717644346,0.9453125,0.16,0.25,0.03333333333333333,0.09090909090909091,0.50390625,0.49609375,0.2,9.20522201888643e-10,0.0
4,35,0.3289828947621309,0.921875,0.08,0.2,0.03125,0.05263157894736842,0.5078125,0.5625,0.0625,4.2147982072687504e-10,0.0
4,36,0.33415886260304395,0.9296875,0.08,0.25,0.030303030303030304,0.058823529411764705,0.4921875,0.47265625,0.16666666666666666,1.346038184785604e-09,0.0
4,37,0.3817621888597351,0.9453125,0.12,0.5,0.030303030303030304,0.06666666666666667,0.57421875,0.48046875,0.14285714285714285,1.1535492804141486e-10,0.0
4,38,0.328887722206055,0.9296875,0.08,0.2,0.02857142857142857,0.058823529411764705,0.5234375,0.515625,0.07692307692307693,2.9810819841619786e-11,0.0
4,39,0.3679617563220005,0.91796875,0.12,0.5,0.02702702702702703,0.045454545454545456,0.51953125,0.47265625,0.14285714285714285,6.657031669101279e-11,0.0
4,40,0.3469805555564715,0.9375,0.12,0.25,0.027777777777777776,0.06666666666666667,0.4765625,0.546875,0.16666666666666666,1.5266840632502202e-11,0.0
4,41,0.3250617582562264,0.921875,0.0,0.25,0.02631578947368421,0.058823529411764705,0.52734375,0.46875,0.16666666666666666,4.874380475430024e-12,0.0
4,42,0.33310080128230984,0.9296875,0.04,0.25,0.025,0.07692307692307693,0.41015625,0.4765625,0.3333333333333333,4.309708013880252e-12,0.0
4,43,0.3193795138891533,0.90234375,0.04,0.25,0.025,0.041666666666666664,0.4765625,0.5078125,0.1111111111111111,4.4075524084086115e-12,0.0
4,44,0.32307395833336683,0.91796875,0.04,0.16666666666666666,0.025,0.05555555555555555,0.5546875,0.5234375,0.1,5.592735661943559e-13,0.0
4,45,0.32690805982968746,0.9140625,0.08,0.2,0.023809523809523808,0.043478260869565216,0.53515625,0.51171875,0.09090909090909091,4.0710223498876355e-13,0.0
4,46,0.331812737843826,0.90234375,0.04,0.3333333333333333,0.023255813953488372,0.045454545454545456,0.47265625,0.46484375,0.2,4.569928839911347e-12,0.0
4,47,0.3355733979836016,0.9140625,0.08,0.25,0.022727272727272728,0.05263157894736842,0.515625,0.515625,0.14285714285714285,1.0247888585535666e-13,0.0
4,48,0.3065450475146765,0.90625,0.0,0.2,0.022222222222222223,0.05263157894736842,0.5,0.46484375,0.1,9.43969780266246e-13,0.0
4,49,0.31829480676328575,0.90625,0.08,0.1111111111111111,0.022222222222222223,0.043478260869565216,0.5390625,0.515625,0.125,1.204231739841217e-14,0.0
4,50,0.3037581439393952,0.90234375,0.04,0.1,0.020833333333333332,0.05,0.51171875,0.50390625,0.09090909090909091,2.1123871488348032e-14,0.0
4,51,0.3209824810606084,0.90234375,0.0,0.125,0.020833333333333332,0.045454545454545456,0.56640625,0.4453125,0.3333333333333333,3.851464844036996e-14,0.0
4,52,0.2989896126022886,0.890625,0.0,0.16666666666666666,0.02040816326530612,0.043478260869565216,0.51171875,0.44140625,0.1111111111111111,2.2604559385153277e-14,0.0
4,53,0.355861968537415,0.88671875,0.12,0.5,0.02040816326530612,0.03571428571428571,0.46875,0.4609375,0.16666666666666666,8.89671062678652e-16,0.0
4,54,0.3321920329670332,0.890625,0.08,0.25,0.019230769230769232,0.04,0.47265625,0.5859375,0.14285714285714285,2.5434146266696754e-15,0.0
4,55,0.3213442893967932,0.8828125,0.08,0.25,0.0196078431372549,0.034482758620689655,0.46484375,0.50390625,0.14285714285714285,1.8784360159683628e-16,0.0
4,56,0.3226064814814816,0.90625,0.04,0.3333333333333333,0.018518518518518517,0.04,0.50390625,0.4453125,0.0625,4.64452255601864e-16,0.0
4,57,0.3445504596032898,0.89453125,0.16,0.25,0.018867924528301886,0.038461538461538464,0.46484375,0.58203125,0.16666666666666666,5.695565049043987e-17,0.0
4,58,0.3308504464285714,0.8984375,0.04,0.2,0.017857142857142856,0.04,0.4921875,0.56640625,0.25,5.265425728760686e-17,0.0
4,59,0.3489841905901117,0.875,0.08,0.5,0.017543859649122806,0.030303030303030304,0.51171875,0.4765625,0.1,4.6988834333320713e-17,0.0
4,60,0.30476444496658317,0.8828125,0.08,0.125,0.017857142857142856,0.037037037037037035,0.51171875,0.50390625,0.05263157894736842,6.843568947105786e-18,0.0
4,61,0.29152830323513584,0.86328125,0.0,0.14285714285714285,0.01694915254237288,0.03125,0.4609375,0.515625,0.1111111111111111,5.764192848879244e-18,0.0
4,62,0.31892155448717946,0.86328125,0.08,0.25,0.016666666666666666,0.03125,0.4921875,0.5390625,0.07692307692307693,4.030546164752563e-18,0.0
4,63,0.3084587797619048,0.8984375,0.0,0.2,0.016666666666666666,0.04,0.49609375,0.48046875,0.14285714285714285,3.785706264327184e-18,0.0
4,64,0.3416160427175284,0.88671875,0.08,0.5,0.01639344262295082,0.038461538461538464,0.40625,0.484375,0.125,4.984829032087224e-18,0.0
4,65,0.33094793374316933,0.87109375,0.04,0.3333333333333333,0.01639344262295082,0.03125,0.50390625,0.515625,0.16666666666666666,2.1266675575429492e-19,0.0
4,66,0.30525625,0.86328125,0.04,0.1,0.015625,0.03333333333333333,0.5625,0.53515625,0.1,1.6118692742528468e-17,0.0
4,67,0.337160119047619,0.8515625,0.12,0.3333333333333333,0.015625,0.02857142857142857,0.5,0.5078125,0.16666666666666666,1.5205121800796242e-18,0.0
4,68,0.326683211143695,0.875,0.04,0.3333333333333333,0.015625,0.03225806451612903,0.55859375,0.4609375,0.09090909090909091,2.517681440186418e-20,0.0
4,69,0.32561352389836534,0.859375,0.08,0.3333333333333333,0.014925373134328358,0.02857142857142857,0.53515625,0.47265625,0.06666666666666667,0.0,0.0
5,6,0.44904497491145223,0.98828125,0.0,0.14285714285714285,1.0,0.5,0.5078125,0.42578125,0.5,0.008264462809917356,0.0
5,7,0.5038378289473684,0.9921875,0.12,0.3333333333333333,0.25,1.0,0.48828125,0.4921875,1.0,0.010526315789473684,0.0
5,8,0.42319883078231296,0.97265625,0.08,0.1111111111111111,0.25,0.25,0.47265625,0.515625,1.0,0.00510204081632653,0.0
5,9,0.3852702065295816,0.984375,0.04,0.2,0.5,0.3333333333333333,0.50390625,0.46484375,0.14285714285714285,0.0016835016835016834,0.0
5,10,0.4037395187429538,0.9765625,0.0,0.25,0.16666666666666666,1.0,0.48046875,0.40234375,0.3333333333333333,0.0011273957158962795,0.0
5,11,0.4121632729211087,0.9765625,0.12,0.3333333333333333,0.14285714285714285,0.2,0.515625,0.4921875,0.5,0.0009950248756218905,0.08333333333333333
5,12,0.34737771690518787,0.96875,0.08,0.2,0.125,0.2,0.54296875,0.40625,0.125,0.00035778175313059033,0.0
5,13,0.39385282805766686,0.9765625,0.12,0.14285714285714285,0.1111111111111111,0.3333333333333333,0.51171875,0.48828125,0.5,9.095043201455206e-05,0.08333333333333333
5,14,0.34713846153846156,0.94921875,0.04,0.2,0.1,0.125,0.51953125,0.48828125,0.25,0.0001201923076923077,0.0
5,15,0.38763202760317966,0.96875,0.08,0.2,0.09090909090909091,0.3333333333333333,0.5390625,0.4609375,0.5,5.083884087442806e-05,0.0
5,16,0.3728833167294518,0.97265625,0.08,0.2,0.08333333333333333,0.16666666666666666,0.47265625,0.4921875,0.5,1.7084379751593118e-05,0.0
5,17,0.33778616719990107,0.97265625,0.04,0.2,0.07692307692307693,0.125,0.4765625,0.47265625,0.125,1.785076758300607e-05,0.08333333333333333
5,18,0.3931655003334827,0.96484375,0.12,0.3333333333333333,0.07142857142857142,0.16666666666666666,0.5859375,0.5,0.3333333333333333,2.8825421715919703e-06,0.0
5,19,0.3365584688760123,0.94921875,0.04,0.2,0.06666666666666667,0.08333333333333333,0.5078125,0.48828125,0.2,2.2590446500175076e-06,0.0
5,20,0.3335753914376719,0.95703125,0.0,0.14285714285714285,0.0625,0.08333333333333333,0.453125,0.53125,0.3333333333333333,4.043802468337027e-06,0.0
5,21,0.3450323458009803,0.953125,0.08,0.25,0.058823529411764705,0.09090909090909091,0.5078125,0.51171875,0.125,7.165582275215684e-07,0.0
5,22,0.3625704957286921,0.94921875,0.04,0.25,0.05555555555555555,0.125,0.52734375,0.4921875,0.3333333333333333,1.6029301563257635e-07,0.08333333333333333
5,23,0.3456365226525387,0.9453125,0.08,0.3333333333333333,0.05,0.09090909090909091,0.4921875,0.49609375,0.07692307692307693,1.0073578424167966e-07,0.0
5,24,0.40212829691737584,0.94140625,0.04,0.25,0.047619047619047616,0.1,0.46484375,0.46484375,1.0,3.851308674687659e-07,0.08333333333333333
5,25,0.3628171643624111,0.94921875,0.16,0.3333333333333333,0.047619047619047616,0.1,0.484375,0.52734375,0.1111111111111111,2.773330741933088e-08,0.0
5,26,0.4159186563326598,0.953125,0.04,0.2,0.045454545454545456,0.1111111111111111,0.58203125,0.49609375,1.0,1.716049185264464e-08,0.08333333333333333
5,27,0.40702802153042783,0.9375,0.08,0.16666666666666666,0.043478260869565216,0.07692307692307693,0.50390625,0.53515625,1.0,1.7424632670011837e-08,0.08333333333333333
5,28,0.38628958346394454,0.95703125,0.12,0.25,0.041666666666666664,0.1,0.54296875,0.52734375,0.5,2.176853196050638e-09,0.0
5,29,0.33787067321429415,0.94140625,0.08,0.16666666666666666,0.038461538461538464,0.08333333333333333,0.49609375,0.49609375,0.25,2.2895173598269385e-09,0.0
5,30,0.33863525717808735,0.91015625,0.04,0.25,0.038461538461538464,0.05555555555555555,0.52734375,0.53515625,0.2,1.2797181917213392e-08,0.0
5,31,0.31112803815798584,0.921875,0.04,0.14285714285714285,0.038461538461538464,0.058823529411764705,0.484375,0.515625,0.07692307692307693,3.2755946073473256e-10,0.0
5,32,0.3713758928774703,0.94921875,0.12,0.2,0.03571428571428571,0.1,0.50390625,0.50390625,0.5,3.3879135844760045e-10,0.0
5,33,0.3384083803641046,0.9375,0.12,0.2,0.034482758620689655,0.07692307692307693,0.42578125,0.50390625,0.25,9.844122164729158e-10,0.0
5,34,0.3297235828145494,0.9453125,0.0,0.16666666666666666,0.034482758620689655,0.09090909090909091,0.46875,0.484375,0.3333333333333333,6.13681467925762e-11,0.0
5,35,0.3478622006141041,0.921875,0.12,0.3333333333333333,0.03225806451612903,0.05263157894736842,0.52734375,0.50390625,0.07142857142857142,2.8098654715125e-11,0.0
5,36,0.33227941177009,0.9296875,0.0,0.16666666666666666,0.03125,0.058823529411764705,0.51953125,0.515625,0.25,8.973587898570694e-11,0.08333333333333333
5,37,0.3494312500004614,0.9453125,0.16,0.25,0.03125,0.06666666666666667,0.4921875,0.453125,0.2,7.690328536094324e-12,0.0
5,38,0.32827695521402295,0.9296875,0.08,0.2,0.029411764705882353,0.058823529411764705,0.47265625,0.55859375,0.09090909090909091,1.987387989441319e-12,0.0
5,39,0.34673386994976124,0.91015625,0.12,0.25,0.027777777777777776,0.045454545454545456,0.5234375,0.5234375,0.2,4.438021112734186e-12,0.0
5,40,0.3240200892857753,0.9296875,0.0,0.16666666666666666,0.02857142857142857,0.06666666666666667,0.51953125,0.48046875,0.25,1.0177893755001467e-12,0.0
5,41,0.37772594892688754,0.9296875,0.12,0.5,0.02702702702702703,0.058823529411764705,0.4921875,0.48828125,0.25,3.2495869836200156e-13,0.0
5,42,0.3914072916666839,0.9296875,0.04,0.25,0.02564102564102564,0.07692307692307693,0.4609375,0.46484375,1.0,2.873138675920168e-13,0.0
5,43,0.33280485347987115,0.91015625,0.08,0.25,0.02564102564102564,0.041666666666666664,0.51171875,0.50390625,0.14285714285714285,2.9383682722724077e-13,0.0
5,44,0.3175471153846176,0.92578125,0.04,0.16666666666666666,0.02564102564102564,0.05555555555555555,0.49609375,0.50390625,0.125,3.7284904412957053e-14,0.0
5,45,0.30434166119611666,0.9140625,0.0,0.14285714285714285,0.024390243902439025,0.043478260869565216,0.4609375,0.5390625,0.1111111111111111,2.7140148999250904e-14,0.0
5,46,0.3632018262987195,0.91015625,0.08,0.3333333333333333,0.023809523809523808,0.045454545454545456,0.515625,0.5,0.3333333333333333,3.046619226607565e-13,0.08333333333333333
5,47,0.3227652348531216,0.90625,0.08,0.16666666666666666,0.023255813953488372,0.05263157894736842,0.48828125,0.48828125,0.2,6.831925723690444e-15,0.0
5,48,0.34646357655502774,0.9140625,0.12,0.3333333333333333,0.022727272727272728,0.05263157894736842,0.48828125,0.515625,0.125,6.293131868441638e-14,0.0
5,49,0.29702867671278,0.8984375,0.0,0.09090909090909091,0.022727272727272728,0.043478260869565216,0.44921875,0.52734375,0.16666666666666666,8.028211598941447e-16,0.0
5,50,0.32359414154846344,0.90234375,0.12,0.125,0.02127659574468085,0.05,0.515625,0.5390625,0.1111111111111111,1.4082580992232022e-15,0.0
5,51,0.37721690038684735,0.90234375,0.04,0.16666666666666666,0.02127659574468085,0.045454545454545456,0.453125,0.50390625,1.0,2.5676432293579972e-15,0.0
5,52,0.33099143374741213,0.8984375,0.04,0.25,0.020833333333333332,0.043478260869565216,0.5078125,0.5703125,0.14285714285714285,1.506970625676885e-15,0.0
5,53,0.33735327380952385,0.88671875,0.08,0.25,0.020833333333333332,0.03571428571428571,0.51953125,0.50390625,0.25,5.93114041785768e-17,0.0
5,54,0.3176780024509804,0.890625,0.04,0.16666666666666666,0.0196078431372549,0.04,0.53125,0.48046875,0.2,1.6956097511131169e-16,0.0
5,55,0.32115646551724136,0.875,0.12,0.25,0.02,0.034482758620689655,0.4453125,0.4375,0.2,1.2522906773122418e-17,0.0
5,56,0.31677684467654993,0.90625,0.08,0.2,0.018867924528301886,0.04,0.5,0.48828125,0.07142857142857142,3.096348370679093e-17,0.0
5,57,0.3182742788461539,0.88671875,0.04,0.16666666666666666,0.019230769230769232,0.038461538461538464,0.5,0.4921875,0.25,3.797043366029324e-18,0.0
5,58,0.3765920454545454,0.8984375,0.12,0.3333333333333333,0.01818181818181818,0.04,0.53515625,0.5,0.5,3.510283819173791e-18,0.0
5,59,0.31019987824675327,0.8671875,0.0,0.25,0.017857142857142856,0.030303030303030304,0.4453125,0.57421875,0.125,3.1325889555547143e-18,0.0
5,60,0.2958576500297088,0.8828125,0.04,0.125,0.01818181818181818,0.037037037037037035,0.515625,0.4609375,0.058823529411764705,4.562379298070524e-19,0.0
5,61,0.306445381773399,0.86328125,0.08,0.2,0.017241379310344827,0.03125,0.44921875,0.47265625,0.14285714285714285,3.8427952325861627e-19,0.0
5,62,0.31933490947611715,0.87109375,0.12,0.25,0.01694915254237288,0.03125,0.48046875,0.42578125,0.09090909090909091,2.6870307765017086e-19,0.08333333333333333
5,63,0.34499343220338985,0.8984375,0.12,0.3333333333333333,0.01694915254237288,0.04,0.4921875,0.4765625,0.2,2.523804176218123e-19,0.0
5,64,0.32085560897435894,0.88671875,0.04,0.25,0.016666666666666666,0.038461538461538464,0.51171875,0.47265625,0.16666666666666666,3.323219354724816e-19,0.0
5,65,0.3327145833333333,0.86328125,0.04,0.3333333333333333,0.016666666666666666,0.03125,0.484375,0.50390625,0.25,1.4177783716952995e-20,0.0
5,66,0.3022042162698413,0.86328125,0.08,0.125,0.015873015873015872,0.03333333333333333,0.46484375,0.515625,0.125,1.0745795161685646e-18,0.0
5,67,0.326806001984127,0.84375,0.16,0.2,0.015873015873015872,0.02857142857142857,0.47265625,0.48828125,0.25,1.0136747867197495e-19,0.0
5,68,0.3067973390296979,0.875,0.0,0.2,0.015873015873015872,0.03225806451612903,0.5234375,0.50390625,0.1111111111111111,1.6784542934576119e-21,0.0
5,69,0.3221552530802531,0.8515625,0.08,0.3333333333333333,0.015151515151515152,0.02857142857142857,0.5078125,0.4765625,0.07692307692307693,0.0,0.0
6,7,0.45125654515938607,0.98046875,0.04,0.14285714285714285,0.25,0.5,0.51171875,0.53515625,0.5,0.7851239669421488,0.0
6,8,0.45456894132653053,0.984375,0.08,0.3333333333333333,0.25,0.3333333333333333,0.49609375,0.49609375,0.5,0.6173469387755102,0.0
6,9,0.4176565972222223,0.98828125,0.08,0.2,0.5,0.5,0.46484375,0.515625,0.125,0.2037037037037037,0.08333333333333333
6,10,0.4140713512307403,0.98046875,0.04,0.25,0.16666666666666666,0.5,0.50390625,0.5,0.5,0.13641488162344984,0.0
6,11,0.43090155916844347,0.97265625,0.08,0.14285714285714285,0.14285714285714285,0.25,0.515625,0.51953125,1.0,0.12039800995024875,0.0
6,12,0.355905134416617,0.96484375,0.08,0.2,0.125,0.25,0.48828125,0.51953125,0.1111111111111111,0.04329159212880143,0.0
6,13,0.4490389211681717,0.97265625,0.12,0.14285714285714285,0.1111111111111111,0.5,0.53515625,0.5625,1.0,0.0110050022737608,0.0
6,14,0.37943777472527473,0.9609375,0.16,0.3333333333333333,0.1,0.14285714285714285,0.51171875,0.4921875,0.2,0.014543269230769231,0.0
6,15,0.43799806725747564,0.98046875,0.08,0.2,0.09090909090909091,0.5,0.4921875,0.49609375,1.0,0.006151499745805796,0.0
6,16,0.44251882426366324,0.9765625,0.16,0.3333333333333333,0.08333333333333333,0.2,0.51171875,0.44140625,1.0,0.002067209949942767,0.0
6,17,0.3450625101868162,0.96875,0.04,0.2,0.07692307692307693,0.14285714285714285,0.515625,0.5546875,0.1111111111111111,0.0021599428775437345,0.0
6,18,0.36759458797045147,0.96875,0.0,0.2,0.07142857142857142,0.2,0.4765625,0.54296875,0.5,0.0003487876027626284,0.0
6,19,0.35940011278537126,0.9453125,0.08,0.3333333333333333,0.06666666666666667,0.09090909090909091,0.5390625,0.4921875,0.16666666666666666,0.0002733444026521184,0.0
6,20,0.37343077846046563,0.9609375,0.16,0.3333333333333333,0.0625,0.09090909090909091,0.4375,0.55078125,0.25,0.0004893000986687802,0.0
6,21,0.3522593484545619,0.96484375,0.12,0.25,0.058823529411764705,0.1,0.4921875,0.53125,0.1111111111111111,8.670354553010977e-05,0.0
6,22,0.3577326617431665,0.9609375,0.08,0.25,0.05555555555555555,0.14285714285714285,0.48828125,0.51953125,0.25,1.939545489154174e-05,0.0
6,23,0.3264868920560793,0.94921875,0.04,0.2,0.05,0.1,0.515625,0.484375,0.07142857142857142,1.2189029893243239e-05,0.0
6,24,0.37339773652628827,0.9453125,0.08,0.25,0.047619047619047616,0.1111111111111111,0.51953125,0.4921875,0.5,4.660083496372067e-05,0.0
6,25,0.3364888918200023,0.953125,0.08,0.2,0.047619047619047616,0.1111111111111111,0.484375,0.53125,0.1,3.3557301977390367e-06,0.0
6,26,0.3628208632215345,0.95703125,0.08,0.2,0.045454545454545456,0.125,0.46484375,0.484375,0.5,2.0764195141700016e-06,0.0
6,27,0.3865815123723984,0.94921875,0.16,0.25,0.043478260869565216,0.08333333333333333,0.52734375,0.515625,0.5,2.108380553071432e-06,0.0
6,28,0.34179793247062085,0.953125,0.04,0.16666666666666666,0.041666666666666664,0.1111111111111111,0.49609375,0.484375,0.3333333333333333,2.633992367221272e-07,0.0
6,29,0.33122523515336455,0.9375,0.04,0.16666666666666666,0.038461538461538464,0.09090909090909091,0.51953125,0.5,0.2,2.770316005390595e-07,0.0
6,30,0.333327261082503,0.921875,0.08,0.25,0.038461538461538464,0.058823529411764705,0.48828125,0.4765625,0.16666666666666666,1.5484590119828205e-06,0.0
6,31,0.33492871116929046,0.92578125,0.08,0.2,0.038461538461538464,0.0625,0.46875,0.54296875,0.07142857142857142,3.963469474890264e-08,0.16666666666666666
6,32,0.3393842286501015,0.953125,0.04,0.2,0.03571428571428571,0.1111111111111111,0.47265625,0.453125,0.3333333333333333,4.099375437215965e-08,0.0
6,33,0.32687425283648786,0.93359375,0.04,0.2,0.034482758620689655,0.08333333333333333,0.48828125,0.46875,0.2,1.1911387819322281e-07,0.0
6,34,0.365583621135188,0.95703125,0.08,0.25,0.034482758620689655,0.1,0.53125,0.49609375,0.25,7.42554576190172e-09,0.16666666666666666
6,35,0.30406829417481035,0.91015625,0.04,0.14285714285714285,0.03225806451612903,0.05555555555555555,0.48828125,0.4765625,0.06666666666666667,3.3999372205301253e-09,0.0
6,36,0.3472000006514825,0.93359375,0.08,0.25,0.03125,0.0625,0.55078125,0.49609375,0.2,1.085804135727054e-08,0.0
6,37,0.3575690476748794,0.94140625,0.08,0.25,0.03125,0.07142857142857142,0.546875,0.51171875,0.16666666666666666,9.305297528674132e-10,0.16666666666666666
6,38,0.3160343400004228,0.93359375,0.08,0.14285714285714285,0.029411764705882353,0.0625,0.51953125,0.4453125,0.08333333333333333,2.404739467223996e-10,0.0
6,39,0.3310970734449184,0.90625,0.08,0.25,0.027777777777777776,0.047619047619047616,0.4765625,0.51171875,0.16666666666666666,5.370005546408364e-10,0.0
6,40,0.3950495535788177,0.92578125,0.16,0.5,0.02857142857142857,0.07142857142857142,0.53515625,0.4921875,0.2,1.2315251443551775e-10,0.16666666666666666
6,41,0.3227715371645214,0.91796875,0.0,0.16666666666666666,0.02702702702702703,0.0625,0.546875,0.5,0.2,3.932000250180219e-11,0.0
6,42,0.3628606570533679,0.93359375,0.08,0.16666666666666666,0.02564102564102564,0.08333333333333333,0.5546875,0.5,0.5,3.476497797863403e-11,0.0
6,43,0.3073162277055892,0.90625,0.0,0.16666666666666666,0.02564102564102564,0.043478260869565216,0.49609375,0.5,0.125,3.5554256094496135e-11,0.0
6,44,0.3438195827051475,0.921875,0.04,0.25,0.02564102564102564,0.058823529411764705,0.55859375,0.5078125,0.1111111111111111,4.5114734339678034e-12,0.16666666666666666
6,45,0.35164099223966494,0.91796875,0.16,0.3333333333333333,0.024390243902439025,0.045454545454545456,0.5078125,0.50390625,0.1,3.283958028909359e-12,0.0
6,46,0.3158712797641166,0.90625,0.0,0.2,0.023809523809523808,0.047619047619047616,0.453125,0.49609375,0.25,3.686409264195153e-11,0.0
6,47,0.3405365067829953,0.91015625,0.16,0.25,0.023255813953488372,0.05555555555555555,0.46484375,0.5,0.16666666666666666,8.266630125665437e-13,0.0
6,48,0.3315341540408609,0.91796875,0.16,0.2,0.022727272727272728,0.05555555555555555,0.48828125,0.47265625,0.1111111111111111,7.614689560814383e-12,0.0
6,49,0.3303146509740318,0.90234375,0.08,0.2,0.022727272727272728,0.045454545454545456,0.47265625,0.5,0.14285714285714285,9.71413603471915e-14,0.16666666666666666
6,50,0.31470689739642677,0.8984375,0.12,0.1,0.02127659574468085,0.05263157894736842,0.46875,0.55078125,0.1,1.7039923000600747e-13,0.0
6,51,0.333096770516736,0.8984375,0.04,0.1,0.02127659574468085,0.047619047619047616,0.5390625,0.4453125,0.5,3.106848307523177e-13,0.0
6,52,0.3054626893939503,0.89453125,0.04,0.125,0.020833333333333332,0.045454545454545456,0.4921875,0.50390625,0.125,1.823434457069031e-13,0.0
6,53,0.33624513888888935,0.890625,0.08,0.25,0.020833333333333332,0.037037037037037035,0.52734375,0.515625,0.2,7.176679905607793e-15,0.0
6,54,0.33443633578431486,0.89453125,0.12,0.25,0.0196078431372549,0.041666666666666664,0.5,0.4921875,0.16666666666666666,2.0516877988468716e-14,0.0
6,55,0.33421369047619054,0.88671875,0.08,0.16666666666666666,0.02,0.03571428571428571,0.5234375,0.53515625,0.16666666666666666,1.5152717195478127e-15,0.16666666666666666
6,56,0.3133708922955977,0.90234375,0.08,0.2,0.018867924528301886,0.041666666666666664,0.4765625,0.4921875,0.06666666666666667,3.746581528521702e-15,0.0
6,57,0.3866353365384616,0.8828125,0.16,0.5,0.019230769230769232,0.04,0.515625,0.53515625,0.2,4.594422472895482e-16,0.16666666666666666
6,58,0.33566496212121216,0.89453125,0.08,0.2,0.01818181818181818,0.041666666666666664,0.48046875,0.51171875,0.3333333333333333,4.2474434212002866e-16,0.0
6,59,0.3088080853174603,0.87109375,0.04,0.25,0.017857142857142856,0.03125,0.4453125,0.5078125,0.1111111111111111,3.790432636221204e-16,0.0
6,60,0.3081316822066822,0.87890625,0.12,0.125,0.01818181818181818,0.038461538461538464,0.4609375,0.49609375,0.05555555555555555,5.5204789506653344e-17,0.08333333333333333
6,61,0.29180437754912864,0.859375,0.0,0.1111111111111111,0.017241379310344827,0.03225806451612903,0.50390625,0.5,0.125,4.649782231429257e-17,0.0
6,62,0.2974580827410242,0.875,0.0,0.16666666666666666,0.01694915254237288,0.03225806451612903,0.51953125,0.4765625,0.08333333333333333,3.251307239567067e-17,0.0
6,63,0.3306383726795803,0.88671875,0.16,0.14285714285714285,0.01694915254237288,0.041666666666666664,0.5,0.54296875,0.16666666666666666,3.0538030532239285e-17,0.0
6,64,0.3299556547619048,0.8984375,0.08,0.25,0.016666666666666666,0.04,0.49609375,0.5234375,0.14285714285714285,4.0210954192170273e-17,0.0
6,65,0.31996256720430105,0.8671875,0.04,0.2,0.016666666666666666,0.03225806451612903,0.515625,0.53125,0.2,1.7155118297513123e-18,0.0
6,66,0.2947808206759715,0.859375,0.04,0.125,0.015873015873015872,0.034482758620689655,0.48046875,0.49609375,0.1111111111111111,1.300241214563963e-16,0.0
6,67,0.3370314221521942,0.85546875,0.08,0.3333333333333333,0.015873015873015872,0.029411764705882353,0.50390625,0.5234375,0.2,1.226546491930897e-17,0.0
6,68,0.33942296626984125,0.88671875,0.08,0.3333333333333333,0.015873015873015872,0.03333333333333333,0.484375,0.4921875,0.1,2.0309296950837104e-19,0.16666666666666666
6,69,0.3006098628087599,0.84765625,0.08,0.2,0.015151515151515152,0.029411764705882353,0.4609375,0.48828125,0.07142857142857142,0.0,0.0
7,8,0.5132243409863946,0.98046875,0.08,0.1111111111111111,1.0,0.25,0.5234375,0.453125,1.0,0.4846938775510204,0.0
7,9,0.37536307269119773,0.9765625,0.0,0.2,0.3333333333333333,0.3333333333333333,0.4921875,0.48828125,0.14285714285714285,0.15993265993265993,0.0
7,10,0.45228761391394207,0.984375,0.08,0.25,0.3333333333333333,1.0,0.53125,0.50390625,0.3333333333333333,0.10710259301014656,0.0
7,11,0.4269466417910448,0.9765625,0.16,0.3333333333333333,0.25,0.2,0.45703125,0.5625,0.5,0.0945273631840796,0.0
7,12,0.3638081059928444,0.9765625,0.12,0.2,0.2,0.2,0.4765625,0.5,0.125,0.03398926654740608,0.0
7,13,0.4076736257958163,0.984375,0.16,0.2,0.16666666666666666,0.3333333333333333,0.53125,0.46484375,0.5,0.008640291041382447,0.0
7,14,0.34499491758241757,0.95703125,0.04,0.2,0.14285714285714285,0.125,0.4296875,0.51953125,0.25,0.01141826923076923,0.0
7,15,0.4038772813929843,0.96875,0.16,0.2,0.125,0.3333333333333333,0.46484375,0.5703125,0.5,0.004829689883070666,0.0
7,16,0.3831456448534729,0.96484375,0.12,0.2,0.1111111111111111,0.16666666666666666,0.5234375,0.46875,0.5,0.0016230160764013463,0.0
7,17,0.3419204993752232,0.97265625,0.04,0.2,0.1,0.125,0.50390625,0.51171875,0.125,0.0016958229203855766,0.0
7,18,0.39067769942977204,0.97265625,0.12,0.3333333333333333,0.09090909090909091,0.16666666666666666,0.52734375,0.515625,0.3333333333333333,0.0002738415063012372,0.0
7,19,0.33540454322117175,0.95703125,0.04,0.2,0.08333333333333333,0.08333333333333333,0.44921875,0.51953125,0.2,0.00021460924175166322,0.0
7,20,0.35050829463743954,0.95703125,0.04,0.14285714285714285,0.07692307692307693,0.08333333333333333,0.51171875,0.5625,0.3333333333333333,0.00038416123449201754,0.0
7,21,0.33515729055072807,0.953125,0.0,0.25,0.07142857142857142,0.09090909090909091,0.46484375,0.56640625,0.125,6.8073031614549e-05,0.0
7,22,0.3551790386701891,0.94921875,0.04,0.25,0.06666666666666667,0.125,0.5,0.4921875,0.3333333333333333,1.5227836485094753e-05,0.0
7,23,0.349936723155303,0.953125,0.08,0.3333333333333333,0.058823529411764705,0.09090909090909091,0.50390625,0.50390625,0.07692307692307693,9.569899502959567e-06,0.0
7,24,0.409327889690389,0.94921875,0.04,0.25,0.05555555555555555,0.1,0.484375,0.54296875,1.0,3.658743240953276e-05,0.0
7,25,0.33531474141318557,0.94921875,0.08,0.2,0.05555555555555555,0.1,0.53515625,0.45703125,0.1111111111111111,2.6346642048364337e-06,0.0
7,26,0.3960241657972597,0.953125,0.04,0.2,0.05263157894736842,0.1111111111111111,0.4921875,0.44921875,1.0,1.6302467260012409e-06,0.0
7,27,0.4070561089357908,0.9375,0.12,0.16666666666666666,0.05,0.07692307692307693,0.5078125,0.51953125,1.0,1.6553401036511243e-06,0.0
7,28,0.37632203621758703,0.95703125,0.08,0.25,0.047619047619047616,0.1,0.515625,0.51171875,0.5,2.068010536248106e-07,0.0
7,29,0.33889702391981413,0.94140625,0.08,0.16666666666666666,0.043478260869565216,0.08333333333333333,0.5078125,0.48828125,0.25,2.1750414918355913e-07,0.0
7,30,0.3413554171468354,0.91796875,0.08,0.25,0.043478260869565216,0.05555555555555555,0.5078125,0.51171875,0.2,1.2157322821352723e-06,0.0
7,31,0.3147856277980633,0.9296875,0.08,0.14285714285714285,0.043478260869565216,0.058823529411764705,0.47265625,0.4921875,0.07692307692307693,3.111814876979959e-08,0.0
7,32,0.3855312519311107,0.94921875,0.12,0.3333333333333333,0.04,0.1,0.53125,0.44921875,0.5,3.218517905252204e-08,0.0
7,33,0.32942668830345734,0.9375,0.0,0.2,0.038461538461538464,0.07692307692307693,0.46875,0.52734375,0.25,9.3519160564927e-08,0.0
7,34,0.3404856355479336,0.9453125,0.04,0.16666666666666666,0.038461538461538464,0.09090909090909091,0.49609375,0.5,0.3333333333333333,5.8299739452947385e-09,0.0
7,35,0.339701198468433,0.9140625,0.12,0.3333333333333333,0.03571428571428571,0.05263157894736842,0.5078125,0.45703125,0.07142857142857142,2.669372197936875e-09,0.0
7,36,0.3322005329658556,0.9296875,0.04,0.16666666666666666,0.034482758620689655,0.058823529411764705,0.53125,0.4921875,0.25,8.52490850364216e-09,0.0
7,37,0.34226487073349005,0.9375,0.04,0.25,0.034482758620689655,0.06666666666666667,0.50390625,0.546875,0.2,7.305812109289607e-10,0.0
7,38,0.30138501635290876,0.921875,0.0,0.14285714285714285,0.03225806451612903,0.058823529411764705,0.4609375,0.49609375,0.09090909090909091,1.8880185899692532e-10,0.0
7,39,0.33617964017681184,0.91015625,0.08,0.25,0.030303030303030304,0.045454545454545456,0.48046875,0.5234375,0.2,4.2161200570974763e-10,0.0
7,40,0.3457218750058014,0.9375,0.12,0.16666666666666666,0.03125,0.06666666666666667,0.5078125,0.52734375,0.25,9.668999067251394e-11,0.0
7,41,0.37591047794302873,0.9296875,0.08,0.5,0.029411764705882353,0.058823529411764705,0.49609375,0.51953125,0.25,3.0871076344390153e-11,0.0
7,42,0.4076469818392445,0.9296875,0.08,0.25,0.027777777777777776,0.07692307692307693,0.53515625,0.48046875,1.0,2.7294817421241597e-11,0.0
7,43,0.31846954365246855,0.91015625,0.04,0.25,0.027777777777777776,0.041666666666666664,0.4375,0.50390625,0.14285714285714285,2.7914498586587873e-11,0.0
7,44,0.323786805555768,0.92578125,0.08,0.16666666666666666,0.027777777777777776,0.05555555555555555,0.5,0.50390625,0.125,3.5420659192309202e-12,0.0
7,45,0.30433945484196945,0.90625,0.0,0.14285714285714285,0.02631578947368421,0.043478260869565216,0.54296875,0.453125,0.1111111111111111,2.5783141549288358e-12,0.0
7,46,0.36129209644695803,0.91015625,0.12,0.3333333333333333,0.02564102564102564,0.045454545454545456,0.44140625,0.5625,0.3333333333333333,2.8942882652771864e-11,0.0
7,47,0.32636726973688107,0.9140625,0.04,0.16666666666666666,0.025,0.05263157894736842,0.5390625,0.50390625,0.2,6.490329437505922e-13,0.0
7,48,0.3154903642493959,0.921875,0.04,0.2,0.024390243902439025,0.05263157894736842,0.4765625,0.4765625,0.125,5.978475275019557e-12,0.0
7,49,0.3166179644067978,0.8984375,0.12,0.09090909090909091,0.024390243902439025,0.043478260869565216,0.484375,0.51171875,0.16666666666666666,7.626801018994375e-14,0.0
7,50,0.3068851957070788,0.91015625,0.04,0.125,0.022727272727272728,0.05,0.53515625,0.4453125,0.1111111111111111,1.337845194262042e-13,0.0
7,51,0.3879329545454692,0.89453125,0.08,0.16666666666666666,0.022727272727272728,0.045454545454545456,0.48046875,0.53515625,1.0,2.439261067890097e-13,0.0
7,52,0.32435879485853175,0.8984375,0.08,0.25,0.022222222222222223,0.043478260869565216,0.49609375,0.4609375,0.14285714285714285,1.4316220943930408e-13,0.0
7,53,0.34150188492063527,0.89453125,0.12,0.25,0.022222222222222223,0.03571428571428571,0.5078125,0.48828125,0.25,5.6345833969647965e-15,0.0
7,54,0.32105729166666763,0.8984375,0.04,0.16666666666666666,0.020833333333333332,0.04,0.52734375,0.50390625,0.2,1.6108292635574612e-14,0.0
7,55,0.31427734317681594,0.875,0.04,0.16666666666666666,0.02127659574468085,0.034482758620689655,0.55078125,0.453125,0.2,1.1896761434466297e-15,0.0
7,56,0.3003549107142859,0.8984375,0.0,0.2,0.02,0.04,0.44140625,0.51953125,0.07142857142857142,2.941530952145138e-15,0.0
7,57,0.3133684703689168,0.88671875,0.04,0.16666666666666666,0.02040816326530612,0.038461538461538464,0.46484375,0.484375,0.25,3.607191197727858e-16,0.0
7,58,0.3513259615384616,0.890625,0.08,0.2,0.019230769230769232,0.04,0.4609375,0.515625,0.5,3.334769628215101e-16,0.08333333333333333
7,59,0.31949949078044604,0.859375,0.0,0.25,0.018867924528301886,0.030303030303030304,0.52734375,0.58203125,0.125,2.9759595077769787e-16,0.0
7,60,0.31089156611362495,0.875,0.12,0.125,0.019230769230769232,0.037037037037037035,0.48046875,0.5546875,0.058823529411764705,4.334260333166998e-17,0.0
7,61,0.3093581168831169,0.86328125,0.04,0.2,0.01818181818181818,0.03125,0.5390625,0.44921875,0.14285714285714285,3.650655470956854e-17,0.0
7,62,0.32599504870129864,0.86328125,0.08,0.25,0.017857142857142856,0.03125,0.53125,0.55078125,0.09090909090909091,2.5526792376766233e-17,0.0
7,63,0.3505348214285714,0.8984375,0.12,0.3333333333333333,0.017857142857142856,0.04,0.51171875,0.5078125,0.2,2.3976139674072166e-17,0.0
7,64,0.3093882844129554,0.89453125,0.0,0.25,0.017543859649122806,0.038461538461538464,0.4765625,0.44140625,0.16666666666666666,3.1570583869885756e-17,0.0
7,65,0.3130597587719298,0.87109375,0.0,0.2,0.017543859649122806,0.03125,0.48828125,0.50390625,0.25,1.3468894531105344e-18,0.0
7,66,0.3129177083333334,0.87109375,0.04,0.125,0.016666666666666666,0.03333333333333333,0.53125,0.484375,0.125,1.0208505403601363e-16,0.16666666666666666
7,67,0.3270507440476191,0.8515625,0.12,0.2,0.016666666666666666,0.02857142857142857,0.515625,0.48046875,0.25,9.629910473837621e-18,0.0
7,68,0.31306083109318994,0.8671875,0.08,0.2,0.016666666666666666,0.03225806451612903,0.48046875,0.51953125,0.1111111111111111,1.5945315787847314e-19,0.0
7,69,0.2948567231379732,0.859375,0.0,0.2,0.015873015873015872,0.02857142857142857,0.48828125,0.484375,0.07692307692307693,0.0,0.0
8,9,0.39467357503607503,0.98046875,0.08,0.14285714285714285,0.3333333333333333,0.5,0.5078125,0.41015625,0.14285714285714285,0.32996632996632996,0.0
8,10,0.3943790069522736,0.98046875,0.04,0.16666666666666666,0.3333333333333333,0.25,0.4765625,0.53515625,0.3333333333333333,0.2209695603156708,0.0
8,11,0.39930670087064674,0.98046875,0.04,0.1111111111111111,0.25,0.5,0.44140625,0.4921875,0.5,0.19502487562189055,0.0
8,12,0.38644099555967293,0.98046875,0.08,0.14285714285714285,0.2,0.5,0.4609375,0.4609375,0.125,0.0701252236135957,0.3333333333333333
8,13,0.3965924937471578,0.98046875,0.08,0.1111111111111111,0.16666666666666666,0.5,0.5,0.51171875,0.5,0.017826284674852207,0.0
8,14,0.375538907967033,0.96875,0.16,0.2,0.14285714285714285,0.2,0.515625,0.48046875,0.25,0.023557692307692307,0.0
8,15,0.4089938469115404,0.98046875,0.12,0.14285714285714285,0.125,0.5,0.44140625,0.5,0.5,0.0099644128113879,0.25
8,16,0.41220855119476757,0.9609375,0.16,0.2,0.1111111111111111,0.3333333333333333,0.53125,0.5,0.5,0.0033485384313122514,0.16666666666666666
8,17,0.3417559071696333,0.96875,0.08,0.14285714285714285,0.1,0.2,0.51953125,0.46484375,0.125,0.0034987504462691897,0.0
8,18,0.373147399778189,0.96875,0.0,0.14285714285714285,0.09090909090909091,0.3333333333333333,0.49609375,0.53125,0.3333333333333333,0.0005649782656320262,0.25
8,19,0.3385692746984175,0.953125,0.04,0.2,0.08333333333333333,0.1111111111111111,0.51953125,0.45703125,0.2,0.00044277275140343147,0.0
8,20,0.3678597346042071,0.9609375,0.08,0.2,0.07692307692307693,0.1111111111111111,0.48828125,0.515625,0.3333333333333333,0.0007925852837940572,0.16666666666666666
8,21,0.35723521243904144,0.96484375,0.08,0.16666666666666666,0.07142857142857142,0.125,0.58203125,0.54296875,0.125,0.0001404454125942274,0.08333333333333333
8,22,0.35863938504586385,0.9609375,0.08,0.16666666666666666,0.06666666666666667,0.2,0.484375,0.5234375,0.3333333333333333,3.1417431063984964e-05,0.0
8,23,0.34936002030246716,0.95703125,0.08,0.14285714285714285,0.058823529411764705,0.125,0.62109375,0.55859375,0.07692307692307693,1.974421371136921e-05,0.0
8,24,0.40601727715487446,0.9609375,0.08,0.16666666666666666,0.05555555555555555,0.14285714285714285,0.5,0.48828125,1.0,7.548565002387811e-05,0.0
8,25,0.3378010701913143,0.9453125,0.12,0.14285714285714285,0.05555555555555555,0.14285714285714285,0.49609375,0.47265625,0.1111111111111111,5.4357282541888525e-06,0.08333333333333333
8,26,0.41187858526603083,0.94921875,0.16,0.14285714285714285,0.05263157894736842,0.16666666666666666,0.4609375,0.51953125,1.0,3.3634564031183496e-06,0.0
8,27,0.3963564549136802,0.95703125,0.08,0.16666666666666666,0.05,0.1,0.4765625,0.45703125,1.0,3.4152280033223197e-06,0.0
8,28,0.3643091029807459,0.953125,0.04,0.125,0.047619047619047616,0.14285714285714285,0.5234375,0.51953125,0.5,4.2666322642592505e-07,0.08333333333333333
8,29,0.3478043294609561,0.9375,0.12,0.125,0.043478260869565216,0.1111111111111111,0.5234375,0.54296875,0.25,4.487454025260799e-07,0.0
8,30,0.34897528636442454,0.9375,0.08,0.16666666666666666,0.043478260869565216,0.06666666666666667,0.5234375,0.52734375,0.2,2.508247655773825e-06,0.16666666666666666
8,31,0.33900755730408205,0.94140625,0.16,0.14285714285714285,0.043478260869565216,0.07142857142857142,0.51171875,0.546875,0.07692307692307693,6.420165430400757e-08,0.0
8,32,0.3803236646984721,0.953125,0.12,0.14285714285714285,0.04,0.14285714285714285,0.5859375,0.52734375,0.5,6.640310625572968e-08,0.0
8,33,0.3441385417964679,0.93359375,0.08,0.14285714285714285,0.038461538461538464,0.1,0.53125,0.44921875,0.25,1.929447944286915e-07,0.16666666666666666
8,34,0.3634967154652792,0.95703125,0.12,0.16666666666666666,0.038461538461538464,0.125,0.56640625,0.4921875,0.3333333333333333,1.2028156771344936e-08,0.0
8,35,0.3079485122352021,0.89453125,0.08,0.1111111111111111,0.03571428571428571,0.0625,0.484375,0.51953125,0.07142857142857142,5.507336324164501e-09,0.0
8,36,0.34858496103066344,0.92578125,0.16,0.16666666666666666,0.034482758620689655,0.07142857142857142,0.5078125,0.515625,0.25,1.758823228119856e-08,0.0
8,37,0.3220929957800934,0.93359375,0.04,0.16666666666666666,0.034482758620689655,0.08333333333333333,0.48828125,0.4609375,0.2,1.5073043930744875e-09,0.0
8,38,0.3192974200764369,0.91796875,0.08,0.1111111111111111,0.03225806451612903,0.07142857142857142,0.515625,0.53515625,0.09090909090909091,3.895280459304986e-10,0.0
8,39,0.3293196372132757,0.9140625,0.12,0.16666666666666666,0.030303030303030304,0.05263157894736842,0.49609375,0.46875,0.2,8.698521380959004e-10,0.0
8,40,0.3533625000119692,0.92578125,0.12,0.25,0.03125,0.08333333333333333,0.5234375,0.49609375,0.25,1.9948671759802877e-10,0.0
8,41,0.32205740546600636,0.91796875,0.08,0.125,0.029411764705882353,0.07142857142857142,0.47265625,0.47265625,0.25,6.369190487895231e-11,0.0
8,42,0.379134722225601,0.92578125,0.04,0.125,0.027777777777777776,0.1,0.45703125,0.48828125,1.0,5.6313518048035295e-11,0.0
8,43,0.318617311511392,0.9140625,0.0,0.125,0.027777777777777776,0.047619047619047616,0.5703125,0.44140625,0.14285714285714285,5.7592018136539195e-11,0.16666666666666666
8,44,0.32268159722266065,0.9296875,0.04,0.16666666666666666,0.027777777777777776,0.06666666666666667,0.5390625,0.48828125,0.125,7.307841264939583e-12,0.0
8,45,0.3169285270471028,0.91015625,0.08,0.2,0.02631578947368421,0.05,0.48828125,0.453125,0.1111111111111111,5.3194692038531774e-12,0.0
8,46,0.32555620060123075,0.9140625,0.04,0.14285714285714285,0.02564102564102564,0.05263157894736842,0.49609375,0.46875,0.3333333333333333,5.971373684150826e-11,0.0
8,47,0.3458937500000803,0.92578125,0.12,0.16666666666666666,0.025,0.0625,0.53125,0.51953125,0.2,1.339057441843327e-12,0.08333333333333333
8,48,0.31164720165579235,0.92578125,0.04,0.14285714285714285,0.024390243902439025,0.0625,0.5234375,0.4375,0.125,1.2334538462145613e-11,0.0
8,49,0.3513345528455379,0.89453125,0.12,0.3333333333333333,0.024390243902439025,0.05,0.5078125,0.54296875,0.16666666666666666,1.5735294733925236e-13,0.0
8,50,0.3090552324717932,0.8984375,0.04,0.08333333333333333,0.022727272727272728,0.058823529411764705,0.54296875,0.5234375,0.1111111111111111,2.7601858744774763e-13,0.0
8,51,0.3790917015550542,0.8984375,0.04,0.08333333333333333,0.022727272727272728,0.05263157894736842,0.51171875,0.50390625,1.0,5.032580729541675e-13,0.08333333333333333
8,52,0.30422197420636693,0.89453125,0.0,0.1,0.022222222222222223,0.05,0.51953125,0.4765625,0.14285714285714285,2.9536624263266947e-13,0.08333333333333333
8,53,0.3243621527777785,0.8984375,0.08,0.16666666666666666,0.022222222222222223,0.04,0.4453125,0.48828125,0.25,1.1625035219001054e-14,0.08333333333333333
8,54,0.3295376893939414,0.90234375,0.12,0.16666666666666666,0.020833333333333332,0.045454545454545456,0.49609375,0.50390625,0.2,3.323395112181709e-14,0.0
8,55,0.320194194967267,0.88671875,0.08,0.125,0.02127659574468085,0.038461538461538464,0.50390625,0.5390625,0.2,2.454489727531994e-15,0.0
8,56,0.322421915584416,0.89453125,0.12,0.14285714285714285,0.02,0.045454545454545456,0.55859375,0.50390625,0.07142857142857142,6.068842806531022e-15,0.0
8,57,0.3379163487133985,0.875,0.12,0.25,0.02040816326530612,0.043478260869565216,0.48828125,0.5078125,0.25,7.442204997417475e-16,0.0
8,58,0.3397179664085914,0.88671875,0.08,0.14285714285714285,0.019230769230769232,0.045454545454545456,0.453125,0.53125,0.5,6.88015628558063e-16,0.0
8,59,0.3134844339622642,0.87109375,0.04,0.16666666666666666,0.018867924528301886,0.03333333333333333,0.49609375,0.48046875,0.125,6.13987435288724e-16,0.16666666666666666
8,60,0.2964224688914027,0.87109375,0.04,0.1,0.019230769230769232,0.041666666666666664,0.52734375,0.5,0.058823529411764705,8.942263424218228e-17,0.0
8,61,0.3105767983094492,0.8671875,0.08,0.09090909090909091,0.01818181818181818,0.034482758620689655,0.578125,0.48046875,0.14285714285714285,7.531878655868878e-17,0.0
8,62,0.30983588921854005,0.859375,0.12,0.125,0.017857142857142856,0.034482758620689655,0.4921875,0.53515625,0.09090909090909091,5.266580321943349e-17,0.0
8,63,0.3154423024891775,0.88671875,0.0,0.1111111111111111,0.017857142857142856,0.045454545454545456,0.51953125,0.5,0.2,4.94665618538752e-17,0.16666666666666666
8,64,0.32440491275743705,0.8984375,0.08,0.16666666666666666,0.017543859649122806,0.043478260869565216,0.4765625,0.51953125,0.16666666666666666,6.51350993526064e-17,0.08333333333333333
8,65,0.33418720643202837,0.8671875,0.16,0.14285714285714285,0.017543859649122806,0.034482758620689655,0.50390625,0.49609375,0.25,2.778845608522787e-18,0.08333333333333333
8,66,0.30389305555555557,0.8671875,0.16,0.1,0.016666666666666666,0.037037037037037035,0.4609375,0.4453125,0.125,2.1061758516903864e-16,0.0
8,67,0.33648333333333336,0.87109375,0.16,0.2,0.016666666666666666,0.03125,0.46875,0.48828125,0.25,1.986802581970709e-17,0.08333333333333333
8,68,0.32519632936507936,0.88671875,0.12,0.2,0.016666666666666666,0.03571428571428571,0.50390625,0.51953125,0.1111111111111111,3.2897704151769195e-19,0.0
8,69,0.31021966956654456,0.86328125,0.08,0.14285714285714285,0.015873015873015872,0.03125,0.52734375,0.5390625,0.07692307692307693,0.0,0.0
9,10,0.44218177220343224,0.9765625,0.12,0.5,0.2,0.3333333333333333,0.4609375,0.4921875,0.1111111111111111,0.6696730552423901,0.0
9,11,0.3861553949004975,0.96875,0.0,0.2,0.16666666666666666,0.3333333333333333,0.48828125,0.50390625,0.125,0.591044776119403,0.0
9,12,0.42311428811014556,0.9765625,0.08,0.3333333333333333,0.14285714285714285,0.3333333333333333,0.5390625,0.47265625,0.5,0.21252236135957067,0.0
9,13,0.38188730673033205,0.9609375,0.0,0.1111111111111111,0.125,1.0,0.5,0.5234375,0.125,0.05402455661664393,0.0
9,14,0.3738256677350428,0.95703125,0.08,0.3333333333333333,0.1111111111111111,0.16666666666666666,0.4765625,0.5,0.25,0.07139423076923077,0.0
9,15,0.43479002128876465,0.9765625,0.16,0.3333333333333333,0.1,1.0,0.52734375,0.53515625,0.125,0.03019827147941027,0.0
9,16,0.36504411456707403,0.96484375,0.04,0.3333333333333333,0.09090909090909091,0.25,0.5078125,0.51953125,0.125,0.010148121572446312,0.0
9,17,0.3726059930233249,0.97265625,0.04,0.2,0.08333333333333333,0.16666666666666666,0.51171875,0.4921875,0.5,0.010603355944305606,0.0
9,18,0.3553017188457306,0.95703125,0.0,0.3333333333333333,0.07692307692307693,0.25,0.52734375,0.49609375,0.1111111111111111,0.0017122300499256304,0.0
9,19,0.354052089732279,0.94921875,0.08,0.2,0.07142857142857142,0.1,0.49609375,0.5,0.3333333333333333,0.0013418725221103994,0.0
9,20,0.3534587044533049,0.95703125,0.08,0.2,0.06666666666666667,0.1,0.53515625,0.54296875,0.2,0.002402018666192194,0.0
9,21,0.4125547048018955,0.953125,0.12,0.5,0.0625,0.1111111111111111,0.48828125,0.5390625,0.5,0.00042563558714781165,0.0
9,22,0.38443659519601836,0.95703125,0.04,0.5,0.058823529411764705,0.16666666666666666,0.5390625,0.51171875,0.2,9.521405128575035e-05,0.0
9,23,0.330121854634378,0.9453125,0.0,0.3333333333333333,0.05263157894736842,0.1111111111111111,0.44921875,0.4375,0.14285714285714285,5.983705583955771e-05,0.0
9,24,0.37656417249268803,0.94921875,0.08,0.5,0.05,0.125,0.5,0.515625,0.14285714285714285,0.00022876773527644693,0.0
9,25,0.378195780081743,0.94921875,0.08,0.3333333333333333,0.05,0.125,0.56640625,0.5,0.3333333333333333,1.6473584607082544e-05,0.0
9,26,0.3589163854094534,0.9609375,0.08,0.3333333333333333,0.047619047619047616,0.14285714285714285,0.5078125,0.5,0.14285714285714285,1.0193332160470917e-05,0.0
9,27,0.3426576015333889,0.9453125,0.08,0.25,0.045454545454545456,0.09090909090909091,0.4609375,0.5546875,0.14285714285714285,1.0350231805987031e-05,0.0
9,28,0.3442085467859464,0.95703125,0.04,0.25,0.043478260869565216,0.125,0.5234375,0.4921875,0.16666666666666666,1.2930507984540789e-06,0.0
9,29,0.3378469565983987,0.94140625,0.04,0.16666666666666666,0.04,0.1,0.5234375,0.5078125,0.25,1.3599733117372013e-06,0.0
9,30,0.3833077477582302,0.92578125,0.12,0.5,0.04,0.0625,0.46875,0.5,0.3333333333333333,7.6015260588247546e-06,0.0
9,31,0.3336192081027906,0.9375,0.04,0.2,0.04,0.06666666666666667,0.50390625,0.51171875,0.14285714285714285,1.9457031967643114e-07,0.08333333333333333
9,32,0.3255056833708203,0.95703125,0.04,0.2,0.037037037037037035,0.125,0.4609375,0.4453125,0.16666666666666666,2.0124206691787465e-07,0.0
9,33,0.37164922339613976,0.9375,0.16,0.3333333333333333,0.03571428571428571,0.09090909090909091,0.4921875,0.53125,0.25,5.84740856584912e-07,0.0
9,34,0.35680193671097027,0.9453125,0.08,0.25,0.03571428571428571,0.1111111111111111,0.51171875,0.53515625,0.2,3.6452679194790264e-08,0.08333333333333333
9,35,0.3592210794328086,0.9140625,0.16,0.3333333333333333,0.03333333333333333,0.058823529411764705,0.5703125,0.4765625,0.125,1.669060090078425e-08,0.0
9,36,0.3458525233594771,0.9296875,0.04,0.25,0.03225806451612903,0.06666666666666667,0.5234375,0.53515625,0.25,5.330311211750992e-08,0.0
9,37,0.39980332171742494,0.9453125,0.12,0.5,0.03225806451612903,0.07692307692307693,0.50390625,0.53515625,0.3333333333333333,4.568055150440028e-09,0.08333333333333333
9,38,0.33418674249507296,0.921875,0.08,0.2,0.030303030303030304,0.06666666666666667,0.4921875,0.515625,0.2,1.1805084657281437e-09,0.0
9,39,0.394977381110552,0.91796875,0.16,0.5,0.02857142857142857,0.05,0.49609375,0.55859375,0.3333333333333333,2.636184540964106e-09,0.0
9,40,0.36220582582812927,0.9296875,0.12,0.25,0.029411764705882353,0.07692307692307693,0.53125,0.5234375,0.25,6.045668890470871e-10,0.08333333333333333
9,41,0.3402347222338038,0.921875,0.08,0.25,0.027777777777777776,0.06666666666666667,0.48046875,0.4921875,0.25,1.9302546682702894e-10,0.0
9,42,0.3292508800512515,0.9296875,0.08,0.25,0.02631578947368421,0.09090909090909091,0.45703125,0.46875,0.14285714285714285,1.7066443734965799e-10,0.0
9,43,0.4005106608956398,0.91015625,0.04,0.25,0.02631578947368421,0.045454545454545456,0.5390625,0.515625,1.0,1.7453907537298103e-10,0.0
9,44,0.35122088815922353,0.92578125,0.04,0.16666666666666666,0.02631578947368421,0.0625,0.484375,0.5,0.5,2.214723322129649e-11,0.08333333333333333
9,45,0.34164568452477684,0.921875,0.08,0.2,0.025,0.047619047619047616,0.48828125,0.50390625,0.3333333333333333,1.6121248505555037e-11,0.0
9,46,0.34498871952305327,0.91015625,0.04,0.3333333333333333,0.024390243902439025,0.05,0.53515625,0.50390625,0.2,1.8096918206048934e-10,0.0
9,47,0.3386383403363779,0.9140625,0.04,0.25,0.023809523809523808,0.058823529411764705,0.4765625,0.4921875,0.3333333333333333,4.058163879872124e-12,0.0
9,48,0.36613675188322786,0.9140625,0.08,0.2,0.023255813953488372,0.058823529411764705,0.5234375,0.58203125,0.5,3.738120329854333e-11,0.0
9,49,0.35284469130678386,0.90625,0.08,0.1111111111111111,0.023255813953488372,0.047619047619047616,0.5390625,0.5078125,0.5,4.768757689771219e-13,0.08333333333333333
9,50,0.3205641304348328,0.89453125,0.08,0.1,0.021739130434782608,0.05555555555555555,0.46484375,0.48828125,0.3333333333333333,8.36505310938582e-13,0.0
9,51,0.3186958268634456,0.90234375,0.08,0.16666666666666666,0.021739130434782608,0.05,0.46484375,0.53125,0.14285714285714285,1.5251800782386504e-12,0.0
9,52,0.38195614551677104,0.890625,0.04,0.16666666666666666,0.02127659574468085,0.047619047619047616,0.49609375,0.51953125,1.0,8.951405516520698e-13,0.0
9,53,0.3628129449672689,0.88671875,0.04,0.5,0.02127659574468085,0.038461538461538464,0.484375,0.5546875,0.25,3.523097408207462e-14,0.0
9,54,0.34598161231884667,0.8828125,0.08,0.25,0.02,0.043478260869565216,0.49609375,0.5546875,0.3333333333333333,1.0071921921611914e-13,0.0
9,55,0.34617466695011384,0.8828125,0.08,0.25,0.02040816326530612,0.037037037037037035,0.52734375,0.47265625,0.3333333333333333,7.438606623234717e-15,0.08333333333333333
9,56,0.3512346571906365,0.90625,0.16,0.3333333333333333,0.019230769230769232,0.043478260869565216,0.51953125,0.4921875,0.125,1.8392309321833813e-14,0.0
9,57,0.3401123774509805,0.88671875,0.08,0.25,0.0196078431372549,0.041666666666666664,0.51171875,0.48828125,0.25,2.2554437594214186e-15,0.08333333333333333
9,58,0.3303328854669888,0.90625,0.12,0.2,0.018518518518518517,0.043478260869565216,0.5078125,0.48046875,0.16666666666666666,2.085108588589232e-15,0.0
9,59,0.37740252932551327,0.8828125,0.08,0.5,0.01818181818181818,0.03225806451612903,0.44921875,0.5,0.5,1.8607578395995003e-15,0.0
9,60,0.29992608375420876,0.875,0.04,0.1,0.018518518518518517,0.04,0.47265625,0.51953125,0.09090909090909091,2.7100533030538915e-16,0.08333333333333333
9,61,0.38088699091478695,0.86328125,0.08,0.14285714285714285,0.017543859649122806,0.03333333333333333,0.4921875,0.546875,1.0,2.2826203681561806e-16,0.0
9,62,0.3181574353448276,0.86328125,0.08,0.25,0.017241379310344827,0.03333333333333333,0.4609375,0.46875,0.2,1.5960962812420149e-16,0.0
9,63,0.3348640476636681,0.890625,0.04,0.2,0.017241379310344827,0.043478260869565216,0.51953125,0.51953125,0.3333333333333333,1.4991396806735648e-16,0.0
9,64,0.39896530720338985,0.88671875,0.2,0.5,0.01694915254237288,0.041666666666666664,0.4921875,0.484375,0.5,1.9739922967065408e-16,0.0
9,65,0.3587778072033898,0.87109375,0.2,0.3333333333333333,0.01694915254237288,0.03333333333333333,0.51171875,0.4921875,0.25,8.421603527870079e-18,0.0
9,66,0.33540817972350234,0.85546875,0.04,0.1,0.016129032258064516,0.03571428571428571,0.53125,0.56640625,0.5,6.383002326041274e-16,0.0
9,67,0.33133975439882696,0.859375,0.08,0.3333333333333333,0.016129032258064516,0.030303030303030304,0.46875,0.4609375,0.25,6.021228233115312e-17,0.0
9,68,0.35763220476455315,0.8828125,0.08,0.3333333333333333,0.016129032258064516,0.034482758620689655,0.48828125,0.5390625,0.3333333333333333,9.970018503138215e-19,0.08333333333333333
9,69,0.3485181474775225,0.859375,0.16,0.3333333333333333,0.015384615384615385,0.030303030303030304,0.53515625,0.52734375,0.14285714285714285,0.0,0.0
10,11,0.46456459888059704,0.96875,0.0,0.25,0.5,0.2,0.48828125,0.56640625,0.5,0.882587064676617,0.0
10,12,0.4310234365682767,0.9765625,0.12,0.5,0.3333333333333333,0.2,0.5,0.52734375,0.1,0.31735241502683365,0.0
10,13,0.38950288199181443,0.9765625,0.04,0.125,0.25,0.3333333333333333,0.4921875,0.4921875,0.5,0.08067303319690769,0.0
10,14,0.3926580929487179,0.97265625,0.04,0.5,0.2,0.125,0.4765625,0.515625,0.16666666666666666,0.10661057692307692,0.0
10,15,0.4338796014446704,0.9765625,0.08,0.5,0.16666666666666666,0.3333333333333333,0.50390625,0.50390625,0.5,0.04509405185561769,0.0
10,16,0.4261940521189513,0.96484375,0.08,0.5,0.14285714285714285,0.16666666666666666,0.5390625,0.54296875,0.5,0.015153844839663096,0.0
10,17,0.3454093928507676,0.95703125,0.04,0.25,0.125,0.125,0.49609375,0.515625,0.1,0.015833630846126382,0.0
10,18,0.4404235477832609,0.96484375,0.04,0.5,0.1111111111111111,0.16666666666666666,0.45703125,0.47265625,1.0,0.002556814906202078,0.0
10,19,0.3551769227848454,0.94921875,0.12,0.25,0.1,0.08333333333333333,0.51171875,0.515625,0.14285714285714285,0.002003772604565529,0.0
10,20,0.35093793844009213,0.94921875,0.08,0.25,0.09090909090909091,0.08333333333333333,0.48046875,0.52734375,0.2,0.0035868527894149425,0.0
10,21,0.4376093473500808,0.9609375,0.08,1.0,0.08333333333333333,0.09090909090909091,0.48828125,0.546875,0.1,0.0006355871478116312,0.0
10,22,0.4400811269481382,0.96484375,0.08,1.0,0.07692307692307693,0.125,0.4921875,0.46484375,0.2,0.00014217990486609523,0.0
10,23,0.3704515732796495,0.953125,0.08,0.5,0.06666666666666667,0.09090909090909091,0.51953125,0.4921875,0.06666666666666667,8.935264062236986e-05,0.0
10,24,0.46670278833143336,0.95703125,0.2,1.0,0.0625,0.1,0.515625,0.46875,0.3333333333333333,0.0003416110794447953,0.0
10,25,0.36238982823934807,0.96484375,0.04,0.5,0.0625,0.1,0.49609375,0.453125,0.09090909090909091,2.459944368094649e-05,0.0
10,26,0.3948401289676509,0.9609375,0.12,0.5,0.058823529411764705,0.1111111111111111,0.46875,0.5078125,0.3333333333333333,1.5221356273295796e-05,0.0
10,27,0.3648961730654464,0.9375,0.08,0.3333333333333333,0.05555555555555555,0.07692307692307693,0.5,0.4921875,0.3333333333333333,1.54556491783005e-05,0.0
10,28,0.3625575171679166,0.94140625,0.12,0.3333333333333333,0.05263157894736842,0.1,0.4609375,0.5078125,0.25,1.930868784896916e-06,0.0
10,29,0.32965860399097097,0.93359375,0.0,0.2,0.047619047619047616,0.08333333333333333,0.5390625,0.5078125,0.16666666666666666,2.0308018981664945e-06,0.0
10,30,0.4225314846374502,0.92578125,0.04,1.0,0.047619047619047616,0.05555555555555555,0.546875,0.4609375,0.14285714285714285,1.1351100360568279e-05,0.0
10,31,0.32210041134027756,0.9375,0.04,0.25,0.047619047619047616,0.058823529411764705,0.48828125,0.46484375,0.06666666666666667,2.905452416717078e-07,0.0
10,32,0.3526564039000413,0.95703125,0.04,0.25,0.043478260869565216,0.1,0.53125,0.515625,0.25,3.005079349430216e-07,0.0
10,33,0.3723258536724694,0.9375,0.08,0.5,0.041666666666666664,0.07692307692307693,0.4765625,0.5390625,0.16666666666666666,8.731736360114763e-07,0.0
10,34,0.3740097570538916,0.9453125,0.12,0.3333333333333333,0.041666666666666664,0.09090909090909091,0.56640625,0.54296875,0.2,5.443354620501509e-08,0.0
10,35,0.31897231930917563,0.90625,0.12,0.25,0.038461538461538464,0.05263157894736842,0.515625,0.359375,0.0625,2.4923506732315877e-08,0.0
10,36,0.3462850878367456,0.921875,0.04,0.3333333333333333,0.037037037037037035,0.058823529411764705,0.53125,0.51171875,0.16666666666666666,7.959572466032206e-08,0.0
10,37,0.4273509098008137,0.9375,0.04,1.0,0.037037037037037035,0.06666666666666667,0.53515625,0.50390625,0.14285714285714285,6.8213214115156654e-09,0.0
10,38,0.32723562871397605,0.9296875,0.08,0.25,0.034482758620689655,0.058823529411764705,0.46875,0.5,0.07692307692307693,1.7628131466344502e-09,0.0
10,39,0.426217739553326,0.91796875,0.08,1.0,0.03225806451612903,0.045454545454545456,0.49609375,0.53515625,0.14285714285714285,3.936524726995223e-09,0.0
10,40,0.35463750005416667,0.9375,0.08,0.3333333333333333,0.03333333333333333,0.06666666666666667,0.5390625,0.5,0.16666666666666666,9.027791760686302e-10,0.0
10,41,0.35085024511533347,0.9140625,0.12,0.3333333333333333,0.03125,0.058823529411764705,0.48828125,0.515625,0.16666666666666666,2.882383654470954e-10,0.0
10,42,0.36017249247381267,0.9296875,0.04,0.3333333333333333,0.029411764705882353,0.07692307692307693,0.54296875,0.484375,0.3333333333333333,2.548474005541189e-10,0.0
10,43,0.34343245508099746,0.90234375,0.12,0.3333333333333333,0.029411764705882353,0.041666666666666664,0.5234375,0.4765625,0.1111111111111111,2.6063326575056257e-10,0.0
10,44,0.3417268995117882,0.91796875,0.16,0.2,0.029411764705882353,0.05555555555555555,0.5078125,0.5546875,0.1,3.3071710214292906e-11,0.0
10,45,0.3215317701485678,0.8984375,0.04,0.25,0.027777777777777776,0.043478260869565216,0.48828125,0.53515625,0.09090909090909091,2.4073312162335552e-11,0.0
10,46,0.371595684905649,0.90234375,0.12,0.5,0.02702702702702703,0.045454545454545456,0.49609375,0.51953125,0.2,2.70235125400091e-10,0.0
10,47,0.35364797932367187,0.9296875,0.12,0.3333333333333333,0.02631578947368421,0.05263157894736842,0.5234375,0.5,0.14285714285714285,6.059918116913423e-12,0.0
10,48,0.3248498017914733,0.921875,0.0,0.25,0.02564102564102564,0.05263157894736842,0.53125,0.51953125,0.1,5.582007967307734e-11,0.0
10,49,0.32539122770349876,0.8984375,0.08,0.125,0.02564102564102564,0.043478260869565216,0.59375,0.515625,0.125,7.121023688261063e-13,0.0
10,50,0.3145233225108974,0.91796875,0.08,0.1111111111111111,0.023809523809523808,0.05,0.51171875,0.51171875,0.09090909090909091,1.2491249340109803e-12,0.0
10,51,0.32802593344169506,0.89453125,0.04,0.14285714285714285,0.023809523809523808,0.045454545454545456,0.51171875,0.515625,0.3333333333333333,2.2774995444405434e-12,0.0
10,52,0.31676117465742215,0.890625,0.08,0.2,0.023255813953488372,0.043478260869565216,0.51171875,0.46484375,0.1111111111111111,1.336682944975397e-12,0.0
10,53,0.4075460305924727,0.88671875,0.04,1.0,0.023255813953488372,0.03571428571428571,0.484375,0.46875,0.16666666666666666,5.2609215506397626e-14,0.0
10,54,0.33288645186336313,0.8984375,0.04,0.3333333333333333,0.021739130434782608,0.04,0.51953125,0.4765625,0.14285714285714285,1.5040058492373347e-13,0.0
10,55,0.3311096897235913,0.890625,0.04,0.3333333333333333,0.022222222222222223,0.034482758620689655,0.49609375,0.50390625,0.14285714285714285,1.1107818307759586e-14,0.0
10,56,0.3538354166666684,0.8984375,0.12,0.5,0.020833333333333332,0.04,0.44921875,0.5234375,0.0625,2.7464610047923553e-14,0.0
10,57,0.3435181533006003,0.88671875,0.12,0.3333333333333333,0.02127659574468085,0.038461538461538464,0.48828125,0.51171875,0.16666666666666666,3.3679774656680106e-15,0.0
10,58,0.3435843750000002,0.890625,0.04,0.25,0.02,0.04,0.578125,0.54296875,0.25,3.1136217476071525e-15,0.0
10,59,0.4174055592691624,0.8671875,0.12,1.0,0.0196078431372549,0.030303030303030304,0.51953125,0.5078125,0.1,2.7786064035770317e-15,0.0
10,60,0.28722545687134504,0.875,0.0,0.1111111111111111,0.02,0.037037037037037035,0.49609375,0.48828125,0.05263157894736842,4.046830437388555e-16,0.0
10,61,0.30920144785115306,0.87109375,0.04,0.16666666666666666,0.018867924528301886,0.03125,0.53125,0.5078125,0.1111111111111111,3.408559371303926e-16,0.0
10,62,0.32672595263532755,0.85546875,0.08,0.3333333333333333,0.018518518518518517,0.03125,0.5234375,0.4921875,0.07692307692307693,2.3833962987570156e-16,0.0
10,63,0.3184881779100529,0.8984375,0.04,0.25,0.018518518518518517,0.04,0.48828125,0.47265625,0.14285714285714285,2.2386143043054746e-16,0.0
10,64,0.4164466127622377,0.89453125,0.08,1.0,0.01818181818181818,0.038461538461538464,0.484375,0.5234375,0.125,2.947695567640912e-16,0.0
10,65,0.36632850378787873,0.87109375,0.16,0.5,0.01818181818181818,0.03125,0.46484375,0.546875,0.16666666666666666,1.2575694156937306e-17,0.0
10,66,0.299662643678161,0.87890625,0.08,0.1111111111111111,0.017241379310344827,0.03333333333333333,0.4921875,0.46484375,0.1,9.531520308415167e-16,0.0
10,67,0.35387692939244664,0.8671875,0.08,0.5,0.017241379310344827,0.02857142857142857,0.5078125,0.4921875,0.16666666666666666,8.991295358204178e-17,0.0
10,68,0.33803752148852256,0.8671875,0.08,0.5,0.017241379310344827,0.03225806451612903,0.45703125,0.453125,0.09090909090909091,1.4887889582969019e-18,0.0
10,69,0.34026221945745516,0.859375,0.08,0.5,0.01639344262295082,0.02857142857142857,0.49609375,0.46484375,0.06666666666666667,0.0,0.0
11,12,0.45063812860266345,0.9765625,0.12,0.2,0.5,1.0,0.47265625,0.46875,0.1111111111111111,0.3595706618962433,0.0
11,13,0.46709160271714417,0.984375,0.12,0.2,0.3333333333333333,0.3333333333333333,0.51953125,0.49609375,1.0,0.09140518417462483,0.08333333333333333
11,14,0.3715725961538462,0.96484375,0.08,0.2,0.25,0.25,0.49609375,0.44921875,0.2,0.12079326923076923,0.0
11,15,0.44499683210472807,0.9609375,0.16,0.2,0.2,0.3333333333333333,0.4453125,0.53125,1.0,0.051093035078800204,0.0
11,16,0.4377666464323544,0.97265625,0.08,0.2,0.16666666666666666,0.5,0.44921875,0.4921875,1.0,0.017169801650351084,0.0
11,17,0.3573751116027156,0.97265625,0.08,0.2,0.14285714285714285,0.25,0.4609375,0.50390625,0.1111111111111111,0.0179400214209211,0.08333333333333333
11,18,0.408483192292947,0.96484375,0.08,0.3333333333333333,0.125,0.5,0.4453125,0.5,0.5,0.00289695488244993,0.0
11,19,0.34693344261461834,0.95703125,0.08,0.2,0.1111111111111111,0.125,0.5,0.49609375,0.16666666666666666,0.002270339873267595,0.0
11,20,0.33562107343169784,0.94921875,0.0,0.14285714285714285,0.1,0.125,0.4765625,0.546875,0.25,0.004064021480678712,0.0
11,21,0.33454187819416425,0.9609375,0.0,0.25,0.09090909090909091,0.14285714285714285,0.4765625,0.49609375,0.1111111111111111,0.0007201410186591763,0.0
11,22,0.3731107073355093,0.94140625,0.08,0.25,0.08333333333333333,0.25,0.53515625,0.515625,0.25,0.00016109448071073923,0.08333333333333333
11,23,0.3520654493677898,0.953125,0.08,0.3333333333333333,0.07142857142857142,0.14285714285714285,0.484375,0.51171875,0.07142857142857142,0.00010123946316288804,0.0
11,24,0.38064405672464174,0.95703125,0.04,0.25,0.06666666666666667,0.16666666666666666,0.54296875,0.47265625,0.5,0.0003870565218061097,0.08333333333333333
11,25,0.3364787556517707,0.94921875,0.12,0.2,0.06666666666666667,0.16666666666666666,0.4453125,0.48046875,0.1,2.7871973956427537e-05,0.0
11,26,0.37899790977765874,0.9375,0.08,0.2,0.0625,0.2,0.49609375,0.53515625,0.5,1.7246294311907863e-05,0.08333333333333333
11,27,0.3699954747249578,0.9453125,0.08,0.16666666666666666,0.058823529411764705,0.1111111111111111,0.53515625,0.48046875,0.5,1.7511755833361894e-05,0.08333333333333333
11,28,0.3529362423753588,0.94140625,0.08,0.25,0.05555555555555555,0.16666666666666666,0.44921875,0.47265625,0.3333333333333333,2.1877374620308913e-06,0.0
11,29,0.3297938880578968,0.92578125,0.08,0.16666666666666666,0.05,0.125,0.45703125,0.49609375,0.2,2.300964946626073e-06,0.0
11,30,0.3314385692891172,0.92578125,0.04,0.25,0.05,0.07142857142857142,0.45703125,0.52734375,0.16666666666666666,1.2861167826799459e-05,0.0
11,31,0.31957254722436296,0.9296875,0.04,0.14285714285714285,0.05,0.07692307692307693,0.5234375,0.5234375,0.07142857142857142,3.291972580384062e-07,0.0
11,32,0.3623530507321492,0.94921875,0.12,0.2,0.045454545454545456,0.16666666666666666,0.51953125,0.48046875,0.3333333333333333,3.4048531523983844e-07,0.0
11,33,0.32584811189628854,0.921875,0.0,0.2,0.043478260869565216,0.1111111111111111,0.52734375,0.46484375,0.2,9.893342775552804e-07,0.0
11,34,0.332674693141493,0.9375,0.0,0.16666666666666666,0.043478260869565216,0.14285714285714285,0.4765625,0.546875,0.25,6.167498752653907e-08,0.0
11,35,0.32928021002768226,0.90625,0.08,0.3333333333333333,0.04,0.06666666666666667,0.43359375,0.50390625,0.06666666666666667,2.8239147988700627e-08,0.0
11,36,0.32616731310338115,0.90625,0.04,0.16666666666666666,0.038461538461538464,0.07692307692307693,0.45703125,0.5390625,0.2,9.018455838063548e-08,0.08333333333333333
11,37,0.3402523023285287,0.9296875,0.08,0.25,0.038461538461538464,0.09090909090909091,0.4921875,0.5078125,0.16666666666666666,7.728780178774796e-09,0.0
11,38,0.3063601764018907,0.9296875,0.0,0.14285714285714285,0.03571428571428571,0.07692307692307693,0.46484375,0.51953125,0.08333333333333333,1.997324929388526e-09,0.0
11,39,0.34529895860094595,0.92578125,0.08,0.25,0.03333333333333333,0.05555555555555555,0.5546875,0.515625,0.16666666666666666,4.460211218297857e-09,0.0
11,40,0.31335379120557333,0.9140625,0.0,0.16666666666666666,0.034482758620689655,0.09090909090909091,0.50390625,0.44140625,0.2,1.0228783223776474e-09,0.0
11,41,0.37603665479626996,0.921875,0.08,0.5,0.03225806451612903,0.07692307692307693,0.53125,0.51953125,0.2,3.265834918538116e-10,0.0
11,42,0.3655252841082341,0.9140625,0.08,0.25,0.030303030303030304,0.1111111111111111,0.515625,0.48828125,0.5,2.8875043692997686e-10,0.0
11,43,0.3381617424419608,0.92578125,0.12,0.25,0.030303030303030304,0.05,0.46484375,0.53515625,0.125,2.9530601136337697e-10,0.0
11,44,0.3118238456010938,0.92578125,0.04,0.16666666666666666,0.030303030303030304,0.07142857142857142,0.47265625,0.47265625,0.1111111111111111,3.747132893502184e-11,0.0
11,45,0.3101177161670501,0.90625,0.0,0.14285714285714285,0.02857142857142857,0.05263157894736842,0.546875,0.5078125,0.1,2.7275849744247158e-11,0.0
11,46,0.36274618057392666,0.91796875,0.12,0.3333333333333333,0.027777777777777776,0.05555555555555555,0.5078125,0.4921875,0.25,3.0618523227406023e-10,0.08333333333333333
11,47,0.3165548704959074,0.921875,0.08,0.16666666666666666,0.02702702702702703,0.06666666666666667,0.46484375,0.44140625,0.16666666666666666,6.866085352308896e-12,0.0
11,48,0.32285040205057836,0.921875,0.08,0.2,0.02631578947368421,0.06666666666666667,0.47265625,0.5,0.1111111111111111,6.324597527783848e-11,0.0
11,49,0.3026789452324476,0.8828125,0.0,0.09090909090909091,0.02631578947368421,0.05263157894736842,0.53515625,0.51953125,0.14285714285714285,8.068352656936154e-13,0.0
11,50,0.3139105945122801,0.90234375,0.04,0.16666666666666666,0.024390243902439025,0.0625,0.53125,0.484375,0.1,1.4152993897193182e-12,0.0
11,51,0.3649220528456832,0.91015625,0.08,0.25,0.024390243902439025,0.05555555555555555,0.5546875,0.48046875,0.5,2.5804814455047875e-12,0.0
11,52,0.3498814066416949,0.8984375,0.04,0.5,0.023809523809523808,0.05263157894736842,0.4921875,0.484375,0.125,1.5145054788052695e-12,0.0
11,53,0.3365797619047655,0.88671875,0.12,0.25,0.023809523809523808,0.041666666666666664,0.52734375,0.46484375,0.2,5.960796119946968e-14,0.0
11,54,0.31862137896826415,0.8984375,0.08,0.16666666666666666,0.022222222222222223,0.047619047619047616,0.484375,0.49609375,0.16666666666666666,1.7040877998686825e-13,0.0
11,55,0.31140776515151597,0.8828125,0.08,0.16666666666666666,0.022727272727272728,0.04,0.4609375,0.484375,0.16666666666666666,1.2585521306988031e-14,0.0
11,56,0.3223582288500526,0.8984375,0.08,0.2,0.02127659574468085,0.047619047619047616,0.484375,0.57421875,0.06666666666666667,3.111830112532488e-14,0.0
11,57,0.3041382781620555,0.87109375,0.0,0.16666666666666666,0.021739130434782608,0.045454545454545456,0.5,0.46875,0.2,3.816028582859471e-15,0.0
11,58,0.3369814625850342,0.8828125,0.08,0.2,0.02040816326530612,0.047619047619047616,0.48828125,0.53125,0.3333333333333333,3.52783523826966e-15,0.0
11,59,0.3057359794061304,0.875,0.04,0.25,0.02,0.034482758620689655,0.4140625,0.50390625,0.1111111111111111,3.1482519003324878e-15,0.0
11,60,0.3168920431578428,0.890625,0.12,0.16666666666666666,0.02040816326530612,0.043478260869565216,0.4765625,0.5390625,0.05555555555555555,4.585191194560877e-16,0.0
11,61,0.32287506868131866,0.87109375,0.04,0.3333333333333333,0.019230769230769232,0.03571428571428571,0.49609375,0.47265625,0.125,3.8620092087490934e-16,0.0
11,62,0.321987707771788,0.86328125,0.08,0.25,0.018867924528301886,0.03571428571428571,0.50390625,0.49609375,0.08333333333333333,2.700465930384217e-16,0.08333333333333333
11,63,0.33861241015274035,0.890625,0.04,0.3333333333333333,0.018867924528301886,0.047619047619047616,0.515625,0.53125,0.16666666666666666,2.5364231970992134e-16,0.0
11,64,0.32436232563732564,0.89453125,0.04,0.25,0.018518518518518517,0.045454545454545456,0.48828125,0.53515625,0.14285714285714285,3.3398354514984404e-16,0.0
11,65,0.30440558862433864,0.86328125,0.0,0.2,0.018518518518518517,0.03571428571428571,0.4453125,0.51953125,0.2,1.424867263553776e-17,0.0
11,66,0.30874696496851106,0.87109375,0.04,0.16666666666666666,0.017543859649122806,0.038461538461538464,0.55078125,0.4765625,0.1111111111111111,1.0799524137494075e-15,0.0
11,67,0.3171171176428976,0.8515625,0.08,0.2,0.017543859649122806,0.03225806451612903,0.50390625,0.48828125,0.2,1.0187431606533483e-16,0.0
11,68,0.310391355994152,0.8828125,0.0,0.2,0.017543859649122806,0.037037037037037035,0.5390625,0.51171875,0.1,1.6868465649249001e-18,0.0
11,69,0.3031143529185868,0.8515625,0.04,0.2,0.016666666666666666,0.03225806451612903,0.5234375,0.484375,0.07142857142857142,0.0,0.0
12,13,0.3968527346710626,0.96875,0.12,0.1111111111111111,0.5,0.3333333333333333,0.5078125,0.47265625,0.1111111111111111,0.25420645748067305,0.0
12,14,0.42665416666666667,0.97265625,0.12,0.3333333333333333,0.3333333333333333,0.25,0.515625,0.55078125,0.2,0.3359375,0.0
12,15,0.42572706250353054,0.96875,0.2,0.3333333333333333,0.25,0.3333333333333333,0.52734375,0.4765625,0.1111111111111111,0.14209456024402645,0.25
12,16,0.39481331437323103,0.96484375,0.08,0.3333333333333333,0.2,0.5,0.4609375,0.46875,0.1111111111111111,0.047750841405702765,0.16666666666666666
12,17,0.42470190705700345,0.96484375,0.0,0.2,0.16666666666666666,0.25,0.55078125,0.49609375,1.0,0.049892895394501965,0.0
12,18,0.40210259875074744,0.95703125,0.12,0.3333333333333333,0.14285714285714285,0.5,0.50390625,0.4765625,0.1,0.008056705369599557,0.25
12,19,0.3376600917878079,0.94921875,0.0,0.2,0.125,0.125,0.48046875,0.47265625,0.25,0.006314029796798934,0.0
12,20,0.37946599289616234,0.95703125,0.12,0.3333333333333333,0.1111111111111111,0.125,0.51953125,0.4765625,0.16666666666666666,0.01130242789900199,0.16666666666666666
12,21,0.44390722038618396,0.953125,0.08,0.5,0.1,0.14285714285714285,0.44140625,0.46484375,1.0,0.002002780245922784,0.08333333333333333
12,22,0.39519231674478217,0.95703125,0.08,0.5,0.09090909090909091,0.25,0.5703125,0.4765625,0.16666666666666666,0.0004480189786930509,0.0
12,23,0.3676098764496254,0.953125,0.12,0.3333333333333333,0.07692307692307693,0.14285714285714285,0.48046875,0.53515625,0.16666666666666666,0.0002815565169554946,0.0
12,24,0.3855476221607603,0.95703125,0.12,0.5,0.07142857142857142,0.16666666666666666,0.4765625,0.53515625,0.125,0.0010764407745752008,0.0
12,25,0.3964251865899399,0.94921875,0.12,0.3333333333333333,0.07142857142857142,0.16666666666666666,0.51953125,0.45703125,0.5,7.751459423702981e-05,0.08333333333333333
12,26,0.3635893361478171,0.9453125,0.12,0.3333333333333333,0.06666666666666667,0.2,0.484375,0.51171875,0.125,4.7963574728141775e-05,0.0
12,27,0.3388852137775654,0.9375,0.08,0.25,0.0625,0.1111111111111111,0.4609375,0.51953125,0.125,4.870184831268308e-05,0.0
12,28,0.3439223188397936,0.94921875,0.04,0.25,0.058823529411764705,0.16666666666666666,0.453125,0.51953125,0.14285714285714285,6.084304682961533e-06,0.08333333333333333
12,29,0.32268591026785076,0.94140625,0.04,0.16666666666666666,0.05263157894736842,0.125,0.4453125,0.46484375,0.2,6.399201020716293e-06,0.0
12,30,0.39344838668891124,0.94140625,0.08,0.5,0.05263157894736842,0.07142857142857142,0.5390625,0.49609375,0.25,3.576812345861143e-05,0.16666666666666666
12,31,0.3399905491962289,0.9453125,0.12,0.2,0.05263157894736842,0.07692307692307693,0.48046875,0.4921875,0.16666666666666666,9.155286927535774e-07,0.0
12,32,0.34463190205340605,0.94140625,0.12,0.2,0.047619047619047616,0.16666666666666666,0.4765625,0.51953125,0.14285714285714285,9.469218468610432e-07,0.0
12,33,0.36120007038895896,0.9453125,0.04,0.3333333333333333,0.045454545454545456,0.1111111111111111,0.4765625,0.51953125,0.2,2.7514321450418e-06,0.16666666666666666
12,34,0.33582863583256367,0.9375,0.04,0.25,0.045454545454545456,0.14285714285714285,0.47265625,0.4921875,0.16666666666666666,1.7152397028525049e-07,0.0
12,35,0.3220337844740491,0.9140625,0.04,0.2,0.041666666666666664,0.06666666666666667,0.515625,0.47265625,0.14285714285714285,7.853573992877438e-08,0.0
12,36,0.3364466496640915,0.9140625,0.04,0.25,0.04,0.07692307692307693,0.5078125,0.515625,0.2,2.508117817650509e-07,0.0
12,37,0.38735454674421355,0.9296875,0.08,0.5,0.04,0.09090909090909091,0.51953125,0.578125,0.25,2.1494468258383636e-08,0.0
12,38,0.3356939729116325,0.9140625,0.04,0.2,0.037037037037037035,0.07692307692307693,0.5234375,0.51171875,0.25,5.554749430488487e-09,0.0
12,39,0.40198257976724466,0.93359375,0.2,0.5,0.034482758620689655,0.05555555555555555,0.54296875,0.546875,0.25,1.240426901009205e-08,0.0
12,40,0.34605856348237163,0.9375,0.08,0.25,0.03571428571428571,0.09090909090909091,0.53125,0.48046875,0.2,2.84472130452291e-09,0.0
12,41,0.32945392633654685,0.921875,0.0,0.25,0.03333333333333333,0.07692307692307693,0.47265625,0.53515625,0.2,9.082595619217944e-10,0.0
12,42,0.3215885417148492,0.921875,0.0,0.25,0.03125,0.1111111111111111,0.48046875,0.48828125,0.125,8.03042259919687e-10,0.0
12,43,0.3621937500492764,0.91796875,0.04,0.25,0.03125,0.05,0.46875,0.49609375,0.5,8.21273932100138e-10,0.16666666666666666
12,44,0.39204821429196696,0.91796875,0.08,0.16666666666666666,0.03125,0.07142857142857142,0.5,0.48828125,1.0,1.0421130783421498e-10,0.0
12,45,0.35818583591786407,0.9140625,0.12,0.2,0.029411764705882353,0.05263157894736842,0.46484375,0.515625,0.5,7.585671645290628e-11,0.0
12,46,0.3358805060034727,0.91015625,0.04,0.3333333333333333,0.02857142857142857,0.05555555555555555,0.47265625,0.5078125,0.16666666666666666,8.515300738368144e-10,0.0
12,47,0.3487503472233679,0.9296875,0.08,0.25,0.027777777777777776,0.06666666666666667,0.46875,0.52734375,0.25,1.9095232397714792e-11,0.08333333333333333
12,48,0.38917466217271574,0.9140625,0.08,0.2,0.02702702702702703,0.06666666666666667,0.4765625,0.4609375,1.0,1.758930357229438e-10,0.0
12,49,0.31925443189913894,0.890625,0.08,0.1111111111111111,0.02702702702702703,0.05263157894736842,0.4921875,0.43359375,0.3333333333333333,2.2438851419041342e-12,0.0
12,50,0.32827187500023614,0.89453125,0.04,0.1,0.025,0.0625,0.48828125,0.453125,0.5,3.93608138732885e-12,0.0
12,51,0.318564583333764,0.89453125,0.08,0.125,0.025,0.05555555555555555,0.47265625,0.54296875,0.125,7.176562826055602e-12,0.08333333333333333
12,52,0.35005911424929,0.8828125,0.08,0.16666666666666666,0.024390243902439025,0.05263157894736842,0.51171875,0.484375,0.5,4.2119828987668935e-12,0.08333333333333333
12,53,0.3624074695122051,0.89453125,0.12,0.5,0.024390243902439025,0.041666666666666664,0.40625,0.50390625,0.2,1.6577537467912216e-13,0.08333333333333333
12,54,0.34280344967535314,0.8984375,0.12,0.25,0.022727272727272728,0.047619047619047616,0.48046875,0.51953125,0.25,4.739229254361162e-13,0.0
12,55,0.3406167151162812,0.8828125,0.08,0.25,0.023255813953488372,0.04,0.51953125,0.5390625,0.25,3.500152443087716e-14,0.0
12,56,0.32779671972050217,0.890625,0.04,0.3333333333333333,0.021739130434782608,0.047619047619047616,0.48828125,0.47265625,0.14285714285714285,8.654293696048064e-14,0.0
12,57,0.3280331755050511,0.87890625,0.08,0.25,0.022222222222222223,0.045454545454545456,0.46484375,0.5234375,0.2,1.0612736208051961e-14,0.0
12,58,0.3155523809523816,0.890625,0.04,0.2,0.020833333333333332,0.047619047619047616,0.5234375,0.46875,0.14285714285714285,9.811243274590746e-15,0.0
12,59,0.42469224357846636,0.875,0.04,0.5,0.02040816326530612,0.034482758620689655,0.51171875,0.46484375,1.0,8.755586130775426e-15,0.16666666666666666
12,60,0.3011003623188407,0.8828125,0.08,0.1,0.020833333333333332,0.043478260869565216,0.51171875,0.453125,0.1,1.2751850138107116e-15,0.0
12,61,0.3300480917366947,0.86328125,0.04,0.14285714285714285,0.0196078431372549,0.03571428571428571,0.5078125,0.47265625,0.5,1.0740612675078325e-15,0.0
12,62,0.3230063186813188,0.84765625,0.08,0.25,0.019230769230769232,0.03571428571428571,0.4921875,0.46484375,0.25,7.510251020322276e-16,0.0
12,63,0.3296456043956045,0.8984375,0.0,0.2,0.019230769230769232,0.047619047619047616,0.49609375,0.5,0.25,7.054032672529652e-16,0.16666666666666666
12,64,0.37431587335620364,0.88671875,0.04,0.5,0.018867924528301886,0.045454545454545456,0.5234375,0.50390625,0.3333333333333333,9.28839809645586e-16,0.08333333333333333
12,65,0.3441335411051213,0.87890625,0.08,0.3333333333333333,0.018867924528301886,0.03571428571428571,0.50390625,0.49609375,0.2,3.962690548888362e-17,0.08333333333333333
12,66,0.3637831387362639,0.87890625,0.0,0.1,0.017857142857142856,0.038461538461538464,0.4921875,0.5078125,1.0,3.003449747691138e-15,0.0
12,67,0.3448359302995392,0.859375,0.12,0.3333333333333333,0.017857142857142856,0.03225806451612903,0.46875,0.52734375,0.2,2.8332210288817e-16,0.08333333333333333
12,68,0.35401641865079364,0.8828125,0.04,0.3333333333333333,0.017857142857142856,0.037037037037037035,0.48828125,0.47265625,0.5,4.6912797502140256e-18,0.0
12,69,0.32503724940769085,0.8671875,0.04,0.3333333333333333,0.01694915254237288,0.03225806451612903,0.51171875,0.453125,0.16666666666666666,0.0,0.0
13,14,0.4193546878045215,0.97265625,0.08,0.14285714285714285,0.5,0.16666666666666666,0.4609375,0.4921875,0.2,0.7567075943610733,0.0
13,15,0.5060915083248602,0.96875,0.04,0.1111111111111111,0.3333333333333333,1.0,0.51171875,0.51171875,1.0,0.5589730554143365,0.0
13,16,0.44005717246498316,0.96484375,0.12,0.14285714285714285,0.25,0.25,0.5234375,0.43359375,1.0,0.18784275536876632,0.0
13,17,0.3663360224062552,0.96484375,0.08,0.14285714285714285,0.2,0.16666666666666666,0.53515625,0.484375,0.1111111111111111,0.19626918957515174,0.08333333333333333
13,18,0.38777155354678966,0.97265625,0.12,0.14285714285714285,0.16666666666666666,0.25,0.46484375,0.52734375,0.5,0.03169355117665371,0.0
13,19,0.3523740715175213,0.95703125,0.08,0.2,0.14285714285714285,0.1,0.49609375,0.53125,0.16666666666666666,0.024838195926942495,0.0
13,20,0.3468543036312191,0.95703125,0.08,0.14285714285714285,0.125,0.1,0.49609375,0.48046875,0.25,0.04446160813936561,0.0
13,21,0.3400234079071405,0.96875,0.08,0.125,0.1111111111111111,0.1111111111111111,0.51171875,0.53125,0.1111111111111111,0.007878557711599645,0.0
13,22,0.3459182453024129,0.94921875,0.0,0.125,0.1,0.16666666666666666,0.515625,0.55078125,0.25,0.001762421706880177,0.08333333333333333
13,23,0.33433193158734037,0.953125,0.08,0.14285714285714285,0.08333333333333333,0.1111111111111111,0.51171875,0.5390625,0.07142857142857142,0.0011075899477372678,0.0
13,24,0.3589610419871153,0.96484375,0.04,0.125,0.07692307692307693,0.125,0.484375,0.4765625,0.5,0.004234513887819081,0.08333333333333333
13,25,0.326127350150084,0.94921875,0.08,0.1111111111111111,0.07692307692307693,0.125,0.47265625,0.5234375,0.1,0.000304927715075543,0.0
13,26,0.3560428683955228,0.9453125,0.04,0.1111111111111111,0.07142857142857142,0.14285714285714285,0.5,0.4765625,0.5,0.00018867960791982784,0.08333333333333333
13,27,0.3515556238180512,0.953125,0.04,0.125,0.06666666666666667,0.09090909090909091,0.4921875,0.4453125,0.5,0.00019158383620678014,0.08333333333333333
13,28,0.3499524777367201,0.94140625,0.12,0.125,0.0625,0.125,0.4765625,0.5234375,0.3333333333333333,2.3934500890576766e-05,0.0
13,29,0.3291303298390467,0.94140625,0.08,0.125,0.05555555555555555,0.1,0.46875,0.5078125,0.2,2.5173243371297186e-05,0.0
13,30,0.3292455950786885,0.92578125,0.04,0.125,0.05555555555555555,0.0625,0.5546875,0.5390625,0.16666666666666666,0.00014070501517976126,0.0
13,31,0.32512665458303974,0.9375,0.16,0.1111111111111111,0.05555555555555555,0.06666666666666667,0.48046875,0.48828125,0.07142857142857142,3.6015162707783844e-06,0.0
13,32,0.3616762651673258,0.94140625,0.16,0.2,0.05,0.125,0.5,0.4765625,0.3333333333333333,3.7250109861313665e-06,0.0
13,33,0.32982305201414186,0.9296875,0.04,0.1111111111111111,0.047619047619047616,0.09090909090909091,0.5234375,0.5546875,0.2,1.082361232011971e-05,0.0
13,34,0.3372481059607569,0.9453125,0.04,0.125,0.047619047619047616,0.1111111111111111,0.52734375,0.52734375,0.25,6.747427739843753e-07,0.0
13,35,0.3214401316471441,0.90625,0.12,0.14285714285714285,0.043478260869565216,0.058823529411764705,0.5234375,0.4921875,0.06666666666666667,3.089447085927994e-07,0.0
13,36,0.33036776753209274,0.9140625,0.12,0.125,0.041666666666666664,0.06666666666666667,0.5,0.45703125,0.2,9.866459894478478e-07,0.08333333333333333
13,37,0.31182893135536094,0.921875,0.0,0.125,0.041666666666666664,0.07692307692307693,0.48046875,0.51953125,0.16666666666666666,8.45551622543571e-08,0.0
13,38,0.3116589319637605,0.9296875,0.04,0.09090909090909091,0.038461538461538464,0.06666666666666667,0.5078125,0.53125,0.08333333333333333,2.1851330943907306e-08,0.0
13,39,0.32458422911823864,0.91015625,0.12,0.125,0.03571428571428571,0.05,0.48828125,0.51171875,0.16666666666666666,4.879604213451237e-08,0.0
13,40,0.3385033482497832,0.9296875,0.12,0.16666666666666666,0.037037037037037035,0.07692307692307693,0.5,0.5078125,0.2,1.1190594183624114e-08,0.0
13,41,0.31585862090403044,0.9140625,0.04,0.16666666666666666,0.034482758620689655,0.06666666666666667,0.48046875,0.453125,0.2,3.5729208884902073e-09,0.0
13,42,0.35342894080537673,0.9296875,0.12,0.125,0.03225806451612903,0.09090909090909091,0.48828125,0.4765625,0.5,3.159015974174225e-09,0.0
13,43,0.3089297930824072,0.91015625,0.08,0.125,0.03225806451612903,0.045454545454545456,0.453125,0.4921875,0.125,3.2307359153635124e-09,0.0
13,44,0.33444140907477604,0.92578125,0.12,0.16666666666666666,0.03225806451612903,0.0625,0.5546875,0.4921875,0.1111111111111111,4.099475240204628e-10,0.0
13,45,0.31203986744214673,0.8984375,0.04,0.14285714285714285,0.030303030303030304,0.047619047619047616,0.55859375,0.47265625,0.1,2.9840593824676367e-10,0.0
13,46,0.33103954852031314,0.91015625,0.08,0.14285714285714285,0.029411764705882353,0.05,0.50390625,0.48046875,0.25,3.3497578396550174e-09,0.08333333333333333
13,47,0.32097345938826055,0.9296875,0.08,0.125,0.02857142857142857,0.058823529411764705,0.4921875,0.4921875,0.16666666666666666,7.511702333197643e-11,0.0
13,48,0.32144900506018986,0.9140625,0.16,0.14285714285714285,0.027777777777777776,0.058823529411764705,0.4296875,0.51171875,0.1111111111111111,6.919298489351582e-10,0.0
13,49,0.31096077741755707,0.8984375,0.08,0.09090909090909091,0.027777777777777776,0.047619047619047616,0.4921875,0.515625,0.14285714285714285,8.827018653036121e-12,0.0
13,50,0.3372158653855444,0.91796875,0.12,0.16666666666666666,0.02564102564102564,0.05555555555555555,0.54296875,0.56640625,0.1,1.548379780095911e-11,0.0
13,51,0.3383606570529759,0.91015625,0.08,0.125,0.02564102564102564,0.05,0.45703125,0.484375,0.5,2.823123730679118e-11,0.0
13,52,0.325510267858137,0.90625,0.08,0.25,0.025,0.047619047619047616,0.47265625,0.49609375,0.125,1.6569142029317352e-11,0.0
13,53,0.3218983173077315,0.89453125,0.08,0.125,0.025,0.038461538461538464,0.484375,0.5625,0.2,6.521288889434519e-13,0.0
13,54,0.3163462441018982,0.8984375,0.08,0.125,0.023255813953488372,0.043478260869565216,0.51171875,0.4921875,0.16666666666666666,1.864322921348872e-12,0.0
13,55,0.3073259424603257,0.890625,0.04,0.1,0.023809523809523808,0.037037037037037035,0.51953125,0.49609375,0.16666666666666666,1.3768935997048098e-13,0.0
13,56,0.2949281400966388,0.8984375,0.0,0.1111111111111111,0.022222222222222223,0.043478260869565216,0.48828125,0.515625,0.06666666666666667,3.4044350335616625e-13,0.0
13,57,0.3183931818181843,0.87890625,0.08,0.16666666666666666,0.022727272727272728,0.041666666666666664,0.55078125,0.42578125,0.2,4.174849180949242e-14,0.0
13,58,0.3270297221212745,0.8828125,0.12,0.14285714285714285,0.02127659574468085,0.043478260869565216,0.4921875,0.44140625,0.3333333333333333,3.859557059181583e-14,0.0
13,59,0.3044972894265253,0.859375,0.04,0.125,0.020833333333333332,0.03225806451612903,0.54296875,0.515625,0.1111111111111111,3.4442815566324084e-14,0.0
13,60,0.31216844710401914,0.8828125,0.08,0.16666666666666666,0.02127659574468085,0.04,0.51953125,0.51171875,0.05555555555555555,5.0163360382285415e-15,0.0
13,61,0.3006147321428574,0.86328125,0.08,0.14285714285714285,0.02,0.03333333333333333,0.4765625,0.4609375,0.125,4.225153358228486e-15,0.0
13,62,0.2996634191176472,0.87109375,0.04,0.125,0.0196078431372549,0.03333333333333333,0.5078125,0.4609375,0.08333333333333333,2.9543903387636288e-15,0.08333333333333333
13,63,0.32791288857934486,0.890625,0.16,0.14285714285714285,0.0196078431372549,0.043478260869565216,0.48828125,0.51953125,0.16666666666666666,2.774922691751826e-15,0.0
13,64,0.30742015796703326,0.90234375,0.0,0.125,0.019230769230769232,0.041666666666666664,0.53125,0.5078125,0.14285714285714285,3.653879680519935e-15,0.0
13,65,0.2940436698717949,0.86328125,0.0,0.1111111111111111,0.019230769230769232,0.03333333333333333,0.46484375,0.5,0.2,1.5588473196789817e-16,0.0
13,66,0.3216550414862922,0.87109375,0.08,0.25,0.01818181818181818,0.03571428571428571,0.5,0.51171875,0.1111111111111111,1.1815001780273367e-14,0.0
13,67,0.3146468344155845,0.859375,0.08,0.14285714285714285,0.01818181818181818,0.030303030303030304,0.5390625,0.4765625,0.2,1.1145354279983646e-15,0.0
13,68,0.31406011811464396,0.8671875,0.12,0.14285714285714285,0.01818181818181818,0.034482758620689655,0.48828125,0.5390625,0.1,1.8454604956566443e-17,0.0
13,69,0.2882607362106285,0.859375,0.0,0.1111111111111111,0.017241379310344827,0.030303030303030304,0.52734375,0.48046875,0.07142857142857142,0.0,0.0
14,15,0.4344287493645145,0.97265625,0.12,0.3333333333333333,0.5,0.16666666666666666,0.55859375,0.44140625,0.2,0.4229791560752415,0.0
14,16,0.495104564038662,0.96875,0.12,1.0,0.3333333333333333,0.3333333333333333,0.5,0.52734375,0.2,0.14214203953325474,0.0
14,17,0.43379235317743664,0.953125,0.04,0.3333333333333333,0.25,1.0,0.48828125,0.53125,0.2,0.1485183862906105,0.0
14,18,0.36975667338539203,0.96875,0.0,0.3333333333333333,0.2,0.3333333333333333,0.46484375,0.48828125,0.16666666666666666,0.023982750867645192,0.0
14,19,0.4168547984226221,0.9609375,0.12,0.3333333333333333,0.16666666666666666,0.2,0.52734375,0.5234375,0.5,0.01879525148814566,0.08333333333333333
14,20,0.3942253626207652,0.9609375,0.08,0.3333333333333333,0.14285714285714285,0.2,0.46484375,0.48828125,0.5,0.033644436536564064,0.0
14,21,0.39122958086717885,0.98046875,0.08,0.5,0.125,0.25,0.48046875,0.4453125,0.2,0.005961764452979449,0.0
14,22,0.4613657821622926,0.9609375,0.04,0.5,0.1111111111111111,1.0,0.515625,0.51953125,0.5,0.0013336378900630351,0.0
14,23,0.35774488957622075,0.96484375,0.0,0.3333333333333333,0.09090909090909091,0.25,0.49609375,0.4921875,0.1,0.0008381217248907747,0.08333333333333333
14,24,0.3989964239957071,0.9609375,0.08,0.5,0.08333333333333333,0.3333333333333333,0.515625,0.4609375,0.25,0.0032042888173401322,0.0
14,25,0.38488884446706373,0.953125,0.2,0.3333333333333333,0.08333333333333333,0.3333333333333333,0.48046875,0.4765625,0.16666666666666666,0.00023074111772883294,0.0
14,26,0.37809053767137896,0.94921875,0.04,0.3333333333333333,0.07692307692307693,0.5,0.46875,0.4921875,0.25,0.00014277529221400342,0.0
14,27,0.38559485909091457,0.94921875,0.08,0.5,0.07142857142857142,0.16666666666666666,0.46875,0.515625,0.25,0.00014497294381449847,0.0
14,28,0.3654385866851154,0.9375,0.0,0.25,0.06666666666666667,0.3333333333333333,0.5,0.546875,0.3333333333333333,1.811141859114131e-05,0.0
14,29,0.41871327528000724,0.9453125,0.04,0.25,0.058823529411764705,0.2,0.5234375,0.484375,1.0,1.9048784433760127e-05,0.08333333333333333
14,30,0.39511681616069966,0.9375,0.08,0.5,0.058823529411764705,0.09090909090909091,0.484375,0.46875,0.5,0.00010647255355121542,0.0
14,31,0.3601685458706239,0.95703125,0.16,0.3333333333333333,0.058823529411764705,0.1,0.49609375,0.47265625,0.1,2.7252947133129746e-06,0.0
14,32,0.39405861210710225,0.9375,0.16,0.3333333333333333,0.05263157894736842,0.3333333333333333,0.5234375,0.4921875,0.3333333333333333,2.8187441022840355e-06,0.0
14,33,0.4145223664185784,0.93359375,0.04,0.3333333333333333,0.05,0.16666666666666666,0.5,0.46875,1.0,8.19030964105466e-06,0.0
14,34,0.4055125306349789,0.93359375,0.08,0.5,0.05,0.25,0.48046875,0.49609375,0.5,5.10582981314234e-07,0.0
14,35,0.32621222993593935,0.91015625,0.04,0.2,0.045454545454545456,0.08333333333333333,0.515625,0.5,0.09090909090909091,2.3378080722984002e-07,0.08333333333333333
14,36,0.442084555665716,0.91015625,0.08,0.5,0.043478260869565216,0.1,0.546875,0.51953125,1.0,7.466025131610817e-07,0.0
14,37,0.4048095147085772,0.91015625,0.12,0.5,0.043478260869565216,0.125,0.50390625,0.52734375,0.5,6.398353342030478e-08,0.0
14,38,0.33807187599210403,0.92578125,0.08,0.2,0.04,0.1,0.484375,0.5390625,0.125,1.6535068072151776e-08,0.08333333333333333
14,39,0.3998035901784231,0.9296875,0.08,0.5,0.037037037037037035,0.06666666666666667,0.50390625,0.48828125,0.5,3.6924335657948424e-08,0.08333333333333333
14,40,0.44370504858500354,0.92578125,0.12,0.5,0.038461538461538464,0.125,0.484375,0.515625,1.0,8.46800760416122e-09,0.0
14,41,0.40002901801936225,0.89453125,0.0,0.25,0.03571428571428571,0.1,0.54296875,0.5,1.0,2.703656370371853e-09,0.08333333333333333
14,42,0.3402447918100938,0.93359375,0.0,0.25,0.03333333333333333,0.16666666666666666,0.48046875,0.46875,0.25,2.3904513783655797e-09,0.08333333333333333
14,43,0.3383835785780559,0.921875,0.0,0.25,0.03333333333333333,0.058823529411764705,0.5390625,0.515625,0.25,2.4447224025306434e-09,0.0
14,44,0.33550246213982476,0.9140625,0.04,0.25,0.03333333333333333,0.09090909090909091,0.5234375,0.484375,0.2,3.102104047158027e-10,0.0
14,45,0.3583645833468817,0.90234375,0.2,0.3333333333333333,0.03125,0.0625,0.49609375,0.48828125,0.16666666666666666,2.2580603967376752e-10,0.0
14,46,0.3680398675763296,0.9140625,0.04,0.3333333333333333,0.030303030303030304,0.06666666666666667,0.53515625,0.47265625,0.5,2.534787196537494e-09,0.0
14,47,0.4027998161798811,0.94140625,0.16,0.5,0.029411764705882353,0.08333333333333333,0.453125,0.4921875,0.5,5.684162202110449e-11,0.0
14,48,0.36044821431712953,0.91796875,0.04,0.3333333333333333,0.02857142857142857,0.08333333333333333,0.578125,0.51953125,0.2,5.235885714543444e-10,0.08333333333333333
14,49,0.3303421130956388,0.90234375,0.08,0.14285714285714285,0.02857142857142857,0.0625,0.5,0.46875,0.3333333333333333,6.679472050319284e-12,0.0
14,50,0.3221133561073157,0.9140625,0.08,0.125,0.02631578947368421,0.07692307692307693,0.52734375,0.48046875,0.16666666666666666,1.1716707385537041e-11,0.0
14,51,0.31858026315917654,0.890625,0.04,0.125,0.02631578947368421,0.06666666666666667,0.51953125,0.4921875,0.25,2.1362791668258537e-11,0.0
14,52,0.31298878205203434,0.87890625,0.0,0.16666666666666666,0.02564102564102564,0.0625,0.48828125,0.50390625,0.25,1.2537995605631684e-11,0.0
14,53,0.4388959249084545,0.8984375,0.12,0.5,0.02564102564102564,0.047619047619047616,0.5,0.5546875,1.0,4.93470882765759e-13,0.0
14,54,0.3888349702381799,0.88671875,0.12,0.5,0.023809523809523808,0.05555555555555555,0.45703125,0.5234375,0.5,1.4107473129261134e-12,0.0
14,55,0.3557222422394741,0.90234375,0.08,0.25,0.024390243902439025,0.045454545454545456,0.48828125,0.48828125,0.5,1.0419058435237852e-13,0.0
14,56,0.32622736742425784,0.88671875,0.04,0.3333333333333333,0.022727272727272728,0.05555555555555555,0.48828125,0.5,0.09090909090909091,2.5761618444050053e-13,0.0
14,57,0.4301527348531231,0.8671875,0.16,0.5,0.023255813953488372,0.05263157894736842,0.48828125,0.48046875,1.0,3.159140080536398e-14,0.0
14,58,0.34137663043478433,0.88671875,0.08,0.3333333333333333,0.021739130434782608,0.05555555555555555,0.4296875,0.47265625,0.3333333333333333,2.920556137552594e-14,0.0
14,59,0.3616004449672684,0.87109375,0.08,0.5,0.02127659574468085,0.038461538461538464,0.50390625,0.53125,0.2,2.6063140110215223e-14,0.0
14,60,0.29555966614906853,0.87890625,0.08,0.125,0.021739130434782608,0.05,0.46484375,0.44921875,0.07142857142857142,3.795899575994676e-15,0.0
14,61,0.31226926020408186,0.859375,0.0,0.14285714285714285,0.02040816326530612,0.04,0.5078125,0.5546875,0.25,3.1972056335116874e-15,0.0
14,62,0.3111875000000001,0.8671875,0.0,0.25,0.02,0.04,0.4765625,0.5390625,0.125,2.2356096060494218e-15,0.0
14,63,0.3420333333333334,0.89453125,0.04,0.2,0.02,0.05555555555555555,0.48046875,0.48828125,0.5,2.099805074613478e-15,0.0
14,64,0.38256818885448934,0.8984375,0.12,0.5,0.0196078431372549,0.05263157894736842,0.4765625,0.5546875,0.3333333333333333,2.764918503131047e-15,0.0
14,65,0.4053248774509804,0.875,0.08,0.3333333333333333,0.0196078431372549,0.04,0.49609375,0.53125,1.0,1.179591605250489e-16,0.0
14,66,0.308087052133656,0.875,0.08,0.125,0.018518518518518517,0.043478260869565216,0.46875,0.48046875,0.2,8.940501574522456e-15,0.0
14,67,0.5014149636243386,0.86328125,0.16,1.0,0.018518518518518517,0.03571428571428571,0.5703125,0.515625,1.0,8.433774225508316e-16,0.0
14,68,0.4245054398148148,0.87890625,0.12,1.0,0.018518518518518517,0.041666666666666664,0.51171875,0.5078125,0.16666666666666666,1.396473972156733e-17,0.0
14,69,0.32167761591478694,0.84765625,0.04,0.3333333333333333,0.017543859649122806,0.03571428571428571,0.51953125,0.49609375,0.1,0.0,0.0
15,16,0.5115723599828301,0.96484375,0.12,0.3333333333333333,0.5,0.25,0.54296875,0.5078125,1.0,0.33604974971383667,0.16666666666666666
15,17,0.3684355314570193,0.94921875,0.0,0.2,0.3333333333333333,0.16666666666666666,0.4453125,0.53515625,0.1111111111111111,0.35112459835772936,0.0
15,18,0.4240801012709128,0.97265625,0.04,0.3333333333333333,0.25,0.25,0.5,0.5,0.5,0.05669960451521406,0.25
15,19,0.35726195782928394,0.94140625,0.08,0.2,0.2,0.1,0.5546875,0.48046875,0.16666666666666666,0.04443540826584438,0.0
15,20,0.3778214540064647,0.96484375,0.08,0.2,0.16666666666666666,0.1,0.5078125,0.5390625,0.25,0.07954159455218932,0.16666666666666666
15,21,0.38752043400424796,0.9609375,0.12,0.5,0.14285714285714285,0.1111111111111111,0.5,0.44921875,0.1111111111111111,0.01409470033534925,0.08333333333333333
15,22,0.3970923028170496,0.96484375,0.08,0.5,0.125,0.16666666666666666,0.54296875,0.46875,0.25,0.003152963617492777,0.0
15,23,0.3399279657535144,0.9453125,0.04,0.3333333333333333,0.1,0.1111111111111111,0.4765625,0.46484375,0.07142857142857142,0.001981472876033839,0.0
15,24,0.4026772587225139,0.95703125,0.08,0.5,0.09090909090909091,0.125,0.47265625,0.47265625,0.5,0.007575524163110625,0.0
15,25,0.37627420812214357,0.94921875,0.2,0.3333333333333333,0.09090909090909091,0.125,0.5,0.49609375,0.1,0.0005455141569382384,0.08333333333333333
15,26,0.39041772305057965,0.953125,0.12,0.3333333333333333,0.08333333333333333,0.14285714285714285,0.49609375,0.47265625,0.5,0.0003375468747415201,0.0
15,27,0.38738833115986876,0.953125,0.16,0.25,0.07692307692307693,0.09090909090909091,0.51171875,0.50390625,0.5,0.0003427425246191328,0.0
15,28,0.37808977150309436,0.95703125,0.12,0.25,0.07142857142857142,0.125,0.55078125,0.48046875,0.3333333333333333,4.281870236631605e-05,0.08333333333333333
15,29,0.3432277020883881,0.95703125,0.04,0.25,0.0625,0.1,0.45703125,0.53515625,0.2,4.5034806467795874e-05,0.0
15,30,0.385017186567432,0.92578125,0.08,0.5,0.0625,0.0625,0.51953125,0.52734375,0.16666666666666666,0.00025172056831158744,0.16666666666666666
15,31,0.3227271722999613,0.9375,0.08,0.2,0.0625,0.06666666666666667,0.4765625,0.46875,0.07142857142857142,6.443094592652189e-06,0.0
15,32,0.34508651095267234,0.94140625,0.04,0.2,0.05555555555555555,0.125,0.52734375,0.44140625,0.3333333333333333,6.664026020664301e-06,0.0
15,33,0.37163185857363285,0.953125,0.08,0.3333333333333333,0.05263157894736842,0.09090909090909091,0.50390625,0.52734375,0.2,1.9363388298022253e-05,0.16666666666666666
15,34,0.34350851540914296,0.953125,0.04,0.25,0.05263157894736842,0.1111111111111111,0.46875,0.4921875,0.25,1.2071114474099739e-06,0.0
15,35,0.32857542706959536,0.9140625,0.08,0.2,0.047619047619047616,0.058823529411764705,0.53515625,0.51953125,0.06666666666666667,5.527005382465088e-07,0.0
15,36,0.33954896954264796,0.9375,0.04,0.25,0.045454545454545456,0.06666666666666667,0.51953125,0.4921875,0.2,1.7651047396488556e-06,0.0
15,37,0.3702850906612073,0.9296875,0.08,0.5,0.045454545454545456,0.07692307692307693,0.5078125,0.4921875,0.16666666666666666,1.5126876230497534e-07,0.0
15,38,0.3197718773455152,0.921875,0.04,0.2,0.041666666666666664,0.06666666666666667,0.55078125,0.44140625,0.08333333333333333,3.909192175231075e-08,0.0
15,39,0.37141963664800887,0.91015625,0.16,0.5,0.038461538461538464,0.05,0.484375,0.4765625,0.16666666666666666,8.729587528748143e-08,0.0
15,40,0.33933726081657967,0.921875,0.04,0.25,0.04,0.07692307692307693,0.54296875,0.48828125,0.2,2.0019917016087885e-08,0.0
15,41,0.32429108834647924,0.9140625,0.0,0.25,0.037037037037037035,0.06666666666666667,0.515625,0.44921875,0.2,6.391937596780571e-09,0.0
15,42,0.37371004148328846,0.9375,0.08,0.25,0.034482758620689655,0.09090909090909091,0.5234375,0.52734375,0.5,5.651463775534971e-09,0.0
15,43,0.3682733937637141,0.91015625,0.04,0.5,0.034482758620689655,0.045454545454545456,0.51171875,0.51953125,0.125,5.779770391559826e-09,0.16666666666666666
15,44,0.3223787596225477,0.91796875,0.08,0.16666666666666666,0.034482758620689655,0.0625,0.52734375,0.47265625,0.1111111111111111,7.333940698028653e-10,0.0
15,45,0.323925288050464,0.8984375,0.12,0.2,0.03225806451612903,0.047619047619047616,0.4765625,0.5078125,0.1,5.338467308152653e-10,0.0
15,46,0.34914687535956196,0.91796875,0.04,0.3333333333333333,0.03125,0.05,0.5234375,0.5,0.25,5.99270001873708e-09,0.0
15,47,0.3425963625303447,0.9296875,0.08,0.25,0.030303030303030304,0.058823529411764705,0.48828125,0.51171875,0.16666666666666666,1.3438397898499102e-10,0.08333333333333333
15,48,0.3192399919043369,0.9140625,0.0,0.2,0.029411764705882353,0.058823529411764705,0.54296875,0.5078125,0.1111111111111111,1.2378590385224703e-09,0.0
15,49,0.31408761379646566,0.90625,0.04,0.1111111111111111,0.029411764705882353,0.047619047619047616,0.53515625,0.51171875,0.14285714285714285,1.5791492215117827e-11,0.0
15,50,0.2954173704971575,0.91015625,0.0,0.1,0.02702702702702703,0.05555555555555555,0.4609375,0.5078125,0.1,2.7700436811720386e-11,0.0
15,51,0.3334434121651925,0.89453125,0.0,0.125,0.02702702702702703,0.05,0.5,0.47265625,0.5,5.050554232147181e-11,0.08333333333333333
15,52,0.30743740601681613,0.8828125,0.04,0.16666666666666666,0.02631578947368421,0.047619047619047616,0.5,0.4296875,0.125,2.964211220706433e-11,0.08333333333333333
15,53,0.3665879554656571,0.90234375,0.12,0.5,0.02631578947368421,0.038461538461538464,0.44921875,0.48046875,0.2,1.1666553201926057e-12,0.08333333333333333
15,54,0.3282338734979025,0.8984375,0.08,0.25,0.024390243902439025,0.043478260869565216,0.5078125,0.46484375,0.16666666666666666,3.335264380439501e-12,0.0
15,55,0.3320118055555703,0.8828125,0.12,0.25,0.025,0.037037037037037035,0.515625,0.46875,0.16666666666666666,2.4632557622731797e-13,0.0
15,56,0.3279806191018229,0.890625,0.04,0.3333333333333333,0.023255813953488372,0.043478260869565216,0.4765625,0.55078125,0.06666666666666667,6.090517245125776e-13,0.0
15,57,0.32952038690476637,0.88671875,0.04,0.25,0.023809523809523808,0.041666666666666664,0.5,0.5390625,0.2,7.46878430097968e-14,0.0
15,58,0.33315314009662256,0.8828125,0.04,0.2,0.022222222222222223,0.043478260869565216,0.54296875,0.484375,0.3333333333333333,6.904728272314847e-14,0.0
15,59,0.36493537819464295,0.875,0.08,0.5,0.021739130434782608,0.03225806451612903,0.546875,0.48046875,0.1111111111111111,6.161802475576123e-14,0.16666666666666666
15,60,0.29109097222222274,0.8828125,0.0,0.1,0.022222222222222223,0.04,0.5,0.515625,0.05555555555555555,8.974200079304721e-15,0.0
15,61,0.3104291666666671,0.87109375,0.08,0.2,0.020833333333333332,0.03333333333333333,0.43359375,0.52734375,0.125,7.558778222496982e-15,0.0
15,62,0.3438430697278914,0.86328125,0.08,0.5,0.02040816326530612,0.03333333333333333,0.46484375,0.51171875,0.08333333333333333,5.285389537378861e-15,0.0
15,63,0.327487182046732,0.890625,0.04,0.2,0.02040816326530612,0.043478260869565216,0.5,0.5,0.16666666666666666,4.9643228146210475e-15,0.16666666666666666
15,64,0.3590973214285718,0.89453125,0.04,0.5,0.02,0.041666666666666664,0.51953125,0.49609375,0.14285714285714285,6.536772470743714e-15,0.08333333333333333
15,65,0.34186875000000005,0.87109375,0.12,0.3333333333333333,0.02,0.03333333333333333,0.4765625,0.46484375,0.2,2.788770057124654e-16,0.08333333333333333
15,66,0.2983443049940115,0.86328125,0.04,0.1,0.018867924528301886,0.03571428571428571,0.50390625,0.5234375,0.1111111111111111,2.1136979083035663e-14,0.0
15,67,0.3591494907804461,0.8671875,0.16,0.3333333333333333,0.018867924528301886,0.030303030303030304,0.54296875,0.51171875,0.2,1.9938983054777474e-15,0.08333333333333333
15,68,0.3313190244795055,0.890625,0.04,0.3333333333333333,0.018867924528301886,0.034482758620689655,0.515625,0.51953125,0.1,3.301519595231123e-17,0.0
15,69,0.32831103896103897,0.859375,0.04,0.3333333333333333,0.017857142857142856,0.030303030303030304,0.5625,0.515625,0.07142857142857142,0.0,0.0
16,17,0.44667853110994366,0.9609375,0.04,0.3333333333333333,0.5,0.3333333333333333,0.44140625,0.48828125,0.1111111111111111,0.9570669536842465,0.0
16,18,0.4741338471224542,0.96875,0.0,0.3333333333333333,0.3333333333333333,1.0,0.55078125,0.46875,0.5,0.1687238409297928,0.16666666666666666
16,19,0.3808291065347303,0.953125,0.04,0.3333333333333333,0.25,0.14285714285714285,0.53515625,0.49609375,0.16666666666666666,0.13222866049947476,0.0
16,20,0.4144294319641789,0.953125,0.2,0.3333333333333333,0.2,0.14285714285714285,0.48046875,0.484375,0.25,0.23669588987917117,0.16666666666666666
16,21,0.3917200103861134,0.96484375,0.08,0.5,0.16666666666666666,0.16666666666666666,0.47265625,0.50390625,0.1111111111111111,0.04194230273151996,0.08333333333333333
16,22,0.40537901729361275,0.953125,0.08,0.5,0.14285714285714285,0.3333333333333333,0.53125,0.46875,0.25,0.009382431084021592,0.0
16,23,0.3437069566627157,0.95703125,0.0,0.3333333333333333,0.1111111111111111,0.16666666666666666,0.51953125,0.44140625,0.07142857142857142,0.005896367659018235,0.0
16,24,0.41309944690393297,0.9453125,0.08,0.5,0.1,0.2,0.4609375,0.55078125,0.5,0.022542865065549273,0.0
16,25,0.38401302382099056,0.953125,0.16,0.3333333333333333,0.1,0.2,0.53515625,0.52734375,0.1,0.0016233136831756945,0.08333333333333333
16,26,0.39683924457690384,0.94140625,0.04,0.3333333333333333,0.09090909090909091,0.25,0.5234375,0.56640625,0.5,0.0010044550696108488,0.0
16,27,0.4233466116281111,0.94140625,0.16,0.5,0.08333333333333333,0.125,0.4921875,0.58203125,0.5,0.001019916024073803,0.0
16,28,0.3680062828854003,0.953125,0.04,0.25,0.07692307692307693,0.2,0.53125,0.47265625,0.3333333333333333,0.00012741774812443198,0.08333333333333333
16,29,0.34934092764393926,0.9296875,0.04,0.25,0.06666666666666667,0.14285714285714285,0.4921875,0.57421875,0.2,0.00013401231962275017,0.0
16,30,0.3702551197290008,0.9140625,0.04,0.5,0.06666666666666667,0.07692307692307693,0.4765625,0.49609375,0.16666666666666666,0.0007490574491602514,0.16666666666666666
16,31,0.33980189442989395,0.93359375,0.12,0.3333333333333333,0.06666666666666667,0.08333333333333333,0.47265625,0.421875,0.07142857142857142,1.91730379151861e-05,0.0
16,32,0.3786893638480828,0.9296875,0.12,0.3333333333333333,0.058823529411764705,0.2,0.5,0.51171875,0.3333333333333333,1.9830474584013396e-05,0.0
16,33,0.37086665168046046,0.94140625,0.08,0.3333333333333333,0.05555555555555555,0.125,0.515625,0.50390625,0.2,5.762060026680918e-05,0.16666666666666666
16,34,0.3830665349681486,0.94140625,0.08,0.5,0.05555555555555555,0.16666666666666666,0.49609375,0.484375,0.25,3.5920617362098626e-06,0.0
16,35,0.325719146300961,0.92578125,0.04,0.2,0.05,0.07142857142857142,0.578125,0.46484375,0.06666666666666667,1.6446985564404118e-06,0.0
16,36,0.37124421396013607,0.91796875,0.08,0.5,0.047619047619047616,0.08333333333333333,0.5,0.5,0.2,5.2525102046703845e-06,0.0
16,37,0.35850850915113713,0.92578125,0.04,0.5,0.047619047619047616,0.1,0.44921875,0.4921875,0.16666666666666666,4.5013800020320906e-07,0.0
16,38,0.3267511845158987,0.93359375,0.08,0.2,0.043478260869565216,0.08333333333333333,0.515625,0.46484375,0.08333333333333333,1.1632778118596874e-07,0.0
16,39,0.36079401068428063,0.921875,0.08,0.5,0.04,0.058823529411764705,0.47265625,0.46875,0.16666666666666666,2.597706897916701e-07,0.0
16,40,0.3843208369077893,0.92578125,0.12,0.5,0.041666666666666664,0.1,0.5234375,0.52734375,0.2,5.957426551615009e-08,0.0
16,41,0.34790817421817155,0.91796875,0.12,0.25,0.038461538461538464,0.08333333333333333,0.51171875,0.50390625,0.2,1.902080749122304e-08,0.0
16,42,0.3722071438661834,0.92578125,0.04,0.25,0.03571428571428571,0.125,0.58984375,0.48828125,0.5,1.681734261176352e-08,0.0
16,43,0.34669316362593405,0.9140625,0.04,0.25,0.03571428571428571,0.05263157894736842,0.5234375,0.52734375,0.125,1.7199151008092085e-08,0.25
16,44,0.3354520414923602,0.90625,0.08,0.25,0.03571428571428571,0.07692307692307693,0.5234375,0.51953125,0.1111111111111111,2.1823973100036152e-09,0.0
16,45,0.33934062509531565,0.91796875,0.08,0.3333333333333333,0.03333333333333333,0.05555555555555555,0.50390625,0.484375,0.1,1.5885943413731532e-09,0.0
16,46,0.34452255799596276,0.90625,0.04,0.3333333333333333,0.03225806451612903,0.058823529411764705,0.46484375,0.5390625,0.25,1.783277631910206e-08,0.0
16,47,0.3812940476430412,0.92578125,0.12,0.5,0.03125,0.07142857142857142,0.5,0.52734375,0.16666666666666666,3.9989310838477274e-10,0.08333333333333333
16,48,0.34278947081985917,0.91015625,0.12,0.3333333333333333,0.030303030303030304,0.07142857142857142,0.484375,0.484375,0.1111111111111111,3.6835588765549446e-09,0.0
16,49,0.31740400433182375,0.89453125,0.08,0.14285714285714285,0.030303030303030304,0.05555555555555555,0.5234375,0.48046875,0.14285714285714285,4.699153095208397e-11,0.0
16,50,0.325240972227168,0.8984375,0.12,0.125,0.027777777777777776,0.06666666666666667,0.54296875,0.5234375,0.1,8.242957132183169e-11,0.0
16,51,0.3450235089959456,0.8984375,0.04,0.125,0.027777777777777776,0.058823529411764705,0.51953125,0.49609375,0.5,1.5029186114401167e-10,0.08333333333333333
16,52,0.30338612050078795,0.89453125,0.0,0.16666666666666666,0.02702702702702703,0.05555555555555555,0.46484375,0.4609375,0.125,8.820751163274512e-11,0.08333333333333333
16,53,0.3672052328145444,0.8984375,0.08,0.5,0.02702702702702703,0.043478260869565216,0.484375,0.50390625,0.2,3.471674420784636e-12,0.08333333333333333
16,54,0.37914583333392876,0.89453125,0.2,0.5,0.025,0.05,0.55078125,0.45703125,0.16666666666666666,9.924912556190408e-12,0.0
16,55,0.3240314903846593,0.87890625,0.04,0.25,0.02564102564102564,0.041666666666666664,0.51953125,0.5,0.16666666666666666,7.330033021511746e-13,0.0
16,56,0.33018809523820397,0.90234375,0.08,0.3333333333333333,0.023809523809523808,0.05,0.47265625,0.49609375,0.06666666666666667,1.8123855918095934e-12,0.0
16,57,0.3571646123693513,0.8828125,0.08,0.5,0.024390243902439025,0.047619047619047616,0.48828125,0.4765625,0.2,2.2225233934379444e-13,0.0
16,58,0.35510672348486083,0.87890625,0.08,0.3333333333333333,0.022727272727272728,0.05,0.515625,0.5234375,0.3333333333333333,2.054674427876995e-13,0.0
16,59,0.3685407738095348,0.87109375,0.08,0.5,0.022222222222222223,0.03571428571428571,0.57421875,0.48828125,0.1111111111111111,1.8335982933548408e-13,0.16666666666666666
16,60,0.30464302398990056,0.89453125,0.08,0.125,0.022727272727272728,0.045454545454545456,0.51953125,0.4609375,0.05555555555555555,2.67049747453962e-14,0.0
16,61,0.2981765820246552,0.8515625,0.0,0.14285714285714285,0.02127659574468085,0.037037037037037035,0.515625,0.51953125,0.125,2.2493033334896585e-14,0.0
16,62,0.3093836805555565,0.8828125,0.0,0.25,0.020833333333333332,0.037037037037037035,0.515625,0.48046875,0.08333333333333333,1.572799724409745e-14,0.0
16,63,0.33952812500000085,0.89453125,0.08,0.2,0.020833333333333332,0.05,0.51171875,0.5390625,0.16666666666666666,1.4772582984657538e-14,0.16666666666666666
16,64,0.35706524234694,0.890625,0.04,0.5,0.02040816326530612,0.047619047619047616,0.4921875,0.51171875,0.14285714285714285,1.9451799849010766e-14,0.08333333333333333
16,65,0.3369392502834468,0.875,0.04,0.3333333333333333,0.02040816326530612,0.037037037037037035,0.48828125,0.50390625,0.2,8.298682143044096e-16,0.08333333333333333
16,66,0.2935836004273542,0.8671875,0.04,0.125,0.019230769230769232,0.04,0.4765625,0.46875,0.1111111111111111,6.289836281989459e-14,0.0
16,67,0.42287596153846185,0.83203125,0.16,1.0,0.019230769230769232,0.03333333333333333,0.484375,0.48046875,0.2,5.9333426291067095e-15,0.08333333333333333
16,68,0.4142711538461538,0.88671875,0.12,1.0,0.019230769230769232,0.038461538461538464,0.49609375,0.46484375,0.1,9.82449651589544e-17,0.0
16,69,0.31437820616883116,0.83984375,0.04,0.3333333333333333,0.01818181818181818,0.03333333333333333,0.51953125,0.4609375,0.07142857142857142,0.0,0.0
17,18,0.40990442574715497,0.953125,0.08,0.3333333333333333,0.5,0.3333333333333333,0.4921875,0.50390625,0.1,0.16148001245258217,0.0
17,19,0.40667851754430556,0.9765625,0.08,0.3333333333333333,0.3333333333333333,0.2,0.515625,0.515625,0.25,0.12655168129398078,0.0
17,20,0.3657909871899077,0.953125,0.04,0.2,0.25,0.2,0.4609375,0.50390625,0.16666666666666666,0.22653381427624023,0.0
17,21,0.4297366205143455,0.94921875,0.0,0.25,0.2,0.25,0.5390625,0.5078125,1.0,0.040141591905758264,0.0
17,22,0.4094210685508109,0.9453125,0.08,0.25,0.16666666666666666,1.0,0.48828125,0.47265625,0.16666666666666666,0.008979614735736927,0.08333333333333333
17,23,0.37680005145132645,0.96484375,0.12,0.3333333333333333,0.125,0.25,0.5,0.4765625,0.16666666666666666,0.005643218633218894,0.0
17,24,0.3550021407606249,0.9375,0.04,0.25,0.1111111111111111,0.3333333333333333,0.44921875,0.515625,0.125,0.021575031195600267,0.08333333333333333
17,25,0.3775133560817867,0.9609375,0.0,0.2,0.1111111111111111,0.3333333333333333,0.5,0.515625,0.5,0.0015536198816309158,0.0
17,26,0.35588580484521515,0.93359375,0.0,0.2,0.1,0.5,0.48046875,0.53125,0.125,0.0009613307535851528,0.08333333333333333
17,27,0.35129066994805774,0.94140625,0.04,0.25,0.09090909090909091,0.16666666666666666,0.51953125,0.515625,0.125,0.000976127922174063,0.08333333333333333
17,28,0.35430255493420065,0.953125,0.08,0.25,0.08333333333333333,0.3333333333333333,0.46484375,0.4765625,0.14285714285714285,0.00012194731604275675,0.0
17,29,0.3553907312400356,0.9296875,0.08,0.25,0.07142857142857142,0.2,0.51953125,0.5078125,0.2,0.0001282587624975051,0.0
17,30,0.3563180950566914,0.9296875,0.08,0.25,0.07142857142857142,0.09090909090909091,0.53515625,0.5234375,0.25,0.0007168981310022942,0.0
17,31,0.3629174700404785,0.93359375,0.16,0.3333333333333333,0.07142857142857142,0.1,0.5078125,0.46484375,0.16666666666666666,1.8349880990359718e-05,0.0
17,32,0.3637234601740854,0.9453125,0.08,0.3333333333333333,0.0625,0.3333333333333333,0.47265625,0.4921875,0.14285714285714285,1.8979091900234576e-05,0.0
17,33,0.3378873161592832,0.91796875,0.04,0.2,0.058823529411764705,0.16666666666666666,0.51953125,0.5,0.2,5.514677236681274e-05,0.0
17,34,0.35640192195688947,0.93359375,0.12,0.25,0.058823529411764705,0.25,0.5234375,0.45703125,0.16666666666666666,3.4378435833201185e-06,0.0
17,35,0.3310985671895591,0.92578125,0.04,0.2,0.05263157894736842,0.08333333333333333,0.53515625,0.5,0.14285714285714285,1.5740866371413025e-06,0.0
17,36,0.34563780162023644,0.91796875,0.08,0.25,0.05,0.1,0.48828125,0.49609375,0.2,5.027003940779303e-06,0.08333333333333333
17,37,0.35194377584873227,0.92578125,0.04,0.25,0.05,0.125,0.5390625,0.53515625,0.25,4.30812204592004e-07,0.0
17,38,0.3234198524592293,0.92578125,0.0,0.14285714285714285,0.045454545454545456,0.1,0.51953125,0.4765625,0.25,1.1133347516850271e-07,0.0
17,39,0.3239739732504099,0.90625,0.0,0.25,0.041666666666666664,0.06666666666666667,0.46875,0.47265625,0.25,2.486179427353691e-07,0.0
17,40,0.34296888929055885,0.93359375,0.04,0.25,0.043478260869565216,0.125,0.55859375,0.453125,0.2,5.701656081551822e-08,0.0
17,41,0.3505156260922512,0.92578125,0.12,0.25,0.04,0.1,0.4765625,0.546875,0.2,1.8204186282239327e-08,0.0
17,42,0.3258285889286824,0.91796875,0.04,0.25,0.037037037037037035,0.16666666666666666,0.453125,0.4765625,0.125,1.609532286250478e-08,0.0
17,43,0.3614173757153132,0.9140625,0.12,0.25,0.037037037037037035,0.058823529411764705,0.47265625,0.46875,0.5,1.646073906127003e-08,0.0
17,44,0.4169112585428305,0.9140625,0.16,0.25,0.037037037037037035,0.09090909090909091,0.51953125,0.4921875,1.0,2.088700345213854e-09,0.0
17,45,0.3564211207808786,0.92578125,0.04,0.2,0.034482758620689655,0.0625,0.5078125,0.52734375,0.5,1.5203911469380356e-09,0.0
17,46,0.3398968760240296,0.90625,0.04,0.3333333333333333,0.03333333333333333,0.06666666666666667,0.484375,0.48046875,0.16666666666666666,1.7067160907455577e-08,0.08333333333333333
17,47,0.33867752018425384,0.91015625,0.12,0.25,0.03225806451612903,0.08333333333333333,0.47265625,0.4375,0.25,3.8272447904113864e-10,0.0
17,48,0.42104375021152474,0.92578125,0.08,0.3333333333333333,0.03125,0.08333333333333333,0.51171875,0.54296875,1.0,3.5254124727010063e-09,0.0
17,49,0.33935312500269843,0.89453125,0.16,0.1111111111111111,0.03125,0.0625,0.50390625,0.4921875,0.3333333333333333,4.497404137726998e-11,0.0
17,50,0.3512792239058323,0.8984375,0.12,0.125,0.02857142857142857,0.07692307692307693,0.484375,0.52734375,0.5,7.889061871848379e-11,0.0
17,51,0.3086044642943446,0.90625,0.04,0.125,0.02857142857142857,0.06666666666666667,0.5078125,0.4765625,0.125,1.4383937370863502e-10,0.0
17,52,0.3592034722272874,0.89453125,0.08,0.16666666666666666,0.027777777777777776,0.0625,0.5625,0.53515625,0.5,8.44204944504191e-11,0.0
17,53,0.3157418650795644,0.8828125,0.04,0.25,0.027777777777777776,0.047619047619047616,0.45703125,0.453125,0.2,3.3226248620838726e-12,0.0
17,54,0.3423939903851853,0.88671875,0.16,0.25,0.02564102564102564,0.05555555555555555,0.484375,0.46875,0.25,9.498805825735681e-12,0.0
17,55,0.31496378588520957,0.87890625,0.04,0.16666666666666666,0.02631578947368421,0.045454545454545456,0.4921875,0.47265625,0.25,7.015332374303179e-13,0.0
17,56,0.321834999274204,0.90234375,0.08,0.2,0.024390243902439025,0.05555555555555555,0.4921875,0.484375,0.14285714285714285,1.7345743572544277e-12,0.0
17,57,0.31808601973685485,0.8671875,0.04,0.25,0.025,0.05263157894736842,0.4765625,0.48046875,0.2,2.1271036936496274e-13,0.0
17,58,0.33125986987819567,0.89453125,0.08,0.3333333333333333,0.023255813953488372,0.05555555555555555,0.47265625,0.45703125,0.14285714285714285,1.9664609955011575e-13,0.0
17,59,0.3860539991258847,0.87890625,0.04,0.25,0.022727272727272728,0.038461538461538464,0.484375,0.5,1.0,1.7548763329017508e-13,0.0
17,60,0.29656046511628065,0.87890625,0.08,0.125,0.023255813953488372,0.05,0.453125,0.44921875,0.1,2.5558448827791076e-14,0.0
17,61,0.330006987577641,0.859375,0.04,0.14285714285714285,0.021739130434782608,0.04,0.51953125,0.4609375,0.5,2.1527338892947682e-14,0.0
17,62,0.3424896276595754,0.875,0.08,0.25,0.02127659574468085,0.04,0.51953125,0.5234375,0.25,1.5052746409962572e-14,0.08333333333333333
17,63,0.32979171099290866,0.89453125,0.04,0.2,0.02127659574468085,0.05555555555555555,0.4921875,0.55078125,0.25,1.4138350995173923e-14,0.0
17,64,0.33570997807017655,0.8984375,0.0,0.25,0.020833333333333332,0.05263157894736842,0.48828125,0.5390625,0.3333333333333333,1.861667482516842e-14,0.0
17,65,0.3238604166666668,0.875,0.08,0.2,0.020833333333333332,0.04,0.515625,0.4921875,0.2,7.942394438237067e-16,0.0
17,66,0.374180448103158,0.859375,0.12,0.125,0.0196078431372549,0.043478260869565216,0.48828125,0.44921875,1.0,6.019794449576298e-14,0.0
17,67,0.33114585959383785,0.85546875,0.08,0.3333333333333333,0.0196078431372549,0.03571428571428571,0.48828125,0.4765625,0.2,5.6786061552040366e-15,0.0
17,68,0.35628425245098033,0.87109375,0.08,0.3333333333333333,0.0196078431372549,0.041666666666666664,0.484375,0.4609375,0.5,9.402700951949542e-17,0.0
17,69,0.3036139219576719,0.86328125,0.0,0.2,0.018518518518518517,0.03571428571428571,0.5,0.47265625,0.16666666666666666,0.0,0.0
18,19,0.4370750490283284,0.9609375,0.04,0.3333333333333333,0.5,0.14285714285714285,0.515625,0.49609375,0.14285714285714285,0.7836987338054736,0.0
18,20,0.4236078723599345,0.96875,0.04,0.2,0.3333333333333333,0.14285714285714285,0.5078125,0.546875,0.2,0.7128296186973215,0.16666666666666666
18,21,0.40416513084353234,0.97265625,0.0,0.5,0.25,0.16666666666666666,0.5,0.51171875,0.1,0.24858551405887241,0.08333333333333333
18,22,0.4199489927086715,0.953125,0.12,0.5,0.2,0.3333333333333333,0.55859375,0.4921875,0.2,0.055608211811190855,0.0
18,23,0.44800246608146405,0.96484375,0.12,1.0,0.14285714285714285,0.16666666666666666,0.453125,0.54296875,0.06666666666666667,0.034946855325986535,0.0
18,24,0.3962925252677944,0.953125,0.0,0.5,0.125,0.2,0.48046875,0.50390625,0.3333333333333333,0.13360806001879438,0.0
18,25,0.3633406199573284,0.9375,0.04,0.3333333333333333,0.125,0.2,0.53125,0.50390625,0.09090909090909091,0.009621128076684592,0.08333333333333333
18,26,0.38523775050704867,0.94140625,0.08,0.3333333333333333,0.1111111111111111,0.25,0.52734375,0.50390625,0.3333333333333333,0.005953249191552068,0.0
18,27,0.34877935969870766,0.94140625,0.0,0.25,0.1,0.125,0.49609375,0.47265625,0.3333333333333333,0.0060448838673498265,0.0
18,28,0.41166491338492905,0.9609375,0.12,0.5,0.09090909090909091,0.2,0.52734375,0.54296875,0.25,0.0007551852033611031,0.08333333333333333
18,29,0.34222188927087216,0.953125,0.04,0.25,0.07692307692307693,0.14285714285714285,0.46484375,0.51171875,0.16666666666666666,0.0007942702044017221,0.0
18,30,0.3815548000275218,0.921875,0.08,0.5,0.07692307692307693,0.07692307692307693,0.48046875,0.54296875,0.14285714285714285,0.004439547161992001,0.16666666666666666
18,31,0.3345846226242523,0.94140625,0.08,0.2,0.07692307692307693,0.08333333333333333,0.4765625,0.5625,0.06666666666666667,0.00011363561788025047,0.0
18,32,0.35895601026190777,0.9453125,0.04,0.3333333333333333,0.06666666666666667,0.2,0.52734375,0.42578125,0.25,0.00011753214290720775,0.0
18,33,0.3460100738342427,0.93359375,0.0,0.3333333333333333,0.0625,0.125,0.45703125,0.47265625,0.16666666666666666,0.00034150834848991805,0.16666666666666666
18,34,0.33779815237552074,0.93359375,0.0,0.25,0.0625,0.16666666666666666,0.4765625,0.515625,0.2,2.1289592012693363e-05,0.0
18,35,0.3400869936025327,0.91796875,0.08,0.3333333333333333,0.05555555555555555,0.07142857142857142,0.49609375,0.50390625,0.0625,9.747872899152305e-06,0.0
18,36,0.34601135249785436,0.93359375,0.08,0.25,0.05263157894736842,0.08333333333333333,0.49609375,0.546875,0.16666666666666666,3.113081219420551e-05,0.0
18,37,0.3739861328182418,0.92578125,0.12,0.5,0.05263157894736842,0.1,0.5234375,0.4609375,0.14285714285714285,2.6678980144276984e-06,0.0
18,38,0.3050571613307715,0.92578125,0.0,0.2,0.047619047619047616,0.08333333333333333,0.44140625,0.46484375,0.07692307692307693,6.894566917450247e-07,0.0
18,39,0.35138008644007446,0.9140625,0.04,0.5,0.043478260869565216,0.058823529411764705,0.4921875,0.4375,0.14285714285714285,1.5396205323452928e-06,0.0
18,40,0.3374759681549421,0.91796875,0.04,0.25,0.045454545454545456,0.1,0.52734375,0.50390625,0.16666666666666666,3.530874189910089e-07,0.0
18,41,0.37159167343066896,0.91796875,0.12,0.5,0.041666666666666664,0.08333333333333333,0.4921875,0.48828125,0.16666666666666666,1.1273337180095213e-07,0.0
18,42,0.38565609572401643,0.94140625,0.04,0.5,0.038461538461538464,0.125,0.53125,0.49609375,0.3333333333333333,9.96737776895521e-08,0.0
18,43,0.3651518378188559,0.9296875,0.08,0.5,0.038461538461538464,0.05263157894736842,0.46484375,0.45703125,0.1111111111111111,1.0193669675436547e-07,0.16666666666666666
18,44,0.3388454334683915,0.921875,0.08,0.25,0.038461538461538464,0.07692307692307693,0.52734375,0.52734375,0.1,1.2934729899325409e-08,0.0
18,45,0.3075163290281246,0.89453125,0.04,0.2,0.03571428571428571,0.05555555555555555,0.484375,0.453125,0.09090909090909091,9.415351930224126e-09,0.0
18,46,0.4283567887958868,0.9140625,0.04,1.0,0.034482758620689655,0.058823529411764705,0.5234375,0.53125,0.2,1.0569209556177899e-07,0.0
18,47,0.33379970252315866,0.92578125,0.08,0.25,0.03333333333333333,0.07142857142857142,0.48046875,0.44921875,0.14285714285714285,2.370104344359794e-09,0.08333333333333333
18,48,0.3358319857569175,0.92578125,0.08,0.3333333333333333,0.03225806451612903,0.07142857142857142,0.44921875,0.4921875,0.1,2.1831881352722997e-08,0.0
18,49,0.3023473118446677,0.89453125,0.04,0.1111111111111111,0.03225806451612903,0.05555555555555555,0.44140625,0.53515625,0.125,2.785115055058371e-10,0.0
18,50,0.3131319184785107,0.9140625,0.04,0.125,0.029411764705882353,0.06666666666666667,0.5234375,0.515625,0.09090909090909091,4.885472667501164e-10,0.0
18,51,0.34752714466128853,0.890625,0.16,0.16666666666666666,0.029411764705882353,0.058823529411764705,0.4609375,0.51953125,0.3333333333333333,8.90756518555959e-10,0.08333333333333333
18,52,0.34294856153930403,0.89453125,0.12,0.25,0.02857142857142857,0.05555555555555555,0.5078125,0.546875,0.1111111111111111,5.227922215773223e-10,0.08333333333333333
18,53,0.3746621182724561,0.9140625,0.08,0.5,0.02857142857142857,0.043478260869565216,0.55078125,0.49609375,0.16666666666666666,2.057607509201515e-11,0.08333333333333333
18,54,0.33210883458999557,0.89453125,0.08,0.25,0.02631578947368421,0.05,0.53125,0.49609375,0.14285714285714285,5.882341524171581e-11,0.0
18,55,0.3259626085909943,0.87890625,0.08,0.25,0.02702702702702703,0.041666666666666664,0.5234375,0.4765625,0.14285714285714285,4.344396726104537e-12,0.0
18,56,0.3201562500006445,0.88671875,0.0,0.3333333333333333,0.025,0.05,0.46875,0.54296875,0.0625,1.0741727913625082e-11,0.0
18,57,0.3264730082418372,0.8828125,0.08,0.25,0.02564102564102564,0.047619047619047616,0.5234375,0.453125,0.16666666666666666,1.3172550963694291e-12,0.0
18,58,0.35258913690483495,0.88671875,0.08,0.3333333333333333,0.023809523809523808,0.05,0.55078125,0.5078125,0.25,1.2177736214124947e-12,0.0
18,59,0.35867207225920145,0.86328125,0.08,0.5,0.023255813953488372,0.03571428571428571,0.484375,0.51953125,0.1,1.0867452301052193e-12,0.16666666666666666
18,60,0.3031144359478336,0.88671875,0.04,0.125,0.023809523809523808,0.045454545454545456,0.5078125,0.53125,0.05263157894736842,1.582762376569434e-13,0.0
18,61,0.30897326388889684,0.8671875,0.04,0.2,0.022222222222222223,0.037037037037037035,0.48046875,0.52734375,0.1111111111111111,1.3331271509078611e-13,0.0
18,62,0.35136832381085664,0.875,0.12,0.5,0.021739130434782608,0.037037037037037035,0.46484375,0.51171875,0.07692307692307693,9.321739688608668e-14,0.0
18,63,0.3458583268633593,0.88671875,0.12,0.3333333333333333,0.021739130434782608,0.05,0.4765625,0.4609375,0.14285714285714285,8.755480495968862e-14,0.16666666666666666
18,64,0.37271239551672425,0.8984375,0.08,0.5,0.02127659574468085,0.047619047619047616,0.54296875,0.55078125,0.125,1.1528779656637143e-13,0.08333333333333333
18,65,0.34054205821513023,0.8828125,0.12,0.3333333333333333,0.02127659574468085,0.037037037037037035,0.4609375,0.47265625,0.16666666666666666,4.918500015950465e-15,0.08333333333333333
18,66,0.3017937500000224,0.859375,0.08,0.125,0.02,0.04,0.50390625,0.484375,0.1,3.7278882743113375e-13,0.0
18,67,0.3306333333333354,0.84765625,0.08,0.3333333333333333,0.02,0.03333333333333333,0.40234375,0.56640625,0.16666666666666666,3.5166000230966865e-14,0.08333333333333333
18,68,0.3267804195804196,0.87890625,0.04,0.3333333333333333,0.02,0.038461538461538464,0.4921875,0.52734375,0.09090909090909091,5.822826496691409e-16,0.0
18,69,0.3191833922955975,0.84765625,0.08,0.3333333333333333,0.018867924528301886,0.03333333333333333,0.484375,0.484375,0.06666666666666667,0.0,0.0
19,20,0.48958841184219437,0.953125,0.08,0.3333333333333333,0.5,1.0,0.5078125,0.45703125,0.3333333333333333,0.5586436695921295,0.0
19,21,0.4106202565338168,0.95703125,0.0,0.25,0.3333333333333333,0.5,0.515625,0.5078125,0.25,0.3171952477858351,0.0
19,22,0.3926646581325663,0.953125,0.04,0.25,0.25,0.2,0.54296875,0.57421875,0.3333333333333333,0.0709561077649944,0.0
19,23,0.3996133795781028,0.98046875,0.08,0.3333333333333333,0.16666666666666666,0.5,0.5234375,0.4921875,0.1111111111111111,0.044592205931343123,0.08333333333333333
19,24,0.3771388587554551,0.953125,0.08,0.25,0.14285714285714285,0.3333333333333333,0.51171875,0.453125,0.2,0.17048395544806125,0.0
19,25,0.3604464153002981,0.953125,0.0,0.2,0.14285714285714285,0.3333333333333333,0.5234375,0.5390625,0.2,0.012276564528778105,0.0
19,26,0.3632714059475571,0.94140625,0.12,0.2,0.125,0.25,0.48046875,0.5390625,0.2,0.00759634912595094,0.0
19,27,0.37845481039014117,0.94921875,0.16,0.25,0.1111111111111111,0.5,0.48046875,0.421875,0.2,0.00771327502087079,0.0
19,28,0.37782656700320183,0.9453125,0.12,0.25,0.1,0.3333333333333333,0.50390625,0.5234375,0.25,0.0009636167200297557,0.0
19,29,0.43337122601879186,0.9296875,0.12,0.25,0.08333333333333333,1.0,0.51171875,0.4609375,0.5,0.0010134892020877916,0.08333333333333333
19,30,0.41693423711009825,0.921875,0.08,0.25,0.08333333333333333,0.14285714285714285,0.49609375,0.546875,1.0,0.005664864533383266,0.0
19,31,0.3307892555020767,0.94921875,0.04,0.2,0.08333333333333333,0.16666666666666666,0.4921875,0.45703125,0.1111111111111111,0.00014499910868614037,0.0
19,32,0.39062328397888696,0.9375,0.16,0.3333333333333333,0.07142857142857142,0.3333333333333333,0.51171875,0.5234375,0.25,0.00014997107668720703,0.0
19,33,0.36350010422336165,0.91015625,0.0,0.2,0.06666666666666667,0.5,0.42578125,0.4921875,0.5,0.0004357648338049833,0.0
19,34,0.39505162993184195,0.92578125,0.12,0.25,0.06666666666666667,0.5,0.5703125,0.51171875,0.3333333333333333,2.7165530699935743e-05,0.0
19,35,0.3376472536504006,0.92578125,0.12,0.2,0.058823529411764705,0.125,0.46484375,0.4921875,0.1,1.2438290989470809e-05,0.08333333333333333
19,36,0.35770307782041666,0.91796875,0.04,0.25,0.05555555555555555,0.16666666666666666,0.51171875,0.41015625,0.5,3.9722932871207965e-05,0.0
19,37,0.42093214869880136,0.91796875,0.12,0.25,0.05555555555555555,0.25,0.4921875,0.50390625,1.0,3.4042392814301937e-06,0.0
19,38,0.3240558563562549,0.92578125,0.0,0.14285714285714285,0.05,0.16666666666666666,0.51171875,0.484375,0.14285714285714285,8.797471043460415e-07,0.08333333333333333
19,39,0.40151290196430606,0.921875,0.0,0.25,0.045454545454545456,0.09090909090909091,0.515625,0.49609375,1.0,1.964556615868478e-06,0.08333333333333333
19,40,0.4208439258419079,0.91796875,0.12,0.5,0.047619047619047616,0.25,0.58984375,0.4921875,0.5,4.5053973390577245e-07,0.0
19,41,0.3672813945004357,0.91796875,0.04,0.25,0.043478260869565216,0.16666666666666666,0.4765625,0.5078125,0.5,1.4384784221041544e-07,0.08333333333333333
19,42,0.37435938263102764,0.91796875,0.12,0.25,0.04,0.5,0.5234375,0.453125,0.2,1.2718379319762012e-07,0.08333333333333333
19,43,0.361150809086328,0.921875,0.08,0.25,0.04,0.07692307692307693,0.52734375,0.5625,0.3333333333333333,1.3007127912454654e-07,0.0
19,44,0.38562767956171196,0.921875,0.08,0.5,0.04,0.14285714285714285,0.54296875,0.515625,0.25,1.6504722211961636e-08,0.0
19,45,0.3367504636838026,0.91015625,0.04,0.3333333333333333,0.037037037037037035,0.08333333333333333,0.4609375,0.48046875,0.2,1.2013994056753402e-08,0.0
19,46,0.36203773807014517,0.921875,0.08,0.3333333333333333,0.03571428571428571,0.09090909090909091,0.4765625,0.52734375,0.3333333333333333,1.3486316999462377e-07,0.0
19,47,0.39515549587111043,0.91796875,0.04,0.25,0.034482758620689655,0.125,0.49609375,0.4453125,1.0,3.0242544004774304e-09,0.0
19,48,0.37790416833811624,0.93359375,0.12,0.3333333333333333,0.03333333333333333,0.125,0.54296875,0.52734375,0.25,2.785749218543718e-08,0.08333333333333333
19,49,0.3383001488308466,0.90234375,0.04,0.14285714285714285,0.03333333333333333,0.08333333333333333,0.52734375,0.421875,0.5,3.5538082874454155e-10,0.0
19,50,0.3446002841283123,0.90625,0.16,0.125,0.030303030303030304,0.1111111111111111,0.5390625,0.54296875,0.2,6.233865714926388e-10,0.0
19,51,0.32976628794698426,0.8984375,0.08,0.125,0.030303030303030304,0.09090909090909091,0.546875,0.5234375,0.2,1.136605790123758e-09,0.0
19,52,0.3353758578831622,0.89453125,0.08,0.16666666666666666,0.029411764705882353,0.08333333333333333,0.515625,0.47265625,0.3333333333333333,6.670831520152584e-10,0.0
19,53,0.3463511029427518,0.8984375,0.0,0.25,0.029411764705882353,0.058823529411764705,0.49609375,0.4921875,0.5,2.62550827307097e-11,0.0
19,54,0.3928822514523799,0.87890625,0.08,0.25,0.02702702702702703,0.07142857142857142,0.46875,0.5078125,1.0,7.505870904764879e-11,0.0
19,55,0.3728993055558882,0.87890625,0.0,0.16666666666666666,0.027777777777777776,0.05555555555555555,0.4765625,0.51953125,1.0,5.543452526724235e-12,0.0
19,56,0.3280276213378187,0.89453125,0.12,0.2,0.02564102564102564,0.07142857142857142,0.515625,0.5,0.1,1.3706450515066607e-11,0.0
19,57,0.3901708881579956,0.8671875,0.12,0.5,0.02631578947368421,0.06666666666666667,0.5,0.51171875,0.5,1.680818201623371e-12,0.0
19,58,0.3552244337980027,0.88671875,0.12,0.3333333333333333,0.024390243902439025,0.07142857142857142,0.51171875,0.51171875,0.25,1.553879786814566e-12,0.0
19,59,0.32671640963211784,0.87890625,0.04,0.25,0.023809523809523808,0.045454545454545456,0.4921875,0.4921875,0.25,1.3866874900106276e-12,0.0
19,60,0.3145925656660534,0.87890625,0.12,0.16666666666666666,0.024390243902439025,0.0625,0.484375,0.49609375,0.07692307692307693,2.0196056319803886e-13,0.0
19,61,0.3270285984848587,0.859375,0.08,0.14285714285714285,0.022727272727272728,0.047619047619047616,0.49609375,0.53125,0.3333333333333333,1.7010709516327537e-13,0.0
19,62,0.32801974206349926,0.875,0.12,0.25,0.022222222222222223,0.047619047619047616,0.48046875,0.5,0.14285714285714285,1.189454478680129e-13,0.0
19,63,0.3866009920634988,0.88671875,0.04,0.2,0.022222222222222223,0.07142857142857142,0.5078125,0.50390625,1.0,1.1171997756655952e-13,0.0
19,64,0.3405578804347914,0.890625,0.04,0.25,0.021739130434782608,0.06666666666666667,0.47265625,0.421875,0.5,1.4710728956592608e-13,0.0
19,65,0.3428150232919258,0.875,0.0,0.2,0.021739130434782608,0.047619047619047616,0.5234375,0.5390625,0.5,6.276008629064997e-15,0.0
19,66,0.3247936727980951,0.859375,0.12,0.16666666666666666,0.02040816326530612,0.05263157894736842,0.46484375,0.52734375,0.25,4.756787415247577e-13,0.0
19,67,0.3502795280612272,0.84765625,0.04,0.3333333333333333,0.02040816326530612,0.041666666666666664,0.49609375,0.484375,0.5,4.487183494632979e-14,0.0
19,68,0.3415982780612245,0.85546875,0.08,0.3333333333333333,0.02040816326530612,0.05,0.5546875,0.4921875,0.2,7.429929698134138e-16,0.0
19,69,0.3119023504273504,0.86328125,0.04,0.2,0.019230769230769232,0.041666666666666664,0.5234375,0.51171875,0.1111111111111111,0.0,0.0
20,21,0.4117527803653491,0.97265625,0.04,0.25,0.5,0.5,0.4375,0.49609375,0.16666666666666666,0.17719911720026368,0.08333333333333333
20,22,0.43583876749197537,0.953125,0.08,0.25,0.3333333333333333,0.2,0.43359375,0.5,1.0,0.03963918042181107,0.0
20,23,0.36967989648612887,0.95703125,0.04,0.2,0.2,0.5,0.515625,0.51171875,0.09090909090909091,0.024911153556693443,0.0
20,24,0.38311126194868517,0.9609375,0.04,0.25,0.16666666666666666,0.3333333333333333,0.51953125,0.46484375,0.3333333333333333,0.09523978247808605,0.0
20,25,0.3657890232654052,0.9453125,0.04,0.2,0.16666666666666666,0.3333333333333333,0.5390625,0.51171875,0.14285714285714285,0.006858225058341172,0.08333333333333333
20,26,0.36451235723631153,0.94140625,0.04,0.2,0.14285714285714285,0.25,0.48828125,0.53515625,0.3333333333333333,0.004243652351224199,0.0
20,27,0.39854395500240064,0.94140625,0.16,0.25,0.125,0.5,0.48828125,0.51171875,0.3333333333333333,0.004308972262232567,0.0
20,28,0.3735305629917223,0.9453125,0.0,0.16666666666666666,0.1111111111111111,0.3333333333333333,0.47265625,0.52734375,0.5,0.0005383183805577543,0.08333333333333333
20,29,0.41545982303234397,0.953125,0.08,0.16666666666666666,0.09090909090909091,1.0,0.46484375,0.49609375,0.5,0.0005661793269463232,0.0
20,30,0.3775725759534628,0.9296875,0.08,0.25,0.09090909090909091,0.14285714285714285,0.54296875,0.51171875,0.3333333333333333,0.003164640710671534,0.16666666666666666
20,31,0.33951593971550437,0.94140625,0.08,0.2,0.09090909090909091,0.16666666666666666,0.4765625,0.53125,0.09090909090909091,8.100283416401348e-05,0.0
20,32,0.37255574797740293,0.9375,0.04,0.2,0.07692307692307693,0.3333333333333333,0.48046875,0.50390625,0.5,8.378039261322401e-05,0.0
20,33,0.39671014195023585,0.94140625,0.08,0.2,0.07142857142857142,0.5,0.47265625,0.49609375,0.5,0.0002434372658360203,0.16666666666666666
20,34,0.43121207126539113,0.94140625,0.08,0.25,0.07142857142857142,0.5,0.4765625,0.4765625,1.0,1.5175851756629753e-05,0.0
20,35,0.3145911907238751,0.93359375,0.0,0.14285714285714285,0.0625,0.125,0.51171875,0.48828125,0.08333333333333333,6.948572521812692e-06,0.0
20,36,0.38299158881084033,0.92578125,0.12,0.25,0.058823529411764705,0.16666666666666666,0.48828125,0.5625,0.5,2.219096498613344e-05,0.0
20,37,0.3880445381250113,0.93359375,0.2,0.25,0.058823529411764705,0.25,0.5078125,0.546875,0.3333333333333333,1.9017567243478376e-06,0.0
20,38,0.3288110518354445,0.91796875,0.04,0.14285714285714285,0.05263157894736842,0.16666666666666666,0.53515625,0.53515625,0.1111111111111111,4.914651506849227e-07,0.0
20,39,0.348718301779963,0.921875,0.04,0.25,0.047619047619047616,0.09090909090909091,0.5234375,0.484375,0.3333333333333333,1.0974871170102623e-06,0.0
20,40,0.4074937651014702,0.91796875,0.16,0.5,0.05,0.25,0.47265625,0.44140625,0.5,2.516911702461823e-07,0.0
20,41,0.3423613684579448,0.91015625,0.04,0.16666666666666666,0.045454545454545456,0.16666666666666666,0.453125,0.44921875,0.5,8.035968643533609e-08,0.0
20,42,0.3629187542630252,0.92578125,0.08,0.16666666666666666,0.041666666666666664,0.5,0.46875,0.48828125,0.3333333333333333,7.105042094456501e-08,0.0
20,43,0.3226205973085277,0.921875,0.0,0.16666666666666666,0.041666666666666664,0.07692307692307693,0.44921875,0.48828125,0.2,7.266349667867883e-08,0.16666666666666666
20,44,0.34242872079131076,0.9140625,0.12,0.25,0.041666666666666664,0.14285714285714285,0.48828125,0.47265625,0.16666666666666666,9.220258582088976e-09,0.0
20,45,0.344533619908187,0.91015625,0.08,0.3333333333333333,0.038461538461538464,0.08333333333333333,0.4609375,0.546875,0.14285714285714285,6.711541726322754e-09,0.0
20,46,0.38895501293793583,0.9140625,0.04,0.2,0.037037037037037035,0.09090909090909091,0.4765625,0.4921875,1.0,7.534045617862379e-08,0.0
20,47,0.35666130962517834,0.92578125,0.08,0.25,0.03571428571428571,0.125,0.45703125,0.51953125,0.3333333333333333,1.6894805760628572e-09,0.08333333333333333
20,48,0.33152632995673315,0.90234375,0.08,0.2,0.034482758620689655,0.125,0.49609375,0.5078125,0.16666666666666666,1.5562411660106698e-08,0.0
20,49,0.3311014778444242,0.90234375,0.08,0.14285714285714285,0.034482758620689655,0.08333333333333333,0.51171875,0.51171875,0.25,1.9853125027254282e-10,0.0
20,50,0.3183014881161332,0.890625,0.12,0.1,0.03125,0.1111111111111111,0.5078125,0.4765625,0.14285714285714285,3.482509618731041e-10,0.0
20,51,0.32482433715930964,0.890625,0.0,0.1,0.03125,0.09090909090909091,0.5078125,0.51953125,0.3333333333333333,6.349576294743979e-10,0.08333333333333333
20,52,0.3127211174466022,0.87109375,0.0,0.125,0.030303030303030304,0.08333333333333333,0.5078125,0.515625,0.2,3.7266177996488825e-10,0.08333333333333333
20,53,0.3583505291898283,0.921875,0.04,0.25,0.030303030303030304,0.058823529411764705,0.44921875,0.51953125,0.5,1.4667235762128615e-11,0.08333333333333333
20,54,0.352943353177119,0.89453125,0.12,0.25,0.027777777777777776,0.07142857142857142,0.5,0.51953125,0.3333333333333333,4.193107265722649e-11,0.0
20,55,0.32437008928590005,0.89453125,0.04,0.16666666666666666,0.02857142857142857,0.05555555555555555,0.46875,0.4921875,0.3333333333333333,3.0968146617389893e-12,0.0
20,56,0.32620139411073507,0.88671875,0.12,0.2,0.02631578947368421,0.07142857142857142,0.5,0.52734375,0.08333333333333333,7.657021812819743e-12,0.0
20,57,0.38952466216221854,0.8671875,0.12,0.5,0.02702702702702703,0.06666666666666667,0.484375,0.5234375,0.5,9.389784480721237e-13,0.0
20,58,0.34937633928576634,0.88671875,0.08,0.2,0.025,0.07142857142857142,0.51171875,0.46875,0.5,8.680651062111251e-13,0.0
20,59,0.35699932557284764,0.87109375,0.12,0.25,0.024390243902439025,0.045454545454545456,0.53125,0.56640625,0.16666666666666666,7.746641879970364e-13,0.25
20,60,0.30267395833334015,0.88671875,0.08,0.125,0.025,0.0625,0.484375,0.4765625,0.06666666666666667,1.1282399013784561e-13,0.0
20,61,0.31233531630676103,0.8671875,0.12,0.1111111111111111,0.023255813953488372,0.047619047619047616,0.46484375,0.49609375,0.2,9.502925186566973e-14,0.0
20,62,0.30984233856421756,0.875,0.08,0.16666666666666666,0.022727272727272728,0.047619047619047616,0.49609375,0.48046875,0.1111111111111111,6.644812147826606e-14,0.0
20,63,0.33027904491342364,0.88671875,0.04,0.14285714285714285,0.022727272727272728,0.07142857142857142,0.4921875,0.4609375,0.3333333333333333,6.24116582345332e-14,0.16666666666666666
20,64,0.3518746527777827,0.8828125,0.12,0.25,0.022222222222222223,0.06666666666666667,0.53515625,0.51171875,0.25,8.218055606686092e-14,0.08333333333333333
20,65,0.34946929563492085,0.875,0.04,0.2,0.022222222222222223,0.047619047619047616,0.5,0.52734375,0.5,3.50605249093274e-15,0.08333333333333333
20,66,0.31232664473685806,0.8515625,0.08,0.125,0.020833333333333332,0.05263157894736842,0.51953125,0.5234375,0.16666666666666666,2.657349177123567e-13,0.0
20,67,0.37437916666666815,0.85546875,0.16,0.3333333333333333,0.020833333333333332,0.041666666666666664,0.48046875,0.51171875,0.5,2.506736653575003e-14,0.08333333333333333
20,68,0.3438327380952382,0.87890625,0.12,0.3333333333333333,0.020833333333333332,0.05,0.5,0.52734375,0.14285714285714285,4.150683191377198e-16,0.0
20,69,0.31956322972370765,0.87109375,0.12,0.2,0.0196078431372549,0.041666666666666664,0.4921875,0.515625,0.09090909090909091,0.0,0.0
21,22,0.49248649458710525,0.95703125,0.08,1.0,0.5,0.25,0.48046875,0.49609375,0.16666666666666666,0.22369852089619824,0.0
21,23,0.4561183031967124,0.9609375,0.04,0.5,0.25,1.0,0.5546875,0.4921875,0.16666666666666666,0.14058283105631847,0.0
21,24,0.5048390190042827,0.96484375,0.08,1.0,0.2,0.5,0.48828125,0.53125,0.125,0.5374732334047109,0.0
21,25,0.44816908467012734,0.94140625,0.12,0.5,0.2,0.5,0.46875,0.5234375,0.5,0.038703494502121405,0.08333333333333333
21,26,0.39610149309392595,0.9375,0.12,0.5,0.16666666666666666,0.3333333333333333,0.46484375,0.5,0.125,0.023948496009876755,0.0
21,27,0.3751813486507091,0.9453125,0.08,0.3333333333333333,0.14285714285714285,0.3333333333333333,0.52734375,0.4765625,0.125,0.024317120368961716,0.0
21,28,0.3854139721833483,0.94140625,0.04,0.3333333333333333,0.125,0.5,0.51171875,0.5234375,0.14285714285714285,0.0030379292462804283,0.08333333333333333
21,29,0.3752510845308008,0.94921875,0.08,0.2,0.1,0.5,0.49609375,0.5546875,0.2,0.003195158846680082,0.0
21,30,0.4581871791117832,0.93359375,0.04,1.0,0.1,0.125,0.58203125,0.53125,0.25,0.01785923519638632,0.08333333333333333
21,31,0.3533978146376232,0.9609375,0.08,0.25,0.1,0.14285714285714285,0.484375,0.51171875,0.16666666666666666,0.00045712888102296336,0.0
21,32,0.3672642313153298,0.94140625,0.0,0.25,0.08333333333333333,0.5,0.53515625,0.5546875,0.14285714285714285,0.0004728036681951333,0.0
21,33,0.40776127453261546,0.9296875,0.16,0.5,0.07692307692307693,0.3333333333333333,0.48046875,0.53125,0.2,0.0013738063128209423,0.08333333333333333
21,34,0.4012641930630357,0.9296875,0.04,0.3333333333333333,0.07692307692307693,1.0,0.5390625,0.44140625,0.16666666666666666,8.564293093784763e-05,0.0
21,35,0.33338092423008586,0.90625,0.08,0.25,0.06666666666666667,0.1111111111111111,0.49609375,0.4609375,0.14285714285714285,3.9213358574239845e-05,0.0
21,36,0.3521320674796252,0.921875,0.04,0.3333333333333333,0.0625,0.14285714285714285,0.51171875,0.49609375,0.2,0.0001252318032772932,0.0
21,37,0.4375225189388935,0.9296875,0.04,1.0,0.0625,0.2,0.4765625,0.50390625,0.25,1.0732314891831795e-05,0.0
21,38,0.357941039427024,0.9375,0.12,0.25,0.05555555555555555,0.14285714285714285,0.48828125,0.5078125,0.25,2.7735191825447274e-06,0.0
21,39,0.4436378716114846,0.92578125,0.08,1.0,0.05,0.08333333333333333,0.5078125,0.55859375,0.25,6.19352474408732e-06,0.0
21,40,0.367916861538958,0.921875,0.12,0.3333333333333333,0.05263157894736842,0.2,0.51171875,0.515625,0.2,1.4203861408729847e-06,0.0
21,41,0.3488247295909141,0.890625,0.04,0.3333333333333333,0.047619047619047616,0.14285714285714285,0.4921875,0.5546875,0.2,4.5349936108607495e-07,0.0
21,42,0.36001578492738967,0.9296875,0.04,0.3333333333333333,0.043478260869565216,0.3333333333333333,0.5234375,0.5078125,0.125,4.0096374105671497e-07,0.0
21,43,0.3846421247592949,0.93359375,0.12,0.3333333333333333,0.043478260869565216,0.07142857142857142,0.48828125,0.484375,0.5,4.1006692260524816e-07,0.08333333333333333
21,44,0.40065638899156447,0.92578125,0.04,0.2,0.043478260869565216,0.125,0.45703125,0.5859375,1.0,5.203332120254635e-08,0.0
21,45,0.36563101188792696,0.90625,0.12,0.25,0.04,0.07692307692307693,0.4921875,0.48828125,0.5,3.787570633739459e-08,0.0
21,46,0.373885281920696,0.90234375,0.04,0.5,0.038461538461538464,0.08333333333333333,0.578125,0.55078125,0.16666666666666666,4.251739927884453e-07,0.0
21,47,0.37002338020169134,0.9375,0.12,0.3333333333333333,0.037037037037037035,0.1111111111111111,0.51171875,0.484375,0.25,9.534362262953437e-09,0.08333333333333333
21,48,0.4034831897932754,0.921875,0.04,0.25,0.03571428571428571,0.1111111111111111,0.54296875,0.47265625,1.0,8.782443110322414e-08,0.0
21,49,0.3323454442064173,0.890625,0.12,0.125,0.03571428571428571,0.07692307692307693,0.48046875,0.484375,0.3333333333333333,1.1203850979018725e-09,0.0
21,50,0.34092647861254216,0.91015625,0.08,0.1111111111111111,0.03225806451612903,0.1,0.4921875,0.44921875,0.5,1.965308672951932e-09,0.0
21,51,0.3252203775191455,0.89453125,0.08,0.14285714285714285,0.03225806451612903,0.08333333333333333,0.5078125,0.5234375,0.125,3.5833001851628468e-09,0.08333333333333333
21,52,0.36596225974156865,0.890625,0.12,0.2,0.03125,0.07692307692307693,0.5,0.52734375,0.5,2.1030679263696337e-09,0.08333333333333333
21,53,0.43001145833829973,0.90234375,0.04,1.0,0.03125,0.05555555555555555,0.49609375,0.40625,0.2,8.277262321545465e-11,0.3333333333333333
21,54,0.3390732142999123,0.890625,0.04,0.3333333333333333,0.02857142857142857,0.06666666666666667,0.4609375,0.515625,0.25,2.3663251442634215e-10,0.0
21,55,0.3524139609143613,0.90625,0.08,0.3333333333333333,0.029411764705882353,0.05263157894736842,0.53125,0.48828125,0.25,1.7476467776298723e-11,0.0
21,56,0.3636344835933263,0.8984375,0.08,0.5,0.02702702702702703,0.06666666666666667,0.5,0.53125,0.14285714285714285,4.321139932184915e-11,0.0
21,57,0.3492409722225402,0.86328125,0.12,0.3333333333333333,0.027777777777777776,0.0625,0.5390625,0.50390625,0.2,5.299001839895884e-12,0.0
21,58,0.31552672848014746,0.8984375,0.0,0.25,0.02564102564102564,0.06666666666666667,0.47265625,0.49609375,0.14285714285714285,4.8988116866861754e-12,0.0
21,59,0.49265869565243625,0.8671875,0.12,1.0,0.025,0.043478260869565216,0.5078125,0.4921875,1.0,4.371715842813937e-12,0.08333333333333333
21,60,0.31071715214935947,0.8828125,0.04,0.1111111111111111,0.02564102564102564,0.058823529411764705,0.515625,0.57421875,0.1,6.367074053215301e-13,0.0
21,61,0.3396601596320668,0.87109375,0.08,0.16666666666666666,0.023809523809523808,0.045454545454545456,0.52734375,0.4375,0.5,5.362851314787945e-13,0.0
21,62,0.34352211284357426,0.87890625,0.08,0.3333333333333333,0.023255813953488372,0.045454545454545456,0.49609375,0.5,0.25,3.7499126704547245e-13,0.0
21,63,0.34388234011630026,0.890625,0.04,0.25,0.023255813953488372,0.06666666666666667,0.5234375,0.54296875,0.25,3.522120156162963e-13,0.08333333333333333
21,64,0.43054422348487625,0.88671875,0.08,1.0,0.022727272727272728,0.0625,0.45703125,0.4765625,0.3333333333333333,4.637752002679765e-13,0.08333333333333333
21,65,0.37661732954545574,0.86328125,0.16,0.5,0.022727272727272728,0.045454545454545456,0.5078125,0.5234375,0.2,1.978594784403092e-14,0.08333333333333333
21,66,0.3699917109929978,0.85546875,0.12,0.1111111111111111,0.02127659574468085,0.05,0.44921875,0.47265625,1.0,1.4996401895842019e-12,0.0
21,67,0.368177127659583,0.859375,0.08,0.5,0.02127659574468085,0.04,0.52734375,0.5390625,0.2,1.4146439853546135e-13,0.08333333333333333
21,68,0.3890155205167175,0.875,0.12,0.5,0.02127659574468085,0.047619047619047616,0.5078125,0.4921875,0.5,2.342383673777705e-15,0.0
21,69,0.3619989583333333,0.84375,0.16,0.5,0.02,0.04,0.5,0.50390625,0.16666666666666666,0.0,0.0
22,23,0.44873375864992615,0.95703125,0.16,0.5,0.3333333333333333,0.25,0.48828125,0.48828125,0.09090909090909091,0.6284477451755366,0.0
22,24,0.5071107829236845,0.9453125,0.12,1.0,0.25,0.3333333333333333,0.46875,0.47265625,0.3333333333333333,0.4162040209502971,0.08333333333333333
22,25,0.4204314255285846,0.953125,0.08,0.5,0.25,0.3333333333333333,0.51953125,0.53515625,0.14285714285714285,0.17301631833355216,0.0
22,26,0.4614900875942434,0.95703125,0.16,0.5,0.2,0.5,0.53125,0.58984375,0.3333333333333333,0.10705701545961255,0.08333333333333333
22,27,0.38256604266555916,0.94921875,0.08,0.3333333333333333,0.16666666666666666,0.16666666666666666,0.4375,0.46484375,0.3333333333333333,0.10870487775931909,0.08333333333333333
22,28,0.3999277741442245,0.9375,0.08,0.3333333333333333,0.14285714285714285,0.3333333333333333,0.484375,0.49609375,0.5,0.013580461927551609,0.0
22,29,0.35863651343467384,0.9453125,0.0,0.2,0.1111111111111111,0.2,0.4296875,0.51171875,0.5,0.014283325763082342,0.0
22,30,0.4631721467608518,0.9375,0.08,1.0,0.1111111111111111,0.09090909090909091,0.5390625,0.52734375,0.3333333333333333,0.07983617917917954,0.0
22,31,0.33686860141738134,0.94140625,0.04,0.25,0.1111111111111111,0.1,0.45703125,0.546875,0.09090909090909091,0.002043504262753184,0.0
22,32,0.3766714167906688,0.9375,0.04,0.25,0.09090909090909091,0.3333333333333333,0.5,0.44921875,0.5,0.0021135752990272386,0.0
22,33,0.39201014643326954,0.94140625,0.04,0.5,0.08333333333333333,0.16666666666666666,0.4453125,0.46484375,0.5,0.006141329443382521,0.0
22,34,0.43515526265384924,0.95703125,0.08,0.3333333333333333,0.08333333333333333,0.25,0.51953125,0.4765625,1.0,0.00038284978637649603,0.0
22,35,0.3279914701148427,0.92578125,0.04,0.25,0.07142857142857142,0.08333333333333333,0.4765625,0.51171875,0.08333333333333333,0.00017529556483941096,0.0
22,36,0.37188879777400785,0.92578125,0.04,0.3333333333333333,0.06666666666666667,0.1,0.4765625,0.4609375,0.5,0.0005598240112432566,0.08333333333333333
22,37,0.44328100360148087,0.92578125,0.08,1.0,0.06666666666666667,0.125,0.47265625,0.4921875,0.3333333333333333,4.797669134706465e-05,0.0
22,38,0.3363955151499717,0.91796875,0.12,0.25,0.058823529411764705,0.1,0.453125,0.50390625,0.1111111111111111,1.2398469026228879e-05,0.0
22,39,0.44042885419811,0.9140625,0.12,1.0,0.05263157894736842,0.06666666666666667,0.46484375,0.484375,0.3333333333333333,2.7686927563375672e-05,0.0
22,40,0.37410732541776553,0.92578125,0.04,0.3333333333333333,0.05555555555555555,0.125,0.515625,0.48046875,0.5,6.349555353260828e-06,0.0
22,41,0.3799501216367527,0.91015625,0.08,0.3333333333333333,0.05,0.1,0.51171875,0.53515625,0.5,2.027279211633724e-06,0.0
22,42,0.355303137848777,0.93359375,0.0,0.3333333333333333,0.045454545454545456,0.16666666666666666,0.50390625,0.46484375,0.3333333333333333,1.7924291115128662e-06,0.0
22,43,0.34118776038845466,0.90625,0.04,0.3333333333333333,0.045454545454545456,0.058823529411764705,0.484375,0.51171875,0.2,1.8331230844191836e-06,0.0
22,44,0.3305398813805227,0.921875,0.04,0.2,0.045454545454545456,0.09090909090909091,0.53125,0.48828125,0.16666666666666666,2.3260467254806357e-07,0.0
22,45,0.3403900399208561,0.91015625,0.12,0.25,0.041666666666666664,0.0625,0.50390625,0.5078125,0.14285714285714285,1.693158550430017e-07,0.0
22,46,0.43983136403937534,0.90625,0.04,0.5,0.04,0.06666666666666667,0.46484375,0.53125,1.0,1.9006562541633287e-06,0.25
22,47,0.3639123423008786,0.91796875,0.08,0.3333333333333333,0.038461538461538464,0.08333333333333333,0.5,0.52734375,0.3333333333333333,4.262148102167211e-08,0.0
22,48,0.33028069485240136,0.91796875,0.0,0.25,0.037037037037037035,0.08333333333333333,0.4921875,0.546875,0.16666666666666666,3.9260175146163296e-07,0.0
22,49,0.3330192132634706,0.90234375,0.16,0.125,0.037037037037037035,0.0625,0.5,0.46484375,0.25,5.008460017586614e-09,0.0
22,50,0.3126439565710875,0.8984375,0.04,0.1111111111111111,0.03333333333333333,0.07692307692307693,0.52734375,0.5,0.14285714285714285,8.785523771361388e-09,0.0
22,51,0.3423793164372966,0.90625,0.08,0.14285714285714285,0.03333333333333333,0.06666666666666667,0.52734375,0.54296875,0.3333333333333333,1.6018434859592068e-08,0.0
22,52,0.3293025207253713,0.88671875,0.12,0.2,0.03225806451612903,0.0625,0.46484375,0.5078125,0.2,9.401349271082174e-09,0.0
22,53,0.4579409130406343,0.90625,0.12,1.0,0.03225806451612903,0.047619047619047616,0.53125,0.48828125,0.5,3.7001864332336476e-10,0.0
22,54,0.3622779412399397,0.89453125,0.12,0.3333333333333333,0.029411764705882353,0.05555555555555555,0.48828125,0.53515625,0.3333333333333333,1.0578188603050515e-09,0.0
22,55,0.3551275568228693,0.89453125,0.08,0.3333333333333333,0.030303030303030304,0.045454545454545456,0.49609375,0.515625,0.3333333333333333,7.81250931221322e-11,0.0
22,56,0.3563659722338123,0.87890625,0.12,0.5,0.027777777777777776,0.05555555555555555,0.49609375,0.49609375,0.08333333333333333,1.9316801536609322e-10,0.0
22,57,0.36494985902397764,0.875,0.04,0.3333333333333333,0.02857142857142857,0.05263157894736842,0.52734375,0.53125,0.5,2.3688139817226392e-11,0.0
22,58,0.364397971492542,0.89453125,0.04,0.25,0.02631578947368421,0.05555555555555555,0.5703125,0.5390625,0.5,2.1899168877202132e-11,0.0
22,59,0.4073298076934802,0.88671875,0.08,1.0,0.02564102564102564,0.038461538461538464,0.44921875,0.44921875,0.16666666666666666,1.9542891143399753e-11,0.0
22,60,0.30322505482473217,0.90234375,0.0,0.1111111111111111,0.02631578947368421,0.05,0.55859375,0.5,0.06666666666666667,2.8462745429460323e-12,0.0
22,61,0.31087309451233897,0.859375,0.04,0.16666666666666666,0.024390243902439025,0.04,0.53125,0.46484375,0.2,2.397356626813122e-12,0.0
22,62,0.32590302579375136,0.875,0.04,0.3333333333333333,0.023809523809523808,0.04,0.4453125,0.51171875,0.1111111111111111,1.6763243026514147e-12,0.08333333333333333
22,63,0.3310453869048564,0.89453125,0.0,0.25,0.023809523809523808,0.05555555555555555,0.50390625,0.4765625,0.3333333333333333,1.5744941638649975e-12,0.0
22,64,0.4401527348532456,0.8828125,0.16,1.0,0.023255813953488372,0.05263157894736842,0.515625,0.51953125,0.25,2.073215318590237e-12,0.0
22,65,0.3735323401162844,0.8828125,0.04,0.5,0.023255813953488372,0.04,0.47265625,0.48046875,0.5,8.844916705199002e-14,0.0
22,66,0.2963269927540254,0.8828125,0.0,0.1111111111111111,0.021739130434782608,0.043478260869565216,0.4765625,0.4921875,0.16666666666666666,6.7038449050813025e-12,0.0
22,67,0.3782069875776777,0.86328125,0.08,0.5,0.021739130434782608,0.03571428571428571,0.484375,0.49609375,0.5,6.323886182560162e-13,0.0
22,68,0.3553052018633547,0.86328125,0.08,0.5,0.021739130434782608,0.041666666666666664,0.49609375,0.53515625,0.14285714285714285,1.0471162993807321e-14,0.0
22,69,0.3598013624768089,0.87109375,0.12,0.5,0.02040816326530612,0.03571428571428571,0.54296875,0.5,0.09090909090909091,0.0,0.0
23,24,0.43565071986379855,0.94921875,0.04,0.5,0.5,0.5,0.46484375,0.515625,0.07692307692307693,0.26156247849920605,0.0
23,25,0.42832781934116554,0.94921875,0.08,0.3333333333333333,0.5,0.5,0.5,0.4375,0.2,0.27530740568609346,0.0
23,26,0.38799160276297506,0.9296875,0.08,0.3333333333333333,0.3333333333333333,0.3333333333333333,0.45703125,0.515625,0.07692307692307693,0.17035149904103739,0.0
23,27,0.36762601300016223,0.9453125,0.0,0.25,0.25,0.3333333333333333,0.52734375,0.4765625,0.07692307692307693,0.17297361410526801,0.0
23,28,0.4122476136122394,0.94921875,0.12,0.5,0.2,0.5,0.51171875,0.4921875,0.08333333333333333,0.021609532426213645,0.0
23,29,0.36475162312621884,0.94140625,0.04,0.25,0.14285714285714285,0.5,0.48828125,0.453125,0.1,0.022727944960790263,0.08333333333333333
23,30,0.38999906132992346,0.93359375,0.08,0.5,0.14285714285714285,0.125,0.55078125,0.4921875,0.1111111111111111,0.12703710020771875,0.0
23,31,0.4111232251602065,0.9453125,0.04,0.2,0.14285714285714285,0.14285714285714285,0.5,0.51171875,1.0,0.0032516693367758,0.0
23,32,0.37784172063104726,0.94140625,0.04,0.3333333333333333,0.1111111111111111,0.5,0.51953125,0.546875,0.08333333333333333,0.003363167924863633,0.0
23,33,0.3551800831827216,0.921875,0.0,0.3333333333333333,0.1,0.3333333333333333,0.49609375,0.53125,0.1,0.00977221971202576,0.0
23,34,0.3884874042173542,0.9296875,0.04,0.25,0.1,1.0,0.4921875,0.51171875,0.09090909090909091,0.0006091990771158854,0.0
23,35,0.390306319384932,0.9296875,0.12,0.3333333333333333,0.08333333333333333,0.1111111111111111,0.44921875,0.5390625,0.5,0.00027893419331220256,0.08333333333333333
23,36,0.3198880979887659,0.9140625,0.0,0.25,0.07692307692307693,0.14285714285714285,0.44140625,0.49609375,0.1,0.0008908043915200744,0.0
23,37,0.36335044053729953,0.921875,0.04,0.5,0.07692307692307693,0.2,0.4921875,0.45703125,0.1111111111111111,7.634157607433837e-05,0.0
23,38,0.36095386229457377,0.9140625,0.04,0.2,0.06666666666666667,0.14285714285714285,0.53515625,0.5703125,0.3333333333333333,1.972871908827641e-05,0.08333333333333333
23,39,0.3671661646050477,0.92578125,0.04,0.5,0.058823529411764705,0.08333333333333333,0.5078125,0.50390625,0.1111111111111111,4.405605362724664e-05,0.08333333333333333
23,40,0.3423193562132041,0.9140625,0.04,0.25,0.0625,0.2,0.56640625,0.4921875,0.1,1.010355340122556e-05,0.0
23,41,0.36208481656697356,0.9140625,0.04,0.5,0.05555555555555555,0.14285714285714285,0.453125,0.515625,0.1,3.225851675332957e-06,0.08333333333333333
23,42,0.37744776728302526,0.9296875,0.08,0.5,0.05,0.3333333333333333,0.4609375,0.484375,0.07692307692307693,2.8521529837173795e-06,0.08333333333333333
23,43,0.35818008572865395,0.91796875,0.08,0.5,0.05,0.07142857142857142,0.51171875,0.40625,0.14285714285714285,2.916906136574903e-06,0.0
23,44,0.3487677305408763,0.91796875,0.08,0.25,0.05,0.125,0.50390625,0.5703125,0.16666666666666666,3.7012571742634373e-07,0.0
23,45,0.318173639416897,0.9140625,0.0,0.2,0.045454545454545456,0.07692307692307693,0.484375,0.47265625,0.2,2.6941914636945477e-07,0.0
23,46,0.4303386696042773,0.91015625,0.16,1.0,0.043478260869565216,0.08333333333333333,0.4765625,0.51171875,0.09090909090909091,3.0243664151145003e-06,0.0
23,47,0.34475139295810364,0.921875,0.12,0.25,0.041666666666666664,0.1111111111111111,0.51953125,0.5078125,0.1111111111111111,6.782024655012037e-08,0.0
23,48,0.36039066248299717,0.9296875,0.12,0.3333333333333333,0.04,0.1111111111111111,0.48046875,0.50390625,0.16666666666666666,6.247166203961355e-07,0.08333333333333333
23,49,0.31576121842689236,0.8828125,0.12,0.1111111111111111,0.04,0.07692307692307693,0.50390625,0.484375,0.125,7.969572738601618e-09,0.0
23,50,0.3383508936959261,0.89453125,0.16,0.125,0.03571428571428571,0.1,0.5390625,0.50390625,0.2,1.3979720412406659e-08,0.0
23,51,0.3179453655403224,0.88671875,0.08,0.16666666666666666,0.03571428571428571,0.08333333333333333,0.5390625,0.484375,0.07692307692307693,2.5488889064464437e-08,0.0
23,52,0.34690570263118936,0.8984375,0.16,0.25,0.034482758620689655,0.07692307692307693,0.5234375,0.51171875,0.14285714285714285,1.4959635615298784e-08,0.0
23,53,0.35800132905831544,0.89453125,0.12,0.5,0.034482758620689655,0.05555555555555555,0.48046875,0.484375,0.1,5.887818775131606e-10,0.0
23,54,0.3225513889898824,0.890625,0.04,0.25,0.03125,0.06666666666666667,0.5234375,0.484375,0.1111111111111111,1.6832248479300117e-09,0.0
23,55,0.3229618037944802,0.875,0.04,0.25,0.03225806451612903,0.05263157894736842,0.546875,0.49609375,0.1111111111111111,1.2431438209760854e-10,0.0
23,56,0.359946691194913,0.890625,0.0,0.3333333333333333,0.029411764705882353,0.06666666666666667,0.546875,0.4765625,0.5,3.073732332544816e-10,0.0
23,57,0.31167424242650404,0.86328125,0.0,0.25,0.030303030303030304,0.0625,0.5078125,0.51171875,0.1,3.7693093815795095e-11,0.0
23,58,0.32012951389097966,0.8984375,0.04,0.3333333333333333,0.027777777777777776,0.06666666666666667,0.42578125,0.48828125,0.08333333333333333,3.484644355130164e-11,0.0
23,59,0.35026669114953524,0.859375,0.04,0.5,0.02702702702702703,0.043478260869565216,0.515625,0.5,0.16666666666666666,3.1097082125644473e-11,0.0
23,60,0.3153735089871999,0.8828125,0.08,0.125,0.027777777777777776,0.058823529411764705,0.484375,0.50390625,0.2,4.5290552234394876e-12,0.0
23,61,0.3076040012073551,0.85546875,0.04,0.2,0.02564102564102564,0.045454545454545456,0.52734375,0.4453125,0.14285714285714285,3.8147270719278296e-12,0.0
23,62,0.3650158143940994,0.87890625,0.08,0.5,0.025,0.045454545454545456,0.50390625,0.4375,0.3333333333333333,2.6674044350070625e-12,0.0
23,63,0.3225982638890392,0.890625,0.04,0.3333333333333333,0.025,0.06666666666666667,0.4609375,0.46484375,0.1111111111111111,2.505370058134608e-12,0.0
23,64,0.3522918445123931,0.87890625,0.08,0.5,0.024390243902439025,0.0625,0.49609375,0.4765625,0.125,3.2989462282359706e-12,0.0
23,65,0.3191628672394763,0.87109375,0.0,0.3333333333333333,0.024390243902439025,0.045454545454545456,0.5234375,0.46875,0.1,1.4074227766905997e-13,0.0
23,66,0.3018765151521552,0.87890625,0.04,0.125,0.022727272727272728,0.05,0.48046875,0.47265625,0.16666666666666666,1.0667306799245177e-11,0.0
23,67,0.31581193181824224,0.8515625,0.0,0.3333333333333333,0.022727272727272728,0.04,0.49609375,0.5078125,0.1,1.0062708047100698e-12,0.0
23,68,0.3353128246753257,0.875,0.08,0.3333333333333333,0.022727272727272728,0.047619047619047616,0.4921875,0.46875,0.2,1.6661946954527683e-14,0.0
23,69,0.40024900265957447,0.859375,0.04,0.3333333333333333,0.02127659574468085,0.04,0.5390625,0.51171875,1.0,0.0,0.0
24,25,0.49784699413171535,0.9453125,0.08,0.5,1.0,1.0,0.49609375,0.4375,0.1111111111111111,0.07201008738044101,0.0
24,26,0.5228328286183137,0.94921875,0.12,0.5,0.5,0.5,0.5234375,0.546875,1.0,0.044557560305228866,0.08333333333333333
24,27,0.45365314609988705,0.94921875,0.04,0.3333333333333333,0.3333333333333333,0.25,0.46875,0.515625,1.0,0.045243407220339135,0.08333333333333333
24,28,0.4452891345716366,0.9296875,0.08,0.3333333333333333,0.25,1.0,0.4765625,0.4921875,0.5,0.005652242860609402,0.0
24,29,0.36065876999024155,0.9453125,0.0,0.2,0.16666666666666666,0.3333333333333333,0.5234375,0.5,0.25,0.005944777615137842,0.0
24,30,0.4404686883275009,0.9453125,0.04,1.0,0.16666666666666666,0.1111111111111111,0.4921875,0.4765625,0.2,0.03322813879168292,0.0
24,31,0.34651946036863873,0.95703125,0.08,0.25,0.16666666666666666,0.125,0.49609375,0.46484375,0.07692307692307693,0.0008505146909869477,0.0
24,32,0.45167153071228217,0.9453125,0.16,0.25,0.125,1.0,0.5625,0.515625,0.5,0.0008796785380363635,0.0
24,33,0.3993578766493879,0.93359375,0.12,0.5,0.1111111111111111,0.25,0.484375,0.5234375,0.25,0.0025560460083162554,0.0
24,34,0.4101276161727861,0.93359375,0.2,0.3333333333333333,0.1111111111111111,0.5,0.50390625,0.48046875,0.3333333333333333,0.00015934362050985996,0.0
24,35,0.34180701551014947,0.91796875,0.12,0.25,0.09090909090909091,0.1,0.5,0.5078125,0.07142857142857142,7.295871894091636e-05,0.0
24,36,0.36038064672693687,0.91015625,0.08,0.3333333333333333,0.08333333333333333,0.125,0.484375,0.48046875,0.25,0.00023300100450396777,0.08333333333333333
24,37,0.4356116147521777,0.92578125,0.04,1.0,0.08333333333333333,0.16666666666666666,0.49609375,0.51171875,0.2,1.9968091850539635e-05,0.0
24,38,0.3375466976045727,0.92578125,0.08,0.25,0.07142857142857142,0.125,0.5,0.4921875,0.09090909090909091,5.160292662344174e-06,0.0
24,39,0.44546295102001937,0.921875,0.12,1.0,0.0625,0.07692307692307693,0.54296875,0.51953125,0.2,1.1523410579636568e-05,0.0
24,40,0.3533553668959614,0.91796875,0.04,0.3333333333333333,0.06666666666666667,0.16666666666666666,0.4765625,0.5,0.25,2.642710469273641e-06,0.0
24,41,0.3594215579786467,0.91015625,0.08,0.3333333333333333,0.058823529411764705,0.125,0.47265625,0.5546875,0.25,8.437617594709043e-07,0.0
24,42,0.43186994607676166,0.92578125,0.12,0.3333333333333333,0.05263157894736842,0.25,0.51953125,0.46875,1.0,7.460162034800235e-07,0.0
24,43,0.34128289352155283,0.90625,0.12,0.3333333333333333,0.05263157894736842,0.06666666666666667,0.4375,0.4921875,0.14285714285714285,7.629531986320752e-07,0.0
24,44,0.3262584487911161,0.921875,0.04,0.2,0.05263157894736842,0.1111111111111111,0.4921875,0.5078125,0.125,9.681100000633126e-08,0.0
24,45,0.3272716312123234,0.90234375,0.04,0.25,0.047619047619047616,0.07142857142857142,0.49609375,0.52734375,0.1111111111111111,7.046993967953496e-08,0.0
24,46,0.39085908738206143,0.9140625,0.12,0.5,0.045454545454545456,0.07692307692307693,0.48046875,0.51953125,0.3333333333333333,7.910607754271074e-07,0.08333333333333333
24,47,0.3668876369339191,0.94921875,0.12,0.3333333333333333,0.043478260869565216,0.1,0.4921875,0.546875,0.2,1.7739231780076712e-08,0.0
24,48,0.33115834313747894,0.91796875,0.08,0.25,0.041666666666666664,0.1,0.4453125,0.51953125,0.125,1.6340242759046085e-07,0.0
24,49,0.31879300607745337,0.91015625,0.08,0.125,0.041666666666666664,0.07142857142857142,0.46875,0.515625,0.16666666666666666,2.0845411980883445e-09,0.0
24,50,0.3033491058591249,0.9140625,0.04,0.1111111111111111,0.037037037037037035,0.09090909090909091,0.48046875,0.44921875,0.1111111111111111,3.656570319795029e-09,0.0
24,51,0.381702455121221,0.9140625,0.08,0.14285714285714285,0.037037037037037035,0.07692307692307693,0.47265625,0.4453125,1.0,6.6669369978926275e-09,0.0
24,52,0.33859017880620135,0.90234375,0.12,0.2,0.03571428571428571,0.07142857142857142,0.56640625,0.48828125,0.14285714285714285,3.912879368982546e-09,0.0
24,53,0.4247150376032252,0.90625,0.08,1.0,0.03571428571428571,0.05263157894736842,0.4921875,0.453125,0.25,1.5400324717775825e-10,0.0
24,54,0.35374002018770645,0.90234375,0.12,0.3333333333333333,0.03225806451612903,0.0625,0.51171875,0.5078125,0.2,4.40268463096023e-10,0.0
24,55,0.3417979166686176,0.90234375,0.04,0.3333333333333333,0.03333333333333333,0.05,0.52734375,0.48828125,0.2,3.251597789454782e-11,0.0
24,56,0.366579153143352,0.88671875,0.12,0.5,0.030303030303030304,0.0625,0.54296875,0.53125,0.07142857142857142,8.039730471435678e-11,0.0
24,57,0.34103253676529743,0.8671875,0.12,0.3333333333333333,0.03125,0.058823529411764705,0.49609375,0.42578125,0.25,9.859099040762461e-12,0.0
24,58,0.35166071428626117,0.88671875,0.0,0.25,0.02857142857142857,0.0625,0.546875,0.50390625,0.5,9.114522142161132e-12,0.0
24,59,0.4069378472227103,0.87109375,0.08,1.0,0.027777777777777776,0.041666666666666664,0.46484375,0.484375,0.125,8.133829874876926e-12,0.0
24,60,0.29459576330539317,0.89453125,0.0,0.1111111111111111,0.02857142857142857,0.05555555555555555,0.49609375,0.50390625,0.058823529411764705,1.1846309095026077e-12,0.0
24,61,0.30549253023869993,0.8828125,0.04,0.16666666666666666,0.02631578947368421,0.043478260869565216,0.4765625,0.4765625,0.14285714285714285,9.977894677314622e-13,0.0
24,62,0.32987645497622514,0.8671875,0.04,0.3333333333333333,0.02564102564102564,0.043478260869565216,0.484375,0.53125,0.09090909090909091,6.976929151802217e-13,0.08333333333333333
24,63,0.3283387820513214,0.87890625,0.04,0.25,0.02564102564102564,0.0625,0.51953125,0.50390625,0.2,6.55310801963388e-13,0.0
24,64,0.41990649509809097,0.8828125,0.08,1.0,0.025,0.058823529411764705,0.5078125,0.5,0.16666666666666666,8.62880551893008e-13,0.0
24,65,0.3598461956521762,0.8671875,0.12,0.5,0.025,0.043478260869565216,0.48828125,0.4375,0.25,3.681289897674279e-14,0.0
24,66,0.2966978163069227,0.859375,0.04,0.1111111111111111,0.023255813953488372,0.047619047619047616,0.515625,0.46484375,0.125,2.7901672053220013e-12,0.0
24,67,0.3708900324239872,0.87109375,0.12,0.5,0.023255813953488372,0.038461538461538464,0.5,0.53125,0.25,2.632026857213564e-13,0.0
24,68,0.3495985017324409,0.86328125,0.08,0.5,0.023255813953488372,0.045454545454545456,0.53515625,0.453125,0.1111111111111111,4.3581401420485584e-15,0.0
24,69,0.34436941889632106,0.87890625,0.08,0.5,0.021739130434782608,0.038461538461538464,0.47265625,0.48046875,0.07692307692307693,0.0,0.0
25,26,0.44416811268376233,0.94921875,0.08,0.3333333333333333,0.5,0.5,0.44140625,0.53125,0.1111111111111111,0.6187683132478928,0.0
25,27,0.3968999883835116,0.93359375,0.04,0.25,0.3333333333333333,0.25,0.46484375,0.4921875,0.1111111111111111,0.6282926304659352,0.0
25,28,0.41372204256512507,0.9296875,0.08,0.25,0.25,1.0,0.48828125,0.46875,0.125,0.07849237608541819,0.08333333333333333
25,29,0.3442762040446396,0.921875,0.0,0.16666666666666666,0.16666666666666666,0.3333333333333333,0.47265625,0.5,0.16666666666666666,0.08255478963288315,0.0
25,30,0.4109799867485821,0.921875,0.08,0.5,0.16666666666666666,0.1111111111111111,0.47265625,0.484375,0.2,0.4614372791430352,0.08333333333333333
25,31,0.3418044962903662,0.92578125,0.08,0.2,0.16666666666666666,0.125,0.453125,0.48046875,0.2,0.011811049283880744,0.0
25,32,0.38486421275844424,0.9375,0.04,0.2,0.125,1.0,0.46484375,0.5,0.125,0.012216045974071362,0.0
25,33,0.3746675871805802,0.92578125,0.12,0.3333333333333333,0.1111111111111111,0.25,0.51953125,0.4453125,0.16666666666666666,0.03549566597263309,0.08333333333333333
25,34,0.3654252280667908,0.93359375,0.04,0.25,0.1111111111111111,0.5,0.5078125,0.50390625,0.14285714285714285,0.0022127958221744913,0.0
25,35,0.34770122602162173,0.93359375,0.12,0.2,0.09090909090909091,0.1,0.51171875,0.5078125,0.16666666666666666,0.0010131735926865854,0.0
25,36,0.3392316403042101,0.91015625,0.04,0.25,0.08333333333333333,0.125,0.52734375,0.48828125,0.16666666666666666,0.003235671736835779,0.0
25,37,0.3799770544122189,0.91796875,0.08,0.5,0.08333333333333333,0.16666666666666666,0.5234375,0.48046875,0.2,0.0002772957592044702,0.0
25,38,0.38126962702244716,0.94921875,0.16,0.3333333333333333,0.07142857142857142,0.125,0.50390625,0.4765625,0.3333333333333333,7.166069157896598e-05,0.0
25,39,0.3820343611123405,0.9140625,0.12,0.5,0.0625,0.07692307692307693,0.5,0.55078125,0.2,0.00016002494926518437,0.0
25,40,0.36088449361689223,0.93359375,0.08,0.25,0.06666666666666667,0.16666666666666666,0.54296875,0.578125,0.16666666666666666,3.66991704274954e-05,0.0
25,41,0.32499304372257687,0.91015625,0.0,0.25,0.058823529411764705,0.125,0.4765625,0.484375,0.16666666666666666,1.1717271706853702e-05,0.0
25,42,0.3263031617977612,0.91796875,0.0,0.25,0.05263157894736842,0.25,0.4609375,0.4765625,0.1111111111111111,1.0359884713633222e-05,0.0
25,43,0.3518590786877245,0.890625,0.08,0.25,0.05263157894736842,0.06666666666666667,0.50390625,0.5,0.3333333333333333,1.0595087804869188e-05,0.08333333333333333
25,44,0.34082727364698817,0.8828125,0.08,0.16666666666666666,0.05263157894736842,0.1111111111111111,0.44140625,0.46875,0.5,1.3444088672585963e-06,0.0
25,45,0.41202029681196145,0.91796875,0.12,0.2,0.047619047619047616,0.07142857142857142,0.5234375,0.55078125,1.0,9.786120562141633e-07,0.0
25,46,0.34223410380528746,0.8984375,0.04,0.3333333333333333,0.045454545454545456,0.07692307692307693,0.5078125,0.54296875,0.14285714285714285,1.0985416129934748e-05,0.0
25,47,0.3395439006501876,0.92578125,0.12,0.25,0.043478260869565216,0.1,0.42578125,0.4453125,0.2,2.4634370579718174e-07,0.08333333333333333
25,48,0.36571471948294804,0.91015625,0.04,0.3333333333333333,0.041666666666666664,0.1,0.50390625,0.46484375,0.5,2.2691602459413665e-06,0.0
25,49,0.31866175768925525,0.89453125,0.04,0.1111111111111111,0.041666666666666664,0.07142857142857142,0.53515625,0.46875,0.25,2.894790541046526e-08,0.0
25,50,0.3790643864642235,0.921875,0.04,0.1,0.037037037037037035,0.09090909090909091,0.453125,0.52734375,1.0,5.077858467907103e-08,0.0
25,51,0.30849849202223906,0.8984375,0.0,0.125,0.037037037037037035,0.07692307692307693,0.515625,0.484375,0.1111111111111111,9.258337602994582e-08,0.08333333333333333
25,52,0.32584077706979986,0.87890625,0.0,0.16666666666666666,0.03571428571428571,0.07142857142857142,0.5,0.48828125,0.3333333333333333,5.4337933910705686e-08,0.08333333333333333
25,53,0.37487337105563634,0.8828125,0.16,0.5,0.03571428571428571,0.05263157894736842,0.51953125,0.46875,0.16666666666666666,2.1386343605463773e-09,0.08333333333333333
25,54,0.35124002052812936,0.89453125,0.12,0.25,0.03225806451612903,0.0625,0.546875,0.5546875,0.2,6.113983180856497e-09,0.0
25,55,0.3756291666937595,0.90234375,0.16,0.5,0.03333333333333333,0.05,0.515625,0.47265625,0.2,4.515475411487923e-10,0.0
25,56,0.34641070082456404,0.90234375,0.08,0.3333333333333333,0.030303030303030304,0.0625,0.5078125,0.5234375,0.16666666666666666,1.1164728115049315e-09,0.0
25,57,0.319415870106254,0.8671875,0.04,0.25,0.03125,0.058823529411764705,0.515625,0.46484375,0.16666666666666666,1.369127493024031e-10,0.0
25,58,0.34239196429330865,0.87890625,0.08,0.3333333333333333,0.02857142857142857,0.0625,0.53515625,0.52734375,0.125,1.265728521340021e-10,0.0
25,59,0.4034503472289994,0.88671875,0.16,0.5,0.027777777777777776,0.041666666666666664,0.5078125,0.5078125,0.5,1.1295403423001807e-10,0.08333333333333333
25,60,0.2963516865089235,0.89453125,0.0,0.1,0.02857142857142857,0.05555555555555555,0.5,0.48828125,0.1111111111111111,1.645090226378993e-11,0.0
25,61,0.3205297326204239,0.8671875,0.04,0.14285714285714285,0.02631578947368421,0.043478260869565216,0.49609375,0.5078125,0.3333333333333333,1.3856245757069811e-11,0.0
25,62,0.33317664437070393,0.859375,0.04,0.25,0.02564102564102564,0.043478260869565216,0.48046875,0.5390625,0.3333333333333333,9.688821949266584e-12,0.0
25,63,0.3343950320518281,0.90234375,0.0,0.2,0.02564102564102564,0.0625,0.5703125,0.52734375,0.2,9.100263946372878e-12,0.08333333333333333
25,64,0.3759481617654249,0.8984375,0.08,0.5,0.025,0.058823529411764705,0.52734375,0.4921875,0.25,1.1982773293056423e-11,0.08333333333333333
25,65,0.422735778985538,0.875,0.08,1.0,0.025,0.043478260869565216,0.515625,0.4921875,0.16666666666666666,5.112186405531527e-13,0.08333333333333333
25,66,0.32913948297574674,0.8828125,0.0,0.1,0.023255813953488372,0.047619047619047616,0.51953125,0.51171875,0.5,3.874689375921867e-11,0.0
25,67,0.3362546157575241,0.86328125,0.12,0.3333333333333333,0.023255813953488372,0.038461538461538464,0.44921875,0.4765625,0.16666666666666666,3.655080771264917e-12,0.08333333333333333
25,68,0.4035471128435554,0.87109375,0.04,0.3333333333333333,0.023255813953488372,0.045454545454545456,0.515625,0.546875,1.0,6.052124501701817e-14,0.0
25,69,0.4196843227424749,0.87109375,0.08,1.0,0.021739130434782608,0.038461538461538464,0.5234375,0.48828125,0.2,0.0,0.0
26,27,0.5160654572083573,0.953125,0.04,0.25,0.5,0.2,0.484375,0.546875,1.0,0.9848409534726211,0.08333333333333333
26,28,0.42573719832141654,0.94140625,0.04,0.25,0.3333333333333333,0.5,0.546875,0.5078125,0.5,0.1268526109124989,0.0
26,29,0.3635894510065158,0.93359375,0.04,0.16666666666666666,0.2,0.25,0.5078125,0.5,0.25,0.13341793344193079,0.0
26,30,0.4344909838301016,0.92578125,0.08,0.5,0.2,0.1,0.5,0.5390625,0.2,0.7457351471683599,0.0
26,31,0.3419626677934208,0.9375,0.08,0.2,0.2,0.1111111111111111,0.48046875,0.50390625,0.07692307692307693,0.019087999548465833,0.0
26,32,0.39494749764548326,0.94140625,0.04,0.2,0.14285714285714285,0.5,0.546875,0.4765625,0.5,0.019742520281864098,0.0
26,33,0.367891902102548,0.9375,0.08,0.3333333333333333,0.125,0.2,0.4765625,0.453125,0.25,0.05736503504246621,0.0
26,34,0.3728468594563998,0.953125,0.08,0.25,0.125,0.3333333333333333,0.51171875,0.41796875,0.3333333333333333,0.0035761298288847485,0.0
26,35,0.31154832539734073,0.921875,0.0,0.2,0.1,0.09090909090909091,0.46875,0.4609375,0.07142857142857142,0.0016374038084925086,0.0
26,36,0.35256252176101327,0.921875,0.08,0.25,0.09090909090909091,0.1111111111111111,0.4296875,0.49609375,0.25,0.005229213693655147,0.16666666666666666
26,37,0.38439916933407375,0.9296875,0.08,0.5,0.09090909090909091,0.14285714285714285,0.50390625,0.53515625,0.2,0.00044814149863129656,0.0
26,38,0.335143938803125,0.9296875,0.08,0.2,0.07692307692307693,0.1111111111111111,0.5078125,0.515625,0.09090909090909091,0.0001158118314152539,0.0
26,39,0.3860033147306229,0.91796875,0.16,0.5,0.06666666666666667,0.07142857142857142,0.51953125,0.50390625,0.2,0.00025861852625455096,0.0
26,40,0.34627052288782517,0.9140625,0.08,0.25,0.07142857142857142,0.14285714285714285,0.5078125,0.453125,0.25,5.931003518079774e-05,0.0
26,41,0.3475553028533255,0.921875,0.08,0.25,0.0625,0.1111111111111111,0.45703125,0.5390625,0.25,1.8936444313623884e-05,0.0
26,42,0.4041016990095935,0.9296875,0.0,0.25,0.05555555555555555,0.2,0.53515625,0.4609375,1.0,1.6742752483970222e-05,0.0
26,43,0.3322021682450624,0.89453125,0.0,0.25,0.05555555555555555,0.0625,0.53125,0.578125,0.14285714285714285,1.7122867441701967e-05,0.0
26,44,0.3264601998075065,0.93359375,0.0,0.16666666666666666,0.05555555555555555,0.1,0.546875,0.5234375,0.125,2.172717701399159e-06,0.0
26,45,0.31891085878179487,0.9140625,0.04,0.2,0.05,0.06666666666666667,0.47265625,0.51171875,0.1111111111111111,1.5815484330111595e-06,0.0
26,46,0.3605442199828504,0.92578125,0.0,0.3333333333333333,0.047619047619047616,0.07142857142857142,0.51171875,0.52734375,0.3333333333333333,1.7753682428036255e-05,0.08333333333333333
26,47,0.33678468297807657,0.921875,0.04,0.25,0.045454545454545456,0.09090909090909091,0.5078125,0.4921875,0.2,3.9811945848379405e-07,0.0
26,48,0.3209799013573797,0.9140625,0.0,0.2,0.043478260869565216,0.09090909090909091,0.5,0.53515625,0.125,3.667221151048646e-06,0.0
26,49,0.3194074303432184,0.921875,0.08,0.1111111111111111,0.043478260869565216,0.06666666666666667,0.484375,0.5,0.16666666666666666,4.678310894512153e-08,0.0
26,50,0.30987831688965023,0.91015625,0.04,0.1,0.038461538461538464,0.08333333333333333,0.49609375,0.51953125,0.1111111111111111,8.206397062017616e-08,0.0
26,51,0.37538452134015365,0.90234375,0.04,0.125,0.038461538461538464,0.07142857142857142,0.46484375,0.4921875,1.0,1.4962527014995156e-07,0.0
26,52,0.3164134146605114,0.890625,0.04,0.16666666666666666,0.037037037037037035,0.06666666666666667,0.52734375,0.48828125,0.14285714285714285,8.781628397467188e-08,0.0
26,53,0.37784108817033957,0.90234375,0.12,0.5,0.037037037037037035,0.05,0.515625,0.5078125,0.25,3.4562764685230274e-09,0.0
26,54,0.33167732902422614,0.8828125,0.08,0.25,0.03333333333333333,0.058823529411764705,0.48828125,0.5078125,0.2,9.88089249231981e-09,0.0
26,55,0.3378938885905832,0.90625,0.08,0.25,0.034482758620689655,0.047619047619047616,0.48046875,0.54296875,0.2,7.297522052779907e-10,0.0
26,56,0.33203119758725247,0.890625,0.04,0.3333333333333333,0.03125,0.058823529411764705,0.50390625,0.5390625,0.07142857142857142,1.8043470998775061e-09,0.0
26,57,0.3279202285078997,0.87890625,0.04,0.25,0.03225806451612903,0.05555555555555555,0.48828125,0.49609375,0.25,2.2126658132145284e-10,0.0
26,58,0.3460542279534498,0.890625,0.0,0.2,0.029411764705882353,0.058823529411764705,0.5,0.55859375,0.5,2.0455613098483614e-10,0.0
26,59,0.34169196429666704,0.890625,0.04,0.5,0.02857142857142857,0.04,0.46484375,0.453125,0.125,1.8254657165155463e-10,0.0
26,60,0.30648859326784905,0.8828125,0.04,0.1,0.029411764705882353,0.05263157894736842,0.55859375,0.52734375,0.058823529411764705,2.658652990396313e-11,0.0
26,61,0.3049804657349343,0.85546875,0.08,0.14285714285714285,0.02702702702702703,0.041666666666666664,0.4453125,0.53125,0.14285714285714285,2.239326975930437e-11,0.0
26,62,0.33016236543156147,0.87109375,0.12,0.25,0.02631578947368421,0.041666666666666664,0.5234375,0.46875,0.09090909090909091,1.5658238700702537e-11,0.08333333333333333
26,63,0.310087799923483,0.890625,0.0,0.2,0.02631578947368421,0.058823529411764705,0.44140625,0.51171875,0.2,1.4707061999677904e-11,0.0
26,64,0.3676523237191106,0.88671875,0.08,0.5,0.02564102564102564,0.05555555555555555,0.5546875,0.515625,0.16666666666666666,1.9365525086698886e-11,0.0
26,65,0.35158565705133166,0.87890625,0.12,0.3333333333333333,0.02564102564102564,0.041666666666666664,0.50390625,0.515625,0.25,8.26187491518084e-13,0.0
26,66,0.30671328463579184,0.87109375,0.12,0.1,0.023809523809523808,0.045454545454545456,0.5,0.46484375,0.125,6.261938908254304e-11,0.0
26,67,0.3397019841273386,0.8671875,0.08,0.3333333333333333,0.023809523809523808,0.037037037037037035,0.4921875,0.4921875,0.25,5.907026415233721e-12,0.0
26,68,0.3272585964458306,0.859375,0.08,0.3333333333333333,0.023809523809523808,0.043478260869565216,0.49609375,0.484375,0.1111111111111111,9.780921828292128e-14,0.0
26,69,0.33143197115384615,0.8671875,0.08,0.3333333333333333,0.022222222222222223,0.037037037037037035,0.54296875,0.48828125,0.07692307692307693,0.0,0.0
27,28,0.40594890377689336,0.94140625,0.0,0.2,0.5,0.25,0.5,0.5,0.5,0.12492964628155684,0.0
27,29,0.3859993516868778,0.94140625,0.04,0.2,0.25,0.5,0.4921875,0.5,0.25,0.13139544478129783,0.0
27,30,0.4241564558025199,0.94140625,0.08,0.3333333333333333,0.25,0.16666666666666666,0.515625,0.515625,0.2,0.734430513375333,0.0
27,31,0.36524738977435794,0.9296875,0.08,0.25,0.25,0.2,0.55859375,0.50390625,0.07692307692307693,0.018798643675196056,0.0
27,32,0.3857780528832339,0.91015625,0.08,0.25,0.16666666666666666,0.25,0.5234375,0.484375,0.5,0.0194432424983436,0.0
27,33,0.4147682975770042,0.9296875,0.08,0.25,0.14285714285714285,1.0,0.53125,0.4765625,0.25,0.05649543580721275,0.0
27,34,0.39349092824186327,0.953125,0.08,0.3333333333333333,0.14285714285714285,0.3333333333333333,0.54296875,0.47265625,0.3333333333333333,0.003521919110420737,0.0
27,35,0.3129588581142817,0.921875,0.0,0.16666666666666666,0.1111111111111111,0.14285714285714285,0.5,0.4375,0.07142857142857142,0.0016125823279754634,0.0
27,36,0.3718996216279983,0.9296875,0.08,0.3333333333333333,0.1,0.2,0.4609375,0.52734375,0.25,0.005149943799971422,0.08333333333333333
27,37,0.3723358558860482,0.9140625,0.08,0.3333333333333333,0.1,0.3333333333333333,0.47265625,0.55859375,0.2,0.00044134810080269544,0.0
27,38,0.32498373731346236,0.9296875,0.04,0.16666666666666666,0.08333333333333333,0.2,0.4609375,0.5078125,0.09090909090909091,0.00011405623447440911,0.0
27,39,0.35254831760124467,0.92578125,0.04,0.3333333333333333,0.07142857142857142,0.1,0.51171875,0.51171875,0.2,0.00025469811598221605,0.0
27,40,0.390407350810942,0.90625,0.2,0.3333333333333333,0.07692307692307693,0.3333333333333333,0.5,0.53125,0.25,5.841095159795156e-05,0.0
27,41,0.33974695229648577,0.8984375,0.04,0.2,0.06666666666666667,0.2,0.49609375,0.515625,0.25,1.8649385873210538e-05,0.0
27,42,0.46548187168984034,0.921875,0.16,0.2,0.058823529411764705,1.0,0.48046875,0.5078125,1.0,1.6488948320069328e-05,0.0
27,43,0.3066198405795785,0.89453125,0.0,0.2,0.058823529411764705,0.08333333333333333,0.453125,0.4609375,0.14285714285714285,1.6863301097471067e-05,0.0
27,44,0.3457153857398235,0.93359375,0.16,0.2,0.058823529411764705,0.16666666666666666,0.484375,0.484375,0.125,2.1397813726727894e-06,0.0
27,45,0.34871342911364384,0.90625,0.12,0.25,0.05263157894736842,0.09090909090909091,0.54296875,0.55078125,0.1111111111111111,1.5575736667298403e-06,0.0
27,46,0.3474489657398785,0.91796875,0.0,0.25,0.05,0.1,0.52734375,0.47265625,0.3333333333333333,1.7484553530077345e-05,0.08333333333333333
27,47,0.3566122259060132,0.921875,0.08,0.3333333333333333,0.047619047619047616,0.14285714285714285,0.515625,0.4921875,0.2,3.920843470891833e-07,0.0
27,48,0.3460923839055667,0.9140625,0.16,0.25,0.045454545454545456,0.14285714285714285,0.484375,0.48828125,0.125,3.6116295749937117e-06,0.0
27,49,0.32797424518867774,0.90625,0.12,0.125,0.045454545454545456,0.09090909090909091,0.4921875,0.515625,0.16666666666666666,4.6073921619927e-08,0.0
27,50,0.3215972270714198,0.91015625,0.12,0.1111111111111111,0.04,0.125,0.51953125,0.45703125,0.1111111111111111,8.081995907132346e-08,0.0
27,51,0.389436467174759,0.90234375,0.08,0.1111111111111111,0.04,0.1,0.48828125,0.546875,1.0,1.4735709371807682e-07,0.0
27,52,0.3028060272920015,0.90625,0.0,0.14285714285714285,0.038461538461538464,0.09090909090909091,0.48046875,0.44921875,0.14285714285714285,8.648507284003833e-08,0.0
27,53,0.3594862982811561,0.88671875,0.12,0.3333333333333333,0.038461538461538464,0.0625,0.5,0.5625,0.25,3.4038826127252022e-09,0.0
27,54,0.34457400588890624,0.8828125,0.08,0.3333333333333333,0.034482758620689655,0.07692307692307693,0.53515625,0.46875,0.2,9.731107583296705e-09,0.0
27,55,0.32847092966497016,0.8984375,0.04,0.2,0.03571428571428571,0.058823529411764705,0.54296875,0.49609375,0.2,7.186898576447243e-10,0.0
27,56,0.3267665655975804,0.8984375,0.08,0.25,0.03225806451612903,0.07692307692307693,0.52734375,0.4765625,0.07142857142857142,1.7769949182389218e-09,0.0
27,57,0.36075863096545574,0.86328125,0.16,0.3333333333333333,0.03333333333333333,0.07142857142857142,0.52734375,0.52734375,0.25,2.1791239092024688e-10,0.0
27,58,0.36123650205171437,0.8828125,0.16,0.25,0.030303030303030304,0.07692307692307693,0.4375,0.50390625,0.5,2.014552550777764e-10,0.0
27,59,0.3480788340444002,0.875,0.16,0.3333333333333333,0.029411764705882353,0.047619047619047616,0.51171875,0.515625,0.125,1.797793396784752e-10,0.0
27,60,0.297929083112088,0.8828125,0.08,0.1111111111111111,0.030303030303030304,0.06666666666666667,0.44140625,0.50390625,0.058823529411764705,2.6183503460147404e-11,0.0
27,61,0.2939164186521169,0.84765625,0.0,0.125,0.027777777777777776,0.05,0.484375,0.515625,0.14285714285714285,2.2053809141122928e-11,0.0
27,62,0.3121380144358147,0.89453125,0.0,0.2,0.02702702702702703,0.05,0.5234375,0.46875,0.09090909090909091,1.5420874731701782e-11,0.08333333333333333
27,63,0.3293431717784158,0.8828125,0.12,0.16666666666666666,0.02702702702702703,0.07692307692307693,0.46484375,0.55078125,0.2,1.4484116962543741e-11,0.0
27,64,0.3459774357780867,0.89453125,0.12,0.3333333333333333,0.02631578947368421,0.07142857142857142,0.5,0.484375,0.16666666666666666,1.9071962190882496e-11,0.0
27,65,0.3181271381579435,0.86328125,0.04,0.25,0.02631578947368421,0.05,0.47265625,0.453125,0.25,8.13663276893823e-13,0.0
27,66,0.315680386182562,0.86328125,0.2,0.1111111111111111,0.024390243902439025,0.05555555555555555,0.4765625,0.46484375,0.125,6.167013884992473e-11,0.0
27,67,0.3836786651647181,0.875,0.16,0.5,0.024390243902439025,0.043478260869565216,0.5703125,0.5078125,0.25,5.8174815269667375e-12,0.0
27,68,0.3612667531379319,0.875,0.12,0.5,0.024390243902439025,0.05263157894736842,0.51171875,0.515625,0.1111111111111111,9.632652379216393e-14,0.0
27,69,0.3216525986242019,0.875,0.16,0.25,0.022727272727272728,0.043478260869565216,0.44921875,0.47265625,0.07692307692307693,0.0,0.0
28,29,0.44216831157255093,0.9453125,0.04,0.2,0.3333333333333333,0.3333333333333333,0.484375,0.5390625,0.3333333333333333,0.9507913039869607,0.0
28,30,0.3919520797247638,0.921875,0.04,0.3333333333333333,0.3333333333333333,0.1111111111111111,0.515625,0.5,0.25,0.17010410652384095,0.08333333333333333
28,31,0.3676492637666489,0.94921875,0.04,0.25,0.3333333333333333,0.125,0.52734375,0.48046875,0.08333333333333333,0.15047384055526034,0.0
28,32,0.4696880121102035,0.921875,0.04,0.25,0.2,1.0,0.453125,0.484375,1.0,0.15563353517005812,0.0
28,33,0.40856745549230566,0.94921875,0.08,0.25,0.16666666666666666,0.25,0.46875,0.53125,0.3333333333333333,0.4522180082050955,0.08333333333333333
28,34,0.38308730651776063,0.93359375,0.0,0.2,0.16666666666666666,0.5,0.49609375,0.46484375,0.5,0.028191219740455412,0.0
28,35,0.3292064465690768,0.92578125,0.08,0.25,0.125,0.1,0.4296875,0.46875,0.07692307692307693,0.012907923587177612,0.0
28,36,0.35309767066300085,0.94140625,0.04,0.2,0.1111111111111111,0.125,0.484375,0.50390625,0.3333333333333333,0.04122275179075489,0.0
28,37,0.3651446052782636,0.92578125,0.08,0.3333333333333333,0.1111111111111111,0.16666666666666666,0.48828125,0.49609375,0.25,0.0035327731562452276,0.0
28,38,0.31821813009586336,0.91796875,0.0,0.16666666666666666,0.09090909090909091,0.125,0.5078125,0.4921875,0.1,0.000912963718934719,0.0
28,39,0.3615196797124563,0.9140625,0.12,0.3333333333333333,0.07692307692307693,0.07692307692307693,0.46484375,0.53515625,0.25,0.002038732387092468,0.0
28,40,0.3556457613791891,0.93359375,0.12,0.2,0.08333333333333333,0.16666666666666666,0.484375,0.453125,0.3333333333333333,0.00046755076426222675,0.0
28,41,0.37163678412729484,0.93359375,0.08,0.3333333333333333,0.07142857142857142,0.125,0.52734375,0.4921875,0.3333333333333333,0.0001492791057070632,0.0
28,42,0.38566104415232805,0.93359375,0.08,0.3333333333333333,0.0625,0.25,0.49609375,0.46875,0.5,0.00013198587213564828,0.0
28,43,0.35867268227618604,0.921875,0.12,0.3333333333333333,0.0625,0.06666666666666667,0.5078125,0.4765625,0.16666666666666666,0.0001349823808791218,0.08333333333333333
28,44,0.3357962657687022,0.921875,0.08,0.2,0.0625,0.1111111111111111,0.5390625,0.46875,0.14285714285714285,1.7127891067988093e-05,0.0
28,45,0.30998090678654716,0.92578125,0.0,0.16666666666666666,0.05555555555555555,0.07142857142857142,0.46484375,0.48828125,0.125,1.2467606473642778e-05,0.0
28,46,0.3922999332431255,0.9140625,0.08,0.5,0.05263157894736842,0.07692307692307693,0.50390625,0.47265625,0.5,0.00013995519919004655,0.0
28,47,0.3284533133064711,0.92578125,0.0,0.2,0.05,0.1,0.453125,0.484375,0.25,3.1384411847731782e-06,0.08333333333333333
28,48,0.3427273297965524,0.91796875,0.12,0.25,0.047619047619047616,0.1,0.4921875,0.50390625,0.14285714285714285,2.8909307618258185e-05,0.0
28,49,0.29476713522317477,0.87890625,0.0,0.1,0.047619047619047616,0.07142857142857142,0.453125,0.4609375,0.2,3.68798943975949e-07,0.0
28,50,0.3144931259366389,0.8984375,0.08,0.1111111111111111,0.041666666666666664,0.09090909090909091,0.51171875,0.48046875,0.125,6.46923780518658e-07,0.0
28,51,0.34741039586281225,0.8828125,0.04,0.14285714285714285,0.041666666666666664,0.07692307692307693,0.52734375,0.4453125,0.5,1.1795206190368515e-06,0.16666666666666666
28,52,0.3355503391552604,0.90234375,0.08,0.2,0.04,0.07142857142857142,0.48828125,0.53515625,0.16666666666666666,6.922702129895166e-07,0.08333333333333333
28,53,0.35987456303829257,0.890625,0.04,0.3333333333333333,0.04,0.05263157894736842,0.5625,0.484375,0.3333333333333333,2.7246395983974797e-08,0.08333333333333333
28,54,0.3216227725307049,0.87890625,0.0,0.2,0.03571428571428571,0.0625,0.50390625,0.5234375,0.25,7.789270099561062e-08,0.0
28,55,0.3238442133081284,0.87890625,0.04,0.2,0.037037037037037035,0.05,0.50390625,0.49609375,0.25,5.752756683749798e-09,0.0
28,56,0.3193423886739507,0.91015625,0.04,0.25,0.03333333333333333,0.0625,0.46484375,0.515625,0.07692307692307693,1.4223965016550734e-08,0.0
28,57,0.3313828242256846,0.8828125,0.04,0.2,0.034482758620689655,0.058823529411764705,0.49609375,0.50390625,0.3333333333333333,1.7442808605183486e-09,0.0
28,58,0.395600000096753,0.88671875,0.04,0.25,0.03125,0.0625,0.4921875,0.55078125,1.0,1.6125496315242263e-09,0.0
28,59,0.33921843893915654,0.87109375,0.04,0.3333333333333333,0.030303030303030304,0.041666666666666664,0.51953125,0.53125,0.14285714285714285,1.4390446545674383e-09,0.08333333333333333
28,60,0.3132136904887657,0.87890625,0.12,0.14285714285714285,0.03125,0.05555555555555555,0.47265625,0.53515625,0.0625,2.0958598891040673e-10,0.0
28,61,0.3049214932818133,0.859375,0.04,0.16666666666666666,0.02857142857142857,0.043478260869565216,0.4375,0.5390625,0.16666666666666666,1.7652982936828098e-10,0.0
28,62,0.33947466788180236,0.875,0.12,0.3333333333333333,0.027777777777777776,0.043478260869565216,0.5,0.5234375,0.1,1.2343647157174685e-10,0.0
28,63,0.3557159722291785,0.89453125,0.16,0.25,0.027777777777777776,0.0625,0.48828125,0.52734375,0.25,1.1593818916208688e-10,0.08333333333333333
28,64,0.34356657393602774,0.8671875,0.0,0.3333333333333333,0.02702702702702703,0.058823529411764705,0.5546875,0.4921875,0.2,1.5266162002812024e-10,0.16666666666666666
28,65,0.33953752448139357,0.859375,0.04,0.25,0.02702702702702703,0.043478260869565216,0.50390625,0.5234375,0.3333333333333333,6.51297190948617e-12,0.08333333333333333
28,66,0.327903422648666,0.859375,0.12,0.1111111111111111,0.025,0.047619047619047616,0.578125,0.57421875,0.14285714285714285,4.936389454824622e-10,0.0
28,67,0.34365873397715296,0.84765625,0.08,0.25,0.025,0.038461538461538464,0.5,0.5390625,0.3333333333333333,4.6566060980079495e-11,0.08333333333333333
28,68,0.32431164772731896,0.87890625,0.04,0.25,0.025,0.045454545454545456,0.53515625,0.515625,0.125,7.710461580517935e-13,0.0
28,69,0.29411607409063806,0.84765625,0.0,0.25,0.023255813953488372,0.038461538461538464,0.46484375,0.44921875,0.08333333333333333,0.0,0.0
29,30,0.44221215452701684,0.953125,0.0,0.2,1.0,0.14285714285714285,0.484375,0.4921875,0.5,0.17890793259313803,0.0
29,31,0.4171841531446477,0.94921875,0.04,0.16666666666666666,1.0,0.16666666666666666,0.55078125,0.48046875,0.1,0.14306921907746195,0.0
29,32,0.41463683404423973,0.9296875,0.12,0.25,0.3333333333333333,0.3333333333333333,0.5625,0.5078125,0.3333333333333333,0.14797501184844009,0.0
29,33,0.4879635219824626,0.95703125,0.16,0.25,0.25,0.5,0.4921875,0.484375,1.0,0.4299649497077088,0.0
29,34,0.42497073799468055,0.93359375,0.12,0.3333333333333333,0.25,0.5,0.54296875,0.43359375,0.5,0.026803966578010544,0.0
29,35,0.3456143000960136,0.94921875,0.04,0.16666666666666666,0.16666666666666666,0.125,0.515625,0.484375,0.09090909090909091,0.012272741499216649,0.16666666666666666
29,36,0.44586772546431525,0.94140625,0.16,0.3333333333333333,0.14285714285714285,0.16666666666666666,0.4921875,0.51171875,1.0,0.039194233929062655,0.0
29,37,0.3707863572283264,0.93359375,0.0,0.2,0.14285714285714285,0.25,0.52734375,0.48828125,0.5,0.0033589299959165307,0.0
29,38,0.34787534616677795,0.92578125,0.08,0.16666666666666666,0.1111111111111111,0.16666666666666666,0.4765625,0.5390625,0.125,0.0008680379648187264,0.16666666666666666
29,39,0.36642795226876096,0.90625,0.04,0.2,0.09090909090909091,0.09090909090909091,0.50390625,0.50390625,0.5,0.0019384090248040966,0.16666666666666666
29,40,0.40192354759204996,0.91015625,0.04,0.2,0.1,0.25,0.46875,0.4921875,1.0,0.0004445432008329826,0.0
29,41,0.41710955766320107,0.91015625,0.08,0.2,0.08333333333333333,0.16666666666666666,0.52734375,0.53125,1.0,0.00014193327557322595,0.08333333333333333
29,42,0.3713124401754543,0.94140625,0.08,0.2,0.07142857142857142,0.5,0.47265625,0.4921875,0.25,0.00012549101947570928,0.08333333333333333
29,43,0.3616686207341062,0.921875,0.12,0.3333333333333333,0.07142857142857142,0.07692307692307693,0.5078125,0.4765625,0.25,0.00012834007393132477,0.0
29,44,0.3404866913887073,0.9296875,0.08,0.2,0.07142857142857142,0.14285714285714285,0.5,0.4765625,0.2,1.6285049883079015e-05,0.0
29,45,0.3399777945788423,0.91015625,0.12,0.25,0.0625,0.08333333333333333,0.53515625,0.41796875,0.16666666666666666,1.1854091816671088e-05,0.0
29,46,0.37142153689866686,0.9140625,0.12,0.25,0.058823529411764705,0.09090909090909091,0.45703125,0.55078125,0.5,0.00013306818633765916,0.0
29,47,0.36581649848459963,0.92578125,0.08,0.2,0.05555555555555555,0.125,0.5234375,0.4921875,0.5,2.9840025865568716e-06,0.0
29,48,0.35904342551888674,0.91015625,0.12,0.25,0.05263157894736842,0.125,0.53125,0.51953125,0.2,2.7486718287723877e-05,0.08333333333333333
29,49,0.33071783902150587,0.89453125,0.08,0.1,0.05263157894736842,0.08333333333333333,0.4921875,0.515625,0.3333333333333333,3.5065082885190653e-07,0.0
29,50,0.33072285887506725,0.921875,0.12,0.1111111111111111,0.045454545454545456,0.1111111111111111,0.51171875,0.49609375,0.16666666666666666,6.150895048595092e-07,0.0
29,51,0.3162805597129193,0.890625,0.08,0.1111111111111111,0.045454545454545456,0.09090909090909091,0.44921875,0.484375,0.25,1.1214779474535551e-06,0.0
29,52,0.33885240750469225,0.91015625,0.08,0.14285714285714285,0.043478260869565216,0.08333333333333333,0.55859375,0.51171875,0.25,6.582044985196334e-07,0.0
29,53,0.38848267418860927,0.90625,0.04,0.2,0.043478260869565216,0.058823529411764705,0.515625,0.46875,1.0,2.5905636366548482e-08,0.0
29,54,0.35000951680621945,0.90234375,0.04,0.2,0.038461538461538464,0.07142857142857142,0.51171875,0.4921875,0.5,7.405970275068305e-08,0.0
29,55,0.33472708366151355,0.87890625,0.04,0.2,0.04,0.05555555555555555,0.44921875,0.46484375,0.5,5.469671028862174e-09,0.0
29,56,0.29449371022702575,0.88671875,0.0,0.16666666666666666,0.03571428571428571,0.07142857142857142,0.47265625,0.4375,0.09090909090909091,1.3524022245951181e-08,0.0
29,57,0.3832035880624698,0.8671875,0.04,0.2,0.037037037037037035,0.06666666666666667,0.48828125,0.51953125,1.0,1.6584470738917383e-09,0.0
29,58,0.3518502977110395,0.92578125,0.08,0.25,0.03333333333333333,0.07142857142857142,0.4609375,0.55078125,0.3333333333333333,1.533198166900612e-09,0.0
29,59,0.322079792970657,0.87109375,0.04,0.2,0.03225806451612903,0.045454545454545456,0.58203125,0.4453125,0.2,1.36823114361164e-09,0.0
29,60,0.33058005953576586,0.90234375,0.16,0.14285714285714285,0.03333333333333333,0.0625,0.47265625,0.59765625,0.07142857142857142,1.9927253569352226e-10,0.0
29,61,0.36229388529145584,0.8671875,0.28,0.25,0.030303030303030304,0.047619047619047616,0.546875,0.4609375,0.25,1.6784302665766353e-10,0.0
29,62,0.3538600840406552,0.8828125,0.16,0.3333333333333333,0.029411764705882353,0.047619047619047616,0.515625,0.5546875,0.125,1.1736232376525058e-10,0.0
29,63,0.3579949054687988,0.88671875,0.08,0.25,0.029411764705882353,0.07142857142857142,0.44921875,0.56640625,0.5,1.1023302205530748e-10,0.0
29,64,0.3264586309610899,0.8828125,0.04,0.2,0.02857142857142857,0.06666666666666667,0.4453125,0.515625,0.3333333333333333,1.4514934077529834e-10,0.0
29,65,0.3757678571432287,0.890625,0.0,0.16666666666666666,0.02857142857142857,0.047619047619047616,0.49609375,0.5078125,1.0,6.1924770546508e-12,0.0
29,66,0.3177246162562311,0.875,0.12,0.1111111111111111,0.02631578947368421,0.05263157894736842,0.5,0.48828125,0.2,4.693476166740184e-10,0.0
29,67,0.40057088816055125,0.87890625,0.08,0.25,0.02631578947368421,0.041666666666666664,0.515625,0.546875,1.0,4.427460584078611e-11,0.0
29,68,0.321304221491272,0.87890625,0.04,0.25,0.02631578947368421,0.05,0.51171875,0.4765625,0.16666666666666666,7.331039820482009e-13,0.0
29,69,0.30729496951219515,0.87890625,0.0,0.16666666666666666,0.024390243902439025,0.041666666666666664,0.55859375,0.49609375,0.1,0.0,0.0
30,31,0.44381216198106066,0.95703125,0.08,0.25,1.0,0.5,0.49609375,0.50390625,0.1111111111111111,0.02559621820286346,0.0
30,32,0.3528905175400483,0.9375,0.0,0.25,0.3333333333333333,0.1111111111111111,0.4296875,0.4765625,0.25,0.026473903445249514,0.0
30,33,0.4232623234143831,0.92578125,0.04,0.5,0.25,0.16666666666666666,0.4609375,0.4609375,0.5,0.07692414023971875,0.25
30,34,0.3892481432014127,0.92578125,0.08,0.3333333333333333,0.25,0.125,0.53515625,0.52734375,0.3333333333333333,0.004795442245767435,0.0
30,35,0.37834319978186587,0.94140625,0.12,0.25,0.16666666666666666,0.5,0.53125,0.46875,0.1,0.0021956908088748596,0.0
30,36,0.41724305099028064,0.92578125,0.12,0.3333333333333333,0.14285714285714285,0.5,0.5,0.51953125,0.5,0.007012159361820425,0.0
30,37,0.5224583777818491,0.91796875,0.16,1.0,0.14285714285714285,0.25,0.49609375,0.48828125,1.0,0.000600939221294504,0.0
30,38,0.3552236532501222,0.92578125,0.04,0.25,0.1111111111111111,0.5,0.4453125,0.4921875,0.14285714285714285,0.0001552988776980734,0.0
30,39,0.5010404100777961,0.9140625,0.08,1.0,0.09090909090909091,0.2,0.49609375,0.46484375,1.0,0.0003467967511475817,0.0
30,40,0.3927203969383005,0.91796875,0.08,0.3333333333333333,0.1,0.25,0.5078125,0.5234375,0.5,7.953230500936507e-05,0.0
30,41,0.3951838152460005,0.91796875,0.0,0.3333333333333333,0.08333333333333333,0.5,0.48828125,0.546875,0.5,2.5392988898977994e-05,0.0
30,42,0.3598687577946169,0.92578125,0.08,0.3333333333333333,0.07142857142857142,0.16666666666666666,0.49609375,0.5078125,0.2,2.2451338853404367e-05,0.0
30,43,0.36905375861581874,0.9140625,0.04,0.3333333333333333,0.07142857142857142,0.14285714285714285,0.4765625,0.5078125,0.3333333333333333,2.2961057295903803e-05,0.16666666666666666
30,44,0.3959394605257621,0.9296875,0.04,0.2,0.07142857142857142,1.0,0.5078125,0.5234375,0.25,2.9135246067577907e-06,0.0
30,45,0.3412876272474636,0.91796875,0.04,0.25,0.0625,0.16666666666666666,0.51171875,0.48046875,0.2,2.12079105968986e-06,0.0
30,46,0.37626460243685456,0.8984375,0.0,0.5,0.058823529411764705,0.2,0.51953125,0.48828125,0.3333333333333333,2.3806954111589054e-05,0.0
30,47,0.44434135147614845,0.92578125,0.04,0.3333333333333333,0.05555555555555555,0.5,0.5546875,0.4609375,1.0,5.338617336134663e-07,0.08333333333333333
30,48,0.35981082137130604,0.92578125,0.04,0.25,0.05263157894736842,0.5,0.4609375,0.48046875,0.25,4.917591942626677e-06,0.0
30,49,0.3464261550798423,0.88671875,0.08,0.125,0.05263157894736842,0.16666666666666666,0.4765625,0.4921875,0.5,6.273421485196487e-08,0.0
30,50,0.33192907857236054,0.8984375,0.04,0.1111111111111111,0.045454545454545456,0.3333333333333333,0.54296875,0.46484375,0.2,1.100443916741517e-07,0.0
30,51,0.3421917328176988,0.8984375,0.04,0.14285714285714285,0.045454545454545456,0.2,0.56640625,0.53125,0.2,2.006413010277114e-07,0.08333333333333333
30,52,0.3520886846017122,0.91796875,0.04,0.2,0.043478260869565216,0.16666666666666666,0.48828125,0.53515625,0.3333333333333333,1.177580060536508e-07,0.08333333333333333
30,53,0.4590140566021941,0.890625,0.12,1.0,0.043478260869565216,0.09090909090909091,0.4375,0.5546875,0.5,4.634723844848801e-09,0.08333333333333333
30,54,0.41297379887191515,0.90234375,0.04,0.3333333333333333,0.038461538461538464,0.125,0.50390625,0.5390625,1.0,1.3249868307587042e-08,0.0
30,55,0.41937500005871403,0.91015625,0.12,0.3333333333333333,0.04,0.08333333333333333,0.52734375,0.47265625,1.0,9.785675357383136e-10,0.0
30,56,0.3541415180023162,0.87109375,0.12,0.5,0.03571428571428571,0.125,0.44140625,0.4921875,0.1,2.419554860366733e-09,0.0
30,57,0.36497025464743216,0.8515625,0.08,0.3333333333333333,0.037037037037037035,0.1111111111111111,0.54296875,0.45703125,0.5,2.9670933730511014e-10,0.0
30,58,0.33732916668312474,0.91015625,0.04,0.25,0.03333333333333333,0.125,0.484375,0.49609375,0.25,2.7430131429577745e-10,0.0
30,59,0.42700877017597755,0.88671875,0.04,1.0,0.03225806451612903,0.0625,0.48828125,0.46875,0.25,2.447874052131034e-10,0.16666666666666666
30,60,0.30922259615598524,0.91015625,0.04,0.1111111111111111,0.03333333333333333,0.1,0.50390625,0.51171875,0.07692307692307693,3.5651437383520375e-11,0.0
30,61,0.32275340909271083,0.875,0.04,0.16666666666666666,0.030303030303030304,0.06666666666666667,0.5234375,0.4375,0.3333333333333333,3.002844889949754e-11,0.0
30,62,0.3268190126063019,0.8828125,0.04,0.3333333333333333,0.029411764705882353,0.06666666666666667,0.5,0.4453125,0.14285714285714285,2.0997050709167493e-11,0.0
30,63,0.4118591911776539,0.87109375,0.04,0.25,0.029411764705882353,0.125,0.53515625,0.50390625,1.0,1.972156207940885e-11,0.25
30,64,0.463564880953939,0.890625,0.12,1.0,0.02857142857142857,0.1111111111111111,0.5078125,0.515625,0.5,2.5968368475365495e-11,0.08333333333333333
30,65,0.3867294642857807,0.890625,0.04,0.5,0.02857142857142857,0.06666666666666667,0.49609375,0.5,0.5,1.1078832674780192e-12,0.08333333333333333
30,66,0.3138571061116509,0.875,0.04,0.1111111111111111,0.02631578947368421,0.07692307692307693,0.4765625,0.53515625,0.25,8.397001176666526e-11,0.0
30,67,0.38890422149170334,0.90234375,0.08,0.5,0.02631578947368421,0.05555555555555555,0.4765625,0.4765625,0.5,7.921078197351116e-12,0.08333333333333333
30,68,0.35648160244361693,0.86328125,0.08,0.5,0.02631578947368421,0.07142857142857142,0.47265625,0.5078125,0.2,1.3115811780404058e-13,0.0
30,69,0.3601671917344173,0.88671875,0.16,0.5,0.024390243902439025,0.05555555555555555,0.47265625,0.47265625,0.1111111111111111,0.0,0.0
31,32,0.4067004125768534,0.94140625,0.08,0.2,0.3333333333333333,0.125,0.47265625,0.46484375,0.08333333333333333,0.966847154058668,0.0
31,33,0.36979914922283663,0.9296875,0.04,0.2,0.25,0.2,0.52734375,0.49609375,0.1,0.33274623704727735,0.0
31,34,0.3771663841975072,0.9140625,0.12,0.25,0.25,0.14285714285714285,0.515625,0.46875,0.09090909090909091,0.1873496392225226,0.16666666666666666
31,35,0.3858074761443357,0.921875,0.08,0.14285714285714285,0.16666666666666666,0.3333333333333333,0.49609375,0.53515625,0.5,0.0857818444690875,0.0
31,36,0.42639074813861205,0.921875,0.16,0.25,0.14285714285714285,1.0,0.51171875,0.5078125,0.1,0.273952945167344,0.0
31,37,0.3573011197136221,0.9140625,0.08,0.25,0.14285714285714285,0.3333333333333333,0.4609375,0.4453125,0.1111111111111111,0.023477656602695966,0.16666666666666666
31,38,0.3881155732206932,0.921875,0.04,0.14285714285714285,0.1111111111111111,1.0,0.44921875,0.49609375,0.3333333333333333,0.006067258704674586,0.0
31,39,0.3504401661376396,0.92578125,0.08,0.25,0.09090909090909091,0.16666666666666666,0.546875,0.5,0.1111111111111111,0.01354874960039157,0.0
31,40,0.36043330638071186,0.9296875,0.08,0.25,0.1,0.3333333333333333,0.48046875,0.48046875,0.1,0.0031071896785310163,0.16666666666666666
31,41,0.37042931527761036,0.9140625,0.0,0.16666666666666666,0.08333333333333333,1.0,0.5,0.51171875,0.1,0.0009920601823959006,0.0
31,42,0.31415513496813197,0.9296875,0.0,0.16666666666666666,0.07142857142857142,0.2,0.4375,0.50390625,0.07692307692307693,0.0008771350000013957,0.0
31,43,0.32266543007196474,0.93359375,0.0,0.16666666666666666,0.07142857142857142,0.125,0.49609375,0.50390625,0.14285714285714285,0.0008970488184592496,0.0
31,44,0.3613731986298261,0.92578125,0.04,0.16666666666666666,0.07142857142857142,0.5,0.50390625,0.49609375,0.16666666666666666,0.00011382637011712352,0.16666666666666666
31,45,0.3601701499098729,0.921875,0.2,0.2,0.0625,0.14285714285714285,0.515625,0.5078125,0.2,8.285564073885751e-05,0.0
31,46,0.33028129041835913,0.90234375,0.08,0.2,0.058823529411764705,0.16666666666666666,0.4921875,0.515625,0.09090909090909091,0.0009300965448452756,0.0
31,47,0.3612814597566398,0.9453125,0.16,0.25,0.05555555555555555,0.3333333333333333,0.46484375,0.49609375,0.1111111111111111,2.085705510799806e-05,0.0
31,48,0.33403038695812676,0.921875,0.04,0.2,0.05263157894736842,0.3333333333333333,0.45703125,0.4609375,0.16666666666666666,0.00019212181673293222,0.0
31,49,0.3526810602755914,0.890625,0.12,0.1111111111111111,0.05263157894736842,0.14285714285714285,0.48828125,0.55859375,0.125,2.450917332973305e-06,0.4166666666666667
31,50,0.33650849659101334,0.90234375,0.08,0.1,0.045454545454545456,0.25,0.5,0.5625,0.2,4.299244161852042e-06,0.0
31,51,0.3098906801127382,0.89453125,0.04,0.1,0.045454545454545456,0.16666666666666666,0.515625,0.49609375,0.07692307692307693,7.838708806024539e-06,0.0
31,52,0.3268660369056698,0.9140625,0.08,0.125,0.043478260869565216,0.14285714285714285,0.4765625,0.5546875,0.14285714285714285,4.6006017420369215e-06,0.0
31,53,0.3406220217338042,0.91015625,0.12,0.25,0.043478260869565216,0.08333333333333333,0.51953125,0.51171875,0.1,1.8107064911371604e-07,0.0
31,54,0.3375418846914457,0.875,0.12,0.25,0.038461538461538464,0.1111111111111111,0.515625,0.52734375,0.1111111111111111,5.176494512812354e-07,0.0
31,55,0.34084802579813006,0.90625,0.12,0.16666666666666666,0.04,0.07692307692307693,0.515625,0.5234375,0.1111111111111111,3.823094208615712e-08,0.16666666666666666
31,56,0.34982694019547905,0.890625,0.04,0.2,0.03571428571428571,0.1111111111111111,0.5,0.50390625,0.5,9.452782599329678e-08,0.0
31,57,0.3366535886584783,0.87109375,0.12,0.25,0.037037037037037035,0.1,0.4609375,0.5078125,0.1,1.1591920921814814e-08,0.16666666666666666
31,58,0.3179437506429887,0.90625,0.04,0.2,0.03333333333333333,0.1111111111111111,0.48046875,0.515625,0.08333333333333333,1.0716478196966272e-08,0.0
31,59,0.33262151583313476,0.8828125,0.04,0.25,0.03225806451612903,0.058823529411764705,0.6015625,0.46484375,0.16666666666666666,9.563420786345655e-09,0.0
31,60,0.3251649622047826,0.8828125,0.08,0.125,0.03333333333333333,0.09090909090909091,0.5078125,0.5,0.2,1.3928400321080256e-09,0.08333333333333333
31,61,0.30575489725653676,0.87890625,0.04,0.1111111111111111,0.030303030303030304,0.0625,0.51171875,0.49609375,0.14285714285714285,1.1731595918391663e-09,0.0
31,62,0.3263383578923564,0.87109375,0.04,0.16666666666666666,0.029411764705882353,0.0625,0.51953125,0.48828125,0.3333333333333333,8.203184760637235e-10,0.0
31,63,0.30955760392111253,0.890625,0.04,0.14285714285714285,0.029411764705882353,0.1111111111111111,0.5078125,0.4765625,0.1111111111111111,7.704873400869269e-10,0.0
31,64,0.31732321434658667,0.87109375,0.04,0.25,0.02857142857142857,0.1,0.44921875,0.52734375,0.125,1.014539267854046e-09,0.0
31,65,0.32871696428831126,0.87109375,0.16,0.2,0.02857142857142857,0.0625,0.515625,0.49609375,0.1,4.328308419226086e-11,0.0
31,66,0.3064649359737761,0.86328125,0.04,0.1,0.02631578947368421,0.07142857142857142,0.51171875,0.5234375,0.16666666666666666,3.2805632105945833e-09,0.0
31,67,0.3374850329133046,0.875,0.12,0.3333333333333333,0.02631578947368421,0.05263157894736842,0.49609375,0.50390625,0.1,3.094628329299436e-10,0.0
31,68,0.35945213815820215,0.859375,0.12,0.3333333333333333,0.02631578947368421,0.06666666666666667,0.5,0.55859375,0.2,5.1241209449202095e-12,0.16666666666666666
31,69,0.36345911424903726,0.8671875,0.04,0.2,0.024390243902439025,0.05263157894736842,0.4140625,0.4296875,1.0,0.0,0.0
32,33,0.40246290091546594,0.91796875,0.04,0.2,0.5,0.25,0.4609375,0.5,0.3333333333333333,0.3441559874799884,0.0
32,34,0.4559245579297728,0.93359375,0.16,0.25,0.5,0.5,0.53515625,0.50390625,0.5,0.18113846549621418,0.0
32,35,0.34693949708553656,0.91015625,0.08,0.2,0.25,0.1,0.5,0.5078125,0.07692307692307693,0.08293793219484054,0.0
32,36,0.37197140418952884,0.91796875,0.04,0.25,0.2,0.125,0.5078125,0.44140625,0.3333333333333333,0.26487062538103684,0.0
32,37,0.35689320832821697,0.94921875,0.0,0.25,0.2,0.16666666666666666,0.47265625,0.51953125,0.25,0.02269930547028329,0.0
32,38,0.3296327702801217,0.91796875,0.04,0.14285714285714285,0.14285714285714285,0.125,0.5234375,0.515625,0.1,0.005866111811552304,0.0
32,39,0.34931837270380506,0.90625,0.08,0.25,0.1111111111111111,0.07692307692307693,0.49609375,0.51171875,0.25,0.013099569992192105,0.0
32,40,0.35268129231653517,0.91796875,0.04,0.25,0.125,0.16666666666666666,0.4453125,0.515625,0.3333333333333333,0.0030041774978081808,0.0
32,41,0.3575648419005069,0.92578125,0.08,0.25,0.1,0.125,0.47265625,0.5078125,0.3333333333333333,0.0009591705640043995,0.0
32,42,0.3803644249953752,0.92578125,0.04,0.25,0.08333333333333333,0.25,0.52734375,0.53125,0.5,0.0008480554784765992,0.0
32,43,0.3265270385458307,0.921875,0.04,0.25,0.08333333333333333,0.06666666666666667,0.4765625,0.4375,0.16666666666666666,0.0008673090971790162,0.0
32,44,0.356568507924025,0.921875,0.12,0.25,0.08333333333333333,0.1111111111111111,0.5234375,0.5625,0.14285714285714285,0.00011005270200456949,0.0
32,45,0.33207980652442676,0.91015625,0.08,0.2,0.07142857142857142,0.07142857142857142,0.49609375,0.53515625,0.125,8.010874044607182e-05,0.0
32,46,0.37331204862056094,0.90625,0.08,0.3333333333333333,0.06666666666666667,0.07692307692307693,0.48828125,0.50390625,0.5,0.000899261197383455,0.0
32,47,0.3483480849350625,0.92578125,0.12,0.25,0.0625,0.1,0.4296875,0.5234375,0.25,2.016558437321273e-05,0.0
32,48,0.3644143489274171,0.93359375,0.12,0.3333333333333333,0.058823529411764705,0.1,0.5390625,0.52734375,0.14285714285714285,0.00018575243174081648,0.0
32,49,0.3230406971517357,0.90234375,0.08,0.1111111111111111,0.058823529411764705,0.07142857142857142,0.515625,0.4921875,0.2,2.369662448218301e-06,0.0
32,50,0.3235454198572645,0.90625,0.08,0.125,0.05,0.09090909090909091,0.50390625,0.54296875,0.125,4.156711982489991e-06,0.0
32,51,0.3508845893453827,0.9140625,0.12,0.125,0.05,0.07692307692307693,0.47265625,0.4921875,0.5,7.5788333005994455e-06,0.0
32,52,0.3364850883132935,0.90234375,0.16,0.16666666666666666,0.047619047619047616,0.07142857142857142,0.51171875,0.48828125,0.16666666666666666,4.4480787012457475e-06,0.0
32,53,0.3325153457170911,0.90625,0.04,0.25,0.047619047619047616,0.05263157894736842,0.4375,0.4765625,0.3333333333333333,1.7506764177915203e-07,0.0
32,54,0.34927398836260726,0.89453125,0.12,0.25,0.041666666666666664,0.0625,0.50390625,0.5390625,0.25,5.004878987712936e-07,0.0
32,55,0.3230407630873739,0.89453125,0.0,0.16666666666666666,0.043478260869565216,0.05,0.54296875,0.50390625,0.25,3.6963477552982774e-08,0.0
32,56,0.3131276497144069,0.88671875,0.04,0.2,0.038461538461538464,0.0625,0.48828125,0.5234375,0.07692307692307693,9.139395954097198e-08,0.0
32,57,0.3514992041038295,0.859375,0.16,0.25,0.04,0.058823529411764705,0.51171875,0.49609375,0.3333333333333333,1.1207615753329785e-08,0.0
32,58,0.40999464347881465,0.91015625,0.08,0.3333333333333333,0.03571428571428571,0.0625,0.4765625,0.51171875,1.0,1.0361196446268605e-08,0.0
32,59,0.3228590676730086,0.88671875,0.0,0.25,0.034482758620689655,0.041666666666666664,0.53515625,0.5234375,0.14285714285714285,9.246366170343805e-09,0.0
32,60,0.30517797627127596,0.87890625,0.12,0.125,0.03571428571428571,0.05555555555555555,0.47265625,0.47265625,0.0625,1.3466634211026284e-09,0.0
32,61,0.32624053135771064,0.8984375,0.08,0.14285714285714285,0.03225806451612903,0.043478260869565216,0.5703125,0.4921875,0.16666666666666666,1.1342660126263264e-09,0.0
32,62,0.32506494569976135,0.875,0.12,0.25,0.03125,0.043478260869565216,0.5,0.4765625,0.1,7.931225840039546e-10,0.0
32,63,0.33491250004469664,0.87890625,0.04,0.2,0.03125,0.0625,0.53515625,0.56640625,0.25,7.449434920012783e-10,0.0
32,64,0.32333490424780253,0.8828125,0.04,0.25,0.030303030303030304,0.058823529411764705,0.5,0.46875,0.2,9.80904403805449e-10,0.0
32,65,0.3196058547455939,0.8671875,0.0,0.2,0.030303030303030304,0.043478260869565216,0.48828125,0.4921875,0.3333333333333333,4.1848126770169134e-11,0.0
32,66,0.3161985616982448,0.875,0.12,0.125,0.027777777777777776,0.047619047619047616,0.5,0.50390625,0.14285714285714285,3.17180320387294e-09,0.0
32,67,0.3459122062145334,0.87890625,0.08,0.3333333333333333,0.027777777777777776,0.038461538461538464,0.5,0.453125,0.3333333333333333,2.99203259305249e-10,0.0
32,68,0.3432088699497922,0.87890625,0.16,0.3333333333333333,0.027777777777777776,0.045454545454545456,0.48046875,0.5,0.125,4.9542417526485175e-12,0.0
32,69,0.318725641025641,0.86328125,0.08,0.2,0.02564102564102564,0.038461538461538464,0.54296875,0.51953125,0.08333333333333333,0.0,0.0
33,34,0.5013997682478076,0.953125,0.12,0.5,1.0,0.3333333333333333,0.50390625,0.48828125,0.5,0.06233988746345939,0.0
33,35,0.35257343766806626,0.9375,0.04,0.2,0.3333333333333333,0.14285714285714285,0.5390625,0.453125,0.09090909090909091,0.028543585954063668,0.0
33,36,0.4609100336979472,0.9453125,0.12,0.5,0.25,0.2,0.4296875,0.44921875,1.0,0.0911568116324528,0.0
33,37,0.44453435111335415,0.9453125,0.12,0.5,0.25,0.3333333333333333,0.50390625,0.56640625,0.5,0.007812101889235248,0.0
33,38,0.38298571478352367,0.9140625,0.2,0.3333333333333333,0.16666666666666666,0.2,0.515625,0.53125,0.125,0.0020188575031728066,0.0
33,39,0.40668924772677356,0.90234375,0.08,0.5,0.125,0.1,0.52734375,0.53515625,0.5,0.004508295446226098,0.0
33,40,0.44297810576897084,0.9375,0.12,0.25,0.14285714285714285,0.3333333333333333,0.5234375,0.53125,1.0,0.0010339056733233351,0.0
33,41,0.4160149451464459,0.9140625,0.08,0.25,0.1111111111111111,0.2,0.48828125,0.5078125,1.0,0.0003301042926166715,0.0
33,42,0.4044277390749652,0.921875,0.08,0.25,0.09090909090909091,1.0,0.51953125,0.4765625,0.25,0.000291863370632928,0.0
33,43,0.3572937616498547,0.91015625,0.12,0.25,0.09090909090909091,0.08333333333333333,0.4921875,0.453125,0.25,0.00029848961879002154,0.16666666666666666
33,44,0.32757187479050726,0.91796875,0.0,0.16666666666666666,0.09090909090909091,0.16666666666666666,0.4921875,0.5,0.2,3.787529633322351e-05,0.0
33,45,0.35684650413588537,0.921875,0.08,0.3333333333333333,0.07692307692307693,0.09090909090909091,0.50390625,0.54296875,0.16666666666666666,2.756990267399593e-05,0.0
33,46,0.382776604881809,0.90234375,0.08,0.3333333333333333,0.07142857142857142,0.1,0.55859375,0.50390625,0.5,0.0003094861253879397,0.0
33,47,0.38229267831115804,0.9296875,0.08,0.25,0.06666666666666667,0.14285714285714285,0.5078125,0.5390625,0.5,6.9401066030740495e-06,0.08333333333333333
33,48,0.3340971392401229,0.890625,0.04,0.2,0.0625,0.14285714285714285,0.515625,0.52734375,0.2,6.392781157256984e-05,0.0
33,49,0.32699209438655663,0.890625,0.04,0.1111111111111111,0.0625,0.09090909090909091,0.53125,0.46875,0.3333333333333333,8.155335198608161e-07,0.0
33,50,0.3234001954825618,0.90234375,0.08,0.1,0.05263157894736842,0.125,0.51953125,0.50390625,0.16666666666666666,1.4305573170037428e-06,0.0
33,51,0.330420057813841,0.88671875,0.04,0.125,0.05263157894736842,0.1,0.53515625,0.5078125,0.25,2.6083008585140215e-06,0.08333333333333333
33,52,0.3221640123045205,0.890625,0.04,0.16666666666666666,0.05,0.09090909090909091,0.48046875,0.44140625,0.25,1.5308329178159347e-06,0.08333333333333333
33,53,0.43655312861503465,0.91796875,0.04,0.5,0.05,0.0625,0.53125,0.4921875,1.0,6.025057713229694e-08,0.08333333333333333
33,54,0.3622874058197042,0.90625,0.04,0.25,0.043478260869565216,0.07692307692307693,0.51953125,0.53125,0.5,1.7224590702341903e-07,0.0
33,55,0.3954501511643416,0.875,0.12,0.5,0.045454545454545456,0.058823529411764705,0.54296875,0.48828125,0.5,1.272120211794117e-08,0.0
33,56,0.33550686377533856,0.8984375,0.08,0.3333333333333333,0.04,0.07692307692307693,0.51171875,0.4609375,0.09090909090909091,3.1453778395529314e-08,0.0
33,57,0.3950940478504777,0.87890625,0.04,0.25,0.041666666666666664,0.07142857142857142,0.48828125,0.55078125,1.0,3.857168066883486e-09,0.0
33,58,0.33532938945896634,0.890625,0.04,0.2,0.037037037037037035,0.07692307692307693,0.5,0.51171875,0.3333333333333333,3.5658677944397183e-09,0.0
33,59,0.38083303590521733,0.875,0.16,0.5,0.03571428571428571,0.047619047619047616,0.48046875,0.515625,0.2,3.1821922799562305e-09,0.16666666666666666
33,60,0.3024178737050564,0.8984375,0.04,0.125,0.037037037037037035,0.06666666666666667,0.48828125,0.48828125,0.07142857142857142,4.634622794927545e-10,0.0
33,61,0.33698854169008857,0.86328125,0.16,0.2,0.03333333333333333,0.05,0.4765625,0.5234375,0.25,3.9036443964040237e-10,0.0
33,62,0.32779627017766777,0.87890625,0.08,0.25,0.03225806451612903,0.05,0.5234375,0.5,0.125,2.72957886090561e-10,0.0
33,63,0.4214991547920575,0.890625,0.24,0.3333333333333333,0.03225806451612903,0.07692307692307693,0.57421875,0.46484375,0.5,2.563767631064908e-10,0.4166666666666667
33,64,0.376268005972636,0.86328125,0.12,0.5,0.03125,0.07142857142857142,0.515625,0.4375,0.3333333333333333,3.3758412371513354e-10,0.08333333333333333
33,65,0.4173531250008642,0.87890625,0.16,0.3333333333333333,0.03125,0.05,0.44921875,0.5234375,1.0,1.4402283392775295e-11,0.08333333333333333
33,66,0.31075654768454336,0.87890625,0.08,0.1,0.02857142857142857,0.05555555555555555,0.484375,0.49609375,0.2,1.0915950637210825e-09,0.0
33,67,0.40049440994406654,0.8671875,0.04,0.3333333333333333,0.02857142857142857,0.043478260869565216,0.484375,0.5078125,1.0,1.0297259316342899e-10,0.08333333333333333
33,68,0.33794569235599203,0.8828125,0.08,0.3333333333333333,0.02857142857142857,0.05263157894736842,0.47265625,0.5234375,0.16666666666666666,1.705031962597339e-12,0.0
33,69,0.32914833381006864,0.875,0.08,0.3333333333333333,0.02631578947368421,0.043478260869565216,0.46484375,0.51953125,0.1,0.0,0.0
34,35,0.3725003458673808,0.921875,0.08,0.16666666666666666,0.3333333333333333,0.1111111111111111,0.51171875,0.46484375,0.08333333333333333,0.45787034778968005,0.0
34,36,0.5281226936498293,0.9375,0.12,1.0,0.25,0.14285714285714285,0.51171875,0.515625,0.5,0.6838752513066805,0.0
34,37,0.395848046350703,0.9296875,0.04,0.3333333333333333,0.25,0.2,0.4921875,0.4765625,0.3333333333333333,0.12531466140060524,0.16666666666666666
34,38,0.3549523567827105,0.921875,0.08,0.25,0.16666666666666666,0.14285714285714285,0.51953125,0.52734375,0.1111111111111111,0.03238468315099482,0.0
34,39,0.3711651211514046,0.90234375,0.12,0.3333333333333333,0.125,0.08333333333333333,0.4921875,0.46875,0.3333333333333333,0.07231799141229828,0.0
34,40,0.4071080451193697,0.921875,0.08,0.3333333333333333,0.14285714285714285,0.2,0.54296875,0.50390625,0.5,0.016584978179971215,0.16666666666666666
34,41,0.3650874065012452,0.90625,0.08,0.2,0.1111111111111111,0.14285714285714285,0.5078125,0.48046875,0.5,0.0052952340154634155,0.0
34,42,0.3554859274066773,0.921875,0.0,0.2,0.09090909090909091,0.3333333333333333,0.5078125,0.50390625,0.3333333333333333,0.004681807788055507,0.0
34,43,0.3274707275619317,0.90234375,0.0,0.2,0.09090909090909091,0.07142857142857142,0.54296875,0.48046875,0.2,0.0047881000581687224,0.0
34,44,0.34664876427757746,0.92578125,0.04,0.2,0.09090909090909091,0.125,0.49609375,0.52734375,0.16666666666666666,0.0006075611919483198,0.16666666666666666
34,45,0.37136808728196335,0.921875,0.12,0.5,0.07692307692307693,0.07692307692307693,0.4765625,0.4921875,0.14285714285714285,0.0004422514026858978,0.0
34,46,0.39215903047759193,0.91015625,0.04,0.25,0.07142857142857142,0.08333333333333333,0.4375,0.4921875,1.0,0.004964496055103491,0.0
34,47,0.37287022128084507,0.9140625,0.16,0.3333333333333333,0.06666666666666667,0.1111111111111111,0.51953125,0.44921875,0.3333333333333333,0.00011132690297431163,0.0
34,48,0.34066152832240193,0.890625,0.04,0.25,0.0625,0.1111111111111111,0.53515625,0.5546875,0.16666666666666666,0.0010254720400328153,0.0
34,49,0.3474317945383799,0.8984375,0.12,0.125,0.0625,0.07692307692307693,0.51953125,0.51953125,0.25,1.3082049920908859e-05,0.16666666666666666
34,50,0.31768318293996517,0.90234375,0.04,0.1111111111111111,0.05263157894736842,0.1,0.5390625,0.5,0.14285714285714285,2.294770451490253e-05,0.0
34,51,0.3224942867157578,0.89453125,0.0,0.1111111111111111,0.05263157894736842,0.08333333333333333,0.515625,0.50390625,0.3333333333333333,4.183999947133175e-05,0.0
34,52,0.3112909651323335,0.90625,0.0,0.14285714285714285,0.05,0.07692307692307693,0.4765625,0.4921875,0.2,2.4556234861880917e-05,0.0
34,53,0.3715021413224438,0.91796875,0.08,0.3333333333333333,0.05,0.05555555555555555,0.46484375,0.51953125,0.5,9.66485176406725e-07,0.0
34,54,0.37990446831699987,0.90625,0.16,0.3333333333333333,0.043478260869565216,0.06666666666666667,0.5234375,0.57421875,0.3333333333333333,2.763012800181604e-06,0.0
34,55,0.3723171872835924,0.8828125,0.08,0.3333333333333333,0.045454545454545456,0.05263157894736842,0.5859375,0.484375,0.3333333333333333,2.0406200003806102e-07,0.16666666666666666
34,56,0.3206135719398478,0.890625,0.08,0.25,0.04,0.06666666666666667,0.4765625,0.48046875,0.08333333333333333,5.04553018546368e-07,0.0
34,57,0.37646146204572506,0.87109375,0.12,0.3333333333333333,0.041666666666666664,0.0625,0.484375,0.4765625,0.5,6.187319585946269e-08,0.16666666666666666
34,58,0.35068796639498817,0.8828125,0.04,0.25,0.037037037037037035,0.06666666666666667,0.51953125,0.46875,0.5,5.720042078243815e-08,0.0
34,59,0.3308835499054008,0.875,0.04,0.3333333333333333,0.03571428571428571,0.043478260869565216,0.5078125,0.48046875,0.16666666666666666,5.1045845756803404e-08,0.0
34,60,0.30766856564992584,0.890625,0.08,0.14285714285714285,0.037037037037037035,0.058823529411764705,0.5,0.421875,0.06666666666666667,7.434442029822616e-09,0.08333333333333333
34,61,0.3107189397696517,0.85546875,0.08,0.16666666666666666,0.03333333333333333,0.045454545454545456,0.44140625,0.51171875,0.2,6.261872703399008e-09,0.0
34,62,0.3181218070401645,0.88671875,0.12,0.2,0.03225806451612903,0.045454545454545456,0.48828125,0.44921875,0.1111111111111111,4.378543131803946e-09,0.0
34,63,0.33072231207471087,0.8671875,0.04,0.25,0.03225806451612903,0.06666666666666667,0.484375,0.4765625,0.3333333333333333,4.1125637779947285e-09,0.0
34,64,0.3449500003249131,0.89453125,0.08,0.3333333333333333,0.03125,0.0625,0.51953125,0.44140625,0.25,5.415218689847795e-09,0.0
34,65,0.3491085227411344,0.87109375,0.04,0.25,0.03125,0.045454545454545456,0.4765625,0.54296875,0.5,2.310283829308677e-10,0.0
34,66,0.31041800700300365,0.88671875,0.08,0.1111111111111111,0.02857142857142857,0.05,0.48046875,0.5,0.16666666666666666,1.7510379119001817e-08,0.0
34,67,0.3944825893848219,0.859375,0.2,0.5,0.02857142857142857,0.04,0.51171875,0.45703125,0.5,1.6517930550289573e-09,0.0
34,68,0.38103080357306957,0.875,0.24,0.5,0.02857142857142857,0.047619047619047616,0.4609375,0.48046875,0.14285714285714285,2.7350578128597772e-11,0.16666666666666666
34,69,0.316440490430622,0.8828125,0.04,0.25,0.02631578947368421,0.04,0.5078125,0.4921875,0.09090909090909091,0.0,0.0
35,36,0.3898384242223599,0.9296875,0.08,0.16666666666666666,0.5,0.3333333333333333,0.4765625,0.48046875,0.09090909090909091,0.3131261991605446,0.0
35,37,0.371655791499961,0.9140625,0.0,0.25,0.5,0.2,0.46484375,0.44921875,0.1,0.2736902749993493,0.0
35,38,0.3774303433848735,0.9296875,0.08,0.14285714285714285,0.25,0.3333333333333333,0.4921875,0.484375,0.25,0.07072893736693893,0.16666666666666666
35,39,0.3635974886915245,0.91796875,0.04,0.25,0.16666666666666666,0.25,0.50390625,0.46484375,0.1,0.15794425596985176,0.16666666666666666
35,40,0.33742104706860837,0.90625,0.04,0.16666666666666666,0.2,0.2,0.5234375,0.484375,0.09090909090909091,0.03622199659801823,0.0
35,41,0.38653269391085204,0.9296875,0.08,0.5,0.14285714285714285,0.3333333333333333,0.47265625,0.46875,0.09090909090909091,0.011564920159223216,0.08333333333333333
35,42,0.35152561411419425,0.921875,0.12,0.25,0.1111111111111111,0.14285714285714285,0.48046875,0.5234375,0.07142857142857142,0.010225182326517607,0.08333333333333333
35,43,0.3565507035230058,0.91015625,0.12,0.25,0.1111111111111111,0.16666666666666666,0.546875,0.5078125,0.125,0.010457327235281257,0.0
35,44,0.35698770102459854,0.91015625,0.08,0.16666666666666666,0.1111111111111111,0.5,0.5,0.515625,0.14285714285714285,0.0013269284523037062,0.0
35,45,0.32441624601950897,0.9140625,0.0,0.14285714285714285,0.09090909090909091,0.2,0.50390625,0.49609375,0.16666666666666666,0.0009658878431870921,0.0
35,46,0.36729638815686394,0.91015625,0.2,0.3333333333333333,0.08333333333333333,0.25,0.48046875,0.48828125,0.08333333333333333,0.010842580392176655,0.0
35,47,0.3741434345940251,0.90625,0.04,0.16666666666666666,0.07692307692307693,1.0,0.484375,0.53125,0.1,0.00024314066964967334,0.0
35,48,0.3914866114987141,0.890625,0.04,0.2,0.07142857142857142,1.0,0.5546875,0.52734375,0.14285714285714285,0.00223965593094895,0.08333333333333333
35,49,0.30845147980321935,0.890625,0.0,0.09090909090909091,0.07142857142857142,0.2,0.53125,0.46875,0.1111111111111111,2.8571515897592083e-05,0.0
35,50,0.34033597278703465,0.90234375,0.08,0.125,0.058823529411764705,0.5,0.45703125,0.48828125,0.16666666666666666,5.0118346002706037e-05,0.0
35,51,0.33605377584194773,0.89453125,0.12,0.25,0.058823529411764705,0.25,0.47265625,0.4609375,0.07142857142857142,9.137957868053666e-05,0.0
35,52,0.3512695373293737,0.9140625,0.16,0.25,0.05555555555555555,0.2,0.47265625,0.51171875,0.125,5.363141548786355e-05,0.0
35,53,0.3300891733668027,0.90234375,0.08,0.25,0.05555555555555555,0.1,0.515625,0.46875,0.09090909090909091,2.110827183005688e-06,0.0
35,54,0.32098131445019057,0.8828125,0.04,0.16666666666666666,0.047619047619047616,0.14285714285714285,0.55078125,0.5,0.1,6.034487303053697e-06,0.0
35,55,0.31875769719512836,0.8828125,0.04,0.16666666666666666,0.05,0.09090909090909091,0.56640625,0.48828125,0.1,4.4567638202200344e-07,0.0
35,56,0.3930310055583593,0.875,0.08,0.2,0.043478260869565216,0.14285714285714285,0.47265625,0.515625,1.0,1.1019560908061496e-06,0.0
35,57,0.30356534901704496,0.87890625,0.0,0.16666666666666666,0.045454545454545456,0.125,0.46484375,0.51171875,0.09090909090909091,1.3513256789427162e-07,0.0
35,58,0.3266659072209015,0.8984375,0.04,0.2,0.04,0.14285714285714285,0.578125,0.48046875,0.07692307692307693,1.2492711322881476e-07,0.0
35,59,0.32535550119461676,0.8828125,0.04,0.25,0.038461538461538464,0.06666666666666667,0.51953125,0.5,0.14285714285714285,1.11485371357245e-07,0.0
35,60,0.32273229264088676,0.9296875,0.04,0.125,0.04,0.1111111111111111,0.48046875,0.47265625,0.25,1.6237002605020367e-08,0.0
35,61,0.32007723296342205,0.87109375,0.08,0.2,0.03571428571428571,0.07142857142857142,0.5078125,0.5,0.125,1.3676082615149738e-08,0.0
35,62,0.3377224605491401,0.89453125,0.04,0.25,0.034482758620689655,0.07142857142857142,0.5078125,0.53125,0.25,9.562844925295758e-09,0.0
35,63,0.3409206748000001,0.8828125,0.08,0.3333333333333333,0.034482758620689655,0.14285714285714285,0.53515625,0.47265625,0.1,8.981939533424012e-09,0.0
35,64,0.32176493126517375,0.87890625,0.04,0.25,0.03333333333333333,0.125,0.484375,0.5078125,0.1111111111111111,1.1826969612662584e-08,0.0
35,65,0.3215594832553825,0.88671875,0.04,0.2,0.03333333333333333,0.07142857142857142,0.57421875,0.4921875,0.09090909090909091,5.045716195559123e-10,0.0
35,66,0.31692781614739957,0.87890625,0.08,0.125,0.030303030303030304,0.08333333333333333,0.46875,0.57421875,0.14285714285714285,3.824309480518075e-08,0.0
35,67,0.30842638167812897,0.8515625,0.08,0.2,0.030303030303030304,0.058823529411764705,0.4921875,0.4765625,0.09090909090909091,3.6075562940531334e-09,0.0
35,68,0.32247296037654444,0.8515625,0.04,0.2,0.030303030303030304,0.07692307692307693,0.55078125,0.53125,0.16666666666666666,5.973432929349924e-11,0.0
35,69,0.3551172589869281,0.890625,0.04,0.2,0.027777777777777776,0.058823529411764705,0.54296875,0.54296875,0.5,0.0,0.0
36,37,0.46496072573346503,0.9453125,0.04,0.3333333333333333,1.0,0.3333333333333333,0.45703125,0.4921875,0.5,0.08569959555775046,0.0
36,38,0.41708611666636913,0.9296875,0.08,0.25,0.3333333333333333,1.0,0.5078125,0.49609375,0.125,0.022147083328373802,0.0
36,39,0.39386426407306474,0.91015625,0.04,0.3333333333333333,0.2,0.16666666666666666,0.55859375,0.484375,0.5,0.04945648455107984,0.0
36,40,0.45180239836724456,0.9375,0.08,0.3333333333333333,0.25,0.3333333333333333,0.5,0.51171875,1.0,0.011342056120743627,0.0
36,41,0.44919123510291653,0.921875,0.0,0.2,0.16666666666666666,1.0,0.48046875,0.48046875,1.0,0.003621279493052726,0.0
36,42,0.3348639813486576,0.9375,0.0,0.2,0.125,0.2,0.46484375,0.44140625,0.25,0.003201772477626033,0.0
36,43,0.3374527177878337,0.93359375,0.04,0.2,0.125,0.125,0.4765625,0.44921875,0.25,0.003274463130561666,0.0
36,44,0.36778742976376966,0.93359375,0.08,0.2,0.125,0.5,0.5234375,0.45703125,0.2,0.0004154960628278435,0.0
36,45,0.38062915859211105,0.9140625,0.12,0.5,0.1,0.14285714285714285,0.52734375,0.4609375,0.16666666666666666,0.0003024447891525503,0.0
36,46,0.3664358080319649,0.89453125,0.04,0.25,0.09090909090909091,0.16666666666666666,0.50390625,0.46875,0.5,0.0033950959872949232,0.08333333333333333
36,47,0.3859181096894916,0.8828125,0.08,0.3333333333333333,0.08333333333333333,0.3333333333333333,0.515625,0.47265625,0.5,7.61337137487518e-05,0.0
36,48,0.3542021738507913,0.90625,0.04,0.25,0.07692307692307693,0.3333333333333333,0.546875,0.4765625,0.2,0.0007012949490854159,0.0
36,49,0.35389560318135205,0.90625,0.12,0.125,0.07692307692307693,0.14285714285714285,0.546875,0.51953125,0.3333333333333333,8.946490177268084e-06,0.0
36,50,0.3129707332686981,0.91796875,0.04,0.1111111111111111,0.0625,0.25,0.45703125,0.40625,0.16666666666666666,1.5693367192040415e-05,0.0
36,51,0.32018505013374254,0.86328125,0.04,0.1111111111111111,0.0625,0.16666666666666666,0.50390625,0.50390625,0.25,2.8613340153128377e-05,0.0
36,52,0.33320867567130413,0.9140625,0.04,0.14285714285714285,0.058823529411764705,0.14285714285714285,0.49609375,0.53125,0.25,1.6793401287314677e-05,0.0
36,53,0.4222871720102588,0.91796875,0.12,0.3333333333333333,0.058823529411764705,0.08333333333333333,0.5078125,0.49609375,1.0,6.609552928993305e-07,0.0
36,54,0.37551365504003104,0.890625,0.12,0.3333333333333333,0.05,0.1111111111111111,0.50390625,0.47265625,0.5,1.8895560730877694e-06,0.0
36,55,0.38106966930435116,0.8671875,0.16,0.3333333333333333,0.05263157894736842,0.07692307692307693,0.51171875,0.5234375,0.5,1.395529515581728e-07,0.0
36,56,0.31885390327883695,0.890625,0.08,0.25,0.045454545454545456,0.1111111111111111,0.45703125,0.44921875,0.09090909090909091,3.450513223559416e-07,0.0
36,57,0.4145001513483367,0.89453125,0.12,0.3333333333333333,0.047619047619047616,0.1,0.48046875,0.4921875,1.0,4.231354736753751e-08,0.0
36,58,0.34739791901374384,0.890625,0.08,0.25,0.041666666666666664,0.1111111111111111,0.5,0.4921875,0.3333333333333333,3.911795213743776e-08,0.0
36,59,0.3488762888592453,0.8828125,0.04,0.3333333333333333,0.04,0.058823529411764705,0.53515625,0.57421875,0.2,3.4908990595095976e-08,0.0
36,60,0.3203450219500755,0.8984375,0.08,0.14285714285714285,0.041666666666666664,0.09090909090909091,0.53515625,0.515625,0.07142857142857142,5.0842309114698884e-09,0.0
36,61,0.3155942132199034,0.87109375,0.04,0.16666666666666666,0.037037037037037035,0.0625,0.4609375,0.51171875,0.25,4.2823397686874384e-09,0.0
36,62,0.3068571430368055,0.88671875,0.0,0.2,0.03571428571428571,0.0625,0.453125,0.47265625,0.125,2.994377284619563e-09,0.08333333333333333
36,63,0.36429255969255836,0.8671875,0.12,0.25,0.03571428571428571,0.1111111111111111,0.49609375,0.5234375,0.5,2.8124805871908964e-09,0.0
36,64,0.35446278757852184,0.90234375,0.04,0.3333333333333333,0.034482758620689655,0.1,0.4921875,0.51953125,0.3333333333333333,3.7033340424002933e-09,0.0
36,65,0.39413987069913486,0.87109375,0.04,0.25,0.034482758620689655,0.0625,0.52734375,0.51953125,1.0,1.5799459343582316e-10,0.0
36,66,0.3083346733375425,0.86328125,0.08,0.1111111111111111,0.03125,0.07142857142857142,0.4375,0.53125,0.2,1.1974914920482617e-08,0.0
36,67,0.4153735198046194,0.8515625,0.08,0.5,0.03125,0.05263157894736842,0.515625,0.43359375,1.0,1.1296203906145577e-09,0.0
36,68,0.36780520833445557,0.8671875,0.12,0.5,0.03125,0.06666666666666667,0.51953125,0.52734375,0.16666666666666666,1.87043834910778e-11,0.0
36,69,0.31104985902255644,0.859375,0.08,0.25,0.02857142857142857,0.05263157894736842,0.45703125,0.46875,0.1,0.0,0.0
37,38,0.39485397885753154,0.9296875,0.12,0.25,0.3333333333333333,0.3333333333333333,0.47265625,0.50390625,0.14285714285714285,0.25842692937155726,0.0
37,39,0.5359660984780533,0.91796875,0.08,1.0,0.2,0.125,0.421875,0.5078125,1.0,0.5770912246342231,0.0
37,40,0.47682517521983336,0.9140625,0.16,0.3333333333333333,0.25,1.0,0.51953125,0.49609375,0.5,0.1323466703305565,0.16666666666666666
37,41,0.4089967884964348,0.9375,0.12,0.3333333333333333,0.16666666666666666,0.3333333333333333,0.515625,0.45703125,0.5,0.042255502718358234,0.0
37,42,0.3662384999155821,0.90625,0.08,0.3333333333333333,0.125,0.3333333333333333,0.4765625,0.46484375,0.2,0.03736041525970157,0.0
37,43,0.3593341837614679,0.91796875,0.0,0.3333333333333333,0.125,0.1,0.53515625,0.44921875,0.3333333333333333,0.03820861824668823,0.0
37,44,0.3592908970994253,0.93359375,0.0,0.2,0.125,0.25,0.51953125,0.49609375,0.25,0.004848284990421604,0.16666666666666666
37,45,0.34004716430947707,0.90625,0.08,0.25,0.1,0.1111111111111111,0.4375,0.5234375,0.2,0.003529127380172308,0.0
37,46,0.3799882435086662,0.90234375,0.0,0.5,0.09090909090909091,0.125,0.53125,0.5,0.3333333333333333,0.03961624282120523,0.0
37,47,0.4309355944015885,0.9140625,0.08,0.3333333333333333,0.08333333333333333,0.2,0.51171875,0.55078125,1.0,0.0008883789153642796,0.0
37,48,0.3500260867667105,0.90625,0.04,0.25,0.07692307692307693,0.2,0.53515625,0.484375,0.25,0.008183176881072136,0.0
37,49,0.34694240143712785,0.890625,0.04,0.125,0.07692307692307693,0.1111111111111111,0.47265625,0.46484375,0.5,0.00010439361025034599,0.16666666666666666
37,50,0.3270536955734176,0.90234375,0.04,0.1111111111111111,0.0625,0.16666666666666666,0.5390625,0.5,0.2,0.0001831206680720577,0.0
37,51,0.31925663991428405,0.89453125,0.0,0.14285714285714285,0.0625,0.125,0.4921875,0.53515625,0.2,0.00033387952378196087,0.0
37,52,0.3339259730822188,0.90625,0.0,0.2,0.058823529411764705,0.1111111111111111,0.515625,0.46875,0.3333333333333333,0.00019595659907167349,0.0
37,53,0.45066080938666864,0.90234375,0.08,1.0,0.058823529411764705,0.07142857142857142,0.48046875,0.50390625,0.5,7.712466886193552e-06,0.0
37,54,0.41198399337052477,0.9140625,0.08,0.3333333333333333,0.05,0.09090909090909091,0.4765625,0.49609375,1.0,2.2048599655461062e-05,0.0
37,55,0.4140981240196006,0.8671875,0.08,0.3333333333333333,0.05263157894736842,0.06666666666666667,0.5078125,0.4765625,1.0,1.6283968512328875e-06,0.16666666666666666
37,56,0.3691255256682375,0.921875,0.12,0.5,0.045454545454545456,0.09090909090909091,0.484375,0.51171875,0.1,4.0262888069690075e-06,0.0
37,57,0.3828751784340842,0.88671875,0.12,0.3333333333333333,0.047619047619047616,0.08333333333333333,0.4609375,0.5234375,0.5,4.937426727880371e-07,0.16666666666666666
37,58,0.3326441561751391,0.90625,0.08,0.25,0.041666666666666664,0.09090909090909091,0.46484375,0.4375,0.25,4.5645433776962583e-07,0.0
37,59,0.4281047941773242,0.8828125,0.08,1.0,0.04,0.05263157894736842,0.484375,0.53515625,0.25,4.0734136920835087e-07,0.0
37,60,0.29852965099546913,0.890625,0.0,0.1111111111111111,0.041666666666666664,0.07692307692307693,0.484375,0.4765625,0.07692307692307693,5.932619492986724e-08,0.08333333333333333
37,61,0.32171296596111465,0.87890625,0.0,0.16666666666666666,0.037037037037037035,0.05555555555555555,0.48828125,0.51953125,0.3333333333333333,4.996919461307953e-08,0.0
37,62,0.32728154971547097,0.88671875,0.04,0.3333333333333333,0.03571428571428571,0.05555555555555555,0.49609375,0.44921875,0.14285714285714285,3.4940389918196747e-08,0.0
37,63,0.39018669028076225,0.875,0.0,0.25,0.03571428571428571,0.09090909090909091,0.484375,0.5625,1.0,3.2817898017915935e-08,0.0
37,64,0.45591487328243335,0.87109375,0.2,1.0,0.034482758620689655,0.08333333333333333,0.48046875,0.45703125,0.5,4.3212969889743814e-08,0.0
37,65,0.37091070413360366,0.87890625,0.04,0.5,0.034482758620689655,0.05555555555555555,0.421875,0.50390625,0.5,1.8435862200697923e-09,0.0
37,66,0.31338646671721065,0.86328125,0.04,0.1111111111111111,0.03125,0.0625,0.54296875,0.4765625,0.25,1.3973128860816e-07,0.0
37,67,0.37913526864801267,0.8671875,0.08,0.5,0.03125,0.047619047619047616,0.48046875,0.48828125,0.5,1.3181163612999075e-08,0.0
37,68,0.3527075367778012,0.8828125,0.04,0.5,0.03125,0.058823529411764705,0.453125,0.41796875,0.2,2.1825521310043358e-10,0.16666666666666666
37,69,0.379844246031746,0.875,0.2,0.5,0.02857142857142857,0.047619047619047616,0.546875,0.546875,0.1111111111111111,0.0,0.0
38,39,0.4007200577431674,0.91015625,0.04,0.25,0.3333333333333333,0.16666666666666666,0.50390625,0.55859375,0.14285714285714285,0.447809494132155,0.16666666666666666
38,40,0.4059899487188461,0.921875,0.08,0.16666666666666666,0.5,0.3333333333333333,0.484375,0.5,0.125,0.5121241453141018,0.0
38,41,0.4134856268153513,0.90625,0.12,0.16666666666666666,0.25,1.0,0.49609375,0.4921875,0.125,0.1635104469225215,0.08333333333333333
38,42,0.34531767564907595,0.9140625,0.04,0.16666666666666666,0.16666666666666666,0.2,0.50390625,0.484375,0.09090909090909091,0.14456858405025608,0.08333333333333333
38,43,0.3569575040110273,0.90234375,0.12,0.16666666666666666,0.16666666666666666,0.125,0.5234375,0.4921875,0.2,0.14785076129490052,0.0
38,44,0.3585746037919266,0.92578125,0.04,0.125,0.16666666666666666,0.5,0.5,0.46875,0.25,0.018760757643221104,0.0
38,45,0.36196059166863953,0.90625,0.08,0.2,0.125,0.14285714285714285,0.52734375,0.54296875,0.3333333333333333,0.013656190509071334,0.0
38,46,0.3332943872077243,0.88671875,0.04,0.2,0.1111111111111111,0.16666666666666666,0.51171875,0.45703125,0.1111111111111111,0.15329765716577612,0.0
38,47,0.35395982986708435,0.9140625,0.08,0.16666666666666666,0.1,0.3333333333333333,0.5390625,0.5390625,0.14285714285714285,0.003437640641881401,0.0
38,48,0.3546320227417678,0.9140625,0.04,0.2,0.09090909090909091,0.3333333333333333,0.4921875,0.47265625,0.25,0.03166534115067647,0.08333333333333333
38,49,0.31724831756303135,0.8828125,0.08,0.09090909090909091,0.09090909090909091,0.14285714285714285,0.5078125,0.4609375,0.16666666666666666,0.00040395794085473373,0.0
38,50,0.34036721822909194,0.92578125,0.04,0.08333333333333333,0.07142857142857142,0.25,0.49609375,0.51171875,0.3333333333333333,0.0007085974689919918,0.0
38,51,0.31603015611360924,0.89453125,0.08,0.1,0.07142857142857142,0.16666666666666666,0.49609375,0.4921875,0.09090909090909091,0.0012919687766050128,0.0
38,52,0.3368533829216549,0.9140625,0.08,0.125,0.06666666666666667,0.14285714285714285,0.53515625,0.51953125,0.2,0.0007582669482170486,0.0
38,53,0.3303632489672053,0.88671875,0.08,0.25,0.06666666666666667,0.08333333333333333,0.5,0.4921875,0.125,2.984389786679249e-05,0.0
38,54,0.324863551650073,0.8984375,0.04,0.16666666666666666,0.05555555555555555,0.1111111111111111,0.57421875,0.4609375,0.14285714285714285,8.53185065081215e-05,0.0
38,55,0.3716908414682202,0.890625,0.12,0.5,0.058823529411764705,0.07692307692307693,0.53515625,0.49609375,0.14285714285714285,6.301188715869603e-06,0.0
38,56,0.3428738514660276,0.8984375,0.12,0.2,0.05,0.1111111111111111,0.54296875,0.4453125,0.25,1.557998934847904e-05,0.0
38,57,0.31440439094997424,0.87890625,0.04,0.16666666666666666,0.05263157894736842,0.1,0.48046875,0.52734375,0.125,1.910569745918975e-06,0.0
38,58,0.3231125112798352,0.890625,0.08,0.2,0.045454545454545456,0.1111111111111111,0.484375,0.51171875,0.1,1.7662800811031254e-06,0.0
38,59,0.35550151720832424,0.8828125,0.16,0.25,0.043478260869565216,0.058823529411764705,0.52734375,0.5390625,0.25,1.5762342190843801e-06,0.0
38,60,0.3088226192934773,0.8984375,0.04,0.1,0.045454545454545456,0.09090909090909091,0.48828125,0.50390625,0.14285714285714285,2.2956661317818816e-07,0.0
38,61,0.3268147437444023,0.87890625,0.12,0.14285714285714285,0.04,0.0625,0.5078125,0.5078125,0.2,1.933590850403812e-07,0.0
38,62,0.3785738061891713,0.87109375,0.08,0.16666666666666666,0.038461538461538464,0.0625,0.5,0.4375,1.0,1.3520413682569694e-07,0.0
38,63,0.3205127937916221,0.8828125,0.08,0.2,0.038461538461538464,0.1111111111111111,0.45703125,0.50390625,0.14285714285714285,1.2699101482079486e-07,0.0
38,64,0.34683068132922207,0.90234375,0.12,0.25,0.037037037037037035,0.1,0.4921875,0.5625,0.16666666666666666,1.6721542911502734e-07,0.0
38,65,0.3570035883909956,0.87109375,0.16,0.3333333333333333,0.037037037037037035,0.0625,0.56640625,0.53125,0.125,7.1338781316367695e-09,0.0
38,66,0.29570241339434566,0.85546875,0.0,0.08333333333333333,0.03333333333333333,0.07142857142857142,0.453125,0.50390625,0.25,5.406994114272789e-07,0.0
38,67,0.31227456446383156,0.8671875,0.08,0.2,0.03333333333333333,0.05263157894736842,0.453125,0.5078125,0.125,5.1005379528569395e-08,0.0
38,68,0.3224645833840065,0.859375,0.04,0.2,0.03333333333333333,0.06666666666666667,0.45703125,0.5,0.3333333333333333,8.445529017861517e-10,0.0
38,69,0.35459567882775117,0.8671875,0.12,0.3333333333333333,0.030303030303030304,0.05263157894736842,0.47265625,0.52734375,0.3333333333333333,0.0,0.0
39,40,0.42592254326675816,0.90234375,0.04,0.3333333333333333,0.5,0.125,0.51953125,0.54296875,0.5,0.22933405444597013,0.0
39,41,0.4113995418313018,0.90234375,0.04,0.3333333333333333,0.5,0.16666666666666666,0.453125,0.49609375,0.5,0.07322153052169694,0.08333333333333333
39,42,0.36947810106945683,0.91015625,0.0,0.3333333333333333,0.25,0.1,0.484375,0.56640625,0.2,0.06473918449094711,0.08333333333333333
39,43,0.38959858014401805,0.9140625,0.04,0.3333333333333333,0.25,0.3333333333333333,0.48046875,0.51171875,0.3333333333333333,0.06620897462252341,0.0
39,44,0.34905719972338484,0.9140625,0.04,0.2,0.25,0.2,0.47265625,0.45703125,0.25,0.008401245389746804,0.0
39,45,0.3705346306391517,0.89453125,0.04,0.25,0.16666666666666666,0.5,0.4765625,0.5703125,0.2,0.00611537176363957,0.0
39,46,0.43687662687366113,0.90625,0.04,0.5,0.14285714285714285,1.0,0.4921875,0.46875,0.3333333333333333,0.06864814630705074,0.0
39,47,0.440954864487011,0.91796875,0.12,0.3333333333333333,0.125,0.25,0.49609375,0.54296875,1.0,0.0015394081168490469,0.0
39,48,0.34776156631302124,0.88671875,0.04,0.25,0.1111111111111111,0.25,0.47265625,0.4609375,0.25,0.014180040402206542,0.08333333333333333
39,49,0.3764809926609575,0.88671875,0.12,0.125,0.1111111111111111,0.5,0.50390625,0.45703125,0.5,0.00018089620114482532,0.0
39,50,0.32992528900044793,0.90625,0.0,0.1111111111111111,0.08333333333333333,0.3333333333333333,0.5,0.5078125,0.2,0.0003173166741326292,0.0
39,51,0.373672362162581,0.875,0.0,0.14285714285714285,0.08333333333333333,1.0,0.5234375,0.53515625,0.2,0.0005785558842860299,0.0
39,52,0.3694190113688227,0.89453125,0.0,0.2,0.07692307692307693,0.5,0.53125,0.578125,0.3333333333333333,0.0003395591384982095,0.0
39,53,0.4642354515881231,0.8828125,0.16,1.0,0.07692307692307693,0.14285714285714285,0.48828125,0.49609375,0.5,1.3364380806660044e-05,0.0
39,54,0.4183897923862344,0.87109375,0.08,0.3333333333333333,0.0625,0.25,0.5,0.50390625,1.0,3.820643723951286e-05,0.0
39,55,0.42283662763726126,0.91015625,0.12,0.3333333333333333,0.06666666666666667,0.125,0.5078125,0.484375,1.0,2.82173213128481e-06,0.0
39,56,0.37971361305647344,0.90234375,0.12,0.5,0.05555555555555555,0.25,0.515625,0.51171875,0.1,6.976867148726762e-06,0.0
39,57,0.3791559336872174,0.890625,0.08,0.3333333333333333,0.058823529411764705,0.2,0.5078125,0.5,0.5,8.555712714241762e-07,0.0
39,58,0.3538719224574194,0.87109375,0.08,0.25,0.05,0.25,0.51171875,0.5546875,0.25,7.909569896144923e-07,0.0
39,59,0.42894081616068275,0.88671875,0.04,1.0,0.047619047619047616,0.08333333333333333,0.4921875,0.55859375,0.25,7.058526482819686e-07,0.0
39,60,0.30840906065530604,0.90234375,0.0,0.1111111111111111,0.05,0.16666666666666666,0.5078125,0.515625,0.07692307692307693,1.0280210891695654e-07,0.0
39,61,0.3359401031860594,0.8671875,0.08,0.16666666666666666,0.043478260869565216,0.09090909090909091,0.49609375,0.53515625,0.3333333333333333,8.658803405778944e-08,0.0
39,62,0.348213328849192,0.8828125,0.08,0.3333333333333333,0.041666666666666664,0.09090909090909091,0.54296875,0.52734375,0.14285714285714285,6.054569611649001e-08,0.0
39,63,0.4135177117454002,0.89453125,0.08,0.25,0.041666666666666664,0.25,0.53125,0.4921875,1.0,5.686778210622914e-08,0.0
39,64,0.45022812949283936,0.859375,0.08,1.0,0.04,0.2,0.49609375,0.49609375,0.5,7.488065672309161e-08,0.0
39,65,0.3902451706462226,0.8671875,0.08,0.5,0.04,0.09090909090909091,0.5,0.54296875,0.5,3.1946183573287046e-09,0.0
39,66,0.3270509073849627,0.8828125,0.04,0.1111111111111111,0.03571428571428571,0.1111111111111111,0.53515625,0.5546875,0.25,2.421303299088037e-07,0.0
39,67,0.3792553585132987,0.83984375,0.12,0.5,0.03571428571428571,0.07142857142857142,0.48046875,0.46484375,0.5,2.2840693204707234e-08,0.0
39,68,0.3637133928798348,0.87109375,0.08,0.5,0.03571428571428571,0.1,0.484375,0.52734375,0.2,3.781988077167002e-10,0.0
39,69,0.3454958733358935,0.86328125,0.04,0.5,0.03225806451612903,0.07142857142857142,0.515625,0.46875,0.1111111111111111,0.0,0.0
40,41,0.45214215220651144,0.9140625,0.04,0.2,0.3333333333333333,0.3333333333333333,0.51171875,0.5078125,1.0,0.31927892566407984,0.0
40,42,0.39266877407962575,0.9296875,0.08,0.2,0.2,0.3333333333333333,0.52734375,0.5390625,0.25,0.2822920679937628,0.0
40,43,0.3579314359863125,0.90234375,0.0,0.2,0.2,0.1,0.5703125,0.4375,0.25,0.2887010164385415,0.0
40,44,0.392951118335977,0.90234375,0.12,0.3333333333333333,0.2,0.25,0.4921875,0.5546875,0.2,0.03663322226628183,0.16666666666666666
40,45,0.38146914331262577,0.921875,0.12,0.5,0.14285714285714285,0.1111111111111111,0.48046875,0.48046875,0.16666666666666666,0.02666578140090537,0.0
40,46,0.3821539643622915,0.86328125,0.04,0.25,0.125,0.125,0.51171875,0.54296875,0.5,0.29933690603819096,0.0
40,47,0.38983538974607873,0.9140625,0.08,0.3333333333333333,0.1111111111111111,0.2,0.5234375,0.5,0.5,0.006712514286497834,0.0
40,48,0.35192550762597014,0.8984375,0.08,0.25,0.1,0.2,0.5234375,0.46484375,0.2,0.06183137709950217,0.0
40,49,0.3697431606790034,0.90625,0.12,0.16666666666666666,0.1,0.1111111111111111,0.5703125,0.5,0.3333333333333333,0.0007887890945016344,0.16666666666666666
40,50,0.33454728145677226,0.90234375,0.12,0.1111111111111111,0.07692307692307693,0.16666666666666666,0.50390625,0.51953125,0.16666666666666666,0.0013836439376577075,0.0
40,51,0.32487292037630144,0.89453125,0.0,0.1111111111111111,0.07692307692307693,0.125,0.54296875,0.515625,0.25,0.0025227648186995906,0.0
40,52,0.3220345223911691,0.8984375,0.0,0.14285714285714285,0.07142857142857142,0.1111111111111111,0.49609375,0.51171875,0.25,0.0014806311226587055,0.0
40,53,0.4212816214839841,0.90234375,0.08,0.3333333333333333,0.07142857142857142,0.07142857142857142,0.53125,0.5390625,1.0,5.827473306982684e-05,0.0
40,54,0.36840167364626386,0.8984375,0.08,0.3333333333333333,0.058823529411764705,0.09090909090909091,0.48046875,0.4765625,0.5,0.00016659731295386003,0.0
40,55,0.36115386324155024,0.890625,0.08,0.2,0.0625,0.06666666666666667,0.47265625,0.44921875,0.5,1.2304025837338497e-05,0.25
40,56,0.32626462438047205,0.8984375,0.08,0.25,0.05263157894736842,0.09090909090909091,0.49609375,0.46875,0.09090909090909091,3.042229016349804e-05,0.0
40,57,0.5210134182850616,0.89453125,0.24,1.0,0.05555555555555555,0.08333333333333333,0.50390625,0.46484375,1.0,3.730676952845414e-06,0.16666666666666666
40,58,0.36700281786650696,0.875,0.16,0.25,0.047619047619047616,0.09090909090909091,0.53125,0.57421875,0.3333333333333333,3.4489295169236954e-06,0.0
40,59,0.34428194304337606,0.875,0.12,0.3333333333333333,0.045454545454545456,0.05263157894736842,0.49609375,0.4765625,0.2,3.0778361721602217e-06,0.0
40,60,0.33454145317786727,0.8828125,0.16,0.14285714285714285,0.047619047619047616,0.07692307692307693,0.53515625,0.52734375,0.07142857142857142,4.482636002982983e-07,0.08333333333333333
40,61,0.3064323143204416,0.86328125,0.0,0.125,0.041666666666666664,0.05555555555555555,0.46875,0.53125,0.25,3.7756291479244356e-07,0.0
40,62,0.3151427241737273,0.87890625,0.0,0.2,0.04,0.05555555555555555,0.546875,0.5078125,0.125,2.640065657181073e-07,0.0
40,63,0.3561576853326975,0.890625,0.12,0.16666666666666666,0.04,0.09090909090909091,0.48046875,0.52734375,0.5,2.4796920040336564e-07,0.0
40,64,0.36240298433439766,0.88671875,0.12,0.3333333333333333,0.038461538461538464,0.08333333333333333,0.5234375,0.484375,0.3333333333333333,3.265134648405786e-07,0.0
40,65,0.38365088224605515,0.85546875,0.04,0.25,0.038461538461538464,0.05555555555555555,0.51953125,0.453125,1.0,1.3929978105721492e-08,0.0
40,66,0.32192029118036464,0.87109375,0.12,0.14285714285714285,0.034482758620689655,0.0625,0.4921875,0.49609375,0.2,1.0557975373249606e-06,0.0
40,67,0.41663451952254205,0.8515625,0.12,0.5,0.034482758620689655,0.047619047619047616,0.4375,0.484375,1.0,9.95957327832809e-08,0.0
40,68,0.3712401158866415,0.8515625,0.16,0.5,0.034482758620689655,0.058823529411764705,0.47265625,0.4921875,0.16666666666666666,1.6491175226041353e-09,0.16666666666666666
40,69,0.33132901785714286,0.8671875,0.12,0.25,0.03125,0.047619047619047616,0.51953125,0.52734375,0.1,0.0,0.0
41,42,0.4386972184469104,0.921875,0.08,0.3333333333333333,0.3333333333333333,0.2,0.4765625,0.4765625,0.25,0.8841550296707285,0.08333333333333333
41,43,0.44186098520526684,0.91796875,0.12,0.3333333333333333,0.3333333333333333,0.125,0.51171875,0.5,0.25,0.9042282256433362,0.0
41,44,0.3924852834981788,0.92578125,0.08,0.2,0.3333333333333333,0.5,0.49609375,0.515625,0.2,0.11473736385853549,0.0
41,45,0.34406276277449016,0.90625,0.04,0.16666666666666666,0.2,0.14285714285714285,0.484375,0.54296875,0.16666666666666666,0.0835187644954713,0.0
41,46,0.4564107600318238,0.91796875,0.08,0.5,0.16666666666666666,0.16666666666666666,0.4296875,0.48828125,0.5,0.9375404449748421,0.0
41,47,0.3702837603298461,0.90625,0.0,0.2,0.14285714285714285,0.3333333333333333,0.50390625,0.5,0.5,0.02102398168791201,0.0
41,48,0.3871789412405648,0.9140625,0.08,0.25,0.125,0.3333333333333333,0.55078125,0.52734375,0.2,0.19365943734274615,0.08333333333333333
41,49,0.33611132721291676,0.8984375,0.04,0.1,0.125,0.14285714285714285,0.51171875,0.5,0.3333333333333333,0.0024705329136929513,0.0
41,50,0.3312401869032881,0.87890625,0.08,0.14285714285714285,0.09090909090909091,0.25,0.5390625,0.44140625,0.16666666666666666,0.004333652572839928,0.0
41,51,0.34364993896293755,0.90234375,0.08,0.2,0.09090909090909091,0.16666666666666666,0.53125,0.4453125,0.25,0.007901444836837886,0.0
41,52,0.3557007155597204,0.9140625,0.08,0.3333333333333333,0.08333333333333333,0.14285714285714285,0.4765625,0.47265625,0.25,0.004637422027085211,0.0
41,53,0.4148807428560598,0.90234375,0.0,0.3333333333333333,0.08333333333333333,0.08333333333333333,0.55078125,0.546875,1.0,0.00018251982321920905,0.0
41,54,0.34835005754325993,0.90625,0.04,0.2,0.06666666666666667,0.1111111111111111,0.453125,0.4921875,0.5,0.0005217923876665152,0.0
41,55,0.3426913575447616,0.8671875,0.0,0.2,0.07142857142857142,0.07692307692307693,0.515625,0.50390625,0.5,3.8536918187590696e-05,0.0
41,56,0.3328197433543241,0.890625,0.08,0.25,0.058823529411764705,0.1111111111111111,0.4765625,0.5546875,0.09090909090909091,9.528436648369953e-05,0.0
41,57,0.3839069510817163,0.90234375,0.0,0.2,0.0625,0.1,0.5,0.46484375,1.0,1.1684695271026247e-05,0.0
41,58,0.34647888278388644,0.8828125,0.08,0.25,0.05263157894736842,0.1111111111111111,0.48046875,0.51171875,0.3333333333333333,1.0802246060400453e-05,0.0
41,59,0.35829874016232466,0.9140625,0.12,0.3333333333333333,0.05,0.058823529411764705,0.5546875,0.46875,0.2,9.639960312941164e-06,0.0
41,60,0.310231673866724,0.90625,0.04,0.14285714285714285,0.05263157894736842,0.09090909090909091,0.46875,0.52734375,0.07142857142857142,1.4039874362704604e-06,0.0
41,61,0.3325458095892924,0.87890625,0.12,0.25,0.045454545454545456,0.0625,0.45703125,0.453125,0.25,1.1825488137281117e-06,0.0
41,62,0.3478564354825922,0.87890625,0.12,0.3333333333333333,0.043478260869565216,0.0625,0.52734375,0.5234375,0.125,8.268837824763738e-07,0.0
41,63,0.3907730991354617,0.8671875,0.12,0.5,0.043478260869565216,0.1111111111111111,0.4453125,0.54296875,0.5,7.766538298373609e-07,0.0
41,64,0.36769693635953965,0.87890625,0.16,0.3333333333333333,0.041666666666666664,0.1,0.49609375,0.515625,0.3333333333333333,1.0226589937354975e-06,0.0
41,65,0.400836460951103,0.87109375,0.12,0.25,0.041666666666666664,0.0625,0.5078125,0.4921875,1.0,4.3629494420115655e-08,0.0
41,66,0.32062923280065936,0.86328125,0.12,0.14285714285714285,0.037037037037037035,0.07142857142857142,0.51953125,0.45703125,0.2,3.3068187483059492e-06,0.0
41,67,0.38278962641617964,0.84375,0.08,0.25,0.037037037037037035,0.05263157894736842,0.43359375,0.515625,1.0,3.119395762690197e-07,0.0
41,68,0.31670254660620417,0.8671875,0.0,0.25,0.037037037037037035,0.06666666666666667,0.515625,0.484375,0.16666666666666666,5.165131144105662e-09,0.0
41,69,0.3219776864035088,0.8671875,0.08,0.25,0.03333333333333333,0.05263157894736842,0.5234375,0.48046875,0.1,0.0,0.0
42,43,0.47965599092862055,0.91015625,0.08,0.3333333333333333,1.0,0.08333333333333333,0.49609375,0.5,0.14285714285714285,0.9778007416674853,0.0
42,44,0.4143143633863562,0.91796875,0.08,0.2,1.0,0.16666666666666666,0.48046875,0.484375,0.125,0.1297706397726033,0.0
42,45,0.35222467647163036,0.9296875,0.0,0.16666666666666666,0.3333333333333333,0.09090909090909091,0.5390625,0.53515625,0.1111111111111111,0.09446167435882238,0.0
42,46,0.4535751474803048,0.90234375,0.08,0.5,0.25,0.1,0.515625,0.48828125,0.3333333333333333,0.943058013560635,0.0
42,47,0.34722314544679883,0.8984375,0.04,0.2,0.2,0.14285714285714285,0.51953125,0.515625,0.2,0.023778614589504324,0.0
42,48,0.3730186378555364,0.921875,0.12,0.25,0.16666666666666666,0.14285714285714285,0.51171875,0.48828125,0.125,0.21903334917957498,0.08333333333333333
42,49,0.32069511594870526,0.9140625,0.0,0.1,0.16666666666666666,0.09090909090909091,0.49609375,0.5234375,0.16666666666666666,0.0027942304582184102,0.0
42,50,0.33601769885098093,0.91796875,0.12,0.1111111111111111,0.1111111111111111,0.125,0.5,0.55078125,0.1111111111111111,0.00490146233116362,0.0
42,51,0.41458446701424667,0.88671875,0.12,0.2,0.1111111111111111,0.1,0.546875,0.53125,1.0,0.008936718755963526,0.0
42,52,0.3352946938440714,0.9140625,0.12,0.2,0.1,0.09090909090909091,0.453125,0.50390625,0.14285714285714285,0.005245032682574063,0.0
42,53,0.3466592610511174,0.89453125,0.04,0.3333333333333333,0.1,0.0625,0.47265625,0.515625,0.25,0.00020643418528895543,0.0
42,54,0.32049214033227047,0.875,0.0,0.2,0.07692307692307693,0.07692307692307693,0.53125,0.484375,0.2,0.0005901593839949515,0.0
42,55,0.32324556860067394,0.890625,0.0,0.2,0.08333333333333333,0.058823529411764705,0.5390625,0.48046875,0.2,4.358615502299679e-05,0.0
42,56,0.33293821979371285,0.8828125,0.12,0.25,0.06666666666666667,0.07692307692307693,0.4609375,0.5625,0.07142857142857142,0.00010776884515285147,0.0
42,57,0.33803829293980436,0.87890625,0.04,0.2,0.07142857142857142,0.07142857142857142,0.5625,0.52734375,0.25,1.321566340619901e-05,0.0
42,58,0.38383137502388937,0.9140625,0.16,0.25,0.058823529411764705,0.07692307692307693,0.56640625,0.49609375,0.5,1.2217592727401391e-05,0.0
42,59,0.33990849148281044,0.8828125,0.08,0.3333333333333333,0.05555555555555555,0.047619047619047616,0.5078125,0.515625,0.125,1.0903020386064217e-05,0.0
42,60,0.30476706831577166,0.90625,0.04,0.1111111111111111,0.058823529411764705,0.06666666666666667,0.484375,0.51171875,0.058823529411764705,1.5879425996064567e-06,0.0
42,61,0.318300526677992,0.85546875,0.08,0.16666666666666666,0.05,0.05,0.51953125,0.5234375,0.14285714285714285,1.337490342806181e-06,0.0
42,62,0.3328604321957439,0.87890625,0.08,0.3333333333333333,0.047619047619047616,0.05,0.48828125,0.5078125,0.09090909090909091,9.352248810757959e-07,0.0
42,63,0.33945308612972624,0.8828125,0.08,0.25,0.047619047619047616,0.07692307692307693,0.53125,0.51171875,0.2,8.784136308386975e-07,0.0
42,64,0.3426898556544844,0.88671875,0.08,0.3333333333333333,0.045454545454545456,0.07142857142857142,0.47265625,0.5390625,0.16666666666666666,1.1566512199974137e-06,0.0
42,65,0.3371332415971223,0.87890625,0.08,0.25,0.045454545454545456,0.05,0.515625,0.4921875,0.25,4.934597774822802e-08,0.0
42,66,0.33023564107202347,0.87109375,0.16,0.1111111111111111,0.04,0.05555555555555555,0.55078125,0.55078125,0.125,3.7400892799732804e-06,0.0
42,67,0.3341962168208309,0.84375,0.08,0.25,0.04,0.043478260869565216,0.51171875,0.5390625,0.25,3.52810950343392e-07,0.0
42,68,0.3104030339762441,0.8671875,0.0,0.25,0.04,0.05263157894736842,0.4921875,0.5,0.1111111111111111,5.841884025733845e-09,0.0
42,69,0.31974780966316296,0.8515625,0.12,0.25,0.03571428571428571,0.043478260869565216,0.5,0.48046875,0.07692307692307693,0.0,0.0
43,44,0.45044731824040746,0.9296875,0.08,0.2,1.0,0.14285714285714285,0.546875,0.4609375,0.5,0.12688982781631558,0.0
43,45,0.38043771504816587,0.91015625,0.0,0.16666666666666666,0.3333333333333333,0.5,0.46484375,0.51953125,0.3333333333333333,0.09236469524720901,0.0
43,46,0.4785337349353064,0.921875,0.16,0.5,0.25,0.3333333333333333,0.54296875,0.51171875,0.2,0.964468498921772,0.0
43,47,0.3581148364855532,0.90234375,0.04,0.2,0.2,0.16666666666666666,0.5078125,0.4609375,0.3333333333333333,0.023250746981442614,0.08333333333333333
43,48,0.3925648416099954,0.91796875,0.04,0.25,0.16666666666666666,0.16666666666666666,0.5234375,0.52734375,0.5,0.2141709712777017,0.0
43,49,0.3744816403701995,0.88671875,0.0,0.1,0.16666666666666666,0.5,0.5390625,0.546875,0.5,0.0027322006144358387,0.0
43,50,0.34680457309904894,0.8984375,0.12,0.1111111111111111,0.1111111111111111,0.2,0.51171875,0.45703125,0.3333333333333333,0.004792653502667029,0.0
43,51,0.34527836727397676,0.875,0.08,0.14285714285714285,0.1111111111111111,0.3333333333333333,0.50390625,0.53125,0.14285714285714285,0.008738330227654863,0.08333333333333333
43,52,0.43410771581082547,0.90234375,0.12,0.2,0.1,0.5,0.49609375,0.48046875,1.0,0.0051285968470911195,0.08333333333333333
43,53,0.3606121110899689,0.90625,0.04,0.3333333333333333,0.1,0.2,0.5,0.46875,0.25,0.00020185149948106373,0.08333333333333333
43,54,0.35037076131751516,0.88671875,0.0,0.2,0.07692307692307693,0.5,0.44921875,0.5,0.3333333333333333,0.0005770582833722899,0.0
43,55,0.3348108904478158,0.87109375,0.04,0.2,0.08333333333333333,0.16666666666666666,0.44921875,0.51171875,0.3333333333333333,4.2618574707920255e-05,0.0
43,56,0.35445528092073647,0.88671875,0.04,0.25,0.06666666666666667,0.5,0.51953125,0.515625,0.125,0.00010537645671910656,0.0
43,57,0.33729318605141456,0.8828125,0.0,0.2,0.07142857142857142,0.3333333333333333,0.51171875,0.47265625,0.25,1.2922285480209238e-05,0.0
43,58,0.3653086824685483,0.91015625,0.12,0.25,0.058823529411764705,0.5,0.5078125,0.45703125,0.16666666666666666,1.1946371230244357e-05,0.0
43,59,0.3768794591033296,0.89453125,0.08,0.3333333333333333,0.05555555555555555,0.1,0.46484375,0.484375,0.5,1.0660981419909304e-05,0.16666666666666666
43,60,0.3249495361204888,0.88671875,0.08,0.1111111111111111,0.058823529411764705,0.25,0.53515625,0.49609375,0.09090909090909091,1.552691451620588e-06,0.0
43,61,0.41306674513460967,0.890625,0.16,0.25,0.05,0.1111111111111111,0.484375,0.515625,1.0,1.3077990491689831e-06,0.0
43,62,0.44246999534400544,0.875,0.16,1.0,0.047619047619047616,0.1111111111111111,0.53125,0.5234375,0.2,9.14463582341799e-07,0.0
43,63,0.3693324920110005,0.84765625,0.08,0.25,0.047619047619047616,0.5,0.48828125,0.46484375,0.3333333333333333,8.589134997249071e-07,0.16666666666666666
43,64,0.3820489314948288,0.8828125,0.04,0.3333333333333333,0.045454545454545456,0.3333333333333333,0.484375,0.5078125,0.5,1.1309744207640729e-06,0.08333333333333333
43,65,0.3519717831980623,0.859375,0.08,0.25,0.045454545454545456,0.1111111111111111,0.55078125,0.546875,0.25,4.8250533640524594e-08,0.08333333333333333
43,66,0.3359143563284862,0.859375,0.08,0.1111111111111111,0.04,0.14285714285714285,0.4609375,0.49609375,0.5,3.657062071860485e-06,0.0
43,67,0.31437189569872853,0.83203125,0.0,0.25,0.04,0.08333333333333333,0.5,0.4140625,0.25,3.449788089141791e-07,0.08333333333333333
43,68,0.34585729200939863,0.87890625,0.04,0.25,0.04,0.125,0.48046875,0.5703125,0.3333333333333333,5.712198533097989e-09,0.0
43,69,0.3236357142857143,0.85546875,0.04,0.25,0.03571428571428571,0.08333333333333333,0.54296875,0.49609375,0.14285714285714285,0.0,0.0
44,45,0.4234414183012493,0.89453125,0.04,0.25,0.3333333333333333,0.16666666666666666,0.48046875,0.48828125,0.5,0.7279125272430442,0.0
44,46,0.37239183283907995,0.921875,0.08,0.25,0.25,0.2,0.51171875,0.51171875,0.16666666666666666,0.122381241762444,0.0
44,47,0.38073476726415384,0.90234375,0.04,0.2,0.2,0.5,0.5078125,0.5078125,0.25,0.18323570440256376,0.0
44,48,0.4786502700159587,0.92578125,0.12,0.25,0.16666666666666666,0.5,0.453125,0.51953125,1.0,0.592469778043756,0.0
44,49,0.36132004918090016,0.90234375,0.08,0.125,0.16666666666666666,0.16666666666666666,0.4921875,0.5234375,0.3333333333333333,0.021532069681668608,0.16666666666666666
44,50,0.3656103089045037,0.8984375,0.08,0.1111111111111111,0.1111111111111111,0.3333333333333333,0.48828125,0.49609375,0.5,0.037770194704691576,0.0
44,51,0.33492617545967673,0.890625,0.08,0.14285714285714285,0.1111111111111111,0.2,0.50390625,0.5078125,0.125,0.06886549046551138,0.0
44,52,0.3647054200192203,0.93359375,0.08,0.14285714285714285,0.1,0.16666666666666666,0.47265625,0.51171875,0.5,0.040417714606053555,0.0
44,53,0.3271437411666036,0.90625,0.0,0.2,0.1,0.09090909090909091,0.5234375,0.4765625,0.2,0.001590761867635772,0.0
44,54,0.3390735838221796,0.90234375,0.04,0.2,0.07692307692307693,0.125,0.51953125,0.5078125,0.25,0.004547711138891555,0.0
44,55,0.33117342605124783,0.87890625,0.0,0.14285714285714285,0.08333333333333333,0.08333333333333333,0.51171875,0.52734375,0.25,0.0003358706954005365,0.16666666666666666
44,56,0.3232961071398117,0.88671875,0.0,0.16666666666666666,0.06666666666666667,0.125,0.55859375,0.5234375,0.14285714285714285,0.0008304562984485126,0.0
44,57,0.3666714376983999,0.890625,0.12,0.3333333333333333,0.07142857142857142,0.1111111111111111,0.46484375,0.50390625,0.2,0.0001018386241245075,0.25
44,58,0.35804635263679246,0.91015625,0.2,0.25,0.058823529411764705,0.125,0.4921875,0.53515625,0.14285714285714285,9.41475879968708e-05,0.0
44,59,0.40374011050168446,0.89453125,0.16,0.2,0.05555555555555555,0.0625,0.46484375,0.5234375,1.0,8.401762066650473e-05,0.0
44,60,0.32811822368772453,0.90234375,0.12,0.14285714285714285,0.058823529411764705,0.1,0.44140625,0.55078125,0.1,1.223653210301655e-05,0.08333333333333333
44,61,0.336413118394274,0.875,0.04,0.125,0.05,0.06666666666666667,0.515625,0.484375,0.5,1.0306571233291762e-05,0.0
44,62,0.3339474562146731,0.8828125,0.08,0.2,0.047619047619047616,0.06666666666666667,0.5234375,0.4921875,0.25,7.20675248819446e-06,0.0
44,63,0.3192536799477531,0.87109375,0.04,0.16666666666666666,0.047619047619047616,0.125,0.47265625,0.48828125,0.25,6.768970488069867e-06,0.0
44,64,0.33750773175224347,0.8828125,0.04,0.2,0.045454545454545456,0.1111111111111111,0.5234375,0.4921875,0.3333333333333333,8.91304244183592e-06,0.0
44,65,0.31546138645168353,0.8671875,0.08,0.16666666666666666,0.045454545454545456,0.06666666666666667,0.51953125,0.421875,0.2,3.8025533229008374e-07,0.0
44,66,0.37980684600421905,0.859375,0.12,0.14285714285714285,0.04,0.07692307692307693,0.4609375,0.48046875,1.0,2.8820766288330145e-05,0.0
44,67,0.3277178714569571,0.87109375,0.08,0.25,0.04,0.05555555555555555,0.4765625,0.5,0.2,2.7187270630831565e-06,0.0
44,68,0.35082009198673386,0.83203125,0.04,0.25,0.04,0.07142857142857142,0.49609375,0.484375,0.5,4.5016993335091514e-08,0.16666666666666666
44,69,0.3017113095238095,0.87109375,0.0,0.16666666666666666,0.03571428571428571,0.05555555555555555,0.50390625,0.44921875,0.16666666666666666,0.0,0.0
45,46,0.37803916676727806,0.91796875,0.0,0.2,0.5,0.5,0.453125,0.4765625,0.14285714285714285,0.0890828389784426,0.0
45,47,0.39211720021447866,0.890625,0.12,0.25,0.3333333333333333,0.2,0.52734375,0.51953125,0.2,0.25172764246353296,0.0
45,48,0.4026072204070573,0.90625,0.08,0.2,0.25,0.2,0.49609375,0.46875,0.5,0.43126617345095597,0.0
45,49,0.40472706652548995,0.90625,0.08,0.14285714285714285,0.25,1.0,0.49609375,0.51953125,0.25,0.029580573043880613,0.0
45,50,0.4023512486420458,0.88671875,0.08,0.1,0.14285714285714285,0.25,0.5,0.5,1.0,0.051888370224572884,0.0
45,51,0.3510688696019389,0.87890625,0.08,0.1,0.14285714285714285,0.5,0.5078125,0.52734375,0.1111111111111111,0.09460682140797631,0.0
45,52,0.3999731972910235,0.9140625,0.04,0.125,0.125,1.0,0.546875,0.4921875,0.3333333333333333,0.055525510405948,0.0
45,53,0.33453320583567525,0.89453125,0.04,0.25,0.125,0.16666666666666666,0.49609375,0.44921875,0.16666666666666666,0.0021853750390321684,0.0
45,54,0.36755695867115606,0.875,0.12,0.25,0.09090909090909091,0.3333333333333333,0.515625,0.52734375,0.2,0.006247606640479083,0.08333333333333333
45,55,0.34580536354863367,0.90625,0.12,0.25,0.1,0.14285714285714285,0.4765625,0.4609375,0.2,0.00046141628675170737,0.0
45,56,0.3537650069124944,0.90625,0.04,0.2,0.07692307692307693,0.3333333333333333,0.515625,0.49609375,0.16666666666666666,0.0011408737552489323,0.16666666666666666
45,57,0.3810802693018134,0.85546875,0.16,0.5,0.08333333333333333,0.25,0.484375,0.515625,0.16666666666666666,0.00013990503022419393,0.0
45,58,0.3410098436823703,0.90625,0.08,0.2,0.06666666666666667,0.3333333333333333,0.46484375,0.515625,0.125,0.00012933915061669993,0.0
45,59,0.35707709581583724,0.890625,0.04,0.25,0.0625,0.09090909090909091,0.515625,0.48828125,0.5,0.00011542268819678097,0.0
45,60,0.3334919808488067,0.890625,0.12,0.16666666666666666,0.06666666666666667,0.2,0.5078125,0.4921875,0.1111111111111111,1.6810443075299442e-05,0.0
45,61,0.3206360677987293,0.83984375,0.04,0.14285714285714285,0.05555555555555555,0.1,0.48046875,0.51953125,0.3333333333333333,1.4159079350272644e-05,0.0
45,62,0.3321652870169495,0.88671875,0.04,0.16666666666666666,0.05263157894736842,0.1,0.50390625,0.49609375,0.3333333333333333,9.900574888427744e-06,0.0
45,63,0.3302798342650129,0.84375,0.04,0.2,0.05263157894736842,0.3333333333333333,0.5078125,0.4765625,0.2,9.299153723466228e-06,0.0
45,64,0.3508257346796854,0.87109375,0.08,0.25,0.05,0.25,0.49609375,0.54296875,0.25,1.2244661423253573e-05,0.0
45,65,0.3227521146768245,0.85546875,0.08,0.2,0.05,0.1,0.4921875,0.51171875,0.16666666666666666,5.223915210393397e-07,0.0
45,66,0.34181501149288884,0.87109375,0.04,0.125,0.043478260869565216,0.125,0.53515625,0.4921875,0.5,3.959372206092988e-05,0.0
45,67,0.3419240779161214,0.859375,0.08,0.3333333333333333,0.043478260869565216,0.07692307692307693,0.53515625,0.50390625,0.16666666666666666,3.734963970712644e-06,0.0
45,68,0.41702305624686953,0.875,0.12,0.3333333333333333,0.043478260869565216,0.1111111111111111,0.4921875,0.53515625,1.0,6.184396016042282e-08,0.0
45,69,0.3199860576923077,0.859375,0.08,0.2,0.038461538461538464,0.07692307692307693,0.4765625,0.4921875,0.2,0.0,0.0
46,47,0.3934308934490668,0.91015625,0.08,0.25,0.5,0.25,0.46484375,0.49609375,0.3333333333333333,0.02242461304000188,0.0
46,48,0.39367179431084937,0.91796875,0.08,0.3333333333333333,0.3333333333333333,0.25,0.51171875,0.484375,0.16666666666666666,0.2065611551808229,0.0
46,49,0.3696643572855215,0.92578125,0.04,0.1111111111111111,0.3333333333333333,0.5,0.48046875,0.49609375,0.25,0.0026351214253580767,0.0
46,50,0.356189246561679,0.90625,0.16,0.125,0.16666666666666666,0.3333333333333333,0.4921875,0.515625,0.14285714285714285,0.004622363329569442,0.0
46,51,0.40725254565426494,0.8984375,0.08,0.16666666666666666,0.16666666666666666,1.0,0.4765625,0.56640625,0.3333333333333333,0.00842784423774903,0.0
46,52,0.3840847286347328,0.88671875,0.2,0.25,0.14285714285714285,0.5,0.4765625,0.515625,0.2,0.0049463701026889045,0.0
46,53,0.39990855576476253,0.90625,0.04,0.5,0.14285714285714285,0.14285714285714285,0.51953125,0.48828125,0.5,0.00019467941270961037,0.0
46,54,0.35030005993884794,0.89453125,0.04,0.25,0.1,0.25,0.453125,0.49609375,0.3333333333333333,0.000556554536354447,0.0
46,55,0.363686146811922,0.90234375,0.12,0.25,0.1111111111111111,0.125,0.53125,0.4765625,0.3333333333333333,4.1104272774733246e-05,0.0
46,56,0.34875818126971525,0.89453125,0.08,0.3333333333333333,0.08333333333333333,0.25,0.5078125,0.47265625,0.08333333333333333,0.00010163227303357178,0.0
46,57,0.352842225060964,0.859375,0.04,0.25,0.09090909090909091,0.2,0.4765625,0.4609375,0.5,1.2463137279736014e-05,0.0
46,58,0.3952743520282093,0.88671875,0.08,0.3333333333333333,0.07142857142857142,0.25,0.58203125,0.5390625,0.5,1.1521898727996017e-05,0.0
46,59,0.3508047835975114,0.91015625,0.08,0.5,0.06666666666666667,0.08333333333333333,0.40625,0.43359375,0.16666666666666666,1.0282180747092827e-05,0.0
46,60,0.3249820838989387,0.90234375,0.08,0.125,0.07142857142857142,0.16666666666666666,0.53125,0.515625,0.06666666666666667,1.4975219936331757e-06,0.0
46,61,0.32081362848734585,0.8515625,0.08,0.2,0.058823529411764705,0.09090909090909091,0.46484375,0.50390625,0.2,1.2613309858433299e-06,0.0
46,62,0.3639723067061579,0.875,0.08,0.5,0.05555555555555555,0.09090909090909091,0.49609375,0.51953125,0.1111111111111111,8.819713185798211e-07,0.08333333333333333
46,63,0.3662705358148119,0.83984375,0.12,0.3333333333333333,0.05555555555555555,0.25,0.4921875,0.53125,0.3333333333333333,8.28395013783327e-07,0.0
46,64,0.3668887167631416,0.8828125,0.04,0.5,0.05263157894736842,0.2,0.50390625,0.45703125,0.25,1.090789201913246e-06,0.0
46,65,0.3648494495625021,0.875,0.08,0.3333333333333333,0.05263157894736842,0.09090909090909091,0.5,0.46484375,0.5,4.653611975245122e-08,0.0
46,66,0.3145240752636337,0.875,0.08,0.125,0.045454545454545456,0.1111111111111111,0.45703125,0.5234375,0.16666666666666666,3.5271211669110275e-06,0.0
46,67,0.36802834788534955,0.86328125,0.08,0.3333333333333333,0.045454545454545456,0.07142857142857142,0.51953125,0.51171875,0.5,3.3272119399327913e-07,0.0
46,68,0.34195243539548925,0.87109375,0.08,0.3333333333333333,0.045454545454545456,0.1,0.546875,0.47265625,0.14285714285714285,5.509235544760165e-09,0.0
46,69,0.32856156655844154,0.85546875,0.04,0.3333333333333333,0.04,0.07142857142857142,0.515625,0.5234375,0.09090909090909091,0.0,0.0
47,48,0.4267230720270247,0.9140625,0.04,0.25,0.5,1.0,0.4140625,0.50390625,0.25,0.10856161711707824,0.0
47,49,0.3974381137715486,0.8984375,0.08,0.125,0.5,0.2,0.484375,0.5234375,0.5,0.11751022952580928,0.0
47,50,0.38028232405106316,0.91796875,0.12,0.1111111111111111,0.2,0.5,0.48828125,0.51953125,0.2,0.20612901196216382,0.0
47,51,0.3723362634676698,0.91015625,0.0,0.1111111111111111,0.2,0.25,0.54296875,0.5546875,0.2,0.37583008557227365,0.08333333333333333
47,52,0.36959314557414685,0.890625,0.08,0.14285714285714285,0.16666666666666666,0.2,0.49609375,0.51171875,0.3333333333333333,0.22057772385482777,0.08333333333333333
47,53,0.39376359869348093,0.90234375,0.12,0.3333333333333333,0.16666666666666666,0.1,0.5234375,0.46875,0.5,0.00868150600245961,0.08333333333333333
47,54,0.45518070228381247,0.90625,0.28,0.3333333333333333,0.1111111111111111,0.14285714285714285,0.51953125,0.515625,1.0,0.024818913724916625,0.0
47,55,0.3900864003396871,0.9140625,0.04,0.2,0.125,0.09090909090909091,0.44921875,0.46484375,1.0,0.0018329980856931567,0.0
47,56,0.3400035863506549,0.9140625,0.08,0.25,0.09090909090909091,0.14285714285714285,0.48828125,0.515625,0.1,0.004532175108318536,0.0
47,57,0.38808959676212473,0.87109375,0.16,0.3333333333333333,0.1,0.125,0.51171875,0.51953125,0.5,0.0005557793687455741,0.0
47,58,0.3404342280799244,0.8828125,0.04,0.25,0.07692307692307693,0.14285714285714285,0.5,0.51171875,0.25,0.0005138059108285532,0.0
47,59,0.34940429704051135,0.8828125,0.04,0.3333333333333333,0.07142857142857142,0.06666666666666667,0.48828125,0.515625,0.25,0.00045852210375943084,0.08333333333333333
47,60,0.31908357412464194,0.890625,0.04,0.1111111111111111,0.07692307692307693,0.1111111111111111,0.53515625,0.56640625,0.07692307692307693,6.678028249414333e-05,0.0
47,61,0.331165130809241,0.88671875,0.04,0.125,0.0625,0.07142857142857142,0.515625,0.53125,0.3333333333333333,5.624761433311333e-05,0.0
47,62,0.31510065289742867,0.87890625,0.04,0.2,0.058823529411764705,0.07142857142857142,0.4609375,0.515625,0.14285714285714285,3.933050336282401e-05,0.0
47,63,0.38583265240412523,0.8828125,0.04,0.16666666666666666,0.058823529411764705,0.14285714285714285,0.46484375,0.47265625,1.0,3.694132925752629e-05,0.08333333333333333
47,64,0.36853798799434306,0.87109375,0.08,0.3333333333333333,0.05555555555555555,0.125,0.453125,0.4921875,0.5,4.864249831055968e-05,0.08333333333333333
47,65,0.3522209082436645,0.86328125,0.04,0.25,0.05555555555555555,0.07142857142857142,0.51171875,0.4609375,0.5,2.0752250961672475e-06,0.08333333333333333
47,66,0.30850854441919445,0.87109375,0.08,0.1111111111111111,0.047619047619047616,0.08333333333333333,0.4453125,0.44921875,0.25,0.00015728793895436295,0.0
47,67,0.39882732581352187,0.890625,0.12,0.5,0.047619047619047616,0.058823529411764705,0.5078125,0.484375,0.5,1.4837321535928329e-05,0.08333333333333333
47,68,0.3549999231655923,0.875,0.08,0.5,0.047619047619047616,0.07692307692307693,0.46484375,0.4609375,0.2,2.4567806521042663e-07,0.0
47,69,0.3142422589869281,0.8671875,0.04,0.25,0.041666666666666664,0.058823529411764705,0.49609375,0.47265625,0.1111111111111111,0.0,0.0
48,49,0.41906855103270724,0.9140625,0.04,0.1111111111111111,1.0,0.2,0.5546875,0.49609375,0.3333333333333333,0.012757100545120888,0.0
48,50,0.3994457869324014,0.90234375,0.16,0.125,0.25,0.5,0.51171875,0.46875,0.5,0.022377698873358068,0.0
48,51,0.3536230433110586,0.91015625,0.12,0.125,0.25,0.25,0.52734375,0.47265625,0.125,0.04080072185097593,0.0
48,52,0.3731617764641011,0.8984375,0.04,0.16666666666666666,0.2,0.2,0.52734375,0.53125,0.5,0.02394627440168443,0.0
48,53,0.33274404869983837,0.88671875,0.0,0.25,0.2,0.1,0.46875,0.48828125,0.2,0.0009424783306386367,0.0
48,54,0.3565487164559726,0.90625,0.12,0.25,0.125,0.14285714285714285,0.47265625,0.51171875,0.25,0.0026943814090661967,0.0
48,55,0.3502825564772983,0.890625,0.08,0.25,0.14285714285714285,0.09090909090909091,0.49609375,0.5234375,0.25,0.00019899323635535785,0.0
48,56,0.3328388962155291,0.8671875,0.08,0.2,0.1,0.14285714285714285,0.51953125,0.51171875,0.14285714285714285,0.0004920202588168295,0.0
48,57,0.3462768840673108,0.85546875,0.16,0.25,0.1111111111111111,0.125,0.47265625,0.5078125,0.2,6.0336307031328455e-05,0.0
48,58,0.43516376344270047,0.90625,0.16,1.0,0.08333333333333333,0.14285714285714285,0.5,0.4296875,0.14285714285714285,5.5779600563861034e-05,0.0
48,59,0.39552245782791023,0.875,0.04,0.25,0.07692307692307693,0.06666666666666667,0.49609375,0.52734375,1.0,4.977790106804855e-05,0.0
48,60,0.3192525183198609,0.8828125,0.08,0.125,0.08333333333333333,0.1111111111111111,0.54296875,0.4765625,0.1,7.249775459099511e-06,0.0
48,61,0.337337271141823,0.88671875,0.08,0.14285714285714285,0.06666666666666667,0.07142857142857142,0.4375,0.47265625,0.5,6.106331970980531e-06,0.0
48,62,0.3276984704726972,0.87109375,0.04,0.25,0.0625,0.07142857142857142,0.4375,0.53515625,0.25,4.269783047096858e-06,0.0
48,63,0.3457779191960551,0.8828125,0.12,0.2,0.0625,0.14285714285714285,0.48828125,0.5390625,0.25,4.01041044265149e-06,0.0
48,64,0.3393166158621045,0.88671875,0.04,0.25,0.058823529411764705,0.125,0.515625,0.43359375,0.3333333333333333,5.280708277209105e-06,0.0
48,65,0.343222860156043,0.86328125,0.08,0.3333333333333333,0.058823529411764705,0.07142857142857142,0.50390625,0.51171875,0.2,2.252897923218606e-07,0.0
48,66,0.37731039952598033,0.85546875,0.08,0.125,0.05,0.08333333333333333,0.484375,0.5,1.0,1.7075433005897927e-05,0.0
48,67,0.3435576334105231,0.8828125,0.08,0.3333333333333333,0.05,0.058823529411764705,0.4765625,0.52734375,0.2,1.6107636196264304e-06,0.0
48,68,0.36908726121565705,0.8671875,0.12,0.3333333333333333,0.05,0.07692307692307693,0.49609375,0.48046875,0.5,2.6671208049438915e-08,0.0
48,69,0.3535472559676044,0.859375,0.12,0.3333333333333333,0.043478260869565216,0.058823529411764705,0.55859375,0.546875,0.16666666666666666,0.0,0.0
49,50,0.3925700374820352,0.91796875,0.08,0.07142857142857142,0.25,0.25,0.56640625,0.50390625,0.25,0.5700809818434436,0.0
49,51,0.38691799697102397,0.91015625,0.12,0.07142857142857142,0.25,0.5,0.52734375,0.5234375,0.16666666666666666,0.3126685011043683,0.0
49,52,0.42783618058957484,0.8828125,0.08,0.08333333333333333,0.2,1.0,0.45703125,0.44921875,0.5,0.5327384264929133,0.0
49,53,0.3624150152027327,0.91015625,0.12,0.125,0.2,0.16666666666666666,0.484375,0.515625,0.3333333333333333,0.07387872560110058,0.0
49,54,0.3832223846043372,0.875,0.12,0.125,0.125,0.3333333333333333,0.50390625,0.5078125,0.5,0.21120641007228685,0.0
49,55,0.35845779254169313,0.8984375,0.04,0.1,0.14285714285714285,0.14285714285714285,0.48828125,0.49609375,0.5,0.015598625694885291,0.16666666666666666
49,56,0.3237363229400613,0.8671875,0.08,0.1111111111111111,0.1,0.3333333333333333,0.48828125,0.453125,0.1111111111111111,0.038568345297318264,0.0
49,57,0.3604518330807915,0.87890625,0.12,0.16666666666666666,0.1111111111111111,0.25,0.50390625,0.44140625,0.3333333333333333,0.004729625420598007,0.16666666666666666
49,58,0.3306904711359417,0.890625,0.04,0.1111111111111111,0.08333333333333333,0.3333333333333333,0.484375,0.50390625,0.2,0.0043724355990276045,0.0
49,59,0.33955292683934485,0.8828125,0.08,0.125,0.07692307692307693,0.09090909090909091,0.54296875,0.5078125,0.3333333333333333,0.0039019760714425603,0.0
49,60,0.33130805593458745,0.890625,0.12,0.08333333333333333,0.08333333333333333,0.2,0.53515625,0.49609375,0.08333333333333333,0.0005682933542349697,0.08333333333333333
49,61,0.3255146972498151,0.86328125,0.0,0.07692307692307693,0.06666666666666667,0.1,0.4765625,0.5234375,0.5,0.00047866142854192473,0.0
49,62,0.30752529024629777,0.89453125,0.0,0.1,0.0625,0.1,0.5078125,0.4921875,0.16666666666666666,0.00033469854940744274,0.0
49,63,0.3387935779244609,0.8515625,0.04,0.09090909090909091,0.0625,0.3333333333333333,0.47265625,0.47265625,0.5,0.0003143669228338347,0.0
49,64,0.3955650939132169,0.90234375,0.04,0.125,0.058823529411764705,0.25,0.5234375,0.5,1.0,0.00041394267126230165,0.0
49,65,0.31607256695010366,0.87109375,0.04,0.1111111111111111,0.058823529411764705,0.1,0.44140625,0.5,0.3333333333333333,1.765995270829981e-05,0.0
49,66,0.312440726920296,0.83984375,0.04,0.08333333333333333,0.05,0.125,0.46875,0.51171875,0.3333333333333333,0.0013385042271559613,0.0
49,67,0.334832484269971,0.8671875,0.16,0.14285714285714285,0.05,0.07692307692307693,0.5078125,0.4296875,0.3333333333333333,0.00012626408437632695,0.0
49,68,0.34536589925123196,0.859375,0.16,0.14285714285714285,0.05,0.1111111111111111,0.50390625,0.5,0.25,2.0906951352389903e-06,0.16666666666666666
49,69,0.3008551038182832,0.8671875,0.04,0.1111111111111111,0.043478260869565216,0.07692307692307693,0.46484375,0.51953125,0.125,0.0,0.0
50,51,0.4439081456995516,0.8984375,0.08,0.1111111111111111,1.0,0.3333333333333333,0.5390625,0.51171875,0.1111111111111111,0.5484633079554893,0.0
50,52,0.4464270547487701,0.91015625,0.12,0.2,0.5,0.25,0.4765625,0.46875,0.3333333333333333,0.9344960513683906,0.0
50,53,0.3527634697190144,0.890625,0.08,0.1111111111111111,0.5,0.1111111111111111,0.46484375,0.49609375,0.16666666666666666,0.04211685642801777,0.0
50,54,0.33550136879087167,0.89453125,0.04,0.1111111111111111,0.2,0.16666666666666666,0.4921875,0.47265625,0.2,0.12040475762563826,0.0
50,55,0.3299020147001838,0.88671875,0.04,0.09090909090909091,0.25,0.1,0.5234375,0.484375,0.2,0.008892479851548575,0.0
50,56,0.3302436295712151,0.89453125,0.04,0.1,0.14285714285714285,0.16666666666666666,0.5234375,0.52734375,0.16666666666666666,0.021987080155172155,0.0
50,57,0.32149570474164013,0.8671875,0.08,0.1111111111111111,0.16666666666666666,0.14285714285714285,0.5078125,0.4453125,0.16666666666666666,0.002696269503526222,0.0
50,58,0.32419782243164935,0.87890625,0.12,0.125,0.1111111111111111,0.16666666666666666,0.47265625,0.484375,0.125,0.0024926423793408823,0.0
50,59,0.34479001416004385,0.88671875,0.04,0.1111111111111111,0.1,0.07142857142857142,0.515625,0.51953125,0.5,0.0022244423499375976,0.0
50,60,0.3272274245051126,0.88671875,0.12,0.1111111111111111,0.1111111111111111,0.125,0.53125,0.484375,0.1111111111111111,0.00032397323335737544,0.0
50,61,0.3353369654953472,0.8828125,0.08,0.125,0.08333333333333333,0.07692307692307693,0.49609375,0.52734375,0.3333333333333333,0.00027287577715376577,0.0
50,62,0.33344005408589084,0.890625,0.12,0.1111111111111111,0.07692307692307693,0.07692307692307693,0.47265625,0.48828125,0.3333333333333333,0.00019080527766777126,0.0
50,63,0.3304489740300879,0.87109375,0.12,0.125,0.07692307692307693,0.16666666666666666,0.484375,0.515625,0.2,0.00017921460402821457,0.0
50,64,0.32940508146971526,0.8984375,0.04,0.1111111111111111,0.07142857142857142,0.14285714285714285,0.48828125,0.55859375,0.25,0.0002359808444601107,0.0
50,65,0.31772298271919436,0.8828125,0.08,0.1,0.07142857142857142,0.07692307692307693,0.5,0.51953125,0.16666666666666666,1.0067603179256336e-05,0.0
50,66,0.37234371115572773,0.890625,0.08,0.3333333333333333,0.058823529411764705,0.09090909090909091,0.55078125,0.4453125,0.5,0.00076305580401867,0.0
50,67,0.31551853453146605,0.88671875,0.04,0.125,0.058823529411764705,0.0625,0.51953125,0.51171875,0.16666666666666666,7.198075319281987e-05,0.0
50,68,0.3754122038648733,0.85546875,0.12,0.125,0.058823529411764705,0.08333333333333333,0.4453125,0.46484375,1.0,1.1918655354323548e-06,0.0
50,69,0.30814687500000004,0.86328125,0.04,0.1,0.05,0.0625,0.53125,0.4765625,0.2,0.0,0.0
51,52,0.444605557813123,0.90234375,0.16,0.2,0.5,0.5,0.53125,0.50390625,0.14285714285714285,0.5869081064091921,0.08333333333333333
51,53,0.3799940087381175,0.8984375,0.12,0.14285714285714285,0.5,0.14285714285714285,0.48828125,0.5078125,0.25,0.023099550397197036,0.08333333333333333
51,54,0.3442174638329895,0.91796875,0.0,0.1111111111111111,0.2,0.25,0.5,0.546875,0.2,0.06603759166093648,0.0
51,55,0.32900096526825184,0.88671875,0.0,0.1111111111111111,0.25,0.125,0.515625,0.50390625,0.2,0.004877198915307869,0.0
51,56,0.3200820285457084,0.88671875,0.08,0.125,0.14285714285714285,0.25,0.4609375,0.4609375,0.07142857142857142,0.012059106714188212,0.0
51,57,0.32818351996012934,0.8828125,0.04,0.1111111111111111,0.16666666666666666,0.2,0.4609375,0.49609375,0.25,0.0014788048910434964,0.0
51,58,0.3495709162619843,0.87890625,0.04,0.125,0.1111111111111111,0.25,0.45703125,0.51953125,0.5,0.0013671228849233418,0.0
51,59,0.3133941836434333,0.90234375,0.04,0.14285714285714285,0.1,0.08333333333333333,0.4375,0.4765625,0.125,0.0012200250096030566,0.08333333333333333
51,60,0.31066376582103883,0.88671875,0.04,0.1111111111111111,0.1111111111111111,0.16666666666666666,0.484375,0.50390625,0.058823529411764705,0.00017768743125622178,0.0
51,61,0.3345775132908675,0.8984375,0.12,0.16666666666666666,0.08333333333333333,0.09090909090909091,0.52734375,0.4921875,0.14285714285714285,0.00014966235139867928,0.0
51,62,0.30569275500560195,0.890625,0.04,0.14285714285714285,0.07692307692307693,0.09090909090909091,0.48046875,0.4609375,0.09090909090909091,0.00010464969376503146,0.0
51,63,0.3445847437119197,0.87890625,0.12,0.16666666666666666,0.07692307692307693,0.25,0.5078125,0.46484375,0.2,9.82926345592477e-05,0.08333333333333333
51,64,0.3231732418005502,0.875,0.04,0.14285714285714285,0.07142857142857142,0.2,0.46484375,0.4609375,0.16666666666666666,0.0001294268345667221,0.16666666666666666
51,65,0.3220816624714878,0.8671875,0.04,0.125,0.07142857142857142,0.09090909090909091,0.5,0.4921875,0.25,5.52171094287813e-06,0.08333333333333333
51,66,0.3082216178395668,0.8515625,0.04,0.1111111111111111,0.058823529411764705,0.1111111111111111,0.53515625,0.50390625,0.125,0.00041850811042671524,0.0
51,67,0.3121970903667758,0.87890625,0.0,0.125,0.058823529411764705,0.07142857142857142,0.46484375,0.4921875,0.25,3.947880200526163e-05,0.08333333333333333
51,68,0.32647293546350087,0.87890625,0.12,0.125,0.058823529411764705,0.1,0.53125,0.53125,0.1111111111111111,6.536945142013697e-07,0.0
51,69,0.31376456043956047,0.89453125,0.08,0.125,0.05,0.07142857142857142,0.5078125,0.51171875,0.07692307692307693,0.0,0.0
52,53,0.4203989821616819,0.90234375,0.04,0.2,1.0,0.16666666666666666,0.51171875,0.49609375,0.25,0.03935803602803202,0.08333333333333333
52,54,0.3550137150435514,0.8984375,0.0,0.14285714285714285,0.25,0.3333333333333333,0.46875,0.46484375,0.3333333333333333,0.11251777056712707,0.0
52,55,0.3485587182861078,0.875,0.08,0.14285714285714285,0.3333333333333333,0.14285714285714285,0.4453125,0.46875,0.3333333333333333,0.008309987308145115,0.0
52,56,0.343213018708501,0.90625,0.04,0.16666666666666666,0.16666666666666666,0.3333333333333333,0.515625,0.48046875,0.125,0.02054683958612868,0.0
52,57,0.3446221613351254,0.91796875,0.0,0.14285714285714285,0.2,0.25,0.515625,0.4921875,0.25,0.002519653204470265,0.0
52,58,0.34922934520099136,0.8984375,0.04,0.16666666666666666,0.125,0.3333333333333333,0.51171875,0.5703125,0.16666666666666666,0.0023293644609675645,0.0
52,59,0.36039628329898515,0.8671875,0.04,0.2,0.1111111111111111,0.09090909090909091,0.5078125,0.54296875,0.5,0.0020787325925133086,0.08333333333333333
52,60,0.3246899995180237,0.8984375,0.04,0.14285714285714285,0.125,0.2,0.46875,0.546875,0.09090909090909091,0.0003027517073215175,0.0
52,61,0.39839427735290317,0.88671875,0.08,0.25,0.09090909090909091,0.1,0.48828125,0.45703125,1.0,0.000255001336264275,0.0
52,62,0.3402836150733803,0.90234375,0.08,0.2,0.08333333333333333,0.1,0.50390625,0.53515625,0.2,0.0001783067785607816,0.0
52,63,0.356730881853722,0.84375,0.08,0.25,0.08333333333333333,0.3333333333333333,0.4609375,0.5,0.3333333333333333,0.00016747533981191617,0.08333333333333333
52,64,0.3659233275438869,0.87890625,0.04,0.2,0.07692307692307693,0.25,0.51953125,0.49609375,0.5,0.00022052316734655182,0.08333333333333333
52,65,0.3196294106419712,0.84765625,0.04,0.16666666666666666,0.07692307692307693,0.1,0.46875,0.48046875,0.25,9.4081354177589e-06,0.08333333333333333
52,66,0.35565840935814974,0.87890625,0.04,0.2,0.0625,0.125,0.51171875,0.5390625,0.5,0.0007130726358291797,0.0
52,67,0.3253225455591626,0.859375,0.0,0.16666666666666666,0.0625,0.07692307692307693,0.52734375,0.52734375,0.25,6.726572963321284e-05,0.08333333333333333
52,68,0.34041777516095156,0.84375,0.04,0.16666666666666666,0.0625,0.1111111111111111,0.5859375,0.54296875,0.3333333333333333,1.1137936366236081e-06,0.0
52,69,0.3224169823597455,0.8984375,0.04,0.16666666666666666,0.05263157894736842,0.07692307692307693,0.546875,0.4921875,0.14285714285714285,0.0,0.0
53,54,0.4274220123285682,0.91796875,0.08,0.3333333333333333,0.25,0.25,0.53515625,0.5078125,0.5,0.34979395547613856,0.0
53,55,0.4263162123644903,0.87890625,0.08,0.3333333333333333,0.3333333333333333,0.5,0.45703125,0.52734375,0.5,0.21113826163039442,0.0
53,56,0.39182590035688486,0.86328125,0.04,0.5,0.16666666666666666,0.25,0.48828125,0.453125,0.09090909090909091,0.5220494125137387,0.0
53,57,0.4433317514261393,0.8984375,0.04,0.3333333333333333,0.2,0.3333333333333333,0.53515625,0.51953125,1.0,0.06401877376898811,0.0
53,58,0.36329270431393423,0.87109375,0.08,0.25,0.125,0.25,0.5234375,0.47265625,0.3333333333333333,0.05918396078779232,0.0
53,59,0.44165472169618314,0.88671875,0.12,1.0,0.1111111111111111,0.16666666666666666,0.44140625,0.4921875,0.2,0.05281596345490335,0.08333333333333333
53,60,0.32185290382609105,0.90234375,0.0,0.1111111111111111,0.125,0.5,0.46484375,0.44140625,0.07142857142857142,0.007692246307866792,0.0
53,61,0.3366677182191749,0.890625,0.04,0.16666666666666666,0.09090909090909091,0.2,0.515625,0.4921875,0.25,0.006479015774126917,0.0
53,62,0.3356322393436424,0.8828125,0.04,0.3333333333333333,0.08333333333333333,0.2,0.4609375,0.46875,0.125,0.0045303779495955016,0.0
53,63,0.37606572718016784,0.86328125,0.12,0.25,0.08333333333333333,0.25,0.46484375,0.51171875,0.5,0.00425517522501974,0.08333333333333333
53,64,0.4656066929599733,0.890625,0.08,1.0,0.07692307692307693,0.3333333333333333,0.484375,0.578125,0.3333333333333333,0.005603002324340786,0.08333333333333333
53,65,0.4314244385393418,0.875,0.04,0.5,0.07692307692307693,0.2,0.51171875,0.4375,1.0,0.00023903975826075602,0.08333333333333333
53,66,0.33591726354409845,0.8828125,0.08,0.1111111111111111,0.0625,0.3333333333333333,0.5,0.50390625,0.2,0.018117586846084166,0.0
53,67,0.4352869193387246,0.86328125,0.08,0.5,0.0625,0.125,0.515625,0.4921875,1.0,0.0017090723120763468,0.08333333333333333
53,68,0.37211315627421,0.86328125,0.08,0.5,0.0625,0.25,0.51171875,0.5078125,0.16666666666666666,2.8299014611154112e-05,0.0
53,69,0.35919177631578947,0.87109375,0.08,0.5,0.05263157894736842,0.125,0.45703125,0.56640625,0.1,0.0,0.0
54,55,0.4289219182612831,0.8671875,0.04,0.2,0.5,0.2,0.4765625,0.49609375,1.0,0.07385488768805148,0.0
54,56,0.4278920004040972,0.8984375,0.12,0.25,0.3333333333333333,1.0,0.4765625,0.515625,0.1,0.18260972895717503,0.08333333333333333
54,57,0.4317623528060831,0.91015625,0.08,0.3333333333333333,0.5,0.5,0.484375,0.47265625,0.5,0.022393380101386414,0.0
54,58,0.39963900650468237,0.8671875,0.04,0.25,0.2,1.0,0.49609375,0.51171875,0.25,0.020702191744706555,0.0
54,59,0.36030223228615044,0.90625,0.04,0.3333333333333333,0.16666666666666666,0.1111111111111111,0.5234375,0.4765625,0.25,0.018474704769173823,0.0
54,60,0.32632674656293104,0.8828125,0.04,0.1111111111111111,0.2,0.3333333333333333,0.484375,0.48046875,0.07692307692307693,0.0026907012625254478,0.0
54,61,0.33578702089998014,0.87890625,0.0,0.125,0.125,0.125,0.58203125,0.484375,0.3333333333333333,0.00226632055522415,0.0
54,62,0.3182406672468278,0.87109375,0.0,0.2,0.1111111111111111,0.125,0.49609375,0.5,0.14285714285714285,0.0015846988227908889,0.0
54,63,0.4392125699632812,0.8671875,0.0,0.16666666666666666,0.1111111111111111,1.0,0.53125,0.50390625,1.0,0.0014884345732037226,0.0
54,64,0.39848321878073434,0.88671875,0.04,0.3333333333333333,0.1,0.5,0.54296875,0.5,0.5,0.0019598963455731617,0.0
54,65,0.37100189187975346,0.89453125,0.08,0.25,0.1,0.125,0.5078125,0.5234375,0.5,8.361466255808982e-05,0.0
54,66,0.3293736748291739,0.90234375,0.04,0.1111111111111111,0.07692307692307693,0.16666666666666666,0.49609375,0.51953125,0.25,0.0063374223665742385,0.0
54,67,0.40386301099824573,0.875,0.2,0.5,0.07692307692307693,0.09090909090909091,0.43359375,0.546875,0.5,0.0005978231642359348,0.0
54,68,0.3757821186547301,0.8828125,0.16,0.5,0.07692307692307693,0.14285714285714285,0.421875,0.53125,0.2,9.898824256912636e-06,0.0
54,69,0.3320278093434344,0.890625,0.08,0.25,0.0625,0.09090909090909091,0.5,0.51171875,0.1111111111111111,0.0,0.0
55,56,0.37150709364101253,0.8828125,0.04,0.25,0.25,0.2,0.5,0.52734375,0.1,0.4044411440168758,0.0
55,57,0.4183685113615405,0.86328125,0.16,0.2,0.3333333333333333,0.25,0.4921875,0.4765625,0.5,0.30320782824789666,0.16666666666666666
55,58,0.3778831249839404,0.8828125,0.08,0.25,0.16666666666666666,0.2,0.52734375,0.5234375,0.25,0.28030902751011605,0.0
55,59,0.37083436893661775,0.8984375,0.04,0.3333333333333333,0.14285714285714285,0.2,0.46875,0.48828125,0.25,0.25014870846743875,0.0
55,60,0.3374814490639396,0.8984375,0.04,0.1111111111111111,0.16666666666666666,0.3333333333333333,0.5078125,0.4921875,0.07692307692307693,0.036432270723779865,0.08333333333333333
55,61,0.34987172325034366,0.88671875,0.04,0.16666666666666666,0.1111111111111111,0.25,0.53515625,0.48046875,0.3333333333333333,0.030686128246469515,0.0
55,62,0.3318784869584557,0.90234375,0.04,0.2,0.1,0.25,0.48046875,0.46484375,0.14285714285714285,0.021456925498070555,0.0
55,63,0.41860921007651436,0.8828125,0.16,0.25,0.1,0.2,0.4609375,0.5078125,1.0,0.02015350127523824,0.0
55,64,0.3777462047395278,0.88671875,0.04,0.3333333333333333,0.09090909090909091,0.25,0.51171875,0.47265625,0.5,0.026537124446676816,0.0
55,65,0.4084906561520545,0.86328125,0.16,0.5,0.09090909090909091,0.25,0.515625,0.46484375,0.5,0.0011321479887866285,0.0
55,66,0.33794379837360033,0.85546875,0.0,0.09090909090909091,0.07142857142857142,0.5,0.51171875,0.5078125,0.25,0.08580911250372844,0.0
55,67,0.36107451316562944,0.8984375,0.04,0.25,0.07142857142857142,0.14285714285714285,0.48828125,0.50390625,0.5,0.008094564665253061,0.0
55,68,0.3603442025578794,0.8515625,0.08,0.25,0.07142857142857142,0.3333333333333333,0.4921875,0.55078125,0.2,0.00013403072656102764,0.16666666666666666
55,69,0.3532099498132586,0.84375,0.08,0.5,0.058823529411764705,0.14285714285714285,0.4765625,0.5078125,0.1111111111111111,0.0,0.0
56,57,0.39520551052861436,0.90234375,0.08,0.25,0.5,0.5,0.484375,0.48828125,0.09090909090909091,0.12262972093145173,0.0
56,58,0.3900819980463798,0.8828125,0.04,0.2,0.3333333333333333,1.0,0.48828125,0.43359375,0.07692307692307693,0.11336850376444926,0.0
56,59,0.38474046388485306,0.90625,0.08,0.5,0.25,0.1111111111111111,0.4296875,0.546875,0.14285714285714285,0.10117042982691489,0.0
56,60,0.3535101242217062,0.8671875,0.04,0.1,0.3333333333333333,0.3333333333333333,0.515625,0.50390625,0.25,0.01473470925065806,0.0
56,61,0.3156489594449975,0.84765625,0.04,0.14285714285714285,0.16666666666666666,0.125,0.53515625,0.4453125,0.125,0.012410732813450698,0.0
56,62,0.33608988023830294,0.86328125,0.0,0.25,0.14285714285714285,0.125,0.50390625,0.5078125,0.25,0.00867806349552453,0.0
56,63,0.3801957507352736,0.859375,0.08,0.2,0.14285714285714285,1.0,0.4609375,0.55078125,0.1,0.00815090511170292,0.0
56,64,0.3856297261870969,0.85546875,0.12,0.5,0.125,0.5,0.48046875,0.4765625,0.1111111111111111,0.010732704970132175,0.0
56,65,0.3476408255063941,0.86328125,0.08,0.3333333333333333,0.125,0.125,0.578125,0.46875,0.09090909090909091,0.00045788722778126914,0.0
56,66,0.31184608283898363,0.87890625,0.0,0.1,0.09090909090909091,0.16666666666666666,0.46484375,0.55078125,0.14285714285714285,0.034704735628080734,0.0
56,67,0.345433926499612,0.84375,0.12,0.3333333333333333,0.09090909090909091,0.09090909090909091,0.53515625,0.5234375,0.09090909090909091,0.0032737749935335273,0.0
56,68,0.3422807416299122,0.8984375,0.04,0.3333333333333333,0.09090909090909091,0.14285714285714285,0.4453125,0.5234375,0.16666666666666666,5.420754038375509e-05,0.0
56,69,0.37195320616883115,0.84375,0.12,0.3333333333333333,0.07142857142857142,0.09090909090909091,0.5078125,0.51171875,0.5,0.0,0.0
57,58,0.4572447337113076,0.87109375,0.2,0.25,0.25,0.5,0.49609375,0.5078125,0.3333333333333333,0.9244782007440158,0.0
57,59,0.4112941952714042,0.88671875,0.08,0.3333333333333333,0.2,0.125,0.4765625,0.54296875,0.2,0.8250074211900695,0.0
57,60,0.36275088397429867,0.87109375,0.08,0.14285714285714285,0.25,0.5,0.5234375,0.46875,0.07142857142857142,0.12015610195259722,0.08333333333333333
57,61,0.33302542104007077,0.890625,0.0,0.125,0.14285714285714285,0.14285714285714285,0.50390625,0.51171875,0.25,0.10120493400118004,0.0
57,62,0.33296428738168715,0.875,0.04,0.2,0.125,0.14285714285714285,0.49609375,0.53515625,0.125,0.07076639683764299,0.0
57,63,0.3651349319162801,0.86328125,0.04,0.16666666666666666,0.125,0.5,0.4765625,0.4296875,0.5,0.06646761527133507,0.0
57,64,0.42130370482509333,0.8671875,0.08,0.3333333333333333,0.1111111111111111,1.0,0.50390625,0.52734375,0.3333333333333333,0.0875212378256296,0.0
57,65,0.41518747651550575,0.875,0.12,0.25,0.1111111111111111,0.14285714285714285,0.5234375,0.50390625,1.0,0.003733900919804112,0.0
57,66,0.34871478048684934,0.8671875,0.12,0.14285714285714285,0.08333333333333333,0.2,0.48828125,0.484375,0.2,0.28300427795542477,0.0
57,67,0.43403720209127683,0.83203125,0.12,0.5,0.08333333333333333,0.1,0.50390625,0.52734375,1.0,0.026696423743502777,0.0
57,68,0.38557652254607055,0.86328125,0.12,0.5,0.08333333333333333,0.16666666666666666,0.53125,0.49609375,0.16666666666666666,0.0004420424345094639,0.16666666666666666
57,69,0.3457177083333333,0.87890625,0.16,0.25,0.06666666666666667,0.1,0.515625,0.5390625,0.1,0.0,0.0
58,59,0.4217988126572899,0.859375,0.12,0.25,0.5,0.1111111111111111,0.47265625,0.51953125,0.14285714285714285,0.8924033260341969,0.0
58,60,0.42522330839856887,0.90625,0.12,0.125,1.0,0.3333333333333333,0.50390625,0.5703125,0.0625,0.12997180664281338,0.0
58,61,0.3431132900978298,0.87890625,0.04,0.14285714285714285,0.25,0.125,0.484375,0.56640625,0.16666666666666666,0.10947249369398952,0.0
58,62,0.33731784362448075,0.87109375,0.04,0.25,0.2,0.125,0.4609375,0.53515625,0.1,0.07654739374134568,0.0
58,63,0.39772634635470105,0.8671875,0.04,0.2,0.2,1.0,0.52734375,0.484375,0.25,0.07189743924501654,0.0
58,64,0.3717073408724636,0.87109375,0.04,0.25,0.16666666666666666,0.5,0.5390625,0.49609375,0.2,0.09467095898550439,0.0
58,65,0.36925483568191,0.87890625,0.08,0.3333333333333333,0.16666666666666666,0.125,0.52734375,0.48828125,0.3333333333333333,0.004038928031833618,0.0
58,66,0.34261923074512957,0.85546875,0.08,0.125,0.1111111111111111,0.16666666666666666,0.4765625,0.515625,0.14285714285714285,0.30612325712782007,0.08333333333333333
58,67,0.35623336332196087,0.875,0.04,0.3333333333333333,0.1111111111111111,0.09090909090909091,0.5,0.50390625,0.3333333333333333,0.028877288530997938,0.0
58,68,0.35176088166688746,0.875,0.04,0.3333333333333333,0.1111111111111111,0.14285714285714285,0.55078125,0.55078125,0.125,0.0004781534428326274,0.0
58,69,0.3483753787878788,0.8671875,0.16,0.3333333333333333,0.08333333333333333,0.09090909090909091,0.53515625,0.46875,0.08333333333333333,0.0,0.0
59,60,0.34512768389474696,0.8828125,0.0,0.1111111111111111,0.5,0.14285714285714285,0.4765625,0.50390625,0.1,0.14564244983308464,0.0
59,61,0.401580084294473,0.87890625,0.04,0.16666666666666666,0.3333333333333333,0.5,0.51171875,0.5234375,0.5,0.1226715437967726,0.0
59,62,0.3908247257470984,0.86328125,0.04,0.3333333333333333,0.25,0.5,0.51953125,0.5234375,0.25,0.08577667911830754,0.0
59,63,0.36733500656667606,0.8671875,0.04,0.25,0.25,0.1111111111111111,0.4921875,0.55078125,0.25,0.08056608166682408,0.16666666666666666
59,64,0.47179741534272146,0.87890625,0.2,1.0,0.2,0.125,0.45703125,0.4921875,0.3333333333333333,0.1060853946009123,0.08333333333333333
59,65,0.4149309289877993,0.90234375,0.12,0.5,0.2,0.5,0.4609375,0.53125,0.2,0.004525899796656345,0.08333333333333333
59,66,0.4240215274967344,0.87890625,0.08,0.1111111111111111,0.125,0.25,0.51171875,0.54296875,1.0,0.34303240272335045,0.0
59,67,0.3986477906255372,0.875,0.12,0.5,0.125,0.3333333333333333,0.51171875,0.5,0.2,0.032359010425619325,0.08333333333333333
59,68,0.40860089825150575,0.8671875,0.04,0.5,0.125,0.3333333333333333,0.53125,0.53125,0.5,0.000535804191763293,0.0
59,69,0.3845154356060606,0.8515625,0.12,0.5,0.09090909090909091,0.3333333333333333,0.515625,0.51953125,0.16666666666666666,0.0,0.0
60,61,0.3827594535928469,0.87109375,0.08,0.16666666666666666,0.25,0.16666666666666666,0.46484375,0.51171875,0.09090909090909091,0.8422787720019944,0.0
60,62,0.3651366347590435,0.88671875,0.04,0.1111111111111111,0.2,0.16666666666666666,0.49609375,0.54296875,0.14285714285714285,0.5889538332856457,0.0
60,63,0.37605072776948756,0.8671875,0.12,0.16666666666666666,0.2,0.3333333333333333,0.46875,0.515625,0.07692307692307693,0.5531771935940233,0.0
60,64,0.37469335021825984,0.87890625,0.0,0.1111111111111111,0.16666666666666666,0.5,0.51171875,0.48046875,0.08333333333333333,0.7283961147487756,0.0
60,65,0.30884964404092013,0.87890625,0.0,0.1,0.16666666666666666,0.16666666666666666,0.5234375,0.44921875,0.07142857142857142,0.03107541655501751,0.0
60,66,0.3520342778825547,0.87890625,0.08,0.14285714285714285,0.1111111111111111,0.25,0.50390625,0.4765625,0.1,0.4245734475134778,0.0
60,67,0.32728508668408035,0.8515625,0.08,0.125,0.1111111111111111,0.1111111111111111,0.50390625,0.52734375,0.07142857142857142,0.22218117357065045,0.0
60,68,0.31973913685319766,0.8515625,0.04,0.125,0.1111111111111111,0.2,0.484375,0.52734375,0.1111111111111111,0.003678901256998617,0.08333333333333333
60,69,0.3050833333333334,0.859375,0.0,0.1,0.08333333333333333,0.1111111111111111,0.53125,0.453125,0.2,0.0,0.0
61,62,0.4825168162807564,0.8671875,0.2,0.25,0.5,1.0,0.484375,0.5234375,0.2,0.6992386046792725,0.0
61,63,0.4408411724792598,0.89453125,0.12,0.3333333333333333,0.5,0.125,0.51171875,0.48046875,0.3333333333333333,0.6567625968765523,0.0
61,64,0.42580062741588953,0.8671875,0.12,0.16666666666666666,0.3333333333333333,0.14285714285714285,0.4453125,0.5234375,0.5,0.864792202963238,0.0
61,65,0.3963106911311747,0.84375,0.04,0.14285714285714285,0.3333333333333333,1.0,0.54296875,0.4765625,0.25,0.036894455360848066,0.0
61,66,0.3776305104531116,0.8359375,0.08,0.125,0.16666666666666666,0.3333333333333333,0.4453125,0.52734375,0.5,0.35760920199630536,0.0
61,67,0.35682521303988024,0.89453125,0.04,0.14285714285714285,0.16666666666666666,0.25,0.484375,0.5078125,0.25,0.2637857927281638,0.0
61,68,0.3496705498605265,0.86328125,0.0,0.14285714285714285,0.16666666666666666,0.5,0.44140625,0.5390625,0.3333333333333333,0.0043677952944893945,0.0
61,69,0.3299353174603175,0.88671875,0.04,0.14285714285714285,0.1111111111111111,0.25,0.50390625,0.41796875,0.14285714285714285,0.0,0.16666666666666666
62,63,0.46166505632105537,0.85546875,0.04,0.25,1.0,0.125,0.56640625,0.48828125,0.14285714285714285,0.9392539148747326,0.0
62,64,0.43008101600314363,0.8671875,0.04,0.3333333333333333,0.5,0.14285714285714285,0.546875,0.5234375,0.16666666666666666,0.8085625683063621,0.0
62,65,0.4257720753804025,0.875,0.08,0.25,0.5,1.0,0.51953125,0.515625,0.125,0.052763756340041976,0.0
62,66,0.3763209578987952,0.859375,0.2,0.1111111111111111,0.2,0.3333333333333333,0.484375,0.51171875,0.25,0.25005415942436465,0.0
62,67,0.3848879558828708,0.86328125,0.12,0.25,0.2,0.25,0.5625,0.515625,0.125,0.3772471813811787,0.0
62,68,0.37186958178253793,0.85546875,0.0,0.25,0.2,0.5,0.48828125,0.5625,0.3333333333333333,0.006246501931186737,0.0
62,69,0.35742291666666665,0.87890625,0.04,0.25,0.125,0.25,0.51953125,0.49609375,0.3333333333333333,0.0,0.0
63,64,0.45804173346217514,0.86328125,0.04,0.25,0.5,0.5,0.51953125,0.44140625,0.5,0.759445557702919,0.08333333333333333
63,65,0.3912518245914562,0.89453125,0.04,0.2,0.5,0.125,0.4921875,0.45703125,0.5,0.056176243190936316,0.08333333333333333
63,66,0.36118873589020273,0.87109375,0.12,0.125,0.2,0.16666666666666666,0.48828125,0.5390625,0.25,0.23486434817004503,0.0
63,67,0.3860126551251265,0.8828125,0.04,0.2,0.2,0.09090909090909091,0.46484375,0.51171875,0.5,0.40164557784301785,0.08333333333333333
63,68,0.3407548331734731,0.8671875,0.12,0.2,0.2,0.14285714285714285,0.4375,0.50390625,0.2,0.006650493367408351,0.0
63,69,0.32347468434343435,0.875,0.04,0.2,0.125,0.09090909090909091,0.484375,0.5390625,0.1111111111111111,0.0,0.0
64,65,0.45790411313848295,0.890625,0.08,0.5,1.0,0.14285714285714285,0.47265625,0.46875,0.3333333333333333,0.04266279833979544,0.08333333333333333
64,66,0.35482733397565863,0.859375,0.04,0.1111111111111111,0.25,0.2,0.4921875,0.44921875,0.3333333333333333,0.30925764959431046,0.0
64,67,0.4161527186585008,0.88671875,0.08,0.5,0.25,0.1,0.5078125,0.484375,0.3333333333333333,0.30502794986390186,0.08333333333333333
64,68,0.3868936662586646,0.87890625,0.08,0.5,0.25,0.16666666666666666,0.49609375,0.4765625,0.25,0.005050687644410998,0.0
64,69,0.3905598214285715,0.86328125,0.24,0.5,0.14285714285714285,0.1,0.51171875,0.52734375,0.125,0.0,0.0
65,66,0.3435322528043809,0.8671875,0.04,0.1,0.25,0.3333333333333333,0.49609375,0.53515625,0.2,0.013193796739681187,0.0
65,67,0.449513787614991,0.89453125,0.08,0.3333333333333333,0.25,0.25,0.50390625,0.484375,1.0,0.13986521024985032,0.08333333333333333
65,68,0.3814021318347767,0.86328125,0.08,0.3333333333333333,0.25,0.5,0.4921875,0.453125,0.16666666666666666,0.11838622502405725,0.0
65,69,0.44401607142857147,0.87890625,0.16,1.0,0.14285714285714285,0.25,0.46875,0.52734375,0.1,0.0,0.0
66,67,0.40489118361012894,0.86328125,0.08,0.125,1.0,0.16666666666666666,0.5234375,0.48828125,0.2,0.09433222683548147,0.0
66,68,0.4461624678273847,0.87890625,0.04,0.125,1.0,0.5,0.51171875,0.55859375,0.5,0.00156196378974557,0.0
66,69,0.3227552083333333,0.86328125,0.0,0.1,0.25,0.16666666666666666,0.50390625,0.515625,0.16666666666666666,0.0,0.0
67,68,0.511876820188554,0.8671875,0.12,1.0,1.0,0.2,0.57421875,0.4375,0.16666666666666666,0.016558114253675857,0.0
67,69,0.416596875,0.8828125,0.12,0.3333333333333333,0.25,1.0,0.52734375,0.49609375,0.1,0.0,0.0
68,69,0.353028125,0.8515625,0.08,0.3333333333333333,0.25,0.2,0.4765625,0.43359375,0.2,0.0,0.0
