LINEAR ORDER — EVERY SORT KEY
One chart per series as the linear (row) column; everything else to the right.

========================================================================================
ROW ORDER = n  (linear_rank ascending)
========================================================================================
  n nRk   d l2d  Px  Py Pmy  -y  y2p  x3p  Y2f  X3f   C  h3p  a2p  h2p  a3p   r   s   z  Ry h160  pay  lex sPub  sVH sCHK   c4 dbit
-----------------------------------------------------------------------------------------------------------------------------------
  1   1   1   1  51  26  63  63   24   24   26   51  51  128   31    2   94  11  82  76  54   65   65   63    3  132   51   51    1
  2   2   2   2  86  21  68  68   82   82   21   86  86   53   23  152  132  37  64  59  80   73   73   71   81   46  112  112    2
  3   3   3   3  41  40  49  49   73   73   40   41  41   40   17   68  149  31  18  74  33   50   50   48   57   98   42   42    3
  4   4   4   4  20  31  58  58   62   62   31   20  20   82   20   30   64  62  70  69  13   87   87   85   66   33   48   48    4
  5   5   5   5  23  18  71  71   51   51   18   23  23   97   15   51   98  47  35  20  28   84   84   82   79   78  120  120    5
  6   6   6   6  82  81   8   8   30   30   81   82  82  125    3   47  134  30   1  19  65  157  157  155   32  145   81   81    6
  7   7   7   7  62  66  23  23   76   76   66   62  62  124   62   74   28  69   9   9  52  134  134  132    9   89   50   50    7
  8   8   8   8   2  74  15  15   11   11   74    2   2  139  112   50   24  36   4  64  26  129  129  127   29   69   57   57    8
  9   9   9   9  31  51  38  38    3    3   51   31  31  156   46   32   17   3  50   3  18   72   72   70   65   42   91   91    9
 10  10  10  10  69  77  12  12   27   27   77   69  69   72  114   89  153  56  41  24  51  124  124  122   45  135  111  111   10
 11  11  11  11  58  12  77  77   21   21   12   58  58   54  121  141   72   9  84  14  49  154  154  152   20  155   60   60   11
 12  12  12  12  57  35  54  54   87   87   35   57  57   84   81  117   14  16  37  83  36   79   79   77   72  149   89   89   12
 13  13  13  13  70  17  72  72   83   83   17   70  70   94  140   29   11  86  33  30  12  156  156  154   78   66   49   49   13
 14  14  14  14  74  45  44  44   19   19   45   74  74   62   10  101   58  70  58  41  58   88   88   86   41   19   44   44   14
 15  15  15  15  88  70  19  19   65   65   70   88  88   76  134  121  123  61  83  28  16  159  159  157   75  100  101  101   15
 16  16  16  16  64  49  40  40    1    1   49   64  64  119  145  123  143  60  52  48  63   62   62   60   77    6   27   27   16
 17  17  17  17  29  22  67  67   69   69   22   29  29   24  142   82  116  33  88  42   8  105  105  103   87   15  156  156   17
 18  18  18  18   5  53  36  36   63   63   53    5   5   15   12   59  119   5  85  68  67   99   99   97    7   43  130  130   18
 19  19  19  19  54  25  64  64   68   68   25   54  54   95   78   96   81  17  55  79  32  140  140  138   15  131   84   84   19
 20  20  20  20  25  52  37  37   79   79   52   25  25  106   73   55   61  18  29  22  20  106  106  104   44  121   30   30   20
 21  21  21  21  13  16  73  73   22   22   16   13  13   26  148   91  142  44  74  78   9   18   18   15    1  120   31   31   21
 22  22  22  22  27  43  46  46   74   74   43   27  27   71   64   41   21   7  10  72  44   77   77   75   54   14  153  153   22
 23  23  23  23  85  55  34  34    6    6   55   85  85   13   49   31   85   1  53  57  73  121  121  119   27  138  143  143   23
 24  24  24  24  47  76  13  13   48   48   76   47  47   65   97   54  127  52  20  36  72    3    3  160   83   51    1    1   24
 25  25  25  25   1  64  25  25   61   61   64    1   1  103   53  109   44  12  78  56  40   22   22   19   13   54   83   83   25
 26  26  26  26  37   6  83  83   47   47    6   37  37   57   42  104   87  23  49  75  82  110  110  108   88   49   41   41   26
 27  27  27  27  14   3  86  86    4    4    3   14  14   32   51  107   10  68  48   8  70    5    5    2   47   47  122  122   27
 28  28  28  28  80   7  82  82   49   49    7   80  80    1  153   11   71  79  71  21  81    9    9    6   64  160   66   66   28
 29  29  29  29  46  85   4   4   43   43   85   46  46   66   72  140  113  73  60  27  27   46   46   44   71  122  128  128   29
 30  30  30  30   6  63  26  26   42   42   63    6   6   90  110   58   66  66   2  32  50  123  123  121   18  105   10   10   30
 31  31  31  31  56  24  65  65   10   10   24   56  56   33   55  157  107  39  51  63  11  125  125  123   11   88   55   55   31
 32  32  32  32   4  27  62  62   20   20   27    4   4   48    6   73  129  81  59  45  57   91   91   89   10   35   14   14   32
 33  33  33  33  66   4  85  85    2    2    4   66  66  153  150   88  122  65  17  65  19   40   40   38   42  110   28   28   33
 34  34  34  34  26  71  18  18   23   23   71   26  26   30   84   38  141   8  24  23  25  148  148  146   16   25  155  155   34
 35  35  35  35  84  54  35  35   28   28   54   84  84  136   74   63   15  29  86  53  60  149  149  147   33  153  125  125   35
 36  36  36  36  73  41  48  48   53   53   41   73  73   93    1   78  136  26  87  84  64   64   64   62   43  154  152  152   36
 37  37  37  37  52  34  55  55   84   84   34   52  52  114   34   19  106  63  36  39  48   17   17   14   69   86  126  126   37
 38  38  38  38  76  20  69  69   60   60   20   76  76  154  154   53  101  88  66  50  55  104  104  102   53   56  137  137   38
 39  39  39  39  19  19  70  70   32   32   19   19  19   12   75    5   20  46   3  26  53    4    4    1   63   13   58   58   39
 40  40  40  40  65  47  42  42    9    9   47   65  65  115   40  120   26  75  40  60   7   86   86   84   51  146  117  117   40
 41  41  41  41  72  56  33  33   75   75   56   72  72  148   38   36  139  50  77  70  37  122  122  120   67  148  113  113   41
 42  42  42  42  81  13  76  76   18   18   13   81  81   70   71   52  144  82  27  34  71   83   83   81   86  119   16   16   42
 43  43  43  43  68  69  20  20   56   56   69   68  68   58   45   35   75  27  25   5  46  155  155  153   14   55  114  114   43
 44  44  44  44  43  44  45  45   71   71   44   43  43   75   50   98   70  24  65  52  74   78   78   76   34  140   34   34   44
 45  45  45  45  48  61  28  28   57   57   61   48  48   31  122  158    4  72  57  86  30  146  146  144    8  113  109  109   45
 46  46  46  46  87  59  30  30   34   34   59   87  87  105   86  128  146  64  79  43  17   90   90   88   39   71   88   88   46
 47  47  47  47  24  67  22  22   64   64   67   24  24   43  115   20  100  67  42  15  15  153  153  151   61   16  149  149   47
 48  48  48  48  61  32  57  57   85   85   32   61  61   73    9   46   46  59  14  80  68   80   80   78   35    4  115  115   48
 49  49  49  49  39  65  24  24   17   17   65   39  39   81  127   24   77  49  61  10   5    6    6    3   38  108   13   13   49
 50  50  50  50  83  83   6   6   52   52   83   83  83  110   82   75  147  25  43  13  75  130  130  128   55   82  102  102   50
 51  51  51  51  59  48  41  41   14   14   48   59  59   98  104  124   22  85  39  49  43  145  145  143   21    2   53   53   51
 52  52  52  52  50  79  10  10   40   40   79   50  50   91  102   21   55  43  54  73   6   29   29   26   49   10  124  124   52
 53  53  53  53   7  37  52  52   29   29   37    7   7   14   99  106    7  45  62   6  14   23   23   20   23  109   76   76   53
 54  54  54  54  35   1  88  88    7    7    1   35  35   79  125  125    2  14  75  35   3  116  116  114   12  123   99   99   54
 55  55  55  55  55  10  79  79   25   25   10   55  55   16  147   93   52  74  26  33   2  127  127  125   74  137  107  107   55
 56  56  56  56  28  80   9   9    5    5   80   28  28   63  139  102   56  41  68  38  29   36   36   33    4   27   62   62   56
 57  57  57  57  67  42  47  47   44   44   42   67  67  126  100  127   83  83  63  44  56   25   25   22   17   41   18   18   57
 58  58  58  58   9  29  60  60   41   41   29    9   9  132  120  110  130  21  31  77  42   82   82   80   76   11  118  118   58
 59  59  59  59  30   8  81  81   37   37    8   30  30   36   98   99   50  53  11  17  61  102  102  100   22   84   68   68   59
 60  60  60  60  33  72  17  17   36   36   72   33  33  134  146   45    1  77  67  61   1  118  118  116   58   40  116  116   60
 61  61  61  61  34  75  14  14   67   67   75   34  34   60   24  148   74  38  12  81  38   56   56   54   31   60   74   74   61
 62  62  62  62  17  23  66  66   50   50   23   17  17  135   68  115   90  48  73  71  78  136  136  134   56   21  159  159   62
 63  63  63  63  45  30  59  59   80   80   30   45  45  120  109   13   18  76   8  12  10  144  144  142   73   23   98   98   63
 64  64  64  64   8  28  61  61   45   45   28    8   8   64  101  131   76  28  69  82  31   32   32   29    5    8   43   43   64
 65  65  65  65  21  82   7   7   13   13   82   21  21  147  137   49    3  35  46  18  66   43   43   41   40  159  158  158   65
 66  66  66  66  38  46  43  43   39   39   46   38  38    9   54  116   54  20  23  31  22   14   14   11   36   67  154  154   66
 67  67  67  67  10  84   5   5   38   38   84   10  10    4   65  132   41  42  76   4  41   63   63   61   62   79   71   71   67
 68  68  68  68  16  11  78  78   77   77   11   16  16  101  105  138   99  32  13  16   4  132  132  130    2   36   35   35   68
 69  69  69  69  36  73  16  16   86   86   73   36  36  113   79  156   91   6   6  55  77   52   52   50   70  144  127  127   69
 70  70  70  70  60  78  11  11   31   31   78   60  60  155  116   94  108  22  45  87  59   49   49   47   82   76   45   45   70
 71  71                                                   28   94   97    6                  150  150  148        90  108  108     
 72  72                                                   34   44  113  133                  109  109  107        34   15   15     
 73  73                                                   92   76  105   60                    8    8    5       114   17   17     
 74  74                                                   45   37  143  117                   93   93   91        83   95   95     
 75  75  71  71  49  57  32  32   54   54   57   49  49   59  136  160  156  13  47  85  35  108  108  106   80  157  110  110   75
 76  76                                                  122   48    6  152                   81   81   79        77  103  103     
 77  77                                                   80    2  154  148                   67   67   65        24   37   37     
 78  78                                                  133  113  139   82                   27   27   24       136  157  157     
 79  79                                                  117  106   10  111                   55   55   53        57  136  136     
 80  80  72  72  53  36  53  53   15   15   36   53  53   42  117  119  140  51  28  25  23   61   61   59   50   74   70   70   80
 81  81                                                   37   56  144   80                   28   28   25        39  129  129     
 82  82                                                  109   95   79   43                   13   13   10        12  131  131     
 83  83                                                  100   60  111   32                   16   16   13        63   69   69     
 84  84                                                  151   47   27   16                   71   71   69       125  148  148     
 85  85  73  73  18   9  80  80   26   26    9   18  18   99  128  145  124   4  81  29  62  117  117  115   28  124    5    5   85
 86  86                                                  130   96    7  138                  112  112  110         7   29   29     
 87  87                                                   55   16   61   67                  158  158  156       106   32   32     
 88  88                                                  159  144   70    5                   30   30   27        65    3    3     
 89  89                                                  102   80  100  128                   48   48   46       139   67   67     
 90  90  74  74  40  60  29  29   81   81   60   40  40   21  118   25   59   2  80  67  39  120  120  118   37   20  132  132   90
 91  91                                                   89    7   15   79                   89   89   87       126   52   52     
 92  92                                                   20   67   80  109                   54   54   52       117    2    2     
 93  93                                                   47   19   28  151                   35   35   32        26  104  104     
 94  94                                                    7  159  137   36                  113  113  111        52   97   97     
 95  95  75  75  63  58  31  31   12   12   58   63  63   86   22  114  105  78  44  40  21   51   51   49   24   80   78   78   95
 96  96                                                    3  126   23   45                   20   20   17       111   63   63     
 97  97                                                   44  119  146   12                   45   45   43        44  151  151     
 98  98                                                   67  131   60   63                   75   75   73         9  141  141     
 99  99                                                  118   13    3  125                  111  111  109        17   26   26     
100 100  76  76  78  50  39  39   35   35   50   78  78  152   61   81  137  34  56  11  76  114  114  112   30   97   47   47  100
101 101                                                   23   27   67   93                   69   69   67        31   11   11     
102 102                                                   22   92   90   25                  152  152  150       115  123  123     
103 103                                                  160  123  147   29                   59   59   57       158   86   86     
104 104                                                   46   32   71   37                   85   85   83       107   87   87     
105 105  77  77  75   5  84  84   55   55    5   75  75  131   33   77   33  15  34  58  24   70   70   68    6   87   64   64  105
106 106                                                  108    4  112   35                   42   42   40        94   19   19     
107 107                                                   78   66  155  120                   21   21   18       151   77   77     
108 108                                                  141   36   65  159                  103  103  101       133    6    6     
109 109                                                   51   90   57  135                  101  101   99       129  100  100     
110 110  78  78   3   2  87  87   72   72    2    3   3  157   58  159   48  19  38   2  69    7    7    4   19   92   46   46  110
111 111                                                   29   29   48  121                   39   39   37       147   93   93     
112 112                                                   35    8    1   96                   41   41   39       150  145  145     
113 113                                                  144   41   26   42                  141  141  139        37  134  134     
114 114                                                    2   57   95   78                   34   34   31        50   59   59     
115 115  79  79  32  39  50  50   46   46   39   32  32  150   26   17  154  55   5   1  47  139  139  137   25   91   94   94  115
116 116                                                   50  138   33   27                  137  137  135        81   61   61     
117 117                                                   17  157   44  157                  115  115  113        29   96   96     
118 118                                                   83   88  134  155                  147  147  145        48  144  144     
119 119                                                   69   35  103   40                  100  100   98        95   90   90     
120 120  80  80  77  15  74  74   66   66   15   77  77  142  160   12  102  58  15  46  34   37   37   34   59   64  160  160  120
121 121                                                  140  129   85   95                   98   98   96         1  142  142     
122 122                                                   10   63   14   47                  135  135  133        73  133  133     
123 123                                                   27   69  129  131                   76   76   74        75  146  146     
124 124                                                  111   52   86   38                   66   66   64       127   24   24     
125 125  81  81  22  14  75  75   70   70   14   22  22   56  103    9   23  10  72  37  79  151  151  149   85   38   82   82  125
126 126                                                  121   43  149   84                   57   57   55        70   38   38     
127 127                                                   41   91   40  158                   97   97   95       143   20   20     
128 128                                                  146   87  153   97                  133  133  131       112   22   22     
129 129                                                  104  132  130   13                  107  107  105       134  105  105     
130 130  82  82  44  62  27  27   58   58   62   44  44  116   28  142   92  57  19  51  45   94   94   92   52   93   12   12  130
131 131                                                  158   11   22   86                   33   33   30         5   36   36     
132 132                                                    5   83   83   51                  119  119  117        59    4    4     
133 133                                                   87  152   62   30                    1    1   35       156    8    8     
134 134                                                   77  151  135    8                   10   10    7       141   21   21     
135 135          12  38  51  51   59   59   38   12  12   68   21   64   39  71  22  54       31   31   28   68   85   79   79     
136 136                                                   61  124   43  150                    2    2  159        32  147  147     
137 137                                                  149  143   37   62                   26   26   23       130   23   23     
138 138                                                  137  158   66   73                   58   58   56        22   85   85     
139 139                                                  123   14  108   53                   96   96   94        72   40   40     
140 140          15  88   1   1    8    8   88   15  15    6  111  133  103  80  21  88      160  160  158   26  118   72   72     
141 141                                                   25   18  126  104                   68   68   66        61   33   33     
142 142                                                   49   93   18  118                   24   24   21       103  121  121     
143 143                                                    8   39   92   49                   11   11    8         3   54   54     
144 144                                                   11  149   84   19                  142  142  140       104   80   80     
145 145          71  33  56  56   33   33   33   71  71  107  133   16  126  54   7   7       47   47   45   84  102   75   75     
146 146                                                  127  141   87   57                  128  128  126        18   92   92     
147 147                                                  129   70   39  114                   44   44   42        99   25   25     
148 148                                                   18  155  150   31                   95   95   93        28  139  139     
149 149                                                  143   89  118   69                   74   74   72       128   39   39     
150 150          11  87   2   2   16   16   87   11  11   96  135   69   68  87  32  66      131  131  129   60   58    7    7     
151 151                                                   19   85   56  115                   12   12    9       142  119  119     
152 152                                                  145   77  136  145                  126  126  124        53   73   73     
153 153                                                   85  107  151   89                   38   38   36       152   65   65     
154 154                                                  112  130    4   88                  143  143  141       116  106  106     
155 155          42  86   3   3   88   88   86   42  42   52  108    8  112  84  16  47       60   60   58   48   62  135  135     
156 156                                                   74    5   34   65                   92   92   90        30  140  140     
157 157                                                   88   59   72  110                   15   15   12        45  150  150     
158 158                                                  138   30   42    9                   53   53   51        68    9    9     
159 159                                                   38   25   76  160                   19   19   16        96  138  138     
160 160          79  68  21  21   78   78   68   79  79   39  156  122   34  40  30  62      138  138  136   46  101   56   56     

========================================================================================
ROW ORDER = d  (linear_rank ascending)
========================================================================================
  n   d nRk l2d  Px  Py Pmy  -y  y2p  x3p  Y2f  X3f   C  h3p  a2p  h2p  a3p   r   s   z  Ry h160  pay  lex sPub  sVH sCHK   c4 dbit
-----------------------------------------------------------------------------------------------------------------------------------
  1   1   1   1  51  26  63  63   24   24   26   51  51  128   31    2   94  11  82  76  54   65   65   63    3  132   51   51    1
  2   2   2   2  86  21  68  68   82   82   21   86  86   53   23  152  132  37  64  59  80   73   73   71   81   46  112  112    2
  3   3   3   3  41  40  49  49   73   73   40   41  41   40   17   68  149  31  18  74  33   50   50   48   57   98   42   42    3
  4   4   4   4  20  31  58  58   62   62   31   20  20   82   20   30   64  62  70  69  13   87   87   85   66   33   48   48    4
  5   5   5   5  23  18  71  71   51   51   18   23  23   97   15   51   98  47  35  20  28   84   84   82   79   78  120  120    5
  6   6   6   6  82  81   8   8   30   30   81   82  82  125    3   47  134  30   1  19  65  157  157  155   32  145   81   81    6
  7   7   7   7  62  66  23  23   76   76   66   62  62  124   62   74   28  69   9   9  52  134  134  132    9   89   50   50    7
  8   8   8   8   2  74  15  15   11   11   74    2   2  139  112   50   24  36   4  64  26  129  129  127   29   69   57   57    8
  9   9   9   9  31  51  38  38    3    3   51   31  31  156   46   32   17   3  50   3  18   72   72   70   65   42   91   91    9
 10  10  10  10  69  77  12  12   27   27   77   69  69   72  114   89  153  56  41  24  51  124  124  122   45  135  111  111   10
 11  11  11  11  58  12  77  77   21   21   12   58  58   54  121  141   72   9  84  14  49  154  154  152   20  155   60   60   11
 12  12  12  12  57  35  54  54   87   87   35   57  57   84   81  117   14  16  37  83  36   79   79   77   72  149   89   89   12
 13  13  13  13  70  17  72  72   83   83   17   70  70   94  140   29   11  86  33  30  12  156  156  154   78   66   49   49   13
 14  14  14  14  74  45  44  44   19   19   45   74  74   62   10  101   58  70  58  41  58   88   88   86   41   19   44   44   14
 15  15  15  15  88  70  19  19   65   65   70   88  88   76  134  121  123  61  83  28  16  159  159  157   75  100  101  101   15
 16  16  16  16  64  49  40  40    1    1   49   64  64  119  145  123  143  60  52  48  63   62   62   60   77    6   27   27   16
 17  17  17  17  29  22  67  67   69   69   22   29  29   24  142   82  116  33  88  42   8  105  105  103   87   15  156  156   17
 18  18  18  18   5  53  36  36   63   63   53    5   5   15   12   59  119   5  85  68  67   99   99   97    7   43  130  130   18
 19  19  19  19  54  25  64  64   68   68   25   54  54   95   78   96   81  17  55  79  32  140  140  138   15  131   84   84   19
 20  20  20  20  25  52  37  37   79   79   52   25  25  106   73   55   61  18  29  22  20  106  106  104   44  121   30   30   20
 21  21  21  21  13  16  73  73   22   22   16   13  13   26  148   91  142  44  74  78   9   18   18   15    1  120   31   31   21
 22  22  22  22  27  43  46  46   74   74   43   27  27   71   64   41   21   7  10  72  44   77   77   75   54   14  153  153   22
 23  23  23  23  85  55  34  34    6    6   55   85  85   13   49   31   85   1  53  57  73  121  121  119   27  138  143  143   23
 24  24  24  24  47  76  13  13   48   48   76   47  47   65   97   54  127  52  20  36  72    3    3  160   83   51    1    1   24
 25  25  25  25   1  64  25  25   61   61   64    1   1  103   53  109   44  12  78  56  40   22   22   19   13   54   83   83   25
 26  26  26  26  37   6  83  83   47   47    6   37  37   57   42  104   87  23  49  75  82  110  110  108   88   49   41   41   26
 27  27  27  27  14   3  86  86    4    4    3   14  14   32   51  107   10  68  48   8  70    5    5    2   47   47  122  122   27
 28  28  28  28  80   7  82  82   49   49    7   80  80    1  153   11   71  79  71  21  81    9    9    6   64  160   66   66   28
 29  29  29  29  46  85   4   4   43   43   85   46  46   66   72  140  113  73  60  27  27   46   46   44   71  122  128  128   29
 30  30  30  30   6  63  26  26   42   42   63    6   6   90  110   58   66  66   2  32  50  123  123  121   18  105   10   10   30
 31  31  31  31  56  24  65  65   10   10   24   56  56   33   55  157  107  39  51  63  11  125  125  123   11   88   55   55   31
 32  32  32  32   4  27  62  62   20   20   27    4   4   48    6   73  129  81  59  45  57   91   91   89   10   35   14   14   32
 33  33  33  33  66   4  85  85    2    2    4   66  66  153  150   88  122  65  17  65  19   40   40   38   42  110   28   28   33
 34  34  34  34  26  71  18  18   23   23   71   26  26   30   84   38  141   8  24  23  25  148  148  146   16   25  155  155   34
 35  35  35  35  84  54  35  35   28   28   54   84  84  136   74   63   15  29  86  53  60  149  149  147   33  153  125  125   35
 36  36  36  36  73  41  48  48   53   53   41   73  73   93    1   78  136  26  87  84  64   64   64   62   43  154  152  152   36
 37  37  37  37  52  34  55  55   84   84   34   52  52  114   34   19  106  63  36  39  48   17   17   14   69   86  126  126   37
 38  38  38  38  76  20  69  69   60   60   20   76  76  154  154   53  101  88  66  50  55  104  104  102   53   56  137  137   38
 39  39  39  39  19  19  70  70   32   32   19   19  19   12   75    5   20  46   3  26  53    4    4    1   63   13   58   58   39
 40  40  40  40  65  47  42  42    9    9   47   65  65  115   40  120   26  75  40  60   7   86   86   84   51  146  117  117   40
 41  41  41  41  72  56  33  33   75   75   56   72  72  148   38   36  139  50  77  70  37  122  122  120   67  148  113  113   41
 42  42  42  42  81  13  76  76   18   18   13   81  81   70   71   52  144  82  27  34  71   83   83   81   86  119   16   16   42
 43  43  43  43  68  69  20  20   56   56   69   68  68   58   45   35   75  27  25   5  46  155  155  153   14   55  114  114   43
 44  44  44  44  43  44  45  45   71   71   44   43  43   75   50   98   70  24  65  52  74   78   78   76   34  140   34   34   44
 45  45  45  45  48  61  28  28   57   57   61   48  48   31  122  158    4  72  57  86  30  146  146  144    8  113  109  109   45
 46  46  46  46  87  59  30  30   34   34   59   87  87  105   86  128  146  64  79  43  17   90   90   88   39   71   88   88   46
 47  47  47  47  24  67  22  22   64   64   67   24  24   43  115   20  100  67  42  15  15  153  153  151   61   16  149  149   47
 48  48  48  48  61  32  57  57   85   85   32   61  61   73    9   46   46  59  14  80  68   80   80   78   35    4  115  115   48
 49  49  49  49  39  65  24  24   17   17   65   39  39   81  127   24   77  49  61  10   5    6    6    3   38  108   13   13   49
 50  50  50  50  83  83   6   6   52   52   83   83  83  110   82   75  147  25  43  13  75  130  130  128   55   82  102  102   50
 51  51  51  51  59  48  41  41   14   14   48   59  59   98  104  124   22  85  39  49  43  145  145  143   21    2   53   53   51
 52  52  52  52  50  79  10  10   40   40   79   50  50   91  102   21   55  43  54  73   6   29   29   26   49   10  124  124   52
 53  53  53  53   7  37  52  52   29   29   37    7   7   14   99  106    7  45  62   6  14   23   23   20   23  109   76   76   53
 54  54  54  54  35   1  88  88    7    7    1   35  35   79  125  125    2  14  75  35   3  116  116  114   12  123   99   99   54
 55  55  55  55  55  10  79  79   25   25   10   55  55   16  147   93   52  74  26  33   2  127  127  125   74  137  107  107   55
 56  56  56  56  28  80   9   9    5    5   80   28  28   63  139  102   56  41  68  38  29   36   36   33    4   27   62   62   56
 57  57  57  57  67  42  47  47   44   44   42   67  67  126  100  127   83  83  63  44  56   25   25   22   17   41   18   18   57
 58  58  58  58   9  29  60  60   41   41   29    9   9  132  120  110  130  21  31  77  42   82   82   80   76   11  118  118   58
 59  59  59  59  30   8  81  81   37   37    8   30  30   36   98   99   50  53  11  17  61  102  102  100   22   84   68   68   59
 60  60  60  60  33  72  17  17   36   36   72   33  33  134  146   45    1  77  67  61   1  118  118  116   58   40  116  116   60
 61  61  61  61  34  75  14  14   67   67   75   34  34   60   24  148   74  38  12  81  38   56   56   54   31   60   74   74   61
 62  62  62  62  17  23  66  66   50   50   23   17  17  135   68  115   90  48  73  71  78  136  136  134   56   21  159  159   62
 63  63  63  63  45  30  59  59   80   80   30   45  45  120  109   13   18  76   8  12  10  144  144  142   73   23   98   98   63
 64  64  64  64   8  28  61  61   45   45   28    8   8   64  101  131   76  28  69  82  31   32   32   29    5    8   43   43   64
 65  65  65  65  21  82   7   7   13   13   82   21  21  147  137   49    3  35  46  18  66   43   43   41   40  159  158  158   65
 66  66  66  66  38  46  43  43   39   39   46   38  38    9   54  116   54  20  23  31  22   14   14   11   36   67  154  154   66
 67  67  67  67  10  84   5   5   38   38   84   10  10    4   65  132   41  42  76   4  41   63   63   61   62   79   71   71   67
 68  68  68  68  16  11  78  78   77   77   11   16  16  101  105  138   99  32  13  16   4  132  132  130    2   36   35   35   68
 69  69  69  69  36  73  16  16   86   86   73   36  36  113   79  156   91   6   6  55  77   52   52   50   70  144  127  127   69
 70  70  70  70  60  78  11  11   31   31   78   60  60  155  116   94  108  22  45  87  59   49   49   47   82   76   45   45   70
 75  71  75  71  49  57  32  32   54   54   57   49  49   59  136  160  156  13  47  85  35  108  108  106   80  157  110  110   75
 80  72  80  72  53  36  53  53   15   15   36   53  53   42  117  119  140  51  28  25  23   61   61   59   50   74   70   70   80
 85  73  85  73  18   9  80  80   26   26    9   18  18   99  128  145  124   4  81  29  62  117  117  115   28  124    5    5   85
 90  74  90  74  40  60  29  29   81   81   60   40  40   21  118   25   59   2  80  67  39  120  120  118   37   20  132  132   90
 95  75  95  75  63  58  31  31   12   12   58   63  63   86   22  114  105  78  44  40  21   51   51   49   24   80   78   78   95
100  76 100  76  78  50  39  39   35   35   50   78  78  152   61   81  137  34  56  11  76  114  114  112   30   97   47   47  100
105  77 105  77  75   5  84  84   55   55    5   75  75  131   33   77   33  15  34  58  24   70   70   68    6   87   64   64  105
110  78 110  78   3   2  87  87   72   72    2    3   3  157   58  159   48  19  38   2  69    7    7    4   19   92   46   46  110
115  79 115  79  32  39  50  50   46   46   39   32  32  150   26   17  154  55   5   1  47  139  139  137   25   91   94   94  115
120  80 120  80  77  15  74  74   66   66   15   77  77  142  160   12  102  58  15  46  34   37   37   34   59   64  160  160  120
125  81 125  81  22  14  75  75   70   70   14   22  22   56  103    9   23  10  72  37  79  151  151  149   85   38   82   82  125
130  82 130  82  44  62  27  27   58   58   62   44  44  116   28  142   92  57  19  51  45   94   94   92   52   93   12   12  130
 71      71                                               28   94   97    6                  150  150  148        90  108  108     
 72      72                                               34   44  113  133                  109  109  107        34   15   15     
 73      73                                               92   76  105   60                    8    8    5       114   17   17     
 74      74                                               45   37  143  117                   93   93   91        83   95   95     
 76      76                                              122   48    6  152                   81   81   79        77  103  103     
 77      77                                               80    2  154  148                   67   67   65        24   37   37     
 78      78                                              133  113  139   82                   27   27   24       136  157  157     
 79      79                                              117  106   10  111                   55   55   53        57  136  136     
 81      81                                               37   56  144   80                   28   28   25        39  129  129     
 82      82                                              109   95   79   43                   13   13   10        12  131  131     
 83      83                                              100   60  111   32                   16   16   13        63   69   69     
 84      84                                              151   47   27   16                   71   71   69       125  148  148     
 86      86                                              130   96    7  138                  112  112  110         7   29   29     
 87      87                                               55   16   61   67                  158  158  156       106   32   32     
 88      88                                              159  144   70    5                   30   30   27        65    3    3     
 89      89                                              102   80  100  128                   48   48   46       139   67   67     
 91      91                                               89    7   15   79                   89   89   87       126   52   52     
 92      92                                               20   67   80  109                   54   54   52       117    2    2     
 93      93                                               47   19   28  151                   35   35   32        26  104  104     
 94      94                                                7  159  137   36                  113  113  111        52   97   97     
 96      96                                                3  126   23   45                   20   20   17       111   63   63     
 97      97                                               44  119  146   12                   45   45   43        44  151  151     
 98      98                                               67  131   60   63                   75   75   73         9  141  141     
 99      99                                              118   13    3  125                  111  111  109        17   26   26     
101     101                                               23   27   67   93                   69   69   67        31   11   11     
102     102                                               22   92   90   25                  152  152  150       115  123  123     
103     103                                              160  123  147   29                   59   59   57       158   86   86     
104     104                                               46   32   71   37                   85   85   83       107   87   87     
106     106                                              108    4  112   35                   42   42   40        94   19   19     
107     107                                               78   66  155  120                   21   21   18       151   77   77     
108     108                                              141   36   65  159                  103  103  101       133    6    6     
109     109                                               51   90   57  135                  101  101   99       129  100  100     
111     111                                               29   29   48  121                   39   39   37       147   93   93     
112     112                                               35    8    1   96                   41   41   39       150  145  145     
113     113                                              144   41   26   42                  141  141  139        37  134  134     
114     114                                                2   57   95   78                   34   34   31        50   59   59     
116     116                                               50  138   33   27                  137  137  135        81   61   61     
117     117                                               17  157   44  157                  115  115  113        29   96   96     
118     118                                               83   88  134  155                  147  147  145        48  144  144     
119     119                                               69   35  103   40                  100  100   98        95   90   90     
121     121                                              140  129   85   95                   98   98   96         1  142  142     
122     122                                               10   63   14   47                  135  135  133        73  133  133     
123     123                                               27   69  129  131                   76   76   74        75  146  146     
124     124                                              111   52   86   38                   66   66   64       127   24   24     
126     126                                              121   43  149   84                   57   57   55        70   38   38     
127     127                                               41   91   40  158                   97   97   95       143   20   20     
128     128                                              146   87  153   97                  133  133  131       112   22   22     
129     129                                              104  132  130   13                  107  107  105       134  105  105     
131     131                                              158   11   22   86                   33   33   30         5   36   36     
132     132                                                5   83   83   51                  119  119  117        59    4    4     
133     133                                               87  152   62   30                    1    1   35       156    8    8     
134     134                                               77  151  135    8                   10   10    7       141   21   21     
135     135      12  38  51  51   59   59   38   12  12   68   21   64   39  71  22  54       31   31   28   68   85   79   79     
136     136                                               61  124   43  150                    2    2  159        32  147  147     
137     137                                              149  143   37   62                   26   26   23       130   23   23     
138     138                                              137  158   66   73                   58   58   56        22   85   85     
139     139                                              123   14  108   53                   96   96   94        72   40   40     
140     140      15  88   1   1    8    8   88   15  15    6  111  133  103  80  21  88      160  160  158   26  118   72   72     
141     141                                               25   18  126  104                   68   68   66        61   33   33     
142     142                                               49   93   18  118                   24   24   21       103  121  121     
143     143                                                8   39   92   49                   11   11    8         3   54   54     
144     144                                               11  149   84   19                  142  142  140       104   80   80     
145     145      71  33  56  56   33   33   33   71  71  107  133   16  126  54   7   7       47   47   45   84  102   75   75     
146     146                                              127  141   87   57                  128  128  126        18   92   92     
147     147                                              129   70   39  114                   44   44   42        99   25   25     
148     148                                               18  155  150   31                   95   95   93        28  139  139     
149     149                                              143   89  118   69                   74   74   72       128   39   39     
150     150      11  87   2   2   16   16   87   11  11   96  135   69   68  87  32  66      131  131  129   60   58    7    7     
151     151                                               19   85   56  115                   12   12    9       142  119  119     
152     152                                              145   77  136  145                  126  126  124        53   73   73     
153     153                                               85  107  151   89                   38   38   36       152   65   65     
154     154                                              112  130    4   88                  143  143  141       116  106  106     
155     155      42  86   3   3   88   88   86   42  42   52  108    8  112  84  16  47       60   60   58   48   62  135  135     
156     156                                               74    5   34   65                   92   92   90        30  140  140     
157     157                                               88   59   72  110                   15   15   12        45  150  150     
158     158                                              138   30   42    9                   53   53   51        68    9    9     
159     159                                               38   25   76  160                   19   19   16        96  138  138     
160     160      79  68  21  21   78   78   68   79  79   39  156  122   34  40  30  62      138  138  136   46  101   56   56     

========================================================================================
ROW ORDER = log2d  (linear_rank ascending)
========================================================================================
  n l2d nRk   d  Px  Py Pmy  -y  y2p  x3p  Y2f  X3f   C  h3p  a2p  h2p  a3p   r   s   z  Ry h160  pay  lex sPub  sVH sCHK   c4 dbit
-----------------------------------------------------------------------------------------------------------------------------------
  1   1   1   1  51  26  63  63   24   24   26   51  51  128   31    2   94  11  82  76  54   65   65   63    3  132   51   51    1
  2   2   2   2  86  21  68  68   82   82   21   86  86   53   23  152  132  37  64  59  80   73   73   71   81   46  112  112    2
  3   3   3   3  41  40  49  49   73   73   40   41  41   40   17   68  149  31  18  74  33   50   50   48   57   98   42   42    3
  4   4   4   4  20  31  58  58   62   62   31   20  20   82   20   30   64  62  70  69  13   87   87   85   66   33   48   48    4
  5   5   5   5  23  18  71  71   51   51   18   23  23   97   15   51   98  47  35  20  28   84   84   82   79   78  120  120    5
  6   6   6   6  82  81   8   8   30   30   81   82  82  125    3   47  134  30   1  19  65  157  157  155   32  145   81   81    6
  7   7   7   7  62  66  23  23   76   76   66   62  62  124   62   74   28  69   9   9  52  134  134  132    9   89   50   50    7
  8   8   8   8   2  74  15  15   11   11   74    2   2  139  112   50   24  36   4  64  26  129  129  127   29   69   57   57    8
  9   9   9   9  31  51  38  38    3    3   51   31  31  156   46   32   17   3  50   3  18   72   72   70   65   42   91   91    9
 10  10  10  10  69  77  12  12   27   27   77   69  69   72  114   89  153  56  41  24  51  124  124  122   45  135  111  111   10
 11  11  11  11  58  12  77  77   21   21   12   58  58   54  121  141   72   9  84  14  49  154  154  152   20  155   60   60   11
 12  12  12  12  57  35  54  54   87   87   35   57  57   84   81  117   14  16  37  83  36   79   79   77   72  149   89   89   12
 13  13  13  13  70  17  72  72   83   83   17   70  70   94  140   29   11  86  33  30  12  156  156  154   78   66   49   49   13
 14  14  14  14  74  45  44  44   19   19   45   74  74   62   10  101   58  70  58  41  58   88   88   86   41   19   44   44   14
 15  15  15  15  88  70  19  19   65   65   70   88  88   76  134  121  123  61  83  28  16  159  159  157   75  100  101  101   15
 16  16  16  16  64  49  40  40    1    1   49   64  64  119  145  123  143  60  52  48  63   62   62   60   77    6   27   27   16
 17  17  17  17  29  22  67  67   69   69   22   29  29   24  142   82  116  33  88  42   8  105  105  103   87   15  156  156   17
 18  18  18  18   5  53  36  36   63   63   53    5   5   15   12   59  119   5  85  68  67   99   99   97    7   43  130  130   18
 19  19  19  19  54  25  64  64   68   68   25   54  54   95   78   96   81  17  55  79  32  140  140  138   15  131   84   84   19
 20  20  20  20  25  52  37  37   79   79   52   25  25  106   73   55   61  18  29  22  20  106  106  104   44  121   30   30   20
 21  21  21  21  13  16  73  73   22   22   16   13  13   26  148   91  142  44  74  78   9   18   18   15    1  120   31   31   21
 22  22  22  22  27  43  46  46   74   74   43   27  27   71   64   41   21   7  10  72  44   77   77   75   54   14  153  153   22
 23  23  23  23  85  55  34  34    6    6   55   85  85   13   49   31   85   1  53  57  73  121  121  119   27  138  143  143   23
 24  24  24  24  47  76  13  13   48   48   76   47  47   65   97   54  127  52  20  36  72    3    3  160   83   51    1    1   24
 25  25  25  25   1  64  25  25   61   61   64    1   1  103   53  109   44  12  78  56  40   22   22   19   13   54   83   83   25
 26  26  26  26  37   6  83  83   47   47    6   37  37   57   42  104   87  23  49  75  82  110  110  108   88   49   41   41   26
 27  27  27  27  14   3  86  86    4    4    3   14  14   32   51  107   10  68  48   8  70    5    5    2   47   47  122  122   27
 28  28  28  28  80   7  82  82   49   49    7   80  80    1  153   11   71  79  71  21  81    9    9    6   64  160   66   66   28
 29  29  29  29  46  85   4   4   43   43   85   46  46   66   72  140  113  73  60  27  27   46   46   44   71  122  128  128   29
 30  30  30  30   6  63  26  26   42   42   63    6   6   90  110   58   66  66   2  32  50  123  123  121   18  105   10   10   30
 31  31  31  31  56  24  65  65   10   10   24   56  56   33   55  157  107  39  51  63  11  125  125  123   11   88   55   55   31
 32  32  32  32   4  27  62  62   20   20   27    4   4   48    6   73  129  81  59  45  57   91   91   89   10   35   14   14   32
 33  33  33  33  66   4  85  85    2    2    4   66  66  153  150   88  122  65  17  65  19   40   40   38   42  110   28   28   33
 34  34  34  34  26  71  18  18   23   23   71   26  26   30   84   38  141   8  24  23  25  148  148  146   16   25  155  155   34
 35  35  35  35  84  54  35  35   28   28   54   84  84  136   74   63   15  29  86  53  60  149  149  147   33  153  125  125   35
 36  36  36  36  73  41  48  48   53   53   41   73  73   93    1   78  136  26  87  84  64   64   64   62   43  154  152  152   36
 37  37  37  37  52  34  55  55   84   84   34   52  52  114   34   19  106  63  36  39  48   17   17   14   69   86  126  126   37
 38  38  38  38  76  20  69  69   60   60   20   76  76  154  154   53  101  88  66  50  55  104  104  102   53   56  137  137   38
 39  39  39  39  19  19  70  70   32   32   19   19  19   12   75    5   20  46   3  26  53    4    4    1   63   13   58   58   39
 40  40  40  40  65  47  42  42    9    9   47   65  65  115   40  120   26  75  40  60   7   86   86   84   51  146  117  117   40
 41  41  41  41  72  56  33  33   75   75   56   72  72  148   38   36  139  50  77  70  37  122  122  120   67  148  113  113   41
 42  42  42  42  81  13  76  76   18   18   13   81  81   70   71   52  144  82  27  34  71   83   83   81   86  119   16   16   42
 43  43  43  43  68  69  20  20   56   56   69   68  68   58   45   35   75  27  25   5  46  155  155  153   14   55  114  114   43
 44  44  44  44  43  44  45  45   71   71   44   43  43   75   50   98   70  24  65  52  74   78   78   76   34  140   34   34   44
 45  45  45  45  48  61  28  28   57   57   61   48  48   31  122  158    4  72  57  86  30  146  146  144    8  113  109  109   45
 46  46  46  46  87  59  30  30   34   34   59   87  87  105   86  128  146  64  79  43  17   90   90   88   39   71   88   88   46
 47  47  47  47  24  67  22  22   64   64   67   24  24   43  115   20  100  67  42  15  15  153  153  151   61   16  149  149   47
 48  48  48  48  61  32  57  57   85   85   32   61  61   73    9   46   46  59  14  80  68   80   80   78   35    4  115  115   48
 49  49  49  49  39  65  24  24   17   17   65   39  39   81  127   24   77  49  61  10   5    6    6    3   38  108   13   13   49
 50  50  50  50  83  83   6   6   52   52   83   83  83  110   82   75  147  25  43  13  75  130  130  128   55   82  102  102   50
 51  51  51  51  59  48  41  41   14   14   48   59  59   98  104  124   22  85  39  49  43  145  145  143   21    2   53   53   51
 52  52  52  52  50  79  10  10   40   40   79   50  50   91  102   21   55  43  54  73   6   29   29   26   49   10  124  124   52
 53  53  53  53   7  37  52  52   29   29   37    7   7   14   99  106    7  45  62   6  14   23   23   20   23  109   76   76   53
 54  54  54  54  35   1  88  88    7    7    1   35  35   79  125  125    2  14  75  35   3  116  116  114   12  123   99   99   54
 55  55  55  55  55  10  79  79   25   25   10   55  55   16  147   93   52  74  26  33   2  127  127  125   74  137  107  107   55
 56  56  56  56  28  80   9   9    5    5   80   28  28   63  139  102   56  41  68  38  29   36   36   33    4   27   62   62   56
 57  57  57  57  67  42  47  47   44   44   42   67  67  126  100  127   83  83  63  44  56   25   25   22   17   41   18   18   57
 58  58  58  58   9  29  60  60   41   41   29    9   9  132  120  110  130  21  31  77  42   82   82   80   76   11  118  118   58
 59  59  59  59  30   8  81  81   37   37    8   30  30   36   98   99   50  53  11  17  61  102  102  100   22   84   68   68   59
 60  60  60  60  33  72  17  17   36   36   72   33  33  134  146   45    1  77  67  61   1  118  118  116   58   40  116  116   60
 61  61  61  61  34  75  14  14   67   67   75   34  34   60   24  148   74  38  12  81  38   56   56   54   31   60   74   74   61
 62  62  62  62  17  23  66  66   50   50   23   17  17  135   68  115   90  48  73  71  78  136  136  134   56   21  159  159   62
 63  63  63  63  45  30  59  59   80   80   30   45  45  120  109   13   18  76   8  12  10  144  144  142   73   23   98   98   63
 64  64  64  64   8  28  61  61   45   45   28    8   8   64  101  131   76  28  69  82  31   32   32   29    5    8   43   43   64
 65  65  65  65  21  82   7   7   13   13   82   21  21  147  137   49    3  35  46  18  66   43   43   41   40  159  158  158   65
 66  66  66  66  38  46  43  43   39   39   46   38  38    9   54  116   54  20  23  31  22   14   14   11   36   67  154  154   66
 67  67  67  67  10  84   5   5   38   38   84   10  10    4   65  132   41  42  76   4  41   63   63   61   62   79   71   71   67
 68  68  68  68  16  11  78  78   77   77   11   16  16  101  105  138   99  32  13  16   4  132  132  130    2   36   35   35   68
 69  69  69  69  36  73  16  16   86   86   73   36  36  113   79  156   91   6   6  55  77   52   52   50   70  144  127  127   69
 70  70  70  70  60  78  11  11   31   31   78   60  60  155  116   94  108  22  45  87  59   49   49   47   82   76   45   45   70
 75  71  75  71  49  57  32  32   54   54   57   49  49   59  136  160  156  13  47  85  35  108  108  106   80  157  110  110   75
 80  72  80  72  53  36  53  53   15   15   36   53  53   42  117  119  140  51  28  25  23   61   61   59   50   74   70   70   80
 85  73  85  73  18   9  80  80   26   26    9   18  18   99  128  145  124   4  81  29  62  117  117  115   28  124    5    5   85
 90  74  90  74  40  60  29  29   81   81   60   40  40   21  118   25   59   2  80  67  39  120  120  118   37   20  132  132   90
 95  75  95  75  63  58  31  31   12   12   58   63  63   86   22  114  105  78  44  40  21   51   51   49   24   80   78   78   95
100  76 100  76  78  50  39  39   35   35   50   78  78  152   61   81  137  34  56  11  76  114  114  112   30   97   47   47  100
105  77 105  77  75   5  84  84   55   55    5   75  75  131   33   77   33  15  34  58  24   70   70   68    6   87   64   64  105
110  78 110  78   3   2  87  87   72   72    2    3   3  157   58  159   48  19  38   2  69    7    7    4   19   92   46   46  110
115  79 115  79  32  39  50  50   46   46   39   32  32  150   26   17  154  55   5   1  47  139  139  137   25   91   94   94  115
120  80 120  80  77  15  74  74   66   66   15   77  77  142  160   12  102  58  15  46  34   37   37   34   59   64  160  160  120
125  81 125  81  22  14  75  75   70   70   14   22  22   56  103    9   23  10  72  37  79  151  151  149   85   38   82   82  125
130  82 130  82  44  62  27  27   58   58   62   44  44  116   28  142   92  57  19  51  45   94   94   92   52   93   12   12  130
 71      71                                               28   94   97    6                  150  150  148        90  108  108     
 72      72                                               34   44  113  133                  109  109  107        34   15   15     
 73      73                                               92   76  105   60                    8    8    5       114   17   17     
 74      74                                               45   37  143  117                   93   93   91        83   95   95     
 76      76                                              122   48    6  152                   81   81   79        77  103  103     
 77      77                                               80    2  154  148                   67   67   65        24   37   37     
 78      78                                              133  113  139   82                   27   27   24       136  157  157     
 79      79                                              117  106   10  111                   55   55   53        57  136  136     
 81      81                                               37   56  144   80                   28   28   25        39  129  129     
 82      82                                              109   95   79   43                   13   13   10        12  131  131     
 83      83                                              100   60  111   32                   16   16   13        63   69   69     
 84      84                                              151   47   27   16                   71   71   69       125  148  148     
 86      86                                              130   96    7  138                  112  112  110         7   29   29     
 87      87                                               55   16   61   67                  158  158  156       106   32   32     
 88      88                                              159  144   70    5                   30   30   27        65    3    3     
 89      89                                              102   80  100  128                   48   48   46       139   67   67     
 91      91                                               89    7   15   79                   89   89   87       126   52   52     
 92      92                                               20   67   80  109                   54   54   52       117    2    2     
 93      93                                               47   19   28  151                   35   35   32        26  104  104     
 94      94                                                7  159  137   36                  113  113  111        52   97   97     
 96      96                                                3  126   23   45                   20   20   17       111   63   63     
 97      97                                               44  119  146   12                   45   45   43        44  151  151     
 98      98                                               67  131   60   63                   75   75   73         9  141  141     
 99      99                                              118   13    3  125                  111  111  109        17   26   26     
101     101                                               23   27   67   93                   69   69   67        31   11   11     
102     102                                               22   92   90   25                  152  152  150       115  123  123     
103     103                                              160  123  147   29                   59   59   57       158   86   86     
104     104                                               46   32   71   37                   85   85   83       107   87   87     
106     106                                              108    4  112   35                   42   42   40        94   19   19     
107     107                                               78   66  155  120                   21   21   18       151   77   77     
108     108                                              141   36   65  159                  103  103  101       133    6    6     
109     109                                               51   90   57  135                  101  101   99       129  100  100     
111     111                                               29   29   48  121                   39   39   37       147   93   93     
112     112                                               35    8    1   96                   41   41   39       150  145  145     
113     113                                              144   41   26   42                  141  141  139        37  134  134     
114     114                                                2   57   95   78                   34   34   31        50   59   59     
116     116                                               50  138   33   27                  137  137  135        81   61   61     
117     117                                               17  157   44  157                  115  115  113        29   96   96     
118     118                                               83   88  134  155                  147  147  145        48  144  144     
119     119                                               69   35  103   40                  100  100   98        95   90   90     
121     121                                              140  129   85   95                   98   98   96         1  142  142     
122     122                                               10   63   14   47                  135  135  133        73  133  133     
123     123                                               27   69  129  131                   76   76   74        75  146  146     
124     124                                              111   52   86   38                   66   66   64       127   24   24     
126     126                                              121   43  149   84                   57   57   55        70   38   38     
127     127                                               41   91   40  158                   97   97   95       143   20   20     
128     128                                              146   87  153   97                  133  133  131       112   22   22     
129     129                                              104  132  130   13                  107  107  105       134  105  105     
131     131                                              158   11   22   86                   33   33   30         5   36   36     
132     132                                                5   83   83   51                  119  119  117        59    4    4     
133     133                                               87  152   62   30                    1    1   35       156    8    8     
134     134                                               77  151  135    8                   10   10    7       141   21   21     
135     135      12  38  51  51   59   59   38   12  12   68   21   64   39  71  22  54       31   31   28   68   85   79   79     
136     136                                               61  124   43  150                    2    2  159        32  147  147     
137     137                                              149  143   37   62                   26   26   23       130   23   23     
138     138                                              137  158   66   73                   58   58   56        22   85   85     
139     139                                              123   14  108   53                   96   96   94        72   40   40     
140     140      15  88   1   1    8    8   88   15  15    6  111  133  103  80  21  88      160  160  158   26  118   72   72     
141     141                                               25   18  126  104                   68   68   66        61   33   33     
142     142                                               49   93   18  118                   24   24   21       103  121  121     
143     143                                                8   39   92   49                   11   11    8         3   54   54     
144     144                                               11  149   84   19                  142  142  140       104   80   80     
145     145      71  33  56  56   33   33   33   71  71  107  133   16  126  54   7   7       47   47   45   84  102   75   75     
146     146                                              127  141   87   57                  128  128  126        18   92   92     
147     147                                              129   70   39  114                   44   44   42        99   25   25     
148     148                                               18  155  150   31                   95   95   93        28  139  139     
149     149                                              143   89  118   69                   74   74   72       128   39   39     
150     150      11  87   2   2   16   16   87   11  11   96  135   69   68  87  32  66      131  131  129   60   58    7    7     
151     151                                               19   85   56  115                   12   12    9       142  119  119     
152     152                                              145   77  136  145                  126  126  124        53   73   73     
153     153                                               85  107  151   89                   38   38   36       152   65   65     
154     154                                              112  130    4   88                  143  143  141       116  106  106     
155     155      42  86   3   3   88   88   86   42  42   52  108    8  112  84  16  47       60   60   58   48   62  135  135     
156     156                                               74    5   34   65                   92   92   90        30  140  140     
157     157                                               88   59   72  110                   15   15   12        45  150  150     
158     158                                              138   30   42    9                   53   53   51        68    9    9     
159     159                                               38   25   76  160                   19   19   16        96  138  138     
160     160      79  68  21  21   78   78   68   79  79   39  156  122   34  40  30  62      138  138  136   46  101   56   56     

========================================================================================
ROW ORDER = Px  (linear_rank ascending)
========================================================================================
  n  Px nRk   d l2d  Py Pmy  -y  y2p  x3p  Y2f  X3f   C  h3p  a2p  h2p  a3p   r   s   z  Ry h160  pay  lex sPub  sVH sCHK   c4 dbit
-----------------------------------------------------------------------------------------------------------------------------------
 25   1  25  25  25  64  25  25   61   61   64    1   1  103   53  109   44  12  78  56  40   22   22   19   13   54   83   83   25
  8   2   8   8   8  74  15  15   11   11   74    2   2  139  112   50   24  36   4  64  26  129  129  127   29   69   57   57    8
110   3 110  78  78   2  87  87   72   72    2    3   3  157   58  159   48  19  38   2  69    7    7    4   19   92   46   46  110
 32   4  32  32  32  27  62  62   20   20   27    4   4   48    6   73  129  81  59  45  57   91   91   89   10   35   14   14   32
 18   5  18  18  18  53  36  36   63   63   53    5   5   15   12   59  119   5  85  68  67   99   99   97    7   43  130  130   18
 30   6  30  30  30  63  26  26   42   42   63    6   6   90  110   58   66  66   2  32  50  123  123  121   18  105   10   10   30
 53   7  53  53  53  37  52  52   29   29   37    7   7   14   99  106    7  45  62   6  14   23   23   20   23  109   76   76   53
 64   8  64  64  64  28  61  61   45   45   28    8   8   64  101  131   76  28  69  82  31   32   32   29    5    8   43   43   64
 58   9  58  58  58  29  60  60   41   41   29    9   9  132  120  110  130  21  31  77  42   82   82   80   76   11  118  118   58
 67  10  67  67  67  84   5   5   38   38   84   10  10    4   65  132   41  42  76   4  41   63   63   61   62   79   71   71   67
150  11 150          87   2   2   16   16   87   11  11   96  135   69   68  87  32  66      131  131  129   60   58    7    7     
135  12 135          38  51  51   59   59   38   12  12   68   21   64   39  71  22  54       31   31   28   68   85   79   79     
 21  13  21  21  21  16  73  73   22   22   16   13  13   26  148   91  142  44  74  78   9   18   18   15    1  120   31   31   21
 27  14  27  27  27   3  86  86    4    4    3   14  14   32   51  107   10  68  48   8  70    5    5    2   47   47  122  122   27
140  15 140          88   1   1    8    8   88   15  15    6  111  133  103  80  21  88      160  160  158   26  118   72   72     
 68  16  68  68  68  11  78  78   77   77   11   16  16  101  105  138   99  32  13  16   4  132  132  130    2   36   35   35   68
 62  17  62  62  62  23  66  66   50   50   23   17  17  135   68  115   90  48  73  71  78  136  136  134   56   21  159  159   62
 85  18  85  73  73   9  80  80   26   26    9   18  18   99  128  145  124   4  81  29  62  117  117  115   28  124    5    5   85
 39  19  39  39  39  19  70  70   32   32   19   19  19   12   75    5   20  46   3  26  53    4    4    1   63   13   58   58   39
  4  20   4   4   4  31  58  58   62   62   31   20  20   82   20   30   64  62  70  69  13   87   87   85   66   33   48   48    4
 65  21  65  65  65  82   7   7   13   13   82   21  21  147  137   49    3  35  46  18  66   43   43   41   40  159  158  158   65
125  22 125  81  81  14  75  75   70   70   14   22  22   56  103    9   23  10  72  37  79  151  151  149   85   38   82   82  125
  5  23   5   5   5  18  71  71   51   51   18   23  23   97   15   51   98  47  35  20  28   84   84   82   79   78  120  120    5
 47  24  47  47  47  67  22  22   64   64   67   24  24   43  115   20  100  67  42  15  15  153  153  151   61   16  149  149   47
 20  25  20  20  20  52  37  37   79   79   52   25  25  106   73   55   61  18  29  22  20  106  106  104   44  121   30   30   20
 34  26  34  34  34  71  18  18   23   23   71   26  26   30   84   38  141   8  24  23  25  148  148  146   16   25  155  155   34
 22  27  22  22  22  43  46  46   74   74   43   27  27   71   64   41   21   7  10  72  44   77   77   75   54   14  153  153   22
 56  28  56  56  56  80   9   9    5    5   80   28  28   63  139  102   56  41  68  38  29   36   36   33    4   27   62   62   56
 17  29  17  17  17  22  67  67   69   69   22   29  29   24  142   82  116  33  88  42   8  105  105  103   87   15  156  156   17
 59  30  59  59  59   8  81  81   37   37    8   30  30   36   98   99   50  53  11  17  61  102  102  100   22   84   68   68   59
  9  31   9   9   9  51  38  38    3    3   51   31  31  156   46   32   17   3  50   3  18   72   72   70   65   42   91   91    9
115  32 115  79  79  39  50  50   46   46   39   32  32  150   26   17  154  55   5   1  47  139  139  137   25   91   94   94  115
 60  33  60  60  60  72  17  17   36   36   72   33  33  134  146   45    1  77  67  61   1  118  118  116   58   40  116  116   60
 61  34  61  61  61  75  14  14   67   67   75   34  34   60   24  148   74  38  12  81  38   56   56   54   31   60   74   74   61
 54  35  54  54  54   1  88  88    7    7    1   35  35   79  125  125    2  14  75  35   3  116  116  114   12  123   99   99   54
 69  36  69  69  69  73  16  16   86   86   73   36  36  113   79  156   91   6   6  55  77   52   52   50   70  144  127  127   69
 26  37  26  26  26   6  83  83   47   47    6   37  37   57   42  104   87  23  49  75  82  110  110  108   88   49   41   41   26
 66  38  66  66  66  46  43  43   39   39   46   38  38    9   54  116   54  20  23  31  22   14   14   11   36   67  154  154   66
 49  39  49  49  49  65  24  24   17   17   65   39  39   81  127   24   77  49  61  10   5    6    6    3   38  108   13   13   49
 90  40  90  74  74  60  29  29   81   81   60   40  40   21  118   25   59   2  80  67  39  120  120  118   37   20  132  132   90
  3  41   3   3   3  40  49  49   73   73   40   41  41   40   17   68  149  31  18  74  33   50   50   48   57   98   42   42    3
155  42 155          86   3   3   88   88   86   42  42   52  108    8  112  84  16  47       60   60   58   48   62  135  135     
 44  43  44  44  44  44  45  45   71   71   44   43  43   75   50   98   70  24  65  52  74   78   78   76   34  140   34   34   44
130  44 130  82  82  62  27  27   58   58   62   44  44  116   28  142   92  57  19  51  45   94   94   92   52   93   12   12  130
 63  45  63  63  63  30  59  59   80   80   30   45  45  120  109   13   18  76   8  12  10  144  144  142   73   23   98   98   63
 29  46  29  29  29  85   4   4   43   43   85   46  46   66   72  140  113  73  60  27  27   46   46   44   71  122  128  128   29
 24  47  24  24  24  76  13  13   48   48   76   47  47   65   97   54  127  52  20  36  72    3    3  160   83   51    1    1   24
 45  48  45  45  45  61  28  28   57   57   61   48  48   31  122  158    4  72  57  86  30  146  146  144    8  113  109  109   45
 75  49  75  71  71  57  32  32   54   54   57   49  49   59  136  160  156  13  47  85  35  108  108  106   80  157  110  110   75
 52  50  52  52  52  79  10  10   40   40   79   50  50   91  102   21   55  43  54  73   6   29   29   26   49   10  124  124   52
  1  51   1   1   1  26  63  63   24   24   26   51  51  128   31    2   94  11  82  76  54   65   65   63    3  132   51   51    1
 37  52  37  37  37  34  55  55   84   84   34   52  52  114   34   19  106  63  36  39  48   17   17   14   69   86  126  126   37
 80  53  80  72  72  36  53  53   15   15   36   53  53   42  117  119  140  51  28  25  23   61   61   59   50   74   70   70   80
 19  54  19  19  19  25  64  64   68   68   25   54  54   95   78   96   81  17  55  79  32  140  140  138   15  131   84   84   19
 55  55  55  55  55  10  79  79   25   25   10   55  55   16  147   93   52  74  26  33   2  127  127  125   74  137  107  107   55
 31  56  31  31  31  24  65  65   10   10   24   56  56   33   55  157  107  39  51  63  11  125  125  123   11   88   55   55   31
 12  57  12  12  12  35  54  54   87   87   35   57  57   84   81  117   14  16  37  83  36   79   79   77   72  149   89   89   12
 11  58  11  11  11  12  77  77   21   21   12   58  58   54  121  141   72   9  84  14  49  154  154  152   20  155   60   60   11
 51  59  51  51  51  48  41  41   14   14   48   59  59   98  104  124   22  85  39  49  43  145  145  143   21    2   53   53   51
 70  60  70  70  70  78  11  11   31   31   78   60  60  155  116   94  108  22  45  87  59   49   49   47   82   76   45   45   70
 48  61  48  48  48  32  57  57   85   85   32   61  61   73    9   46   46  59  14  80  68   80   80   78   35    4  115  115   48
  7  62   7   7   7  66  23  23   76   76   66   62  62  124   62   74   28  69   9   9  52  134  134  132    9   89   50   50    7
 95  63  95  75  75  58  31  31   12   12   58   63  63   86   22  114  105  78  44  40  21   51   51   49   24   80   78   78   95
 16  64  16  16  16  49  40  40    1    1   49   64  64  119  145  123  143  60  52  48  63   62   62   60   77    6   27   27   16
 40  65  40  40  40  47  42  42    9    9   47   65  65  115   40  120   26  75  40  60   7   86   86   84   51  146  117  117   40
 33  66  33  33  33   4  85  85    2    2    4   66  66  153  150   88  122  65  17  65  19   40   40   38   42  110   28   28   33
 57  67  57  57  57  42  47  47   44   44   42   67  67  126  100  127   83  83  63  44  56   25   25   22   17   41   18   18   57
 43  68  43  43  43  69  20  20   56   56   69   68  68   58   45   35   75  27  25   5  46  155  155  153   14   55  114  114   43
 10  69  10  10  10  77  12  12   27   27   77   69  69   72  114   89  153  56  41  24  51  124  124  122   45  135  111  111   10
 13  70  13  13  13  17  72  72   83   83   17   70  70   94  140   29   11  86  33  30  12  156  156  154   78   66   49   49   13
145  71 145          33  56  56   33   33   33   71  71  107  133   16  126  54   7   7       47   47   45   84  102   75   75     
 41  72  41  41  41  56  33  33   75   75   56   72  72  148   38   36  139  50  77  70  37  122  122  120   67  148  113  113   41
 36  73  36  36  36  41  48  48   53   53   41   73  73   93    1   78  136  26  87  84  64   64   64   62   43  154  152  152   36
 14  74  14  14  14  45  44  44   19   19   45   74  74   62   10  101   58  70  58  41  58   88   88   86   41   19   44   44   14
105  75 105  77  77   5  84  84   55   55    5   75  75  131   33   77   33  15  34  58  24   70   70   68    6   87   64   64  105
 38  76  38  38  38  20  69  69   60   60   20   76  76  154  154   53  101  88  66  50  55  104  104  102   53   56  137  137   38
120  77 120  80  80  15  74  74   66   66   15   77  77  142  160   12  102  58  15  46  34   37   37   34   59   64  160  160  120
100  78 100  76  76  50  39  39   35   35   50   78  78  152   61   81  137  34  56  11  76  114  114  112   30   97   47   47  100
160  79 160          68  21  21   78   78   68   79  79   39  156  122   34  40  30  62      138  138  136   46  101   56   56     
 28  80  28  28  28   7  82  82   49   49    7   80  80    1  153   11   71  79  71  21  81    9    9    6   64  160   66   66   28
 42  81  42  42  42  13  76  76   18   18   13   81  81   70   71   52  144  82  27  34  71   83   83   81   86  119   16   16   42
  6  82   6   6   6  81   8   8   30   30   81   82  82  125    3   47  134  30   1  19  65  157  157  155   32  145   81   81    6
 50  83  50  50  50  83   6   6   52   52   83   83  83  110   82   75  147  25  43  13  75  130  130  128   55   82  102  102   50
 35  84  35  35  35  54  35  35   28   28   54   84  84  136   74   63   15  29  86  53  60  149  149  147   33  153  125  125   35
 23  85  23  23  23  55  34  34    6    6   55   85  85   13   49   31   85   1  53  57  73  121  121  119   27  138  143  143   23
  2  86   2   2   2  21  68  68   82   82   21   86  86   53   23  152  132  37  64  59  80   73   73   71   81   46  112  112    2
 46  87  46  46  46  59  30  30   34   34   59   87  87  105   86  128  146  64  79  43  17   90   90   88   39   71   88   88   46
 15  88  15  15  15  70  19  19   65   65   70   88  88   76  134  121  123  61  83  28  16  159  159  157   75  100  101  101   15
 71      71                                               28   94   97    6                  150  150  148        90  108  108     
 72      72                                               34   44  113  133                  109  109  107        34   15   15     
 73      73                                               92   76  105   60                    8    8    5       114   17   17     
 74      74                                               45   37  143  117                   93   93   91        83   95   95     
 76      76                                              122   48    6  152                   81   81   79        77  103  103     
 77      77                                               80    2  154  148                   67   67   65        24   37   37     
 78      78                                              133  113  139   82                   27   27   24       136  157  157     
 79      79                                              117  106   10  111                   55   55   53        57  136  136     
 81      81                                               37   56  144   80                   28   28   25        39  129  129     
 82      82                                              109   95   79   43                   13   13   10        12  131  131     
 83      83                                              100   60  111   32                   16   16   13        63   69   69     
 84      84                                              151   47   27   16                   71   71   69       125  148  148     
 86      86                                              130   96    7  138                  112  112  110         7   29   29     
 87      87                                               55   16   61   67                  158  158  156       106   32   32     
 88      88                                              159  144   70    5                   30   30   27        65    3    3     
 89      89                                              102   80  100  128                   48   48   46       139   67   67     
 91      91                                               89    7   15   79                   89   89   87       126   52   52     
 92      92                                               20   67   80  109                   54   54   52       117    2    2     
 93      93                                               47   19   28  151                   35   35   32        26  104  104     
 94      94                                                7  159  137   36                  113  113  111        52   97   97     
 96      96                                                3  126   23   45                   20   20   17       111   63   63     
 97      97                                               44  119  146   12                   45   45   43        44  151  151     
 98      98                                               67  131   60   63                   75   75   73         9  141  141     
 99      99                                              118   13    3  125                  111  111  109        17   26   26     
101     101                                               23   27   67   93                   69   69   67        31   11   11     
102     102                                               22   92   90   25                  152  152  150       115  123  123     
103     103                                              160  123  147   29                   59   59   57       158   86   86     
104     104                                               46   32   71   37                   85   85   83       107   87   87     
106     106                                              108    4  112   35                   42   42   40        94   19   19     
107     107                                               78   66  155  120                   21   21   18       151   77   77     
108     108                                              141   36   65  159                  103  103  101       133    6    6     
109     109                                               51   90   57  135                  101  101   99       129  100  100     
111     111                                               29   29   48  121                   39   39   37       147   93   93     
112     112                                               35    8    1   96                   41   41   39       150  145  145     
113     113                                              144   41   26   42                  141  141  139        37  134  134     
114     114                                                2   57   95   78                   34   34   31        50   59   59     
116     116                                               50  138   33   27                  137  137  135        81   61   61     
117     117                                               17  157   44  157                  115  115  113        29   96   96     
118     118                                               83   88  134  155                  147  147  145        48  144  144     
119     119                                               69   35  103   40                  100  100   98        95   90   90     
121     121                                              140  129   85   95                   98   98   96         1  142  142     
122     122                                               10   63   14   47                  135  135  133        73  133  133     
123     123                                               27   69  129  131                   76   76   74        75  146  146     
124     124                                              111   52   86   38                   66   66   64       127   24   24     
126     126                                              121   43  149   84                   57   57   55        70   38   38     
127     127                                               41   91   40  158                   97   97   95       143   20   20     
128     128                                              146   87  153   97                  133  133  131       112   22   22     
129     129                                              104  132  130   13                  107  107  105       134  105  105     
131     131                                              158   11   22   86                   33   33   30         5   36   36     
132     132                                                5   83   83   51                  119  119  117        59    4    4     
133     133                                               87  152   62   30                    1    1   35       156    8    8     
134     134                                               77  151  135    8                   10   10    7       141   21   21     
136     136                                               61  124   43  150                    2    2  159        32  147  147     
137     137                                              149  143   37   62                   26   26   23       130   23   23     
138     138                                              137  158   66   73                   58   58   56        22   85   85     
139     139                                              123   14  108   53                   96   96   94        72   40   40     
141     141                                               25   18  126  104                   68   68   66        61   33   33     
142     142                                               49   93   18  118                   24   24   21       103  121  121     
143     143                                                8   39   92   49                   11   11    8         3   54   54     
144     144                                               11  149   84   19                  142  142  140       104   80   80     
146     146                                              127  141   87   57                  128  128  126        18   92   92     
147     147                                              129   70   39  114                   44   44   42        99   25   25     
148     148                                               18  155  150   31                   95   95   93        28  139  139     
149     149                                              143   89  118   69                   74   74   72       128   39   39     
151     151                                               19   85   56  115                   12   12    9       142  119  119     
152     152                                              145   77  136  145                  126  126  124        53   73   73     
153     153                                               85  107  151   89                   38   38   36       152   65   65     
154     154                                              112  130    4   88                  143  143  141       116  106  106     
156     156                                               74    5   34   65                   92   92   90        30  140  140     
157     157                                               88   59   72  110                   15   15   12        45  150  150     
158     158                                              138   30   42    9                   53   53   51        68    9    9     
159     159                                               38   25   76  160                   19   19   16        96  138  138     

========================================================================================
ROW ORDER = Py  (linear_rank ascending)
========================================================================================
  n  Py nRk   d l2d  Px Pmy  -y  y2p  x3p  Y2f  X3f   C  h3p  a2p  h2p  a3p   r   s   z  Ry h160  pay  lex sPub  sVH sCHK   c4 dbit
-----------------------------------------------------------------------------------------------------------------------------------
 54   1  54  54  54  35  88  88    7    7    1   35  35   79  125  125    2  14  75  35   3  116  116  114   12  123   99   99   54
110   2 110  78  78   3  87  87   72   72    2    3   3  157   58  159   48  19  38   2  69    7    7    4   19   92   46   46  110
 27   3  27  27  27  14  86  86    4    4    3   14  14   32   51  107   10  68  48   8  70    5    5    2   47   47  122  122   27
 33   4  33  33  33  66  85  85    2    2    4   66  66  153  150   88  122  65  17  65  19   40   40   38   42  110   28   28   33
105   5 105  77  77  75  84  84   55   55    5   75  75  131   33   77   33  15  34  58  24   70   70   68    6   87   64   64  105
 26   6  26  26  26  37  83  83   47   47    6   37  37   57   42  104   87  23  49  75  82  110  110  108   88   49   41   41   26
 28   7  28  28  28  80  82  82   49   49    7   80  80    1  153   11   71  79  71  21  81    9    9    6   64  160   66   66   28
 59   8  59  59  59  30  81  81   37   37    8   30  30   36   98   99   50  53  11  17  61  102  102  100   22   84   68   68   59
 85   9  85  73  73  18  80  80   26   26    9   18  18   99  128  145  124   4  81  29  62  117  117  115   28  124    5    5   85
 55  10  55  55  55  55  79  79   25   25   10   55  55   16  147   93   52  74  26  33   2  127  127  125   74  137  107  107   55
 68  11  68  68  68  16  78  78   77   77   11   16  16  101  105  138   99  32  13  16   4  132  132  130    2   36   35   35   68
 11  12  11  11  11  58  77  77   21   21   12   58  58   54  121  141   72   9  84  14  49  154  154  152   20  155   60   60   11
 42  13  42  42  42  81  76  76   18   18   13   81  81   70   71   52  144  82  27  34  71   83   83   81   86  119   16   16   42
125  14 125  81  81  22  75  75   70   70   14   22  22   56  103    9   23  10  72  37  79  151  151  149   85   38   82   82  125
120  15 120  80  80  77  74  74   66   66   15   77  77  142  160   12  102  58  15  46  34   37   37   34   59   64  160  160  120
 21  16  21  21  21  13  73  73   22   22   16   13  13   26  148   91  142  44  74  78   9   18   18   15    1  120   31   31   21
 13  17  13  13  13  70  72  72   83   83   17   70  70   94  140   29   11  86  33  30  12  156  156  154   78   66   49   49   13
  5  18   5   5   5  23  71  71   51   51   18   23  23   97   15   51   98  47  35  20  28   84   84   82   79   78  120  120    5
 39  19  39  39  39  19  70  70   32   32   19   19  19   12   75    5   20  46   3  26  53    4    4    1   63   13   58   58   39
 38  20  38  38  38  76  69  69   60   60   20   76  76  154  154   53  101  88  66  50  55  104  104  102   53   56  137  137   38
  2  21   2   2   2  86  68  68   82   82   21   86  86   53   23  152  132  37  64  59  80   73   73   71   81   46  112  112    2
 17  22  17  17  17  29  67  67   69   69   22   29  29   24  142   82  116  33  88  42   8  105  105  103   87   15  156  156   17
 62  23  62  62  62  17  66  66   50   50   23   17  17  135   68  115   90  48  73  71  78  136  136  134   56   21  159  159   62
 31  24  31  31  31  56  65  65   10   10   24   56  56   33   55  157  107  39  51  63  11  125  125  123   11   88   55   55   31
 19  25  19  19  19  54  64  64   68   68   25   54  54   95   78   96   81  17  55  79  32  140  140  138   15  131   84   84   19
  1  26   1   1   1  51  63  63   24   24   26   51  51  128   31    2   94  11  82  76  54   65   65   63    3  132   51   51    1
 32  27  32  32  32   4  62  62   20   20   27    4   4   48    6   73  129  81  59  45  57   91   91   89   10   35   14   14   32
 64  28  64  64  64   8  61  61   45   45   28    8   8   64  101  131   76  28  69  82  31   32   32   29    5    8   43   43   64
 58  29  58  58  58   9  60  60   41   41   29    9   9  132  120  110  130  21  31  77  42   82   82   80   76   11  118  118   58
 63  30  63  63  63  45  59  59   80   80   30   45  45  120  109   13   18  76   8  12  10  144  144  142   73   23   98   98   63
  4  31   4   4   4  20  58  58   62   62   31   20  20   82   20   30   64  62  70  69  13   87   87   85   66   33   48   48    4
 48  32  48  48  48  61  57  57   85   85   32   61  61   73    9   46   46  59  14  80  68   80   80   78   35    4  115  115   48
145  33 145          71  56  56   33   33   33   71  71  107  133   16  126  54   7   7       47   47   45   84  102   75   75     
 37  34  37  37  37  52  55  55   84   84   34   52  52  114   34   19  106  63  36  39  48   17   17   14   69   86  126  126   37
 12  35  12  12  12  57  54  54   87   87   35   57  57   84   81  117   14  16  37  83  36   79   79   77   72  149   89   89   12
 80  36  80  72  72  53  53  53   15   15   36   53  53   42  117  119  140  51  28  25  23   61   61   59   50   74   70   70   80
 53  37  53  53  53   7  52  52   29   29   37    7   7   14   99  106    7  45  62   6  14   23   23   20   23  109   76   76   53
135  38 135          12  51  51   59   59   38   12  12   68   21   64   39  71  22  54       31   31   28   68   85   79   79     
115  39 115  79  79  32  50  50   46   46   39   32  32  150   26   17  154  55   5   1  47  139  139  137   25   91   94   94  115
  3  40   3   3   3  41  49  49   73   73   40   41  41   40   17   68  149  31  18  74  33   50   50   48   57   98   42   42    3
 36  41  36  36  36  73  48  48   53   53   41   73  73   93    1   78  136  26  87  84  64   64   64   62   43  154  152  152   36
 57  42  57  57  57  67  47  47   44   44   42   67  67  126  100  127   83  83  63  44  56   25   25   22   17   41   18   18   57
 22  43  22  22  22  27  46  46   74   74   43   27  27   71   64   41   21   7  10  72  44   77   77   75   54   14  153  153   22
 44  44  44  44  44  43  45  45   71   71   44   43  43   75   50   98   70  24  65  52  74   78   78   76   34  140   34   34   44
 14  45  14  14  14  74  44  44   19   19   45   74  74   62   10  101   58  70  58  41  58   88   88   86   41   19   44   44   14
 66  46  66  66  66  38  43  43   39   39   46   38  38    9   54  116   54  20  23  31  22   14   14   11   36   67  154  154   66
 40  47  40  40  40  65  42  42    9    9   47   65  65  115   40  120   26  75  40  60   7   86   86   84   51  146  117  117   40
 51  48  51  51  51  59  41  41   14   14   48   59  59   98  104  124   22  85  39  49  43  145  145  143   21    2   53   53   51
 16  49  16  16  16  64  40  40    1    1   49   64  64  119  145  123  143  60  52  48  63   62   62   60   77    6   27   27   16
100  50 100  76  76  78  39  39   35   35   50   78  78  152   61   81  137  34  56  11  76  114  114  112   30   97   47   47  100
  9  51   9   9   9  31  38  38    3    3   51   31  31  156   46   32   17   3  50   3  18   72   72   70   65   42   91   91    9
 20  52  20  20  20  25  37  37   79   79   52   25  25  106   73   55   61  18  29  22  20  106  106  104   44  121   30   30   20
 18  53  18  18  18   5  36  36   63   63   53    5   5   15   12   59  119   5  85  68  67   99   99   97    7   43  130  130   18
 35  54  35  35  35  84  35  35   28   28   54   84  84  136   74   63   15  29  86  53  60  149  149  147   33  153  125  125   35
 23  55  23  23  23  85  34  34    6    6   55   85  85   13   49   31   85   1  53  57  73  121  121  119   27  138  143  143   23
 41  56  41  41  41  72  33  33   75   75   56   72  72  148   38   36  139  50  77  70  37  122  122  120   67  148  113  113   41
 75  57  75  71  71  49  32  32   54   54   57   49  49   59  136  160  156  13  47  85  35  108  108  106   80  157  110  110   75
 95  58  95  75  75  63  31  31   12   12   58   63  63   86   22  114  105  78  44  40  21   51   51   49   24   80   78   78   95
 46  59  46  46  46  87  30  30   34   34   59   87  87  105   86  128  146  64  79  43  17   90   90   88   39   71   88   88   46
 90  60  90  74  74  40  29  29   81   81   60   40  40   21  118   25   59   2  80  67  39  120  120  118   37   20  132  132   90
 45  61  45  45  45  48  28  28   57   57   61   48  48   31  122  158    4  72  57  86  30  146  146  144    8  113  109  109   45
130  62 130  82  82  44  27  27   58   58   62   44  44  116   28  142   92  57  19  51  45   94   94   92   52   93   12   12  130
 30  63  30  30  30   6  26  26   42   42   63    6   6   90  110   58   66  66   2  32  50  123  123  121   18  105   10   10   30
 25  64  25  25  25   1  25  25   61   61   64    1   1  103   53  109   44  12  78  56  40   22   22   19   13   54   83   83   25
 49  65  49  49  49  39  24  24   17   17   65   39  39   81  127   24   77  49  61  10   5    6    6    3   38  108   13   13   49
  7  66   7   7   7  62  23  23   76   76   66   62  62  124   62   74   28  69   9   9  52  134  134  132    9   89   50   50    7
 47  67  47  47  47  24  22  22   64   64   67   24  24   43  115   20  100  67  42  15  15  153  153  151   61   16  149  149   47
160  68 160          79  21  21   78   78   68   79  79   39  156  122   34  40  30  62      138  138  136   46  101   56   56     
 43  69  43  43  43  68  20  20   56   56   69   68  68   58   45   35   75  27  25   5  46  155  155  153   14   55  114  114   43
 15  70  15  15  15  88  19  19   65   65   70   88  88   76  134  121  123  61  83  28  16  159  159  157   75  100  101  101   15
 34  71  34  34  34  26  18  18   23   23   71   26  26   30   84   38  141   8  24  23  25  148  148  146   16   25  155  155   34
 60  72  60  60  60  33  17  17   36   36   72   33  33  134  146   45    1  77  67  61   1  118  118  116   58   40  116  116   60
 69  73  69  69  69  36  16  16   86   86   73   36  36  113   79  156   91   6   6  55  77   52   52   50   70  144  127  127   69
  8  74   8   8   8   2  15  15   11   11   74    2   2  139  112   50   24  36   4  64  26  129  129  127   29   69   57   57    8
 61  75  61  61  61  34  14  14   67   67   75   34  34   60   24  148   74  38  12  81  38   56   56   54   31   60   74   74   61
 24  76  24  24  24  47  13  13   48   48   76   47  47   65   97   54  127  52  20  36  72    3    3  160   83   51    1    1   24
 10  77  10  10  10  69  12  12   27   27   77   69  69   72  114   89  153  56  41  24  51  124  124  122   45  135  111  111   10
 70  78  70  70  70  60  11  11   31   31   78   60  60  155  116   94  108  22  45  87  59   49   49   47   82   76   45   45   70
 52  79  52  52  52  50  10  10   40   40   79   50  50   91  102   21   55  43  54  73   6   29   29   26   49   10  124  124   52
 56  80  56  56  56  28   9   9    5    5   80   28  28   63  139  102   56  41  68  38  29   36   36   33    4   27   62   62   56
  6  81   6   6   6  82   8   8   30   30   81   82  82  125    3   47  134  30   1  19  65  157  157  155   32  145   81   81    6
 65  82  65  65  65  21   7   7   13   13   82   21  21  147  137   49    3  35  46  18  66   43   43   41   40  159  158  158   65
 50  83  50  50  50  83   6   6   52   52   83   83  83  110   82   75  147  25  43  13  75  130  130  128   55   82  102  102   50
 67  84  67  67  67  10   5   5   38   38   84   10  10    4   65  132   41  42  76   4  41   63   63   61   62   79   71   71   67
 29  85  29  29  29  46   4   4   43   43   85   46  46   66   72  140  113  73  60  27  27   46   46   44   71  122  128  128   29
155  86 155          42   3   3   88   88   86   42  42   52  108    8  112  84  16  47       60   60   58   48   62  135  135     
150  87 150          11   2   2   16   16   87   11  11   96  135   69   68  87  32  66      131  131  129   60   58    7    7     
140  88 140          15   1   1    8    8   88   15  15    6  111  133  103  80  21  88      160  160  158   26  118   72   72     
 71      71                                               28   94   97    6                  150  150  148        90  108  108     
 72      72                                               34   44  113  133                  109  109  107        34   15   15     
 73      73                                               92   76  105   60                    8    8    5       114   17   17     
 74      74                                               45   37  143  117                   93   93   91        83   95   95     
 76      76                                              122   48    6  152                   81   81   79        77  103  103     
 77      77                                               80    2  154  148                   67   67   65        24   37   37     
 78      78                                              133  113  139   82                   27   27   24       136  157  157     
 79      79                                              117  106   10  111                   55   55   53        57  136  136     
 81      81                                               37   56  144   80                   28   28   25        39  129  129     
 82      82                                              109   95   79   43                   13   13   10        12  131  131     
 83      83                                              100   60  111   32                   16   16   13        63   69   69     
 84      84                                              151   47   27   16                   71   71   69       125  148  148     
 86      86                                              130   96    7  138                  112  112  110         7   29   29     
 87      87                                               55   16   61   67                  158  158  156       106   32   32     
 88      88                                              159  144   70    5                   30   30   27        65    3    3     
 89      89                                              102   80  100  128                   48   48   46       139   67   67     
 91      91                                               89    7   15   79                   89   89   87       126   52   52     
 92      92                                               20   67   80  109                   54   54   52       117    2    2     
 93      93                                               47   19   28  151                   35   35   32        26  104  104     
 94      94                                                7  159  137   36                  113  113  111        52   97   97     
 96      96                                                3  126   23   45                   20   20   17       111   63   63     
 97      97                                               44  119  146   12                   45   45   43        44  151  151     
 98      98                                               67  131   60   63                   75   75   73         9  141  141     
 99      99                                              118   13    3  125                  111  111  109        17   26   26     
101     101                                               23   27   67   93                   69   69   67        31   11   11     
102     102                                               22   92   90   25                  152  152  150       115  123  123     
103     103                                              160  123  147   29                   59   59   57       158   86   86     
104     104                                               46   32   71   37                   85   85   83       107   87   87     
106     106                                              108    4  112   35                   42   42   40        94   19   19     
107     107                                               78   66  155  120                   21   21   18       151   77   77     
108     108                                              141   36   65  159                  103  103  101       133    6    6     
109     109                                               51   90   57  135                  101  101   99       129  100  100     
111     111                                               29   29   48  121                   39   39   37       147   93   93     
112     112                                               35    8    1   96                   41   41   39       150  145  145     
113     113                                              144   41   26   42                  141  141  139        37  134  134     
114     114                                                2   57   95   78                   34   34   31        50   59   59     
116     116                                               50  138   33   27                  137  137  135        81   61   61     
117     117                                               17  157   44  157                  115  115  113        29   96   96     
118     118                                               83   88  134  155                  147  147  145        48  144  144     
119     119                                               69   35  103   40                  100  100   98        95   90   90     
121     121                                              140  129   85   95                   98   98   96         1  142  142     
122     122                                               10   63   14   47                  135  135  133        73  133  133     
123     123                                               27   69  129  131                   76   76   74        75  146  146     
124     124                                              111   52   86   38                   66   66   64       127   24   24     
126     126                                              121   43  149   84                   57   57   55        70   38   38     
127     127                                               41   91   40  158                   97   97   95       143   20   20     
128     128                                              146   87  153   97                  133  133  131       112   22   22     
129     129                                              104  132  130   13                  107  107  105       134  105  105     
131     131                                              158   11   22   86                   33   33   30         5   36   36     
132     132                                                5   83   83   51                  119  119  117        59    4    4     
133     133                                               87  152   62   30                    1    1   35       156    8    8     
134     134                                               77  151  135    8                   10   10    7       141   21   21     
136     136                                               61  124   43  150                    2    2  159        32  147  147     
137     137                                              149  143   37   62                   26   26   23       130   23   23     
138     138                                              137  158   66   73                   58   58   56        22   85   85     
139     139                                              123   14  108   53                   96   96   94        72   40   40     
141     141                                               25   18  126  104                   68   68   66        61   33   33     
142     142                                               49   93   18  118                   24   24   21       103  121  121     
143     143                                                8   39   92   49                   11   11    8         3   54   54     
144     144                                               11  149   84   19                  142  142  140       104   80   80     
146     146                                              127  141   87   57                  128  128  126        18   92   92     
147     147                                              129   70   39  114                   44   44   42        99   25   25     
148     148                                               18  155  150   31                   95   95   93        28  139  139     
149     149                                              143   89  118   69                   74   74   72       128   39   39     
151     151                                               19   85   56  115                   12   12    9       142  119  119     
152     152                                              145   77  136  145                  126  126  124        53   73   73     
153     153                                               85  107  151   89                   38   38   36       152   65   65     
154     154                                              112  130    4   88                  143  143  141       116  106  106     
156     156                                               74    5   34   65                   92   92   90        30  140  140     
157     157                                               88   59   72  110                   15   15   12        45  150  150     
158     158                                              138   30   42    9                   53   53   51        68    9    9     
159     159                                               38   25   76  160                   19   19   16        96  138  138     

========================================================================================
ROW ORDER = Pmy  (linear_rank ascending)
========================================================================================
  n Pmy nRk   d l2d  Px  Py  -y  y2p  x3p  Y2f  X3f   C  h3p  a2p  h2p  a3p   r   s   z  Ry h160  pay  lex sPub  sVH sCHK   c4 dbit
-----------------------------------------------------------------------------------------------------------------------------------
140   1 140          15  88   1    8    8   88   15  15    6  111  133  103  80  21  88      160  160  158   26  118   72   72     
150   2 150          11  87   2   16   16   87   11  11   96  135   69   68  87  32  66      131  131  129   60   58    7    7     
155   3 155          42  86   3   88   88   86   42  42   52  108    8  112  84  16  47       60   60   58   48   62  135  135     
 29   4  29  29  29  46  85   4   43   43   85   46  46   66   72  140  113  73  60  27  27   46   46   44   71  122  128  128   29
 67   5  67  67  67  10  84   5   38   38   84   10  10    4   65  132   41  42  76   4  41   63   63   61   62   79   71   71   67
 50   6  50  50  50  83  83   6   52   52   83   83  83  110   82   75  147  25  43  13  75  130  130  128   55   82  102  102   50
 65   7  65  65  65  21  82   7   13   13   82   21  21  147  137   49    3  35  46  18  66   43   43   41   40  159  158  158   65
  6   8   6   6   6  82  81   8   30   30   81   82  82  125    3   47  134  30   1  19  65  157  157  155   32  145   81   81    6
 56   9  56  56  56  28  80   9    5    5   80   28  28   63  139  102   56  41  68  38  29   36   36   33    4   27   62   62   56
 52  10  52  52  52  50  79  10   40   40   79   50  50   91  102   21   55  43  54  73   6   29   29   26   49   10  124  124   52
 70  11  70  70  70  60  78  11   31   31   78   60  60  155  116   94  108  22  45  87  59   49   49   47   82   76   45   45   70
 10  12  10  10  10  69  77  12   27   27   77   69  69   72  114   89  153  56  41  24  51  124  124  122   45  135  111  111   10
 24  13  24  24  24  47  76  13   48   48   76   47  47   65   97   54  127  52  20  36  72    3    3  160   83   51    1    1   24
 61  14  61  61  61  34  75  14   67   67   75   34  34   60   24  148   74  38  12  81  38   56   56   54   31   60   74   74   61
  8  15   8   8   8   2  74  15   11   11   74    2   2  139  112   50   24  36   4  64  26  129  129  127   29   69   57   57    8
 69  16  69  69  69  36  73  16   86   86   73   36  36  113   79  156   91   6   6  55  77   52   52   50   70  144  127  127   69
 60  17  60  60  60  33  72  17   36   36   72   33  33  134  146   45    1  77  67  61   1  118  118  116   58   40  116  116   60
 34  18  34  34  34  26  71  18   23   23   71   26  26   30   84   38  141   8  24  23  25  148  148  146   16   25  155  155   34
 15  19  15  15  15  88  70  19   65   65   70   88  88   76  134  121  123  61  83  28  16  159  159  157   75  100  101  101   15
 43  20  43  43  43  68  69  20   56   56   69   68  68   58   45   35   75  27  25   5  46  155  155  153   14   55  114  114   43
160  21 160          79  68  21   78   78   68   79  79   39  156  122   34  40  30  62      138  138  136   46  101   56   56     
 47  22  47  47  47  24  67  22   64   64   67   24  24   43  115   20  100  67  42  15  15  153  153  151   61   16  149  149   47
  7  23   7   7   7  62  66  23   76   76   66   62  62  124   62   74   28  69   9   9  52  134  134  132    9   89   50   50    7
 49  24  49  49  49  39  65  24   17   17   65   39  39   81  127   24   77  49  61  10   5    6    6    3   38  108   13   13   49
 25  25  25  25  25   1  64  25   61   61   64    1   1  103   53  109   44  12  78  56  40   22   22   19   13   54   83   83   25
 30  26  30  30  30   6  63  26   42   42   63    6   6   90  110   58   66  66   2  32  50  123  123  121   18  105   10   10   30
130  27 130  82  82  44  62  27   58   58   62   44  44  116   28  142   92  57  19  51  45   94   94   92   52   93   12   12  130
 45  28  45  45  45  48  61  28   57   57   61   48  48   31  122  158    4  72  57  86  30  146  146  144    8  113  109  109   45
 90  29  90  74  74  40  60  29   81   81   60   40  40   21  118   25   59   2  80  67  39  120  120  118   37   20  132  132   90
 46  30  46  46  46  87  59  30   34   34   59   87  87  105   86  128  146  64  79  43  17   90   90   88   39   71   88   88   46
 95  31  95  75  75  63  58  31   12   12   58   63  63   86   22  114  105  78  44  40  21   51   51   49   24   80   78   78   95
 75  32  75  71  71  49  57  32   54   54   57   49  49   59  136  160  156  13  47  85  35  108  108  106   80  157  110  110   75
 41  33  41  41  41  72  56  33   75   75   56   72  72  148   38   36  139  50  77  70  37  122  122  120   67  148  113  113   41
 23  34  23  23  23  85  55  34    6    6   55   85  85   13   49   31   85   1  53  57  73  121  121  119   27  138  143  143   23
 35  35  35  35  35  84  54  35   28   28   54   84  84  136   74   63   15  29  86  53  60  149  149  147   33  153  125  125   35
 18  36  18  18  18   5  53  36   63   63   53    5   5   15   12   59  119   5  85  68  67   99   99   97    7   43  130  130   18
 20  37  20  20  20  25  52  37   79   79   52   25  25  106   73   55   61  18  29  22  20  106  106  104   44  121   30   30   20
  9  38   9   9   9  31  51  38    3    3   51   31  31  156   46   32   17   3  50   3  18   72   72   70   65   42   91   91    9
100  39 100  76  76  78  50  39   35   35   50   78  78  152   61   81  137  34  56  11  76  114  114  112   30   97   47   47  100
 16  40  16  16  16  64  49  40    1    1   49   64  64  119  145  123  143  60  52  48  63   62   62   60   77    6   27   27   16
 51  41  51  51  51  59  48  41   14   14   48   59  59   98  104  124   22  85  39  49  43  145  145  143   21    2   53   53   51
 40  42  40  40  40  65  47  42    9    9   47   65  65  115   40  120   26  75  40  60   7   86   86   84   51  146  117  117   40
 66  43  66  66  66  38  46  43   39   39   46   38  38    9   54  116   54  20  23  31  22   14   14   11   36   67  154  154   66
 14  44  14  14  14  74  45  44   19   19   45   74  74   62   10  101   58  70  58  41  58   88   88   86   41   19   44   44   14
 44  45  44  44  44  43  44  45   71   71   44   43  43   75   50   98   70  24  65  52  74   78   78   76   34  140   34   34   44
 22  46  22  22  22  27  43  46   74   74   43   27  27   71   64   41   21   7  10  72  44   77   77   75   54   14  153  153   22
 57  47  57  57  57  67  42  47   44   44   42   67  67  126  100  127   83  83  63  44  56   25   25   22   17   41   18   18   57
 36  48  36  36  36  73  41  48   53   53   41   73  73   93    1   78  136  26  87  84  64   64   64   62   43  154  152  152   36
  3  49   3   3   3  41  40  49   73   73   40   41  41   40   17   68  149  31  18  74  33   50   50   48   57   98   42   42    3
115  50 115  79  79  32  39  50   46   46   39   32  32  150   26   17  154  55   5   1  47  139  139  137   25   91   94   94  115
135  51 135          12  38  51   59   59   38   12  12   68   21   64   39  71  22  54       31   31   28   68   85   79   79     
 53  52  53  53  53   7  37  52   29   29   37    7   7   14   99  106    7  45  62   6  14   23   23   20   23  109   76   76   53
 80  53  80  72  72  53  36  53   15   15   36   53  53   42  117  119  140  51  28  25  23   61   61   59   50   74   70   70   80
 12  54  12  12  12  57  35  54   87   87   35   57  57   84   81  117   14  16  37  83  36   79   79   77   72  149   89   89   12
 37  55  37  37  37  52  34  55   84   84   34   52  52  114   34   19  106  63  36  39  48   17   17   14   69   86  126  126   37
145  56 145          71  33  56   33   33   33   71  71  107  133   16  126  54   7   7       47   47   45   84  102   75   75     
 48  57  48  48  48  61  32  57   85   85   32   61  61   73    9   46   46  59  14  80  68   80   80   78   35    4  115  115   48
  4  58   4   4   4  20  31  58   62   62   31   20  20   82   20   30   64  62  70  69  13   87   87   85   66   33   48   48    4
 63  59  63  63  63  45  30  59   80   80   30   45  45  120  109   13   18  76   8  12  10  144  144  142   73   23   98   98   63
 58  60  58  58  58   9  29  60   41   41   29    9   9  132  120  110  130  21  31  77  42   82   82   80   76   11  118  118   58
 64  61  64  64  64   8  28  61   45   45   28    8   8   64  101  131   76  28  69  82  31   32   32   29    5    8   43   43   64
 32  62  32  32  32   4  27  62   20   20   27    4   4   48    6   73  129  81  59  45  57   91   91   89   10   35   14   14   32
  1  63   1   1   1  51  26  63   24   24   26   51  51  128   31    2   94  11  82  76  54   65   65   63    3  132   51   51    1
 19  64  19  19  19  54  25  64   68   68   25   54  54   95   78   96   81  17  55  79  32  140  140  138   15  131   84   84   19
 31  65  31  31  31  56  24  65   10   10   24   56  56   33   55  157  107  39  51  63  11  125  125  123   11   88   55   55   31
 62  66  62  62  62  17  23  66   50   50   23   17  17  135   68  115   90  48  73  71  78  136  136  134   56   21  159  159   62
 17  67  17  17  17  29  22  67   69   69   22   29  29   24  142   82  116  33  88  42   8  105  105  103   87   15  156  156   17
  2  68   2   2   2  86  21  68   82   82   21   86  86   53   23  152  132  37  64  59  80   73   73   71   81   46  112  112    2
 38  69  38  38  38  76  20  69   60   60   20   76  76  154  154   53  101  88  66  50  55  104  104  102   53   56  137  137   38
 39  70  39  39  39  19  19  70   32   32   19   19  19   12   75    5   20  46   3  26  53    4    4    1   63   13   58   58   39
  5  71   5   5   5  23  18  71   51   51   18   23  23   97   15   51   98  47  35  20  28   84   84   82   79   78  120  120    5
 13  72  13  13  13  70  17  72   83   83   17   70  70   94  140   29   11  86  33  30  12  156  156  154   78   66   49   49   13
 21  73  21  21  21  13  16  73   22   22   16   13  13   26  148   91  142  44  74  78   9   18   18   15    1  120   31   31   21
120  74 120  80  80  77  15  74   66   66   15   77  77  142  160   12  102  58  15  46  34   37   37   34   59   64  160  160  120
125  75 125  81  81  22  14  75   70   70   14   22  22   56  103    9   23  10  72  37  79  151  151  149   85   38   82   82  125
 42  76  42  42  42  81  13  76   18   18   13   81  81   70   71   52  144  82  27  34  71   83   83   81   86  119   16   16   42
 11  77  11  11  11  58  12  77   21   21   12   58  58   54  121  141   72   9  84  14  49  154  154  152   20  155   60   60   11
 68  78  68  68  68  16  11  78   77   77   11   16  16  101  105  138   99  32  13  16   4  132  132  130    2   36   35   35   68
 55  79  55  55  55  55  10  79   25   25   10   55  55   16  147   93   52  74  26  33   2  127  127  125   74  137  107  107   55
 85  80  85  73  73  18   9  80   26   26    9   18  18   99  128  145  124   4  81  29  62  117  117  115   28  124    5    5   85
 59  81  59  59  59  30   8  81   37   37    8   30  30   36   98   99   50  53  11  17  61  102  102  100   22   84   68   68   59
 28  82  28  28  28  80   7  82   49   49    7   80  80    1  153   11   71  79  71  21  81    9    9    6   64  160   66   66   28
 26  83  26  26  26  37   6  83   47   47    6   37  37   57   42  104   87  23  49  75  82  110  110  108   88   49   41   41   26
105  84 105  77  77  75   5  84   55   55    5   75  75  131   33   77   33  15  34  58  24   70   70   68    6   87   64   64  105
 33  85  33  33  33  66   4  85    2    2    4   66  66  153  150   88  122  65  17  65  19   40   40   38   42  110   28   28   33
 27  86  27  27  27  14   3  86    4    4    3   14  14   32   51  107   10  68  48   8  70    5    5    2   47   47  122  122   27
110  87 110  78  78   3   2  87   72   72    2    3   3  157   58  159   48  19  38   2  69    7    7    4   19   92   46   46  110
 54  88  54  54  54  35   1  88    7    7    1   35  35   79  125  125    2  14  75  35   3  116  116  114   12  123   99   99   54
 71      71                                               28   94   97    6                  150  150  148        90  108  108     
 72      72                                               34   44  113  133                  109  109  107        34   15   15     
 73      73                                               92   76  105   60                    8    8    5       114   17   17     
 74      74                                               45   37  143  117                   93   93   91        83   95   95     
 76      76                                              122   48    6  152                   81   81   79        77  103  103     
 77      77                                               80    2  154  148                   67   67   65        24   37   37     
 78      78                                              133  113  139   82                   27   27   24       136  157  157     
 79      79                                              117  106   10  111                   55   55   53        57  136  136     
 81      81                                               37   56  144   80                   28   28   25        39  129  129     
 82      82                                              109   95   79   43                   13   13   10        12  131  131     
 83      83                                              100   60  111   32                   16   16   13        63   69   69     
 84      84                                              151   47   27   16                   71   71   69       125  148  148     
 86      86                                              130   96    7  138                  112  112  110         7   29   29     
 87      87                                               55   16   61   67                  158  158  156       106   32   32     
 88      88                                              159  144   70    5                   30   30   27        65    3    3     
 89      89                                              102   80  100  128                   48   48   46       139   67   67     
 91      91                                               89    7   15   79                   89   89   87       126   52   52     
 92      92                                               20   67   80  109                   54   54   52       117    2    2     
 93      93                                               47   19   28  151                   35   35   32        26  104  104     
 94      94                                                7  159  137   36                  113  113  111        52   97   97     
 96      96                                                3  126   23   45                   20   20   17       111   63   63     
 97      97                                               44  119  146   12                   45   45   43        44  151  151     
 98      98                                               67  131   60   63                   75   75   73         9  141  141     
 99      99                                              118   13    3  125                  111  111  109        17   26   26     
101     101                                               23   27   67   93                   69   69   67        31   11   11     
102     102                                               22   92   90   25                  152  152  150       115  123  123     
103     103                                              160  123  147   29                   59   59   57       158   86   86     
104     104                                               46   32   71   37                   85   85   83       107   87   87     
106     106                                              108    4  112   35                   42   42   40        94   19   19     
107     107                                               78   66  155  120                   21   21   18       151   77   77     
108     108                                              141   36   65  159                  103  103  101       133    6    6     
109     109                                               51   90   57  135                  101  101   99       129  100  100     
111     111                                               29   29   48  121                   39   39   37       147   93   93     
112     112                                               35    8    1   96                   41   41   39       150  145  145     
113     113                                              144   41   26   42                  141  141  139        37  134  134     
114     114                                                2   57   95   78                   34   34   31        50   59   59     
116     116                                               50  138   33   27                  137  137  135        81   61   61     
117     117                                               17  157   44  157                  115  115  113        29   96   96     
118     118                                               83   88  134  155                  147  147  145        48  144  144     
119     119                                               69   35  103   40                  100  100   98        95   90   90     
121     121                                              140  129   85   95                   98   98   96         1  142  142     
122     122                                               10   63   14   47                  135  135  133        73  133  133     
123     123                                               27   69  129  131                   76   76   74        75  146  146     
124     124                                              111   52   86   38                   66   66   64       127   24   24     
126     126                                              121   43  149   84                   57   57   55        70   38   38     
127     127                                               41   91   40  158                   97   97   95       143   20   20     
128     128                                              146   87  153   97                  133  133  131       112   22   22     
129     129                                              104  132  130   13                  107  107  105       134  105  105     
131     131                                              158   11   22   86                   33   33   30         5   36   36     
132     132                                                5   83   83   51                  119  119  117        59    4    4     
133     133                                               87  152   62   30                    1    1   35       156    8    8     
134     134                                               77  151  135    8                   10   10    7       141   21   21     
136     136                                               61  124   43  150                    2    2  159        32  147  147     
137     137                                              149  143   37   62                   26   26   23       130   23   23     
138     138                                              137  158   66   73                   58   58   56        22   85   85     
139     139                                              123   14  108   53                   96   96   94        72   40   40     
141     141                                               25   18  126  104                   68   68   66        61   33   33     
142     142                                               49   93   18  118                   24   24   21       103  121  121     
143     143                                                8   39   92   49                   11   11    8         3   54   54     
144     144                                               11  149   84   19                  142  142  140       104   80   80     
146     146                                              127  141   87   57                  128  128  126        18   92   92     
147     147                                              129   70   39  114                   44   44   42        99   25   25     
148     148                                               18  155  150   31                   95   95   93        28  139  139     
149     149                                              143   89  118   69                   74   74   72       128   39   39     
151     151                                               19   85   56  115                   12   12    9       142  119  119     
152     152                                              145   77  136  145                  126  126  124        53   73   73     
153     153                                               85  107  151   89                   38   38   36       152   65   65     
154     154                                              112  130    4   88                  143  143  141       116  106  106     
156     156                                               74    5   34   65                   92   92   90        30  140  140     
157     157                                               88   59   72  110                   15   15   12        45  150  150     
158     158                                              138   30   42    9                   53   53   51        68    9    9     
159     159                                               38   25   76  160                   19   19   16        96  138  138     

========================================================================================
ROW ORDER = neg_y  (linear_rank ascending)
========================================================================================
  n  -y nRk   d l2d  Px  Py Pmy  y2p  x3p  Y2f  X3f   C  h3p  a2p  h2p  a3p   r   s   z  Ry h160  pay  lex sPub  sVH sCHK   c4 dbit
-----------------------------------------------------------------------------------------------------------------------------------
140   1 140          15  88   1    8    8   88   15  15    6  111  133  103  80  21  88      160  160  158   26  118   72   72     
150   2 150          11  87   2   16   16   87   11  11   96  135   69   68  87  32  66      131  131  129   60   58    7    7     
155   3 155          42  86   3   88   88   86   42  42   52  108    8  112  84  16  47       60   60   58   48   62  135  135     
 29   4  29  29  29  46  85   4   43   43   85   46  46   66   72  140  113  73  60  27  27   46   46   44   71  122  128  128   29
 67   5  67  67  67  10  84   5   38   38   84   10  10    4   65  132   41  42  76   4  41   63   63   61   62   79   71   71   67
 50   6  50  50  50  83  83   6   52   52   83   83  83  110   82   75  147  25  43  13  75  130  130  128   55   82  102  102   50
 65   7  65  65  65  21  82   7   13   13   82   21  21  147  137   49    3  35  46  18  66   43   43   41   40  159  158  158   65
  6   8   6   6   6  82  81   8   30   30   81   82  82  125    3   47  134  30   1  19  65  157  157  155   32  145   81   81    6
 56   9  56  56  56  28  80   9    5    5   80   28  28   63  139  102   56  41  68  38  29   36   36   33    4   27   62   62   56
 52  10  52  52  52  50  79  10   40   40   79   50  50   91  102   21   55  43  54  73   6   29   29   26   49   10  124  124   52
 70  11  70  70  70  60  78  11   31   31   78   60  60  155  116   94  108  22  45  87  59   49   49   47   82   76   45   45   70
 10  12  10  10  10  69  77  12   27   27   77   69  69   72  114   89  153  56  41  24  51  124  124  122   45  135  111  111   10
 24  13  24  24  24  47  76  13   48   48   76   47  47   65   97   54  127  52  20  36  72    3    3  160   83   51    1    1   24
 61  14  61  61  61  34  75  14   67   67   75   34  34   60   24  148   74  38  12  81  38   56   56   54   31   60   74   74   61
  8  15   8   8   8   2  74  15   11   11   74    2   2  139  112   50   24  36   4  64  26  129  129  127   29   69   57   57    8
 69  16  69  69  69  36  73  16   86   86   73   36  36  113   79  156   91   6   6  55  77   52   52   50   70  144  127  127   69
 60  17  60  60  60  33  72  17   36   36   72   33  33  134  146   45    1  77  67  61   1  118  118  116   58   40  116  116   60
 34  18  34  34  34  26  71  18   23   23   71   26  26   30   84   38  141   8  24  23  25  148  148  146   16   25  155  155   34
 15  19  15  15  15  88  70  19   65   65   70   88  88   76  134  121  123  61  83  28  16  159  159  157   75  100  101  101   15
 43  20  43  43  43  68  69  20   56   56   69   68  68   58   45   35   75  27  25   5  46  155  155  153   14   55  114  114   43
160  21 160          79  68  21   78   78   68   79  79   39  156  122   34  40  30  62      138  138  136   46  101   56   56     
 47  22  47  47  47  24  67  22   64   64   67   24  24   43  115   20  100  67  42  15  15  153  153  151   61   16  149  149   47
  7  23   7   7   7  62  66  23   76   76   66   62  62  124   62   74   28  69   9   9  52  134  134  132    9   89   50   50    7
 49  24  49  49  49  39  65  24   17   17   65   39  39   81  127   24   77  49  61  10   5    6    6    3   38  108   13   13   49
 25  25  25  25  25   1  64  25   61   61   64    1   1  103   53  109   44  12  78  56  40   22   22   19   13   54   83   83   25
 30  26  30  30  30   6  63  26   42   42   63    6   6   90  110   58   66  66   2  32  50  123  123  121   18  105   10   10   30
130  27 130  82  82  44  62  27   58   58   62   44  44  116   28  142   92  57  19  51  45   94   94   92   52   93   12   12  130
 45  28  45  45  45  48  61  28   57   57   61   48  48   31  122  158    4  72  57  86  30  146  146  144    8  113  109  109   45
 90  29  90  74  74  40  60  29   81   81   60   40  40   21  118   25   59   2  80  67  39  120  120  118   37   20  132  132   90
 46  30  46  46  46  87  59  30   34   34   59   87  87  105   86  128  146  64  79  43  17   90   90   88   39   71   88   88   46
 95  31  95  75  75  63  58  31   12   12   58   63  63   86   22  114  105  78  44  40  21   51   51   49   24   80   78   78   95
 75  32  75  71  71  49  57  32   54   54   57   49  49   59  136  160  156  13  47  85  35  108  108  106   80  157  110  110   75
 41  33  41  41  41  72  56  33   75   75   56   72  72  148   38   36  139  50  77  70  37  122  122  120   67  148  113  113   41
 23  34  23  23  23  85  55  34    6    6   55   85  85   13   49   31   85   1  53  57  73  121  121  119   27  138  143  143   23
 35  35  35  35  35  84  54  35   28   28   54   84  84  136   74   63   15  29  86  53  60  149  149  147   33  153  125  125   35
 18  36  18  18  18   5  53  36   63   63   53    5   5   15   12   59  119   5  85  68  67   99   99   97    7   43  130  130   18
 20  37  20  20  20  25  52  37   79   79   52   25  25  106   73   55   61  18  29  22  20  106  106  104   44  121   30   30   20
  9  38   9   9   9  31  51  38    3    3   51   31  31  156   46   32   17   3  50   3  18   72   72   70   65   42   91   91    9
100  39 100  76  76  78  50  39   35   35   50   78  78  152   61   81  137  34  56  11  76  114  114  112   30   97   47   47  100
 16  40  16  16  16  64  49  40    1    1   49   64  64  119  145  123  143  60  52  48  63   62   62   60   77    6   27   27   16
 51  41  51  51  51  59  48  41   14   14   48   59  59   98  104  124   22  85  39  49  43  145  145  143   21    2   53   53   51
 40  42  40  40  40  65  47  42    9    9   47   65  65  115   40  120   26  75  40  60   7   86   86   84   51  146  117  117   40
 66  43  66  66  66  38  46  43   39   39   46   38  38    9   54  116   54  20  23  31  22   14   14   11   36   67  154  154   66
 14  44  14  14  14  74  45  44   19   19   45   74  74   62   10  101   58  70  58  41  58   88   88   86   41   19   44   44   14
 44  45  44  44  44  43  44  45   71   71   44   43  43   75   50   98   70  24  65  52  74   78   78   76   34  140   34   34   44
 22  46  22  22  22  27  43  46   74   74   43   27  27   71   64   41   21   7  10  72  44   77   77   75   54   14  153  153   22
 57  47  57  57  57  67  42  47   44   44   42   67  67  126  100  127   83  83  63  44  56   25   25   22   17   41   18   18   57
 36  48  36  36  36  73  41  48   53   53   41   73  73   93    1   78  136  26  87  84  64   64   64   62   43  154  152  152   36
  3  49   3   3   3  41  40  49   73   73   40   41  41   40   17   68  149  31  18  74  33   50   50   48   57   98   42   42    3
115  50 115  79  79  32  39  50   46   46   39   32  32  150   26   17  154  55   5   1  47  139  139  137   25   91   94   94  115
135  51 135          12  38  51   59   59   38   12  12   68   21   64   39  71  22  54       31   31   28   68   85   79   79     
 53  52  53  53  53   7  37  52   29   29   37    7   7   14   99  106    7  45  62   6  14   23   23   20   23  109   76   76   53
 80  53  80  72  72  53  36  53   15   15   36   53  53   42  117  119  140  51  28  25  23   61   61   59   50   74   70   70   80
 12  54  12  12  12  57  35  54   87   87   35   57  57   84   81  117   14  16  37  83  36   79   79   77   72  149   89   89   12
 37  55  37  37  37  52  34  55   84   84   34   52  52  114   34   19  106  63  36  39  48   17   17   14   69   86  126  126   37
145  56 145          71  33  56   33   33   33   71  71  107  133   16  126  54   7   7       47   47   45   84  102   75   75     
 48  57  48  48  48  61  32  57   85   85   32   61  61   73    9   46   46  59  14  80  68   80   80   78   35    4  115  115   48
  4  58   4   4   4  20  31  58   62   62   31   20  20   82   20   30   64  62  70  69  13   87   87   85   66   33   48   48    4
 63  59  63  63  63  45  30  59   80   80   30   45  45  120  109   13   18  76   8  12  10  144  144  142   73   23   98   98   63
 58  60  58  58  58   9  29  60   41   41   29    9   9  132  120  110  130  21  31  77  42   82   82   80   76   11  118  118   58
 64  61  64  64  64   8  28  61   45   45   28    8   8   64  101  131   76  28  69  82  31   32   32   29    5    8   43   43   64
 32  62  32  32  32   4  27  62   20   20   27    4   4   48    6   73  129  81  59  45  57   91   91   89   10   35   14   14   32
  1  63   1   1   1  51  26  63   24   24   26   51  51  128   31    2   94  11  82  76  54   65   65   63    3  132   51   51    1
 19  64  19  19  19  54  25  64   68   68   25   54  54   95   78   96   81  17  55  79  32  140  140  138   15  131   84   84   19
 31  65  31  31  31  56  24  65   10   10   24   56  56   33   55  157  107  39  51  63  11  125  125  123   11   88   55   55   31
 62  66  62  62  62  17  23  66   50   50   23   17  17  135   68  115   90  48  73  71  78  136  136  134   56   21  159  159   62
 17  67  17  17  17  29  22  67   69   69   22   29  29   24  142   82  116  33  88  42   8  105  105  103   87   15  156  156   17
  2  68   2   2   2  86  21  68   82   82   21   86  86   53   23  152  132  37  64  59  80   73   73   71   81   46  112  112    2
 38  69  38  38  38  76  20  69   60   60   20   76  76  154  154   53  101  88  66  50  55  104  104  102   53   56  137  137   38
 39  70  39  39  39  19  19  70   32   32   19   19  19   12   75    5   20  46   3  26  53    4    4    1   63   13   58   58   39
  5  71   5   5   5  23  18  71   51   51   18   23  23   97   15   51   98  47  35  20  28   84   84   82   79   78  120  120    5
 13  72  13  13  13  70  17  72   83   83   17   70  70   94  140   29   11  86  33  30  12  156  156  154   78   66   49   49   13
 21  73  21  21  21  13  16  73   22   22   16   13  13   26  148   91  142  44  74  78   9   18   18   15    1  120   31   31   21
120  74 120  80  80  77  15  74   66   66   15   77  77  142  160   12  102  58  15  46  34   37   37   34   59   64  160  160  120
125  75 125  81  81  22  14  75   70   70   14   22  22   56  103    9   23  10  72  37  79  151  151  149   85   38   82   82  125
 42  76  42  42  42  81  13  76   18   18   13   81  81   70   71   52  144  82  27  34  71   83   83   81   86  119   16   16   42
 11  77  11  11  11  58  12  77   21   21   12   58  58   54  121  141   72   9  84  14  49  154  154  152   20  155   60   60   11
 68  78  68  68  68  16  11  78   77   77   11   16  16  101  105  138   99  32  13  16   4  132  132  130    2   36   35   35   68
 55  79  55  55  55  55  10  79   25   25   10   55  55   16  147   93   52  74  26  33   2  127  127  125   74  137  107  107   55
 85  80  85  73  73  18   9  80   26   26    9   18  18   99  128  145  124   4  81  29  62  117  117  115   28  124    5    5   85
 59  81  59  59  59  30   8  81   37   37    8   30  30   36   98   99   50  53  11  17  61  102  102  100   22   84   68   68   59
 28  82  28  28  28  80   7  82   49   49    7   80  80    1  153   11   71  79  71  21  81    9    9    6   64  160   66   66   28
 26  83  26  26  26  37   6  83   47   47    6   37  37   57   42  104   87  23  49  75  82  110  110  108   88   49   41   41   26
105  84 105  77  77  75   5  84   55   55    5   75  75  131   33   77   33  15  34  58  24   70   70   68    6   87   64   64  105
 33  85  33  33  33  66   4  85    2    2    4   66  66  153  150   88  122  65  17  65  19   40   40   38   42  110   28   28   33
 27  86  27  27  27  14   3  86    4    4    3   14  14   32   51  107   10  68  48   8  70    5    5    2   47   47  122  122   27
110  87 110  78  78   3   2  87   72   72    2    3   3  157   58  159   48  19  38   2  69    7    7    4   19   92   46   46  110
 54  88  54  54  54  35   1  88    7    7    1   35  35   79  125  125    2  14  75  35   3  116  116  114   12  123   99   99   54
 71      71                                               28   94   97    6                  150  150  148        90  108  108     
 72      72                                               34   44  113  133                  109  109  107        34   15   15     
 73      73                                               92   76  105   60                    8    8    5       114   17   17     
 74      74                                               45   37  143  117                   93   93   91        83   95   95     
 76      76                                              122   48    6  152                   81   81   79        77  103  103     
 77      77                                               80    2  154  148                   67   67   65        24   37   37     
 78      78                                              133  113  139   82                   27   27   24       136  157  157     
 79      79                                              117  106   10  111                   55   55   53        57  136  136     
 81      81                                               37   56  144   80                   28   28   25        39  129  129     
 82      82                                              109   95   79   43                   13   13   10        12  131  131     
 83      83                                              100   60  111   32                   16   16   13        63   69   69     
 84      84                                              151   47   27   16                   71   71   69       125  148  148     
 86      86                                              130   96    7  138                  112  112  110         7   29   29     
 87      87                                               55   16   61   67                  158  158  156       106   32   32     
 88      88                                              159  144   70    5                   30   30   27        65    3    3     
 89      89                                              102   80  100  128                   48   48   46       139   67   67     
 91      91                                               89    7   15   79                   89   89   87       126   52   52     
 92      92                                               20   67   80  109                   54   54   52       117    2    2     
 93      93                                               47   19   28  151                   35   35   32        26  104  104     
 94      94                                                7  159  137   36                  113  113  111        52   97   97     
 96      96                                                3  126   23   45                   20   20   17       111   63   63     
 97      97                                               44  119  146   12                   45   45   43        44  151  151     
 98      98                                               67  131   60   63                   75   75   73         9  141  141     
 99      99                                              118   13    3  125                  111  111  109        17   26   26     
101     101                                               23   27   67   93                   69   69   67        31   11   11     
102     102                                               22   92   90   25                  152  152  150       115  123  123     
103     103                                              160  123  147   29                   59   59   57       158   86   86     
104     104                                               46   32   71   37                   85   85   83       107   87   87     
106     106                                              108    4  112   35                   42   42   40        94   19   19     
107     107                                               78   66  155  120                   21   21   18       151   77   77     
108     108                                              141   36   65  159                  103  103  101       133    6    6     
109     109                                               51   90   57  135                  101  101   99       129  100  100     
111     111                                               29   29   48  121                   39   39   37       147   93   93     
112     112                                               35    8    1   96                   41   41   39       150  145  145     
113     113                                              144   41   26   42                  141  141  139        37  134  134     
114     114                                                2   57   95   78                   34   34   31        50   59   59     
116     116                                               50  138   33   27                  137  137  135        81   61   61     
117     117                                               17  157   44  157                  115  115  113        29   96   96     
118     118                                               83   88  134  155                  147  147  145        48  144  144     
119     119                                               69   35  103   40                  100  100   98        95   90   90     
121     121                                              140  129   85   95                   98   98   96         1  142  142     
122     122                                               10   63   14   47                  135  135  133        73  133  133     
123     123                                               27   69  129  131                   76   76   74        75  146  146     
124     124                                              111   52   86   38                   66   66   64       127   24   24     
126     126                                              121   43  149   84                   57   57   55        70   38   38     
127     127                                               41   91   40  158                   97   97   95       143   20   20     
128     128                                              146   87  153   97                  133  133  131       112   22   22     
129     129                                              104  132  130   13                  107  107  105       134  105  105     
131     131                                              158   11   22   86                   33   33   30         5   36   36     
132     132                                                5   83   83   51                  119  119  117        59    4    4     
133     133                                               87  152   62   30                    1    1   35       156    8    8     
134     134                                               77  151  135    8                   10   10    7       141   21   21     
136     136                                               61  124   43  150                    2    2  159        32  147  147     
137     137                                              149  143   37   62                   26   26   23       130   23   23     
138     138                                              137  158   66   73                   58   58   56        22   85   85     
139     139                                              123   14  108   53                   96   96   94        72   40   40     
141     141                                               25   18  126  104                   68   68   66        61   33   33     
142     142                                               49   93   18  118                   24   24   21       103  121  121     
143     143                                                8   39   92   49                   11   11    8         3   54   54     
144     144                                               11  149   84   19                  142  142  140       104   80   80     
146     146                                              127  141   87   57                  128  128  126        18   92   92     
147     147                                              129   70   39  114                   44   44   42        99   25   25     
148     148                                               18  155  150   31                   95   95   93        28  139  139     
149     149                                              143   89  118   69                   74   74   72       128   39   39     
151     151                                               19   85   56  115                   12   12    9       142  119  119     
152     152                                              145   77  136  145                  126  126  124        53   73   73     
153     153                                               85  107  151   89                   38   38   36       152   65   65     
154     154                                              112  130    4   88                  143  143  141       116  106  106     
156     156                                               74    5   34   65                   92   92   90        30  140  140     
157     157                                               88   59   72  110                   15   15   12        45  150  150     
158     158                                              138   30   42    9                   53   53   51        68    9    9     
159     159                                               38   25   76  160                   19   19   16        96  138  138     

========================================================================================
ROW ORDER = y2_mod_p  (linear_rank ascending)
========================================================================================
  n  y2p nRk   d l2d  Px  Py Pmy  -y  x3p  Y2f  X3f   C  h3p  a2p  h2p  a3p   r   s   z  Ry h160  pay  lex sPub  sVH sCHK   c4 dbit
-----------------------------------------------------------------------------------------------------------------------------------
 16    1  16  16  16  64  49  40  40    1   49   64  64  119  145  123  143  60  52  48  63   62   62   60   77    6   27   27   16
 33    2  33  33  33  66   4  85  85    2    4   66  66  153  150   88  122  65  17  65  19   40   40   38   42  110   28   28   33
  9    3   9   9   9  31  51  38  38    3   51   31  31  156   46   32   17   3  50   3  18   72   72   70   65   42   91   91    9
 27    4  27  27  27  14   3  86  86    4    3   14  14   32   51  107   10  68  48   8  70    5    5    2   47   47  122  122   27
 56    5  56  56  56  28  80   9   9    5   80   28  28   63  139  102   56  41  68  38  29   36   36   33    4   27   62   62   56
 23    6  23  23  23  85  55  34  34    6   55   85  85   13   49   31   85   1  53  57  73  121  121  119   27  138  143  143   23
 54    7  54  54  54  35   1  88  88    7    1   35  35   79  125  125    2  14  75  35   3  116  116  114   12  123   99   99   54
140    8 140          15  88   1   1    8   88   15  15    6  111  133  103  80  21  88      160  160  158   26  118   72   72     
 40    9  40  40  40  65  47  42  42    9   47   65  65  115   40  120   26  75  40  60   7   86   86   84   51  146  117  117   40
 31   10  31  31  31  56  24  65  65   10   24   56  56   33   55  157  107  39  51  63  11  125  125  123   11   88   55   55   31
  8   11   8   8   8   2  74  15  15   11   74    2   2  139  112   50   24  36   4  64  26  129  129  127   29   69   57   57    8
 95   12  95  75  75  63  58  31  31   12   58   63  63   86   22  114  105  78  44  40  21   51   51   49   24   80   78   78   95
 65   13  65  65  65  21  82   7   7   13   82   21  21  147  137   49    3  35  46  18  66   43   43   41   40  159  158  158   65
 51   14  51  51  51  59  48  41  41   14   48   59  59   98  104  124   22  85  39  49  43  145  145  143   21    2   53   53   51
 80   15  80  72  72  53  36  53  53   15   36   53  53   42  117  119  140  51  28  25  23   61   61   59   50   74   70   70   80
150   16 150          11  87   2   2   16   87   11  11   96  135   69   68  87  32  66      131  131  129   60   58    7    7     
 49   17  49  49  49  39  65  24  24   17   65   39  39   81  127   24   77  49  61  10   5    6    6    3   38  108   13   13   49
 42   18  42  42  42  81  13  76  76   18   13   81  81   70   71   52  144  82  27  34  71   83   83   81   86  119   16   16   42
 14   19  14  14  14  74  45  44  44   19   45   74  74   62   10  101   58  70  58  41  58   88   88   86   41   19   44   44   14
 32   20  32  32  32   4  27  62  62   20   27    4   4   48    6   73  129  81  59  45  57   91   91   89   10   35   14   14   32
 11   21  11  11  11  58  12  77  77   21   12   58  58   54  121  141   72   9  84  14  49  154  154  152   20  155   60   60   11
 21   22  21  21  21  13  16  73  73   22   16   13  13   26  148   91  142  44  74  78   9   18   18   15    1  120   31   31   21
 34   23  34  34  34  26  71  18  18   23   71   26  26   30   84   38  141   8  24  23  25  148  148  146   16   25  155  155   34
  1   24   1   1   1  51  26  63  63   24   26   51  51  128   31    2   94  11  82  76  54   65   65   63    3  132   51   51    1
 55   25  55  55  55  55  10  79  79   25   10   55  55   16  147   93   52  74  26  33   2  127  127  125   74  137  107  107   55
 85   26  85  73  73  18   9  80  80   26    9   18  18   99  128  145  124   4  81  29  62  117  117  115   28  124    5    5   85
 10   27  10  10  10  69  77  12  12   27   77   69  69   72  114   89  153  56  41  24  51  124  124  122   45  135  111  111   10
 35   28  35  35  35  84  54  35  35   28   54   84  84  136   74   63   15  29  86  53  60  149  149  147   33  153  125  125   35
 53   29  53  53  53   7  37  52  52   29   37    7   7   14   99  106    7  45  62   6  14   23   23   20   23  109   76   76   53
  6   30   6   6   6  82  81   8   8   30   81   82  82  125    3   47  134  30   1  19  65  157  157  155   32  145   81   81    6
 70   31  70  70  70  60  78  11  11   31   78   60  60  155  116   94  108  22  45  87  59   49   49   47   82   76   45   45   70
 39   32  39  39  39  19  19  70  70   32   19   19  19   12   75    5   20  46   3  26  53    4    4    1   63   13   58   58   39
145   33 145          71  33  56  56   33   33   71  71  107  133   16  126  54   7   7       47   47   45   84  102   75   75     
 46   34  46  46  46  87  59  30  30   34   59   87  87  105   86  128  146  64  79  43  17   90   90   88   39   71   88   88   46
100   35 100  76  76  78  50  39  39   35   50   78  78  152   61   81  137  34  56  11  76  114  114  112   30   97   47   47  100
 60   36  60  60  60  33  72  17  17   36   72   33  33  134  146   45    1  77  67  61   1  118  118  116   58   40  116  116   60
 59   37  59  59  59  30   8  81  81   37    8   30  30   36   98   99   50  53  11  17  61  102  102  100   22   84   68   68   59
 67   38  67  67  67  10  84   5   5   38   84   10  10    4   65  132   41  42  76   4  41   63   63   61   62   79   71   71   67
 66   39  66  66  66  38  46  43  43   39   46   38  38    9   54  116   54  20  23  31  22   14   14   11   36   67  154  154   66
 52   40  52  52  52  50  79  10  10   40   79   50  50   91  102   21   55  43  54  73   6   29   29   26   49   10  124  124   52
 58   41  58  58  58   9  29  60  60   41   29    9   9  132  120  110  130  21  31  77  42   82   82   80   76   11  118  118   58
 30   42  30  30  30   6  63  26  26   42   63    6   6   90  110   58   66  66   2  32  50  123  123  121   18  105   10   10   30
 29   43  29  29  29  46  85   4   4   43   85   46  46   66   72  140  113  73  60  27  27   46   46   44   71  122  128  128   29
 57   44  57  57  57  67  42  47  47   44   42   67  67  126  100  127   83  83  63  44  56   25   25   22   17   41   18   18   57
 64   45  64  64  64   8  28  61  61   45   28    8   8   64  101  131   76  28  69  82  31   32   32   29    5    8   43   43   64
115   46 115  79  79  32  39  50  50   46   39   32  32  150   26   17  154  55   5   1  47  139  139  137   25   91   94   94  115
 26   47  26  26  26  37   6  83  83   47    6   37  37   57   42  104   87  23  49  75  82  110  110  108   88   49   41   41   26
 24   48  24  24  24  47  76  13  13   48   76   47  47   65   97   54  127  52  20  36  72    3    3  160   83   51    1    1   24
 28   49  28  28  28  80   7  82  82   49    7   80  80    1  153   11   71  79  71  21  81    9    9    6   64  160   66   66   28
 62   50  62  62  62  17  23  66  66   50   23   17  17  135   68  115   90  48  73  71  78  136  136  134   56   21  159  159   62
  5   51   5   5   5  23  18  71  71   51   18   23  23   97   15   51   98  47  35  20  28   84   84   82   79   78  120  120    5
 50   52  50  50  50  83  83   6   6   52   83   83  83  110   82   75  147  25  43  13  75  130  130  128   55   82  102  102   50
 36   53  36  36  36  73  41  48  48   53   41   73  73   93    1   78  136  26  87  84  64   64   64   62   43  154  152  152   36
 75   54  75  71  71  49  57  32  32   54   57   49  49   59  136  160  156  13  47  85  35  108  108  106   80  157  110  110   75
105   55 105  77  77  75   5  84  84   55    5   75  75  131   33   77   33  15  34  58  24   70   70   68    6   87   64   64  105
 43   56  43  43  43  68  69  20  20   56   69   68  68   58   45   35   75  27  25   5  46  155  155  153   14   55  114  114   43
 45   57  45  45  45  48  61  28  28   57   61   48  48   31  122  158    4  72  57  86  30  146  146  144    8  113  109  109   45
130   58 130  82  82  44  62  27  27   58   62   44  44  116   28  142   92  57  19  51  45   94   94   92   52   93   12   12  130
135   59 135          12  38  51  51   59   38   12  12   68   21   64   39  71  22  54       31   31   28   68   85   79   79     
 38   60  38  38  38  76  20  69  69   60   20   76  76  154  154   53  101  88  66  50  55  104  104  102   53   56  137  137   38
 25   61  25  25  25   1  64  25  25   61   64    1   1  103   53  109   44  12  78  56  40   22   22   19   13   54   83   83   25
  4   62   4   4   4  20  31  58  58   62   31   20  20   82   20   30   64  62  70  69  13   87   87   85   66   33   48   48    4
 18   63  18  18  18   5  53  36  36   63   53    5   5   15   12   59  119   5  85  68  67   99   99   97    7   43  130  130   18
 47   64  47  47  47  24  67  22  22   64   67   24  24   43  115   20  100  67  42  15  15  153  153  151   61   16  149  149   47
 15   65  15  15  15  88  70  19  19   65   70   88  88   76  134  121  123  61  83  28  16  159  159  157   75  100  101  101   15
120   66 120  80  80  77  15  74  74   66   15   77  77  142  160   12  102  58  15  46  34   37   37   34   59   64  160  160  120
 61   67  61  61  61  34  75  14  14   67   75   34  34   60   24  148   74  38  12  81  38   56   56   54   31   60   74   74   61
 19   68  19  19  19  54  25  64  64   68   25   54  54   95   78   96   81  17  55  79  32  140  140  138   15  131   84   84   19
 17   69  17  17  17  29  22  67  67   69   22   29  29   24  142   82  116  33  88  42   8  105  105  103   87   15  156  156   17
125   70 125  81  81  22  14  75  75   70   14   22  22   56  103    9   23  10  72  37  79  151  151  149   85   38   82   82  125
 44   71  44  44  44  43  44  45  45   71   44   43  43   75   50   98   70  24  65  52  74   78   78   76   34  140   34   34   44
110   72 110  78  78   3   2  87  87   72    2    3   3  157   58  159   48  19  38   2  69    7    7    4   19   92   46   46  110
  3   73   3   3   3  41  40  49  49   73   40   41  41   40   17   68  149  31  18  74  33   50   50   48   57   98   42   42    3
 22   74  22  22  22  27  43  46  46   74   43   27  27   71   64   41   21   7  10  72  44   77   77   75   54   14  153  153   22
 41   75  41  41  41  72  56  33  33   75   56   72  72  148   38   36  139  50  77  70  37  122  122  120   67  148  113  113   41
  7   76   7   7   7  62  66  23  23   76   66   62  62  124   62   74   28  69   9   9  52  134  134  132    9   89   50   50    7
 68   77  68  68  68  16  11  78  78   77   11   16  16  101  105  138   99  32  13  16   4  132  132  130    2   36   35   35   68
160   78 160          79  68  21  21   78   68   79  79   39  156  122   34  40  30  62      138  138  136   46  101   56   56     
 20   79  20  20  20  25  52  37  37   79   52   25  25  106   73   55   61  18  29  22  20  106  106  104   44  121   30   30   20
 63   80  63  63  63  45  30  59  59   80   30   45  45  120  109   13   18  76   8  12  10  144  144  142   73   23   98   98   63
 90   81  90  74  74  40  60  29  29   81   60   40  40   21  118   25   59   2  80  67  39  120  120  118   37   20  132  132   90
  2   82   2   2   2  86  21  68  68   82   21   86  86   53   23  152  132  37  64  59  80   73   73   71   81   46  112  112    2
 13   83  13  13  13  70  17  72  72   83   17   70  70   94  140   29   11  86  33  30  12  156  156  154   78   66   49   49   13
 37   84  37  37  37  52  34  55  55   84   34   52  52  114   34   19  106  63  36  39  48   17   17   14   69   86  126  126   37
 48   85  48  48  48  61  32  57  57   85   32   61  61   73    9   46   46  59  14  80  68   80   80   78   35    4  115  115   48
 69   86  69  69  69  36  73  16  16   86   73   36  36  113   79  156   91   6   6  55  77   52   52   50   70  144  127  127   69
 12   87  12  12  12  57  35  54  54   87   35   57  57   84   81  117   14  16  37  83  36   79   79   77   72  149   89   89   12
155   88 155          42  86   3   3   88   86   42  42   52  108    8  112  84  16  47       60   60   58   48   62  135  135     
 71       71                                              28   94   97    6                  150  150  148        90  108  108     
 72       72                                              34   44  113  133                  109  109  107        34   15   15     
 73       73                                              92   76  105   60                    8    8    5       114   17   17     
 74       74                                              45   37  143  117                   93   93   91        83   95   95     
 76       76                                             122   48    6  152                   81   81   79        77  103  103     
 77       77                                              80    2  154  148                   67   67   65        24   37   37     
 78       78                                             133  113  139   82                   27   27   24       136  157  157     
 79       79                                             117  106   10  111                   55   55   53        57  136  136     
 81       81                                              37   56  144   80                   28   28   25        39  129  129     
 82       82                                             109   95   79   43                   13   13   10        12  131  131     
 83       83                                             100   60  111   32                   16   16   13        63   69   69     
 84       84                                             151   47   27   16                   71   71   69       125  148  148     
 86       86                                             130   96    7  138                  112  112  110         7   29   29     
 87       87                                              55   16   61   67                  158  158  156       106   32   32     
 88       88                                             159  144   70    5                   30   30   27        65    3    3     
 89       89                                             102   80  100  128                   48   48   46       139   67   67     
 91       91                                              89    7   15   79                   89   89   87       126   52   52     
 92       92                                              20   67   80  109                   54   54   52       117    2    2     
 93       93                                              47   19   28  151                   35   35   32        26  104  104     
 94       94                                               7  159  137   36                  113  113  111        52   97   97     
 96       96                                               3  126   23   45                   20   20   17       111   63   63     
 97       97                                              44  119  146   12                   45   45   43        44  151  151     
 98       98                                              67  131   60   63                   75   75   73         9  141  141     
 99       99                                             118   13    3  125                  111  111  109        17   26   26     
101      101                                              23   27   67   93                   69   69   67        31   11   11     
102      102                                              22   92   90   25                  152  152  150       115  123  123     
103      103                                             160  123  147   29                   59   59   57       158   86   86     
104      104                                              46   32   71   37                   85   85   83       107   87   87     
106      106                                             108    4  112   35                   42   42   40        94   19   19     
107      107                                              78   66  155  120                   21   21   18       151   77   77     
108      108                                             141   36   65  159                  103  103  101       133    6    6     
109      109                                              51   90   57  135                  101  101   99       129  100  100     
111      111                                              29   29   48  121                   39   39   37       147   93   93     
112      112                                              35    8    1   96                   41   41   39       150  145  145     
113      113                                             144   41   26   42                  141  141  139        37  134  134     
114      114                                               2   57   95   78                   34   34   31        50   59   59     
116      116                                              50  138   33   27                  137  137  135        81   61   61     
117      117                                              17  157   44  157                  115  115  113        29   96   96     
118      118                                              83   88  134  155                  147  147  145        48  144  144     
119      119                                              69   35  103   40                  100  100   98        95   90   90     
121      121                                             140  129   85   95                   98   98   96         1  142  142     
122      122                                              10   63   14   47                  135  135  133        73  133  133     
123      123                                              27   69  129  131                   76   76   74        75  146  146     
124      124                                             111   52   86   38                   66   66   64       127   24   24     
126      126                                             121   43  149   84                   57   57   55        70   38   38     
127      127                                              41   91   40  158                   97   97   95       143   20   20     
128      128                                             146   87  153   97                  133  133  131       112   22   22     
129      129                                             104  132  130   13                  107  107  105       134  105  105     
131      131                                             158   11   22   86                   33   33   30         5   36   36     
132      132                                               5   83   83   51                  119  119  117        59    4    4     
133      133                                              87  152   62   30                    1    1   35       156    8    8     
134      134                                              77  151  135    8                   10   10    7       141   21   21     
136      136                                              61  124   43  150                    2    2  159        32  147  147     
137      137                                             149  143   37   62                   26   26   23       130   23   23     
138      138                                             137  158   66   73                   58   58   56        22   85   85     
139      139                                             123   14  108   53                   96   96   94        72   40   40     
141      141                                              25   18  126  104                   68   68   66        61   33   33     
142      142                                              49   93   18  118                   24   24   21       103  121  121     
143      143                                               8   39   92   49                   11   11    8         3   54   54     
144      144                                              11  149   84   19                  142  142  140       104   80   80     
146      146                                             127  141   87   57                  128  128  126        18   92   92     
147      147                                             129   70   39  114                   44   44   42        99   25   25     
148      148                                              18  155  150   31                   95   95   93        28  139  139     
149      149                                             143   89  118   69                   74   74   72       128   39   39     
151      151                                              19   85   56  115                   12   12    9       142  119  119     
152      152                                             145   77  136  145                  126  126  124        53   73   73     
153      153                                              85  107  151   89                   38   38   36       152   65   65     
154      154                                             112  130    4   88                  143  143  141       116  106  106     
156      156                                              74    5   34   65                   92   92   90        30  140  140     
157      157                                              88   59   72  110                   15   15   12        45  150  150     
158      158                                             138   30   42    9                   53   53   51        68    9    9     
159      159                                              38   25   76  160                   19   19   16        96  138  138     

========================================================================================
ROW ORDER = x3_plus_7_mod_p  (linear_rank ascending)
========================================================================================
  n  x3p nRk   d l2d  Px  Py Pmy  -y  y2p  Y2f  X3f   C  h3p  a2p  h2p  a3p   r   s   z  Ry h160  pay  lex sPub  sVH sCHK   c4 dbit
-----------------------------------------------------------------------------------------------------------------------------------
 16    1  16  16  16  64  49  40  40    1   49   64  64  119  145  123  143  60  52  48  63   62   62   60   77    6   27   27   16
 33    2  33  33  33  66   4  85  85    2    4   66  66  153  150   88  122  65  17  65  19   40   40   38   42  110   28   28   33
  9    3   9   9   9  31  51  38  38    3   51   31  31  156   46   32   17   3  50   3  18   72   72   70   65   42   91   91    9
 27    4  27  27  27  14   3  86  86    4    3   14  14   32   51  107   10  68  48   8  70    5    5    2   47   47  122  122   27
 56    5  56  56  56  28  80   9   9    5   80   28  28   63  139  102   56  41  68  38  29   36   36   33    4   27   62   62   56
 23    6  23  23  23  85  55  34  34    6   55   85  85   13   49   31   85   1  53  57  73  121  121  119   27  138  143  143   23
 54    7  54  54  54  35   1  88  88    7    1   35  35   79  125  125    2  14  75  35   3  116  116  114   12  123   99   99   54
140    8 140          15  88   1   1    8   88   15  15    6  111  133  103  80  21  88      160  160  158   26  118   72   72     
 40    9  40  40  40  65  47  42  42    9   47   65  65  115   40  120   26  75  40  60   7   86   86   84   51  146  117  117   40
 31   10  31  31  31  56  24  65  65   10   24   56  56   33   55  157  107  39  51  63  11  125  125  123   11   88   55   55   31
  8   11   8   8   8   2  74  15  15   11   74    2   2  139  112   50   24  36   4  64  26  129  129  127   29   69   57   57    8
 95   12  95  75  75  63  58  31  31   12   58   63  63   86   22  114  105  78  44  40  21   51   51   49   24   80   78   78   95
 65   13  65  65  65  21  82   7   7   13   82   21  21  147  137   49    3  35  46  18  66   43   43   41   40  159  158  158   65
 51   14  51  51  51  59  48  41  41   14   48   59  59   98  104  124   22  85  39  49  43  145  145  143   21    2   53   53   51
 80   15  80  72  72  53  36  53  53   15   36   53  53   42  117  119  140  51  28  25  23   61   61   59   50   74   70   70   80
150   16 150          11  87   2   2   16   87   11  11   96  135   69   68  87  32  66      131  131  129   60   58    7    7     
 49   17  49  49  49  39  65  24  24   17   65   39  39   81  127   24   77  49  61  10   5    6    6    3   38  108   13   13   49
 42   18  42  42  42  81  13  76  76   18   13   81  81   70   71   52  144  82  27  34  71   83   83   81   86  119   16   16   42
 14   19  14  14  14  74  45  44  44   19   45   74  74   62   10  101   58  70  58  41  58   88   88   86   41   19   44   44   14
 32   20  32  32  32   4  27  62  62   20   27    4   4   48    6   73  129  81  59  45  57   91   91   89   10   35   14   14   32
 11   21  11  11  11  58  12  77  77   21   12   58  58   54  121  141   72   9  84  14  49  154  154  152   20  155   60   60   11
 21   22  21  21  21  13  16  73  73   22   16   13  13   26  148   91  142  44  74  78   9   18   18   15    1  120   31   31   21
 34   23  34  34  34  26  71  18  18   23   71   26  26   30   84   38  141   8  24  23  25  148  148  146   16   25  155  155   34
  1   24   1   1   1  51  26  63  63   24   26   51  51  128   31    2   94  11  82  76  54   65   65   63    3  132   51   51    1
 55   25  55  55  55  55  10  79  79   25   10   55  55   16  147   93   52  74  26  33   2  127  127  125   74  137  107  107   55
 85   26  85  73  73  18   9  80  80   26    9   18  18   99  128  145  124   4  81  29  62  117  117  115   28  124    5    5   85
 10   27  10  10  10  69  77  12  12   27   77   69  69   72  114   89  153  56  41  24  51  124  124  122   45  135  111  111   10
 35   28  35  35  35  84  54  35  35   28   54   84  84  136   74   63   15  29  86  53  60  149  149  147   33  153  125  125   35
 53   29  53  53  53   7  37  52  52   29   37    7   7   14   99  106    7  45  62   6  14   23   23   20   23  109   76   76   53
  6   30   6   6   6  82  81   8   8   30   81   82  82  125    3   47  134  30   1  19  65  157  157  155   32  145   81   81    6
 70   31  70  70  70  60  78  11  11   31   78   60  60  155  116   94  108  22  45  87  59   49   49   47   82   76   45   45   70
 39   32  39  39  39  19  19  70  70   32   19   19  19   12   75    5   20  46   3  26  53    4    4    1   63   13   58   58   39
145   33 145          71  33  56  56   33   33   71  71  107  133   16  126  54   7   7       47   47   45   84  102   75   75     
 46   34  46  46  46  87  59  30  30   34   59   87  87  105   86  128  146  64  79  43  17   90   90   88   39   71   88   88   46
100   35 100  76  76  78  50  39  39   35   50   78  78  152   61   81  137  34  56  11  76  114  114  112   30   97   47   47  100
 60   36  60  60  60  33  72  17  17   36   72   33  33  134  146   45    1  77  67  61   1  118  118  116   58   40  116  116   60
 59   37  59  59  59  30   8  81  81   37    8   30  30   36   98   99   50  53  11  17  61  102  102  100   22   84   68   68   59
 67   38  67  67  67  10  84   5   5   38   84   10  10    4   65  132   41  42  76   4  41   63   63   61   62   79   71   71   67
 66   39  66  66  66  38  46  43  43   39   46   38  38    9   54  116   54  20  23  31  22   14   14   11   36   67  154  154   66
 52   40  52  52  52  50  79  10  10   40   79   50  50   91  102   21   55  43  54  73   6   29   29   26   49   10  124  124   52
 58   41  58  58  58   9  29  60  60   41   29    9   9  132  120  110  130  21  31  77  42   82   82   80   76   11  118  118   58
 30   42  30  30  30   6  63  26  26   42   63    6   6   90  110   58   66  66   2  32  50  123  123  121   18  105   10   10   30
 29   43  29  29  29  46  85   4   4   43   85   46  46   66   72  140  113  73  60  27  27   46   46   44   71  122  128  128   29
 57   44  57  57  57  67  42  47  47   44   42   67  67  126  100  127   83  83  63  44  56   25   25   22   17   41   18   18   57
 64   45  64  64  64   8  28  61  61   45   28    8   8   64  101  131   76  28  69  82  31   32   32   29    5    8   43   43   64
115   46 115  79  79  32  39  50  50   46   39   32  32  150   26   17  154  55   5   1  47  139  139  137   25   91   94   94  115
 26   47  26  26  26  37   6  83  83   47    6   37  37   57   42  104   87  23  49  75  82  110  110  108   88   49   41   41   26
 24   48  24  24  24  47  76  13  13   48   76   47  47   65   97   54  127  52  20  36  72    3    3  160   83   51    1    1   24
 28   49  28  28  28  80   7  82  82   49    7   80  80    1  153   11   71  79  71  21  81    9    9    6   64  160   66   66   28
 62   50  62  62  62  17  23  66  66   50   23   17  17  135   68  115   90  48  73  71  78  136  136  134   56   21  159  159   62
  5   51   5   5   5  23  18  71  71   51   18   23  23   97   15   51   98  47  35  20  28   84   84   82   79   78  120  120    5
 50   52  50  50  50  83  83   6   6   52   83   83  83  110   82   75  147  25  43  13  75  130  130  128   55   82  102  102   50
 36   53  36  36  36  73  41  48  48   53   41   73  73   93    1   78  136  26  87  84  64   64   64   62   43  154  152  152   36
 75   54  75  71  71  49  57  32  32   54   57   49  49   59  136  160  156  13  47  85  35  108  108  106   80  157  110  110   75
105   55 105  77  77  75   5  84  84   55    5   75  75  131   33   77   33  15  34  58  24   70   70   68    6   87   64   64  105
 43   56  43  43  43  68  69  20  20   56   69   68  68   58   45   35   75  27  25   5  46  155  155  153   14   55  114  114   43
 45   57  45  45  45  48  61  28  28   57   61   48  48   31  122  158    4  72  57  86  30  146  146  144    8  113  109  109   45
130   58 130  82  82  44  62  27  27   58   62   44  44  116   28  142   92  57  19  51  45   94   94   92   52   93   12   12  130
135   59 135          12  38  51  51   59   38   12  12   68   21   64   39  71  22  54       31   31   28   68   85   79   79     
 38   60  38  38  38  76  20  69  69   60   20   76  76  154  154   53  101  88  66  50  55  104  104  102   53   56  137  137   38
 25   61  25  25  25   1  64  25  25   61   64    1   1  103   53  109   44  12  78  56  40   22   22   19   13   54   83   83   25
  4   62   4   4   4  20  31  58  58   62   31   20  20   82   20   30   64  62  70  69  13   87   87   85   66   33   48   48    4
 18   63  18  18  18   5  53  36  36   63   53    5   5   15   12   59  119   5  85  68  67   99   99   97    7   43  130  130   18
 47   64  47  47  47  24  67  22  22   64   67   24  24   43  115   20  100  67  42  15  15  153  153  151   61   16  149  149   47
 15   65  15  15  15  88  70  19  19   65   70   88  88   76  134  121  123  61  83  28  16  159  159  157   75  100  101  101   15
120   66 120  80  80  77  15  74  74   66   15   77  77  142  160   12  102  58  15  46  34   37   37   34   59   64  160  160  120
 61   67  61  61  61  34  75  14  14   67   75   34  34   60   24  148   74  38  12  81  38   56   56   54   31   60   74   74   61
 19   68  19  19  19  54  25  64  64   68   25   54  54   95   78   96   81  17  55  79  32  140  140  138   15  131   84   84   19
 17   69  17  17  17  29  22  67  67   69   22   29  29   24  142   82  116  33  88  42   8  105  105  103   87   15  156  156   17
125   70 125  81  81  22  14  75  75   70   14   22  22   56  103    9   23  10  72  37  79  151  151  149   85   38   82   82  125
 44   71  44  44  44  43  44  45  45   71   44   43  43   75   50   98   70  24  65  52  74   78   78   76   34  140   34   34   44
110   72 110  78  78   3   2  87  87   72    2    3   3  157   58  159   48  19  38   2  69    7    7    4   19   92   46   46  110
  3   73   3   3   3  41  40  49  49   73   40   41  41   40   17   68  149  31  18  74  33   50   50   48   57   98   42   42    3
 22   74  22  22  22  27  43  46  46   74   43   27  27   71   64   41   21   7  10  72  44   77   77   75   54   14  153  153   22
 41   75  41  41  41  72  56  33  33   75   56   72  72  148   38   36  139  50  77  70  37  122  122  120   67  148  113  113   41
  7   76   7   7   7  62  66  23  23   76   66   62  62  124   62   74   28  69   9   9  52  134  134  132    9   89   50   50    7
 68   77  68  68  68  16  11  78  78   77   11   16  16  101  105  138   99  32  13  16   4  132  132  130    2   36   35   35   68
160   78 160          79  68  21  21   78   68   79  79   39  156  122   34  40  30  62      138  138  136   46  101   56   56     
 20   79  20  20  20  25  52  37  37   79   52   25  25  106   73   55   61  18  29  22  20  106  106  104   44  121   30   30   20
 63   80  63  63  63  45  30  59  59   80   30   45  45  120  109   13   18  76   8  12  10  144  144  142   73   23   98   98   63
 90   81  90  74  74  40  60  29  29   81   60   40  40   21  118   25   59   2  80  67  39  120  120  118   37   20  132  132   90
  2   82   2   2   2  86  21  68  68   82   21   86  86   53   23  152  132  37  64  59  80   73   73   71   81   46  112  112    2
 13   83  13  13  13  70  17  72  72   83   17   70  70   94  140   29   11  86  33  30  12  156  156  154   78   66   49   49   13
 37   84  37  37  37  52  34  55  55   84   34   52  52  114   34   19  106  63  36  39  48   17   17   14   69   86  126  126   37
 48   85  48  48  48  61  32  57  57   85   32   61  61   73    9   46   46  59  14  80  68   80   80   78   35    4  115  115   48
 69   86  69  69  69  36  73  16  16   86   73   36  36  113   79  156   91   6   6  55  77   52   52   50   70  144  127  127   69
 12   87  12  12  12  57  35  54  54   87   35   57  57   84   81  117   14  16  37  83  36   79   79   77   72  149   89   89   12
155   88 155          42  86   3   3   88   86   42  42   52  108    8  112  84  16  47       60   60   58   48   62  135  135     
 71       71                                              28   94   97    6                  150  150  148        90  108  108     
 72       72                                              34   44  113  133                  109  109  107        34   15   15     
 73       73                                              92   76  105   60                    8    8    5       114   17   17     
 74       74                                              45   37  143  117                   93   93   91        83   95   95     
 76       76                                             122   48    6  152                   81   81   79        77  103  103     
 77       77                                              80    2  154  148                   67   67   65        24   37   37     
 78       78                                             133  113  139   82                   27   27   24       136  157  157     
 79       79                                             117  106   10  111                   55   55   53        57  136  136     
 81       81                                              37   56  144   80                   28   28   25        39  129  129     
 82       82                                             109   95   79   43                   13   13   10        12  131  131     
 83       83                                             100   60  111   32                   16   16   13        63   69   69     
 84       84                                             151   47   27   16                   71   71   69       125  148  148     
 86       86                                             130   96    7  138                  112  112  110         7   29   29     
 87       87                                              55   16   61   67                  158  158  156       106   32   32     
 88       88                                             159  144   70    5                   30   30   27        65    3    3     
 89       89                                             102   80  100  128                   48   48   46       139   67   67     
 91       91                                              89    7   15   79                   89   89   87       126   52   52     
 92       92                                              20   67   80  109                   54   54   52       117    2    2     
 93       93                                              47   19   28  151                   35   35   32        26  104  104     
 94       94                                               7  159  137   36                  113  113  111        52   97   97     
 96       96                                               3  126   23   45                   20   20   17       111   63   63     
 97       97                                              44  119  146   12                   45   45   43        44  151  151     
 98       98                                              67  131   60   63                   75   75   73         9  141  141     
 99       99                                             118   13    3  125                  111  111  109        17   26   26     
101      101                                              23   27   67   93                   69   69   67        31   11   11     
102      102                                              22   92   90   25                  152  152  150       115  123  123     
103      103                                             160  123  147   29                   59   59   57       158   86   86     
104      104                                              46   32   71   37                   85   85   83       107   87   87     
106      106                                             108    4  112   35                   42   42   40        94   19   19     
107      107                                              78   66  155  120                   21   21   18       151   77   77     
108      108                                             141   36   65  159                  103  103  101       133    6    6     
109      109                                              51   90   57  135                  101  101   99       129  100  100     
111      111                                              29   29   48  121                   39   39   37       147   93   93     
112      112                                              35    8    1   96                   41   41   39       150  145  145     
113      113                                             144   41   26   42                  141  141  139        37  134  134     
114      114                                               2   57   95   78                   34   34   31        50   59   59     
116      116                                              50  138   33   27                  137  137  135        81   61   61     
117      117                                              17  157   44  157                  115  115  113        29   96   96     
118      118                                              83   88  134  155                  147  147  145        48  144  144     
119      119                                              69   35  103   40                  100  100   98        95   90   90     
121      121                                             140  129   85   95                   98   98   96         1  142  142     
122      122                                              10   63   14   47                  135  135  133        73  133  133     
123      123                                              27   69  129  131                   76   76   74        75  146  146     
124      124                                             111   52   86   38                   66   66   64       127   24   24     
126      126                                             121   43  149   84                   57   57   55        70   38   38     
127      127                                              41   91   40  158                   97   97   95       143   20   20     
128      128                                             146   87  153   97                  133  133  131       112   22   22     
129      129                                             104  132  130   13                  107  107  105       134  105  105     
131      131                                             158   11   22   86                   33   33   30         5   36   36     
132      132                                               5   83   83   51                  119  119  117        59    4    4     
133      133                                              87  152   62   30                    1    1   35       156    8    8     
134      134                                              77  151  135    8                   10   10    7       141   21   21     
136      136                                              61  124   43  150                    2    2  159        32  147  147     
137      137                                             149  143   37   62                   26   26   23       130   23   23     
138      138                                             137  158   66   73                   58   58   56        22   85   85     
139      139                                             123   14  108   53                   96   96   94        72   40   40     
141      141                                              25   18  126  104                   68   68   66        61   33   33     
142      142                                              49   93   18  118                   24   24   21       103  121  121     
143      143                                               8   39   92   49                   11   11    8         3   54   54     
144      144                                              11  149   84   19                  142  142  140       104   80   80     
146      146                                             127  141   87   57                  128  128  126        18   92   92     
147      147                                             129   70   39  114                   44   44   42        99   25   25     
148      148                                              18  155  150   31                   95   95   93        28  139  139     
149      149                                             143   89  118   69                   74   74   72       128   39   39     
151      151                                              19   85   56  115                   12   12    9       142  119  119     
152      152                                             145   77  136  145                  126  126  124        53   73   73     
153      153                                              85  107  151   89                   38   38   36       152   65   65     
154      154                                             112  130    4   88                  143  143  141       116  106  106     
156      156                                              74    5   34   65                   92   92   90        30  140  140     
157      157                                              88   59   72  110                   15   15   12        45  150  150     
158      158                                             138   30   42    9                   53   53   51        68    9    9     
159      159                                              38   25   76  160                   19   19   16        96  138  138     

========================================================================================
ROW ORDER = y2_full  (linear_rank ascending)
========================================================================================
  n  Y2f nRk   d l2d  Px  Py Pmy  -y  y2p  x3p  X3f   C  h3p  a2p  h2p  a3p   r   s   z  Ry h160  pay  lex sPub  sVH sCHK   c4 dbit
-----------------------------------------------------------------------------------------------------------------------------------
 54    1  54  54  54  35   1  88  88    7    7   35  35   79  125  125    2  14  75  35   3  116  116  114   12  123   99   99   54
110    2 110  78  78   3   2  87  87   72   72    3   3  157   58  159   48  19  38   2  69    7    7    4   19   92   46   46  110
 27    3  27  27  27  14   3  86  86    4    4   14  14   32   51  107   10  68  48   8  70    5    5    2   47   47  122  122   27
 33    4  33  33  33  66   4  85  85    2    2   66  66  153  150   88  122  65  17  65  19   40   40   38   42  110   28   28   33
105    5 105  77  77  75   5  84  84   55   55   75  75  131   33   77   33  15  34  58  24   70   70   68    6   87   64   64  105
 26    6  26  26  26  37   6  83  83   47   47   37  37   57   42  104   87  23  49  75  82  110  110  108   88   49   41   41   26
 28    7  28  28  28  80   7  82  82   49   49   80  80    1  153   11   71  79  71  21  81    9    9    6   64  160   66   66   28
 59    8  59  59  59  30   8  81  81   37   37   30  30   36   98   99   50  53  11  17  61  102  102  100   22   84   68   68   59
 85    9  85  73  73  18   9  80  80   26   26   18  18   99  128  145  124   4  81  29  62  117  117  115   28  124    5    5   85
 55   10  55  55  55  55  10  79  79   25   25   55  55   16  147   93   52  74  26  33   2  127  127  125   74  137  107  107   55
 68   11  68  68  68  16  11  78  78   77   77   16  16  101  105  138   99  32  13  16   4  132  132  130    2   36   35   35   68
 11   12  11  11  11  58  12  77  77   21   21   58  58   54  121  141   72   9  84  14  49  154  154  152   20  155   60   60   11
 42   13  42  42  42  81  13  76  76   18   18   81  81   70   71   52  144  82  27  34  71   83   83   81   86  119   16   16   42
125   14 125  81  81  22  14  75  75   70   70   22  22   56  103    9   23  10  72  37  79  151  151  149   85   38   82   82  125
120   15 120  80  80  77  15  74  74   66   66   77  77  142  160   12  102  58  15  46  34   37   37   34   59   64  160  160  120
 21   16  21  21  21  13  16  73  73   22   22   13  13   26  148   91  142  44  74  78   9   18   18   15    1  120   31   31   21
 13   17  13  13  13  70  17  72  72   83   83   70  70   94  140   29   11  86  33  30  12  156  156  154   78   66   49   49   13
  5   18   5   5   5  23  18  71  71   51   51   23  23   97   15   51   98  47  35  20  28   84   84   82   79   78  120  120    5
 39   19  39  39  39  19  19  70  70   32   32   19  19   12   75    5   20  46   3  26  53    4    4    1   63   13   58   58   39
 38   20  38  38  38  76  20  69  69   60   60   76  76  154  154   53  101  88  66  50  55  104  104  102   53   56  137  137   38
  2   21   2   2   2  86  21  68  68   82   82   86  86   53   23  152  132  37  64  59  80   73   73   71   81   46  112  112    2
 17   22  17  17  17  29  22  67  67   69   69   29  29   24  142   82  116  33  88  42   8  105  105  103   87   15  156  156   17
 62   23  62  62  62  17  23  66  66   50   50   17  17  135   68  115   90  48  73  71  78  136  136  134   56   21  159  159   62
 31   24  31  31  31  56  24  65  65   10   10   56  56   33   55  157  107  39  51  63  11  125  125  123   11   88   55   55   31
 19   25  19  19  19  54  25  64  64   68   68   54  54   95   78   96   81  17  55  79  32  140  140  138   15  131   84   84   19
  1   26   1   1   1  51  26  63  63   24   24   51  51  128   31    2   94  11  82  76  54   65   65   63    3  132   51   51    1
 32   27  32  32  32   4  27  62  62   20   20    4   4   48    6   73  129  81  59  45  57   91   91   89   10   35   14   14   32
 64   28  64  64  64   8  28  61  61   45   45    8   8   64  101  131   76  28  69  82  31   32   32   29    5    8   43   43   64
 58   29  58  58  58   9  29  60  60   41   41    9   9  132  120  110  130  21  31  77  42   82   82   80   76   11  118  118   58
 63   30  63  63  63  45  30  59  59   80   80   45  45  120  109   13   18  76   8  12  10  144  144  142   73   23   98   98   63
  4   31   4   4   4  20  31  58  58   62   62   20  20   82   20   30   64  62  70  69  13   87   87   85   66   33   48   48    4
 48   32  48  48  48  61  32  57  57   85   85   61  61   73    9   46   46  59  14  80  68   80   80   78   35    4  115  115   48
145   33 145          71  33  56  56   33   33   71  71  107  133   16  126  54   7   7       47   47   45   84  102   75   75     
 37   34  37  37  37  52  34  55  55   84   84   52  52  114   34   19  106  63  36  39  48   17   17   14   69   86  126  126   37
 12   35  12  12  12  57  35  54  54   87   87   57  57   84   81  117   14  16  37  83  36   79   79   77   72  149   89   89   12
 80   36  80  72  72  53  36  53  53   15   15   53  53   42  117  119  140  51  28  25  23   61   61   59   50   74   70   70   80
 53   37  53  53  53   7  37  52  52   29   29    7   7   14   99  106    7  45  62   6  14   23   23   20   23  109   76   76   53
135   38 135          12  38  51  51   59   59   12  12   68   21   64   39  71  22  54       31   31   28   68   85   79   79     
115   39 115  79  79  32  39  50  50   46   46   32  32  150   26   17  154  55   5   1  47  139  139  137   25   91   94   94  115
  3   40   3   3   3  41  40  49  49   73   73   41  41   40   17   68  149  31  18  74  33   50   50   48   57   98   42   42    3
 36   41  36  36  36  73  41  48  48   53   53   73  73   93    1   78  136  26  87  84  64   64   64   62   43  154  152  152   36
 57   42  57  57  57  67  42  47  47   44   44   67  67  126  100  127   83  83  63  44  56   25   25   22   17   41   18   18   57
 22   43  22  22  22  27  43  46  46   74   74   27  27   71   64   41   21   7  10  72  44   77   77   75   54   14  153  153   22
 44   44  44  44  44  43  44  45  45   71   71   43  43   75   50   98   70  24  65  52  74   78   78   76   34  140   34   34   44
 14   45  14  14  14  74  45  44  44   19   19   74  74   62   10  101   58  70  58  41  58   88   88   86   41   19   44   44   14
 66   46  66  66  66  38  46  43  43   39   39   38  38    9   54  116   54  20  23  31  22   14   14   11   36   67  154  154   66
 40   47  40  40  40  65  47  42  42    9    9   65  65  115   40  120   26  75  40  60   7   86   86   84   51  146  117  117   40
 51   48  51  51  51  59  48  41  41   14   14   59  59   98  104  124   22  85  39  49  43  145  145  143   21    2   53   53   51
 16   49  16  16  16  64  49  40  40    1    1   64  64  119  145  123  143  60  52  48  63   62   62   60   77    6   27   27   16
100   50 100  76  76  78  50  39  39   35   35   78  78  152   61   81  137  34  56  11  76  114  114  112   30   97   47   47  100
  9   51   9   9   9  31  51  38  38    3    3   31  31  156   46   32   17   3  50   3  18   72   72   70   65   42   91   91    9
 20   52  20  20  20  25  52  37  37   79   79   25  25  106   73   55   61  18  29  22  20  106  106  104   44  121   30   30   20
 18   53  18  18  18   5  53  36  36   63   63    5   5   15   12   59  119   5  85  68  67   99   99   97    7   43  130  130   18
 35   54  35  35  35  84  54  35  35   28   28   84  84  136   74   63   15  29  86  53  60  149  149  147   33  153  125  125   35
 23   55  23  23  23  85  55  34  34    6    6   85  85   13   49   31   85   1  53  57  73  121  121  119   27  138  143  143   23
 41   56  41  41  41  72  56  33  33   75   75   72  72  148   38   36  139  50  77  70  37  122  122  120   67  148  113  113   41
 75   57  75  71  71  49  57  32  32   54   54   49  49   59  136  160  156  13  47  85  35  108  108  106   80  157  110  110   75
 95   58  95  75  75  63  58  31  31   12   12   63  63   86   22  114  105  78  44  40  21   51   51   49   24   80   78   78   95
 46   59  46  46  46  87  59  30  30   34   34   87  87  105   86  128  146  64  79  43  17   90   90   88   39   71   88   88   46
 90   60  90  74  74  40  60  29  29   81   81   40  40   21  118   25   59   2  80  67  39  120  120  118   37   20  132  132   90
 45   61  45  45  45  48  61  28  28   57   57   48  48   31  122  158    4  72  57  86  30  146  146  144    8  113  109  109   45
130   62 130  82  82  44  62  27  27   58   58   44  44  116   28  142   92  57  19  51  45   94   94   92   52   93   12   12  130
 30   63  30  30  30   6  63  26  26   42   42    6   6   90  110   58   66  66   2  32  50  123  123  121   18  105   10   10   30
 25   64  25  25  25   1  64  25  25   61   61    1   1  103   53  109   44  12  78  56  40   22   22   19   13   54   83   83   25
 49   65  49  49  49  39  65  24  24   17   17   39  39   81  127   24   77  49  61  10   5    6    6    3   38  108   13   13   49
  7   66   7   7   7  62  66  23  23   76   76   62  62  124   62   74   28  69   9   9  52  134  134  132    9   89   50   50    7
 47   67  47  47  47  24  67  22  22   64   64   24  24   43  115   20  100  67  42  15  15  153  153  151   61   16  149  149   47
160   68 160          79  68  21  21   78   78   79  79   39  156  122   34  40  30  62      138  138  136   46  101   56   56     
 43   69  43  43  43  68  69  20  20   56   56   68  68   58   45   35   75  27  25   5  46  155  155  153   14   55  114  114   43
 15   70  15  15  15  88  70  19  19   65   65   88  88   76  134  121  123  61  83  28  16  159  159  157   75  100  101  101   15
 34   71  34  34  34  26  71  18  18   23   23   26  26   30   84   38  141   8  24  23  25  148  148  146   16   25  155  155   34
 60   72  60  60  60  33  72  17  17   36   36   33  33  134  146   45    1  77  67  61   1  118  118  116   58   40  116  116   60
 69   73  69  69  69  36  73  16  16   86   86   36  36  113   79  156   91   6   6  55  77   52   52   50   70  144  127  127   69
  8   74   8   8   8   2  74  15  15   11   11    2   2  139  112   50   24  36   4  64  26  129  129  127   29   69   57   57    8
 61   75  61  61  61  34  75  14  14   67   67   34  34   60   24  148   74  38  12  81  38   56   56   54   31   60   74   74   61
 24   76  24  24  24  47  76  13  13   48   48   47  47   65   97   54  127  52  20  36  72    3    3  160   83   51    1    1   24
 10   77  10  10  10  69  77  12  12   27   27   69  69   72  114   89  153  56  41  24  51  124  124  122   45  135  111  111   10
 70   78  70  70  70  60  78  11  11   31   31   60  60  155  116   94  108  22  45  87  59   49   49   47   82   76   45   45   70
 52   79  52  52  52  50  79  10  10   40   40   50  50   91  102   21   55  43  54  73   6   29   29   26   49   10  124  124   52
 56   80  56  56  56  28  80   9   9    5    5   28  28   63  139  102   56  41  68  38  29   36   36   33    4   27   62   62   56
  6   81   6   6   6  82  81   8   8   30   30   82  82  125    3   47  134  30   1  19  65  157  157  155   32  145   81   81    6
 65   82  65  65  65  21  82   7   7   13   13   21  21  147  137   49    3  35  46  18  66   43   43   41   40  159  158  158   65
 50   83  50  50  50  83  83   6   6   52   52   83  83  110   82   75  147  25  43  13  75  130  130  128   55   82  102  102   50
 67   84  67  67  67  10  84   5   5   38   38   10  10    4   65  132   41  42  76   4  41   63   63   61   62   79   71   71   67
 29   85  29  29  29  46  85   4   4   43   43   46  46   66   72  140  113  73  60  27  27   46   46   44   71  122  128  128   29
155   86 155          42  86   3   3   88   88   42  42   52  108    8  112  84  16  47       60   60   58   48   62  135  135     
150   87 150          11  87   2   2   16   16   11  11   96  135   69   68  87  32  66      131  131  129   60   58    7    7     
140   88 140          15  88   1   1    8    8   15  15    6  111  133  103  80  21  88      160  160  158   26  118   72   72     
 71       71                                              28   94   97    6                  150  150  148        90  108  108     
 72       72                                              34   44  113  133                  109  109  107        34   15   15     
 73       73                                              92   76  105   60                    8    8    5       114   17   17     
 74       74                                              45   37  143  117                   93   93   91        83   95   95     
 76       76                                             122   48    6  152                   81   81   79        77  103  103     
 77       77                                              80    2  154  148                   67   67   65        24   37   37     
 78       78                                             133  113  139   82                   27   27   24       136  157  157     
 79       79                                             117  106   10  111                   55   55   53        57  136  136     
 81       81                                              37   56  144   80                   28   28   25        39  129  129     
 82       82                                             109   95   79   43                   13   13   10        12  131  131     
 83       83                                             100   60  111   32                   16   16   13        63   69   69     
 84       84                                             151   47   27   16                   71   71   69       125  148  148     
 86       86                                             130   96    7  138                  112  112  110         7   29   29     
 87       87                                              55   16   61   67                  158  158  156       106   32   32     
 88       88                                             159  144   70    5                   30   30   27        65    3    3     
 89       89                                             102   80  100  128                   48   48   46       139   67   67     
 91       91                                              89    7   15   79                   89   89   87       126   52   52     
 92       92                                              20   67   80  109                   54   54   52       117    2    2     
 93       93                                              47   19   28  151                   35   35   32        26  104  104     
 94       94                                               7  159  137   36                  113  113  111        52   97   97     
 96       96                                               3  126   23   45                   20   20   17       111   63   63     
 97       97                                              44  119  146   12                   45   45   43        44  151  151     
 98       98                                              67  131   60   63                   75   75   73         9  141  141     
 99       99                                             118   13    3  125                  111  111  109        17   26   26     
101      101                                              23   27   67   93                   69   69   67        31   11   11     
102      102                                              22   92   90   25                  152  152  150       115  123  123     
103      103                                             160  123  147   29                   59   59   57       158   86   86     
104      104                                              46   32   71   37                   85   85   83       107   87   87     
106      106                                             108    4  112   35                   42   42   40        94   19   19     
107      107                                              78   66  155  120                   21   21   18       151   77   77     
108      108                                             141   36   65  159                  103  103  101       133    6    6     
109      109                                              51   90   57  135                  101  101   99       129  100  100     
111      111                                              29   29   48  121                   39   39   37       147   93   93     
112      112                                              35    8    1   96                   41   41   39       150  145  145     
113      113                                             144   41   26   42                  141  141  139        37  134  134     
114      114                                               2   57   95   78                   34   34   31        50   59   59     
116      116                                              50  138   33   27                  137  137  135        81   61   61     
117      117                                              17  157   44  157                  115  115  113        29   96   96     
118      118                                              83   88  134  155                  147  147  145        48  144  144     
119      119                                              69   35  103   40                  100  100   98        95   90   90     
121      121                                             140  129   85   95                   98   98   96         1  142  142     
122      122                                              10   63   14   47                  135  135  133        73  133  133     
123      123                                              27   69  129  131                   76   76   74        75  146  146     
124      124                                             111   52   86   38                   66   66   64       127   24   24     
126      126                                             121   43  149   84                   57   57   55        70   38   38     
127      127                                              41   91   40  158                   97   97   95       143   20   20     
128      128                                             146   87  153   97                  133  133  131       112   22   22     
129      129                                             104  132  130   13                  107  107  105       134  105  105     
131      131                                             158   11   22   86                   33   33   30         5   36   36     
132      132                                               5   83   83   51                  119  119  117        59    4    4     
133      133                                              87  152   62   30                    1    1   35       156    8    8     
134      134                                              77  151  135    8                   10   10    7       141   21   21     
136      136                                              61  124   43  150                    2    2  159        32  147  147     
137      137                                             149  143   37   62                   26   26   23       130   23   23     
138      138                                             137  158   66   73                   58   58   56        22   85   85     
139      139                                             123   14  108   53                   96   96   94        72   40   40     
141      141                                              25   18  126  104                   68   68   66        61   33   33     
142      142                                              49   93   18  118                   24   24   21       103  121  121     
143      143                                               8   39   92   49                   11   11    8         3   54   54     
144      144                                              11  149   84   19                  142  142  140       104   80   80     
146      146                                             127  141   87   57                  128  128  126        18   92   92     
147      147                                             129   70   39  114                   44   44   42        99   25   25     
148      148                                              18  155  150   31                   95   95   93        28  139  139     
149      149                                             143   89  118   69                   74   74   72       128   39   39     
151      151                                              19   85   56  115                   12   12    9       142  119  119     
152      152                                             145   77  136  145                  126  126  124        53   73   73     
153      153                                              85  107  151   89                   38   38   36       152   65   65     
154      154                                             112  130    4   88                  143  143  141       116  106  106     
156      156                                              74    5   34   65                   92   92   90        30  140  140     
157      157                                              88   59   72  110                   15   15   12        45  150  150     
158      158                                             138   30   42    9                   53   53   51        68    9    9     
159      159                                              38   25   76  160                   19   19   16        96  138  138     

========================================================================================
ROW ORDER = x3plus7_full  (linear_rank ascending)
========================================================================================
  n  X3f nRk   d l2d  Px  Py Pmy  -y  y2p  x3p  Y2f   C  h3p  a2p  h2p  a3p   r   s   z  Ry h160  pay  lex sPub  sVH sCHK   c4 dbit
-----------------------------------------------------------------------------------------------------------------------------------
 25    1  25  25  25   1  64  25  25   61   61   64   1  103   53  109   44  12  78  56  40   22   22   19   13   54   83   83   25
  8    2   8   8   8   2  74  15  15   11   11   74   2  139  112   50   24  36   4  64  26  129  129  127   29   69   57   57    8
110    3 110  78  78   3   2  87  87   72   72    2   3  157   58  159   48  19  38   2  69    7    7    4   19   92   46   46  110
 32    4  32  32  32   4  27  62  62   20   20   27   4   48    6   73  129  81  59  45  57   91   91   89   10   35   14   14   32
 18    5  18  18  18   5  53  36  36   63   63   53   5   15   12   59  119   5  85  68  67   99   99   97    7   43  130  130   18
 30    6  30  30  30   6  63  26  26   42   42   63   6   90  110   58   66  66   2  32  50  123  123  121   18  105   10   10   30
 53    7  53  53  53   7  37  52  52   29   29   37   7   14   99  106    7  45  62   6  14   23   23   20   23  109   76   76   53
 64    8  64  64  64   8  28  61  61   45   45   28   8   64  101  131   76  28  69  82  31   32   32   29    5    8   43   43   64
 58    9  58  58  58   9  29  60  60   41   41   29   9  132  120  110  130  21  31  77  42   82   82   80   76   11  118  118   58
 67   10  67  67  67  10  84   5   5   38   38   84  10    4   65  132   41  42  76   4  41   63   63   61   62   79   71   71   67
150   11 150          11  87   2   2   16   16   87  11   96  135   69   68  87  32  66      131  131  129   60   58    7    7     
135   12 135          12  38  51  51   59   59   38  12   68   21   64   39  71  22  54       31   31   28   68   85   79   79     
 21   13  21  21  21  13  16  73  73   22   22   16  13   26  148   91  142  44  74  78   9   18   18   15    1  120   31   31   21
 27   14  27  27  27  14   3  86  86    4    4    3  14   32   51  107   10  68  48   8  70    5    5    2   47   47  122  122   27
140   15 140          15  88   1   1    8    8   88  15    6  111  133  103  80  21  88      160  160  158   26  118   72   72     
 68   16  68  68  68  16  11  78  78   77   77   11  16  101  105  138   99  32  13  16   4  132  132  130    2   36   35   35   68
 62   17  62  62  62  17  23  66  66   50   50   23  17  135   68  115   90  48  73  71  78  136  136  134   56   21  159  159   62
 85   18  85  73  73  18   9  80  80   26   26    9  18   99  128  145  124   4  81  29  62  117  117  115   28  124    5    5   85
 39   19  39  39  39  19  19  70  70   32   32   19  19   12   75    5   20  46   3  26  53    4    4    1   63   13   58   58   39
  4   20   4   4   4  20  31  58  58   62   62   31  20   82   20   30   64  62  70  69  13   87   87   85   66   33   48   48    4
 65   21  65  65  65  21  82   7   7   13   13   82  21  147  137   49    3  35  46  18  66   43   43   41   40  159  158  158   65
125   22 125  81  81  22  14  75  75   70   70   14  22   56  103    9   23  10  72  37  79  151  151  149   85   38   82   82  125
  5   23   5   5   5  23  18  71  71   51   51   18  23   97   15   51   98  47  35  20  28   84   84   82   79   78  120  120    5
 47   24  47  47  47  24  67  22  22   64   64   67  24   43  115   20  100  67  42  15  15  153  153  151   61   16  149  149   47
 20   25  20  20  20  25  52  37  37   79   79   52  25  106   73   55   61  18  29  22  20  106  106  104   44  121   30   30   20
 34   26  34  34  34  26  71  18  18   23   23   71  26   30   84   38  141   8  24  23  25  148  148  146   16   25  155  155   34
 22   27  22  22  22  27  43  46  46   74   74   43  27   71   64   41   21   7  10  72  44   77   77   75   54   14  153  153   22
 56   28  56  56  56  28  80   9   9    5    5   80  28   63  139  102   56  41  68  38  29   36   36   33    4   27   62   62   56
 17   29  17  17  17  29  22  67  67   69   69   22  29   24  142   82  116  33  88  42   8  105  105  103   87   15  156  156   17
 59   30  59  59  59  30   8  81  81   37   37    8  30   36   98   99   50  53  11  17  61  102  102  100   22   84   68   68   59
  9   31   9   9   9  31  51  38  38    3    3   51  31  156   46   32   17   3  50   3  18   72   72   70   65   42   91   91    9
115   32 115  79  79  32  39  50  50   46   46   39  32  150   26   17  154  55   5   1  47  139  139  137   25   91   94   94  115
 60   33  60  60  60  33  72  17  17   36   36   72  33  134  146   45    1  77  67  61   1  118  118  116   58   40  116  116   60
 61   34  61  61  61  34  75  14  14   67   67   75  34   60   24  148   74  38  12  81  38   56   56   54   31   60   74   74   61
 54   35  54  54  54  35   1  88  88    7    7    1  35   79  125  125    2  14  75  35   3  116  116  114   12  123   99   99   54
 69   36  69  69  69  36  73  16  16   86   86   73  36  113   79  156   91   6   6  55  77   52   52   50   70  144  127  127   69
 26   37  26  26  26  37   6  83  83   47   47    6  37   57   42  104   87  23  49  75  82  110  110  108   88   49   41   41   26
 66   38  66  66  66  38  46  43  43   39   39   46  38    9   54  116   54  20  23  31  22   14   14   11   36   67  154  154   66
 49   39  49  49  49  39  65  24  24   17   17   65  39   81  127   24   77  49  61  10   5    6    6    3   38  108   13   13   49
 90   40  90  74  74  40  60  29  29   81   81   60  40   21  118   25   59   2  80  67  39  120  120  118   37   20  132  132   90
  3   41   3   3   3  41  40  49  49   73   73   40  41   40   17   68  149  31  18  74  33   50   50   48   57   98   42   42    3
155   42 155          42  86   3   3   88   88   86  42   52  108    8  112  84  16  47       60   60   58   48   62  135  135     
 44   43  44  44  44  43  44  45  45   71   71   44  43   75   50   98   70  24  65  52  74   78   78   76   34  140   34   34   44
130   44 130  82  82  44  62  27  27   58   58   62  44  116   28  142   92  57  19  51  45   94   94   92   52   93   12   12  130
 63   45  63  63  63  45  30  59  59   80   80   30  45  120  109   13   18  76   8  12  10  144  144  142   73   23   98   98   63
 29   46  29  29  29  46  85   4   4   43   43   85  46   66   72  140  113  73  60  27  27   46   46   44   71  122  128  128   29
 24   47  24  24  24  47  76  13  13   48   48   76  47   65   97   54  127  52  20  36  72    3    3  160   83   51    1    1   24
 45   48  45  45  45  48  61  28  28   57   57   61  48   31  122  158    4  72  57  86  30  146  146  144    8  113  109  109   45
 75   49  75  71  71  49  57  32  32   54   54   57  49   59  136  160  156  13  47  85  35  108  108  106   80  157  110  110   75
 52   50  52  52  52  50  79  10  10   40   40   79  50   91  102   21   55  43  54  73   6   29   29   26   49   10  124  124   52
  1   51   1   1   1  51  26  63  63   24   24   26  51  128   31    2   94  11  82  76  54   65   65   63    3  132   51   51    1
 37   52  37  37  37  52  34  55  55   84   84   34  52  114   34   19  106  63  36  39  48   17   17   14   69   86  126  126   37
 80   53  80  72  72  53  36  53  53   15   15   36  53   42  117  119  140  51  28  25  23   61   61   59   50   74   70   70   80
 19   54  19  19  19  54  25  64  64   68   68   25  54   95   78   96   81  17  55  79  32  140  140  138   15  131   84   84   19
 55   55  55  55  55  55  10  79  79   25   25   10  55   16  147   93   52  74  26  33   2  127  127  125   74  137  107  107   55
 31   56  31  31  31  56  24  65  65   10   10   24  56   33   55  157  107  39  51  63  11  125  125  123   11   88   55   55   31
 12   57  12  12  12  57  35  54  54   87   87   35  57   84   81  117   14  16  37  83  36   79   79   77   72  149   89   89   12
 11   58  11  11  11  58  12  77  77   21   21   12  58   54  121  141   72   9  84  14  49  154  154  152   20  155   60   60   11
 51   59  51  51  51  59  48  41  41   14   14   48  59   98  104  124   22  85  39  49  43  145  145  143   21    2   53   53   51
 70   60  70  70  70  60  78  11  11   31   31   78  60  155  116   94  108  22  45  87  59   49   49   47   82   76   45   45   70
 48   61  48  48  48  61  32  57  57   85   85   32  61   73    9   46   46  59  14  80  68   80   80   78   35    4  115  115   48
  7   62   7   7   7  62  66  23  23   76   76   66  62  124   62   74   28  69   9   9  52  134  134  132    9   89   50   50    7
 95   63  95  75  75  63  58  31  31   12   12   58  63   86   22  114  105  78  44  40  21   51   51   49   24   80   78   78   95
 16   64  16  16  16  64  49  40  40    1    1   49  64  119  145  123  143  60  52  48  63   62   62   60   77    6   27   27   16
 40   65  40  40  40  65  47  42  42    9    9   47  65  115   40  120   26  75  40  60   7   86   86   84   51  146  117  117   40
 33   66  33  33  33  66   4  85  85    2    2    4  66  153  150   88  122  65  17  65  19   40   40   38   42  110   28   28   33
 57   67  57  57  57  67  42  47  47   44   44   42  67  126  100  127   83  83  63  44  56   25   25   22   17   41   18   18   57
 43   68  43  43  43  68  69  20  20   56   56   69  68   58   45   35   75  27  25   5  46  155  155  153   14   55  114  114   43
 10   69  10  10  10  69  77  12  12   27   27   77  69   72  114   89  153  56  41  24  51  124  124  122   45  135  111  111   10
 13   70  13  13  13  70  17  72  72   83   83   17  70   94  140   29   11  86  33  30  12  156  156  154   78   66   49   49   13
145   71 145          71  33  56  56   33   33   33  71  107  133   16  126  54   7   7       47   47   45   84  102   75   75     
 41   72  41  41  41  72  56  33  33   75   75   56  72  148   38   36  139  50  77  70  37  122  122  120   67  148  113  113   41
 36   73  36  36  36  73  41  48  48   53   53   41  73   93    1   78  136  26  87  84  64   64   64   62   43  154  152  152   36
 14   74  14  14  14  74  45  44  44   19   19   45  74   62   10  101   58  70  58  41  58   88   88   86   41   19   44   44   14
105   75 105  77  77  75   5  84  84   55   55    5  75  131   33   77   33  15  34  58  24   70   70   68    6   87   64   64  105
 38   76  38  38  38  76  20  69  69   60   60   20  76  154  154   53  101  88  66  50  55  104  104  102   53   56  137  137   38
120   77 120  80  80  77  15  74  74   66   66   15  77  142  160   12  102  58  15  46  34   37   37   34   59   64  160  160  120
100   78 100  76  76  78  50  39  39   35   35   50  78  152   61   81  137  34  56  11  76  114  114  112   30   97   47   47  100
160   79 160          79  68  21  21   78   78   68  79   39  156  122   34  40  30  62      138  138  136   46  101   56   56     
 28   80  28  28  28  80   7  82  82   49   49    7  80    1  153   11   71  79  71  21  81    9    9    6   64  160   66   66   28
 42   81  42  42  42  81  13  76  76   18   18   13  81   70   71   52  144  82  27  34  71   83   83   81   86  119   16   16   42
  6   82   6   6   6  82  81   8   8   30   30   81  82  125    3   47  134  30   1  19  65  157  157  155   32  145   81   81    6
 50   83  50  50  50  83  83   6   6   52   52   83  83  110   82   75  147  25  43  13  75  130  130  128   55   82  102  102   50
 35   84  35  35  35  84  54  35  35   28   28   54  84  136   74   63   15  29  86  53  60  149  149  147   33  153  125  125   35
 23   85  23  23  23  85  55  34  34    6    6   55  85   13   49   31   85   1  53  57  73  121  121  119   27  138  143  143   23
  2   86   2   2   2  86  21  68  68   82   82   21  86   53   23  152  132  37  64  59  80   73   73   71   81   46  112  112    2
 46   87  46  46  46  87  59  30  30   34   34   59  87  105   86  128  146  64  79  43  17   90   90   88   39   71   88   88   46
 15   88  15  15  15  88  70  19  19   65   65   70  88   76  134  121  123  61  83  28  16  159  159  157   75  100  101  101   15
 71       71                                              28   94   97    6                  150  150  148        90  108  108     
 72       72                                              34   44  113  133                  109  109  107        34   15   15     
 73       73                                              92   76  105   60                    8    8    5       114   17   17     
 74       74                                              45   37  143  117                   93   93   91        83   95   95     
 76       76                                             122   48    6  152                   81   81   79        77  103  103     
 77       77                                              80    2  154  148                   67   67   65        24   37   37     
 78       78                                             133  113  139   82                   27   27   24       136  157  157     
 79       79                                             117  106   10  111                   55   55   53        57  136  136     
 81       81                                              37   56  144   80                   28   28   25        39  129  129     
 82       82                                             109   95   79   43                   13   13   10        12  131  131     
 83       83                                             100   60  111   32                   16   16   13        63   69   69     
 84       84                                             151   47   27   16                   71   71   69       125  148  148     
 86       86                                             130   96    7  138                  112  112  110         7   29   29     
 87       87                                              55   16   61   67                  158  158  156       106   32   32     
 88       88                                             159  144   70    5                   30   30   27        65    3    3     
 89       89                                             102   80  100  128                   48   48   46       139   67   67     
 91       91                                              89    7   15   79                   89   89   87       126   52   52     
 92       92                                              20   67   80  109                   54   54   52       117    2    2     
 93       93                                              47   19   28  151                   35   35   32        26  104  104     
 94       94                                               7  159  137   36                  113  113  111        52   97   97     
 96       96                                               3  126   23   45                   20   20   17       111   63   63     
 97       97                                              44  119  146   12                   45   45   43        44  151  151     
 98       98                                              67  131   60   63                   75   75   73         9  141  141     
 99       99                                             118   13    3  125                  111  111  109        17   26   26     
101      101                                              23   27   67   93                   69   69   67        31   11   11     
102      102                                              22   92   90   25                  152  152  150       115  123  123     
103      103                                             160  123  147   29                   59   59   57       158   86   86     
104      104                                              46   32   71   37                   85   85   83       107   87   87     
106      106                                             108    4  112   35                   42   42   40        94   19   19     
107      107                                              78   66  155  120                   21   21   18       151   77   77     
108      108                                             141   36   65  159                  103  103  101       133    6    6     
109      109                                              51   90   57  135                  101  101   99       129  100  100     
111      111                                              29   29   48  121                   39   39   37       147   93   93     
112      112                                              35    8    1   96                   41   41   39       150  145  145     
113      113                                             144   41   26   42                  141  141  139        37  134  134     
114      114                                               2   57   95   78                   34   34   31        50   59   59     
116      116                                              50  138   33   27                  137  137  135        81   61   61     
117      117                                              17  157   44  157                  115  115  113        29   96   96     
118      118                                              83   88  134  155                  147  147  145        48  144  144     
119      119                                              69   35  103   40                  100  100   98        95   90   90     
121      121                                             140  129   85   95                   98   98   96         1  142  142     
122      122                                              10   63   14   47                  135  135  133        73  133  133     
123      123                                              27   69  129  131                   76   76   74        75  146  146     
124      124                                             111   52   86   38                   66   66   64       127   24   24     
126      126                                             121   43  149   84                   57   57   55        70   38   38     
127      127                                              41   91   40  158                   97   97   95       143   20   20     
128      128                                             146   87  153   97                  133  133  131       112   22   22     
129      129                                             104  132  130   13                  107  107  105       134  105  105     
131      131                                             158   11   22   86                   33   33   30         5   36   36     
132      132                                               5   83   83   51                  119  119  117        59    4    4     
133      133                                              87  152   62   30                    1    1   35       156    8    8     
134      134                                              77  151  135    8                   10   10    7       141   21   21     
136      136                                              61  124   43  150                    2    2  159        32  147  147     
137      137                                             149  143   37   62                   26   26   23       130   23   23     
138      138                                             137  158   66   73                   58   58   56        22   85   85     
139      139                                             123   14  108   53                   96   96   94        72   40   40     
141      141                                              25   18  126  104                   68   68   66        61   33   33     
142      142                                              49   93   18  118                   24   24   21       103  121  121     
143      143                                               8   39   92   49                   11   11    8         3   54   54     
144      144                                              11  149   84   19                  142  142  140       104   80   80     
146      146                                             127  141   87   57                  128  128  126        18   92   92     
147      147                                             129   70   39  114                   44   44   42        99   25   25     
148      148                                              18  155  150   31                   95   95   93        28  139  139     
149      149                                             143   89  118   69                   74   74   72       128   39   39     
151      151                                              19   85   56  115                   12   12    9       142  119  119     
152      152                                             145   77  136  145                  126  126  124        53   73   73     
153      153                                              85  107  151   89                   38   38   36       152   65   65     
154      154                                             112  130    4   88                  143  143  141       116  106  106     
156      156                                              74    5   34   65                   92   92   90        30  140  140     
157      157                                              88   59   72  110                   15   15   12        45  150  150     
158      158                                             138   30   42    9                   53   53   51        68    9    9     
159      159                                              38   25   76  160                   19   19   16        96  138  138     

========================================================================================
ROW ORDER = p_carry  (linear_rank ascending)
========================================================================================
  n   C nRk   d l2d  Px  Py Pmy  -y  y2p  x3p  Y2f  X3f  h3p  a2p  h2p  a3p   r   s   z  Ry h160  pay  lex sPub  sVH sCHK   c4 dbit
-----------------------------------------------------------------------------------------------------------------------------------
 25   1  25  25  25   1  64  25  25   61   61   64    1  103   53  109   44  12  78  56  40   22   22   19   13   54   83   83   25
  8   2   8   8   8   2  74  15  15   11   11   74    2  139  112   50   24  36   4  64  26  129  129  127   29   69   57   57    8
110   3 110  78  78   3   2  87  87   72   72    2    3  157   58  159   48  19  38   2  69    7    7    4   19   92   46   46  110
 32   4  32  32  32   4  27  62  62   20   20   27    4   48    6   73  129  81  59  45  57   91   91   89   10   35   14   14   32
 18   5  18  18  18   5  53  36  36   63   63   53    5   15   12   59  119   5  85  68  67   99   99   97    7   43  130  130   18
 30   6  30  30  30   6  63  26  26   42   42   63    6   90  110   58   66  66   2  32  50  123  123  121   18  105   10   10   30
 53   7  53  53  53   7  37  52  52   29   29   37    7   14   99  106    7  45  62   6  14   23   23   20   23  109   76   76   53
 64   8  64  64  64   8  28  61  61   45   45   28    8   64  101  131   76  28  69  82  31   32   32   29    5    8   43   43   64
 58   9  58  58  58   9  29  60  60   41   41   29    9  132  120  110  130  21  31  77  42   82   82   80   76   11  118  118   58
 67  10  67  67  67  10  84   5   5   38   38   84   10    4   65  132   41  42  76   4  41   63   63   61   62   79   71   71   67
150  11 150          11  87   2   2   16   16   87   11   96  135   69   68  87  32  66      131  131  129   60   58    7    7     
135  12 135          12  38  51  51   59   59   38   12   68   21   64   39  71  22  54       31   31   28   68   85   79   79     
 21  13  21  21  21  13  16  73  73   22   22   16   13   26  148   91  142  44  74  78   9   18   18   15    1  120   31   31   21
 27  14  27  27  27  14   3  86  86    4    4    3   14   32   51  107   10  68  48   8  70    5    5    2   47   47  122  122   27
140  15 140          15  88   1   1    8    8   88   15    6  111  133  103  80  21  88      160  160  158   26  118   72   72     
 68  16  68  68  68  16  11  78  78   77   77   11   16  101  105  138   99  32  13  16   4  132  132  130    2   36   35   35   68
 62  17  62  62  62  17  23  66  66   50   50   23   17  135   68  115   90  48  73  71  78  136  136  134   56   21  159  159   62
 85  18  85  73  73  18   9  80  80   26   26    9   18   99  128  145  124   4  81  29  62  117  117  115   28  124    5    5   85
 39  19  39  39  39  19  19  70  70   32   32   19   19   12   75    5   20  46   3  26  53    4    4    1   63   13   58   58   39
  4  20   4   4   4  20  31  58  58   62   62   31   20   82   20   30   64  62  70  69  13   87   87   85   66   33   48   48    4
 65  21  65  65  65  21  82   7   7   13   13   82   21  147  137   49    3  35  46  18  66   43   43   41   40  159  158  158   65
125  22 125  81  81  22  14  75  75   70   70   14   22   56  103    9   23  10  72  37  79  151  151  149   85   38   82   82  125
  5  23   5   5   5  23  18  71  71   51   51   18   23   97   15   51   98  47  35  20  28   84   84   82   79   78  120  120    5
 47  24  47  47  47  24  67  22  22   64   64   67   24   43  115   20  100  67  42  15  15  153  153  151   61   16  149  149   47
 20  25  20  20  20  25  52  37  37   79   79   52   25  106   73   55   61  18  29  22  20  106  106  104   44  121   30   30   20
 34  26  34  34  34  26  71  18  18   23   23   71   26   30   84   38  141   8  24  23  25  148  148  146   16   25  155  155   34
 22  27  22  22  22  27  43  46  46   74   74   43   27   71   64   41   21   7  10  72  44   77   77   75   54   14  153  153   22
 56  28  56  56  56  28  80   9   9    5    5   80   28   63  139  102   56  41  68  38  29   36   36   33    4   27   62   62   56
 17  29  17  17  17  29  22  67  67   69   69   22   29   24  142   82  116  33  88  42   8  105  105  103   87   15  156  156   17
 59  30  59  59  59  30   8  81  81   37   37    8   30   36   98   99   50  53  11  17  61  102  102  100   22   84   68   68   59
  9  31   9   9   9  31  51  38  38    3    3   51   31  156   46   32   17   3  50   3  18   72   72   70   65   42   91   91    9
115  32 115  79  79  32  39  50  50   46   46   39   32  150   26   17  154  55   5   1  47  139  139  137   25   91   94   94  115
 60  33  60  60  60  33  72  17  17   36   36   72   33  134  146   45    1  77  67  61   1  118  118  116   58   40  116  116   60
 61  34  61  61  61  34  75  14  14   67   67   75   34   60   24  148   74  38  12  81  38   56   56   54   31   60   74   74   61
 54  35  54  54  54  35   1  88  88    7    7    1   35   79  125  125    2  14  75  35   3  116  116  114   12  123   99   99   54
 69  36  69  69  69  36  73  16  16   86   86   73   36  113   79  156   91   6   6  55  77   52   52   50   70  144  127  127   69
 26  37  26  26  26  37   6  83  83   47   47    6   37   57   42  104   87  23  49  75  82  110  110  108   88   49   41   41   26
 66  38  66  66  66  38  46  43  43   39   39   46   38    9   54  116   54  20  23  31  22   14   14   11   36   67  154  154   66
 49  39  49  49  49  39  65  24  24   17   17   65   39   81  127   24   77  49  61  10   5    6    6    3   38  108   13   13   49
 90  40  90  74  74  40  60  29  29   81   81   60   40   21  118   25   59   2  80  67  39  120  120  118   37   20  132  132   90
  3  41   3   3   3  41  40  49  49   73   73   40   41   40   17   68  149  31  18  74  33   50   50   48   57   98   42   42    3
155  42 155          42  86   3   3   88   88   86   42   52  108    8  112  84  16  47       60   60   58   48   62  135  135     
 44  43  44  44  44  43  44  45  45   71   71   44   43   75   50   98   70  24  65  52  74   78   78   76   34  140   34   34   44
130  44 130  82  82  44  62  27  27   58   58   62   44  116   28  142   92  57  19  51  45   94   94   92   52   93   12   12  130
 63  45  63  63  63  45  30  59  59   80   80   30   45  120  109   13   18  76   8  12  10  144  144  142   73   23   98   98   63
 29  46  29  29  29  46  85   4   4   43   43   85   46   66   72  140  113  73  60  27  27   46   46   44   71  122  128  128   29
 24  47  24  24  24  47  76  13  13   48   48   76   47   65   97   54  127  52  20  36  72    3    3  160   83   51    1    1   24
 45  48  45  45  45  48  61  28  28   57   57   61   48   31  122  158    4  72  57  86  30  146  146  144    8  113  109  109   45
 75  49  75  71  71  49  57  32  32   54   54   57   49   59  136  160  156  13  47  85  35  108  108  106   80  157  110  110   75
 52  50  52  52  52  50  79  10  10   40   40   79   50   91  102   21   55  43  54  73   6   29   29   26   49   10  124  124   52
  1  51   1   1   1  51  26  63  63   24   24   26   51  128   31    2   94  11  82  76  54   65   65   63    3  132   51   51    1
 37  52  37  37  37  52  34  55  55   84   84   34   52  114   34   19  106  63  36  39  48   17   17   14   69   86  126  126   37
 80  53  80  72  72  53  36  53  53   15   15   36   53   42  117  119  140  51  28  25  23   61   61   59   50   74   70   70   80
 19  54  19  19  19  54  25  64  64   68   68   25   54   95   78   96   81  17  55  79  32  140  140  138   15  131   84   84   19
 55  55  55  55  55  55  10  79  79   25   25   10   55   16  147   93   52  74  26  33   2  127  127  125   74  137  107  107   55
 31  56  31  31  31  56  24  65  65   10   10   24   56   33   55  157  107  39  51  63  11  125  125  123   11   88   55   55   31
 12  57  12  12  12  57  35  54  54   87   87   35   57   84   81  117   14  16  37  83  36   79   79   77   72  149   89   89   12
 11  58  11  11  11  58  12  77  77   21   21   12   58   54  121  141   72   9  84  14  49  154  154  152   20  155   60   60   11
 51  59  51  51  51  59  48  41  41   14   14   48   59   98  104  124   22  85  39  49  43  145  145  143   21    2   53   53   51
 70  60  70  70  70  60  78  11  11   31   31   78   60  155  116   94  108  22  45  87  59   49   49   47   82   76   45   45   70
 48  61  48  48  48  61  32  57  57   85   85   32   61   73    9   46   46  59  14  80  68   80   80   78   35    4  115  115   48
  7  62   7   7   7  62  66  23  23   76   76   66   62  124   62   74   28  69   9   9  52  134  134  132    9   89   50   50    7
 95  63  95  75  75  63  58  31  31   12   12   58   63   86   22  114  105  78  44  40  21   51   51   49   24   80   78   78   95
 16  64  16  16  16  64  49  40  40    1    1   49   64  119  145  123  143  60  52  48  63   62   62   60   77    6   27   27   16
 40  65  40  40  40  65  47  42  42    9    9   47   65  115   40  120   26  75  40  60   7   86   86   84   51  146  117  117   40
 33  66  33  33  33  66   4  85  85    2    2    4   66  153  150   88  122  65  17  65  19   40   40   38   42  110   28   28   33
 57  67  57  57  57  67  42  47  47   44   44   42   67  126  100  127   83  83  63  44  56   25   25   22   17   41   18   18   57
 43  68  43  43  43  68  69  20  20   56   56   69   68   58   45   35   75  27  25   5  46  155  155  153   14   55  114  114   43
 10  69  10  10  10  69  77  12  12   27   27   77   69   72  114   89  153  56  41  24  51  124  124  122   45  135  111  111   10
 13  70  13  13  13  70  17  72  72   83   83   17   70   94  140   29   11  86  33  30  12  156  156  154   78   66   49   49   13
145  71 145          71  33  56  56   33   33   33   71  107  133   16  126  54   7   7       47   47   45   84  102   75   75     
 41  72  41  41  41  72  56  33  33   75   75   56   72  148   38   36  139  50  77  70  37  122  122  120   67  148  113  113   41
 36  73  36  36  36  73  41  48  48   53   53   41   73   93    1   78  136  26  87  84  64   64   64   62   43  154  152  152   36
 14  74  14  14  14  74  45  44  44   19   19   45   74   62   10  101   58  70  58  41  58   88   88   86   41   19   44   44   14
105  75 105  77  77  75   5  84  84   55   55    5   75  131   33   77   33  15  34  58  24   70   70   68    6   87   64   64  105
 38  76  38  38  38  76  20  69  69   60   60   20   76  154  154   53  101  88  66  50  55  104  104  102   53   56  137  137   38
120  77 120  80  80  77  15  74  74   66   66   15   77  142  160   12  102  58  15  46  34   37   37   34   59   64  160  160  120
100  78 100  76  76  78  50  39  39   35   35   50   78  152   61   81  137  34  56  11  76  114  114  112   30   97   47   47  100
160  79 160          79  68  21  21   78   78   68   79   39  156  122   34  40  30  62      138  138  136   46  101   56   56     
 28  80  28  28  28  80   7  82  82   49   49    7   80    1  153   11   71  79  71  21  81    9    9    6   64  160   66   66   28
 42  81  42  42  42  81  13  76  76   18   18   13   81   70   71   52  144  82  27  34  71   83   83   81   86  119   16   16   42
  6  82   6   6   6  82  81   8   8   30   30   81   82  125    3   47  134  30   1  19  65  157  157  155   32  145   81   81    6
 50  83  50  50  50  83  83   6   6   52   52   83   83  110   82   75  147  25  43  13  75  130  130  128   55   82  102  102   50
 35  84  35  35  35  84  54  35  35   28   28   54   84  136   74   63   15  29  86  53  60  149  149  147   33  153  125  125   35
 23  85  23  23  23  85  55  34  34    6    6   55   85   13   49   31   85   1  53  57  73  121  121  119   27  138  143  143   23
  2  86   2   2   2  86  21  68  68   82   82   21   86   53   23  152  132  37  64  59  80   73   73   71   81   46  112  112    2
 46  87  46  46  46  87  59  30  30   34   34   59   87  105   86  128  146  64  79  43  17   90   90   88   39   71   88   88   46
 15  88  15  15  15  88  70  19  19   65   65   70   88   76  134  121  123  61  83  28  16  159  159  157   75  100  101  101   15
 71      71                                               28   94   97    6                  150  150  148        90  108  108     
 72      72                                               34   44  113  133                  109  109  107        34   15   15     
 73      73                                               92   76  105   60                    8    8    5       114   17   17     
 74      74                                               45   37  143  117                   93   93   91        83   95   95     
 76      76                                              122   48    6  152                   81   81   79        77  103  103     
 77      77                                               80    2  154  148                   67   67   65        24   37   37     
 78      78                                              133  113  139   82                   27   27   24       136  157  157     
 79      79                                              117  106   10  111                   55   55   53        57  136  136     
 81      81                                               37   56  144   80                   28   28   25        39  129  129     
 82      82                                              109   95   79   43                   13   13   10        12  131  131     
 83      83                                              100   60  111   32                   16   16   13        63   69   69     
 84      84                                              151   47   27   16                   71   71   69       125  148  148     
 86      86                                              130   96    7  138                  112  112  110         7   29   29     
 87      87                                               55   16   61   67                  158  158  156       106   32   32     
 88      88                                              159  144   70    5                   30   30   27        65    3    3     
 89      89                                              102   80  100  128                   48   48   46       139   67   67     
 91      91                                               89    7   15   79                   89   89   87       126   52   52     
 92      92                                               20   67   80  109                   54   54   52       117    2    2     
 93      93                                               47   19   28  151                   35   35   32        26  104  104     
 94      94                                                7  159  137   36                  113  113  111        52   97   97     
 96      96                                                3  126   23   45                   20   20   17       111   63   63     
 97      97                                               44  119  146   12                   45   45   43        44  151  151     
 98      98                                               67  131   60   63                   75   75   73         9  141  141     
 99      99                                              118   13    3  125                  111  111  109        17   26   26     
101     101                                               23   27   67   93                   69   69   67        31   11   11     
102     102                                               22   92   90   25                  152  152  150       115  123  123     
103     103                                              160  123  147   29                   59   59   57       158   86   86     
104     104                                               46   32   71   37                   85   85   83       107   87   87     
106     106                                              108    4  112   35                   42   42   40        94   19   19     
107     107                                               78   66  155  120                   21   21   18       151   77   77     
108     108                                              141   36   65  159                  103  103  101       133    6    6     
109     109                                               51   90   57  135                  101  101   99       129  100  100     
111     111                                               29   29   48  121                   39   39   37       147   93   93     
112     112                                               35    8    1   96                   41   41   39       150  145  145     
113     113                                              144   41   26   42                  141  141  139        37  134  134     
114     114                                                2   57   95   78                   34   34   31        50   59   59     
116     116                                               50  138   33   27                  137  137  135        81   61   61     
117     117                                               17  157   44  157                  115  115  113        29   96   96     
118     118                                               83   88  134  155                  147  147  145        48  144  144     
119     119                                               69   35  103   40                  100  100   98        95   90   90     
121     121                                              140  129   85   95                   98   98   96         1  142  142     
122     122                                               10   63   14   47                  135  135  133        73  133  133     
123     123                                               27   69  129  131                   76   76   74        75  146  146     
124     124                                              111   52   86   38                   66   66   64       127   24   24     
126     126                                              121   43  149   84                   57   57   55        70   38   38     
127     127                                               41   91   40  158                   97   97   95       143   20   20     
128     128                                              146   87  153   97                  133  133  131       112   22   22     
129     129                                              104  132  130   13                  107  107  105       134  105  105     
131     131                                              158   11   22   86                   33   33   30         5   36   36     
132     132                                                5   83   83   51                  119  119  117        59    4    4     
133     133                                               87  152   62   30                    1    1   35       156    8    8     
134     134                                               77  151  135    8                   10   10    7       141   21   21     
136     136                                               61  124   43  150                    2    2  159        32  147  147     
137     137                                              149  143   37   62                   26   26   23       130   23   23     
138     138                                              137  158   66   73                   58   58   56        22   85   85     
139     139                                              123   14  108   53                   96   96   94        72   40   40     
141     141                                               25   18  126  104                   68   68   66        61   33   33     
142     142                                               49   93   18  118                   24   24   21       103  121  121     
143     143                                                8   39   92   49                   11   11    8         3   54   54     
144     144                                               11  149   84   19                  142  142  140       104   80   80     
146     146                                              127  141   87   57                  128  128  126        18   92   92     
147     147                                              129   70   39  114                   44   44   42        99   25   25     
148     148                                               18  155  150   31                   95   95   93        28  139  139     
149     149                                              143   89  118   69                   74   74   72       128   39   39     
151     151                                               19   85   56  115                   12   12    9       142  119  119     
152     152                                              145   77  136  145                  126  126  124        53   73   73     
153     153                                               85  107  151   89                   38   38   36       152   65   65     
154     154                                              112  130    4   88                  143  143  141       116  106  106     
156     156                                               74    5   34   65                   92   92   90        30  140  140     
157     157                                               88   59   72  110                   15   15   12        45  150  150     
158     158                                              138   30   42    9                   53   53   51        68    9    9     
159     159                                               38   25   76  160                   19   19   16        96  138  138     

========================================================================================
ROW ORDER = rmd160_cubed_plus_7_mod_p  (linear_rank ascending)
========================================================================================
  n  h3p nRk   d l2d  Px  Py Pmy  -y  y2p  x3p  Y2f  X3f   C  a2p  h2p  a3p   r   s   z  Ry h160  pay  lex sPub  sVH sCHK   c4 dbit
-----------------------------------------------------------------------------------------------------------------------------------
 28    1  28  28  28  80   7  82  82   49   49    7   80  80  153   11   71  79  71  21  81    9    9    6   64  160   66   66   28
114    2 114                                                   57   95   78                   34   34   31        50   59   59     
 96    3  96                                                  126   23   45                   20   20   17       111   63   63     
 67    4  67  67  67  10  84   5   5   38   38   84   10  10   65  132   41  42  76   4  41   63   63   61   62   79   71   71   67
132    5 132                                                   83   83   51                  119  119  117        59    4    4     
140    6 140          15  88   1   1    8    8   88   15  15  111  133  103  80  21  88      160  160  158   26  118   72   72     
 94    7  94                                                  159  137   36                  113  113  111        52   97   97     
143    8 143                                                   39   92   49                   11   11    8         3   54   54     
 66    9  66  66  66  38  46  43  43   39   39   46   38  38   54  116   54  20  23  31  22   14   14   11   36   67  154  154   66
122   10 122                                                   63   14   47                  135  135  133        73  133  133     
144   11 144                                                  149   84   19                  142  142  140       104   80   80     
 39   12  39  39  39  19  19  70  70   32   32   19   19  19   75    5   20  46   3  26  53    4    4    1   63   13   58   58   39
 23   13  23  23  23  85  55  34  34    6    6   55   85  85   49   31   85   1  53  57  73  121  121  119   27  138  143  143   23
 53   14  53  53  53   7  37  52  52   29   29   37    7   7   99  106    7  45  62   6  14   23   23   20   23  109   76   76   53
 18   15  18  18  18   5  53  36  36   63   63   53    5   5   12   59  119   5  85  68  67   99   99   97    7   43  130  130   18
 55   16  55  55  55  55  10  79  79   25   25   10   55  55  147   93   52  74  26  33   2  127  127  125   74  137  107  107   55
117   17 117                                                  157   44  157                  115  115  113        29   96   96     
148   18 148                                                  155  150   31                   95   95   93        28  139  139     
151   19 151                                                   85   56  115                   12   12    9       142  119  119     
 92   20  92                                                   67   80  109                   54   54   52       117    2    2     
 90   21  90  74  74  40  60  29  29   81   81   60   40  40  118   25   59   2  80  67  39  120  120  118   37   20  132  132   90
102   22 102                                                   92   90   25                  152  152  150       115  123  123     
101   23 101                                                   27   67   93                   69   69   67        31   11   11     
 17   24  17  17  17  29  22  67  67   69   69   22   29  29  142   82  116  33  88  42   8  105  105  103   87   15  156  156   17
141   25 141                                                   18  126  104                   68   68   66        61   33   33     
 21   26  21  21  21  13  16  73  73   22   22   16   13  13  148   91  142  44  74  78   9   18   18   15    1  120   31   31   21
123   27 123                                                   69  129  131                   76   76   74        75  146  146     
 71   28  71                                                   94   97    6                  150  150  148        90  108  108     
111   29 111                                                   29   48  121                   39   39   37       147   93   93     
 34   30  34  34  34  26  71  18  18   23   23   71   26  26   84   38  141   8  24  23  25  148  148  146   16   25  155  155   34
 45   31  45  45  45  48  61  28  28   57   57   61   48  48  122  158    4  72  57  86  30  146  146  144    8  113  109  109   45
 27   32  27  27  27  14   3  86  86    4    4    3   14  14   51  107   10  68  48   8  70    5    5    2   47   47  122  122   27
 31   33  31  31  31  56  24  65  65   10   10   24   56  56   55  157  107  39  51  63  11  125  125  123   11   88   55   55   31
 72   34  72                                                   44  113  133                  109  109  107        34   15   15     
112   35 112                                                    8    1   96                   41   41   39       150  145  145     
 59   36  59  59  59  30   8  81  81   37   37    8   30  30   98   99   50  53  11  17  61  102  102  100   22   84   68   68   59
 81   37  81                                                   56  144   80                   28   28   25        39  129  129     
159   38 159                                                   25   76  160                   19   19   16        96  138  138     
160   39 160          79  68  21  21   78   78   68   79  79  156  122   34  40  30  62      138  138  136   46  101   56   56     
  3   40   3   3   3  41  40  49  49   73   73   40   41  41   17   68  149  31  18  74  33   50   50   48   57   98   42   42    3
127   41 127                                                   91   40  158                   97   97   95       143   20   20     
 80   42  80  72  72  53  36  53  53   15   15   36   53  53  117  119  140  51  28  25  23   61   61   59   50   74   70   70   80
 47   43  47  47  47  24  67  22  22   64   64   67   24  24  115   20  100  67  42  15  15  153  153  151   61   16  149  149   47
 97   44  97                                                  119  146   12                   45   45   43        44  151  151     
 74   45  74                                                   37  143  117                   93   93   91        83   95   95     
104   46 104                                                   32   71   37                   85   85   83       107   87   87     
 93   47  93                                                   19   28  151                   35   35   32        26  104  104     
 32   48  32  32  32   4  27  62  62   20   20   27    4   4    6   73  129  81  59  45  57   91   91   89   10   35   14   14   32
142   49 142                                                   93   18  118                   24   24   21       103  121  121     
116   50 116                                                  138   33   27                  137  137  135        81   61   61     
109   51 109                                                   90   57  135                  101  101   99       129  100  100     
155   52 155          42  86   3   3   88   88   86   42  42  108    8  112  84  16  47       60   60   58   48   62  135  135     
  2   53   2   2   2  86  21  68  68   82   82   21   86  86   23  152  132  37  64  59  80   73   73   71   81   46  112  112    2
 11   54  11  11  11  58  12  77  77   21   21   12   58  58  121  141   72   9  84  14  49  154  154  152   20  155   60   60   11
 87   55  87                                                   16   61   67                  158  158  156       106   32   32     
125   56 125  81  81  22  14  75  75   70   70   14   22  22  103    9   23  10  72  37  79  151  151  149   85   38   82   82  125
 26   57  26  26  26  37   6  83  83   47   47    6   37  37   42  104   87  23  49  75  82  110  110  108   88   49   41   41   26
 43   58  43  43  43  68  69  20  20   56   56   69   68  68   45   35   75  27  25   5  46  155  155  153   14   55  114  114   43
 75   59  75  71  71  49  57  32  32   54   54   57   49  49  136  160  156  13  47  85  35  108  108  106   80  157  110  110   75
 61   60  61  61  61  34  75  14  14   67   67   75   34  34   24  148   74  38  12  81  38   56   56   54   31   60   74   74   61
136   61 136                                                  124   43  150                    2    2  159        32  147  147     
 14   62  14  14  14  74  45  44  44   19   19   45   74  74   10  101   58  70  58  41  58   88   88   86   41   19   44   44   14
 56   63  56  56  56  28  80   9   9    5    5   80   28  28  139  102   56  41  68  38  29   36   36   33    4   27   62   62   56
 64   64  64  64  64   8  28  61  61   45   45   28    8   8  101  131   76  28  69  82  31   32   32   29    5    8   43   43   64
 24   65  24  24  24  47  76  13  13   48   48   76   47  47   97   54  127  52  20  36  72    3    3  160   83   51    1    1   24
 29   66  29  29  29  46  85   4   4   43   43   85   46  46   72  140  113  73  60  27  27   46   46   44   71  122  128  128   29
 98   67  98                                                  131   60   63                   75   75   73         9  141  141     
135   68 135          12  38  51  51   59   59   38   12  12   21   64   39  71  22  54       31   31   28   68   85   79   79     
119   69 119                                                   35  103   40                  100  100   98        95   90   90     
 42   70  42  42  42  81  13  76  76   18   18   13   81  81   71   52  144  82  27  34  71   83   83   81   86  119   16   16   42
 22   71  22  22  22  27  43  46  46   74   74   43   27  27   64   41   21   7  10  72  44   77   77   75   54   14  153  153   22
 10   72  10  10  10  69  77  12  12   27   27   77   69  69  114   89  153  56  41  24  51  124  124  122   45  135  111  111   10
 48   73  48  48  48  61  32  57  57   85   85   32   61  61    9   46   46  59  14  80  68   80   80   78   35    4  115  115   48
156   74 156                                                    5   34   65                   92   92   90        30  140  140     
 44   75  44  44  44  43  44  45  45   71   71   44   43  43   50   98   70  24  65  52  74   78   78   76   34  140   34   34   44
 15   76  15  15  15  88  70  19  19   65   65   70   88  88  134  121  123  61  83  28  16  159  159  157   75  100  101  101   15
134   77 134                                                  151  135    8                   10   10    7       141   21   21     
107   78 107                                                   66  155  120                   21   21   18       151   77   77     
 54   79  54  54  54  35   1  88  88    7    7    1   35  35  125  125    2  14  75  35   3  116  116  114   12  123   99   99   54
 77   80  77                                                    2  154  148                   67   67   65        24   37   37     
 49   81  49  49  49  39  65  24  24   17   17   65   39  39  127   24   77  49  61  10   5    6    6    3   38  108   13   13   49
  4   82   4   4   4  20  31  58  58   62   62   31   20  20   20   30   64  62  70  69  13   87   87   85   66   33   48   48    4
118   83 118                                                   88  134  155                  147  147  145        48  144  144     
 12   84  12  12  12  57  35  54  54   87   87   35   57  57   81  117   14  16  37  83  36   79   79   77   72  149   89   89   12
153   85 153                                                  107  151   89                   38   38   36       152   65   65     
 95   86  95  75  75  63  58  31  31   12   12   58   63  63   22  114  105  78  44  40  21   51   51   49   24   80   78   78   95
133   87 133                                                  152   62   30                    1    1   35       156    8    8     
157   88 157                                                   59   72  110                   15   15   12        45  150  150     
 91   89  91                                                    7   15   79                   89   89   87       126   52   52     
 30   90  30  30  30   6  63  26  26   42   42   63    6   6  110   58   66  66   2  32  50  123  123  121   18  105   10   10   30
 52   91  52  52  52  50  79  10  10   40   40   79   50  50  102   21   55  43  54  73   6   29   29   26   49   10  124  124   52
 73   92  73                                                   76  105   60                    8    8    5       114   17   17     
 36   93  36  36  36  73  41  48  48   53   53   41   73  73    1   78  136  26  87  84  64   64   64   62   43  154  152  152   36
 13   94  13  13  13  70  17  72  72   83   83   17   70  70  140   29   11  86  33  30  12  156  156  154   78   66   49   49   13
 19   95  19  19  19  54  25  64  64   68   68   25   54  54   78   96   81  17  55  79  32  140  140  138   15  131   84   84   19
150   96 150          11  87   2   2   16   16   87   11  11  135   69   68  87  32  66      131  131  129   60   58    7    7     
  5   97   5   5   5  23  18  71  71   51   51   18   23  23   15   51   98  47  35  20  28   84   84   82   79   78  120  120    5
 51   98  51  51  51  59  48  41  41   14   14   48   59  59  104  124   22  85  39  49  43  145  145  143   21    2   53   53   51
 85   99  85  73  73  18   9  80  80   26   26    9   18  18  128  145  124   4  81  29  62  117  117  115   28  124    5    5   85
 83  100  83                                                   60  111   32                   16   16   13        63   69   69     
 68  101  68  68  68  16  11  78  78   77   77   11   16  16  105  138   99  32  13  16   4  132  132  130    2   36   35   35   68
 89  102  89                                                   80  100  128                   48   48   46       139   67   67     
 25  103  25  25  25   1  64  25  25   61   61   64    1   1   53  109   44  12  78  56  40   22   22   19   13   54   83   83   25
129  104 129                                                  132  130   13                  107  107  105       134  105  105     
 46  105  46  46  46  87  59  30  30   34   34   59   87  87   86  128  146  64  79  43  17   90   90   88   39   71   88   88   46
 20  106  20  20  20  25  52  37  37   79   79   52   25  25   73   55   61  18  29  22  20  106  106  104   44  121   30   30   20
145  107 145          71  33  56  56   33   33   33   71  71  133   16  126  54   7   7       47   47   45   84  102   75   75     
106  108 106                                                    4  112   35                   42   42   40        94   19   19     
 82  109  82                                                   95   79   43                   13   13   10        12  131  131     
 50  110  50  50  50  83  83   6   6   52   52   83   83  83   82   75  147  25  43  13  75  130  130  128   55   82  102  102   50
124  111 124                                                   52   86   38                   66   66   64       127   24   24     
154  112 154                                                  130    4   88                  143  143  141       116  106  106     
 69  113  69  69  69  36  73  16  16   86   86   73   36  36   79  156   91   6   6  55  77   52   52   50   70  144  127  127   69
 37  114  37  37  37  52  34  55  55   84   84   34   52  52   34   19  106  63  36  39  48   17   17   14   69   86  126  126   37
 40  115  40  40  40  65  47  42  42    9    9   47   65  65   40  120   26  75  40  60   7   86   86   84   51  146  117  117   40
130  116 130  82  82  44  62  27  27   58   58   62   44  44   28  142   92  57  19  51  45   94   94   92   52   93   12   12  130
 79  117  79                                                  106   10  111                   55   55   53        57  136  136     
 99  118  99                                                   13    3  125                  111  111  109        17   26   26     
 16  119  16  16  16  64  49  40  40    1    1   49   64  64  145  123  143  60  52  48  63   62   62   60   77    6   27   27   16
 63  120  63  63  63  45  30  59  59   80   80   30   45  45  109   13   18  76   8  12  10  144  144  142   73   23   98   98   63
126  121 126                                                   43  149   84                   57   57   55        70   38   38     
 76  122  76                                                   48    6  152                   81   81   79        77  103  103     
139  123 139                                                   14  108   53                   96   96   94        72   40   40     
  7  124   7   7   7  62  66  23  23   76   76   66   62  62   62   74   28  69   9   9  52  134  134  132    9   89   50   50    7
  6  125   6   6   6  82  81   8   8   30   30   81   82  82    3   47  134  30   1  19  65  157  157  155   32  145   81   81    6
 57  126  57  57  57  67  42  47  47   44   44   42   67  67  100  127   83  83  63  44  56   25   25   22   17   41   18   18   57
146  127 146                                                  141   87   57                  128  128  126        18   92   92     
  1  128   1   1   1  51  26  63  63   24   24   26   51  51   31    2   94  11  82  76  54   65   65   63    3  132   51   51    1
147  129 147                                                   70   39  114                   44   44   42        99   25   25     
 86  130  86                                                   96    7  138                  112  112  110         7   29   29     
105  131 105  77  77  75   5  84  84   55   55    5   75  75   33   77   33  15  34  58  24   70   70   68    6   87   64   64  105
 58  132  58  58  58   9  29  60  60   41   41   29    9   9  120  110  130  21  31  77  42   82   82   80   76   11  118  118   58
 78  133  78                                                  113  139   82                   27   27   24       136  157  157     
 60  134  60  60  60  33  72  17  17   36   36   72   33  33  146   45    1  77  67  61   1  118  118  116   58   40  116  116   60
 62  135  62  62  62  17  23  66  66   50   50   23   17  17   68  115   90  48  73  71  78  136  136  134   56   21  159  159   62
 35  136  35  35  35  84  54  35  35   28   28   54   84  84   74   63   15  29  86  53  60  149  149  147   33  153  125  125   35
138  137 138                                                  158   66   73                   58   58   56        22   85   85     
158  138 158                                                   30   42    9                   53   53   51        68    9    9     
  8  139   8   8   8   2  74  15  15   11   11   74    2   2  112   50   24  36   4  64  26  129  129  127   29   69   57   57    8
121  140 121                                                  129   85   95                   98   98   96         1  142  142     
108  141 108                                                   36   65  159                  103  103  101       133    6    6     
120  142 120  80  80  77  15  74  74   66   66   15   77  77  160   12  102  58  15  46  34   37   37   34   59   64  160  160  120
149  143 149                                                   89  118   69                   74   74   72       128   39   39     
113  144 113                                                   41   26   42                  141  141  139        37  134  134     
152  145 152                                                   77  136  145                  126  126  124        53   73   73     
128  146 128                                                   87  153   97                  133  133  131       112   22   22     
 65  147  65  65  65  21  82   7   7   13   13   82   21  21  137   49    3  35  46  18  66   43   43   41   40  159  158  158   65
 41  148  41  41  41  72  56  33  33   75   75   56   72  72   38   36  139  50  77  70  37  122  122  120   67  148  113  113   41
137  149 137                                                  143   37   62                   26   26   23       130   23   23     
115  150 115  79  79  32  39  50  50   46   46   39   32  32   26   17  154  55   5   1  47  139  139  137   25   91   94   94  115
 84  151  84                                                   47   27   16                   71   71   69       125  148  148     
100  152 100  76  76  78  50  39  39   35   35   50   78  78   61   81  137  34  56  11  76  114  114  112   30   97   47   47  100
 33  153  33  33  33  66   4  85  85    2    2    4   66  66  150   88  122  65  17  65  19   40   40   38   42  110   28   28   33
 38  154  38  38  38  76  20  69  69   60   60   20   76  76  154   53  101  88  66  50  55  104  104  102   53   56  137  137   38
 70  155  70  70  70  60  78  11  11   31   31   78   60  60  116   94  108  22  45  87  59   49   49   47   82   76   45   45   70
  9  156   9   9   9  31  51  38  38    3    3   51   31  31   46   32   17   3  50   3  18   72   72   70   65   42   91   91    9
110  157 110  78  78   3   2  87  87   72   72    2    3   3   58  159   48  19  38   2  69    7    7    4   19   92   46   46  110
131  158 131                                                   11   22   86                   33   33   30         5   36   36     
 88  159  88                                                  144   70    5                   30   30   27        65    3    3     
103  160 103                                                  123  147   29                   59   59   57       158   86   86     

========================================================================================
ROW ORDER = address_payload_sq_mod_p  (linear_rank ascending)
========================================================================================
  n  a2p nRk   d l2d  Px  Py Pmy  -y  y2p  x3p  Y2f  X3f   C  h3p  h2p  a3p   r   s   z  Ry h160  pay  lex sPub  sVH sCHK   c4 dbit
-----------------------------------------------------------------------------------------------------------------------------------
 36    1  36  36  36  73  41  48  48   53   53   41   73  73   93   78  136  26  87  84  64   64   64   62   43  154  152  152   36
 77    2  77                                                   80  154  148                   67   67   65        24   37   37     
  6    3   6   6   6  82  81   8   8   30   30   81   82  82  125   47  134  30   1  19  65  157  157  155   32  145   81   81    6
106    4 106                                                  108  112   35                   42   42   40        94   19   19     
156    5 156                                                   74   34   65                   92   92   90        30  140  140     
 32    6  32  32  32   4  27  62  62   20   20   27    4   4   48   73  129  81  59  45  57   91   91   89   10   35   14   14   32
 91    7  91                                                   89   15   79                   89   89   87       126   52   52     
112    8 112                                                   35    1   96                   41   41   39       150  145  145     
 48    9  48  48  48  61  32  57  57   85   85   32   61  61   73   46   46  59  14  80  68   80   80   78   35    4  115  115   48
 14   10  14  14  14  74  45  44  44   19   19   45   74  74   62  101   58  70  58  41  58   88   88   86   41   19   44   44   14
131   11 131                                                  158   22   86                   33   33   30         5   36   36     
 18   12  18  18  18   5  53  36  36   63   63   53    5   5   15   59  119   5  85  68  67   99   99   97    7   43  130  130   18
 99   13  99                                                  118    3  125                  111  111  109        17   26   26     
139   14 139                                                  123  108   53                   96   96   94        72   40   40     
  5   15   5   5   5  23  18  71  71   51   51   18   23  23   97   51   98  47  35  20  28   84   84   82   79   78  120  120    5
 87   16  87                                                   55   61   67                  158  158  156       106   32   32     
  3   17   3   3   3  41  40  49  49   73   73   40   41  41   40   68  149  31  18  74  33   50   50   48   57   98   42   42    3
141   18 141                                                   25  126  104                   68   68   66        61   33   33     
 93   19  93                                                   47   28  151                   35   35   32        26  104  104     
  4   20   4   4   4  20  31  58  58   62   62   31   20  20   82   30   64  62  70  69  13   87   87   85   66   33   48   48    4
135   21 135          12  38  51  51   59   59   38   12  12   68   64   39  71  22  54       31   31   28   68   85   79   79     
 95   22  95  75  75  63  58  31  31   12   12   58   63  63   86  114  105  78  44  40  21   51   51   49   24   80   78   78   95
  2   23   2   2   2  86  21  68  68   82   82   21   86  86   53  152  132  37  64  59  80   73   73   71   81   46  112  112    2
 61   24  61  61  61  34  75  14  14   67   67   75   34  34   60  148   74  38  12  81  38   56   56   54   31   60   74   74   61
159   25 159                                                   38   76  160                   19   19   16        96  138  138     
115   26 115  79  79  32  39  50  50   46   46   39   32  32  150   17  154  55   5   1  47  139  139  137   25   91   94   94  115
101   27 101                                                   23   67   93                   69   69   67        31   11   11     
130   28 130  82  82  44  62  27  27   58   58   62   44  44  116  142   92  57  19  51  45   94   94   92   52   93   12   12  130
111   29 111                                                   29   48  121                   39   39   37       147   93   93     
158   30 158                                                  138   42    9                   53   53   51        68    9    9     
  1   31   1   1   1  51  26  63  63   24   24   26   51  51  128    2   94  11  82  76  54   65   65   63    3  132   51   51    1
104   32 104                                                   46   71   37                   85   85   83       107   87   87     
105   33 105  77  77  75   5  84  84   55   55    5   75  75  131   77   33  15  34  58  24   70   70   68    6   87   64   64  105
 37   34  37  37  37  52  34  55  55   84   84   34   52  52  114   19  106  63  36  39  48   17   17   14   69   86  126  126   37
119   35 119                                                   69  103   40                  100  100   98        95   90   90     
108   36 108                                                  141   65  159                  103  103  101       133    6    6     
 74   37  74                                                   45  143  117                   93   93   91        83   95   95     
 41   38  41  41  41  72  56  33  33   75   75   56   72  72  148   36  139  50  77  70  37  122  122  120   67  148  113  113   41
143   39 143                                                    8   92   49                   11   11    8         3   54   54     
 40   40  40  40  40  65  47  42  42    9    9   47   65  65  115  120   26  75  40  60   7   86   86   84   51  146  117  117   40
113   41 113                                                  144   26   42                  141  141  139        37  134  134     
 26   42  26  26  26  37   6  83  83   47   47    6   37  37   57  104   87  23  49  75  82  110  110  108   88   49   41   41   26
126   43 126                                                  121  149   84                   57   57   55        70   38   38     
 72   44  72                                                   34  113  133                  109  109  107        34   15   15     
 43   45  43  43  43  68  69  20  20   56   56   69   68  68   58   35   75  27  25   5  46  155  155  153   14   55  114  114   43
  9   46   9   9   9  31  51  38  38    3    3   51   31  31  156   32   17   3  50   3  18   72   72   70   65   42   91   91    9
 84   47  84                                                  151   27   16                   71   71   69       125  148  148     
 76   48  76                                                  122    6  152                   81   81   79        77  103  103     
 23   49  23  23  23  85  55  34  34    6    6   55   85  85   13   31   85   1  53  57  73  121  121  119   27  138  143  143   23
 44   50  44  44  44  43  44  45  45   71   71   44   43  43   75   98   70  24  65  52  74   78   78   76   34  140   34   34   44
 27   51  27  27  27  14   3  86  86    4    4    3   14  14   32  107   10  68  48   8  70    5    5    2   47   47  122  122   27
124   52 124                                                  111   86   38                   66   66   64       127   24   24     
 25   53  25  25  25   1  64  25  25   61   61   64    1   1  103  109   44  12  78  56  40   22   22   19   13   54   83   83   25
 66   54  66  66  66  38  46  43  43   39   39   46   38  38    9  116   54  20  23  31  22   14   14   11   36   67  154  154   66
 31   55  31  31  31  56  24  65  65   10   10   24   56  56   33  157  107  39  51  63  11  125  125  123   11   88   55   55   31
 81   56  81                                                   37  144   80                   28   28   25        39  129  129     
114   57 114                                                    2   95   78                   34   34   31        50   59   59     
110   58 110  78  78   3   2  87  87   72   72    2    3   3  157  159   48  19  38   2  69    7    7    4   19   92   46   46  110
157   59 157                                                   88   72  110                   15   15   12        45  150  150     
 83   60  83                                                  100  111   32                   16   16   13        63   69   69     
100   61 100  76  76  78  50  39  39   35   35   50   78  78  152   81  137  34  56  11  76  114  114  112   30   97   47   47  100
  7   62   7   7   7  62  66  23  23   76   76   66   62  62  124   74   28  69   9   9  52  134  134  132    9   89   50   50    7
122   63 122                                                   10   14   47                  135  135  133        73  133  133     
 22   64  22  22  22  27  43  46  46   74   74   43   27  27   71   41   21   7  10  72  44   77   77   75   54   14  153  153   22
 67   65  67  67  67  10  84   5   5   38   38   84   10  10    4  132   41  42  76   4  41   63   63   61   62   79   71   71   67
107   66 107                                                   78  155  120                   21   21   18       151   77   77     
 92   67  92                                                   20   80  109                   54   54   52       117    2    2     
 62   68  62  62  62  17  23  66  66   50   50   23   17  17  135  115   90  48  73  71  78  136  136  134   56   21  159  159   62
123   69 123                                                   27  129  131                   76   76   74        75  146  146     
147   70 147                                                  129   39  114                   44   44   42        99   25   25     
 42   71  42  42  42  81  13  76  76   18   18   13   81  81   70   52  144  82  27  34  71   83   83   81   86  119   16   16   42
 29   72  29  29  29  46  85   4   4   43   43   85   46  46   66  140  113  73  60  27  27   46   46   44   71  122  128  128   29
 20   73  20  20  20  25  52  37  37   79   79   52   25  25  106   55   61  18  29  22  20  106  106  104   44  121   30   30   20
 35   74  35  35  35  84  54  35  35   28   28   54   84  84  136   63   15  29  86  53  60  149  149  147   33  153  125  125   35
 39   75  39  39  39  19  19  70  70   32   32   19   19  19   12    5   20  46   3  26  53    4    4    1   63   13   58   58   39
 73   76  73                                                   92  105   60                    8    8    5       114   17   17     
152   77 152                                                  145  136  145                  126  126  124        53   73   73     
 19   78  19  19  19  54  25  64  64   68   68   25   54  54   95   96   81  17  55  79  32  140  140  138   15  131   84   84   19
 69   79  69  69  69  36  73  16  16   86   86   73   36  36  113  156   91   6   6  55  77   52   52   50   70  144  127  127   69
 89   80  89                                                  102  100  128                   48   48   46       139   67   67     
 12   81  12  12  12  57  35  54  54   87   87   35   57  57   84  117   14  16  37  83  36   79   79   77   72  149   89   89   12
 50   82  50  50  50  83  83   6   6   52   52   83   83  83  110   75  147  25  43  13  75  130  130  128   55   82  102  102   50
132   83 132                                                    5   83   51                  119  119  117        59    4    4     
 34   84  34  34  34  26  71  18  18   23   23   71   26  26   30   38  141   8  24  23  25  148  148  146   16   25  155  155   34
151   85 151                                                   19   56  115                   12   12    9       142  119  119     
 46   86  46  46  46  87  59  30  30   34   34   59   87  87  105  128  146  64  79  43  17   90   90   88   39   71   88   88   46
128   87 128                                                  146  153   97                  133  133  131       112   22   22     
118   88 118                                                   83  134  155                  147  147  145        48  144  144     
149   89 149                                                  143  118   69                   74   74   72       128   39   39     
109   90 109                                                   51   57  135                  101  101   99       129  100  100     
127   91 127                                                   41   40  158                   97   97   95       143   20   20     
102   92 102                                                   22   90   25                  152  152  150       115  123  123     
142   93 142                                                   49   18  118                   24   24   21       103  121  121     
 71   94  71                                                   28   97    6                  150  150  148        90  108  108     
 82   95  82                                                  109   79   43                   13   13   10        12  131  131     
 86   96  86                                                  130    7  138                  112  112  110         7   29   29     
 24   97  24  24  24  47  76  13  13   48   48   76   47  47   65   54  127  52  20  36  72    3    3  160   83   51    1    1   24
 59   98  59  59  59  30   8  81  81   37   37    8   30  30   36   99   50  53  11  17  61  102  102  100   22   84   68   68   59
 53   99  53  53  53   7  37  52  52   29   29   37    7   7   14  106    7  45  62   6  14   23   23   20   23  109   76   76   53
 57  100  57  57  57  67  42  47  47   44   44   42   67  67  126  127   83  83  63  44  56   25   25   22   17   41   18   18   57
 64  101  64  64  64   8  28  61  61   45   45   28    8   8   64  131   76  28  69  82  31   32   32   29    5    8   43   43   64
 52  102  52  52  52  50  79  10  10   40   40   79   50  50   91   21   55  43  54  73   6   29   29   26   49   10  124  124   52
125  103 125  81  81  22  14  75  75   70   70   14   22  22   56    9   23  10  72  37  79  151  151  149   85   38   82   82  125
 51  104  51  51  51  59  48  41  41   14   14   48   59  59   98  124   22  85  39  49  43  145  145  143   21    2   53   53   51
 68  105  68  68  68  16  11  78  78   77   77   11   16  16  101  138   99  32  13  16   4  132  132  130    2   36   35   35   68
 79  106  79                                                  117   10  111                   55   55   53        57  136  136     
153  107 153                                                   85  151   89                   38   38   36       152   65   65     
155  108 155          42  86   3   3   88   88   86   42  42   52    8  112  84  16  47       60   60   58   48   62  135  135     
 63  109  63  63  63  45  30  59  59   80   80   30   45  45  120   13   18  76   8  12  10  144  144  142   73   23   98   98   63
 30  110  30  30  30   6  63  26  26   42   42   63    6   6   90   58   66  66   2  32  50  123  123  121   18  105   10   10   30
140  111 140          15  88   1   1    8    8   88   15  15    6  133  103  80  21  88      160  160  158   26  118   72   72     
  8  112   8   8   8   2  74  15  15   11   11   74    2   2  139   50   24  36   4  64  26  129  129  127   29   69   57   57    8
 78  113  78                                                  133  139   82                   27   27   24       136  157  157     
 10  114  10  10  10  69  77  12  12   27   27   77   69  69   72   89  153  56  41  24  51  124  124  122   45  135  111  111   10
 47  115  47  47  47  24  67  22  22   64   64   67   24  24   43   20  100  67  42  15  15  153  153  151   61   16  149  149   47
 70  116  70  70  70  60  78  11  11   31   31   78   60  60  155   94  108  22  45  87  59   49   49   47   82   76   45   45   70
 80  117  80  72  72  53  36  53  53   15   15   36   53  53   42  119  140  51  28  25  23   61   61   59   50   74   70   70   80
 90  118  90  74  74  40  60  29  29   81   81   60   40  40   21   25   59   2  80  67  39  120  120  118   37   20  132  132   90
 97  119  97                                                   44  146   12                   45   45   43        44  151  151     
 58  120  58  58  58   9  29  60  60   41   41   29    9   9  132  110  130  21  31  77  42   82   82   80   76   11  118  118   58
 11  121  11  11  11  58  12  77  77   21   21   12   58  58   54  141   72   9  84  14  49  154  154  152   20  155   60   60   11
 45  122  45  45  45  48  61  28  28   57   57   61   48  48   31  158    4  72  57  86  30  146  146  144    8  113  109  109   45
103  123 103                                                  160  147   29                   59   59   57       158   86   86     
136  124 136                                                   61   43  150                    2    2  159        32  147  147     
 54  125  54  54  54  35   1  88  88    7    7    1   35  35   79  125    2  14  75  35   3  116  116  114   12  123   99   99   54
 96  126  96                                                    3   23   45                   20   20   17       111   63   63     
 49  127  49  49  49  39  65  24  24   17   17   65   39  39   81   24   77  49  61  10   5    6    6    3   38  108   13   13   49
 85  128  85  73  73  18   9  80  80   26   26    9   18  18   99  145  124   4  81  29  62  117  117  115   28  124    5    5   85
121  129 121                                                  140   85   95                   98   98   96         1  142  142     
154  130 154                                                  112    4   88                  143  143  141       116  106  106     
 98  131  98                                                   67   60   63                   75   75   73         9  141  141     
129  132 129                                                  104  130   13                  107  107  105       134  105  105     
145  133 145          71  33  56  56   33   33   33   71  71  107   16  126  54   7   7       47   47   45   84  102   75   75     
 15  134  15  15  15  88  70  19  19   65   65   70   88  88   76  121  123  61  83  28  16  159  159  157   75  100  101  101   15
150  135 150          11  87   2   2   16   16   87   11  11   96   69   68  87  32  66      131  131  129   60   58    7    7     
 75  136  75  71  71  49  57  32  32   54   54   57   49  49   59  160  156  13  47  85  35  108  108  106   80  157  110  110   75
 65  137  65  65  65  21  82   7   7   13   13   82   21  21  147   49    3  35  46  18  66   43   43   41   40  159  158  158   65
116  138 116                                                   50   33   27                  137  137  135        81   61   61     
 56  139  56  56  56  28  80   9   9    5    5   80   28  28   63  102   56  41  68  38  29   36   36   33    4   27   62   62   56
 13  140  13  13  13  70  17  72  72   83   83   17   70  70   94   29   11  86  33  30  12  156  156  154   78   66   49   49   13
146  141 146                                                  127   87   57                  128  128  126        18   92   92     
 17  142  17  17  17  29  22  67  67   69   69   22   29  29   24   82  116  33  88  42   8  105  105  103   87   15  156  156   17
137  143 137                                                  149   37   62                   26   26   23       130   23   23     
 88  144  88                                                  159   70    5                   30   30   27        65    3    3     
 16  145  16  16  16  64  49  40  40    1    1   49   64  64  119  123  143  60  52  48  63   62   62   60   77    6   27   27   16
 60  146  60  60  60  33  72  17  17   36   36   72   33  33  134   45    1  77  67  61   1  118  118  116   58   40  116  116   60
 55  147  55  55  55  55  10  79  79   25   25   10   55  55   16   93   52  74  26  33   2  127  127  125   74  137  107  107   55
 21  148  21  21  21  13  16  73  73   22   22   16   13  13   26   91  142  44  74  78   9   18   18   15    1  120   31   31   21
144  149 144                                                   11   84   19                  142  142  140       104   80   80     
 33  150  33  33  33  66   4  85  85    2    2    4   66  66  153   88  122  65  17  65  19   40   40   38   42  110   28   28   33
134  151 134                                                   77  135    8                   10   10    7       141   21   21     
133  152 133                                                   87   62   30                    1    1   35       156    8    8     
 28  153  28  28  28  80   7  82  82   49   49    7   80  80    1   11   71  79  71  21  81    9    9    6   64  160   66   66   28
 38  154  38  38  38  76  20  69  69   60   60   20   76  76  154   53  101  88  66  50  55  104  104  102   53   56  137  137   38
148  155 148                                                   18  150   31                   95   95   93        28  139  139     
160  156 160          79  68  21  21   78   78   68   79  79   39  122   34  40  30  62      138  138  136   46  101   56   56     
117  157 117                                                   17   44  157                  115  115  113        29   96   96     
138  158 138                                                  137   66   73                   58   58   56        22   85   85     
 94  159  94                                                    7  137   36                  113  113  111        52   97   97     
120  160 120  80  80  77  15  74  74   66   66   15   77  77  142   12  102  58  15  46  34   37   37   34   59   64  160  160  120

========================================================================================
ROW ORDER = rmd160_sq_mod_p  (linear_rank ascending)
========================================================================================
  n  h2p nRk   d l2d  Px  Py Pmy  -y  y2p  x3p  Y2f  X3f   C  h3p  a2p  a3p   r   s   z  Ry h160  pay  lex sPub  sVH sCHK   c4 dbit
-----------------------------------------------------------------------------------------------------------------------------------
112    1 112                                                   35    8   96                   41   41   39       150  145  145     
  1    2   1   1   1  51  26  63  63   24   24   26   51  51  128   31   94  11  82  76  54   65   65   63    3  132   51   51    1
 99    3  99                                                  118   13  125                  111  111  109        17   26   26     
154    4 154                                                  112  130   88                  143  143  141       116  106  106     
 39    5  39  39  39  19  19  70  70   32   32   19   19  19   12   75   20  46   3  26  53    4    4    1   63   13   58   58   39
 76    6  76                                                  122   48  152                   81   81   79        77  103  103     
 86    7  86                                                  130   96  138                  112  112  110         7   29   29     
155    8 155          42  86   3   3   88   88   86   42  42   52  108  112  84  16  47       60   60   58   48   62  135  135     
125    9 125  81  81  22  14  75  75   70   70   14   22  22   56  103   23  10  72  37  79  151  151  149   85   38   82   82  125
 79   10  79                                                  117  106  111                   55   55   53        57  136  136     
 28   11  28  28  28  80   7  82  82   49   49    7   80  80    1  153   71  79  71  21  81    9    9    6   64  160   66   66   28
120   12 120  80  80  77  15  74  74   66   66   15   77  77  142  160  102  58  15  46  34   37   37   34   59   64  160  160  120
 63   13  63  63  63  45  30  59  59   80   80   30   45  45  120  109   18  76   8  12  10  144  144  142   73   23   98   98   63
122   14 122                                                   10   63   47                  135  135  133        73  133  133     
 91   15  91                                                   89    7   79                   89   89   87       126   52   52     
145   16 145          71  33  56  56   33   33   33   71  71  107  133  126  54   7   7       47   47   45   84  102   75   75     
115   17 115  79  79  32  39  50  50   46   46   39   32  32  150   26  154  55   5   1  47  139  139  137   25   91   94   94  115
142   18 142                                                   49   93  118                   24   24   21       103  121  121     
 37   19  37  37  37  52  34  55  55   84   84   34   52  52  114   34  106  63  36  39  48   17   17   14   69   86  126  126   37
 47   20  47  47  47  24  67  22  22   64   64   67   24  24   43  115  100  67  42  15  15  153  153  151   61   16  149  149   47
 52   21  52  52  52  50  79  10  10   40   40   79   50  50   91  102   55  43  54  73   6   29   29   26   49   10  124  124   52
131   22 131                                                  158   11   86                   33   33   30         5   36   36     
 96   23  96                                                    3  126   45                   20   20   17       111   63   63     
 49   24  49  49  49  39  65  24  24   17   17   65   39  39   81  127   77  49  61  10   5    6    6    3   38  108   13   13   49
 90   25  90  74  74  40  60  29  29   81   81   60   40  40   21  118   59   2  80  67  39  120  120  118   37   20  132  132   90
113   26 113                                                  144   41   42                  141  141  139        37  134  134     
 84   27  84                                                  151   47   16                   71   71   69       125  148  148     
 93   28  93                                                   47   19  151                   35   35   32        26  104  104     
 13   29  13  13  13  70  17  72  72   83   83   17   70  70   94  140   11  86  33  30  12  156  156  154   78   66   49   49   13
  4   30   4   4   4  20  31  58  58   62   62   31   20  20   82   20   64  62  70  69  13   87   87   85   66   33   48   48    4
 23   31  23  23  23  85  55  34  34    6    6   55   85  85   13   49   85   1  53  57  73  121  121  119   27  138  143  143   23
  9   32   9   9   9  31  51  38  38    3    3   51   31  31  156   46   17   3  50   3  18   72   72   70   65   42   91   91    9
116   33 116                                                   50  138   27                  137  137  135        81   61   61     
156   34 156                                                   74    5   65                   92   92   90        30  140  140     
 43   35  43  43  43  68  69  20  20   56   56   69   68  68   58   45   75  27  25   5  46  155  155  153   14   55  114  114   43
 41   36  41  41  41  72  56  33  33   75   75   56   72  72  148   38  139  50  77  70  37  122  122  120   67  148  113  113   41
137   37 137                                                  149  143   62                   26   26   23       130   23   23     
 34   38  34  34  34  26  71  18  18   23   23   71   26  26   30   84  141   8  24  23  25  148  148  146   16   25  155  155   34
147   39 147                                                  129   70  114                   44   44   42        99   25   25     
127   40 127                                                   41   91  158                   97   97   95       143   20   20     
 22   41  22  22  22  27  43  46  46   74   74   43   27  27   71   64   21   7  10  72  44   77   77   75   54   14  153  153   22
158   42 158                                                  138   30    9                   53   53   51        68    9    9     
136   43 136                                                   61  124  150                    2    2  159        32  147  147     
117   44 117                                                   17  157  157                  115  115  113        29   96   96     
 60   45  60  60  60  33  72  17  17   36   36   72   33  33  134  146    1  77  67  61   1  118  118  116   58   40  116  116   60
 48   46  48  48  48  61  32  57  57   85   85   32   61  61   73    9   46  59  14  80  68   80   80   78   35    4  115  115   48
  6   47   6   6   6  82  81   8   8   30   30   81   82  82  125    3  134  30   1  19  65  157  157  155   32  145   81   81    6
111   48 111                                                   29   29  121                   39   39   37       147   93   93     
 65   49  65  65  65  21  82   7   7   13   13   82   21  21  147  137    3  35  46  18  66   43   43   41   40  159  158  158   65
  8   50   8   8   8   2  74  15  15   11   11   74    2   2  139  112   24  36   4  64  26  129  129  127   29   69   57   57    8
  5   51   5   5   5  23  18  71  71   51   51   18   23  23   97   15   98  47  35  20  28   84   84   82   79   78  120  120    5
 42   52  42  42  42  81  13  76  76   18   18   13   81  81   70   71  144  82  27  34  71   83   83   81   86  119   16   16   42
 38   53  38  38  38  76  20  69  69   60   60   20   76  76  154  154  101  88  66  50  55  104  104  102   53   56  137  137   38
 24   54  24  24  24  47  76  13  13   48   48   76   47  47   65   97  127  52  20  36  72    3    3  160   83   51    1    1   24
 20   55  20  20  20  25  52  37  37   79   79   52   25  25  106   73   61  18  29  22  20  106  106  104   44  121   30   30   20
151   56 151                                                   19   85  115                   12   12    9       142  119  119     
109   57 109                                                   51   90  135                  101  101   99       129  100  100     
 30   58  30  30  30   6  63  26  26   42   42   63    6   6   90  110   66  66   2  32  50  123  123  121   18  105   10   10   30
 18   59  18  18  18   5  53  36  36   63   63   53    5   5   15   12  119   5  85  68  67   99   99   97    7   43  130  130   18
 98   60  98                                                   67  131   63                   75   75   73         9  141  141     
 87   61  87                                                   55   16   67                  158  158  156       106   32   32     
133   62 133                                                   87  152   30                    1    1   35       156    8    8     
 35   63  35  35  35  84  54  35  35   28   28   54   84  84  136   74   15  29  86  53  60  149  149  147   33  153  125  125   35
135   64 135          12  38  51  51   59   59   38   12  12   68   21   39  71  22  54       31   31   28   68   85   79   79     
108   65 108                                                  141   36  159                  103  103  101       133    6    6     
138   66 138                                                  137  158   73                   58   58   56        22   85   85     
101   67 101                                                   23   27   93                   69   69   67        31   11   11     
  3   68   3   3   3  41  40  49  49   73   73   40   41  41   40   17  149  31  18  74  33   50   50   48   57   98   42   42    3
150   69 150          11  87   2   2   16   16   87   11  11   96  135   68  87  32  66      131  131  129   60   58    7    7     
 88   70  88                                                  159  144    5                   30   30   27        65    3    3     
104   71 104                                                   46   32   37                   85   85   83       107   87   87     
157   72 157                                                   88   59  110                   15   15   12        45  150  150     
 32   73  32  32  32   4  27  62  62   20   20   27    4   4   48    6  129  81  59  45  57   91   91   89   10   35   14   14   32
  7   74   7   7   7  62  66  23  23   76   76   66   62  62  124   62   28  69   9   9  52  134  134  132    9   89   50   50    7
 50   75  50  50  50  83  83   6   6   52   52   83   83  83  110   82  147  25  43  13  75  130  130  128   55   82  102  102   50
159   76 159                                                   38   25  160                   19   19   16        96  138  138     
105   77 105  77  77  75   5  84  84   55   55    5   75  75  131   33   33  15  34  58  24   70   70   68    6   87   64   64  105
 36   78  36  36  36  73  41  48  48   53   53   41   73  73   93    1  136  26  87  84  64   64   64   62   43  154  152  152   36
 82   79  82                                                  109   95   43                   13   13   10        12  131  131     
 92   80  92                                                   20   67  109                   54   54   52       117    2    2     
100   81 100  76  76  78  50  39  39   35   35   50   78  78  152   61  137  34  56  11  76  114  114  112   30   97   47   47  100
 17   82  17  17  17  29  22  67  67   69   69   22   29  29   24  142  116  33  88  42   8  105  105  103   87   15  156  156   17
132   83 132                                                    5   83   51                  119  119  117        59    4    4     
144   84 144                                                   11  149   19                  142  142  140       104   80   80     
121   85 121                                                  140  129   95                   98   98   96         1  142  142     
124   86 124                                                  111   52   38                   66   66   64       127   24   24     
146   87 146                                                  127  141   57                  128  128  126        18   92   92     
 33   88  33  33  33  66   4  85  85    2    2    4   66  66  153  150  122  65  17  65  19   40   40   38   42  110   28   28   33
 10   89  10  10  10  69  77  12  12   27   27   77   69  69   72  114  153  56  41  24  51  124  124  122   45  135  111  111   10
102   90 102                                                   22   92   25                  152  152  150       115  123  123     
 21   91  21  21  21  13  16  73  73   22   22   16   13  13   26  148  142  44  74  78   9   18   18   15    1  120   31   31   21
143   92 143                                                    8   39   49                   11   11    8         3   54   54     
 55   93  55  55  55  55  10  79  79   25   25   10   55  55   16  147   52  74  26  33   2  127  127  125   74  137  107  107   55
 70   94  70  70  70  60  78  11  11   31   31   78   60  60  155  116  108  22  45  87  59   49   49   47   82   76   45   45   70
114   95 114                                                    2   57   78                   34   34   31        50   59   59     
 19   96  19  19  19  54  25  64  64   68   68   25   54  54   95   78   81  17  55  79  32  140  140  138   15  131   84   84   19
 71   97  71                                                   28   94    6                  150  150  148        90  108  108     
 44   98  44  44  44  43  44  45  45   71   71   44   43  43   75   50   70  24  65  52  74   78   78   76   34  140   34   34   44
 59   99  59  59  59  30   8  81  81   37   37    8   30  30   36   98   50  53  11  17  61  102  102  100   22   84   68   68   59
 89  100  89                                                  102   80  128                   48   48   46       139   67   67     
 14  101  14  14  14  74  45  44  44   19   19   45   74  74   62   10   58  70  58  41  58   88   88   86   41   19   44   44   14
 56  102  56  56  56  28  80   9   9    5    5   80   28  28   63  139   56  41  68  38  29   36   36   33    4   27   62   62   56
119  103 119                                                   69   35   40                  100  100   98        95   90   90     
 26  104  26  26  26  37   6  83  83   47   47    6   37  37   57   42   87  23  49  75  82  110  110  108   88   49   41   41   26
 73  105  73                                                   92   76   60                    8    8    5       114   17   17     
 53  106  53  53  53   7  37  52  52   29   29   37    7   7   14   99    7  45  62   6  14   23   23   20   23  109   76   76   53
 27  107  27  27  27  14   3  86  86    4    4    3   14  14   32   51   10  68  48   8  70    5    5    2   47   47  122  122   27
139  108 139                                                  123   14   53                   96   96   94        72   40   40     
 25  109  25  25  25   1  64  25  25   61   61   64    1   1  103   53   44  12  78  56  40   22   22   19   13   54   83   83   25
 58  110  58  58  58   9  29  60  60   41   41   29    9   9  132  120  130  21  31  77  42   82   82   80   76   11  118  118   58
 83  111  83                                                  100   60   32                   16   16   13        63   69   69     
106  112 106                                                  108    4   35                   42   42   40        94   19   19     
 72  113  72                                                   34   44  133                  109  109  107        34   15   15     
 95  114  95  75  75  63  58  31  31   12   12   58   63  63   86   22  105  78  44  40  21   51   51   49   24   80   78   78   95
 62  115  62  62  62  17  23  66  66   50   50   23   17  17  135   68   90  48  73  71  78  136  136  134   56   21  159  159   62
 66  116  66  66  66  38  46  43  43   39   39   46   38  38    9   54   54  20  23  31  22   14   14   11   36   67  154  154   66
 12  117  12  12  12  57  35  54  54   87   87   35   57  57   84   81   14  16  37  83  36   79   79   77   72  149   89   89   12
149  118 149                                                  143   89   69                   74   74   72       128   39   39     
 80  119  80  72  72  53  36  53  53   15   15   36   53  53   42  117  140  51  28  25  23   61   61   59   50   74   70   70   80
 40  120  40  40  40  65  47  42  42    9    9   47   65  65  115   40   26  75  40  60   7   86   86   84   51  146  117  117   40
 15  121  15  15  15  88  70  19  19   65   65   70   88  88   76  134  123  61  83  28  16  159  159  157   75  100  101  101   15
160  122 160          79  68  21  21   78   78   68   79  79   39  156   34  40  30  62      138  138  136   46  101   56   56     
 16  123  16  16  16  64  49  40  40    1    1   49   64  64  119  145  143  60  52  48  63   62   62   60   77    6   27   27   16
 51  124  51  51  51  59  48  41  41   14   14   48   59  59   98  104   22  85  39  49  43  145  145  143   21    2   53   53   51
 54  125  54  54  54  35   1  88  88    7    7    1   35  35   79  125    2  14  75  35   3  116  116  114   12  123   99   99   54
141  126 141                                                   25   18  104                   68   68   66        61   33   33     
 57  127  57  57  57  67  42  47  47   44   44   42   67  67  126  100   83  83  63  44  56   25   25   22   17   41   18   18   57
 46  128  46  46  46  87  59  30  30   34   34   59   87  87  105   86  146  64  79  43  17   90   90   88   39   71   88   88   46
123  129 123                                                   27   69  131                   76   76   74        75  146  146     
129  130 129                                                  104  132   13                  107  107  105       134  105  105     
 64  131  64  64  64   8  28  61  61   45   45   28    8   8   64  101   76  28  69  82  31   32   32   29    5    8   43   43   64
 67  132  67  67  67  10  84   5   5   38   38   84   10  10    4   65   41  42  76   4  41   63   63   61   62   79   71   71   67
140  133 140          15  88   1   1    8    8   88   15  15    6  111  103  80  21  88      160  160  158   26  118   72   72     
118  134 118                                                   83   88  155                  147  147  145        48  144  144     
134  135 134                                                   77  151    8                   10   10    7       141   21   21     
152  136 152                                                  145   77  145                  126  126  124        53   73   73     
 94  137  94                                                    7  159   36                  113  113  111        52   97   97     
 68  138  68  68  68  16  11  78  78   77   77   11   16  16  101  105   99  32  13  16   4  132  132  130    2   36   35   35   68
 78  139  78                                                  133  113   82                   27   27   24       136  157  157     
 29  140  29  29  29  46  85   4   4   43   43   85   46  46   66   72  113  73  60  27  27   46   46   44   71  122  128  128   29
 11  141  11  11  11  58  12  77  77   21   21   12   58  58   54  121   72   9  84  14  49  154  154  152   20  155   60   60   11
130  142 130  82  82  44  62  27  27   58   58   62   44  44  116   28   92  57  19  51  45   94   94   92   52   93   12   12  130
 74  143  74                                                   45   37  117                   93   93   91        83   95   95     
 81  144  81                                                   37   56   80                   28   28   25        39  129  129     
 85  145  85  73  73  18   9  80  80   26   26    9   18  18   99  128  124   4  81  29  62  117  117  115   28  124    5    5   85
 97  146  97                                                   44  119   12                   45   45   43        44  151  151     
103  147 103                                                  160  123   29                   59   59   57       158   86   86     
 61  148  61  61  61  34  75  14  14   67   67   75   34  34   60   24   74  38  12  81  38   56   56   54   31   60   74   74   61
126  149 126                                                  121   43   84                   57   57   55        70   38   38     
148  150 148                                                   18  155   31                   95   95   93        28  139  139     
153  151 153                                                   85  107   89                   38   38   36       152   65   65     
  2  152   2   2   2  86  21  68  68   82   82   21   86  86   53   23  132  37  64  59  80   73   73   71   81   46  112  112    2
128  153 128                                                  146   87   97                  133  133  131       112   22   22     
 77  154  77                                                   80    2  148                   67   67   65        24   37   37     
107  155 107                                                   78   66  120                   21   21   18       151   77   77     
 69  156  69  69  69  36  73  16  16   86   86   73   36  36  113   79   91   6   6  55  77   52   52   50   70  144  127  127   69
 31  157  31  31  31  56  24  65  65   10   10   24   56  56   33   55  107  39  51  63  11  125  125  123   11   88   55   55   31
 45  158  45  45  45  48  61  28  28   57   57   61   48  48   31  122    4  72  57  86  30  146  146  144    8  113  109  109   45
110  159 110  78  78   3   2  87  87   72   72    2    3   3  157   58   48  19  38   2  69    7    7    4   19   92   46   46  110
 75  160  75  71  71  49  57  32  32   54   54   57   49  49   59  136  156  13  47  85  35  108  108  106   80  157  110  110   75

========================================================================================
ROW ORDER = address_payload_cubed_plus_7_mod_p  (linear_rank ascending)
========================================================================================
  n  a3p nRk   d l2d  Px  Py Pmy  -y  y2p  x3p  Y2f  X3f   C  h3p  a2p  h2p   r   s   z  Ry h160  pay  lex sPub  sVH sCHK   c4 dbit
-----------------------------------------------------------------------------------------------------------------------------------
 60    1  60  60  60  33  72  17  17   36   36   72   33  33  134  146   45  77  67  61   1  118  118  116   58   40  116  116   60
 54    2  54  54  54  35   1  88  88    7    7    1   35  35   79  125  125  14  75  35   3  116  116  114   12  123   99   99   54
 65    3  65  65  65  21  82   7   7   13   13   82   21  21  147  137   49  35  46  18  66   43   43   41   40  159  158  158   65
 45    4  45  45  45  48  61  28  28   57   57   61   48  48   31  122  158  72  57  86  30  146  146  144    8  113  109  109   45
 88    5  88                                                  159  144   70                   30   30   27        65    3    3     
 71    6  71                                                   28   94   97                  150  150  148        90  108  108     
 53    7  53  53  53   7  37  52  52   29   29   37    7   7   14   99  106  45  62   6  14   23   23   20   23  109   76   76   53
134    8 134                                                   77  151  135                   10   10    7       141   21   21     
158    9 158                                                  138   30   42                   53   53   51        68    9    9     
 27   10  27  27  27  14   3  86  86    4    4    3   14  14   32   51  107  68  48   8  70    5    5    2   47   47  122  122   27
 13   11  13  13  13  70  17  72  72   83   83   17   70  70   94  140   29  86  33  30  12  156  156  154   78   66   49   49   13
 97   12  97                                                   44  119  146                   45   45   43        44  151  151     
129   13 129                                                  104  132  130                  107  107  105       134  105  105     
 12   14  12  12  12  57  35  54  54   87   87   35   57  57   84   81  117  16  37  83  36   79   79   77   72  149   89   89   12
 35   15  35  35  35  84  54  35  35   28   28   54   84  84  136   74   63  29  86  53  60  149  149  147   33  153  125  125   35
 84   16  84                                                  151   47   27                   71   71   69       125  148  148     
  9   17   9   9   9  31  51  38  38    3    3   51   31  31  156   46   32   3  50   3  18   72   72   70   65   42   91   91    9
 63   18  63  63  63  45  30  59  59   80   80   30   45  45  120  109   13  76   8  12  10  144  144  142   73   23   98   98   63
144   19 144                                                   11  149   84                  142  142  140       104   80   80     
 39   20  39  39  39  19  19  70  70   32   32   19   19  19   12   75    5  46   3  26  53    4    4    1   63   13   58   58   39
 22   21  22  22  22  27  43  46  46   74   74   43   27  27   71   64   41   7  10  72  44   77   77   75   54   14  153  153   22
 51   22  51  51  51  59  48  41  41   14   14   48   59  59   98  104  124  85  39  49  43  145  145  143   21    2   53   53   51
125   23 125  81  81  22  14  75  75   70   70   14   22  22   56  103    9  10  72  37  79  151  151  149   85   38   82   82  125
  8   24   8   8   8   2  74  15  15   11   11   74    2   2  139  112   50  36   4  64  26  129  129  127   29   69   57   57    8
102   25 102                                                   22   92   90                  152  152  150       115  123  123     
 40   26  40  40  40  65  47  42  42    9    9   47   65  65  115   40  120  75  40  60   7   86   86   84   51  146  117  117   40
116   27 116                                                   50  138   33                  137  137  135        81   61   61     
  7   28   7   7   7  62  66  23  23   76   76   66   62  62  124   62   74  69   9   9  52  134  134  132    9   89   50   50    7
103   29 103                                                  160  123  147                   59   59   57       158   86   86     
133   30 133                                                   87  152   62                    1    1   35       156    8    8     
148   31 148                                                   18  155  150                   95   95   93        28  139  139     
 83   32  83                                                  100   60  111                   16   16   13        63   69   69     
105   33 105  77  77  75   5  84  84   55   55    5   75  75  131   33   77  15  34  58  24   70   70   68    6   87   64   64  105
160   34 160          79  68  21  21   78   78   68   79  79   39  156  122  40  30  62      138  138  136   46  101   56   56     
106   35 106                                                  108    4  112                   42   42   40        94   19   19     
 94   36  94                                                    7  159  137                  113  113  111        52   97   97     
104   37 104                                                   46   32   71                   85   85   83       107   87   87     
124   38 124                                                  111   52   86                   66   66   64       127   24   24     
135   39 135          12  38  51  51   59   59   38   12  12   68   21   64  71  22  54       31   31   28   68   85   79   79     
119   40 119                                                   69   35  103                  100  100   98        95   90   90     
 67   41  67  67  67  10  84   5   5   38   38   84   10  10    4   65  132  42  76   4  41   63   63   61   62   79   71   71   67
113   42 113                                                  144   41   26                  141  141  139        37  134  134     
 82   43  82                                                  109   95   79                   13   13   10        12  131  131     
 25   44  25  25  25   1  64  25  25   61   61   64    1   1  103   53  109  12  78  56  40   22   22   19   13   54   83   83   25
 96   45  96                                                    3  126   23                   20   20   17       111   63   63     
 48   46  48  48  48  61  32  57  57   85   85   32   61  61   73    9   46  59  14  80  68   80   80   78   35    4  115  115   48
122   47 122                                                   10   63   14                  135  135  133        73  133  133     
110   48 110  78  78   3   2  87  87   72   72    2    3   3  157   58  159  19  38   2  69    7    7    4   19   92   46   46  110
143   49 143                                                    8   39   92                   11   11    8         3   54   54     
 59   50  59  59  59  30   8  81  81   37   37    8   30  30   36   98   99  53  11  17  61  102  102  100   22   84   68   68   59
132   51 132                                                    5   83   83                  119  119  117        59    4    4     
 55   52  55  55  55  55  10  79  79   25   25   10   55  55   16  147   93  74  26  33   2  127  127  125   74  137  107  107   55
139   53 139                                                  123   14  108                   96   96   94        72   40   40     
 66   54  66  66  66  38  46  43  43   39   39   46   38  38    9   54  116  20  23  31  22   14   14   11   36   67  154  154   66
 52   55  52  52  52  50  79  10  10   40   40   79   50  50   91  102   21  43  54  73   6   29   29   26   49   10  124  124   52
 56   56  56  56  56  28  80   9   9    5    5   80   28  28   63  139  102  41  68  38  29   36   36   33    4   27   62   62   56
146   57 146                                                  127  141   87                  128  128  126        18   92   92     
 14   58  14  14  14  74  45  44  44   19   19   45   74  74   62   10  101  70  58  41  58   88   88   86   41   19   44   44   14
 90   59  90  74  74  40  60  29  29   81   81   60   40  40   21  118   25   2  80  67  39  120  120  118   37   20  132  132   90
 73   60  73                                                   92   76  105                    8    8    5       114   17   17     
 20   61  20  20  20  25  52  37  37   79   79   52   25  25  106   73   55  18  29  22  20  106  106  104   44  121   30   30   20
137   62 137                                                  149  143   37                   26   26   23       130   23   23     
 98   63  98                                                   67  131   60                   75   75   73         9  141  141     
  4   64   4   4   4  20  31  58  58   62   62   31   20  20   82   20   30  62  70  69  13   87   87   85   66   33   48   48    4
156   65 156                                                   74    5   34                   92   92   90        30  140  140     
 30   66  30  30  30   6  63  26  26   42   42   63    6   6   90  110   58  66   2  32  50  123  123  121   18  105   10   10   30
 87   67  87                                                   55   16   61                  158  158  156       106   32   32     
150   68 150          11  87   2   2   16   16   87   11  11   96  135   69  87  32  66      131  131  129   60   58    7    7     
149   69 149                                                  143   89  118                   74   74   72       128   39   39     
 44   70  44  44  44  43  44  45  45   71   71   44   43  43   75   50   98  24  65  52  74   78   78   76   34  140   34   34   44
 28   71  28  28  28  80   7  82  82   49   49    7   80  80    1  153   11  79  71  21  81    9    9    6   64  160   66   66   28
 11   72  11  11  11  58  12  77  77   21   21   12   58  58   54  121  141   9  84  14  49  154  154  152   20  155   60   60   11
138   73 138                                                  137  158   66                   58   58   56        22   85   85     
 61   74  61  61  61  34  75  14  14   67   67   75   34  34   60   24  148  38  12  81  38   56   56   54   31   60   74   74   61
 43   75  43  43  43  68  69  20  20   56   56   69   68  68   58   45   35  27  25   5  46  155  155  153   14   55  114  114   43
 64   76  64  64  64   8  28  61  61   45   45   28    8   8   64  101  131  28  69  82  31   32   32   29    5    8   43   43   64
 49   77  49  49  49  39  65  24  24   17   17   65   39  39   81  127   24  49  61  10   5    6    6    3   38  108   13   13   49
114   78 114                                                    2   57   95                   34   34   31        50   59   59     
 91   79  91                                                   89    7   15                   89   89   87       126   52   52     
 81   80  81                                                   37   56  144                   28   28   25        39  129  129     
 19   81  19  19  19  54  25  64  64   68   68   25   54  54   95   78   96  17  55  79  32  140  140  138   15  131   84   84   19
 78   82  78                                                  133  113  139                   27   27   24       136  157  157     
 57   83  57  57  57  67  42  47  47   44   44   42   67  67  126  100  127  83  63  44  56   25   25   22   17   41   18   18   57
126   84 126                                                  121   43  149                   57   57   55        70   38   38     
 23   85  23  23  23  85  55  34  34    6    6   55   85  85   13   49   31   1  53  57  73  121  121  119   27  138  143  143   23
131   86 131                                                  158   11   22                   33   33   30         5   36   36     
 26   87  26  26  26  37   6  83  83   47   47    6   37  37   57   42  104  23  49  75  82  110  110  108   88   49   41   41   26
154   88 154                                                  112  130    4                  143  143  141       116  106  106     
153   89 153                                                   85  107  151                   38   38   36       152   65   65     
 62   90  62  62  62  17  23  66  66   50   50   23   17  17  135   68  115  48  73  71  78  136  136  134   56   21  159  159   62
 69   91  69  69  69  36  73  16  16   86   86   73   36  36  113   79  156   6   6  55  77   52   52   50   70  144  127  127   69
130   92 130  82  82  44  62  27  27   58   58   62   44  44  116   28  142  57  19  51  45   94   94   92   52   93   12   12  130
101   93 101                                                   23   27   67                   69   69   67        31   11   11     
  1   94   1   1   1  51  26  63  63   24   24   26   51  51  128   31    2  11  82  76  54   65   65   63    3  132   51   51    1
121   95 121                                                  140  129   85                   98   98   96         1  142  142     
112   96 112                                                   35    8    1                   41   41   39       150  145  145     
128   97 128                                                  146   87  153                  133  133  131       112   22   22     
  5   98   5   5   5  23  18  71  71   51   51   18   23  23   97   15   51  47  35  20  28   84   84   82   79   78  120  120    5
 68   99  68  68  68  16  11  78  78   77   77   11   16  16  101  105  138  32  13  16   4  132  132  130    2   36   35   35   68
 47  100  47  47  47  24  67  22  22   64   64   67   24  24   43  115   20  67  42  15  15  153  153  151   61   16  149  149   47
 38  101  38  38  38  76  20  69  69   60   60   20   76  76  154  154   53  88  66  50  55  104  104  102   53   56  137  137   38
120  102 120  80  80  77  15  74  74   66   66   15   77  77  142  160   12  58  15  46  34   37   37   34   59   64  160  160  120
140  103 140          15  88   1   1    8    8   88   15  15    6  111  133  80  21  88      160  160  158   26  118   72   72     
141  104 141                                                   25   18  126                   68   68   66        61   33   33     
 95  105  95  75  75  63  58  31  31   12   12   58   63  63   86   22  114  78  44  40  21   51   51   49   24   80   78   78   95
 37  106  37  37  37  52  34  55  55   84   84   34   52  52  114   34   19  63  36  39  48   17   17   14   69   86  126  126   37
 31  107  31  31  31  56  24  65  65   10   10   24   56  56   33   55  157  39  51  63  11  125  125  123   11   88   55   55   31
 70  108  70  70  70  60  78  11  11   31   31   78   60  60  155  116   94  22  45  87  59   49   49   47   82   76   45   45   70
 92  109  92                                                   20   67   80                   54   54   52       117    2    2     
157  110 157                                                   88   59   72                   15   15   12        45  150  150     
 79  111  79                                                  117  106   10                   55   55   53        57  136  136     
155  112 155          42  86   3   3   88   88   86   42  42   52  108    8  84  16  47       60   60   58   48   62  135  135     
 29  113  29  29  29  46  85   4   4   43   43   85   46  46   66   72  140  73  60  27  27   46   46   44   71  122  128  128   29
147  114 147                                                  129   70   39                   44   44   42        99   25   25     
151  115 151                                                   19   85   56                   12   12    9       142  119  119     
 17  116  17  17  17  29  22  67  67   69   69   22   29  29   24  142   82  33  88  42   8  105  105  103   87   15  156  156   17
 74  117  74                                                   45   37  143                   93   93   91        83   95   95     
142  118 142                                                   49   93   18                   24   24   21       103  121  121     
 18  119  18  18  18   5  53  36  36   63   63   53    5   5   15   12   59   5  85  68  67   99   99   97    7   43  130  130   18
107  120 107                                                   78   66  155                   21   21   18       151   77   77     
111  121 111                                                   29   29   48                   39   39   37       147   93   93     
 33  122  33  33  33  66   4  85  85    2    2    4   66  66  153  150   88  65  17  65  19   40   40   38   42  110   28   28   33
 15  123  15  15  15  88  70  19  19   65   65   70   88  88   76  134  121  61  83  28  16  159  159  157   75  100  101  101   15
 85  124  85  73  73  18   9  80  80   26   26    9   18  18   99  128  145   4  81  29  62  117  117  115   28  124    5    5   85
 99  125  99                                                  118   13    3                  111  111  109        17   26   26     
145  126 145          71  33  56  56   33   33   33   71  71  107  133   16  54   7   7       47   47   45   84  102   75   75     
 24  127  24  24  24  47  76  13  13   48   48   76   47  47   65   97   54  52  20  36  72    3    3  160   83   51    1    1   24
 89  128  89                                                  102   80  100                   48   48   46       139   67   67     
 32  129  32  32  32   4  27  62  62   20   20   27    4   4   48    6   73  81  59  45  57   91   91   89   10   35   14   14   32
 58  130  58  58  58   9  29  60  60   41   41   29    9   9  132  120  110  21  31  77  42   82   82   80   76   11  118  118   58
123  131 123                                                   27   69  129                   76   76   74        75  146  146     
  2  132   2   2   2  86  21  68  68   82   82   21   86  86   53   23  152  37  64  59  80   73   73   71   81   46  112  112    2
 72  133  72                                                   34   44  113                  109  109  107        34   15   15     
  6  134   6   6   6  82  81   8   8   30   30   81   82  82  125    3   47  30   1  19  65  157  157  155   32  145   81   81    6
109  135 109                                                   51   90   57                  101  101   99       129  100  100     
 36  136  36  36  36  73  41  48  48   53   53   41   73  73   93    1   78  26  87  84  64   64   64   62   43  154  152  152   36
100  137 100  76  76  78  50  39  39   35   35   50   78  78  152   61   81  34  56  11  76  114  114  112   30   97   47   47  100
 86  138  86                                                  130   96    7                  112  112  110         7   29   29     
 41  139  41  41  41  72  56  33  33   75   75   56   72  72  148   38   36  50  77  70  37  122  122  120   67  148  113  113   41
 80  140  80  72  72  53  36  53  53   15   15   36   53  53   42  117  119  51  28  25  23   61   61   59   50   74   70   70   80
 34  141  34  34  34  26  71  18  18   23   23   71   26  26   30   84   38   8  24  23  25  148  148  146   16   25  155  155   34
 21  142  21  21  21  13  16  73  73   22   22   16   13  13   26  148   91  44  74  78   9   18   18   15    1  120   31   31   21
 16  143  16  16  16  64  49  40  40    1    1   49   64  64  119  145  123  60  52  48  63   62   62   60   77    6   27   27   16
 42  144  42  42  42  81  13  76  76   18   18   13   81  81   70   71   52  82  27  34  71   83   83   81   86  119   16   16   42
152  145 152                                                  145   77  136                  126  126  124        53   73   73     
 46  146  46  46  46  87  59  30  30   34   34   59   87  87  105   86  128  64  79  43  17   90   90   88   39   71   88   88   46
 50  147  50  50  50  83  83   6   6   52   52   83   83  83  110   82   75  25  43  13  75  130  130  128   55   82  102  102   50
 77  148  77                                                   80    2  154                   67   67   65        24   37   37     
  3  149   3   3   3  41  40  49  49   73   73   40   41  41   40   17   68  31  18  74  33   50   50   48   57   98   42   42    3
136  150 136                                                   61  124   43                    2    2  159        32  147  147     
 93  151  93                                                   47   19   28                   35   35   32        26  104  104     
 76  152  76                                                  122   48    6                   81   81   79        77  103  103     
 10  153  10  10  10  69  77  12  12   27   27   77   69  69   72  114   89  56  41  24  51  124  124  122   45  135  111  111   10
115  154 115  79  79  32  39  50  50   46   46   39   32  32  150   26   17  55   5   1  47  139  139  137   25   91   94   94  115
118  155 118                                                   83   88  134                  147  147  145        48  144  144     
 75  156  75  71  71  49  57  32  32   54   54   57   49  49   59  136  160  13  47  85  35  108  108  106   80  157  110  110   75
117  157 117                                                   17  157   44                  115  115  113        29   96   96     
127  158 127                                                   41   91   40                   97   97   95       143   20   20     
108  159 108                                                  141   36   65                  103  103  101       133    6    6     
159  160 159                                                   38   25   76                   19   19   16        96  138  138     

========================================================================================
ROW ORDER = r  (linear_rank ascending)
========================================================================================
  n   r nRk   d l2d  Px  Py Pmy  -y  y2p  x3p  Y2f  X3f   C  h3p  a2p  h2p  a3p   s   z  Ry h160  pay  lex sPub  sVH sCHK   c4 dbit
-----------------------------------------------------------------------------------------------------------------------------------
 23   1  23  23  23  85  55  34  34    6    6   55   85  85   13   49   31   85  53  57  73  121  121  119   27  138  143  143   23
 90   2  90  74  74  40  60  29  29   81   81   60   40  40   21  118   25   59  80  67  39  120  120  118   37   20  132  132   90
  9   3   9   9   9  31  51  38  38    3    3   51   31  31  156   46   32   17  50   3  18   72   72   70   65   42   91   91    9
 85   4  85  73  73  18   9  80  80   26   26    9   18  18   99  128  145  124  81  29  62  117  117  115   28  124    5    5   85
 18   5  18  18  18   5  53  36  36   63   63   53    5   5   15   12   59  119  85  68  67   99   99   97    7   43  130  130   18
 69   6  69  69  69  36  73  16  16   86   86   73   36  36  113   79  156   91   6  55  77   52   52   50   70  144  127  127   69
 22   7  22  22  22  27  43  46  46   74   74   43   27  27   71   64   41   21  10  72  44   77   77   75   54   14  153  153   22
 34   8  34  34  34  26  71  18  18   23   23   71   26  26   30   84   38  141  24  23  25  148  148  146   16   25  155  155   34
 11   9  11  11  11  58  12  77  77   21   21   12   58  58   54  121  141   72  84  14  49  154  154  152   20  155   60   60   11
125  10 125  81  81  22  14  75  75   70   70   14   22  22   56  103    9   23  72  37  79  151  151  149   85   38   82   82  125
  1  11   1   1   1  51  26  63  63   24   24   26   51  51  128   31    2   94  82  76  54   65   65   63    3  132   51   51    1
 25  12  25  25  25   1  64  25  25   61   61   64    1   1  103   53  109   44  78  56  40   22   22   19   13   54   83   83   25
 75  13  75  71  71  49  57  32  32   54   54   57   49  49   59  136  160  156  47  85  35  108  108  106   80  157  110  110   75
 54  14  54  54  54  35   1  88  88    7    7    1   35  35   79  125  125    2  75  35   3  116  116  114   12  123   99   99   54
105  15 105  77  77  75   5  84  84   55   55    5   75  75  131   33   77   33  34  58  24   70   70   68    6   87   64   64  105
 12  16  12  12  12  57  35  54  54   87   87   35   57  57   84   81  117   14  37  83  36   79   79   77   72  149   89   89   12
 19  17  19  19  19  54  25  64  64   68   68   25   54  54   95   78   96   81  55  79  32  140  140  138   15  131   84   84   19
 20  18  20  20  20  25  52  37  37   79   79   52   25  25  106   73   55   61  29  22  20  106  106  104   44  121   30   30   20
110  19 110  78  78   3   2  87  87   72   72    2    3   3  157   58  159   48  38   2  69    7    7    4   19   92   46   46  110
 66  20  66  66  66  38  46  43  43   39   39   46   38  38    9   54  116   54  23  31  22   14   14   11   36   67  154  154   66
 58  21  58  58  58   9  29  60  60   41   41   29    9   9  132  120  110  130  31  77  42   82   82   80   76   11  118  118   58
 70  22  70  70  70  60  78  11  11   31   31   78   60  60  155  116   94  108  45  87  59   49   49   47   82   76   45   45   70
 26  23  26  26  26  37   6  83  83   47   47    6   37  37   57   42  104   87  49  75  82  110  110  108   88   49   41   41   26
 44  24  44  44  44  43  44  45  45   71   71   44   43  43   75   50   98   70  65  52  74   78   78   76   34  140   34   34   44
 50  25  50  50  50  83  83   6   6   52   52   83   83  83  110   82   75  147  43  13  75  130  130  128   55   82  102  102   50
 36  26  36  36  36  73  41  48  48   53   53   41   73  73   93    1   78  136  87  84  64   64   64   62   43  154  152  152   36
 43  27  43  43  43  68  69  20  20   56   56   69   68  68   58   45   35   75  25   5  46  155  155  153   14   55  114  114   43
 64  28  64  64  64   8  28  61  61   45   45   28    8   8   64  101  131   76  69  82  31   32   32   29    5    8   43   43   64
 35  29  35  35  35  84  54  35  35   28   28   54   84  84  136   74   63   15  86  53  60  149  149  147   33  153  125  125   35
  6  30   6   6   6  82  81   8   8   30   30   81   82  82  125    3   47  134   1  19  65  157  157  155   32  145   81   81    6
  3  31   3   3   3  41  40  49  49   73   73   40   41  41   40   17   68  149  18  74  33   50   50   48   57   98   42   42    3
 68  32  68  68  68  16  11  78  78   77   77   11   16  16  101  105  138   99  13  16   4  132  132  130    2   36   35   35   68
 17  33  17  17  17  29  22  67  67   69   69   22   29  29   24  142   82  116  88  42   8  105  105  103   87   15  156  156   17
100  34 100  76  76  78  50  39  39   35   35   50   78  78  152   61   81  137  56  11  76  114  114  112   30   97   47   47  100
 65  35  65  65  65  21  82   7   7   13   13   82   21  21  147  137   49    3  46  18  66   43   43   41   40  159  158  158   65
  8  36   8   8   8   2  74  15  15   11   11   74    2   2  139  112   50   24   4  64  26  129  129  127   29   69   57   57    8
  2  37   2   2   2  86  21  68  68   82   82   21   86  86   53   23  152  132  64  59  80   73   73   71   81   46  112  112    2
 61  38  61  61  61  34  75  14  14   67   67   75   34  34   60   24  148   74  12  81  38   56   56   54   31   60   74   74   61
 31  39  31  31  31  56  24  65  65   10   10   24   56  56   33   55  157  107  51  63  11  125  125  123   11   88   55   55   31
160  40 160          79  68  21  21   78   78   68   79  79   39  156  122   34  30  62      138  138  136   46  101   56   56     
 56  41  56  56  56  28  80   9   9    5    5   80   28  28   63  139  102   56  68  38  29   36   36   33    4   27   62   62   56
 67  42  67  67  67  10  84   5   5   38   38   84   10  10    4   65  132   41  76   4  41   63   63   61   62   79   71   71   67
 52  43  52  52  52  50  79  10  10   40   40   79   50  50   91  102   21   55  54  73   6   29   29   26   49   10  124  124   52
 21  44  21  21  21  13  16  73  73   22   22   16   13  13   26  148   91  142  74  78   9   18   18   15    1  120   31   31   21
 53  45  53  53  53   7  37  52  52   29   29   37    7   7   14   99  106    7  62   6  14   23   23   20   23  109   76   76   53
 39  46  39  39  39  19  19  70  70   32   32   19   19  19   12   75    5   20   3  26  53    4    4    1   63   13   58   58   39
  5  47   5   5   5  23  18  71  71   51   51   18   23  23   97   15   51   98  35  20  28   84   84   82   79   78  120  120    5
 62  48  62  62  62  17  23  66  66   50   50   23   17  17  135   68  115   90  73  71  78  136  136  134   56   21  159  159   62
 49  49  49  49  49  39  65  24  24   17   17   65   39  39   81  127   24   77  61  10   5    6    6    3   38  108   13   13   49
 41  50  41  41  41  72  56  33  33   75   75   56   72  72  148   38   36  139  77  70  37  122  122  120   67  148  113  113   41
 80  51  80  72  72  53  36  53  53   15   15   36   53  53   42  117  119  140  28  25  23   61   61   59   50   74   70   70   80
 24  52  24  24  24  47  76  13  13   48   48   76   47  47   65   97   54  127  20  36  72    3    3  160   83   51    1    1   24
 59  53  59  59  59  30   8  81  81   37   37    8   30  30   36   98   99   50  11  17  61  102  102  100   22   84   68   68   59
145  54 145          71  33  56  56   33   33   33   71  71  107  133   16  126   7   7       47   47   45   84  102   75   75     
115  55 115  79  79  32  39  50  50   46   46   39   32  32  150   26   17  154   5   1  47  139  139  137   25   91   94   94  115
 10  56  10  10  10  69  77  12  12   27   27   77   69  69   72  114   89  153  41  24  51  124  124  122   45  135  111  111   10
130  57 130  82  82  44  62  27  27   58   58   62   44  44  116   28  142   92  19  51  45   94   94   92   52   93   12   12  130
120  58 120  80  80  77  15  74  74   66   66   15   77  77  142  160   12  102  15  46  34   37   37   34   59   64  160  160  120
 48  59  48  48  48  61  32  57  57   85   85   32   61  61   73    9   46   46  14  80  68   80   80   78   35    4  115  115   48
 16  60  16  16  16  64  49  40  40    1    1   49   64  64  119  145  123  143  52  48  63   62   62   60   77    6   27   27   16
 15  61  15  15  15  88  70  19  19   65   65   70   88  88   76  134  121  123  83  28  16  159  159  157   75  100  101  101   15
  4  62   4   4   4  20  31  58  58   62   62   31   20  20   82   20   30   64  70  69  13   87   87   85   66   33   48   48    4
 37  63  37  37  37  52  34  55  55   84   84   34   52  52  114   34   19  106  36  39  48   17   17   14   69   86  126  126   37
 46  64  46  46  46  87  59  30  30   34   34   59   87  87  105   86  128  146  79  43  17   90   90   88   39   71   88   88   46
 33  65  33  33  33  66   4  85  85    2    2    4   66  66  153  150   88  122  17  65  19   40   40   38   42  110   28   28   33
 30  66  30  30  30   6  63  26  26   42   42   63    6   6   90  110   58   66   2  32  50  123  123  121   18  105   10   10   30
 47  67  47  47  47  24  67  22  22   64   64   67   24  24   43  115   20  100  42  15  15  153  153  151   61   16  149  149   47
 27  68  27  27  27  14   3  86  86    4    4    3   14  14   32   51  107   10  48   8  70    5    5    2   47   47  122  122   27
  7  69   7   7   7  62  66  23  23   76   76   66   62  62  124   62   74   28   9   9  52  134  134  132    9   89   50   50    7
 14  70  14  14  14  74  45  44  44   19   19   45   74  74   62   10  101   58  58  41  58   88   88   86   41   19   44   44   14
135  71 135          12  38  51  51   59   59   38   12  12   68   21   64   39  22  54       31   31   28   68   85   79   79     
 45  72  45  45  45  48  61  28  28   57   57   61   48  48   31  122  158    4  57  86  30  146  146  144    8  113  109  109   45
 29  73  29  29  29  46  85   4   4   43   43   85   46  46   66   72  140  113  60  27  27   46   46   44   71  122  128  128   29
 55  74  55  55  55  55  10  79  79   25   25   10   55  55   16  147   93   52  26  33   2  127  127  125   74  137  107  107   55
 40  75  40  40  40  65  47  42  42    9    9   47   65  65  115   40  120   26  40  60   7   86   86   84   51  146  117  117   40
 63  76  63  63  63  45  30  59  59   80   80   30   45  45  120  109   13   18   8  12  10  144  144  142   73   23   98   98   63
 60  77  60  60  60  33  72  17  17   36   36   72   33  33  134  146   45    1  67  61   1  118  118  116   58   40  116  116   60
 95  78  95  75  75  63  58  31  31   12   12   58   63  63   86   22  114  105  44  40  21   51   51   49   24   80   78   78   95
 28  79  28  28  28  80   7  82  82   49   49    7   80  80    1  153   11   71  71  21  81    9    9    6   64  160   66   66   28
140  80 140          15  88   1   1    8    8   88   15  15    6  111  133  103  21  88      160  160  158   26  118   72   72     
 32  81  32  32  32   4  27  62  62   20   20   27    4   4   48    6   73  129  59  45  57   91   91   89   10   35   14   14   32
 42  82  42  42  42  81  13  76  76   18   18   13   81  81   70   71   52  144  27  34  71   83   83   81   86  119   16   16   42
 57  83  57  57  57  67  42  47  47   44   44   42   67  67  126  100  127   83  63  44  56   25   25   22   17   41   18   18   57
155  84 155          42  86   3   3   88   88   86   42  42   52  108    8  112  16  47       60   60   58   48   62  135  135     
 51  85  51  51  51  59  48  41  41   14   14   48   59  59   98  104  124   22  39  49  43  145  145  143   21    2   53   53   51
 13  86  13  13  13  70  17  72  72   83   83   17   70  70   94  140   29   11  33  30  12  156  156  154   78   66   49   49   13
150  87 150          11  87   2   2   16   16   87   11  11   96  135   69   68  32  66      131  131  129   60   58    7    7     
 38  88  38  38  38  76  20  69  69   60   60   20   76  76  154  154   53  101  66  50  55  104  104  102   53   56  137  137   38
 71      71                                                   28   94   97    6              150  150  148        90  108  108     
 72      72                                                   34   44  113  133              109  109  107        34   15   15     
 73      73                                                   92   76  105   60                8    8    5       114   17   17     
 74      74                                                   45   37  143  117               93   93   91        83   95   95     
 76      76                                                  122   48    6  152               81   81   79        77  103  103     
 77      77                                                   80    2  154  148               67   67   65        24   37   37     
 78      78                                                  133  113  139   82               27   27   24       136  157  157     
 79      79                                                  117  106   10  111               55   55   53        57  136  136     
 81      81                                                   37   56  144   80               28   28   25        39  129  129     
 82      82                                                  109   95   79   43               13   13   10        12  131  131     
 83      83                                                  100   60  111   32               16   16   13        63   69   69     
 84      84                                                  151   47   27   16               71   71   69       125  148  148     
 86      86                                                  130   96    7  138              112  112  110         7   29   29     
 87      87                                                   55   16   61   67              158  158  156       106   32   32     
 88      88                                                  159  144   70    5               30   30   27        65    3    3     
 89      89                                                  102   80  100  128               48   48   46       139   67   67     
 91      91                                                   89    7   15   79               89   89   87       126   52   52     
 92      92                                                   20   67   80  109               54   54   52       117    2    2     
 93      93                                                   47   19   28  151               35   35   32        26  104  104     
 94      94                                                    7  159  137   36              113  113  111        52   97   97     
 96      96                                                    3  126   23   45               20   20   17       111   63   63     
 97      97                                                   44  119  146   12               45   45   43        44  151  151     
 98      98                                                   67  131   60   63               75   75   73         9  141  141     
 99      99                                                  118   13    3  125              111  111  109        17   26   26     
101     101                                                   23   27   67   93               69   69   67        31   11   11     
102     102                                                   22   92   90   25              152  152  150       115  123  123     
103     103                                                  160  123  147   29               59   59   57       158   86   86     
104     104                                                   46   32   71   37               85   85   83       107   87   87     
106     106                                                  108    4  112   35               42   42   40        94   19   19     
107     107                                                   78   66  155  120               21   21   18       151   77   77     
108     108                                                  141   36   65  159              103  103  101       133    6    6     
109     109                                                   51   90   57  135              101  101   99       129  100  100     
111     111                                                   29   29   48  121               39   39   37       147   93   93     
112     112                                                   35    8    1   96               41   41   39       150  145  145     
113     113                                                  144   41   26   42              141  141  139        37  134  134     
114     114                                                    2   57   95   78               34   34   31        50   59   59     
116     116                                                   50  138   33   27              137  137  135        81   61   61     
117     117                                                   17  157   44  157              115  115  113        29   96   96     
118     118                                                   83   88  134  155              147  147  145        48  144  144     
119     119                                                   69   35  103   40              100  100   98        95   90   90     
121     121                                                  140  129   85   95               98   98   96         1  142  142     
122     122                                                   10   63   14   47              135  135  133        73  133  133     
123     123                                                   27   69  129  131               76   76   74        75  146  146     
124     124                                                  111   52   86   38               66   66   64       127   24   24     
126     126                                                  121   43  149   84               57   57   55        70   38   38     
127     127                                                   41   91   40  158               97   97   95       143   20   20     
128     128                                                  146   87  153   97              133  133  131       112   22   22     
129     129                                                  104  132  130   13              107  107  105       134  105  105     
131     131                                                  158   11   22   86               33   33   30         5   36   36     
132     132                                                    5   83   83   51              119  119  117        59    4    4     
133     133                                                   87  152   62   30                1    1   35       156    8    8     
134     134                                                   77  151  135    8               10   10    7       141   21   21     
136     136                                                   61  124   43  150                2    2  159        32  147  147     
137     137                                                  149  143   37   62               26   26   23       130   23   23     
138     138                                                  137  158   66   73               58   58   56        22   85   85     
139     139                                                  123   14  108   53               96   96   94        72   40   40     
141     141                                                   25   18  126  104               68   68   66        61   33   33     
142     142                                                   49   93   18  118               24   24   21       103  121  121     
143     143                                                    8   39   92   49               11   11    8         3   54   54     
144     144                                                   11  149   84   19              142  142  140       104   80   80     
146     146                                                  127  141   87   57              128  128  126        18   92   92     
147     147                                                  129   70   39  114               44   44   42        99   25   25     
148     148                                                   18  155  150   31               95   95   93        28  139  139     
149     149                                                  143   89  118   69               74   74   72       128   39   39     
151     151                                                   19   85   56  115               12   12    9       142  119  119     
152     152                                                  145   77  136  145              126  126  124        53   73   73     
153     153                                                   85  107  151   89               38   38   36       152   65   65     
154     154                                                  112  130    4   88              143  143  141       116  106  106     
156     156                                                   74    5   34   65               92   92   90        30  140  140     
157     157                                                   88   59   72  110               15   15   12        45  150  150     
158     158                                                  138   30   42    9               53   53   51        68    9    9     
159     159                                                   38   25   76  160               19   19   16        96  138  138     

========================================================================================
ROW ORDER = s  (linear_rank ascending)
========================================================================================
  n   s nRk   d l2d  Px  Py Pmy  -y  y2p  x3p  Y2f  X3f   C  h3p  a2p  h2p  a3p   r   z  Ry h160  pay  lex sPub  sVH sCHK   c4 dbit
-----------------------------------------------------------------------------------------------------------------------------------
  6   1   6   6   6  82  81   8   8   30   30   81   82  82  125    3   47  134  30  19  65  157  157  155   32  145   81   81    6
 30   2  30  30  30   6  63  26  26   42   42   63    6   6   90  110   58   66  66  32  50  123  123  121   18  105   10   10   30
 39   3  39  39  39  19  19  70  70   32   32   19   19  19   12   75    5   20  46  26  53    4    4    1   63   13   58   58   39
  8   4   8   8   8   2  74  15  15   11   11   74    2   2  139  112   50   24  36  64  26  129  129  127   29   69   57   57    8
115   5 115  79  79  32  39  50  50   46   46   39   32  32  150   26   17  154  55   1  47  139  139  137   25   91   94   94  115
 69   6  69  69  69  36  73  16  16   86   86   73   36  36  113   79  156   91   6  55  77   52   52   50   70  144  127  127   69
145   7 145          71  33  56  56   33   33   33   71  71  107  133   16  126  54   7       47   47   45   84  102   75   75     
 63   8  63  63  63  45  30  59  59   80   80   30   45  45  120  109   13   18  76  12  10  144  144  142   73   23   98   98   63
  7   9   7   7   7  62  66  23  23   76   76   66   62  62  124   62   74   28  69   9  52  134  134  132    9   89   50   50    7
 22  10  22  22  22  27  43  46  46   74   74   43   27  27   71   64   41   21   7  72  44   77   77   75   54   14  153  153   22
 59  11  59  59  59  30   8  81  81   37   37    8   30  30   36   98   99   50  53  17  61  102  102  100   22   84   68   68   59
 61  12  61  61  61  34  75  14  14   67   67   75   34  34   60   24  148   74  38  81  38   56   56   54   31   60   74   74   61
 68  13  68  68  68  16  11  78  78   77   77   11   16  16  101  105  138   99  32  16   4  132  132  130    2   36   35   35   68
 48  14  48  48  48  61  32  57  57   85   85   32   61  61   73    9   46   46  59  80  68   80   80   78   35    4  115  115   48
120  15 120  80  80  77  15  74  74   66   66   15   77  77  142  160   12  102  58  46  34   37   37   34   59   64  160  160  120
155  16 155          42  86   3   3   88   88   86   42  42   52  108    8  112  84  47       60   60   58   48   62  135  135     
 33  17  33  33  33  66   4  85  85    2    2    4   66  66  153  150   88  122  65  65  19   40   40   38   42  110   28   28   33
  3  18   3   3   3  41  40  49  49   73   73   40   41  41   40   17   68  149  31  74  33   50   50   48   57   98   42   42    3
130  19 130  82  82  44  62  27  27   58   58   62   44  44  116   28  142   92  57  51  45   94   94   92   52   93   12   12  130
 24  20  24  24  24  47  76  13  13   48   48   76   47  47   65   97   54  127  52  36  72    3    3  160   83   51    1    1   24
140  21 140          15  88   1   1    8    8   88   15  15    6  111  133  103  80  88      160  160  158   26  118   72   72     
135  22 135          12  38  51  51   59   59   38   12  12   68   21   64   39  71  54       31   31   28   68   85   79   79     
 66  23  66  66  66  38  46  43  43   39   39   46   38  38    9   54  116   54  20  31  22   14   14   11   36   67  154  154   66
 34  24  34  34  34  26  71  18  18   23   23   71   26  26   30   84   38  141   8  23  25  148  148  146   16   25  155  155   34
 43  25  43  43  43  68  69  20  20   56   56   69   68  68   58   45   35   75  27   5  46  155  155  153   14   55  114  114   43
 55  26  55  55  55  55  10  79  79   25   25   10   55  55   16  147   93   52  74  33   2  127  127  125   74  137  107  107   55
 42  27  42  42  42  81  13  76  76   18   18   13   81  81   70   71   52  144  82  34  71   83   83   81   86  119   16   16   42
 80  28  80  72  72  53  36  53  53   15   15   36   53  53   42  117  119  140  51  25  23   61   61   59   50   74   70   70   80
 20  29  20  20  20  25  52  37  37   79   79   52   25  25  106   73   55   61  18  22  20  106  106  104   44  121   30   30   20
160  30 160          79  68  21  21   78   78   68   79  79   39  156  122   34  40  62      138  138  136   46  101   56   56     
 58  31  58  58  58   9  29  60  60   41   41   29    9   9  132  120  110  130  21  77  42   82   82   80   76   11  118  118   58
150  32 150          11  87   2   2   16   16   87   11  11   96  135   69   68  87  66      131  131  129   60   58    7    7     
 13  33  13  13  13  70  17  72  72   83   83   17   70  70   94  140   29   11  86  30  12  156  156  154   78   66   49   49   13
105  34 105  77  77  75   5  84  84   55   55    5   75  75  131   33   77   33  15  58  24   70   70   68    6   87   64   64  105
  5  35   5   5   5  23  18  71  71   51   51   18   23  23   97   15   51   98  47  20  28   84   84   82   79   78  120  120    5
 37  36  37  37  37  52  34  55  55   84   84   34   52  52  114   34   19  106  63  39  48   17   17   14   69   86  126  126   37
 12  37  12  12  12  57  35  54  54   87   87   35   57  57   84   81  117   14  16  83  36   79   79   77   72  149   89   89   12
110  38 110  78  78   3   2  87  87   72   72    2    3   3  157   58  159   48  19   2  69    7    7    4   19   92   46   46  110
 51  39  51  51  51  59  48  41  41   14   14   48   59  59   98  104  124   22  85  49  43  145  145  143   21    2   53   53   51
 40  40  40  40  40  65  47  42  42    9    9   47   65  65  115   40  120   26  75  60   7   86   86   84   51  146  117  117   40
 10  41  10  10  10  69  77  12  12   27   27   77   69  69   72  114   89  153  56  24  51  124  124  122   45  135  111  111   10
 47  42  47  47  47  24  67  22  22   64   64   67   24  24   43  115   20  100  67  15  15  153  153  151   61   16  149  149   47
 50  43  50  50  50  83  83   6   6   52   52   83   83  83  110   82   75  147  25  13  75  130  130  128   55   82  102  102   50
 95  44  95  75  75  63  58  31  31   12   12   58   63  63   86   22  114  105  78  40  21   51   51   49   24   80   78   78   95
 70  45  70  70  70  60  78  11  11   31   31   78   60  60  155  116   94  108  22  87  59   49   49   47   82   76   45   45   70
 65  46  65  65  65  21  82   7   7   13   13   82   21  21  147  137   49    3  35  18  66   43   43   41   40  159  158  158   65
 75  47  75  71  71  49  57  32  32   54   54   57   49  49   59  136  160  156  13  85  35  108  108  106   80  157  110  110   75
 27  48  27  27  27  14   3  86  86    4    4    3   14  14   32   51  107   10  68   8  70    5    5    2   47   47  122  122   27
 26  49  26  26  26  37   6  83  83   47   47    6   37  37   57   42  104   87  23  75  82  110  110  108   88   49   41   41   26
  9  50   9   9   9  31  51  38  38    3    3   51   31  31  156   46   32   17   3   3  18   72   72   70   65   42   91   91    9
 31  51  31  31  31  56  24  65  65   10   10   24   56  56   33   55  157  107  39  63  11  125  125  123   11   88   55   55   31
 16  52  16  16  16  64  49  40  40    1    1   49   64  64  119  145  123  143  60  48  63   62   62   60   77    6   27   27   16
 23  53  23  23  23  85  55  34  34    6    6   55   85  85   13   49   31   85   1  57  73  121  121  119   27  138  143  143   23
 52  54  52  52  52  50  79  10  10   40   40   79   50  50   91  102   21   55  43  73   6   29   29   26   49   10  124  124   52
 19  55  19  19  19  54  25  64  64   68   68   25   54  54   95   78   96   81  17  79  32  140  140  138   15  131   84   84   19
100  56 100  76  76  78  50  39  39   35   35   50   78  78  152   61   81  137  34  11  76  114  114  112   30   97   47   47  100
 45  57  45  45  45  48  61  28  28   57   57   61   48  48   31  122  158    4  72  86  30  146  146  144    8  113  109  109   45
 14  58  14  14  14  74  45  44  44   19   19   45   74  74   62   10  101   58  70  41  58   88   88   86   41   19   44   44   14
 32  59  32  32  32   4  27  62  62   20   20   27    4   4   48    6   73  129  81  45  57   91   91   89   10   35   14   14   32
 29  60  29  29  29  46  85   4   4   43   43   85   46  46   66   72  140  113  73  27  27   46   46   44   71  122  128  128   29
 49  61  49  49  49  39  65  24  24   17   17   65   39  39   81  127   24   77  49  10   5    6    6    3   38  108   13   13   49
 53  62  53  53  53   7  37  52  52   29   29   37    7   7   14   99  106    7  45   6  14   23   23   20   23  109   76   76   53
 57  63  57  57  57  67  42  47  47   44   44   42   67  67  126  100  127   83  83  44  56   25   25   22   17   41   18   18   57
  2  64   2   2   2  86  21  68  68   82   82   21   86  86   53   23  152  132  37  59  80   73   73   71   81   46  112  112    2
 44  65  44  44  44  43  44  45  45   71   71   44   43  43   75   50   98   70  24  52  74   78   78   76   34  140   34   34   44
 38  66  38  38  38  76  20  69  69   60   60   20   76  76  154  154   53  101  88  50  55  104  104  102   53   56  137  137   38
 60  67  60  60  60  33  72  17  17   36   36   72   33  33  134  146   45    1  77  61   1  118  118  116   58   40  116  116   60
 56  68  56  56  56  28  80   9   9    5    5   80   28  28   63  139  102   56  41  38  29   36   36   33    4   27   62   62   56
 64  69  64  64  64   8  28  61  61   45   45   28    8   8   64  101  131   76  28  82  31   32   32   29    5    8   43   43   64
  4  70   4   4   4  20  31  58  58   62   62   31   20  20   82   20   30   64  62  69  13   87   87   85   66   33   48   48    4
 28  71  28  28  28  80   7  82  82   49   49    7   80  80    1  153   11   71  79  21  81    9    9    6   64  160   66   66   28
125  72 125  81  81  22  14  75  75   70   70   14   22  22   56  103    9   23  10  37  79  151  151  149   85   38   82   82  125
 62  73  62  62  62  17  23  66  66   50   50   23   17  17  135   68  115   90  48  71  78  136  136  134   56   21  159  159   62
 21  74  21  21  21  13  16  73  73   22   22   16   13  13   26  148   91  142  44  78   9   18   18   15    1  120   31   31   21
 54  75  54  54  54  35   1  88  88    7    7    1   35  35   79  125  125    2  14  35   3  116  116  114   12  123   99   99   54
 67  76  67  67  67  10  84   5   5   38   38   84   10  10    4   65  132   41  42   4  41   63   63   61   62   79   71   71   67
 41  77  41  41  41  72  56  33  33   75   75   56   72  72  148   38   36  139  50  70  37  122  122  120   67  148  113  113   41
 25  78  25  25  25   1  64  25  25   61   61   64    1   1  103   53  109   44  12  56  40   22   22   19   13   54   83   83   25
 46  79  46  46  46  87  59  30  30   34   34   59   87  87  105   86  128  146  64  43  17   90   90   88   39   71   88   88   46
 90  80  90  74  74  40  60  29  29   81   81   60   40  40   21  118   25   59   2  67  39  120  120  118   37   20  132  132   90
 85  81  85  73  73  18   9  80  80   26   26    9   18  18   99  128  145  124   4  29  62  117  117  115   28  124    5    5   85
  1  82   1   1   1  51  26  63  63   24   24   26   51  51  128   31    2   94  11  76  54   65   65   63    3  132   51   51    1
 15  83  15  15  15  88  70  19  19   65   65   70   88  88   76  134  121  123  61  28  16  159  159  157   75  100  101  101   15
 11  84  11  11  11  58  12  77  77   21   21   12   58  58   54  121  141   72   9  14  49  154  154  152   20  155   60   60   11
 18  85  18  18  18   5  53  36  36   63   63   53    5   5   15   12   59  119   5  68  67   99   99   97    7   43  130  130   18
 35  86  35  35  35  84  54  35  35   28   28   54   84  84  136   74   63   15  29  53  60  149  149  147   33  153  125  125   35
 36  87  36  36  36  73  41  48  48   53   53   41   73  73   93    1   78  136  26  84  64   64   64   62   43  154  152  152   36
 17  88  17  17  17  29  22  67  67   69   69   22   29  29   24  142   82  116  33  42   8  105  105  103   87   15  156  156   17
 71      71                                                   28   94   97    6              150  150  148        90  108  108     
 72      72                                                   34   44  113  133              109  109  107        34   15   15     
 73      73                                                   92   76  105   60                8    8    5       114   17   17     
 74      74                                                   45   37  143  117               93   93   91        83   95   95     
 76      76                                                  122   48    6  152               81   81   79        77  103  103     
 77      77                                                   80    2  154  148               67   67   65        24   37   37     
 78      78                                                  133  113  139   82               27   27   24       136  157  157     
 79      79                                                  117  106   10  111               55   55   53        57  136  136     
 81      81                                                   37   56  144   80               28   28   25        39  129  129     
 82      82                                                  109   95   79   43               13   13   10        12  131  131     
 83      83                                                  100   60  111   32               16   16   13        63   69   69     
 84      84                                                  151   47   27   16               71   71   69       125  148  148     
 86      86                                                  130   96    7  138              112  112  110         7   29   29     
 87      87                                                   55   16   61   67              158  158  156       106   32   32     
 88      88                                                  159  144   70    5               30   30   27        65    3    3     
 89      89                                                  102   80  100  128               48   48   46       139   67   67     
 91      91                                                   89    7   15   79               89   89   87       126   52   52     
 92      92                                                   20   67   80  109               54   54   52       117    2    2     
 93      93                                                   47   19   28  151               35   35   32        26  104  104     
 94      94                                                    7  159  137   36              113  113  111        52   97   97     
 96      96                                                    3  126   23   45               20   20   17       111   63   63     
 97      97                                                   44  119  146   12               45   45   43        44  151  151     
 98      98                                                   67  131   60   63               75   75   73         9  141  141     
 99      99                                                  118   13    3  125              111  111  109        17   26   26     
101     101                                                   23   27   67   93               69   69   67        31   11   11     
102     102                                                   22   92   90   25              152  152  150       115  123  123     
103     103                                                  160  123  147   29               59   59   57       158   86   86     
104     104                                                   46   32   71   37               85   85   83       107   87   87     
106     106                                                  108    4  112   35               42   42   40        94   19   19     
107     107                                                   78   66  155  120               21   21   18       151   77   77     
108     108                                                  141   36   65  159              103  103  101       133    6    6     
109     109                                                   51   90   57  135              101  101   99       129  100  100     
111     111                                                   29   29   48  121               39   39   37       147   93   93     
112     112                                                   35    8    1   96               41   41   39       150  145  145     
113     113                                                  144   41   26   42              141  141  139        37  134  134     
114     114                                                    2   57   95   78               34   34   31        50   59   59     
116     116                                                   50  138   33   27              137  137  135        81   61   61     
117     117                                                   17  157   44  157              115  115  113        29   96   96     
118     118                                                   83   88  134  155              147  147  145        48  144  144     
119     119                                                   69   35  103   40              100  100   98        95   90   90     
121     121                                                  140  129   85   95               98   98   96         1  142  142     
122     122                                                   10   63   14   47              135  135  133        73  133  133     
123     123                                                   27   69  129  131               76   76   74        75  146  146     
124     124                                                  111   52   86   38               66   66   64       127   24   24     
126     126                                                  121   43  149   84               57   57   55        70   38   38     
127     127                                                   41   91   40  158               97   97   95       143   20   20     
128     128                                                  146   87  153   97              133  133  131       112   22   22     
129     129                                                  104  132  130   13              107  107  105       134  105  105     
131     131                                                  158   11   22   86               33   33   30         5   36   36     
132     132                                                    5   83   83   51              119  119  117        59    4    4     
133     133                                                   87  152   62   30                1    1   35       156    8    8     
134     134                                                   77  151  135    8               10   10    7       141   21   21     
136     136                                                   61  124   43  150                2    2  159        32  147  147     
137     137                                                  149  143   37   62               26   26   23       130   23   23     
138     138                                                  137  158   66   73               58   58   56        22   85   85     
139     139                                                  123   14  108   53               96   96   94        72   40   40     
141     141                                                   25   18  126  104               68   68   66        61   33   33     
142     142                                                   49   93   18  118               24   24   21       103  121  121     
143     143                                                    8   39   92   49               11   11    8         3   54   54     
144     144                                                   11  149   84   19              142  142  140       104   80   80     
146     146                                                  127  141   87   57              128  128  126        18   92   92     
147     147                                                  129   70   39  114               44   44   42        99   25   25     
148     148                                                   18  155  150   31               95   95   93        28  139  139     
149     149                                                  143   89  118   69               74   74   72       128   39   39     
151     151                                                   19   85   56  115               12   12    9       142  119  119     
152     152                                                  145   77  136  145              126  126  124        53   73   73     
153     153                                                   85  107  151   89               38   38   36       152   65   65     
154     154                                                  112  130    4   88              143  143  141       116  106  106     
156     156                                                   74    5   34   65               92   92   90        30  140  140     
157     157                                                   88   59   72  110               15   15   12        45  150  150     
158     158                                                  138   30   42    9               53   53   51        68    9    9     
159     159                                                   38   25   76  160               19   19   16        96  138  138     

========================================================================================
ROW ORDER = z  (linear_rank ascending)
========================================================================================
  n   z nRk   d l2d  Px  Py Pmy  -y  y2p  x3p  Y2f  X3f   C  h3p  a2p  h2p  a3p   r   s  Ry h160  pay  lex sPub  sVH sCHK   c4 dbit
-----------------------------------------------------------------------------------------------------------------------------------
115   1 115  79  79  32  39  50  50   46   46   39   32  32  150   26   17  154  55   5  47  139  139  137   25   91   94   94  115
110   2 110  78  78   3   2  87  87   72   72    2    3   3  157   58  159   48  19  38  69    7    7    4   19   92   46   46  110
  9   3   9   9   9  31  51  38  38    3    3   51   31  31  156   46   32   17   3  50  18   72   72   70   65   42   91   91    9
 67   4  67  67  67  10  84   5   5   38   38   84   10  10    4   65  132   41  42  76  41   63   63   61   62   79   71   71   67
 43   5  43  43  43  68  69  20  20   56   56   69   68  68   58   45   35   75  27  25  46  155  155  153   14   55  114  114   43
 53   6  53  53  53   7  37  52  52   29   29   37    7   7   14   99  106    7  45  62  14   23   23   20   23  109   76   76   53
145   7 145          71  33  56  56   33   33   33   71  71  107  133   16  126  54   7       47   47   45   84  102   75   75     
 27   8  27  27  27  14   3  86  86    4    4    3   14  14   32   51  107   10  68  48  70    5    5    2   47   47  122  122   27
  7   9   7   7   7  62  66  23  23   76   76   66   62  62  124   62   74   28  69   9  52  134  134  132    9   89   50   50    7
 49  10  49  49  49  39  65  24  24   17   17   65   39  39   81  127   24   77  49  61   5    6    6    3   38  108   13   13   49
100  11 100  76  76  78  50  39  39   35   35   50   78  78  152   61   81  137  34  56  76  114  114  112   30   97   47   47  100
 63  12  63  63  63  45  30  59  59   80   80   30   45  45  120  109   13   18  76   8  10  144  144  142   73   23   98   98   63
 50  13  50  50  50  83  83   6   6   52   52   83   83  83  110   82   75  147  25  43  75  130  130  128   55   82  102  102   50
 11  14  11  11  11  58  12  77  77   21   21   12   58  58   54  121  141   72   9  84  49  154  154  152   20  155   60   60   11
 47  15  47  47  47  24  67  22  22   64   64   67   24  24   43  115   20  100  67  42  15  153  153  151   61   16  149  149   47
 68  16  68  68  68  16  11  78  78   77   77   11   16  16  101  105  138   99  32  13   4  132  132  130    2   36   35   35   68
 59  17  59  59  59  30   8  81  81   37   37    8   30  30   36   98   99   50  53  11  61  102  102  100   22   84   68   68   59
 65  18  65  65  65  21  82   7   7   13   13   82   21  21  147  137   49    3  35  46  66   43   43   41   40  159  158  158   65
  6  19   6   6   6  82  81   8   8   30   30   81   82  82  125    3   47  134  30   1  65  157  157  155   32  145   81   81    6
  5  20   5   5   5  23  18  71  71   51   51   18   23  23   97   15   51   98  47  35  28   84   84   82   79   78  120  120    5
 28  21  28  28  28  80   7  82  82   49   49    7   80  80    1  153   11   71  79  71  81    9    9    6   64  160   66   66   28
 20  22  20  20  20  25  52  37  37   79   79   52   25  25  106   73   55   61  18  29  20  106  106  104   44  121   30   30   20
 34  23  34  34  34  26  71  18  18   23   23   71   26  26   30   84   38  141   8  24  25  148  148  146   16   25  155  155   34
 10  24  10  10  10  69  77  12  12   27   27   77   69  69   72  114   89  153  56  41  51  124  124  122   45  135  111  111   10
 80  25  80  72  72  53  36  53  53   15   15   36   53  53   42  117  119  140  51  28  23   61   61   59   50   74   70   70   80
 39  26  39  39  39  19  19  70  70   32   32   19   19  19   12   75    5   20  46   3  53    4    4    1   63   13   58   58   39
 29  27  29  29  29  46  85   4   4   43   43   85   46  46   66   72  140  113  73  60  27   46   46   44   71  122  128  128   29
 15  28  15  15  15  88  70  19  19   65   65   70   88  88   76  134  121  123  61  83  16  159  159  157   75  100  101  101   15
 85  29  85  73  73  18   9  80  80   26   26    9   18  18   99  128  145  124   4  81  62  117  117  115   28  124    5    5   85
 13  30  13  13  13  70  17  72  72   83   83   17   70  70   94  140   29   11  86  33  12  156  156  154   78   66   49   49   13
 66  31  66  66  66  38  46  43  43   39   39   46   38  38    9   54  116   54  20  23  22   14   14   11   36   67  154  154   66
 30  32  30  30  30   6  63  26  26   42   42   63    6   6   90  110   58   66  66   2  50  123  123  121   18  105   10   10   30
 55  33  55  55  55  55  10  79  79   25   25   10   55  55   16  147   93   52  74  26   2  127  127  125   74  137  107  107   55
 42  34  42  42  42  81  13  76  76   18   18   13   81  81   70   71   52  144  82  27  71   83   83   81   86  119   16   16   42
 54  35  54  54  54  35   1  88  88    7    7    1   35  35   79  125  125    2  14  75   3  116  116  114   12  123   99   99   54
 24  36  24  24  24  47  76  13  13   48   48   76   47  47   65   97   54  127  52  20  72    3    3  160   83   51    1    1   24
125  37 125  81  81  22  14  75  75   70   70   14   22  22   56  103    9   23  10  72  79  151  151  149   85   38   82   82  125
 56  38  56  56  56  28  80   9   9    5    5   80   28  28   63  139  102   56  41  68  29   36   36   33    4   27   62   62   56
 37  39  37  37  37  52  34  55  55   84   84   34   52  52  114   34   19  106  63  36  48   17   17   14   69   86  126  126   37
 95  40  95  75  75  63  58  31  31   12   12   58   63  63   86   22  114  105  78  44  21   51   51   49   24   80   78   78   95
 14  41  14  14  14  74  45  44  44   19   19   45   74  74   62   10  101   58  70  58  58   88   88   86   41   19   44   44   14
 17  42  17  17  17  29  22  67  67   69   69   22   29  29   24  142   82  116  33  88   8  105  105  103   87   15  156  156   17
 46  43  46  46  46  87  59  30  30   34   34   59   87  87  105   86  128  146  64  79  17   90   90   88   39   71   88   88   46
 57  44  57  57  57  67  42  47  47   44   44   42   67  67  126  100  127   83  83  63  56   25   25   22   17   41   18   18   57
 32  45  32  32  32   4  27  62  62   20   20   27    4   4   48    6   73  129  81  59  57   91   91   89   10   35   14   14   32
120  46 120  80  80  77  15  74  74   66   66   15   77  77  142  160   12  102  58  15  34   37   37   34   59   64  160  160  120
155  47 155          42  86   3   3   88   88   86   42  42   52  108    8  112  84  16       60   60   58   48   62  135  135     
 16  48  16  16  16  64  49  40  40    1    1   49   64  64  119  145  123  143  60  52  63   62   62   60   77    6   27   27   16
 51  49  51  51  51  59  48  41  41   14   14   48   59  59   98  104  124   22  85  39  43  145  145  143   21    2   53   53   51
 38  50  38  38  38  76  20  69  69   60   60   20   76  76  154  154   53  101  88  66  55  104  104  102   53   56  137  137   38
130  51 130  82  82  44  62  27  27   58   58   62   44  44  116   28  142   92  57  19  45   94   94   92   52   93   12   12  130
 44  52  44  44  44  43  44  45  45   71   71   44   43  43   75   50   98   70  24  65  74   78   78   76   34  140   34   34   44
 35  53  35  35  35  84  54  35  35   28   28   54   84  84  136   74   63   15  29  86  60  149  149  147   33  153  125  125   35
135  54 135          12  38  51  51   59   59   38   12  12   68   21   64   39  71  22       31   31   28   68   85   79   79     
 69  55  69  69  69  36  73  16  16   86   86   73   36  36  113   79  156   91   6   6  77   52   52   50   70  144  127  127   69
 25  56  25  25  25   1  64  25  25   61   61   64    1   1  103   53  109   44  12  78  40   22   22   19   13   54   83   83   25
 23  57  23  23  23  85  55  34  34    6    6   55   85  85   13   49   31   85   1  53  73  121  121  119   27  138  143  143   23
105  58 105  77  77  75   5  84  84   55   55    5   75  75  131   33   77   33  15  34  24   70   70   68    6   87   64   64  105
  2  59   2   2   2  86  21  68  68   82   82   21   86  86   53   23  152  132  37  64  80   73   73   71   81   46  112  112    2
 40  60  40  40  40  65  47  42  42    9    9   47   65  65  115   40  120   26  75  40   7   86   86   84   51  146  117  117   40
 60  61  60  60  60  33  72  17  17   36   36   72   33  33  134  146   45    1  77  67   1  118  118  116   58   40  116  116   60
160  62 160          79  68  21  21   78   78   68   79  79   39  156  122   34  40  30      138  138  136   46  101   56   56     
 31  63  31  31  31  56  24  65  65   10   10   24   56  56   33   55  157  107  39  51  11  125  125  123   11   88   55   55   31
  8  64   8   8   8   2  74  15  15   11   11   74    2   2  139  112   50   24  36   4  26  129  129  127   29   69   57   57    8
 33  65  33  33  33  66   4  85  85    2    2    4   66  66  153  150   88  122  65  17  19   40   40   38   42  110   28   28   33
150  66 150          11  87   2   2   16   16   87   11  11   96  135   69   68  87  32      131  131  129   60   58    7    7     
 90  67  90  74  74  40  60  29  29   81   81   60   40  40   21  118   25   59   2  80  39  120  120  118   37   20  132  132   90
 18  68  18  18  18   5  53  36  36   63   63   53    5   5   15   12   59  119   5  85  67   99   99   97    7   43  130  130   18
  4  69   4   4   4  20  31  58  58   62   62   31   20  20   82   20   30   64  62  70  13   87   87   85   66   33   48   48    4
 41  70  41  41  41  72  56  33  33   75   75   56   72  72  148   38   36  139  50  77  37  122  122  120   67  148  113  113   41
 62  71  62  62  62  17  23  66  66   50   50   23   17  17  135   68  115   90  48  73  78  136  136  134   56   21  159  159   62
 22  72  22  22  22  27  43  46  46   74   74   43   27  27   71   64   41   21   7  10  44   77   77   75   54   14  153  153   22
 52  73  52  52  52  50  79  10  10   40   40   79   50  50   91  102   21   55  43  54   6   29   29   26   49   10  124  124   52
  3  74   3   3   3  41  40  49  49   73   73   40   41  41   40   17   68  149  31  18  33   50   50   48   57   98   42   42    3
 26  75  26  26  26  37   6  83  83   47   47    6   37  37   57   42  104   87  23  49  82  110  110  108   88   49   41   41   26
  1  76   1   1   1  51  26  63  63   24   24   26   51  51  128   31    2   94  11  82  54   65   65   63    3  132   51   51    1
 58  77  58  58  58   9  29  60  60   41   41   29    9   9  132  120  110  130  21  31  42   82   82   80   76   11  118  118   58
 21  78  21  21  21  13  16  73  73   22   22   16   13  13   26  148   91  142  44  74   9   18   18   15    1  120   31   31   21
 19  79  19  19  19  54  25  64  64   68   68   25   54  54   95   78   96   81  17  55  32  140  140  138   15  131   84   84   19
 48  80  48  48  48  61  32  57  57   85   85   32   61  61   73    9   46   46  59  14  68   80   80   78   35    4  115  115   48
 61  81  61  61  61  34  75  14  14   67   67   75   34  34   60   24  148   74  38  12  38   56   56   54   31   60   74   74   61
 64  82  64  64  64   8  28  61  61   45   45   28    8   8   64  101  131   76  28  69  31   32   32   29    5    8   43   43   64
 12  83  12  12  12  57  35  54  54   87   87   35   57  57   84   81  117   14  16  37  36   79   79   77   72  149   89   89   12
 36  84  36  36  36  73  41  48  48   53   53   41   73  73   93    1   78  136  26  87  64   64   64   62   43  154  152  152   36
 75  85  75  71  71  49  57  32  32   54   54   57   49  49   59  136  160  156  13  47  35  108  108  106   80  157  110  110   75
 45  86  45  45  45  48  61  28  28   57   57   61   48  48   31  122  158    4  72  57  30  146  146  144    8  113  109  109   45
 70  87  70  70  70  60  78  11  11   31   31   78   60  60  155  116   94  108  22  45  59   49   49   47   82   76   45   45   70
140  88 140          15  88   1   1    8    8   88   15  15    6  111  133  103  80  21      160  160  158   26  118   72   72     
 71      71                                                   28   94   97    6              150  150  148        90  108  108     
 72      72                                                   34   44  113  133              109  109  107        34   15   15     
 73      73                                                   92   76  105   60                8    8    5       114   17   17     
 74      74                                                   45   37  143  117               93   93   91        83   95   95     
 76      76                                                  122   48    6  152               81   81   79        77  103  103     
 77      77                                                   80    2  154  148               67   67   65        24   37   37     
 78      78                                                  133  113  139   82               27   27   24       136  157  157     
 79      79                                                  117  106   10  111               55   55   53        57  136  136     
 81      81                                                   37   56  144   80               28   28   25        39  129  129     
 82      82                                                  109   95   79   43               13   13   10        12  131  131     
 83      83                                                  100   60  111   32               16   16   13        63   69   69     
 84      84                                                  151   47   27   16               71   71   69       125  148  148     
 86      86                                                  130   96    7  138              112  112  110         7   29   29     
 87      87                                                   55   16   61   67              158  158  156       106   32   32     
 88      88                                                  159  144   70    5               30   30   27        65    3    3     
 89      89                                                  102   80  100  128               48   48   46       139   67   67     
 91      91                                                   89    7   15   79               89   89   87       126   52   52     
 92      92                                                   20   67   80  109               54   54   52       117    2    2     
 93      93                                                   47   19   28  151               35   35   32        26  104  104     
 94      94                                                    7  159  137   36              113  113  111        52   97   97     
 96      96                                                    3  126   23   45               20   20   17       111   63   63     
 97      97                                                   44  119  146   12               45   45   43        44  151  151     
 98      98                                                   67  131   60   63               75   75   73         9  141  141     
 99      99                                                  118   13    3  125              111  111  109        17   26   26     
101     101                                                   23   27   67   93               69   69   67        31   11   11     
102     102                                                   22   92   90   25              152  152  150       115  123  123     
103     103                                                  160  123  147   29               59   59   57       158   86   86     
104     104                                                   46   32   71   37               85   85   83       107   87   87     
106     106                                                  108    4  112   35               42   42   40        94   19   19     
107     107                                                   78   66  155  120               21   21   18       151   77   77     
108     108                                                  141   36   65  159              103  103  101       133    6    6     
109     109                                                   51   90   57  135              101  101   99       129  100  100     
111     111                                                   29   29   48  121               39   39   37       147   93   93     
112     112                                                   35    8    1   96               41   41   39       150  145  145     
113     113                                                  144   41   26   42              141  141  139        37  134  134     
114     114                                                    2   57   95   78               34   34   31        50   59   59     
116     116                                                   50  138   33   27              137  137  135        81   61   61     
117     117                                                   17  157   44  157              115  115  113        29   96   96     
118     118                                                   83   88  134  155              147  147  145        48  144  144     
119     119                                                   69   35  103   40              100  100   98        95   90   90     
121     121                                                  140  129   85   95               98   98   96         1  142  142     
122     122                                                   10   63   14   47              135  135  133        73  133  133     
123     123                                                   27   69  129  131               76   76   74        75  146  146     
124     124                                                  111   52   86   38               66   66   64       127   24   24     
126     126                                                  121   43  149   84               57   57   55        70   38   38     
127     127                                                   41   91   40  158               97   97   95       143   20   20     
128     128                                                  146   87  153   97              133  133  131       112   22   22     
129     129                                                  104  132  130   13              107  107  105       134  105  105     
131     131                                                  158   11   22   86               33   33   30         5   36   36     
132     132                                                    5   83   83   51              119  119  117        59    4    4     
133     133                                                   87  152   62   30                1    1   35       156    8    8     
134     134                                                   77  151  135    8               10   10    7       141   21   21     
136     136                                                   61  124   43  150                2    2  159        32  147  147     
137     137                                                  149  143   37   62               26   26   23       130   23   23     
138     138                                                  137  158   66   73               58   58   56        22   85   85     
139     139                                                  123   14  108   53               96   96   94        72   40   40     
141     141                                                   25   18  126  104               68   68   66        61   33   33     
142     142                                                   49   93   18  118               24   24   21       103  121  121     
143     143                                                    8   39   92   49               11   11    8         3   54   54     
144     144                                                   11  149   84   19              142  142  140       104   80   80     
146     146                                                  127  141   87   57              128  128  126        18   92   92     
147     147                                                  129   70   39  114               44   44   42        99   25   25     
148     148                                                   18  155  150   31               95   95   93        28  139  139     
149     149                                                  143   89  118   69               74   74   72       128   39   39     
151     151                                                   19   85   56  115               12   12    9       142  119  119     
152     152                                                  145   77  136  145              126  126  124        53   73   73     
153     153                                                   85  107  151   89               38   38   36       152   65   65     
154     154                                                  112  130    4   88              143  143  141       116  106  106     
156     156                                                   74    5   34   65               92   92   90        30  140  140     
157     157                                                   88   59   72  110               15   15   12        45  150  150     
158     158                                                  138   30   42    9               53   53   51        68    9    9     
159     159                                                   38   25   76  160               19   19   16        96  138  138     

========================================================================================
ROW ORDER = Ry  (linear_rank ascending)
========================================================================================
  n  Ry nRk   d l2d  Px  Py Pmy  -y  y2p  x3p  Y2f  X3f   C  h3p  a2p  h2p  a3p   r   s   z h160  pay  lex sPub  sVH sCHK   c4 dbit
-----------------------------------------------------------------------------------------------------------------------------------
 60   1  60  60  60  33  72  17  17   36   36   72   33  33  134  146   45    1  77  67  61  118  118  116   58   40  116  116   60
 55   2  55  55  55  55  10  79  79   25   25   10   55  55   16  147   93   52  74  26  33  127  127  125   74  137  107  107   55
 54   3  54  54  54  35   1  88  88    7    7    1   35  35   79  125  125    2  14  75  35  116  116  114   12  123   99   99   54
 68   4  68  68  68  16  11  78  78   77   77   11   16  16  101  105  138   99  32  13  16  132  132  130    2   36   35   35   68
 49   5  49  49  49  39  65  24  24   17   17   65   39  39   81  127   24   77  49  61  10    6    6    3   38  108   13   13   49
 52   6  52  52  52  50  79  10  10   40   40   79   50  50   91  102   21   55  43  54  73   29   29   26   49   10  124  124   52
 40   7  40  40  40  65  47  42  42    9    9   47   65  65  115   40  120   26  75  40  60   86   86   84   51  146  117  117   40
 17   8  17  17  17  29  22  67  67   69   69   22   29  29   24  142   82  116  33  88  42  105  105  103   87   15  156  156   17
 21   9  21  21  21  13  16  73  73   22   22   16   13  13   26  148   91  142  44  74  78   18   18   15    1  120   31   31   21
 63  10  63  63  63  45  30  59  59   80   80   30   45  45  120  109   13   18  76   8  12  144  144  142   73   23   98   98   63
 31  11  31  31  31  56  24  65  65   10   10   24   56  56   33   55  157  107  39  51  63  125  125  123   11   88   55   55   31
 13  12  13  13  13  70  17  72  72   83   83   17   70  70   94  140   29   11  86  33  30  156  156  154   78   66   49   49   13
  4  13   4   4   4  20  31  58  58   62   62   31   20  20   82   20   30   64  62  70  69   87   87   85   66   33   48   48    4
 53  14  53  53  53   7  37  52  52   29   29   37    7   7   14   99  106    7  45  62   6   23   23   20   23  109   76   76   53
 47  15  47  47  47  24  67  22  22   64   64   67   24  24   43  115   20  100  67  42  15  153  153  151   61   16  149  149   47
 15  16  15  15  15  88  70  19  19   65   65   70   88  88   76  134  121  123  61  83  28  159  159  157   75  100  101  101   15
 46  17  46  46  46  87  59  30  30   34   34   59   87  87  105   86  128  146  64  79  43   90   90   88   39   71   88   88   46
  9  18   9   9   9  31  51  38  38    3    3   51   31  31  156   46   32   17   3  50   3   72   72   70   65   42   91   91    9
 33  19  33  33  33  66   4  85  85    2    2    4   66  66  153  150   88  122  65  17  65   40   40   38   42  110   28   28   33
 20  20  20  20  20  25  52  37  37   79   79   52   25  25  106   73   55   61  18  29  22  106  106  104   44  121   30   30   20
 95  21  95  75  75  63  58  31  31   12   12   58   63  63   86   22  114  105  78  44  40   51   51   49   24   80   78   78   95
 66  22  66  66  66  38  46  43  43   39   39   46   38  38    9   54  116   54  20  23  31   14   14   11   36   67  154  154   66
 80  23  80  72  72  53  36  53  53   15   15   36   53  53   42  117  119  140  51  28  25   61   61   59   50   74   70   70   80
105  24 105  77  77  75   5  84  84   55   55    5   75  75  131   33   77   33  15  34  58   70   70   68    6   87   64   64  105
 34  25  34  34  34  26  71  18  18   23   23   71   26  26   30   84   38  141   8  24  23  148  148  146   16   25  155  155   34
  8  26   8   8   8   2  74  15  15   11   11   74    2   2  139  112   50   24  36   4  64  129  129  127   29   69   57   57    8
 29  27  29  29  29  46  85   4   4   43   43   85   46  46   66   72  140  113  73  60  27   46   46   44   71  122  128  128   29
  5  28   5   5   5  23  18  71  71   51   51   18   23  23   97   15   51   98  47  35  20   84   84   82   79   78  120  120    5
 56  29  56  56  56  28  80   9   9    5    5   80   28  28   63  139  102   56  41  68  38   36   36   33    4   27   62   62   56
 45  30  45  45  45  48  61  28  28   57   57   61   48  48   31  122  158    4  72  57  86  146  146  144    8  113  109  109   45
 64  31  64  64  64   8  28  61  61   45   45   28    8   8   64  101  131   76  28  69  82   32   32   29    5    8   43   43   64
 19  32  19  19  19  54  25  64  64   68   68   25   54  54   95   78   96   81  17  55  79  140  140  138   15  131   84   84   19
  3  33   3   3   3  41  40  49  49   73   73   40   41  41   40   17   68  149  31  18  74   50   50   48   57   98   42   42    3
120  34 120  80  80  77  15  74  74   66   66   15   77  77  142  160   12  102  58  15  46   37   37   34   59   64  160  160  120
 75  35  75  71  71  49  57  32  32   54   54   57   49  49   59  136  160  156  13  47  85  108  108  106   80  157  110  110   75
 12  36  12  12  12  57  35  54  54   87   87   35   57  57   84   81  117   14  16  37  83   79   79   77   72  149   89   89   12
 41  37  41  41  41  72  56  33  33   75   75   56   72  72  148   38   36  139  50  77  70  122  122  120   67  148  113  113   41
 61  38  61  61  61  34  75  14  14   67   67   75   34  34   60   24  148   74  38  12  81   56   56   54   31   60   74   74   61
 90  39  90  74  74  40  60  29  29   81   81   60   40  40   21  118   25   59   2  80  67  120  120  118   37   20  132  132   90
 25  40  25  25  25   1  64  25  25   61   61   64    1   1  103   53  109   44  12  78  56   22   22   19   13   54   83   83   25
 67  41  67  67  67  10  84   5   5   38   38   84   10  10    4   65  132   41  42  76   4   63   63   61   62   79   71   71   67
 58  42  58  58  58   9  29  60  60   41   41   29    9   9  132  120  110  130  21  31  77   82   82   80   76   11  118  118   58
 51  43  51  51  51  59  48  41  41   14   14   48   59  59   98  104  124   22  85  39  49  145  145  143   21    2   53   53   51
 22  44  22  22  22  27  43  46  46   74   74   43   27  27   71   64   41   21   7  10  72   77   77   75   54   14  153  153   22
130  45 130  82  82  44  62  27  27   58   58   62   44  44  116   28  142   92  57  19  51   94   94   92   52   93   12   12  130
 43  46  43  43  43  68  69  20  20   56   56   69   68  68   58   45   35   75  27  25   5  155  155  153   14   55  114  114   43
115  47 115  79  79  32  39  50  50   46   46   39   32  32  150   26   17  154  55   5   1  139  139  137   25   91   94   94  115
 37  48  37  37  37  52  34  55  55   84   84   34   52  52  114   34   19  106  63  36  39   17   17   14   69   86  126  126   37
 11  49  11  11  11  58  12  77  77   21   21   12   58  58   54  121  141   72   9  84  14  154  154  152   20  155   60   60   11
 30  50  30  30  30   6  63  26  26   42   42   63    6   6   90  110   58   66  66   2  32  123  123  121   18  105   10   10   30
 10  51  10  10  10  69  77  12  12   27   27   77   69  69   72  114   89  153  56  41  24  124  124  122   45  135  111  111   10
  7  52   7   7   7  62  66  23  23   76   76   66   62  62  124   62   74   28  69   9   9  134  134  132    9   89   50   50    7
 39  53  39  39  39  19  19  70  70   32   32   19   19  19   12   75    5   20  46   3  26    4    4    1   63   13   58   58   39
  1  54   1   1   1  51  26  63  63   24   24   26   51  51  128   31    2   94  11  82  76   65   65   63    3  132   51   51    1
 38  55  38  38  38  76  20  69  69   60   60   20   76  76  154  154   53  101  88  66  50  104  104  102   53   56  137  137   38
 57  56  57  57  57  67  42  47  47   44   44   42   67  67  126  100  127   83  83  63  44   25   25   22   17   41   18   18   57
 32  57  32  32  32   4  27  62  62   20   20   27    4   4   48    6   73  129  81  59  45   91   91   89   10   35   14   14   32
 14  58  14  14  14  74  45  44  44   19   19   45   74  74   62   10  101   58  70  58  41   88   88   86   41   19   44   44   14
 70  59  70  70  70  60  78  11  11   31   31   78   60  60  155  116   94  108  22  45  87   49   49   47   82   76   45   45   70
 35  60  35  35  35  84  54  35  35   28   28   54   84  84  136   74   63   15  29  86  53  149  149  147   33  153  125  125   35
 59  61  59  59  59  30   8  81  81   37   37    8   30  30   36   98   99   50  53  11  17  102  102  100   22   84   68   68   59
 85  62  85  73  73  18   9  80  80   26   26    9   18  18   99  128  145  124   4  81  29  117  117  115   28  124    5    5   85
 16  63  16  16  16  64  49  40  40    1    1   49   64  64  119  145  123  143  60  52  48   62   62   60   77    6   27   27   16
 36  64  36  36  36  73  41  48  48   53   53   41   73  73   93    1   78  136  26  87  84   64   64   62   43  154  152  152   36
  6  65   6   6   6  82  81   8   8   30   30   81   82  82  125    3   47  134  30   1  19  157  157  155   32  145   81   81    6
 65  66  65  65  65  21  82   7   7   13   13   82   21  21  147  137   49    3  35  46  18   43   43   41   40  159  158  158   65
 18  67  18  18  18   5  53  36  36   63   63   53    5   5   15   12   59  119   5  85  68   99   99   97    7   43  130  130   18
 48  68  48  48  48  61  32  57  57   85   85   32   61  61   73    9   46   46  59  14  80   80   80   78   35    4  115  115   48
110  69 110  78  78   3   2  87  87   72   72    2    3   3  157   58  159   48  19  38   2    7    7    4   19   92   46   46  110
 27  70  27  27  27  14   3  86  86    4    4    3   14  14   32   51  107   10  68  48   8    5    5    2   47   47  122  122   27
 42  71  42  42  42  81  13  76  76   18   18   13   81  81   70   71   52  144  82  27  34   83   83   81   86  119   16   16   42
 24  72  24  24  24  47  76  13  13   48   48   76   47  47   65   97   54  127  52  20  36    3    3  160   83   51    1    1   24
 23  73  23  23  23  85  55  34  34    6    6   55   85  85   13   49   31   85   1  53  57  121  121  119   27  138  143  143   23
 44  74  44  44  44  43  44  45  45   71   71   44   43  43   75   50   98   70  24  65  52   78   78   76   34  140   34   34   44
 50  75  50  50  50  83  83   6   6   52   52   83   83  83  110   82   75  147  25  43  13  130  130  128   55   82  102  102   50
100  76 100  76  76  78  50  39  39   35   35   50   78  78  152   61   81  137  34  56  11  114  114  112   30   97   47   47  100
 69  77  69  69  69  36  73  16  16   86   86   73   36  36  113   79  156   91   6   6  55   52   52   50   70  144  127  127   69
 62  78  62  62  62  17  23  66  66   50   50   23   17  17  135   68  115   90  48  73  71  136  136  134   56   21  159  159   62
125  79 125  81  81  22  14  75  75   70   70   14   22  22   56  103    9   23  10  72  37  151  151  149   85   38   82   82  125
  2  80   2   2   2  86  21  68  68   82   82   21   86  86   53   23  152  132  37  64  59   73   73   71   81   46  112  112    2
 28  81  28  28  28  80   7  82  82   49   49    7   80  80    1  153   11   71  79  71  21    9    9    6   64  160   66   66   28
 26  82  26  26  26  37   6  83  83   47   47    6   37  37   57   42  104   87  23  49  75  110  110  108   88   49   41   41   26
 71      71                                                   28   94   97    6              150  150  148        90  108  108     
 72      72                                                   34   44  113  133              109  109  107        34   15   15     
 73      73                                                   92   76  105   60                8    8    5       114   17   17     
 74      74                                                   45   37  143  117               93   93   91        83   95   95     
 76      76                                                  122   48    6  152               81   81   79        77  103  103     
 77      77                                                   80    2  154  148               67   67   65        24   37   37     
 78      78                                                  133  113  139   82               27   27   24       136  157  157     
 79      79                                                  117  106   10  111               55   55   53        57  136  136     
 81      81                                                   37   56  144   80               28   28   25        39  129  129     
 82      82                                                  109   95   79   43               13   13   10        12  131  131     
 83      83                                                  100   60  111   32               16   16   13        63   69   69     
 84      84                                                  151   47   27   16               71   71   69       125  148  148     
 86      86                                                  130   96    7  138              112  112  110         7   29   29     
 87      87                                                   55   16   61   67              158  158  156       106   32   32     
 88      88                                                  159  144   70    5               30   30   27        65    3    3     
 89      89                                                  102   80  100  128               48   48   46       139   67   67     
 91      91                                                   89    7   15   79               89   89   87       126   52   52     
 92      92                                                   20   67   80  109               54   54   52       117    2    2     
 93      93                                                   47   19   28  151               35   35   32        26  104  104     
 94      94                                                    7  159  137   36              113  113  111        52   97   97     
 96      96                                                    3  126   23   45               20   20   17       111   63   63     
 97      97                                                   44  119  146   12               45   45   43        44  151  151     
 98      98                                                   67  131   60   63               75   75   73         9  141  141     
 99      99                                                  118   13    3  125              111  111  109        17   26   26     
101     101                                                   23   27   67   93               69   69   67        31   11   11     
102     102                                                   22   92   90   25              152  152  150       115  123  123     
103     103                                                  160  123  147   29               59   59   57       158   86   86     
104     104                                                   46   32   71   37               85   85   83       107   87   87     
106     106                                                  108    4  112   35               42   42   40        94   19   19     
107     107                                                   78   66  155  120               21   21   18       151   77   77     
108     108                                                  141   36   65  159              103  103  101       133    6    6     
109     109                                                   51   90   57  135              101  101   99       129  100  100     
111     111                                                   29   29   48  121               39   39   37       147   93   93     
112     112                                                   35    8    1   96               41   41   39       150  145  145     
113     113                                                  144   41   26   42              141  141  139        37  134  134     
114     114                                                    2   57   95   78               34   34   31        50   59   59     
116     116                                                   50  138   33   27              137  137  135        81   61   61     
117     117                                                   17  157   44  157              115  115  113        29   96   96     
118     118                                                   83   88  134  155              147  147  145        48  144  144     
119     119                                                   69   35  103   40              100  100   98        95   90   90     
121     121                                                  140  129   85   95               98   98   96         1  142  142     
122     122                                                   10   63   14   47              135  135  133        73  133  133     
123     123                                                   27   69  129  131               76   76   74        75  146  146     
124     124                                                  111   52   86   38               66   66   64       127   24   24     
126     126                                                  121   43  149   84               57   57   55        70   38   38     
127     127                                                   41   91   40  158               97   97   95       143   20   20     
128     128                                                  146   87  153   97              133  133  131       112   22   22     
129     129                                                  104  132  130   13              107  107  105       134  105  105     
131     131                                                  158   11   22   86               33   33   30         5   36   36     
132     132                                                    5   83   83   51              119  119  117        59    4    4     
133     133                                                   87  152   62   30                1    1   35       156    8    8     
134     134                                                   77  151  135    8               10   10    7       141   21   21     
135     135          12  38  51  51   59   59   38   12  12   68   21   64   39  71  22  54   31   31   28   68   85   79   79     
136     136                                                   61  124   43  150                2    2  159        32  147  147     
137     137                                                  149  143   37   62               26   26   23       130   23   23     
138     138                                                  137  158   66   73               58   58   56        22   85   85     
139     139                                                  123   14  108   53               96   96   94        72   40   40     
140     140          15  88   1   1    8    8   88   15  15    6  111  133  103  80  21  88  160  160  158   26  118   72   72     
141     141                                                   25   18  126  104               68   68   66        61   33   33     
142     142                                                   49   93   18  118               24   24   21       103  121  121     
143     143                                                    8   39   92   49               11   11    8         3   54   54     
144     144                                                   11  149   84   19              142  142  140       104   80   80     
145     145          71  33  56  56   33   33   33   71  71  107  133   16  126  54   7   7   47   47   45   84  102   75   75     
146     146                                                  127  141   87   57              128  128  126        18   92   92     
147     147                                                  129   70   39  114               44   44   42        99   25   25     
148     148                                                   18  155  150   31               95   95   93        28  139  139     
149     149                                                  143   89  118   69               74   74   72       128   39   39     
150     150          11  87   2   2   16   16   87   11  11   96  135   69   68  87  32  66  131  131  129   60   58    7    7     
151     151                                                   19   85   56  115               12   12    9       142  119  119     
152     152                                                  145   77  136  145              126  126  124        53   73   73     
153     153                                                   85  107  151   89               38   38   36       152   65   65     
154     154                                                  112  130    4   88              143  143  141       116  106  106     
155     155          42  86   3   3   88   88   86   42  42   52  108    8  112  84  16  47   60   60   58   48   62  135  135     
156     156                                                   74    5   34   65               92   92   90        30  140  140     
157     157                                                   88   59   72  110               15   15   12        45  150  150     
158     158                                                  138   30   42    9               53   53   51        68    9    9     
159     159                                                   38   25   76  160               19   19   16        96  138  138     
160     160          79  68  21  21   78   78   68   79  79   39  156  122   34  40  30  62  138  138  136   46  101   56   56     

========================================================================================
ROW ORDER = rmd160  (linear_rank ascending)
========================================================================================
  n h160 nRk   d l2d  Px  Py Pmy  -y  y2p  x3p  Y2f  X3f   C  h3p  a2p  h2p  a3p   r   s   z  Ry  pay  lex sPub  sVH sCHK   c4 dbit
-----------------------------------------------------------------------------------------------------------------------------------
133    1 133                                                   87  152   62   30                    1   35       156    8    8     
136    2 136                                                   61  124   43  150                    2  159        32  147  147     
 24    3  24  24  24  47  76  13  13   48   48   76   47  47   65   97   54  127  52  20  36  72    3  160   83   51    1    1   24
 39    4  39  39  39  19  19  70  70   32   32   19   19  19   12   75    5   20  46   3  26  53    4    1   63   13   58   58   39
 27    5  27  27  27  14   3  86  86    4    4    3   14  14   32   51  107   10  68  48   8  70    5    2   47   47  122  122   27
 49    6  49  49  49  39  65  24  24   17   17   65   39  39   81  127   24   77  49  61  10   5    6    3   38  108   13   13   49
110    7 110  78  78   3   2  87  87   72   72    2    3   3  157   58  159   48  19  38   2  69    7    4   19   92   46   46  110
 73    8  73                                                   92   76  105   60                    8    5       114   17   17     
 28    9  28  28  28  80   7  82  82   49   49    7   80  80    1  153   11   71  79  71  21  81    9    6   64  160   66   66   28
134   10 134                                                   77  151  135    8                   10    7       141   21   21     
143   11 143                                                    8   39   92   49                   11    8         3   54   54     
151   12 151                                                   19   85   56  115                   12    9       142  119  119     
 82   13  82                                                  109   95   79   43                   13   10        12  131  131     
 66   14  66  66  66  38  46  43  43   39   39   46   38  38    9   54  116   54  20  23  31  22   14   11   36   67  154  154   66
157   15 157                                                   88   59   72  110                   15   12        45  150  150     
 83   16  83                                                  100   60  111   32                   16   13        63   69   69     
 37   17  37  37  37  52  34  55  55   84   84   34   52  52  114   34   19  106  63  36  39  48   17   14   69   86  126  126   37
 21   18  21  21  21  13  16  73  73   22   22   16   13  13   26  148   91  142  44  74  78   9   18   15    1  120   31   31   21
159   19 159                                                   38   25   76  160                   19   16        96  138  138     
 96   20  96                                                    3  126   23   45                   20   17       111   63   63     
107   21 107                                                   78   66  155  120                   21   18       151   77   77     
 25   22  25  25  25   1  64  25  25   61   61   64    1   1  103   53  109   44  12  78  56  40   22   19   13   54   83   83   25
 53   23  53  53  53   7  37  52  52   29   29   37    7   7   14   99  106    7  45  62   6  14   23   20   23  109   76   76   53
142   24 142                                                   49   93   18  118                   24   21       103  121  121     
 57   25  57  57  57  67  42  47  47   44   44   42   67  67  126  100  127   83  83  63  44  56   25   22   17   41   18   18   57
137   26 137                                                  149  143   37   62                   26   23       130   23   23     
 78   27  78                                                  133  113  139   82                   27   24       136  157  157     
 81   28  81                                                   37   56  144   80                   28   25        39  129  129     
 52   29  52  52  52  50  79  10  10   40   40   79   50  50   91  102   21   55  43  54  73   6   29   26   49   10  124  124   52
 88   30  88                                                  159  144   70    5                   30   27        65    3    3     
135   31 135          12  38  51  51   59   59   38   12  12   68   21   64   39  71  22  54       31   28   68   85   79   79     
 64   32  64  64  64   8  28  61  61   45   45   28    8   8   64  101  131   76  28  69  82  31   32   29    5    8   43   43   64
131   33 131                                                  158   11   22   86                   33   30         5   36   36     
114   34 114                                                    2   57   95   78                   34   31        50   59   59     
 93   35  93                                                   47   19   28  151                   35   32        26  104  104     
 56   36  56  56  56  28  80   9   9    5    5   80   28  28   63  139  102   56  41  68  38  29   36   33    4   27   62   62   56
120   37 120  80  80  77  15  74  74   66   66   15   77  77  142  160   12  102  58  15  46  34   37   34   59   64  160  160  120
153   38 153                                                   85  107  151   89                   38   36       152   65   65     
111   39 111                                                   29   29   48  121                   39   37       147   93   93     
 33   40  33  33  33  66   4  85  85    2    2    4   66  66  153  150   88  122  65  17  65  19   40   38   42  110   28   28   33
112   41 112                                                   35    8    1   96                   41   39       150  145  145     
106   42 106                                                  108    4  112   35                   42   40        94   19   19     
 65   43  65  65  65  21  82   7   7   13   13   82   21  21  147  137   49    3  35  46  18  66   43   41   40  159  158  158   65
147   44 147                                                  129   70   39  114                   44   42        99   25   25     
 97   45  97                                                   44  119  146   12                   45   43        44  151  151     
 29   46  29  29  29  46  85   4   4   43   43   85   46  46   66   72  140  113  73  60  27  27   46   44   71  122  128  128   29
145   47 145          71  33  56  56   33   33   33   71  71  107  133   16  126  54   7   7       47   45   84  102   75   75     
 89   48  89                                                  102   80  100  128                   48   46       139   67   67     
 70   49  70  70  70  60  78  11  11   31   31   78   60  60  155  116   94  108  22  45  87  59   49   47   82   76   45   45   70
  3   50   3   3   3  41  40  49  49   73   73   40   41  41   40   17   68  149  31  18  74  33   50   48   57   98   42   42    3
 95   51  95  75  75  63  58  31  31   12   12   58   63  63   86   22  114  105  78  44  40  21   51   49   24   80   78   78   95
 69   52  69  69  69  36  73  16  16   86   86   73   36  36  113   79  156   91   6   6  55  77   52   50   70  144  127  127   69
158   53 158                                                  138   30   42    9                   53   51        68    9    9     
 92   54  92                                                   20   67   80  109                   54   52       117    2    2     
 79   55  79                                                  117  106   10  111                   55   53        57  136  136     
 61   56  61  61  61  34  75  14  14   67   67   75   34  34   60   24  148   74  38  12  81  38   56   54   31   60   74   74   61
126   57 126                                                  121   43  149   84                   57   55        70   38   38     
138   58 138                                                  137  158   66   73                   58   56        22   85   85     
103   59 103                                                  160  123  147   29                   59   57       158   86   86     
155   60 155          42  86   3   3   88   88   86   42  42   52  108    8  112  84  16  47       60   58   48   62  135  135     
 80   61  80  72  72  53  36  53  53   15   15   36   53  53   42  117  119  140  51  28  25  23   61   59   50   74   70   70   80
 16   62  16  16  16  64  49  40  40    1    1   49   64  64  119  145  123  143  60  52  48  63   62   60   77    6   27   27   16
 67   63  67  67  67  10  84   5   5   38   38   84   10  10    4   65  132   41  42  76   4  41   63   61   62   79   71   71   67
 36   64  36  36  36  73  41  48  48   53   53   41   73  73   93    1   78  136  26  87  84  64   64   62   43  154  152  152   36
  1   65   1   1   1  51  26  63  63   24   24   26   51  51  128   31    2   94  11  82  76  54   65   63    3  132   51   51    1
124   66 124                                                  111   52   86   38                   66   64       127   24   24     
 77   67  77                                                   80    2  154  148                   67   65        24   37   37     
141   68 141                                                   25   18  126  104                   68   66        61   33   33     
101   69 101                                                   23   27   67   93                   69   67        31   11   11     
105   70 105  77  77  75   5  84  84   55   55    5   75  75  131   33   77   33  15  34  58  24   70   68    6   87   64   64  105
 84   71  84                                                  151   47   27   16                   71   69       125  148  148     
  9   72   9   9   9  31  51  38  38    3    3   51   31  31  156   46   32   17   3  50   3  18   72   70   65   42   91   91    9
  2   73   2   2   2  86  21  68  68   82   82   21   86  86   53   23  152  132  37  64  59  80   73   71   81   46  112  112    2
149   74 149                                                  143   89  118   69                   74   72       128   39   39     
 98   75  98                                                   67  131   60   63                   75   73         9  141  141     
123   76 123                                                   27   69  129  131                   76   74        75  146  146     
 22   77  22  22  22  27  43  46  46   74   74   43   27  27   71   64   41   21   7  10  72  44   77   75   54   14  153  153   22
 44   78  44  44  44  43  44  45  45   71   71   44   43  43   75   50   98   70  24  65  52  74   78   76   34  140   34   34   44
 12   79  12  12  12  57  35  54  54   87   87   35   57  57   84   81  117   14  16  37  83  36   79   77   72  149   89   89   12
 48   80  48  48  48  61  32  57  57   85   85   32   61  61   73    9   46   46  59  14  80  68   80   78   35    4  115  115   48
 76   81  76                                                  122   48    6  152                   81   79        77  103  103     
 58   82  58  58  58   9  29  60  60   41   41   29    9   9  132  120  110  130  21  31  77  42   82   80   76   11  118  118   58
 42   83  42  42  42  81  13  76  76   18   18   13   81  81   70   71   52  144  82  27  34  71   83   81   86  119   16   16   42
  5   84   5   5   5  23  18  71  71   51   51   18   23  23   97   15   51   98  47  35  20  28   84   82   79   78  120  120    5
104   85 104                                                   46   32   71   37                   85   83       107   87   87     
 40   86  40  40  40  65  47  42  42    9    9   47   65  65  115   40  120   26  75  40  60   7   86   84   51  146  117  117   40
  4   87   4   4   4  20  31  58  58   62   62   31   20  20   82   20   30   64  62  70  69  13   87   85   66   33   48   48    4
 14   88  14  14  14  74  45  44  44   19   19   45   74  74   62   10  101   58  70  58  41  58   88   86   41   19   44   44   14
 91   89  91                                                   89    7   15   79                   89   87       126   52   52     
 46   90  46  46  46  87  59  30  30   34   34   59   87  87  105   86  128  146  64  79  43  17   90   88   39   71   88   88   46
 32   91  32  32  32   4  27  62  62   20   20   27    4   4   48    6   73  129  81  59  45  57   91   89   10   35   14   14   32
156   92 156                                                   74    5   34   65                   92   90        30  140  140     
 74   93  74                                                   45   37  143  117                   93   91        83   95   95     
130   94 130  82  82  44  62  27  27   58   58   62   44  44  116   28  142   92  57  19  51  45   94   92   52   93   12   12  130
148   95 148                                                   18  155  150   31                   95   93        28  139  139     
139   96 139                                                  123   14  108   53                   96   94        72   40   40     
127   97 127                                                   41   91   40  158                   97   95       143   20   20     
121   98 121                                                  140  129   85   95                   98   96         1  142  142     
 18   99  18  18  18   5  53  36  36   63   63   53    5   5   15   12   59  119   5  85  68  67   99   97    7   43  130  130   18
119  100 119                                                   69   35  103   40                  100   98        95   90   90     
109  101 109                                                   51   90   57  135                  101   99       129  100  100     
 59  102  59  59  59  30   8  81  81   37   37    8   30  30   36   98   99   50  53  11  17  61  102  100   22   84   68   68   59
108  103 108                                                  141   36   65  159                  103  101       133    6    6     
 38  104  38  38  38  76  20  69  69   60   60   20   76  76  154  154   53  101  88  66  50  55  104  102   53   56  137  137   38
 17  105  17  17  17  29  22  67  67   69   69   22   29  29   24  142   82  116  33  88  42   8  105  103   87   15  156  156   17
 20  106  20  20  20  25  52  37  37   79   79   52   25  25  106   73   55   61  18  29  22  20  106  104   44  121   30   30   20
129  107 129                                                  104  132  130   13                  107  105       134  105  105     
 75  108  75  71  71  49  57  32  32   54   54   57   49  49   59  136  160  156  13  47  85  35  108  106   80  157  110  110   75
 72  109  72                                                   34   44  113  133                  109  107        34   15   15     
 26  110  26  26  26  37   6  83  83   47   47    6   37  37   57   42  104   87  23  49  75  82  110  108   88   49   41   41   26
 99  111  99                                                  118   13    3  125                  111  109        17   26   26     
 86  112  86                                                  130   96    7  138                  112  110         7   29   29     
 94  113  94                                                    7  159  137   36                  113  111        52   97   97     
100  114 100  76  76  78  50  39  39   35   35   50   78  78  152   61   81  137  34  56  11  76  114  112   30   97   47   47  100
117  115 117                                                   17  157   44  157                  115  113        29   96   96     
 54  116  54  54  54  35   1  88  88    7    7    1   35  35   79  125  125    2  14  75  35   3  116  114   12  123   99   99   54
 85  117  85  73  73  18   9  80  80   26   26    9   18  18   99  128  145  124   4  81  29  62  117  115   28  124    5    5   85
 60  118  60  60  60  33  72  17  17   36   36   72   33  33  134  146   45    1  77  67  61   1  118  116   58   40  116  116   60
132  119 132                                                    5   83   83   51                  119  117        59    4    4     
 90  120  90  74  74  40  60  29  29   81   81   60   40  40   21  118   25   59   2  80  67  39  120  118   37   20  132  132   90
 23  121  23  23  23  85  55  34  34    6    6   55   85  85   13   49   31   85   1  53  57  73  121  119   27  138  143  143   23
 41  122  41  41  41  72  56  33  33   75   75   56   72  72  148   38   36  139  50  77  70  37  122  120   67  148  113  113   41
 30  123  30  30  30   6  63  26  26   42   42   63    6   6   90  110   58   66  66   2  32  50  123  121   18  105   10   10   30
 10  124  10  10  10  69  77  12  12   27   27   77   69  69   72  114   89  153  56  41  24  51  124  122   45  135  111  111   10
 31  125  31  31  31  56  24  65  65   10   10   24   56  56   33   55  157  107  39  51  63  11  125  123   11   88   55   55   31
152  126 152                                                  145   77  136  145                  126  124        53   73   73     
 55  127  55  55  55  55  10  79  79   25   25   10   55  55   16  147   93   52  74  26  33   2  127  125   74  137  107  107   55
146  128 146                                                  127  141   87   57                  128  126        18   92   92     
  8  129   8   8   8   2  74  15  15   11   11   74    2   2  139  112   50   24  36   4  64  26  129  127   29   69   57   57    8
 50  130  50  50  50  83  83   6   6   52   52   83   83  83  110   82   75  147  25  43  13  75  130  128   55   82  102  102   50
150  131 150          11  87   2   2   16   16   87   11  11   96  135   69   68  87  32  66      131  129   60   58    7    7     
 68  132  68  68  68  16  11  78  78   77   77   11   16  16  101  105  138   99  32  13  16   4  132  130    2   36   35   35   68
128  133 128                                                  146   87  153   97                  133  131       112   22   22     
  7  134   7   7   7  62  66  23  23   76   76   66   62  62  124   62   74   28  69   9   9  52  134  132    9   89   50   50    7
122  135 122                                                   10   63   14   47                  135  133        73  133  133     
 62  136  62  62  62  17  23  66  66   50   50   23   17  17  135   68  115   90  48  73  71  78  136  134   56   21  159  159   62
116  137 116                                                   50  138   33   27                  137  135        81   61   61     
160  138 160          79  68  21  21   78   78   68   79  79   39  156  122   34  40  30  62      138  136   46  101   56   56     
115  139 115  79  79  32  39  50  50   46   46   39   32  32  150   26   17  154  55   5   1  47  139  137   25   91   94   94  115
 19  140  19  19  19  54  25  64  64   68   68   25   54  54   95   78   96   81  17  55  79  32  140  138   15  131   84   84   19
113  141 113                                                  144   41   26   42                  141  139        37  134  134     
144  142 144                                                   11  149   84   19                  142  140       104   80   80     
154  143 154                                                  112  130    4   88                  143  141       116  106  106     
 63  144  63  63  63  45  30  59  59   80   80   30   45  45  120  109   13   18  76   8  12  10  144  142   73   23   98   98   63
 51  145  51  51  51  59  48  41  41   14   14   48   59  59   98  104  124   22  85  39  49  43  145  143   21    2   53   53   51
 45  146  45  45  45  48  61  28  28   57   57   61   48  48   31  122  158    4  72  57  86  30  146  144    8  113  109  109   45
118  147 118                                                   83   88  134  155                  147  145        48  144  144     
 34  148  34  34  34  26  71  18  18   23   23   71   26  26   30   84   38  141   8  24  23  25  148  146   16   25  155  155   34
 35  149  35  35  35  84  54  35  35   28   28   54   84  84  136   74   63   15  29  86  53  60  149  147   33  153  125  125   35
 71  150  71                                                   28   94   97    6                  150  148        90  108  108     
125  151 125  81  81  22  14  75  75   70   70   14   22  22   56  103    9   23  10  72  37  79  151  149   85   38   82   82  125
102  152 102                                                   22   92   90   25                  152  150       115  123  123     
 47  153  47  47  47  24  67  22  22   64   64   67   24  24   43  115   20  100  67  42  15  15  153  151   61   16  149  149   47
 11  154  11  11  11  58  12  77  77   21   21   12   58  58   54  121  141   72   9  84  14  49  154  152   20  155   60   60   11
 43  155  43  43  43  68  69  20  20   56   56   69   68  68   58   45   35   75  27  25   5  46  155  153   14   55  114  114   43
 13  156  13  13  13  70  17  72  72   83   83   17   70  70   94  140   29   11  86  33  30  12  156  154   78   66   49   49   13
  6  157   6   6   6  82  81   8   8   30   30   81   82  82  125    3   47  134  30   1  19  65  157  155   32  145   81   81    6
 87  158  87                                                   55   16   61   67                  158  156       106   32   32     
 15  159  15  15  15  88  70  19  19   65   65   70   88  88   76  134  121  123  61  83  28  16  159  157   75  100  101  101   15
140  160 140          15  88   1   1    8    8   88   15  15    6  111  133  103  80  21  88      160  158   26  118   72   72     

========================================================================================
ROW ORDER = address_payload  (linear_rank ascending)
========================================================================================
  n  pay nRk   d l2d  Px  Py Pmy  -y  y2p  x3p  Y2f  X3f   C  h3p  a2p  h2p  a3p   r   s   z  Ry h160  lex sPub  sVH sCHK   c4 dbit
-----------------------------------------------------------------------------------------------------------------------------------
133    1 133                                                   87  152   62   30                    1   35       156    8    8     
136    2 136                                                   61  124   43  150                    2  159        32  147  147     
 24    3  24  24  24  47  76  13  13   48   48   76   47  47   65   97   54  127  52  20  36  72    3  160   83   51    1    1   24
 39    4  39  39  39  19  19  70  70   32   32   19   19  19   12   75    5   20  46   3  26  53    4    1   63   13   58   58   39
 27    5  27  27  27  14   3  86  86    4    4    3   14  14   32   51  107   10  68  48   8  70    5    2   47   47  122  122   27
 49    6  49  49  49  39  65  24  24   17   17   65   39  39   81  127   24   77  49  61  10   5    6    3   38  108   13   13   49
110    7 110  78  78   3   2  87  87   72   72    2    3   3  157   58  159   48  19  38   2  69    7    4   19   92   46   46  110
 73    8  73                                                   92   76  105   60                    8    5       114   17   17     
 28    9  28  28  28  80   7  82  82   49   49    7   80  80    1  153   11   71  79  71  21  81    9    6   64  160   66   66   28
134   10 134                                                   77  151  135    8                   10    7       141   21   21     
143   11 143                                                    8   39   92   49                   11    8         3   54   54     
151   12 151                                                   19   85   56  115                   12    9       142  119  119     
 82   13  82                                                  109   95   79   43                   13   10        12  131  131     
 66   14  66  66  66  38  46  43  43   39   39   46   38  38    9   54  116   54  20  23  31  22   14   11   36   67  154  154   66
157   15 157                                                   88   59   72  110                   15   12        45  150  150     
 83   16  83                                                  100   60  111   32                   16   13        63   69   69     
 37   17  37  37  37  52  34  55  55   84   84   34   52  52  114   34   19  106  63  36  39  48   17   14   69   86  126  126   37
 21   18  21  21  21  13  16  73  73   22   22   16   13  13   26  148   91  142  44  74  78   9   18   15    1  120   31   31   21
159   19 159                                                   38   25   76  160                   19   16        96  138  138     
 96   20  96                                                    3  126   23   45                   20   17       111   63   63     
107   21 107                                                   78   66  155  120                   21   18       151   77   77     
 25   22  25  25  25   1  64  25  25   61   61   64    1   1  103   53  109   44  12  78  56  40   22   19   13   54   83   83   25
 53   23  53  53  53   7  37  52  52   29   29   37    7   7   14   99  106    7  45  62   6  14   23   20   23  109   76   76   53
142   24 142                                                   49   93   18  118                   24   21       103  121  121     
 57   25  57  57  57  67  42  47  47   44   44   42   67  67  126  100  127   83  83  63  44  56   25   22   17   41   18   18   57
137   26 137                                                  149  143   37   62                   26   23       130   23   23     
 78   27  78                                                  133  113  139   82                   27   24       136  157  157     
 81   28  81                                                   37   56  144   80                   28   25        39  129  129     
 52   29  52  52  52  50  79  10  10   40   40   79   50  50   91  102   21   55  43  54  73   6   29   26   49   10  124  124   52
 88   30  88                                                  159  144   70    5                   30   27        65    3    3     
135   31 135          12  38  51  51   59   59   38   12  12   68   21   64   39  71  22  54       31   28   68   85   79   79     
 64   32  64  64  64   8  28  61  61   45   45   28    8   8   64  101  131   76  28  69  82  31   32   29    5    8   43   43   64
131   33 131                                                  158   11   22   86                   33   30         5   36   36     
114   34 114                                                    2   57   95   78                   34   31        50   59   59     
 93   35  93                                                   47   19   28  151                   35   32        26  104  104     
 56   36  56  56  56  28  80   9   9    5    5   80   28  28   63  139  102   56  41  68  38  29   36   33    4   27   62   62   56
120   37 120  80  80  77  15  74  74   66   66   15   77  77  142  160   12  102  58  15  46  34   37   34   59   64  160  160  120
153   38 153                                                   85  107  151   89                   38   36       152   65   65     
111   39 111                                                   29   29   48  121                   39   37       147   93   93     
 33   40  33  33  33  66   4  85  85    2    2    4   66  66  153  150   88  122  65  17  65  19   40   38   42  110   28   28   33
112   41 112                                                   35    8    1   96                   41   39       150  145  145     
106   42 106                                                  108    4  112   35                   42   40        94   19   19     
 65   43  65  65  65  21  82   7   7   13   13   82   21  21  147  137   49    3  35  46  18  66   43   41   40  159  158  158   65
147   44 147                                                  129   70   39  114                   44   42        99   25   25     
 97   45  97                                                   44  119  146   12                   45   43        44  151  151     
 29   46  29  29  29  46  85   4   4   43   43   85   46  46   66   72  140  113  73  60  27  27   46   44   71  122  128  128   29
145   47 145          71  33  56  56   33   33   33   71  71  107  133   16  126  54   7   7       47   45   84  102   75   75     
 89   48  89                                                  102   80  100  128                   48   46       139   67   67     
 70   49  70  70  70  60  78  11  11   31   31   78   60  60  155  116   94  108  22  45  87  59   49   47   82   76   45   45   70
  3   50   3   3   3  41  40  49  49   73   73   40   41  41   40   17   68  149  31  18  74  33   50   48   57   98   42   42    3
 95   51  95  75  75  63  58  31  31   12   12   58   63  63   86   22  114  105  78  44  40  21   51   49   24   80   78   78   95
 69   52  69  69  69  36  73  16  16   86   86   73   36  36  113   79  156   91   6   6  55  77   52   50   70  144  127  127   69
158   53 158                                                  138   30   42    9                   53   51        68    9    9     
 92   54  92                                                   20   67   80  109                   54   52       117    2    2     
 79   55  79                                                  117  106   10  111                   55   53        57  136  136     
 61   56  61  61  61  34  75  14  14   67   67   75   34  34   60   24  148   74  38  12  81  38   56   54   31   60   74   74   61
126   57 126                                                  121   43  149   84                   57   55        70   38   38     
138   58 138                                                  137  158   66   73                   58   56        22   85   85     
103   59 103                                                  160  123  147   29                   59   57       158   86   86     
155   60 155          42  86   3   3   88   88   86   42  42   52  108    8  112  84  16  47       60   58   48   62  135  135     
 80   61  80  72  72  53  36  53  53   15   15   36   53  53   42  117  119  140  51  28  25  23   61   59   50   74   70   70   80
 16   62  16  16  16  64  49  40  40    1    1   49   64  64  119  145  123  143  60  52  48  63   62   60   77    6   27   27   16
 67   63  67  67  67  10  84   5   5   38   38   84   10  10    4   65  132   41  42  76   4  41   63   61   62   79   71   71   67
 36   64  36  36  36  73  41  48  48   53   53   41   73  73   93    1   78  136  26  87  84  64   64   62   43  154  152  152   36
  1   65   1   1   1  51  26  63  63   24   24   26   51  51  128   31    2   94  11  82  76  54   65   63    3  132   51   51    1
124   66 124                                                  111   52   86   38                   66   64       127   24   24     
 77   67  77                                                   80    2  154  148                   67   65        24   37   37     
141   68 141                                                   25   18  126  104                   68   66        61   33   33     
101   69 101                                                   23   27   67   93                   69   67        31   11   11     
105   70 105  77  77  75   5  84  84   55   55    5   75  75  131   33   77   33  15  34  58  24   70   68    6   87   64   64  105
 84   71  84                                                  151   47   27   16                   71   69       125  148  148     
  9   72   9   9   9  31  51  38  38    3    3   51   31  31  156   46   32   17   3  50   3  18   72   70   65   42   91   91    9
  2   73   2   2   2  86  21  68  68   82   82   21   86  86   53   23  152  132  37  64  59  80   73   71   81   46  112  112    2
149   74 149                                                  143   89  118   69                   74   72       128   39   39     
 98   75  98                                                   67  131   60   63                   75   73         9  141  141     
123   76 123                                                   27   69  129  131                   76   74        75  146  146     
 22   77  22  22  22  27  43  46  46   74   74   43   27  27   71   64   41   21   7  10  72  44   77   75   54   14  153  153   22
 44   78  44  44  44  43  44  45  45   71   71   44   43  43   75   50   98   70  24  65  52  74   78   76   34  140   34   34   44
 12   79  12  12  12  57  35  54  54   87   87   35   57  57   84   81  117   14  16  37  83  36   79   77   72  149   89   89   12
 48   80  48  48  48  61  32  57  57   85   85   32   61  61   73    9   46   46  59  14  80  68   80   78   35    4  115  115   48
 76   81  76                                                  122   48    6  152                   81   79        77  103  103     
 58   82  58  58  58   9  29  60  60   41   41   29    9   9  132  120  110  130  21  31  77  42   82   80   76   11  118  118   58
 42   83  42  42  42  81  13  76  76   18   18   13   81  81   70   71   52  144  82  27  34  71   83   81   86  119   16   16   42
  5   84   5   5   5  23  18  71  71   51   51   18   23  23   97   15   51   98  47  35  20  28   84   82   79   78  120  120    5
104   85 104                                                   46   32   71   37                   85   83       107   87   87     
 40   86  40  40  40  65  47  42  42    9    9   47   65  65  115   40  120   26  75  40  60   7   86   84   51  146  117  117   40
  4   87   4   4   4  20  31  58  58   62   62   31   20  20   82   20   30   64  62  70  69  13   87   85   66   33   48   48    4
 14   88  14  14  14  74  45  44  44   19   19   45   74  74   62   10  101   58  70  58  41  58   88   86   41   19   44   44   14
 91   89  91                                                   89    7   15   79                   89   87       126   52   52     
 46   90  46  46  46  87  59  30  30   34   34   59   87  87  105   86  128  146  64  79  43  17   90   88   39   71   88   88   46
 32   91  32  32  32   4  27  62  62   20   20   27    4   4   48    6   73  129  81  59  45  57   91   89   10   35   14   14   32
156   92 156                                                   74    5   34   65                   92   90        30  140  140     
 74   93  74                                                   45   37  143  117                   93   91        83   95   95     
130   94 130  82  82  44  62  27  27   58   58   62   44  44  116   28  142   92  57  19  51  45   94   92   52   93   12   12  130
148   95 148                                                   18  155  150   31                   95   93        28  139  139     
139   96 139                                                  123   14  108   53                   96   94        72   40   40     
127   97 127                                                   41   91   40  158                   97   95       143   20   20     
121   98 121                                                  140  129   85   95                   98   96         1  142  142     
 18   99  18  18  18   5  53  36  36   63   63   53    5   5   15   12   59  119   5  85  68  67   99   97    7   43  130  130   18
119  100 119                                                   69   35  103   40                  100   98        95   90   90     
109  101 109                                                   51   90   57  135                  101   99       129  100  100     
 59  102  59  59  59  30   8  81  81   37   37    8   30  30   36   98   99   50  53  11  17  61  102  100   22   84   68   68   59
108  103 108                                                  141   36   65  159                  103  101       133    6    6     
 38  104  38  38  38  76  20  69  69   60   60   20   76  76  154  154   53  101  88  66  50  55  104  102   53   56  137  137   38
 17  105  17  17  17  29  22  67  67   69   69   22   29  29   24  142   82  116  33  88  42   8  105  103   87   15  156  156   17
 20  106  20  20  20  25  52  37  37   79   79   52   25  25  106   73   55   61  18  29  22  20  106  104   44  121   30   30   20
129  107 129                                                  104  132  130   13                  107  105       134  105  105     
 75  108  75  71  71  49  57  32  32   54   54   57   49  49   59  136  160  156  13  47  85  35  108  106   80  157  110  110   75
 72  109  72                                                   34   44  113  133                  109  107        34   15   15     
 26  110  26  26  26  37   6  83  83   47   47    6   37  37   57   42  104   87  23  49  75  82  110  108   88   49   41   41   26
 99  111  99                                                  118   13    3  125                  111  109        17   26   26     
 86  112  86                                                  130   96    7  138                  112  110         7   29   29     
 94  113  94                                                    7  159  137   36                  113  111        52   97   97     
100  114 100  76  76  78  50  39  39   35   35   50   78  78  152   61   81  137  34  56  11  76  114  112   30   97   47   47  100
117  115 117                                                   17  157   44  157                  115  113        29   96   96     
 54  116  54  54  54  35   1  88  88    7    7    1   35  35   79  125  125    2  14  75  35   3  116  114   12  123   99   99   54
 85  117  85  73  73  18   9  80  80   26   26    9   18  18   99  128  145  124   4  81  29  62  117  115   28  124    5    5   85
 60  118  60  60  60  33  72  17  17   36   36   72   33  33  134  146   45    1  77  67  61   1  118  116   58   40  116  116   60
132  119 132                                                    5   83   83   51                  119  117        59    4    4     
 90  120  90  74  74  40  60  29  29   81   81   60   40  40   21  118   25   59   2  80  67  39  120  118   37   20  132  132   90
 23  121  23  23  23  85  55  34  34    6    6   55   85  85   13   49   31   85   1  53  57  73  121  119   27  138  143  143   23
 41  122  41  41  41  72  56  33  33   75   75   56   72  72  148   38   36  139  50  77  70  37  122  120   67  148  113  113   41
 30  123  30  30  30   6  63  26  26   42   42   63    6   6   90  110   58   66  66   2  32  50  123  121   18  105   10   10   30
 10  124  10  10  10  69  77  12  12   27   27   77   69  69   72  114   89  153  56  41  24  51  124  122   45  135  111  111   10
 31  125  31  31  31  56  24  65  65   10   10   24   56  56   33   55  157  107  39  51  63  11  125  123   11   88   55   55   31
152  126 152                                                  145   77  136  145                  126  124        53   73   73     
 55  127  55  55  55  55  10  79  79   25   25   10   55  55   16  147   93   52  74  26  33   2  127  125   74  137  107  107   55
146  128 146                                                  127  141   87   57                  128  126        18   92   92     
  8  129   8   8   8   2  74  15  15   11   11   74    2   2  139  112   50   24  36   4  64  26  129  127   29   69   57   57    8
 50  130  50  50  50  83  83   6   6   52   52   83   83  83  110   82   75  147  25  43  13  75  130  128   55   82  102  102   50
150  131 150          11  87   2   2   16   16   87   11  11   96  135   69   68  87  32  66      131  129   60   58    7    7     
 68  132  68  68  68  16  11  78  78   77   77   11   16  16  101  105  138   99  32  13  16   4  132  130    2   36   35   35   68
128  133 128                                                  146   87  153   97                  133  131       112   22   22     
  7  134   7   7   7  62  66  23  23   76   76   66   62  62  124   62   74   28  69   9   9  52  134  132    9   89   50   50    7
122  135 122                                                   10   63   14   47                  135  133        73  133  133     
 62  136  62  62  62  17  23  66  66   50   50   23   17  17  135   68  115   90  48  73  71  78  136  134   56   21  159  159   62
116  137 116                                                   50  138   33   27                  137  135        81   61   61     
160  138 160          79  68  21  21   78   78   68   79  79   39  156  122   34  40  30  62      138  136   46  101   56   56     
115  139 115  79  79  32  39  50  50   46   46   39   32  32  150   26   17  154  55   5   1  47  139  137   25   91   94   94  115
 19  140  19  19  19  54  25  64  64   68   68   25   54  54   95   78   96   81  17  55  79  32  140  138   15  131   84   84   19
113  141 113                                                  144   41   26   42                  141  139        37  134  134     
144  142 144                                                   11  149   84   19                  142  140       104   80   80     
154  143 154                                                  112  130    4   88                  143  141       116  106  106     
 63  144  63  63  63  45  30  59  59   80   80   30   45  45  120  109   13   18  76   8  12  10  144  142   73   23   98   98   63
 51  145  51  51  51  59  48  41  41   14   14   48   59  59   98  104  124   22  85  39  49  43  145  143   21    2   53   53   51
 45  146  45  45  45  48  61  28  28   57   57   61   48  48   31  122  158    4  72  57  86  30  146  144    8  113  109  109   45
118  147 118                                                   83   88  134  155                  147  145        48  144  144     
 34  148  34  34  34  26  71  18  18   23   23   71   26  26   30   84   38  141   8  24  23  25  148  146   16   25  155  155   34
 35  149  35  35  35  84  54  35  35   28   28   54   84  84  136   74   63   15  29  86  53  60  149  147   33  153  125  125   35
 71  150  71                                                   28   94   97    6                  150  148        90  108  108     
125  151 125  81  81  22  14  75  75   70   70   14   22  22   56  103    9   23  10  72  37  79  151  149   85   38   82   82  125
102  152 102                                                   22   92   90   25                  152  150       115  123  123     
 47  153  47  47  47  24  67  22  22   64   64   67   24  24   43  115   20  100  67  42  15  15  153  151   61   16  149  149   47
 11  154  11  11  11  58  12  77  77   21   21   12   58  58   54  121  141   72   9  84  14  49  154  152   20  155   60   60   11
 43  155  43  43  43  68  69  20  20   56   56   69   68  68   58   45   35   75  27  25   5  46  155  153   14   55  114  114   43
 13  156  13  13  13  70  17  72  72   83   83   17   70  70   94  140   29   11  86  33  30  12  156  154   78   66   49   49   13
  6  157   6   6   6  82  81   8   8   30   30   81   82  82  125    3   47  134  30   1  19  65  157  155   32  145   81   81    6
 87  158  87                                                   55   16   61   67                  158  156       106   32   32     
 15  159  15  15  15  88  70  19  19   65   65   70   88  88   76  134  121  123  61  83  28  16  159  157   75  100  101  101   15
140  160 140          15  88   1   1    8    8   88   15  15    6  111  133  103  80  21  88      160  158   26  118   72   72     

========================================================================================
ROW ORDER = address_base58_lex  (linear_rank ascending)
========================================================================================
  n  lex nRk   d l2d  Px  Py Pmy  -y  y2p  x3p  Y2f  X3f   C  h3p  a2p  h2p  a3p   r   s   z  Ry h160  pay sPub  sVH sCHK   c4 dbit
-----------------------------------------------------------------------------------------------------------------------------------
 39    1  39  39  39  19  19  70  70   32   32   19   19  19   12   75    5   20  46   3  26  53    4    4   63   13   58   58   39
 27    2  27  27  27  14   3  86  86    4    4    3   14  14   32   51  107   10  68  48   8  70    5    5   47   47  122  122   27
 49    3  49  49  49  39  65  24  24   17   17   65   39  39   81  127   24   77  49  61  10   5    6    6   38  108   13   13   49
110    4 110  78  78   3   2  87  87   72   72    2    3   3  157   58  159   48  19  38   2  69    7    7   19   92   46   46  110
 73    5  73                                                   92   76  105   60                    8    8       114   17   17     
 28    6  28  28  28  80   7  82  82   49   49    7   80  80    1  153   11   71  79  71  21  81    9    9   64  160   66   66   28
134    7 134                                                   77  151  135    8                   10   10       141   21   21     
143    8 143                                                    8   39   92   49                   11   11         3   54   54     
151    9 151                                                   19   85   56  115                   12   12       142  119  119     
 82   10  82                                                  109   95   79   43                   13   13        12  131  131     
 66   11  66  66  66  38  46  43  43   39   39   46   38  38    9   54  116   54  20  23  31  22   14   14   36   67  154  154   66
157   12 157                                                   88   59   72  110                   15   15        45  150  150     
 83   13  83                                                  100   60  111   32                   16   16        63   69   69     
 37   14  37  37  37  52  34  55  55   84   84   34   52  52  114   34   19  106  63  36  39  48   17   17   69   86  126  126   37
 21   15  21  21  21  13  16  73  73   22   22   16   13  13   26  148   91  142  44  74  78   9   18   18    1  120   31   31   21
159   16 159                                                   38   25   76  160                   19   19        96  138  138     
 96   17  96                                                    3  126   23   45                   20   20       111   63   63     
107   18 107                                                   78   66  155  120                   21   21       151   77   77     
 25   19  25  25  25   1  64  25  25   61   61   64    1   1  103   53  109   44  12  78  56  40   22   22   13   54   83   83   25
 53   20  53  53  53   7  37  52  52   29   29   37    7   7   14   99  106    7  45  62   6  14   23   23   23  109   76   76   53
142   21 142                                                   49   93   18  118                   24   24       103  121  121     
 57   22  57  57  57  67  42  47  47   44   44   42   67  67  126  100  127   83  83  63  44  56   25   25   17   41   18   18   57
137   23 137                                                  149  143   37   62                   26   26       130   23   23     
 78   24  78                                                  133  113  139   82                   27   27       136  157  157     
 81   25  81                                                   37   56  144   80                   28   28        39  129  129     
 52   26  52  52  52  50  79  10  10   40   40   79   50  50   91  102   21   55  43  54  73   6   29   29   49   10  124  124   52
 88   27  88                                                  159  144   70    5                   30   30        65    3    3     
135   28 135          12  38  51  51   59   59   38   12  12   68   21   64   39  71  22  54       31   31   68   85   79   79     
 64   29  64  64  64   8  28  61  61   45   45   28    8   8   64  101  131   76  28  69  82  31   32   32    5    8   43   43   64
131   30 131                                                  158   11   22   86                   33   33         5   36   36     
114   31 114                                                    2   57   95   78                   34   34        50   59   59     
 93   32  93                                                   47   19   28  151                   35   35        26  104  104     
 56   33  56  56  56  28  80   9   9    5    5   80   28  28   63  139  102   56  41  68  38  29   36   36    4   27   62   62   56
120   34 120  80  80  77  15  74  74   66   66   15   77  77  142  160   12  102  58  15  46  34   37   37   59   64  160  160  120
133   35 133                                                   87  152   62   30                    1    1       156    8    8     
153   36 153                                                   85  107  151   89                   38   38       152   65   65     
111   37 111                                                   29   29   48  121                   39   39       147   93   93     
 33   38  33  33  33  66   4  85  85    2    2    4   66  66  153  150   88  122  65  17  65  19   40   40   42  110   28   28   33
112   39 112                                                   35    8    1   96                   41   41       150  145  145     
106   40 106                                                  108    4  112   35                   42   42        94   19   19     
 65   41  65  65  65  21  82   7   7   13   13   82   21  21  147  137   49    3  35  46  18  66   43   43   40  159  158  158   65
147   42 147                                                  129   70   39  114                   44   44        99   25   25     
 97   43  97                                                   44  119  146   12                   45   45        44  151  151     
 29   44  29  29  29  46  85   4   4   43   43   85   46  46   66   72  140  113  73  60  27  27   46   46   71  122  128  128   29
145   45 145          71  33  56  56   33   33   33   71  71  107  133   16  126  54   7   7       47   47   84  102   75   75     
 89   46  89                                                  102   80  100  128                   48   48       139   67   67     
 70   47  70  70  70  60  78  11  11   31   31   78   60  60  155  116   94  108  22  45  87  59   49   49   82   76   45   45   70
  3   48   3   3   3  41  40  49  49   73   73   40   41  41   40   17   68  149  31  18  74  33   50   50   57   98   42   42    3
 95   49  95  75  75  63  58  31  31   12   12   58   63  63   86   22  114  105  78  44  40  21   51   51   24   80   78   78   95
 69   50  69  69  69  36  73  16  16   86   86   73   36  36  113   79  156   91   6   6  55  77   52   52   70  144  127  127   69
158   51 158                                                  138   30   42    9                   53   53        68    9    9     
 92   52  92                                                   20   67   80  109                   54   54       117    2    2     
 79   53  79                                                  117  106   10  111                   55   55        57  136  136     
 61   54  61  61  61  34  75  14  14   67   67   75   34  34   60   24  148   74  38  12  81  38   56   56   31   60   74   74   61
126   55 126                                                  121   43  149   84                   57   57        70   38   38     
138   56 138                                                  137  158   66   73                   58   58        22   85   85     
103   57 103                                                  160  123  147   29                   59   59       158   86   86     
155   58 155          42  86   3   3   88   88   86   42  42   52  108    8  112  84  16  47       60   60   48   62  135  135     
 80   59  80  72  72  53  36  53  53   15   15   36   53  53   42  117  119  140  51  28  25  23   61   61   50   74   70   70   80
 16   60  16  16  16  64  49  40  40    1    1   49   64  64  119  145  123  143  60  52  48  63   62   62   77    6   27   27   16
 67   61  67  67  67  10  84   5   5   38   38   84   10  10    4   65  132   41  42  76   4  41   63   63   62   79   71   71   67
 36   62  36  36  36  73  41  48  48   53   53   41   73  73   93    1   78  136  26  87  84  64   64   64   43  154  152  152   36
  1   63   1   1   1  51  26  63  63   24   24   26   51  51  128   31    2   94  11  82  76  54   65   65    3  132   51   51    1
124   64 124                                                  111   52   86   38                   66   66       127   24   24     
 77   65  77                                                   80    2  154  148                   67   67        24   37   37     
141   66 141                                                   25   18  126  104                   68   68        61   33   33     
101   67 101                                                   23   27   67   93                   69   69        31   11   11     
105   68 105  77  77  75   5  84  84   55   55    5   75  75  131   33   77   33  15  34  58  24   70   70    6   87   64   64  105
 84   69  84                                                  151   47   27   16                   71   71       125  148  148     
  9   70   9   9   9  31  51  38  38    3    3   51   31  31  156   46   32   17   3  50   3  18   72   72   65   42   91   91    9
  2   71   2   2   2  86  21  68  68   82   82   21   86  86   53   23  152  132  37  64  59  80   73   73   81   46  112  112    2
149   72 149                                                  143   89  118   69                   74   74       128   39   39     
 98   73  98                                                   67  131   60   63                   75   75         9  141  141     
123   74 123                                                   27   69  129  131                   76   76        75  146  146     
 22   75  22  22  22  27  43  46  46   74   74   43   27  27   71   64   41   21   7  10  72  44   77   77   54   14  153  153   22
 44   76  44  44  44  43  44  45  45   71   71   44   43  43   75   50   98   70  24  65  52  74   78   78   34  140   34   34   44
 12   77  12  12  12  57  35  54  54   87   87   35   57  57   84   81  117   14  16  37  83  36   79   79   72  149   89   89   12
 48   78  48  48  48  61  32  57  57   85   85   32   61  61   73    9   46   46  59  14  80  68   80   80   35    4  115  115   48
 76   79  76                                                  122   48    6  152                   81   81        77  103  103     
 58   80  58  58  58   9  29  60  60   41   41   29    9   9  132  120  110  130  21  31  77  42   82   82   76   11  118  118   58
 42   81  42  42  42  81  13  76  76   18   18   13   81  81   70   71   52  144  82  27  34  71   83   83   86  119   16   16   42
  5   82   5   5   5  23  18  71  71   51   51   18   23  23   97   15   51   98  47  35  20  28   84   84   79   78  120  120    5
104   83 104                                                   46   32   71   37                   85   85       107   87   87     
 40   84  40  40  40  65  47  42  42    9    9   47   65  65  115   40  120   26  75  40  60   7   86   86   51  146  117  117   40
  4   85   4   4   4  20  31  58  58   62   62   31   20  20   82   20   30   64  62  70  69  13   87   87   66   33   48   48    4
 14   86  14  14  14  74  45  44  44   19   19   45   74  74   62   10  101   58  70  58  41  58   88   88   41   19   44   44   14
 91   87  91                                                   89    7   15   79                   89   89       126   52   52     
 46   88  46  46  46  87  59  30  30   34   34   59   87  87  105   86  128  146  64  79  43  17   90   90   39   71   88   88   46
 32   89  32  32  32   4  27  62  62   20   20   27    4   4   48    6   73  129  81  59  45  57   91   91   10   35   14   14   32
156   90 156                                                   74    5   34   65                   92   92        30  140  140     
 74   91  74                                                   45   37  143  117                   93   93        83   95   95     
130   92 130  82  82  44  62  27  27   58   58   62   44  44  116   28  142   92  57  19  51  45   94   94   52   93   12   12  130
148   93 148                                                   18  155  150   31                   95   95        28  139  139     
139   94 139                                                  123   14  108   53                   96   96        72   40   40     
127   95 127                                                   41   91   40  158                   97   97       143   20   20     
121   96 121                                                  140  129   85   95                   98   98         1  142  142     
 18   97  18  18  18   5  53  36  36   63   63   53    5   5   15   12   59  119   5  85  68  67   99   99    7   43  130  130   18
119   98 119                                                   69   35  103   40                  100  100        95   90   90     
109   99 109                                                   51   90   57  135                  101  101       129  100  100     
 59  100  59  59  59  30   8  81  81   37   37    8   30  30   36   98   99   50  53  11  17  61  102  102   22   84   68   68   59
108  101 108                                                  141   36   65  159                  103  103       133    6    6     
 38  102  38  38  38  76  20  69  69   60   60   20   76  76  154  154   53  101  88  66  50  55  104  104   53   56  137  137   38
 17  103  17  17  17  29  22  67  67   69   69   22   29  29   24  142   82  116  33  88  42   8  105  105   87   15  156  156   17
 20  104  20  20  20  25  52  37  37   79   79   52   25  25  106   73   55   61  18  29  22  20  106  106   44  121   30   30   20
129  105 129                                                  104  132  130   13                  107  107       134  105  105     
 75  106  75  71  71  49  57  32  32   54   54   57   49  49   59  136  160  156  13  47  85  35  108  108   80  157  110  110   75
 72  107  72                                                   34   44  113  133                  109  109        34   15   15     
 26  108  26  26  26  37   6  83  83   47   47    6   37  37   57   42  104   87  23  49  75  82  110  110   88   49   41   41   26
 99  109  99                                                  118   13    3  125                  111  111        17   26   26     
 86  110  86                                                  130   96    7  138                  112  112         7   29   29     
 94  111  94                                                    7  159  137   36                  113  113        52   97   97     
100  112 100  76  76  78  50  39  39   35   35   50   78  78  152   61   81  137  34  56  11  76  114  114   30   97   47   47  100
117  113 117                                                   17  157   44  157                  115  115        29   96   96     
 54  114  54  54  54  35   1  88  88    7    7    1   35  35   79  125  125    2  14  75  35   3  116  116   12  123   99   99   54
 85  115  85  73  73  18   9  80  80   26   26    9   18  18   99  128  145  124   4  81  29  62  117  117   28  124    5    5   85
 60  116  60  60  60  33  72  17  17   36   36   72   33  33  134  146   45    1  77  67  61   1  118  118   58   40  116  116   60
132  117 132                                                    5   83   83   51                  119  119        59    4    4     
 90  118  90  74  74  40  60  29  29   81   81   60   40  40   21  118   25   59   2  80  67  39  120  120   37   20  132  132   90
 23  119  23  23  23  85  55  34  34    6    6   55   85  85   13   49   31   85   1  53  57  73  121  121   27  138  143  143   23
 41  120  41  41  41  72  56  33  33   75   75   56   72  72  148   38   36  139  50  77  70  37  122  122   67  148  113  113   41
 30  121  30  30  30   6  63  26  26   42   42   63    6   6   90  110   58   66  66   2  32  50  123  123   18  105   10   10   30
 10  122  10  10  10  69  77  12  12   27   27   77   69  69   72  114   89  153  56  41  24  51  124  124   45  135  111  111   10
 31  123  31  31  31  56  24  65  65   10   10   24   56  56   33   55  157  107  39  51  63  11  125  125   11   88   55   55   31
152  124 152                                                  145   77  136  145                  126  126        53   73   73     
 55  125  55  55  55  55  10  79  79   25   25   10   55  55   16  147   93   52  74  26  33   2  127  127   74  137  107  107   55
146  126 146                                                  127  141   87   57                  128  128        18   92   92     
  8  127   8   8   8   2  74  15  15   11   11   74    2   2  139  112   50   24  36   4  64  26  129  129   29   69   57   57    8
 50  128  50  50  50  83  83   6   6   52   52   83   83  83  110   82   75  147  25  43  13  75  130  130   55   82  102  102   50
150  129 150          11  87   2   2   16   16   87   11  11   96  135   69   68  87  32  66      131  131   60   58    7    7     
 68  130  68  68  68  16  11  78  78   77   77   11   16  16  101  105  138   99  32  13  16   4  132  132    2   36   35   35   68
128  131 128                                                  146   87  153   97                  133  133       112   22   22     
  7  132   7   7   7  62  66  23  23   76   76   66   62  62  124   62   74   28  69   9   9  52  134  134    9   89   50   50    7
122  133 122                                                   10   63   14   47                  135  135        73  133  133     
 62  134  62  62  62  17  23  66  66   50   50   23   17  17  135   68  115   90  48  73  71  78  136  136   56   21  159  159   62
116  135 116                                                   50  138   33   27                  137  137        81   61   61     
160  136 160          79  68  21  21   78   78   68   79  79   39  156  122   34  40  30  62      138  138   46  101   56   56     
115  137 115  79  79  32  39  50  50   46   46   39   32  32  150   26   17  154  55   5   1  47  139  139   25   91   94   94  115
 19  138  19  19  19  54  25  64  64   68   68   25   54  54   95   78   96   81  17  55  79  32  140  140   15  131   84   84   19
113  139 113                                                  144   41   26   42                  141  141        37  134  134     
144  140 144                                                   11  149   84   19                  142  142       104   80   80     
154  141 154                                                  112  130    4   88                  143  143       116  106  106     
 63  142  63  63  63  45  30  59  59   80   80   30   45  45  120  109   13   18  76   8  12  10  144  144   73   23   98   98   63
 51  143  51  51  51  59  48  41  41   14   14   48   59  59   98  104  124   22  85  39  49  43  145  145   21    2   53   53   51
 45  144  45  45  45  48  61  28  28   57   57   61   48  48   31  122  158    4  72  57  86  30  146  146    8  113  109  109   45
118  145 118                                                   83   88  134  155                  147  147        48  144  144     
 34  146  34  34  34  26  71  18  18   23   23   71   26  26   30   84   38  141   8  24  23  25  148  148   16   25  155  155   34
 35  147  35  35  35  84  54  35  35   28   28   54   84  84  136   74   63   15  29  86  53  60  149  149   33  153  125  125   35
 71  148  71                                                   28   94   97    6                  150  150        90  108  108     
125  149 125  81  81  22  14  75  75   70   70   14   22  22   56  103    9   23  10  72  37  79  151  151   85   38   82   82  125
102  150 102                                                   22   92   90   25                  152  152       115  123  123     
 47  151  47  47  47  24  67  22  22   64   64   67   24  24   43  115   20  100  67  42  15  15  153  153   61   16  149  149   47
 11  152  11  11  11  58  12  77  77   21   21   12   58  58   54  121  141   72   9  84  14  49  154  154   20  155   60   60   11
 43  153  43  43  43  68  69  20  20   56   56   69   68  68   58   45   35   75  27  25   5  46  155  155   14   55  114  114   43
 13  154  13  13  13  70  17  72  72   83   83   17   70  70   94  140   29   11  86  33  30  12  156  156   78   66   49   49   13
  6  155   6   6   6  82  81   8   8   30   30   81   82  82  125    3   47  134  30   1  19  65  157  157   32  145   81   81    6
 87  156  87                                                   55   16   61   67                  158  158       106   32   32     
 15  157  15  15  15  88  70  19  19   65   65   70   88  88   76  134  121  123  61  83  28  16  159  159   75  100  101  101   15
140  158 140          15  88   1   1    8    8   88   15  15    6  111  133  103  80  21  88      160  160   26  118   72   72     
136  159 136                                                   61  124   43  150                    2    2        32  147  147     
 24  160  24  24  24  47  76  13  13   48   48   76   47  47   65   97   54  127  52  20  36  72    3    3   83   51    1    1   24

========================================================================================
ROW ORDER = sha256_pubkey  (linear_rank ascending)
========================================================================================
  n sPub nRk   d l2d  Px  Py Pmy  -y  y2p  x3p  Y2f  X3f   C  h3p  a2p  h2p  a3p   r   s   z  Ry h160  pay  lex  sVH sCHK   c4 dbit
-----------------------------------------------------------------------------------------------------------------------------------
 21    1  21  21  21  13  16  73  73   22   22   16   13  13   26  148   91  142  44  74  78   9   18   18   15  120   31   31   21
 68    2  68  68  68  16  11  78  78   77   77   11   16  16  101  105  138   99  32  13  16   4  132  132  130   36   35   35   68
  1    3   1   1   1  51  26  63  63   24   24   26   51  51  128   31    2   94  11  82  76  54   65   65   63  132   51   51    1
 56    4  56  56  56  28  80   9   9    5    5   80   28  28   63  139  102   56  41  68  38  29   36   36   33   27   62   62   56
 64    5  64  64  64   8  28  61  61   45   45   28    8   8   64  101  131   76  28  69  82  31   32   32   29    8   43   43   64
105    6 105  77  77  75   5  84  84   55   55    5   75  75  131   33   77   33  15  34  58  24   70   70   68   87   64   64  105
 18    7  18  18  18   5  53  36  36   63   63   53    5   5   15   12   59  119   5  85  68  67   99   99   97   43  130  130   18
 45    8  45  45  45  48  61  28  28   57   57   61   48  48   31  122  158    4  72  57  86  30  146  146  144  113  109  109   45
  7    9   7   7   7  62  66  23  23   76   76   66   62  62  124   62   74   28  69   9   9  52  134  134  132   89   50   50    7
 32   10  32  32  32   4  27  62  62   20   20   27    4   4   48    6   73  129  81  59  45  57   91   91   89   35   14   14   32
 31   11  31  31  31  56  24  65  65   10   10   24   56  56   33   55  157  107  39  51  63  11  125  125  123   88   55   55   31
 54   12  54  54  54  35   1  88  88    7    7    1   35  35   79  125  125    2  14  75  35   3  116  116  114  123   99   99   54
 25   13  25  25  25   1  64  25  25   61   61   64    1   1  103   53  109   44  12  78  56  40   22   22   19   54   83   83   25
 43   14  43  43  43  68  69  20  20   56   56   69   68  68   58   45   35   75  27  25   5  46  155  155  153   55  114  114   43
 19   15  19  19  19  54  25  64  64   68   68   25   54  54   95   78   96   81  17  55  79  32  140  140  138  131   84   84   19
 34   16  34  34  34  26  71  18  18   23   23   71   26  26   30   84   38  141   8  24  23  25  148  148  146   25  155  155   34
 57   17  57  57  57  67  42  47  47   44   44   42   67  67  126  100  127   83  83  63  44  56   25   25   22   41   18   18   57
 30   18  30  30  30   6  63  26  26   42   42   63    6   6   90  110   58   66  66   2  32  50  123  123  121  105   10   10   30
110   19 110  78  78   3   2  87  87   72   72    2    3   3  157   58  159   48  19  38   2  69    7    7    4   92   46   46  110
 11   20  11  11  11  58  12  77  77   21   21   12   58  58   54  121  141   72   9  84  14  49  154  154  152  155   60   60   11
 51   21  51  51  51  59  48  41  41   14   14   48   59  59   98  104  124   22  85  39  49  43  145  145  143    2   53   53   51
 59   22  59  59  59  30   8  81  81   37   37    8   30  30   36   98   99   50  53  11  17  61  102  102  100   84   68   68   59
 53   23  53  53  53   7  37  52  52   29   29   37    7   7   14   99  106    7  45  62   6  14   23   23   20  109   76   76   53
 95   24  95  75  75  63  58  31  31   12   12   58   63  63   86   22  114  105  78  44  40  21   51   51   49   80   78   78   95
115   25 115  79  79  32  39  50  50   46   46   39   32  32  150   26   17  154  55   5   1  47  139  139  137   91   94   94  115
140   26 140          15  88   1   1    8    8   88   15  15    6  111  133  103  80  21  88      160  160  158  118   72   72     
 23   27  23  23  23  85  55  34  34    6    6   55   85  85   13   49   31   85   1  53  57  73  121  121  119  138  143  143   23
 85   28  85  73  73  18   9  80  80   26   26    9   18  18   99  128  145  124   4  81  29  62  117  117  115  124    5    5   85
  8   29   8   8   8   2  74  15  15   11   11   74    2   2  139  112   50   24  36   4  64  26  129  129  127   69   57   57    8
100   30 100  76  76  78  50  39  39   35   35   50   78  78  152   61   81  137  34  56  11  76  114  114  112   97   47   47  100
 61   31  61  61  61  34  75  14  14   67   67   75   34  34   60   24  148   74  38  12  81  38   56   56   54   60   74   74   61
  6   32   6   6   6  82  81   8   8   30   30   81   82  82  125    3   47  134  30   1  19  65  157  157  155  145   81   81    6
 35   33  35  35  35  84  54  35  35   28   28   54   84  84  136   74   63   15  29  86  53  60  149  149  147  153  125  125   35
 44   34  44  44  44  43  44  45  45   71   71   44   43  43   75   50   98   70  24  65  52  74   78   78   76  140   34   34   44
 48   35  48  48  48  61  32  57  57   85   85   32   61  61   73    9   46   46  59  14  80  68   80   80   78    4  115  115   48
 66   36  66  66  66  38  46  43  43   39   39   46   38  38    9   54  116   54  20  23  31  22   14   14   11   67  154  154   66
 90   37  90  74  74  40  60  29  29   81   81   60   40  40   21  118   25   59   2  80  67  39  120  120  118   20  132  132   90
 49   38  49  49  49  39  65  24  24   17   17   65   39  39   81  127   24   77  49  61  10   5    6    6    3  108   13   13   49
 46   39  46  46  46  87  59  30  30   34   34   59   87  87  105   86  128  146  64  79  43  17   90   90   88   71   88   88   46
 65   40  65  65  65  21  82   7   7   13   13   82   21  21  147  137   49    3  35  46  18  66   43   43   41  159  158  158   65
 14   41  14  14  14  74  45  44  44   19   19   45   74  74   62   10  101   58  70  58  41  58   88   88   86   19   44   44   14
 33   42  33  33  33  66   4  85  85    2    2    4   66  66  153  150   88  122  65  17  65  19   40   40   38  110   28   28   33
 36   43  36  36  36  73  41  48  48   53   53   41   73  73   93    1   78  136  26  87  84  64   64   64   62  154  152  152   36
 20   44  20  20  20  25  52  37  37   79   79   52   25  25  106   73   55   61  18  29  22  20  106  106  104  121   30   30   20
 10   45  10  10  10  69  77  12  12   27   27   77   69  69   72  114   89  153  56  41  24  51  124  124  122  135  111  111   10
160   46 160          79  68  21  21   78   78   68   79  79   39  156  122   34  40  30  62      138  138  136  101   56   56     
 27   47  27  27  27  14   3  86  86    4    4    3   14  14   32   51  107   10  68  48   8  70    5    5    2   47  122  122   27
155   48 155          42  86   3   3   88   88   86   42  42   52  108    8  112  84  16  47       60   60   58   62  135  135     
 52   49  52  52  52  50  79  10  10   40   40   79   50  50   91  102   21   55  43  54  73   6   29   29   26   10  124  124   52
 80   50  80  72  72  53  36  53  53   15   15   36   53  53   42  117  119  140  51  28  25  23   61   61   59   74   70   70   80
 40   51  40  40  40  65  47  42  42    9    9   47   65  65  115   40  120   26  75  40  60   7   86   86   84  146  117  117   40
130   52 130  82  82  44  62  27  27   58   58   62   44  44  116   28  142   92  57  19  51  45   94   94   92   93   12   12  130
 38   53  38  38  38  76  20  69  69   60   60   20   76  76  154  154   53  101  88  66  50  55  104  104  102   56  137  137   38
 22   54  22  22  22  27  43  46  46   74   74   43   27  27   71   64   41   21   7  10  72  44   77   77   75   14  153  153   22
 50   55  50  50  50  83  83   6   6   52   52   83   83  83  110   82   75  147  25  43  13  75  130  130  128   82  102  102   50
 62   56  62  62  62  17  23  66  66   50   50   23   17  17  135   68  115   90  48  73  71  78  136  136  134   21  159  159   62
  3   57   3   3   3  41  40  49  49   73   73   40   41  41   40   17   68  149  31  18  74  33   50   50   48   98   42   42    3
 60   58  60  60  60  33  72  17  17   36   36   72   33  33  134  146   45    1  77  67  61   1  118  118  116   40  116  116   60
120   59 120  80  80  77  15  74  74   66   66   15   77  77  142  160   12  102  58  15  46  34   37   37   34   64  160  160  120
150   60 150          11  87   2   2   16   16   87   11  11   96  135   69   68  87  32  66      131  131  129   58    7    7     
 47   61  47  47  47  24  67  22  22   64   64   67   24  24   43  115   20  100  67  42  15  15  153  153  151   16  149  149   47
 67   62  67  67  67  10  84   5   5   38   38   84   10  10    4   65  132   41  42  76   4  41   63   63   61   79   71   71   67
 39   63  39  39  39  19  19  70  70   32   32   19   19  19   12   75    5   20  46   3  26  53    4    4    1   13   58   58   39
 28   64  28  28  28  80   7  82  82   49   49    7   80  80    1  153   11   71  79  71  21  81    9    9    6  160   66   66   28
  9   65   9   9   9  31  51  38  38    3    3   51   31  31  156   46   32   17   3  50   3  18   72   72   70   42   91   91    9
  4   66   4   4   4  20  31  58  58   62   62   31   20  20   82   20   30   64  62  70  69  13   87   87   85   33   48   48    4
 41   67  41  41  41  72  56  33  33   75   75   56   72  72  148   38   36  139  50  77  70  37  122  122  120  148  113  113   41
135   68 135          12  38  51  51   59   59   38   12  12   68   21   64   39  71  22  54       31   31   28   85   79   79     
 37   69  37  37  37  52  34  55  55   84   84   34   52  52  114   34   19  106  63  36  39  48   17   17   14   86  126  126   37
 69   70  69  69  69  36  73  16  16   86   86   73   36  36  113   79  156   91   6   6  55  77   52   52   50  144  127  127   69
 29   71  29  29  29  46  85   4   4   43   43   85   46  46   66   72  140  113  73  60  27  27   46   46   44  122  128  128   29
 12   72  12  12  12  57  35  54  54   87   87   35   57  57   84   81  117   14  16  37  83  36   79   79   77  149   89   89   12
 63   73  63  63  63  45  30  59  59   80   80   30   45  45  120  109   13   18  76   8  12  10  144  144  142   23   98   98   63
 55   74  55  55  55  55  10  79  79   25   25   10   55  55   16  147   93   52  74  26  33   2  127  127  125  137  107  107   55
 15   75  15  15  15  88  70  19  19   65   65   70   88  88   76  134  121  123  61  83  28  16  159  159  157  100  101  101   15
 58   76  58  58  58   9  29  60  60   41   41   29    9   9  132  120  110  130  21  31  77  42   82   82   80   11  118  118   58
 16   77  16  16  16  64  49  40  40    1    1   49   64  64  119  145  123  143  60  52  48  63   62   62   60    6   27   27   16
 13   78  13  13  13  70  17  72  72   83   83   17   70  70   94  140   29   11  86  33  30  12  156  156  154   66   49   49   13
  5   79   5   5   5  23  18  71  71   51   51   18   23  23   97   15   51   98  47  35  20  28   84   84   82   78  120  120    5
 75   80  75  71  71  49  57  32  32   54   54   57   49  49   59  136  160  156  13  47  85  35  108  108  106  157  110  110   75
  2   81   2   2   2  86  21  68  68   82   82   21   86  86   53   23  152  132  37  64  59  80   73   73   71   46  112  112    2
 70   82  70  70  70  60  78  11  11   31   31   78   60  60  155  116   94  108  22  45  87  59   49   49   47   76   45   45   70
 24   83  24  24  24  47  76  13  13   48   48   76   47  47   65   97   54  127  52  20  36  72    3    3  160   51    1    1   24
145   84 145          71  33  56  56   33   33   33   71  71  107  133   16  126  54   7   7       47   47   45  102   75   75     
125   85 125  81  81  22  14  75  75   70   70   14   22  22   56  103    9   23  10  72  37  79  151  151  149   38   82   82  125
 42   86  42  42  42  81  13  76  76   18   18   13   81  81   70   71   52  144  82  27  34  71   83   83   81  119   16   16   42
 17   87  17  17  17  29  22  67  67   69   69   22   29  29   24  142   82  116  33  88  42   8  105  105  103   15  156  156   17
 26   88  26  26  26  37   6  83  83   47   47    6   37  37   57   42  104   87  23  49  75  82  110  110  108   49   41   41   26
 71       71                                                   28   94   97    6                  150  150  148   90  108  108     
 72       72                                                   34   44  113  133                  109  109  107   34   15   15     
 73       73                                                   92   76  105   60                    8    8    5  114   17   17     
 74       74                                                   45   37  143  117                   93   93   91   83   95   95     
 76       76                                                  122   48    6  152                   81   81   79   77  103  103     
 77       77                                                   80    2  154  148                   67   67   65   24   37   37     
 78       78                                                  133  113  139   82                   27   27   24  136  157  157     
 79       79                                                  117  106   10  111                   55   55   53   57  136  136     
 81       81                                                   37   56  144   80                   28   28   25   39  129  129     
 82       82                                                  109   95   79   43                   13   13   10   12  131  131     
 83       83                                                  100   60  111   32                   16   16   13   63   69   69     
 84       84                                                  151   47   27   16                   71   71   69  125  148  148     
 86       86                                                  130   96    7  138                  112  112  110    7   29   29     
 87       87                                                   55   16   61   67                  158  158  156  106   32   32     
 88       88                                                  159  144   70    5                   30   30   27   65    3    3     
 89       89                                                  102   80  100  128                   48   48   46  139   67   67     
 91       91                                                   89    7   15   79                   89   89   87  126   52   52     
 92       92                                                   20   67   80  109                   54   54   52  117    2    2     
 93       93                                                   47   19   28  151                   35   35   32   26  104  104     
 94       94                                                    7  159  137   36                  113  113  111   52   97   97     
 96       96                                                    3  126   23   45                   20   20   17  111   63   63     
 97       97                                                   44  119  146   12                   45   45   43   44  151  151     
 98       98                                                   67  131   60   63                   75   75   73    9  141  141     
 99       99                                                  118   13    3  125                  111  111  109   17   26   26     
101      101                                                   23   27   67   93                   69   69   67   31   11   11     
102      102                                                   22   92   90   25                  152  152  150  115  123  123     
103      103                                                  160  123  147   29                   59   59   57  158   86   86     
104      104                                                   46   32   71   37                   85   85   83  107   87   87     
106      106                                                  108    4  112   35                   42   42   40   94   19   19     
107      107                                                   78   66  155  120                   21   21   18  151   77   77     
108      108                                                  141   36   65  159                  103  103  101  133    6    6     
109      109                                                   51   90   57  135                  101  101   99  129  100  100     
111      111                                                   29   29   48  121                   39   39   37  147   93   93     
112      112                                                   35    8    1   96                   41   41   39  150  145  145     
113      113                                                  144   41   26   42                  141  141  139   37  134  134     
114      114                                                    2   57   95   78                   34   34   31   50   59   59     
116      116                                                   50  138   33   27                  137  137  135   81   61   61     
117      117                                                   17  157   44  157                  115  115  113   29   96   96     
118      118                                                   83   88  134  155                  147  147  145   48  144  144     
119      119                                                   69   35  103   40                  100  100   98   95   90   90     
121      121                                                  140  129   85   95                   98   98   96    1  142  142     
122      122                                                   10   63   14   47                  135  135  133   73  133  133     
123      123                                                   27   69  129  131                   76   76   74   75  146  146     
124      124                                                  111   52   86   38                   66   66   64  127   24   24     
126      126                                                  121   43  149   84                   57   57   55   70   38   38     
127      127                                                   41   91   40  158                   97   97   95  143   20   20     
128      128                                                  146   87  153   97                  133  133  131  112   22   22     
129      129                                                  104  132  130   13                  107  107  105  134  105  105     
131      131                                                  158   11   22   86                   33   33   30    5   36   36     
132      132                                                    5   83   83   51                  119  119  117   59    4    4     
133      133                                                   87  152   62   30                    1    1   35  156    8    8     
134      134                                                   77  151  135    8                   10   10    7  141   21   21     
136      136                                                   61  124   43  150                    2    2  159   32  147  147     
137      137                                                  149  143   37   62                   26   26   23  130   23   23     
138      138                                                  137  158   66   73                   58   58   56   22   85   85     
139      139                                                  123   14  108   53                   96   96   94   72   40   40     
141      141                                                   25   18  126  104                   68   68   66   61   33   33     
142      142                                                   49   93   18  118                   24   24   21  103  121  121     
143      143                                                    8   39   92   49                   11   11    8    3   54   54     
144      144                                                   11  149   84   19                  142  142  140  104   80   80     
146      146                                                  127  141   87   57                  128  128  126   18   92   92     
147      147                                                  129   70   39  114                   44   44   42   99   25   25     
148      148                                                   18  155  150   31                   95   95   93   28  139  139     
149      149                                                  143   89  118   69                   74   74   72  128   39   39     
151      151                                                   19   85   56  115                   12   12    9  142  119  119     
152      152                                                  145   77  136  145                  126  126  124   53   73   73     
153      153                                                   85  107  151   89                   38   38   36  152   65   65     
154      154                                                  112  130    4   88                  143  143  141  116  106  106     
156      156                                                   74    5   34   65                   92   92   90   30  140  140     
157      157                                                   88   59   72  110                   15   15   12   45  150  150     
158      158                                                  138   30   42    9                   53   53   51   68    9    9     
159      159                                                   38   25   76  160                   19   19   16   96  138  138     

========================================================================================
ROW ORDER = sha256_vh  (linear_rank ascending)
========================================================================================
  n  sVH nRk   d l2d  Px  Py Pmy  -y  y2p  x3p  Y2f  X3f   C  h3p  a2p  h2p  a3p   r   s   z  Ry h160  pay  lex sPub sCHK   c4 dbit
-----------------------------------------------------------------------------------------------------------------------------------
121    1 121                                                  140  129   85   95                   98   98   96       142  142     
 51    2  51  51  51  59  48  41  41   14   14   48   59  59   98  104  124   22  85  39  49  43  145  145  143   21   53   53   51
143    3 143                                                    8   39   92   49                   11   11    8        54   54     
 48    4  48  48  48  61  32  57  57   85   85   32   61  61   73    9   46   46  59  14  80  68   80   80   78   35  115  115   48
131    5 131                                                  158   11   22   86                   33   33   30        36   36     
 16    6  16  16  16  64  49  40  40    1    1   49   64  64  119  145  123  143  60  52  48  63   62   62   60   77   27   27   16
 86    7  86                                                  130   96    7  138                  112  112  110        29   29     
 64    8  64  64  64   8  28  61  61   45   45   28    8   8   64  101  131   76  28  69  82  31   32   32   29    5   43   43   64
 98    9  98                                                   67  131   60   63                   75   75   73       141  141     
 52   10  52  52  52  50  79  10  10   40   40   79   50  50   91  102   21   55  43  54  73   6   29   29   26   49  124  124   52
 58   11  58  58  58   9  29  60  60   41   41   29    9   9  132  120  110  130  21  31  77  42   82   82   80   76  118  118   58
 82   12  82                                                  109   95   79   43                   13   13   10       131  131     
 39   13  39  39  39  19  19  70  70   32   32   19   19  19   12   75    5   20  46   3  26  53    4    4    1   63   58   58   39
 22   14  22  22  22  27  43  46  46   74   74   43   27  27   71   64   41   21   7  10  72  44   77   77   75   54  153  153   22
 17   15  17  17  17  29  22  67  67   69   69   22   29  29   24  142   82  116  33  88  42   8  105  105  103   87  156  156   17
 47   16  47  47  47  24  67  22  22   64   64   67   24  24   43  115   20  100  67  42  15  15  153  153  151   61  149  149   47
 99   17  99                                                  118   13    3  125                  111  111  109        26   26     
146   18 146                                                  127  141   87   57                  128  128  126        92   92     
 14   19  14  14  14  74  45  44  44   19   19   45   74  74   62   10  101   58  70  58  41  58   88   88   86   41   44   44   14
 90   20  90  74  74  40  60  29  29   81   81   60   40  40   21  118   25   59   2  80  67  39  120  120  118   37  132  132   90
 62   21  62  62  62  17  23  66  66   50   50   23   17  17  135   68  115   90  48  73  71  78  136  136  134   56  159  159   62
138   22 138                                                  137  158   66   73                   58   58   56        85   85     
 63   23  63  63  63  45  30  59  59   80   80   30   45  45  120  109   13   18  76   8  12  10  144  144  142   73   98   98   63
 77   24  77                                                   80    2  154  148                   67   67   65        37   37     
 34   25  34  34  34  26  71  18  18   23   23   71   26  26   30   84   38  141   8  24  23  25  148  148  146   16  155  155   34
 93   26  93                                                   47   19   28  151                   35   35   32       104  104     
 56   27  56  56  56  28  80   9   9    5    5   80   28  28   63  139  102   56  41  68  38  29   36   36   33    4   62   62   56
148   28 148                                                   18  155  150   31                   95   95   93       139  139     
117   29 117                                                   17  157   44  157                  115  115  113        96   96     
156   30 156                                                   74    5   34   65                   92   92   90       140  140     
101   31 101                                                   23   27   67   93                   69   69   67        11   11     
136   32 136                                                   61  124   43  150                    2    2  159       147  147     
  4   33   4   4   4  20  31  58  58   62   62   31   20  20   82   20   30   64  62  70  69  13   87   87   85   66   48   48    4
 72   34  72                                                   34   44  113  133                  109  109  107        15   15     
 32   35  32  32  32   4  27  62  62   20   20   27    4   4   48    6   73  129  81  59  45  57   91   91   89   10   14   14   32
 68   36  68  68  68  16  11  78  78   77   77   11   16  16  101  105  138   99  32  13  16   4  132  132  130    2   35   35   68
113   37 113                                                  144   41   26   42                  141  141  139       134  134     
125   38 125  81  81  22  14  75  75   70   70   14   22  22   56  103    9   23  10  72  37  79  151  151  149   85   82   82  125
 81   39  81                                                   37   56  144   80                   28   28   25       129  129     
 60   40  60  60  60  33  72  17  17   36   36   72   33  33  134  146   45    1  77  67  61   1  118  118  116   58  116  116   60
 57   41  57  57  57  67  42  47  47   44   44   42   67  67  126  100  127   83  83  63  44  56   25   25   22   17   18   18   57
  9   42   9   9   9  31  51  38  38    3    3   51   31  31  156   46   32   17   3  50   3  18   72   72   70   65   91   91    9
 18   43  18  18  18   5  53  36  36   63   63   53    5   5   15   12   59  119   5  85  68  67   99   99   97    7  130  130   18
 97   44  97                                                   44  119  146   12                   45   45   43       151  151     
157   45 157                                                   88   59   72  110                   15   15   12       150  150     
  2   46   2   2   2  86  21  68  68   82   82   21   86  86   53   23  152  132  37  64  59  80   73   73   71   81  112  112    2
 27   47  27  27  27  14   3  86  86    4    4    3   14  14   32   51  107   10  68  48   8  70    5    5    2   47  122  122   27
118   48 118                                                   83   88  134  155                  147  147  145       144  144     
 26   49  26  26  26  37   6  83  83   47   47    6   37  37   57   42  104   87  23  49  75  82  110  110  108   88   41   41   26
114   50 114                                                    2   57   95   78                   34   34   31        59   59     
 24   51  24  24  24  47  76  13  13   48   48   76   47  47   65   97   54  127  52  20  36  72    3    3  160   83    1    1   24
 94   52  94                                                    7  159  137   36                  113  113  111        97   97     
152   53 152                                                  145   77  136  145                  126  126  124        73   73     
 25   54  25  25  25   1  64  25  25   61   61   64    1   1  103   53  109   44  12  78  56  40   22   22   19   13   83   83   25
 43   55  43  43  43  68  69  20  20   56   56   69   68  68   58   45   35   75  27  25   5  46  155  155  153   14  114  114   43
 38   56  38  38  38  76  20  69  69   60   60   20   76  76  154  154   53  101  88  66  50  55  104  104  102   53  137  137   38
 79   57  79                                                  117  106   10  111                   55   55   53       136  136     
150   58 150          11  87   2   2   16   16   87   11  11   96  135   69   68  87  32  66      131  131  129   60    7    7     
132   59 132                                                    5   83   83   51                  119  119  117         4    4     
 61   60  61  61  61  34  75  14  14   67   67   75   34  34   60   24  148   74  38  12  81  38   56   56   54   31   74   74   61
141   61 141                                                   25   18  126  104                   68   68   66        33   33     
155   62 155          42  86   3   3   88   88   86   42  42   52  108    8  112  84  16  47       60   60   58   48  135  135     
 83   63  83                                                  100   60  111   32                   16   16   13        69   69     
120   64 120  80  80  77  15  74  74   66   66   15   77  77  142  160   12  102  58  15  46  34   37   37   34   59  160  160  120
 88   65  88                                                  159  144   70    5                   30   30   27         3    3     
 13   66  13  13  13  70  17  72  72   83   83   17   70  70   94  140   29   11  86  33  30  12  156  156  154   78   49   49   13
 66   67  66  66  66  38  46  43  43   39   39   46   38  38    9   54  116   54  20  23  31  22   14   14   11   36  154  154   66
158   68 158                                                  138   30   42    9                   53   53   51         9    9     
  8   69   8   8   8   2  74  15  15   11   11   74    2   2  139  112   50   24  36   4  64  26  129  129  127   29   57   57    8
126   70 126                                                  121   43  149   84                   57   57   55        38   38     
 46   71  46  46  46  87  59  30  30   34   34   59   87  87  105   86  128  146  64  79  43  17   90   90   88   39   88   88   46
139   72 139                                                  123   14  108   53                   96   96   94        40   40     
122   73 122                                                   10   63   14   47                  135  135  133       133  133     
 80   74  80  72  72  53  36  53  53   15   15   36   53  53   42  117  119  140  51  28  25  23   61   61   59   50   70   70   80
123   75 123                                                   27   69  129  131                   76   76   74       146  146     
 70   76  70  70  70  60  78  11  11   31   31   78   60  60  155  116   94  108  22  45  87  59   49   49   47   82   45   45   70
 76   77  76                                                  122   48    6  152                   81   81   79       103  103     
  5   78   5   5   5  23  18  71  71   51   51   18   23  23   97   15   51   98  47  35  20  28   84   84   82   79  120  120    5
 67   79  67  67  67  10  84   5   5   38   38   84   10  10    4   65  132   41  42  76   4  41   63   63   61   62   71   71   67
 95   80  95  75  75  63  58  31  31   12   12   58   63  63   86   22  114  105  78  44  40  21   51   51   49   24   78   78   95
116   81 116                                                   50  138   33   27                  137  137  135        61   61     
 50   82  50  50  50  83  83   6   6   52   52   83   83  83  110   82   75  147  25  43  13  75  130  130  128   55  102  102   50
 74   83  74                                                   45   37  143  117                   93   93   91        95   95     
 59   84  59  59  59  30   8  81  81   37   37    8   30  30   36   98   99   50  53  11  17  61  102  102  100   22   68   68   59
135   85 135          12  38  51  51   59   59   38   12  12   68   21   64   39  71  22  54       31   31   28   68   79   79     
 37   86  37  37  37  52  34  55  55   84   84   34   52  52  114   34   19  106  63  36  39  48   17   17   14   69  126  126   37
105   87 105  77  77  75   5  84  84   55   55    5   75  75  131   33   77   33  15  34  58  24   70   70   68    6   64   64  105
 31   88  31  31  31  56  24  65  65   10   10   24   56  56   33   55  157  107  39  51  63  11  125  125  123   11   55   55   31
  7   89   7   7   7  62  66  23  23   76   76   66   62  62  124   62   74   28  69   9   9  52  134  134  132    9   50   50    7
 71   90  71                                                   28   94   97    6                  150  150  148       108  108     
115   91 115  79  79  32  39  50  50   46   46   39   32  32  150   26   17  154  55   5   1  47  139  139  137   25   94   94  115
110   92 110  78  78   3   2  87  87   72   72    2    3   3  157   58  159   48  19  38   2  69    7    7    4   19   46   46  110
130   93 130  82  82  44  62  27  27   58   58   62   44  44  116   28  142   92  57  19  51  45   94   94   92   52   12   12  130
106   94 106                                                  108    4  112   35                   42   42   40        19   19     
119   95 119                                                   69   35  103   40                  100  100   98        90   90     
159   96 159                                                   38   25   76  160                   19   19   16       138  138     
100   97 100  76  76  78  50  39  39   35   35   50   78  78  152   61   81  137  34  56  11  76  114  114  112   30   47   47  100
  3   98   3   3   3  41  40  49  49   73   73   40   41  41   40   17   68  149  31  18  74  33   50   50   48   57   42   42    3
147   99 147                                                  129   70   39  114                   44   44   42        25   25     
 15  100  15  15  15  88  70  19  19   65   65   70   88  88   76  134  121  123  61  83  28  16  159  159  157   75  101  101   15
160  101 160          79  68  21  21   78   78   68   79  79   39  156  122   34  40  30  62      138  138  136   46   56   56     
145  102 145          71  33  56  56   33   33   33   71  71  107  133   16  126  54   7   7       47   47   45   84   75   75     
142  103 142                                                   49   93   18  118                   24   24   21       121  121     
144  104 144                                                   11  149   84   19                  142  142  140        80   80     
 30  105  30  30  30   6  63  26  26   42   42   63    6   6   90  110   58   66  66   2  32  50  123  123  121   18   10   10   30
 87  106  87                                                   55   16   61   67                  158  158  156        32   32     
104  107 104                                                   46   32   71   37                   85   85   83        87   87     
 49  108  49  49  49  39  65  24  24   17   17   65   39  39   81  127   24   77  49  61  10   5    6    6    3   38   13   13   49
 53  109  53  53  53   7  37  52  52   29   29   37    7   7   14   99  106    7  45  62   6  14   23   23   20   23   76   76   53
 33  110  33  33  33  66   4  85  85    2    2    4   66  66  153  150   88  122  65  17  65  19   40   40   38   42   28   28   33
 96  111  96                                                    3  126   23   45                   20   20   17        63   63     
128  112 128                                                  146   87  153   97                  133  133  131        22   22     
 45  113  45  45  45  48  61  28  28   57   57   61   48  48   31  122  158    4  72  57  86  30  146  146  144    8  109  109   45
 73  114  73                                                   92   76  105   60                    8    8    5        17   17     
102  115 102                                                   22   92   90   25                  152  152  150       123  123     
154  116 154                                                  112  130    4   88                  143  143  141       106  106     
 92  117  92                                                   20   67   80  109                   54   54   52         2    2     
140  118 140          15  88   1   1    8    8   88   15  15    6  111  133  103  80  21  88      160  160  158   26   72   72     
 42  119  42  42  42  81  13  76  76   18   18   13   81  81   70   71   52  144  82  27  34  71   83   83   81   86   16   16   42
 21  120  21  21  21  13  16  73  73   22   22   16   13  13   26  148   91  142  44  74  78   9   18   18   15    1   31   31   21
 20  121  20  20  20  25  52  37  37   79   79   52   25  25  106   73   55   61  18  29  22  20  106  106  104   44   30   30   20
 29  122  29  29  29  46  85   4   4   43   43   85   46  46   66   72  140  113  73  60  27  27   46   46   44   71  128  128   29
 54  123  54  54  54  35   1  88  88    7    7    1   35  35   79  125  125    2  14  75  35   3  116  116  114   12   99   99   54
 85  124  85  73  73  18   9  80  80   26   26    9   18  18   99  128  145  124   4  81  29  62  117  117  115   28    5    5   85
 84  125  84                                                  151   47   27   16                   71   71   69       148  148     
 91  126  91                                                   89    7   15   79                   89   89   87        52   52     
124  127 124                                                  111   52   86   38                   66   66   64        24   24     
149  128 149                                                  143   89  118   69                   74   74   72        39   39     
109  129 109                                                   51   90   57  135                  101  101   99       100  100     
137  130 137                                                  149  143   37   62                   26   26   23        23   23     
 19  131  19  19  19  54  25  64  64   68   68   25   54  54   95   78   96   81  17  55  79  32  140  140  138   15   84   84   19
  1  132   1   1   1  51  26  63  63   24   24   26   51  51  128   31    2   94  11  82  76  54   65   65   63    3   51   51    1
108  133 108                                                  141   36   65  159                  103  103  101         6    6     
129  134 129                                                  104  132  130   13                  107  107  105       105  105     
 10  135  10  10  10  69  77  12  12   27   27   77   69  69   72  114   89  153  56  41  24  51  124  124  122   45  111  111   10
 78  136  78                                                  133  113  139   82                   27   27   24       157  157     
 55  137  55  55  55  55  10  79  79   25   25   10   55  55   16  147   93   52  74  26  33   2  127  127  125   74  107  107   55
 23  138  23  23  23  85  55  34  34    6    6   55   85  85   13   49   31   85   1  53  57  73  121  121  119   27  143  143   23
 89  139  89                                                  102   80  100  128                   48   48   46        67   67     
 44  140  44  44  44  43  44  45  45   71   71   44   43  43   75   50   98   70  24  65  52  74   78   78   76   34   34   34   44
134  141 134                                                   77  151  135    8                   10   10    7        21   21     
151  142 151                                                   19   85   56  115                   12   12    9       119  119     
127  143 127                                                   41   91   40  158                   97   97   95        20   20     
 69  144  69  69  69  36  73  16  16   86   86   73   36  36  113   79  156   91   6   6  55  77   52   52   50   70  127  127   69
  6  145   6   6   6  82  81   8   8   30   30   81   82  82  125    3   47  134  30   1  19  65  157  157  155   32   81   81    6
 40  146  40  40  40  65  47  42  42    9    9   47   65  65  115   40  120   26  75  40  60   7   86   86   84   51  117  117   40
111  147 111                                                   29   29   48  121                   39   39   37        93   93     
 41  148  41  41  41  72  56  33  33   75   75   56   72  72  148   38   36  139  50  77  70  37  122  122  120   67  113  113   41
 12  149  12  12  12  57  35  54  54   87   87   35   57  57   84   81  117   14  16  37  83  36   79   79   77   72   89   89   12
112  150 112                                                   35    8    1   96                   41   41   39       145  145     
107  151 107                                                   78   66  155  120                   21   21   18        77   77     
153  152 153                                                   85  107  151   89                   38   38   36        65   65     
 35  153  35  35  35  84  54  35  35   28   28   54   84  84  136   74   63   15  29  86  53  60  149  149  147   33  125  125   35
 36  154  36  36  36  73  41  48  48   53   53   41   73  73   93    1   78  136  26  87  84  64   64   64   62   43  152  152   36
 11  155  11  11  11  58  12  77  77   21   21   12   58  58   54  121  141   72   9  84  14  49  154  154  152   20   60   60   11
133  156 133                                                   87  152   62   30                    1    1   35         8    8     
 75  157  75  71  71  49  57  32  32   54   54   57   49  49   59  136  160  156  13  47  85  35  108  108  106   80  110  110   75
103  158 103                                                  160  123  147   29                   59   59   57        86   86     
 65  159  65  65  65  21  82   7   7   13   13   82   21  21  147  137   49    3  35  46  18  66   43   43   41   40  158  158   65
 28  160  28  28  28  80   7  82  82   49   49    7   80  80    1  153   11   71  79  71  21  81    9    9    6   64   66   66   28

========================================================================================
ROW ORDER = sha256_chk  (linear_rank ascending)
========================================================================================
  n sCHK nRk   d l2d  Px  Py Pmy  -y  y2p  x3p  Y2f  X3f   C  h3p  a2p  h2p  a3p   r   s   z  Ry h160  pay  lex sPub  sVH   c4 dbit
-----------------------------------------------------------------------------------------------------------------------------------
 24    1  24  24  24  47  76  13  13   48   48   76   47  47   65   97   54  127  52  20  36  72    3    3  160   83   51    1   24
 92    2  92                                                   20   67   80  109                   54   54   52       117    2     
 88    3  88                                                  159  144   70    5                   30   30   27        65    3     
132    4 132                                                    5   83   83   51                  119  119  117        59    4     
 85    5  85  73  73  18   9  80  80   26   26    9   18  18   99  128  145  124   4  81  29  62  117  117  115   28  124    5   85
108    6 108                                                  141   36   65  159                  103  103  101       133    6     
150    7 150          11  87   2   2   16   16   87   11  11   96  135   69   68  87  32  66      131  131  129   60   58    7     
133    8 133                                                   87  152   62   30                    1    1   35       156    8     
158    9 158                                                  138   30   42    9                   53   53   51        68    9     
 30   10  30  30  30   6  63  26  26   42   42   63    6   6   90  110   58   66  66   2  32  50  123  123  121   18  105   10   30
101   11 101                                                   23   27   67   93                   69   69   67        31   11     
130   12 130  82  82  44  62  27  27   58   58   62   44  44  116   28  142   92  57  19  51  45   94   94   92   52   93   12  130
 49   13  49  49  49  39  65  24  24   17   17   65   39  39   81  127   24   77  49  61  10   5    6    6    3   38  108   13   49
 32   14  32  32  32   4  27  62  62   20   20   27    4   4   48    6   73  129  81  59  45  57   91   91   89   10   35   14   32
 72   15  72                                                   34   44  113  133                  109  109  107        34   15     
 42   16  42  42  42  81  13  76  76   18   18   13   81  81   70   71   52  144  82  27  34  71   83   83   81   86  119   16   42
 73   17  73                                                   92   76  105   60                    8    8    5       114   17     
 57   18  57  57  57  67  42  47  47   44   44   42   67  67  126  100  127   83  83  63  44  56   25   25   22   17   41   18   57
106   19 106                                                  108    4  112   35                   42   42   40        94   19     
127   20 127                                                   41   91   40  158                   97   97   95       143   20     
134   21 134                                                   77  151  135    8                   10   10    7       141   21     
128   22 128                                                  146   87  153   97                  133  133  131       112   22     
137   23 137                                                  149  143   37   62                   26   26   23       130   23     
124   24 124                                                  111   52   86   38                   66   66   64       127   24     
147   25 147                                                  129   70   39  114                   44   44   42        99   25     
 99   26  99                                                  118   13    3  125                  111  111  109        17   26     
 16   27  16  16  16  64  49  40  40    1    1   49   64  64  119  145  123  143  60  52  48  63   62   62   60   77    6   27   16
 33   28  33  33  33  66   4  85  85    2    2    4   66  66  153  150   88  122  65  17  65  19   40   40   38   42  110   28   33
 86   29  86                                                  130   96    7  138                  112  112  110         7   29     
 20   30  20  20  20  25  52  37  37   79   79   52   25  25  106   73   55   61  18  29  22  20  106  106  104   44  121   30   20
 21   31  21  21  21  13  16  73  73   22   22   16   13  13   26  148   91  142  44  74  78   9   18   18   15    1  120   31   21
 87   32  87                                                   55   16   61   67                  158  158  156       106   32     
141   33 141                                                   25   18  126  104                   68   68   66        61   33     
 44   34  44  44  44  43  44  45  45   71   71   44   43  43   75   50   98   70  24  65  52  74   78   78   76   34  140   34   44
 68   35  68  68  68  16  11  78  78   77   77   11   16  16  101  105  138   99  32  13  16   4  132  132  130    2   36   35   68
131   36 131                                                  158   11   22   86                   33   33   30         5   36     
 77   37  77                                                   80    2  154  148                   67   67   65        24   37     
126   38 126                                                  121   43  149   84                   57   57   55        70   38     
149   39 149                                                  143   89  118   69                   74   74   72       128   39     
139   40 139                                                  123   14  108   53                   96   96   94        72   40     
 26   41  26  26  26  37   6  83  83   47   47    6   37  37   57   42  104   87  23  49  75  82  110  110  108   88   49   41   26
  3   42   3   3   3  41  40  49  49   73   73   40   41  41   40   17   68  149  31  18  74  33   50   50   48   57   98   42    3
 64   43  64  64  64   8  28  61  61   45   45   28    8   8   64  101  131   76  28  69  82  31   32   32   29    5    8   43   64
 14   44  14  14  14  74  45  44  44   19   19   45   74  74   62   10  101   58  70  58  41  58   88   88   86   41   19   44   14
 70   45  70  70  70  60  78  11  11   31   31   78   60  60  155  116   94  108  22  45  87  59   49   49   47   82   76   45   70
110   46 110  78  78   3   2  87  87   72   72    2    3   3  157   58  159   48  19  38   2  69    7    7    4   19   92   46  110
100   47 100  76  76  78  50  39  39   35   35   50   78  78  152   61   81  137  34  56  11  76  114  114  112   30   97   47  100
  4   48   4   4   4  20  31  58  58   62   62   31   20  20   82   20   30   64  62  70  69  13   87   87   85   66   33   48    4
 13   49  13  13  13  70  17  72  72   83   83   17   70  70   94  140   29   11  86  33  30  12  156  156  154   78   66   49   13
  7   50   7   7   7  62  66  23  23   76   76   66   62  62  124   62   74   28  69   9   9  52  134  134  132    9   89   50    7
  1   51   1   1   1  51  26  63  63   24   24   26   51  51  128   31    2   94  11  82  76  54   65   65   63    3  132   51    1
 91   52  91                                                   89    7   15   79                   89   89   87       126   52     
 51   53  51  51  51  59  48  41  41   14   14   48   59  59   98  104  124   22  85  39  49  43  145  145  143   21    2   53   51
143   54 143                                                    8   39   92   49                   11   11    8         3   54     
 31   55  31  31  31  56  24  65  65   10   10   24   56  56   33   55  157  107  39  51  63  11  125  125  123   11   88   55   31
160   56 160          79  68  21  21   78   78   68   79  79   39  156  122   34  40  30  62      138  138  136   46  101   56     
  8   57   8   8   8   2  74  15  15   11   11   74    2   2  139  112   50   24  36   4  64  26  129  129  127   29   69   57    8
 39   58  39  39  39  19  19  70  70   32   32   19   19  19   12   75    5   20  46   3  26  53    4    4    1   63   13   58   39
114   59 114                                                    2   57   95   78                   34   34   31        50   59     
 11   60  11  11  11  58  12  77  77   21   21   12   58  58   54  121  141   72   9  84  14  49  154  154  152   20  155   60   11
116   61 116                                                   50  138   33   27                  137  137  135        81   61     
 56   62  56  56  56  28  80   9   9    5    5   80   28  28   63  139  102   56  41  68  38  29   36   36   33    4   27   62   56
 96   63  96                                                    3  126   23   45                   20   20   17       111   63     
105   64 105  77  77  75   5  84  84   55   55    5   75  75  131   33   77   33  15  34  58  24   70   70   68    6   87   64  105
153   65 153                                                   85  107  151   89                   38   38   36       152   65     
 28   66  28  28  28  80   7  82  82   49   49    7   80  80    1  153   11   71  79  71  21  81    9    9    6   64  160   66   28
 89   67  89                                                  102   80  100  128                   48   48   46       139   67     
 59   68  59  59  59  30   8  81  81   37   37    8   30  30   36   98   99   50  53  11  17  61  102  102  100   22   84   68   59
 83   69  83                                                  100   60  111   32                   16   16   13        63   69     
 80   70  80  72  72  53  36  53  53   15   15   36   53  53   42  117  119  140  51  28  25  23   61   61   59   50   74   70   80
 67   71  67  67  67  10  84   5   5   38   38   84   10  10    4   65  132   41  42  76   4  41   63   63   61   62   79   71   67
140   72 140          15  88   1   1    8    8   88   15  15    6  111  133  103  80  21  88      160  160  158   26  118   72     
152   73 152                                                  145   77  136  145                  126  126  124        53   73     
 61   74  61  61  61  34  75  14  14   67   67   75   34  34   60   24  148   74  38  12  81  38   56   56   54   31   60   74   61
145   75 145          71  33  56  56   33   33   33   71  71  107  133   16  126  54   7   7       47   47   45   84  102   75     
 53   76  53  53  53   7  37  52  52   29   29   37    7   7   14   99  106    7  45  62   6  14   23   23   20   23  109   76   53
107   77 107                                                   78   66  155  120                   21   21   18       151   77     
 95   78  95  75  75  63  58  31  31   12   12   58   63  63   86   22  114  105  78  44  40  21   51   51   49   24   80   78   95
135   79 135          12  38  51  51   59   59   38   12  12   68   21   64   39  71  22  54       31   31   28   68   85   79     
144   80 144                                                   11  149   84   19                  142  142  140       104   80     
  6   81   6   6   6  82  81   8   8   30   30   81   82  82  125    3   47  134  30   1  19  65  157  157  155   32  145   81    6
125   82 125  81  81  22  14  75  75   70   70   14   22  22   56  103    9   23  10  72  37  79  151  151  149   85   38   82  125
 25   83  25  25  25   1  64  25  25   61   61   64    1   1  103   53  109   44  12  78  56  40   22   22   19   13   54   83   25
 19   84  19  19  19  54  25  64  64   68   68   25   54  54   95   78   96   81  17  55  79  32  140  140  138   15  131   84   19
138   85 138                                                  137  158   66   73                   58   58   56        22   85     
103   86 103                                                  160  123  147   29                   59   59   57       158   86     
104   87 104                                                   46   32   71   37                   85   85   83       107   87     
 46   88  46  46  46  87  59  30  30   34   34   59   87  87  105   86  128  146  64  79  43  17   90   90   88   39   71   88   46
 12   89  12  12  12  57  35  54  54   87   87   35   57  57   84   81  117   14  16  37  83  36   79   79   77   72  149   89   12
119   90 119                                                   69   35  103   40                  100  100   98        95   90     
  9   91   9   9   9  31  51  38  38    3    3   51   31  31  156   46   32   17   3  50   3  18   72   72   70   65   42   91    9
146   92 146                                                  127  141   87   57                  128  128  126        18   92     
111   93 111                                                   29   29   48  121                   39   39   37       147   93     
115   94 115  79  79  32  39  50  50   46   46   39   32  32  150   26   17  154  55   5   1  47  139  139  137   25   91   94  115
 74   95  74                                                   45   37  143  117                   93   93   91        83   95     
117   96 117                                                   17  157   44  157                  115  115  113        29   96     
 94   97  94                                                    7  159  137   36                  113  113  111        52   97     
 63   98  63  63  63  45  30  59  59   80   80   30   45  45  120  109   13   18  76   8  12  10  144  144  142   73   23   98   63
 54   99  54  54  54  35   1  88  88    7    7    1   35  35   79  125  125    2  14  75  35   3  116  116  114   12  123   99   54
109  100 109                                                   51   90   57  135                  101  101   99       129  100     
 15  101  15  15  15  88  70  19  19   65   65   70   88  88   76  134  121  123  61  83  28  16  159  159  157   75  100  101   15
 50  102  50  50  50  83  83   6   6   52   52   83   83  83  110   82   75  147  25  43  13  75  130  130  128   55   82  102   50
 76  103  76                                                  122   48    6  152                   81   81   79        77  103     
 93  104  93                                                   47   19   28  151                   35   35   32        26  104     
129  105 129                                                  104  132  130   13                  107  107  105       134  105     
154  106 154                                                  112  130    4   88                  143  143  141       116  106     
 55  107  55  55  55  55  10  79  79   25   25   10   55  55   16  147   93   52  74  26  33   2  127  127  125   74  137  107   55
 71  108  71                                                   28   94   97    6                  150  150  148        90  108     
 45  109  45  45  45  48  61  28  28   57   57   61   48  48   31  122  158    4  72  57  86  30  146  146  144    8  113  109   45
 75  110  75  71  71  49  57  32  32   54   54   57   49  49   59  136  160  156  13  47  85  35  108  108  106   80  157  110   75
 10  111  10  10  10  69  77  12  12   27   27   77   69  69   72  114   89  153  56  41  24  51  124  124  122   45  135  111   10
  2  112   2   2   2  86  21  68  68   82   82   21   86  86   53   23  152  132  37  64  59  80   73   73   71   81   46  112    2
 41  113  41  41  41  72  56  33  33   75   75   56   72  72  148   38   36  139  50  77  70  37  122  122  120   67  148  113   41
 43  114  43  43  43  68  69  20  20   56   56   69   68  68   58   45   35   75  27  25   5  46  155  155  153   14   55  114   43
 48  115  48  48  48  61  32  57  57   85   85   32   61  61   73    9   46   46  59  14  80  68   80   80   78   35    4  115   48
 60  116  60  60  60  33  72  17  17   36   36   72   33  33  134  146   45    1  77  67  61   1  118  118  116   58   40  116   60
 40  117  40  40  40  65  47  42  42    9    9   47   65  65  115   40  120   26  75  40  60   7   86   86   84   51  146  117   40
 58  118  58  58  58   9  29  60  60   41   41   29    9   9  132  120  110  130  21  31  77  42   82   82   80   76   11  118   58
151  119 151                                                   19   85   56  115                   12   12    9       142  119     
  5  120   5   5   5  23  18  71  71   51   51   18   23  23   97   15   51   98  47  35  20  28   84   84   82   79   78  120    5
142  121 142                                                   49   93   18  118                   24   24   21       103  121     
 27  122  27  27  27  14   3  86  86    4    4    3   14  14   32   51  107   10  68  48   8  70    5    5    2   47   47  122   27
102  123 102                                                   22   92   90   25                  152  152  150       115  123     
 52  124  52  52  52  50  79  10  10   40   40   79   50  50   91  102   21   55  43  54  73   6   29   29   26   49   10  124   52
 35  125  35  35  35  84  54  35  35   28   28   54   84  84  136   74   63   15  29  86  53  60  149  149  147   33  153  125   35
 37  126  37  37  37  52  34  55  55   84   84   34   52  52  114   34   19  106  63  36  39  48   17   17   14   69   86  126   37
 69  127  69  69  69  36  73  16  16   86   86   73   36  36  113   79  156   91   6   6  55  77   52   52   50   70  144  127   69
 29  128  29  29  29  46  85   4   4   43   43   85   46  46   66   72  140  113  73  60  27  27   46   46   44   71  122  128   29
 81  129  81                                                   37   56  144   80                   28   28   25        39  129     
 18  130  18  18  18   5  53  36  36   63   63   53    5   5   15   12   59  119   5  85  68  67   99   99   97    7   43  130   18
 82  131  82                                                  109   95   79   43                   13   13   10        12  131     
 90  132  90  74  74  40  60  29  29   81   81   60   40  40   21  118   25   59   2  80  67  39  120  120  118   37   20  132   90
122  133 122                                                   10   63   14   47                  135  135  133        73  133     
113  134 113                                                  144   41   26   42                  141  141  139        37  134     
155  135 155          42  86   3   3   88   88   86   42  42   52  108    8  112  84  16  47       60   60   58   48   62  135     
 79  136  79                                                  117  106   10  111                   55   55   53        57  136     
 38  137  38  38  38  76  20  69  69   60   60   20   76  76  154  154   53  101  88  66  50  55  104  104  102   53   56  137   38
159  138 159                                                   38   25   76  160                   19   19   16        96  138     
148  139 148                                                   18  155  150   31                   95   95   93        28  139     
156  140 156                                                   74    5   34   65                   92   92   90        30  140     
 98  141  98                                                   67  131   60   63                   75   75   73         9  141     
121  142 121                                                  140  129   85   95                   98   98   96         1  142     
 23  143  23  23  23  85  55  34  34    6    6   55   85  85   13   49   31   85   1  53  57  73  121  121  119   27  138  143   23
118  144 118                                                   83   88  134  155                  147  147  145        48  144     
112  145 112                                                   35    8    1   96                   41   41   39       150  145     
123  146 123                                                   27   69  129  131                   76   76   74        75  146     
136  147 136                                                   61  124   43  150                    2    2  159        32  147     
 84  148  84                                                  151   47   27   16                   71   71   69       125  148     
 47  149  47  47  47  24  67  22  22   64   64   67   24  24   43  115   20  100  67  42  15  15  153  153  151   61   16  149   47
157  150 157                                                   88   59   72  110                   15   15   12        45  150     
 97  151  97                                                   44  119  146   12                   45   45   43        44  151     
 36  152  36  36  36  73  41  48  48   53   53   41   73  73   93    1   78  136  26  87  84  64   64   64   62   43  154  152   36
 22  153  22  22  22  27  43  46  46   74   74   43   27  27   71   64   41   21   7  10  72  44   77   77   75   54   14  153   22
 66  154  66  66  66  38  46  43  43   39   39   46   38  38    9   54  116   54  20  23  31  22   14   14   11   36   67  154   66
 34  155  34  34  34  26  71  18  18   23   23   71   26  26   30   84   38  141   8  24  23  25  148  148  146   16   25  155   34
 17  156  17  17  17  29  22  67  67   69   69   22   29  29   24  142   82  116  33  88  42   8  105  105  103   87   15  156   17
 78  157  78                                                  133  113  139   82                   27   27   24       136  157     
 65  158  65  65  65  21  82   7   7   13   13   82   21  21  147  137   49    3  35  46  18  66   43   43   41   40  159  158   65
 62  159  62  62  62  17  23  66  66   50   50   23   17  17  135   68  115   90  48  73  71  78  136  136  134   56   21  159   62
120  160 120  80  80  77  15  74  74   66   66   15   77  77  142  160   12  102  58  15  46  34   37   37   34   59   64  160  120

========================================================================================
ROW ORDER = checksum4  (linear_rank ascending)
========================================================================================
  n   c4 nRk   d l2d  Px  Py Pmy  -y  y2p  x3p  Y2f  X3f   C  h3p  a2p  h2p  a3p   r   s   z  Ry h160  pay  lex sPub  sVH sCHK dbit
-----------------------------------------------------------------------------------------------------------------------------------
 24    1  24  24  24  47  76  13  13   48   48   76   47  47   65   97   54  127  52  20  36  72    3    3  160   83   51    1   24
 92    2  92                                                   20   67   80  109                   54   54   52       117    2     
 88    3  88                                                  159  144   70    5                   30   30   27        65    3     
132    4 132                                                    5   83   83   51                  119  119  117        59    4     
 85    5  85  73  73  18   9  80  80   26   26    9   18  18   99  128  145  124   4  81  29  62  117  117  115   28  124    5   85
108    6 108                                                  141   36   65  159                  103  103  101       133    6     
150    7 150          11  87   2   2   16   16   87   11  11   96  135   69   68  87  32  66      131  131  129   60   58    7     
133    8 133                                                   87  152   62   30                    1    1   35       156    8     
158    9 158                                                  138   30   42    9                   53   53   51        68    9     
 30   10  30  30  30   6  63  26  26   42   42   63    6   6   90  110   58   66  66   2  32  50  123  123  121   18  105   10   30
101   11 101                                                   23   27   67   93                   69   69   67        31   11     
130   12 130  82  82  44  62  27  27   58   58   62   44  44  116   28  142   92  57  19  51  45   94   94   92   52   93   12  130
 49   13  49  49  49  39  65  24  24   17   17   65   39  39   81  127   24   77  49  61  10   5    6    6    3   38  108   13   49
 32   14  32  32  32   4  27  62  62   20   20   27    4   4   48    6   73  129  81  59  45  57   91   91   89   10   35   14   32
 72   15  72                                                   34   44  113  133                  109  109  107        34   15     
 42   16  42  42  42  81  13  76  76   18   18   13   81  81   70   71   52  144  82  27  34  71   83   83   81   86  119   16   42
 73   17  73                                                   92   76  105   60                    8    8    5       114   17     
 57   18  57  57  57  67  42  47  47   44   44   42   67  67  126  100  127   83  83  63  44  56   25   25   22   17   41   18   57
106   19 106                                                  108    4  112   35                   42   42   40        94   19     
127   20 127                                                   41   91   40  158                   97   97   95       143   20     
134   21 134                                                   77  151  135    8                   10   10    7       141   21     
128   22 128                                                  146   87  153   97                  133  133  131       112   22     
137   23 137                                                  149  143   37   62                   26   26   23       130   23     
124   24 124                                                  111   52   86   38                   66   66   64       127   24     
147   25 147                                                  129   70   39  114                   44   44   42        99   25     
 99   26  99                                                  118   13    3  125                  111  111  109        17   26     
 16   27  16  16  16  64  49  40  40    1    1   49   64  64  119  145  123  143  60  52  48  63   62   62   60   77    6   27   16
 33   28  33  33  33  66   4  85  85    2    2    4   66  66  153  150   88  122  65  17  65  19   40   40   38   42  110   28   33
 86   29  86                                                  130   96    7  138                  112  112  110         7   29     
 20   30  20  20  20  25  52  37  37   79   79   52   25  25  106   73   55   61  18  29  22  20  106  106  104   44  121   30   20
 21   31  21  21  21  13  16  73  73   22   22   16   13  13   26  148   91  142  44  74  78   9   18   18   15    1  120   31   21
 87   32  87                                                   55   16   61   67                  158  158  156       106   32     
141   33 141                                                   25   18  126  104                   68   68   66        61   33     
 44   34  44  44  44  43  44  45  45   71   71   44   43  43   75   50   98   70  24  65  52  74   78   78   76   34  140   34   44
 68   35  68  68  68  16  11  78  78   77   77   11   16  16  101  105  138   99  32  13  16   4  132  132  130    2   36   35   68
131   36 131                                                  158   11   22   86                   33   33   30         5   36     
 77   37  77                                                   80    2  154  148                   67   67   65        24   37     
126   38 126                                                  121   43  149   84                   57   57   55        70   38     
149   39 149                                                  143   89  118   69                   74   74   72       128   39     
139   40 139                                                  123   14  108   53                   96   96   94        72   40     
 26   41  26  26  26  37   6  83  83   47   47    6   37  37   57   42  104   87  23  49  75  82  110  110  108   88   49   41   26
  3   42   3   3   3  41  40  49  49   73   73   40   41  41   40   17   68  149  31  18  74  33   50   50   48   57   98   42    3
 64   43  64  64  64   8  28  61  61   45   45   28    8   8   64  101  131   76  28  69  82  31   32   32   29    5    8   43   64
 14   44  14  14  14  74  45  44  44   19   19   45   74  74   62   10  101   58  70  58  41  58   88   88   86   41   19   44   14
 70   45  70  70  70  60  78  11  11   31   31   78   60  60  155  116   94  108  22  45  87  59   49   49   47   82   76   45   70
110   46 110  78  78   3   2  87  87   72   72    2    3   3  157   58  159   48  19  38   2  69    7    7    4   19   92   46  110
100   47 100  76  76  78  50  39  39   35   35   50   78  78  152   61   81  137  34  56  11  76  114  114  112   30   97   47  100
  4   48   4   4   4  20  31  58  58   62   62   31   20  20   82   20   30   64  62  70  69  13   87   87   85   66   33   48    4
 13   49  13  13  13  70  17  72  72   83   83   17   70  70   94  140   29   11  86  33  30  12  156  156  154   78   66   49   13
  7   50   7   7   7  62  66  23  23   76   76   66   62  62  124   62   74   28  69   9   9  52  134  134  132    9   89   50    7
  1   51   1   1   1  51  26  63  63   24   24   26   51  51  128   31    2   94  11  82  76  54   65   65   63    3  132   51    1
 91   52  91                                                   89    7   15   79                   89   89   87       126   52     
 51   53  51  51  51  59  48  41  41   14   14   48   59  59   98  104  124   22  85  39  49  43  145  145  143   21    2   53   51
143   54 143                                                    8   39   92   49                   11   11    8         3   54     
 31   55  31  31  31  56  24  65  65   10   10   24   56  56   33   55  157  107  39  51  63  11  125  125  123   11   88   55   31
160   56 160          79  68  21  21   78   78   68   79  79   39  156  122   34  40  30  62      138  138  136   46  101   56     
  8   57   8   8   8   2  74  15  15   11   11   74    2   2  139  112   50   24  36   4  64  26  129  129  127   29   69   57    8
 39   58  39  39  39  19  19  70  70   32   32   19   19  19   12   75    5   20  46   3  26  53    4    4    1   63   13   58   39
114   59 114                                                    2   57   95   78                   34   34   31        50   59     
 11   60  11  11  11  58  12  77  77   21   21   12   58  58   54  121  141   72   9  84  14  49  154  154  152   20  155   60   11
116   61 116                                                   50  138   33   27                  137  137  135        81   61     
 56   62  56  56  56  28  80   9   9    5    5   80   28  28   63  139  102   56  41  68  38  29   36   36   33    4   27   62   56
 96   63  96                                                    3  126   23   45                   20   20   17       111   63     
105   64 105  77  77  75   5  84  84   55   55    5   75  75  131   33   77   33  15  34  58  24   70   70   68    6   87   64  105
153   65 153                                                   85  107  151   89                   38   38   36       152   65     
 28   66  28  28  28  80   7  82  82   49   49    7   80  80    1  153   11   71  79  71  21  81    9    9    6   64  160   66   28
 89   67  89                                                  102   80  100  128                   48   48   46       139   67     
 59   68  59  59  59  30   8  81  81   37   37    8   30  30   36   98   99   50  53  11  17  61  102  102  100   22   84   68   59
 83   69  83                                                  100   60  111   32                   16   16   13        63   69     
 80   70  80  72  72  53  36  53  53   15   15   36   53  53   42  117  119  140  51  28  25  23   61   61   59   50   74   70   80
 67   71  67  67  67  10  84   5   5   38   38   84   10  10    4   65  132   41  42  76   4  41   63   63   61   62   79   71   67
140   72 140          15  88   1   1    8    8   88   15  15    6  111  133  103  80  21  88      160  160  158   26  118   72     
152   73 152                                                  145   77  136  145                  126  126  124        53   73     
 61   74  61  61  61  34  75  14  14   67   67   75   34  34   60   24  148   74  38  12  81  38   56   56   54   31   60   74   61
145   75 145          71  33  56  56   33   33   33   71  71  107  133   16  126  54   7   7       47   47   45   84  102   75     
 53   76  53  53  53   7  37  52  52   29   29   37    7   7   14   99  106    7  45  62   6  14   23   23   20   23  109   76   53
107   77 107                                                   78   66  155  120                   21   21   18       151   77     
 95   78  95  75  75  63  58  31  31   12   12   58   63  63   86   22  114  105  78  44  40  21   51   51   49   24   80   78   95
135   79 135          12  38  51  51   59   59   38   12  12   68   21   64   39  71  22  54       31   31   28   68   85   79     
144   80 144                                                   11  149   84   19                  142  142  140       104   80     
  6   81   6   6   6  82  81   8   8   30   30   81   82  82  125    3   47  134  30   1  19  65  157  157  155   32  145   81    6
125   82 125  81  81  22  14  75  75   70   70   14   22  22   56  103    9   23  10  72  37  79  151  151  149   85   38   82  125
 25   83  25  25  25   1  64  25  25   61   61   64    1   1  103   53  109   44  12  78  56  40   22   22   19   13   54   83   25
 19   84  19  19  19  54  25  64  64   68   68   25   54  54   95   78   96   81  17  55  79  32  140  140  138   15  131   84   19
138   85 138                                                  137  158   66   73                   58   58   56        22   85     
103   86 103                                                  160  123  147   29                   59   59   57       158   86     
104   87 104                                                   46   32   71   37                   85   85   83       107   87     
 46   88  46  46  46  87  59  30  30   34   34   59   87  87  105   86  128  146  64  79  43  17   90   90   88   39   71   88   46
 12   89  12  12  12  57  35  54  54   87   87   35   57  57   84   81  117   14  16  37  83  36   79   79   77   72  149   89   12
119   90 119                                                   69   35  103   40                  100  100   98        95   90     
  9   91   9   9   9  31  51  38  38    3    3   51   31  31  156   46   32   17   3  50   3  18   72   72   70   65   42   91    9
146   92 146                                                  127  141   87   57                  128  128  126        18   92     
111   93 111                                                   29   29   48  121                   39   39   37       147   93     
115   94 115  79  79  32  39  50  50   46   46   39   32  32  150   26   17  154  55   5   1  47  139  139  137   25   91   94  115
 74   95  74                                                   45   37  143  117                   93   93   91        83   95     
117   96 117                                                   17  157   44  157                  115  115  113        29   96     
 94   97  94                                                    7  159  137   36                  113  113  111        52   97     
 63   98  63  63  63  45  30  59  59   80   80   30   45  45  120  109   13   18  76   8  12  10  144  144  142   73   23   98   63
 54   99  54  54  54  35   1  88  88    7    7    1   35  35   79  125  125    2  14  75  35   3  116  116  114   12  123   99   54
109  100 109                                                   51   90   57  135                  101  101   99       129  100     
 15  101  15  15  15  88  70  19  19   65   65   70   88  88   76  134  121  123  61  83  28  16  159  159  157   75  100  101   15
 50  102  50  50  50  83  83   6   6   52   52   83   83  83  110   82   75  147  25  43  13  75  130  130  128   55   82  102   50
 76  103  76                                                  122   48    6  152                   81   81   79        77  103     
 93  104  93                                                   47   19   28  151                   35   35   32        26  104     
129  105 129                                                  104  132  130   13                  107  107  105       134  105     
154  106 154                                                  112  130    4   88                  143  143  141       116  106     
 55  107  55  55  55  55  10  79  79   25   25   10   55  55   16  147   93   52  74  26  33   2  127  127  125   74  137  107   55
 71  108  71                                                   28   94   97    6                  150  150  148        90  108     
 45  109  45  45  45  48  61  28  28   57   57   61   48  48   31  122  158    4  72  57  86  30  146  146  144    8  113  109   45
 75  110  75  71  71  49  57  32  32   54   54   57   49  49   59  136  160  156  13  47  85  35  108  108  106   80  157  110   75
 10  111  10  10  10  69  77  12  12   27   27   77   69  69   72  114   89  153  56  41  24  51  124  124  122   45  135  111   10
  2  112   2   2   2  86  21  68  68   82   82   21   86  86   53   23  152  132  37  64  59  80   73   73   71   81   46  112    2
 41  113  41  41  41  72  56  33  33   75   75   56   72  72  148   38   36  139  50  77  70  37  122  122  120   67  148  113   41
 43  114  43  43  43  68  69  20  20   56   56   69   68  68   58   45   35   75  27  25   5  46  155  155  153   14   55  114   43
 48  115  48  48  48  61  32  57  57   85   85   32   61  61   73    9   46   46  59  14  80  68   80   80   78   35    4  115   48
 60  116  60  60  60  33  72  17  17   36   36   72   33  33  134  146   45    1  77  67  61   1  118  118  116   58   40  116   60
 40  117  40  40  40  65  47  42  42    9    9   47   65  65  115   40  120   26  75  40  60   7   86   86   84   51  146  117   40
 58  118  58  58  58   9  29  60  60   41   41   29    9   9  132  120  110  130  21  31  77  42   82   82   80   76   11  118   58
151  119 151                                                   19   85   56  115                   12   12    9       142  119     
  5  120   5   5   5  23  18  71  71   51   51   18   23  23   97   15   51   98  47  35  20  28   84   84   82   79   78  120    5
142  121 142                                                   49   93   18  118                   24   24   21       103  121     
 27  122  27  27  27  14   3  86  86    4    4    3   14  14   32   51  107   10  68  48   8  70    5    5    2   47   47  122   27
102  123 102                                                   22   92   90   25                  152  152  150       115  123     
 52  124  52  52  52  50  79  10  10   40   40   79   50  50   91  102   21   55  43  54  73   6   29   29   26   49   10  124   52
 35  125  35  35  35  84  54  35  35   28   28   54   84  84  136   74   63   15  29  86  53  60  149  149  147   33  153  125   35
 37  126  37  37  37  52  34  55  55   84   84   34   52  52  114   34   19  106  63  36  39  48   17   17   14   69   86  126   37
 69  127  69  69  69  36  73  16  16   86   86   73   36  36  113   79  156   91   6   6  55  77   52   52   50   70  144  127   69
 29  128  29  29  29  46  85   4   4   43   43   85   46  46   66   72  140  113  73  60  27  27   46   46   44   71  122  128   29
 81  129  81                                                   37   56  144   80                   28   28   25        39  129     
 18  130  18  18  18   5  53  36  36   63   63   53    5   5   15   12   59  119   5  85  68  67   99   99   97    7   43  130   18
 82  131  82                                                  109   95   79   43                   13   13   10        12  131     
 90  132  90  74  74  40  60  29  29   81   81   60   40  40   21  118   25   59   2  80  67  39  120  120  118   37   20  132   90
122  133 122                                                   10   63   14   47                  135  135  133        73  133     
113  134 113                                                  144   41   26   42                  141  141  139        37  134     
155  135 155          42  86   3   3   88   88   86   42  42   52  108    8  112  84  16  47       60   60   58   48   62  135     
 79  136  79                                                  117  106   10  111                   55   55   53        57  136     
 38  137  38  38  38  76  20  69  69   60   60   20   76  76  154  154   53  101  88  66  50  55  104  104  102   53   56  137   38
159  138 159                                                   38   25   76  160                   19   19   16        96  138     
148  139 148                                                   18  155  150   31                   95   95   93        28  139     
156  140 156                                                   74    5   34   65                   92   92   90        30  140     
 98  141  98                                                   67  131   60   63                   75   75   73         9  141     
121  142 121                                                  140  129   85   95                   98   98   96         1  142     
 23  143  23  23  23  85  55  34  34    6    6   55   85  85   13   49   31   85   1  53  57  73  121  121  119   27  138  143   23
118  144 118                                                   83   88  134  155                  147  147  145        48  144     
112  145 112                                                   35    8    1   96                   41   41   39       150  145     
123  146 123                                                   27   69  129  131                   76   76   74        75  146     
136  147 136                                                   61  124   43  150                    2    2  159        32  147     
 84  148  84                                                  151   47   27   16                   71   71   69       125  148     
 47  149  47  47  47  24  67  22  22   64   64   67   24  24   43  115   20  100  67  42  15  15  153  153  151   61   16  149   47
157  150 157                                                   88   59   72  110                   15   15   12        45  150     
 97  151  97                                                   44  119  146   12                   45   45   43        44  151     
 36  152  36  36  36  73  41  48  48   53   53   41   73  73   93    1   78  136  26  87  84  64   64   64   62   43  154  152   36
 22  153  22  22  22  27  43  46  46   74   74   43   27  27   71   64   41   21   7  10  72  44   77   77   75   54   14  153   22
 66  154  66  66  66  38  46  43  43   39   39   46   38  38    9   54  116   54  20  23  31  22   14   14   11   36   67  154   66
 34  155  34  34  34  26  71  18  18   23   23   71   26  26   30   84   38  141   8  24  23  25  148  148  146   16   25  155   34
 17  156  17  17  17  29  22  67  67   69   69   22   29  29   24  142   82  116  33  88  42   8  105  105  103   87   15  156   17
 78  157  78                                                  133  113  139   82                   27   27   24       136  157     
 65  158  65  65  65  21  82   7   7   13   13   82   21  21  147  137   49    3  35  46  18  66   43   43   41   40  159  158   65
 62  159  62  62  62  17  23  66  66   50   50   23   17  17  135   68  115   90  48  73  71  78  136  136  134   56   21  159   62
120  160 120  80  80  77  15  74  74   66   66   15   77  77  142  160   12  102  58  15  46  34   37   37   34   59   64  160  120

